child_id,parent_id,document_type,candidate_rank,operative_embedding_similarity,trigram_tfidf_similarity,text_reuse_words
1,13,memorandum,1,0.49788933992385864,0.05326468491654764,6.666666666666667
10,10014,memorandum,1,0.6215652227401733,0.04861401575745925,0.0
10000,10033,memorandum,1,0.9019983410835266,0.9999999999999994,53.0
10002,10050,memorandum,1,0.646058201789856,0.27785628299504833,63.0
10003,10220,memorandum,1,0.7808648347854614,0.3743152157502543,16.0
10004,10299,memorandum,1,0.8387823104858398,0.4632561838730019,16.0
10006,11191,memorandum,1,0.6134452521800995,0.051070766810762246,0.0
10008,10058,memorandum,1,0.8682054281234741,0.8215792954941683,169.0
10009,10081,memorandum,1,0.5210508108139038,0.0,0.0
10012,10484,memorandum,1,0.8473279476165771,0.8729909953008489,145.0
10014,10067,memorandum,1,0.5933150053024292,0.04354412122955638,0.0
10015,10052,memorandum,1,0.7414814829826355,0.6411377320251522,116.0
10017,10582,memorandum,1,0.6319006979465485,0.06952988635365019,0.0
10019,10088,memorandum,1,0.8390864133834839,0.6666666666666666,22.0
1002,1010,executive_order,1,0.8524861931800842,0.8881314166321513,65.33333333333333
10020,10085,memorandum,1,0.8892434239387512,0.714801150604195,68.66666666666667
10021,10754,memorandum,1,0.8037180304527283,0.30942356632284507,27.0
10022,10227,memorandum,1,0.5631293058395386,0.03419926595833553,0.0
10023,10091,memorandum,1,0.8566731214523315,0.7307326616534698,22.0
10025,10257,memorandum,1,0.7545729875564575,0.564077980105682,16.0
10026,10412,memorandum,1,0.8085557222366333,0.5786910830237015,14.0
10027,10051,memorandum,1,0.6453155279159546,0.34938344067034194,81.0
10029,10308,memorandum,1,0.8333053588867188,0.46527202405677004,31.0
1003,1133,executive_order,1,0.5033750236034393,0.02111984199003948,6.666666666666667
10031,10104,memorandum,1,0.6817724108695984,0.17106328345688118,0.0
10032,10555,memorandum,1,0.7291230261325836,0.30831997726482535,10.333333333333334
10033,10068,memorandum,1,0.9019983410835266,0.9999999999999994,53.0
10034,10268,memorandum,1,0.6893914043903351,0.4630688470696927,12.0
10035,10102,memorandum,1,0.6898477971553802,0.47052091788412737,11.0
10036,10487,memorandum,1,0.6051889061927795,0.1960165638843739,3.3333333333333335
10037,10706,memorandum,1,0.7576028108596802,0.6432214469189709,24.0
10038,10555,memorandum,1,0.6570367515087128,0.2450623228091812,9.333333333333334
10039,10261,memorandum,1,0.7726331949234009,0.6179696152689522,32.0
10041,10134,memorandum,1,0.7015804052352905,0.3409660508187146,18.333333333333332
10043,10959,memorandum,1,0.7495869398117065,0.2846911221689724,41.0
10044,10203,memorandum,1,0.7826594710350037,0.382532474828984,21.666666666666668
10045,10204,memorandum,1,0.8605661392211914,0.4957243263273523,96.0
10046,11388,memorandum,1,0.47333626449108124,0.0012394853309937815,0.0
10047,10546,memorandum,1,0.49726682901382446,0.09899659295519926,0.0
10048,10104,memorandum,1,0.5626063942909241,0.011007899062090654,0.0
10049,10104,memorandum,1,0.5071779489517212,0.009967286194068585,0.0
10050,11368,memorandum,1,0.4646401107311249,0.05734688911707672,0.0
10051,10104,memorandum,1,0.5208510756492615,0.00966701448239584,0.0
10052,10546,memorandum,1,0.522952675819397,0.09544735640279418,0.0
10054,10673,memorandum,1,0.48666684329509735,0.006419117975065319,0.0
10056,10104,memorandum,1,0.48874369263648987,0.008051865697088103,0.0
10057,10104,memorandum,1,0.5374091863632202,0.008950522884127994,0.0
10058,11033,memorandum,1,0.4834033250808716,0.00667322810411629,0.0
10059,10475,memorandum,1,0.740064799785614,0.3827307086833647,0.0
1006,1023,executive_order,1,0.8141093254089355,1.0,156.66666666666666
10060,10634,memorandum,1,0.47057467699050903,0.028685805137310755,0.0
10061,10908,memorandum,1,0.7762104868888855,0.5744986289050471,25.0
10062,10258,memorandum,1,0.5804809331893921,0.16359112574121704,17.0
10063,10127,memorandum,1,0.8545568585395813,0.9999999999999999,21.0
10064,10114,memorandum,1,0.5453051924705505,0.004557329578039514,0.0
10065,10112,memorandum,1,0.6581538915634155,0.13734134314985194,4.333333333333333
10067,10429,memorandum,1,0.5755359828472137,0.046075856533436675,0.0
10068,10131,memorandum,1,0.7637287378311157,0.7628626484327045,39.0
10069,11006,memorandum,1,0.8595871925354004,0.8009229747184937,47.0
10070,11560,memorandum,1,0.5269527733325958,0.014143752364036971,0.0
10071,10408,memorandum,1,0.4851023256778717,0.04385524465870712,0.0
10072,10484,memorandum,1,0.8234030604362488,0.7901191865469114,138.66666666666666
10073,10421,memorandum,1,0.5456689894199371,0.0,0.0
10075,11347,memorandum,1,0.5427515208721161,0.04088257877143456,0.0
10077,10079,memorandum,1,0.8085854053497314,0.6666666666666666,13.666666666666666
10079,10799,memorandum,1,0.6619488000869751,0.3683211747413147,10.666666666666666
1008,1017,executive_order,1,0.5547209978103638,0.10924588365409178,13.333333333333334
10081,10690,memorandum,1,0.5984187722206116,0.057661409435282134,0.0
10082,10236,memorandum,1,0.8713774681091309,0.899391572867865,215.0
10083,10690,memorandum,1,0.68790602684021,0.42540075114018616,73.0
10084,10118,memorandum,1,0.5737983584403992,0.11425436562654193,6.0
10085,10407,memorandum,1,0.8880331516265869,0.717748882252312,68.33333333333333
10086,10251,memorandum,1,0.8287807703018188,0.5807964796848701,117.0
10088,10152,memorandum,1,0.8374229073524475,0.4875954378097742,13.333333333333334
10090,10263,memorandum,1,0.7954068183898926,0.6666666666666666,14.666666666666666
10091,10145,memorandum,1,0.8826555013656616,0.889669737252452,45.0
10092,10118,memorandum,1,0.7789344787597656,0.6161501207191722,51.0
10093,10132,memorandum,1,0.7723688781261444,0.2705689788154767,33.5
10094,10627,memorandum,1,0.6051702797412872,0.32269890193081746,41.333333333333336
10095,10761,memorandum,1,0.7687030732631683,0.6931742580329896,81.0
10096,10235,memorandum,1,0.7864874601364136,0.5567465688861618,13.0
10097,10970,memorandum,1,0.815123975276947,0.6899080442505914,17.0
10098,10131,memorandum,1,0.6978139877319336,0.33013932645747207,19.0
10099,10926,memorandum,1,0.7326945066452026,0.506731742709554,12.0
1010,1085,executive_order,1,0.8404639363288879,0.9001526546091196,64.66666666666667
10101,10180,memorandum,1,0.730828046798706,0.7650290044449681,21.333333333333332
10102,10269,memorandum,1,0.7492899894714355,0.8038542512174608,20.0
10104,10471,memorandum,1,0.723636120557785,0.14959100305695588,10.0
10105,10204,memorandum,1,0.8700048923492432,0.6409057558894851,114.0
10106,11384,memorandum,1,0.6167393326759338,0.007376096737025149,0.0
10107,10238,memorandum,1,0.8911361694335938,0.9999999999999987,88.0
10110,10558,memorandum,1,0.7413567304611206,0.26788323901769007,29.0
10112,10376,memorandum,1,0.7960657477378845,0.6137788346555021,49.333333333333336
10113,10267,memorandum,1,0.6319923400878906,0.006699853931708616,0.0
10114,11514,memorandum,1,0.5178636461496353,0.009759263284640975,0.0
10115,10126,memorandum,1,0.49823498725891113,0.006972140461235736,0.0
10116,10816,memorandum,1,0.5007740557193756,0.018524054065452645,0.0
10117,11588,memorandum,1,0.51012122631073,0.011341991803875425,0.0
10118,10223,memorandum,1,0.6266469955444336,0.08508617200082509,0.0
10119,10688,memorandum,1,0.4734613746404648,0.0052924351740344724,0.0
10120,10132,memorandum,1,0.8227822184562683,0.4564767128739372,60.0
10121,10237,memorandum,1,0.8912338614463806,0.7836533646799141,125.0
10122,10362,memorandum,1,0.6596271395683289,0.09049675929668292,7.333333333333333
10124,11673,memorandum,1,0.45061108469963074,0.008489436045325817,0.0
10125,11446,memorandum,1,0.5364499092102051,0.0,0.0
10126,11392,memorandum,1,0.5782091021537781,0.008468473221391555,0.0
10127,10208,memorandum,1,0.8545568585395813,0.9999999999999999,21.0
10128,10649,memorandum,1,0.5014250874519348,0.003656799338892023,0.0
10130,10298,memorandum,1,0.7788185179233551,0.5146062574982698,12.0
10131,10211,memorandum,1,0.8757715225219727,0.9054177419045139,30.0
10132,10290,memorandum,1,0.781399130821228,0.3444822291360486,42.0
10133,10231,memorandum,1,0.5167088806629181,0.04720008283380824,4.0
10134,10163,memorandum,1,0.8871268033981323,0.6460676828600603,40.666666666666664
10135,11771,memorandum,1,0.5354541540145874,0.008143233012488415,0.0
10136,10378,memorandum,1,0.60337695479393,0.04340027204790886,5.333333333333333
10137,11364,memorandum,1,0.4463491141796112,0.12738205446597334,5.333333333333333
10139,10811,memorandum,1,0.4686131477355957,0.024758213460170975,0.0
1014,1023,executive_order,1,0.7982975840568542,0.9999999999999997,174.0
10140,10865,memorandum,1,0.5018614828586578,0.03596259288864474,0.0
10142,11231,memorandum,1,0.5308410227298737,0.011570011588813588,0.0
10143,10228,memorandum,1,0.5420549213886261,0.011960382853631579,0.0
10145,10261,memorandum,1,0.8759555816650391,0.7662972012403296,41.0
10146,10236,memorandum,1,0.852531373500824,0.5012509187404923,112.5
10147,10235,memorandum,1,0.6970460116863251,0.516858719168143,11.666666666666666
10148,10160,memorandum,1,0.5545064508914948,0.017841228537848478,0.0
10149,10407,memorandum,1,0.8947466015815735,0.7243361098236146,68.66666666666667
1015,1017,executive_order,1,0.5603930354118347,0.26200252636009524,22.0
10150,10517,memorandum,1,0.5040797293186188,0.018922232929176275,0.0
10151,11186,memorandum,1,0.580177515745163,0.00848852585864534,0.0
10152,10245,memorandum,1,0.8414781093597412,0.6666666666666666,20.0
10153,10308,memorandum,1,0.697564035654068,0.07684823732078462,0.0
10154,10232,memorandum,1,0.6188254356384277,0.04219077918015737,10.0
10156,10740,memorandum,1,0.5062543600797653,0.026042711148032156,0.0
10157,11364,memorandum,1,0.4780571609735489,0.019972167514592784,0.0
10159,11692,memorandum,1,0.5137647241353989,0.005085493111739235,0.0
10160,10927,memorandum,1,0.598960816860199,0.0174125802812545,0.0
10161,10227,memorandum,1,0.6433100700378418,0.015662185008472697,0.0
10162,11733,memorandum,1,0.49469128251075745,0.01336857589109803,0.0
10163,10241,memorandum,1,0.7043180465698242,0.2857742624577398,18.666666666666668
10165,10224,memorandum,1,0.7257038950920105,0.6666666666666665,14.666666666666666
10168,10203,memorandum,1,0.7333950996398926,0.294764285104869,13.333333333333334
10169,10588,memorandum,1,0.5401151180267334,0.015494275261740144,0.0
1017,1148,executive_order,1,0.5881044566631317,0.10005745102634177,0.0
10170,10393,memorandum,1,0.5189083814620972,0.00520442067865005,0.0
10171,10740,memorandum,1,0.5484741628170013,0.04485267253141032,3.3333333333333335
10172,10612,memorandum,1,0.5922751724720001,0.007426800491398514,0.0
10174,11364,memorandum,1,0.4503833055496216,0.0391831866435071,0.0
10175,10588,memorandum,1,0.5550208389759064,0.021267190893947466,0.0
10176,10230,memorandum,1,0.5014172047376633,0.027624320699302318,0.0
10177,10215,memorandum,1,0.4467410296201706,0.013608211458503232,0.0
10178,11111,memorandum,1,0.7713937163352966,0.6061144562373585,16.333333333333332
10179,10268,memorandum,1,0.7372472286224365,0.7312798503958481,20.333333333333332
10180,10710,memorandum,1,0.7430205941200256,0.7419315868894983,20.333333333333332
10181,10682,memorandum,1,0.6117353439331055,0.10778595023358462,10.0
10182,10230,memorandum,1,0.5751506388187408,0.4066190138358197,8.333333333333334
10183,10362,memorandum,1,0.5114049315452576,0.008864311801055028,0.0
10184,10264,memorandum,1,0.8333919644355774,0.79044643210694,325.0
10185,10243,memorandum,1,0.8602895736694336,0.6068266652682496,47.0
10186,10190,memorandum,1,0.44729311764240265,0.0032749690828990895,0.0
10187,10804,memorandum,1,0.6193446516990662,0.0717169433252548,0.0
10189,10377,memorandum,1,0.4666287451982498,0.0033360655031704056,0.0
10190,10362,memorandum,1,0.5677233934402466,0.023805602080374737,0.0
10192,10423,memorandum,1,0.479523703455925,0.01663430492341897,0.0
10193,10879,memorandum,1,0.5209519267082214,0.01017047600264291,0.0
10195,10927,memorandum,1,0.6153364181518555,0.00647728734107242,0.0
10196,11080,memorandum,1,0.575895220041275,0.03462642245726314,0.0
10197,10223,memorandum,1,0.6845457553863525,0.18702971440480587,22.0
10198,10453,memorandum,1,0.5311322808265686,0.007193424822828617,0.0
102,462,executive_order,1,0.703313797712326,0.766679554815024,154.0
10200,10558,memorandum,1,0.635989248752594,0.11724957883362713,0.0
10201,10314,memorandum,1,0.788667619228363,0.4470852744946774,28.0
10202,10297,memorandum,1,0.856870174407959,0.7391059963895774,54.666666666666664
10203,10296,memorandum,1,0.7603957056999207,0.2379154679353941,28.0
10204,10372,memorandum,1,0.8623392581939697,0.6269912628983353,114.33333333333333
10205,10706,memorandum,1,0.7890158891677856,0.6015270493552183,25.0
10206,10241,memorandum,1,0.6492546498775482,0.006392299610233252,0.0
10208,10301,memorandum,1,0.8545568585395813,0.9999999999999999,21.0
10209,10314,memorandum,1,0.8065675497055054,0.5705045043865469,29.333333333333332
10210,10214,memorandum,1,0.5457184314727783,0.2697449261478688,29.333333333333332
10211,10265,memorandum,1,0.8751544952392578,0.7300771129411968,26.0
10212,10214,memorandum,1,0.5937434434890747,0.3941437643159221,39.666666666666664
10213,10774,memorandum,1,0.5119883865118027,0.004561467849968694,0.0
10214,10307,memorandum,1,0.6257857978343964,0.1446795859614866,17.0
10215,10365,memorandum,1,0.6246824264526367,0.04946050881298111,0.0
10216,10307,memorandum,1,0.5938427150249481,0.03595239732009805,0.0
10217,10240,memorandum,1,0.5185856819152832,0.010214983598873524,0.0
10218,10290,memorandum,1,0.7873616218566895,0.4398419719586489,42.0
10219,10456,memorandum,1,0.5387237370014191,0.015309927139623949,0.0
1022,1077,executive_order,1,0.7351241707801819,0.6432393278863935,149.33333333333334
10220,10842,memorandum,1,0.707127034664154,0.4564930462596912,22.0
10221,10701,memorandum,1,0.5307015776634216,0.014245232137072203,0.0
10223,10306,memorandum,1,0.8034276962280273,0.39159011316717923,60.0
10224,10336,memorandum,1,0.7783827781677246,0.5296250806642985,8.666666666666666
10225,10365,memorandum,1,0.49608251452445984,0.013405784495840086,0.0
10227,10927,memorandum,1,0.7052791118621826,0.03772435797631329,0.0
10228,10677,memorandum,1,0.5379800796508789,0.0180708628903473,0.0
10229,10382,memorandum,1,0.6310485303401947,0.00497107917178597,0.0
1023,1028,executive_order,1,0.7425255477428436,0.9135055788161991,139.33333333333334
10230,11364,memorandum,1,0.5046871602535248,0.08867798600846372,0.0
10231,10379,memorandum,1,0.6639254987239838,0.19547226869557913,7.666666666666667
10232,10321,memorandum,1,0.8734224438667297,0.5394241634123023,67.33333333333333
10233,10240,memorandum,1,0.6563186645507812,0.42307739530695876,11.0
10234,10319,memorandum,1,0.8409793376922607,0.8384132313423583,135.0
10235,10364,memorandum,1,0.7580856680870056,0.40884067286582565,20.0
10236,10388,memorandum,1,0.7289048433303833,0.5237170809991676,135.0
10237,10286,memorandum,1,0.7402043342590332,0.5969231964648561,102.0
10238,10613,memorandum,1,0.8143154382705688,0.5378831699386686,54.0
10239,10291,memorandum,1,0.8178238272666931,0.4785204698739352,27.0
10240,10306,memorandum,1,0.6441876292228699,0.2500034253657258,11.0
10241,10248,memorandum,1,0.7156423926353455,0.3264778685573118,19.0
10243,10322,memorandum,1,0.8466882705688477,0.48831582840854326,13.5
10244,10330,memorandum,1,0.532278299331665,0.0,0.0
10245,10410,memorandum,1,0.8150447010993958,0.487942742764148,11.333333333333334
10246,10459,memorandum,1,0.6651403307914734,0.18111127423177611,13.333333333333334
10248,10481,memorandum,1,0.8634861707687378,0.5196703101132399,33.0
10249,11113,memorandum,1,0.7352603673934937,0.134132199975082,12.0
10250,11520,memorandum,1,0.44727465510368347,0.007515092062611129,0.0
10251,10340,memorandum,1,0.8302170634269714,0.7518790107210476,151.0
10253,11509,memorandum,1,0.48284095525741577,0.0,0.0
10254,11558,memorandum,1,0.4890708178281784,0.0037396798774949453,0.0
10256,11602,memorandum,1,0.5246896743774414,0.007746184696410041,0.0
10257,11313,memorandum,1,0.6452654600143433,0.02904869281557051,0.0
10258,10352,memorandum,1,0.6594176888465881,0.28150606004755596,34.333333333333336
10259,10402,memorandum,1,0.6109969317913055,0.07016051036340555,0.0
10260,11259,memorandum,1,0.7230972945690155,0.027107867175877425,0.0
10261,10293,memorandum,1,0.7480878233909607,0.6786358357944122,43.0
10262,10848,memorandum,1,0.792984664440155,0.6008201590089192,26.0
10263,10336,memorandum,1,0.7208659648895264,0.5045703905870979,8.666666666666666
10264,10362,memorandum,1,0.6342145204544067,0.03508498453754793,0.0
10265,10327,memorandum,1,0.6286207437515259,0.04640158681360871,0.0
10266,11120,memorandum,1,0.6519533395767212,0.09192621623640337,10.0
10267,10423,memorandum,1,0.5652429163455963,0.018074677829496514,0.0
10268,10348,memorandum,1,0.7473246455192566,0.796402180403026,21.0
10269,10347,memorandum,1,0.7492899894714355,0.8038542512174608,20.0
1027,2245,executive_order,1,0.5374655723571777,0.046213070521907894,0.0
10270,10430,memorandum,1,0.7029311656951904,0.660698842663111,17.0
10271,11364,memorandum,1,0.4701773673295975,0.055573114334559685,0.0
10272,10473,memorandum,1,0.7682704329490662,0.28622423433951555,8.666666666666666
10274,10701,memorandum,1,0.5795794725418091,0.04204362789437815,6.666666666666667
10275,11614,memorandum,1,0.5399156510829926,0.06459106145638638,0.0
10276,10282,memorandum,1,0.8701478838920593,0.6356131844203048,70.0
10277,10443,memorandum,1,0.7319839596748352,0.08156224265316635,0.0
10280,10331,memorandum,1,0.72951340675354,0.2587350888957602,6.333333333333333
10281,10340,memorandum,1,0.7357428669929504,0.1967660566015556,13.0
10282,10290,memorandum,1,0.8884139060974121,0.7580577138430059,73.0
10283,11389,memorandum,1,0.4622050076723099,0.014419376876772486,0.0
10284,10328,memorandum,1,0.5826109349727631,0.028153790948251264,0.0
10286,10980,memorandum,1,0.548745334148407,0.020717828834207058,0.0
10287,10766,memorandum,1,0.44981129467487335,0.021093317763204205,0.0
10288,10746,memorandum,1,0.8491897583007812,0.712660092152303,28.0
1029,1560,executive_order,1,0.562294989824295,0.0807467258817003,0.0
10290,10353,memorandum,1,0.7990989685058594,0.6264154084768212,43.0
10291,10844,memorandum,1,0.7953525185585022,0.4396332350916667,26.333333333333332
10292,10558,memorandum,1,0.7273813486099243,0.09369633074996317,0.0
10293,10366,memorandum,1,0.8796279430389404,0.7105748814247629,45.0
10294,10473,memorandum,1,0.7868607640266418,0.3864263012994966,20.333333333333332
10295,10425,memorandum,1,0.505955845117569,0.0356926932026204,0.0
10296,10380,memorandum,1,0.8503549098968506,0.538483089231648,89.0
10297,10376,memorandum,1,0.8072565793991089,0.8638581879568861,66.66666666666667
10298,10429,memorandum,1,0.8244655132293701,0.7110564079315268,14.0
10299,10606,memorandum,1,0.43037423491477966,0.008461043494497394,0.0
103,552,executive_order,1,0.4730963557958603,0.16187703447874605,26.0
1030,2271,executive_order,1,0.536993995308876,0.01794266167465812,0.0
10300,10372,memorandum,1,0.882172167301178,0.6350276604085738,109.0
10301,10383,memorandum,1,0.8545568585395813,0.9999999999999999,21.0
10302,10716,memorandum,1,0.7772271633148193,0.5066678304830734,35.0
10303,10342,memorandum,1,0.7096152901649475,0.25620656157322114,11.666666666666666
10305,10384,memorandum,1,0.7617474794387817,0.7159656467928025,38.0
10306,10595,memorandum,1,0.5766656398773193,0.015812818664129098,0.0
10307,10422,memorandum,1,0.5647157430648804,0.09260329294010959,0.0
10308,10473,memorandum,1,0.6983364820480347,0.30593393400578595,13.333333333333334
10310,10461,memorandum,1,0.5483375787734985,0.015151435387442161,0.0
10311,10980,memorandum,1,0.716004490852356,0.13180159879752168,10.0
10312,10314,memorandum,1,0.8708378076553345,0.7499225012379146,34.0
10313,10563,memorandum,1,0.5468249619007111,0.003993129081424135,0.0
10314,10459,memorandum,1,0.7538043260574341,0.39153102082075303,21.666666666666668
10315,10425,memorandum,1,0.5107401907444,0.009445540890253257,0.0
10316,10480,memorandum,1,0.6126374006271362,0.034441121408379384,0.0
10319,10484,memorandum,1,0.8510598540306091,0.8556630282691785,144.0
10320,10582,memorandum,1,0.6909151077270508,0.3680502999723477,22.0
10321,10404,memorandum,1,0.8033924102783203,0.4065776892737447,44.0
10322,10331,memorandum,1,0.6321859657764435,0.045489305823576305,0.0
10323,10435,memorandum,1,0.7655800580978394,0.5244871638508829,17.666666666666668
10324,11046,memorandum,1,0.4667438864707947,0.02084442334175459,0.0
10325,10407,memorandum,1,0.8907972574234009,0.698638804886668,66.33333333333333
10326,10967,memorandum,1,0.6579877734184265,0.35828116300812485,11.0
10327,11355,memorandum,1,0.8566387891769409,0.8349376060292704,22.0
10328,10447,memorandum,1,0.5148254930973053,0.013653940830217183,0.0
10330,10456,memorandum,1,0.4848674535751343,0.018244925099539427,0.0
10331,11645,memorandum,1,0.5100958347320557,0.03279166274763713,0.0
10332,10774,memorandum,1,0.49052467942237854,0.06175493191464824,0.0
10333,10341,memorandum,1,0.49796561896800995,0.039094288816054173,3.6666666666666665
10334,11384,memorandum,1,0.5206288695335388,0.010229158018386437,0.0
10335,10457,memorandum,1,0.48141083121299744,0.08485473358833631,0.0
10336,10359,memorandum,1,0.7875769734382629,0.6666666666666666,14.666666666666666
10338,10394,memorandum,1,0.5322967171669006,0.02146999180129214,0.0
10340,11184,memorandum,1,0.6951625943183899,0.165193095570199,11.0
10341,10379,memorandum,1,0.6434863209724426,0.09133786640056406,0.0
10342,10532,memorandum,1,0.7239149212837219,0.47617525567021296,11.333333333333334
10343,10587,memorandum,1,0.8610069155693054,0.4944976935970112,22.666666666666668
10345,11191,memorandum,1,0.5299088954925537,0.0,0.0
10347,10430,memorandum,1,0.6919558644294739,0.6420415879270475,19.0
10348,10430,memorandum,1,0.6880638003349304,0.6385924346537688,19.333333333333332
1035,1108,executive_order,1,0.626655101776123,0.030673839430574952,0.0
10350,10634,memorandum,1,0.42995262145996094,0.010453923095526653,0.0
10351,10357,memorandum,1,0.7868361473083496,0.5586211285358678,14.333333333333334
10352,10466,memorandum,1,0.5992564260959625,0.18617758700476505,23.0
10353,10458,memorandum,1,0.8146886825561523,0.5794336674644297,47.0
10354,11516,memorandum,1,0.5701435804367065,0.01566415483256513,0.0
10355,10674,memorandum,1,0.516886293888092,0.0521122078647277,0.0
10356,10767,memorandum,1,0.5694117546081543,0.006524503769702179,0.0
10357,11179,memorandum,1,0.450918510556221,0.07535239012669791,0.0
10358,10688,memorandum,1,0.4558860808610916,0.009624268742561762,0.0
10359,10395,memorandum,1,0.7875769734382629,0.6666666666666666,14.666666666666666
10362,11733,memorandum,1,0.5936339497566223,0.01466050135064121,0.0
10364,10591,memorandum,1,0.767611026763916,0.4871470774294779,11.333333333333334
10365,10394,memorandum,1,0.5576715767383575,0.23231118644434978,3.6666666666666665
10366,10841,memorandum,1,0.7391562461853027,0.3231247547414344,22.0
10367,10480,memorandum,1,0.5072902739048004,0.015385671503108095,0.0
10368,10446,memorandum,1,0.5455469638109207,0.024354345831183465,0.0
10369,10923,memorandum,1,0.7771081328392029,0.8361521440294094,25.0
10370,10852,memorandum,1,0.7470942139625549,0.9643139822546987,52.0
10371,10890,memorandum,1,0.6227991580963135,0.26352129428592463,0.0
10372,10464,memorandum,1,0.7919906377792358,0.40219392271429666,64.5
10374,10677,memorandum,1,0.5411470532417297,0.09873916507741824,4.333333333333333
10375,10628,memorandum,1,0.6835840344429016,0.09105798101075756,25.0
10376,10450,memorandum,1,0.7968268394470215,0.7625491057286164,62.0
10377,10399,memorandum,1,0.6393764019012451,0.050029243234672845,0.0
10378,10394,memorandum,1,0.5375103503465652,0.06386950482907276,8.666666666666666
10379,10506,memorandum,1,0.4995304197072983,0.09941317749393241,0.0
10380,10443,memorandum,1,0.8616663217544556,0.8916957594176024,143.0
10382,10489,memorandum,1,0.5038643777370453,0.01245310421813392,0.0
10383,10463,memorandum,1,0.8545568585395813,0.9999999999999999,21.0
10384,10556,memorandum,1,0.8458088636398315,0.7924339973893869,47.0
10385,11347,memorandum,1,0.49925433099269867,0.07655845484724808,0.0
10386,10570,memorandum,1,0.580933690071106,0.006674867556187313,0.0
10388,10855,memorandum,1,0.6572346091270447,0.01594742238260558,0.0
10389,10473,memorandum,1,0.6864058077335358,0.34038335781364154,16.0
10390,10428,memorandum,1,0.6931240558624268,0.7701074135827041,30.0
10393,10765,memorandum,1,0.5238248109817505,0.007802531898197757,0.0
10394,10766,memorandum,1,0.5212547332048416,0.02078830933682421,0.0
10395,10400,memorandum,1,0.7875769734382629,0.6666666666666666,14.666666666666666
10396,10782,memorandum,1,0.6449353098869324,0.011607680074171721,0.0
10397,10478,memorandum,1,0.8785302042961121,0.8922561093590452,66.0
10398,10673,memorandum,1,0.6995803117752075,0.032308847483163886,0.0
10399,10447,memorandum,1,0.5770636796951294,0.005110978198650195,0.0
1040,1114,executive_order,1,0.7006443738937378,0.1908705884248119,0.0
10400,10401,memorandum,1,0.7875769734382629,0.6666666666666666,14.666666666666666
10401,10559,memorandum,1,0.7875769734382629,0.6666666666666666,14.666666666666666
10402,10456,memorandum,1,0.5660331547260284,0.05695987434503891,0.0
10404,10482,memorandum,1,0.7660613059997559,0.39646814377506606,18.333333333333332
10406,10665,memorandum,1,0.7719470262527466,0.3659807058716067,29.0
10407,10580,memorandum,1,0.8888993263244629,0.7243361098236146,68.66666666666667
10408,10613,memorandum,1,0.8874640464782715,0.9612212573877252,91.0
10409,10620,memorandum,1,0.7223958373069763,0.44116592431972584,18.333333333333332
10410,10589,memorandum,1,0.843436598777771,0.6116458686764235,17.333333333333332
10411,11532,memorandum,1,0.5056130886077881,0.0,0.0
10412,10582,memorandum,1,0.6749133765697479,0.12265047541943222,7.0
10413,10799,memorandum,1,0.6224817633628845,0.5035368209013528,5.666666666666667
10414,11655,memorandum,1,0.5459441542625427,0.01008879616739523,0.0
10415,11212,memorandum,1,0.6993169784545898,0.4073062194954776,7.0
10420,11360,memorandum,1,0.47040778398513794,0.012980888979847607,0.0
10421,11068,memorandum,1,0.48292243480682373,0.0026106462722189053,0.0
10422,11203,memorandum,1,0.5256730020046234,0.028945606507168917,0.0
10423,11477,memorandum,1,0.6242712140083313,0.03986383211337278,0.0
10425,10448,memorandum,1,0.6086915731430054,0.024681436262732843,0.0
10426,10701,memorandum,1,0.45933832228183746,0.007416966380646009,0.0
10427,10528,memorandum,1,0.8506320714950562,0.6008359634248421,21.666666666666668
10428,10674,memorandum,1,0.6530958414077759,0.7906756401090224,29.0
10429,10569,memorandum,1,0.5259296000003815,0.12244574315056694,4.0
10430,10529,memorandum,1,0.7433868050575256,0.7789202728221155,21.666666666666668
10432,10518,memorandum,1,0.8938926458358765,0.9630239331002505,57.0
10433,10536,memorandum,1,0.8480839133262634,0.7470362598264316,51.0
10434,10631,memorandum,1,0.8557021617889404,0.8072370672911853,81.0
10435,10532,memorandum,1,0.7742317318916321,0.5406166645711169,15.666666666666666
10437,10447,memorandum,1,0.5176405012607574,0.008064735876549229,0.0
10438,10592,memorandum,1,0.48804301023483276,0.017766394840423534,0.0
10439,11033,memorandum,1,0.5349286198616028,0.029634619950643447,0.0
10440,10588,memorandum,1,0.5190266966819763,0.0064703513851834945,0.0
10442,10735,memorandum,1,0.5732762813568115,0.03938133481002847,0.0
10443,10547,memorandum,1,0.6505887806415558,0.12603116865861416,22.0
10444,10489,memorandum,1,0.5462661981582642,0.006341497766863547,0.0
10445,10728,memorandum,1,0.8131483793258667,0.4841621549334477,27.0
10446,10701,memorandum,1,0.5470244586467743,0.008054732975168927,0.0
10447,10489,memorandum,1,0.5927324891090393,0.022351336506546964,0.0
10448,10560,memorandum,1,0.5111514925956726,0.006214946878184506,0.0
10449,10814,memorandum,1,0.5218511819839478,0.023525727024812253,0.0
10450,10557,memorandum,1,0.8301334977149963,0.62375412745598,48.0
10451,11156,memorandum,1,0.5591372847557068,0.12475542002172164,0.0
10452,11560,memorandum,1,0.5411074161529541,0.010640999901134485,0.0
10453,11520,memorandum,1,0.49212808907032013,0.021676658534230297,0.0
10454,10505,memorandum,1,0.8342981934547424,0.9540832262960839,186.0
10455,10584,memorandum,1,0.7841301560401917,0.26358232881511945,22.666666666666668
10456,11318,memorandum,1,0.5180931091308594,0.01655598492483688,0.0
10457,10524,memorandum,1,0.5027508437633514,0.011999916924400751,0.0
10458,10467,memorandum,1,0.7716823816299438,0.7150586162407406,90.0
10459,10465,memorandum,1,0.6994414329528809,0.3064323794890971,15.0
10461,10503,memorandum,1,0.47737789154052734,0.015010327901713957,3.3333333333333335
10462,10844,memorandum,1,0.779473066329956,0.421418016800783,27.666666666666668
10463,10551,memorandum,1,0.8545568585395813,0.9999999999999999,21.0
10464,10502,memorandum,1,0.4928992837667465,0.005255637206571522,0.0
10465,10482,memorandum,1,0.7695575952529907,0.4051013853863796,22.666666666666668
10466,10494,memorandum,1,0.6935951113700867,0.49374967397822084,41.333333333333336
10467,10585,memorandum,1,0.738235592842102,0.3274390411631283,30.0
10468,10472,memorandum,1,0.8321331739425659,0.8698587637053701,58.0
10469,10472,memorandum,1,0.8605811595916748,0.8689391676975874,58.0
10471,10558,memorandum,1,0.7305043339729309,0.2310652907381385,35.5
10472,10893,memorandum,1,0.7983444333076477,0.8314192750133599,58.0
10473,10558,memorandum,1,0.74418044090271,0.29967589169025644,11.5
10474,11331,memorandum,1,0.5541464388370514,0.007518109122045463,0.0
10475,10928,memorandum,1,0.6295305490493774,0.023909239556714243,0.0
10476,10519,memorandum,1,0.8077884912490845,0.4886914350849009,32.0
10477,10665,memorandum,1,0.8062288761138916,0.5746359435916809,45.0
10478,10536,memorandum,1,0.8488367795944214,0.8075036257385547,52.0
10479,10570,memorandum,1,0.5049106627702713,0.024594779124404827,0.0
10480,10659,memorandum,1,0.5968540608882904,0.017814273875631424,0.0
10481,10695,memorandum,1,0.6525567173957825,0.3107888162600475,20.333333333333332
10482,10841,memorandum,1,0.7345626354217529,0.22209372164715704,10.333333333333334
10483,10668,memorandum,1,0.7956334352493286,0.4663915172408211,27.0
10484,10583,memorandum,1,0.8399443030357361,0.8292721823490646,155.0
10485,10911,memorandum,1,0.8191432952880859,0.4300785435411116,28.0
10486,10580,memorandum,1,0.890294075012207,0.7150024826639654,67.33333333333333
10487,11211,memorandum,1,0.7411919236183167,0.3468692182904874,15.666666666666666
10488,10653,memorandum,1,0.7588770985603333,0.4907249223863411,30.666666666666668
10489,11475,memorandum,1,0.523591935634613,0.007873921848405456,0.0
1049,1057,executive_order,1,0.6376286149024963,0.4221809995669026,118.0
10490,10576,memorandum,1,0.863311767578125,0.9371570794633908,97.0
10491,10612,memorandum,1,0.5155526399612427,0.014112452955954627,0.0
10492,10619,memorandum,1,0.6017501950263977,0.8739191999126578,30.0
10493,10502,memorandum,1,0.8448323607444763,0.5843021989555187,36.666666666666664
10494,11507,memorandum,1,0.5429858565330505,0.08701073099370638,0.0
10498,11020,memorandum,1,0.7198585271835327,0.5504382673163297,30.0
10499,10893,memorandum,1,0.6925346255302429,0.6128984685585297,38.0
105,1067,executive_order,1,0.5706130266189575,0.02162493056148429,0.0
10500,10893,memorandum,1,0.7015522122383118,0.6128984685585297,38.0
10501,10893,memorandum,1,0.7143822908401489,0.8314192750133599,58.0
10502,10763,memorandum,1,0.8120924830436707,0.4189364223777307,28.333333333333332
10503,10638,memorandum,1,0.5095770955085754,0.008312225912125047,0.0
10504,11191,memorandum,1,0.5702223777770996,0.0,0.0
10505,10526,memorandum,1,0.8209009170532227,0.9250535601678803,182.0
10506,10524,memorandum,1,0.6084957122802734,0.03792127251815635,0.0
10507,11766,memorandum,1,0.48726555705070496,0.005717486784885553,0.0
10508,10524,memorandum,1,0.5282846391201019,0.020436600750915596,0.0
10509,10659,memorandum,1,0.5481382608413696,0.0405747259527654,0.0
10510,10743,memorandum,1,0.49756306409835815,0.06865850566574744,0.0
10511,10558,memorandum,1,0.7088161110877991,0.16600166768855706,15.0
10513,10766,memorandum,1,0.51072758436203,0.005092459256836921,0.0
10514,10519,memorandum,1,0.8205869793891907,0.39587174709747347,39.0
10515,10519,memorandum,1,0.8097304105758667,0.6675517482027475,48.0
10516,10787,memorandum,1,0.7719544172286987,0.806444403219677,63.0
10517,10659,memorandum,1,0.5447609424591064,0.05703507846093984,0.0
10518,10571,memorandum,1,0.503005862236023,0.01915960501458319,0.0
10519,10665,memorandum,1,0.8195048570632935,0.618412745486163,51.0
1052,1912,executive_order,1,0.570910781621933,0.19034993830290486,7.5
10521,10570,memorandum,1,0.5332870483398438,0.0460303297394525,0.0
10524,10534,memorandum,1,0.5366169512271881,0.08240119003799234,0.0
10526,10548,memorandum,1,0.8366472721099854,0.9742894840230945,188.0
10527,10794,memorandum,1,0.8019989728927612,0.33776774904412343,12.0
10528,10617,memorandum,1,0.8552641868591309,0.702270580829353,25.0
10529,10616,memorandum,1,0.7428016662597656,0.7427005616897029,20.333333333333332
10531,10610,memorandum,1,0.5367724299430847,0.015174278355911217,0.0
10532,10591,memorandum,1,0.7109240293502808,0.21130547579395365,11.333333333333334
10533,10556,memorandum,1,0.6645308136940002,0.2055101972794711,17.0
10534,10659,memorandum,1,0.4700937122106552,0.0,0.0
10536,10556,memorandum,1,0.8632215261459351,0.8576507812946239,51.0
10537,10621,memorandum,1,0.8161758780479431,0.5138102375948964,55.0
10538,11222,memorandum,1,0.540010929107666,0.055199782203715526,5.0
10539,10742,memorandum,1,0.5421923995018005,0.0,0.0
10540,10569,memorandum,1,0.5258991420269012,0.00847778081867706,0.0
10541,10843,memorandum,1,0.5497226417064667,0.0,0.0
10542,11270,memorandum,1,0.4043359309434891,0.013241038449054042,0.0
10543,11364,memorandum,1,0.49871037900447845,0.010691260645917524,0.0
10544,10585,memorandum,1,0.7943547964096069,0.6886606447212528,61.0
10546,10673,memorandum,1,0.5449608266353607,0.007847072948363431,0.0
10547,10591,memorandum,1,0.5324517488479614,0.04097419892211529,3.6666666666666665
10548,10606,memorandum,1,0.7956880331039429,0.8052780289538642,125.0
10550,10560,memorandum,1,0.5121473670005798,0.017159769316126974,0.0
10551,10655,memorandum,1,0.7229379713535309,0.3049614407503707,5.0
10552,10746,memorandum,1,0.8046789169311523,0.5348380571496701,25.0
10553,11021,memorandum,1,0.6922457814216614,0.47566777677018607,24.0
10554,11021,memorandum,1,0.6955435276031494,0.38212240686393806,13.0
10555,10653,memorandum,1,0.7601054012775421,0.4635635708202474,27.333333333333332
10556,10652,memorandum,1,0.8259932994842529,0.8163650000784533,50.0
10557,10636,memorandum,1,0.8542936444282532,0.784884117459456,59.666666666666664
10558,10565,memorandum,1,0.7884023785591125,0.2265681116378518,12.0
10559,10917,memorandum,1,0.7875769734382629,0.6666666666666666,14.666666666666666
10560,10605,memorandum,1,0.5719571113586426,0.029333496392102826,0.0
10561,10746,memorandum,1,0.8166049718856812,0.6799469924540003,27.0
10562,10841,memorandum,1,0.602460116147995,0.2634756494930064,14.666666666666666
10563,11559,memorandum,1,0.6117826104164124,0.006929341637558533,0.0
10564,10960,memorandum,1,0.49821364879608154,0.006769305088138862,0.0
10565,10980,memorandum,1,0.7564201354980469,0.25331720404204516,13.0
10566,11063,memorandum,1,0.831713080406189,0.2572662450802501,20.5
10567,11033,memorandum,1,0.4808956980705261,0.005283659178653227,0.0
10569,10803,memorandum,1,0.5656178593635559,0.016715532881834198,0.0
10570,11650,memorandum,1,0.5094713717699051,0.006818134954639217,0.0
10571,10615,memorandum,1,0.8966401815414429,1.0,27.0
10572,10926,memorandum,1,0.49590566754341125,0.0,0.0
10573,10579,memorandum,1,0.8402817249298096,0.9320904770853692,134.0
10575,10890,memorandum,1,0.5340515673160553,0.008096080491970858,0.0
10576,10631,memorandum,1,0.834736168384552,0.8110101368456492,88.0
10577,10673,memorandum,1,0.6063207983970642,0.033160864843143976,0.0
10578,11440,memorandum,1,0.5599472522735596,0.0,0.0
10579,10595,memorandum,1,0.841057538986206,0.9462013044735468,137.0
10580,10753,memorandum,1,0.48462554812431335,0.015905823409167998,0.0
10581,10668,memorandum,1,0.797619104385376,0.38320224131923414,14.333333333333334
10582,10686,memorandum,1,0.7244541049003601,0.3067864289287918,12.5
10583,10760,memorandum,1,0.8530096411705017,0.8133295755360882,144.66666666666666
10584,10642,memorandum,1,0.640318751335144,0.02139904216200309,0.0
10585,10667,memorandum,1,0.8704473972320557,0.42239005207583885,32.0
10586,10653,memorandum,1,0.8761075735092163,0.6232339153347365,35.0
10587,10853,memorandum,1,0.8398932218551636,0.2671954509256623,0.0
10588,10701,memorandum,1,0.5659842491149902,0.029467921656046215,4.0
10589,10681,memorandum,1,0.835955023765564,0.6264088331288503,19.666666666666668
1059,1669,executive_order,1,0.5314189195632935,0.02665620117944106,0.0
10590,10886,memorandum,1,0.5958865284919739,0.05481898501032061,15.0
10591,10639,memorandum,1,0.6946278810501099,0.4860016170967863,11.333333333333334
10592,11701,memorandum,1,0.5047501474618912,0.008077533855716114,0.0
10594,10908,memorandum,1,0.806837797164917,0.7047504180503494,27.0
10595,10606,memorandum,1,0.8410389423370361,0.9516484327870374,142.0
10596,11592,memorandum,1,0.5088600516319275,0.008171392274280527,0.0
10597,10722,memorandum,1,0.5538682341575623,0.023570397741874832,0.0
10599,11367,memorandum,1,0.5370866656303406,0.04125467541474454,0.0
10600,10602,memorandum,1,0.8783841729164124,0.6236168539206574,22.666666666666668
10601,10737,memorandum,1,0.44873297214508057,0.0054181546169041065,0.0
10602,10608,memorandum,1,0.8195290565490723,0.41197066478212624,13.333333333333334
10604,11490,memorandum,1,0.504527747631073,0.009482749064047023,0.0
10605,11144,memorandum,1,0.4435783177614212,0.024486662656113573,0.0
10606,10641,memorandum,1,0.8373239040374756,0.8980127413363478,143.0
10607,11161,memorandum,1,0.513464167714119,0.01086809913380301,0.0
10608,10695,memorandum,1,0.6990290880203247,0.32629023977496735,12.666666666666666
1061,1096,executive_order,1,0.5873085558414459,0.053575934954971094,0.0
10610,10928,memorandum,1,0.5780931711196899,0.0,0.0
10612,11666,memorandum,1,0.5267509520053864,0.032238680646998835,0.0
10613,10764,memorandum,1,0.8714473843574524,0.9342302486593431,80.0
10615,10648,memorandum,1,0.8966401815414429,1.0,27.0
10616,11027,memorandum,1,0.7438597083091736,0.7785128461041779,22.0
10617,11111,memorandum,1,0.7949142456054688,0.5653494213367846,20.0
10619,10674,memorandum,1,0.6655856966972351,0.848969326575363,30.0
10620,10664,memorandum,1,0.681810736656189,0.3162626838689054,8.0
10621,10692,memorandum,1,0.5460198521614075,0.06951232125088544,14.0
10622,10665,memorandum,1,0.8088836669921875,0.6194953298842882,48.0
10623,10665,memorandum,1,0.8143017888069153,0.5876010598784336,46.0
10624,10773,memorandum,1,0.5006920546293259,0.00987666486626933,5.0
10627,11944,memorandum,1,0.5572317838668823,0.014908513232797025,0.0
10628,10634,memorandum,1,0.4594424366950989,0.006077687879411026,0.0
1063,3823,executive_order,1,0.5520072877407074,0.058343164144926296,0.0
10631,10697,memorandum,1,0.8888688087463379,1.0,100.0
10632,10725,memorandum,1,0.8588144779205322,0.5000722432732984,30.666666666666668
10633,10818,memorandum,1,0.7473935484886169,0.31187027896786085,37.0
10634,11421,memorandum,1,0.5725657939910889,0.012684322457362075,0.0
10635,11191,memorandum,1,0.8302555084228516,0.8332931498120163,66.0
10636,10722,memorandum,1,0.853262722492218,0.7174229041195167,53.333333333333336
10638,11354,memorandum,1,0.4835944324731827,0.00701245096020828,0.0
10639,10684,memorandum,1,0.7599638402462006,0.6185180711428894,22.333333333333332
10641,10704,memorandum,1,0.8268634080886841,0.7363759854265605,122.0
10642,10703,memorandum,1,0.8396267890930176,0.3616145410653621,36.0
10644,11082,memorandum,1,0.5943405628204346,0.031777810698311,0.0
10645,10980,memorandum,1,0.6350508332252502,0.05535687628421895,0.0
10646,10739,memorandum,1,0.5662238597869873,0.025716277748972907,0.0
10647,10650,memorandum,1,0.8143825531005859,0.9495981421695554,90.0
10648,10709,memorandum,1,0.8966401815414429,1.0,27.0
10649,11050,memorandum,1,0.5989998579025269,0.0336210326233633,0.0
10650,11066,memorandum,1,0.5812696814537048,0.0037627082968351194,0.0
10651,10755,memorandum,1,0.731656551361084,0.5368355212380868,13.666666666666666
10652,10753,memorandum,1,0.6418391466140747,0.20639282606229808,20.0
10653,10730,memorandum,1,0.8612918257713318,0.5238577820258342,31.0
10654,10943,memorandum,1,0.5448774099349976,0.012637092441329224,0.0
10655,10833,memorandum,1,0.7280929088592529,0.5351783656610469,4.666666666666667
10656,10802,memorandum,1,0.8419673442840576,0.750757456375798,43.0
10657,10658,memorandum,1,0.8496295213699341,0.9153109217487455,33.0
10658,10670,memorandum,1,0.8483748435974121,0.9172694763745352,33.0
10659,11490,memorandum,1,0.4990948289632797,0.0,0.0
10660,10765,memorandum,1,0.5653623640537262,0.020536971105719965,0.0
10661,11584,memorandum,1,0.46002280712127686,0.009488441878643051,0.0
10662,11006,memorandum,1,0.5728647410869598,0.03323032691880504,0.0
10663,10760,memorandum,1,0.8309388756752014,0.720706095900665,168.0
10664,10770,memorandum,1,0.7109713554382324,0.34084145084679723,9.333333333333334
10665,10800,memorandum,1,0.8154317736625671,0.5398389441621108,44.0
10666,10686,memorandum,1,0.7010430097579956,0.2897604250334786,8.333333333333334
10667,10694,memorandum,1,0.8549637794494629,0.8188308489747838,52.0
10668,10762,memorandum,1,0.7183038294315338,0.09823148348570061,0.0
10669,10726,memorandum,1,0.7630028128623962,0.6487591672414005,4.333333333333333
1067,1457,executive_order,1,0.5473495423793793,0.022010285290285304,0.0
10670,10890,memorandum,1,0.5531398057937622,0.05625998028608097,0.0
10671,10786,memorandum,1,0.665793240070343,0.14553311696167304,10.0
10673,10980,memorandum,1,0.6618046164512634,0.06181747903127578,0.0
10674,10791,memorandum,1,0.6588521599769592,0.846904243857392,30.0
10675,10687,memorandum,1,0.7351521849632263,0.4445197208618185,21.0
10676,10740,memorandum,1,0.5521786510944366,0.0049738587569752735,0.0
10678,10703,memorandum,1,0.695829451084137,0.23802296392640088,28.0
10679,10855,memorandum,1,0.7621905207633972,0.409783615810617,16.0
10681,10772,memorandum,1,0.8409366011619568,0.6666666666666665,23.333333333333332
10682,10886,memorandum,1,0.6469783186912537,0.09710786215887907,16.0
10683,10789,memorandum,1,0.7575609087944031,0.6334117542252189,26.666666666666668
10684,10799,memorandum,1,0.7870731353759766,0.7895467136453522,28.666666666666668
10686,10769,memorandum,1,0.5772687196731567,0.28192917388452315,11.5
10687,10695,memorandum,1,0.7683108448982239,0.48078404604041003,20.0
10688,11653,memorandum,1,0.5335120260715485,0.005843486050180097,0.0
10689,11327,memorandum,1,0.4575289785861969,0.007531807504113203,0.0
10690,11014,memorandum,1,0.6606533527374268,0.5676513366769755,117.0
10692,10786,memorandum,1,0.7954888343811035,0.39139962029079445,30.0
10693,10939,memorandum,1,0.7908589839935303,0.48010534307899766,28.333333333333332
10694,10716,memorandum,1,0.8624212741851807,0.5557919425706661,46.0
10695,10971,memorandum,1,0.7021307349205017,0.4201114196723695,18.333333333333332
10697,10783,memorandum,1,0.8886020183563232,1.0,100.0
10698,10779,memorandum,1,0.7348494529724121,0.4169939143648724,17.0
10700,11003,memorandum,1,0.5227106809616089,0.0,0.0
10701,10773,memorandum,1,0.4798150509595871,0.011970489163933451,0.0
10702,10703,memorandum,1,0.877711296081543,0.9999999999999988,95.0
10703,10716,memorandum,1,0.7449323534965515,0.3444693662857662,35.0
10704,10742,memorandum,1,0.789420485496521,0.49280601151814474,73.0
10706,10991,memorandum,1,0.8034060597419739,0.7213614193616197,27.0
10707,10739,memorandum,1,0.6547741889953613,0.06559201574502287,0.0
10708,10855,memorandum,1,0.570078045129776,0.028898059920670564,0.0
10709,10753,memorandum,1,0.6945862770080566,0.6815682119539579,25.0
1071,1081,executive_order,1,0.6798389554023743,0.8436180153876149,126.33333333333333
10710,11027,memorandum,1,0.7414498329162598,0.7235900172084547,21.666666666666668
10712,11340,memorandum,1,0.8304758071899414,0.8137943435895348,58.0
10713,11433,memorandum,1,0.5102593898773193,0.0449315840035251,0.0
10714,10768,memorandum,1,0.6276347637176514,0.1261845373590729,0.0
10716,10754,memorandum,1,0.8058090209960938,0.3464933685064655,37.0
10717,11440,memorandum,1,0.5090190470218658,0.016425370377804907,0.0
10718,11365,memorandum,1,0.4890713393688202,0.02380136134383404,0.0
10719,11359,memorandum,1,0.46735548973083496,0.013477891122051259,0.0
10721,10739,memorandum,1,0.6836458742618561,0.06732757224420949,0.0
10722,10801,memorandum,1,0.8379274010658264,0.7561474240521093,51.0
10724,10802,memorandum,1,0.8435084819793701,0.8888494780022236,56.0
10725,10844,memorandum,1,0.7639310956001282,0.47763486885889517,30.666666666666668
10726,10810,memorandum,1,0.6723628044128418,0.4582595484006113,4.333333333333333
10727,11022,memorandum,1,0.5048623085021973,0.0,0.0
10728,10908,memorandum,1,0.783186674118042,0.5286259604777583,25.0
10729,10799,memorandum,1,0.7458391785621643,0.587228549955869,15.333333333333334
10730,10844,memorandum,1,0.7566722631454468,0.48494320881667385,28.0
10733,11224,memorandum,1,0.5179835557937622,0.0283043142287105,0.0
10734,10991,memorandum,1,0.7694422602653503,0.7367287920959728,27.0
10735,11779,memorandum,1,0.5692805051803589,0.0,0.0
10736,11779,memorandum,1,0.543599084019661,0.007834398933653819,0.0
10737,11048,memorandum,1,0.5283372700214386,0.019320900362557625,0.0
10739,10879,memorandum,1,0.7197722792625427,0.3375832268030059,92.0
10740,11534,memorandum,1,0.5377671718597412,0.05485079764723683,7.666666666666667
10741,10787,memorandum,1,0.7692369818687439,0.4478920735745695,35.0
10742,11035,memorandum,1,0.5022984445095062,0.03807025060642518,0.0
10743,10928,memorandum,1,0.6574139595031738,0.1943230961736767,0.0
10744,11022,memorandum,1,0.6086247563362122,0.0291234767634558,0.0
10745,10753,memorandum,1,0.5545033514499664,0.02926362200623967,0.0
10746,10906,memorandum,1,0.8787407875061035,0.7883860147790357,30.0
10747,10906,memorandum,1,0.8683583736419678,0.7159117735676992,29.0
10748,10926,memorandum,1,0.518528163433075,0.016546044933500238,0.0
10750,11082,memorandum,1,0.7790144085884094,0.3209450457904412,10.333333333333334
10751,10844,memorandum,1,0.7899368405342102,0.4759104164436685,30.666666666666668
10753,10794,memorandum,1,0.615480899810791,0.16247405258727923,0.0
10754,10851,memorandum,1,0.773230791091919,0.3670382598861713,43.0
10755,11621,memorandum,1,0.4930124878883362,0.0,0.0
10758,11422,memorandum,1,0.4023687243461609,0.007929617257123737,0.0
10759,11475,memorandum,1,0.5504437983036041,0.0033431471379985127,0.0
10760,10840,memorandum,1,0.7755795419216156,0.5184150460959419,92.33333333333333
10761,11353,memorandum,1,0.5497700870037079,0.015433260521302493,0.0
10762,10799,memorandum,1,0.47864456474781036,0.011356265392869996,0.0
10763,10841,memorandum,1,0.7359845638275146,0.3416655117253438,13.0
10764,10875,memorandum,1,0.8863188028335571,0.8515919698219108,71.0
10765,11440,memorandum,1,0.4811824858188629,0.005286696902287596,0.0
10766,11229,memorandum,1,0.564483106136322,0.005871764206509834,0.0
10767,11229,memorandum,1,0.6253083348274231,0.0010447555842096586,0.0
10768,10844,memorandum,1,0.74228835105896,0.43537094738652016,36.333333333333336
10769,11022,memorandum,1,0.6339224576950073,0.23046945544887518,10.0
1077,1140,executive_order,1,0.7635639011859894,0.8249226442505574,188.0
10770,10799,memorandum,1,0.562962993979454,0.2596509257297848,10.0
10771,10892,memorandum,1,0.6106376051902771,0.11870358334836405,18.5
10772,10846,memorandum,1,0.8409366011619568,0.6666666666666665,23.333333333333332
10773,11516,memorandum,1,0.5269797444343567,0.007780966900282862,5.0
10774,11534,memorandum,1,0.5099797397851944,0.07689486277903458,21.333333333333332
10776,10922,memorandum,1,0.6776918172836304,0.5473056153748654,29.0
10777,10845,memorandum,1,0.5417865812778473,0.026647126037717878,0.0
10779,10855,memorandum,1,0.7365953922271729,0.3551654715837771,16.0
10780,10851,memorandum,1,0.6974745988845825,0.23323172574658604,24.0
10781,11650,memorandum,1,0.6169319748878479,0.0,0.0
10782,10813,memorandum,1,0.4978192448616028,0.004061211459001867,0.0
10783,11060,memorandum,1,0.7459231615066528,0.5079659652136528,55.0
10784,10962,memorandum,1,0.538434624671936,0.047124751175495645,0.0
10786,10972,memorandum,1,0.6043023765087128,0.030725661865738996,0.0
10787,10803,memorandum,1,0.6879268288612366,0.24255328205716264,23.0
10788,10863,memorandum,1,0.7932035028934479,0.9713531921973378,71.66666666666667
10789,10948,memorandum,1,0.7624135911464691,0.5816670638549906,31.666666666666668
1079,1521,executive_order,1,0.5031359046697617,0.13036733965776431,9.333333333333334
10791,11056,memorandum,1,0.6114682555198669,0.6080667820661648,11.0
10793,11202,memorandum,1,0.5242321789264679,0.008120011463271605,0.0
10794,11064,memorandum,1,0.5303285121917725,0.011744245122797002,0.0
10795,10818,memorandum,1,0.7452288269996643,0.5943683246598217,53.0
10796,11355,memorandum,1,0.5614211559295654,0.018378876941635054,0.0
10797,10930,memorandum,1,0.48986393213272095,0.0713662047450207,0.0
10798,10843,memorandum,1,0.7133968472480774,0.29987067087119834,37.0
10799,11022,memorandum,1,0.5757112205028534,0.1038120237062481,0.0
108,1136,executive_order,1,0.5269554853439331,0.028206332955413138,0.0
1080,1294,executive_order,1,0.6967609524726868,0.6420731907386513,81.66666666666667
10800,11115,memorandum,1,0.7501233816146851,0.35544971650025725,29.0
10801,10882,memorandum,1,0.7999178767204285,0.5913558741339432,47.0
10802,10883,memorandum,1,0.6592885851860046,0.25831520579480005,18.0
10803,10876,memorandum,1,0.5106571763753891,0.022471537525564817,0.0
10804,10809,memorandum,1,0.6502096056938171,0.47492346458540496,27.0
10806,11033,memorandum,1,0.489340603351593,0.026381082689351965,10.0
10807,11435,memorandum,1,0.5175870954990387,0.008113297604584393,0.0
10808,11228,memorandum,1,0.5202218890190125,0.01213741266178428,0.0
10809,10980,memorandum,1,0.6970250010490417,0.12571951468489953,0.0
10810,11156,memorandum,1,0.6469333171844482,0.019333920376317967,0.0
10811,11477,memorandum,1,0.4793798476457596,0.011599747317500632,0.0
10812,11303,memorandum,1,0.5472784340381622,0.0033277132526681186,0.0
10813,11327,memorandum,1,0.4729396104812622,0.0037369141244759925,0.0
10814,11084,memorandum,1,0.4616697132587433,0.0,0.0
10815,11495,memorandum,1,0.49174460768699646,0.0,0.0
10816,10843,memorandum,1,0.5247922539710999,0.0,0.0
10817,11214,memorandum,1,0.5328271389007568,0.029378237650557727,0.0
10818,10857,memorandum,1,0.7330661416053772,0.6107622732056621,55.0
10819,10980,memorandum,1,0.6379373073577881,0.10345458521985272,0.0
10820,11129,memorandum,1,0.767382025718689,0.3680995119407218,10.333333333333334
10821,11129,memorandum,1,0.7687053680419922,0.3757404188072125,10.333333333333334
10823,10922,memorandum,1,0.6629544496536255,0.3807050031668234,15.5
10824,11129,memorandum,1,0.7649211883544922,0.35250864529942433,10.333333333333334
10825,10922,memorandum,1,0.6408094167709351,0.3681302581748288,15.5
10826,11046,memorandum,1,0.6496192216873169,0.13726944092478383,0.0
10827,10879,memorandum,1,0.6768361628055573,0.030050672377272943,0.0
10828,10879,memorandum,1,0.692783534526825,0.16229224154723504,33.0
10829,10945,memorandum,1,0.7613303661346436,0.5567235884680634,27.0
10830,10858,memorandum,1,0.8181277513504028,0.48030317881508083,13.333333333333334
10831,11662,memorandum,1,0.4815303534269333,0.0026360436214088114,0.0
10832,11785,memorandum,1,0.6974017024040222,0.3034401760184543,0.0
10833,10900,memorandum,1,0.7420294284820557,0.4304088157929007,0.0
10838,10866,memorandum,1,0.5496950894594193,0.18225874853184276,4.333333333333333
10839,10849,memorandum,1,0.7727770805358887,0.2672654920277363,12.0
1084,1402,executive_order,1,0.47009438276290894,0.04028120913732877,0.0
10840,10916,memorandum,1,0.8530347943305969,0.8933037819964027,123.66666666666667
10841,11012,memorandum,1,0.8020421266555786,0.5639589213572939,34.333333333333336
10842,11012,memorandum,1,0.819211483001709,0.5645294614636044,32.0
10843,11000,memorandum,1,0.8688514232635498,0.8228652860100313,62.0
10844,10911,memorandum,1,0.8144772052764893,0.5050970686761805,30.333333333333332
10845,11015,memorandum,1,0.7960430383682251,0.3394490225153422,21.0
10846,10919,memorandum,1,0.8409366011619568,0.6666666666666665,23.333333333333332
10848,10991,memorandum,1,0.7360349893569946,0.6384286860509085,25.0
10849,10903,memorandum,1,0.8122082948684692,0.42599519214222437,43.0
1085,1494,executive_order,1,0.8367710709571838,0.8246130648464782,60.0
10850,10934,memorandum,1,0.8157535195350647,0.28907258367599914,14.0
10851,10950,memorandum,1,0.7768352627754211,0.25788839089327426,26.0
10852,10949,memorandum,1,0.7831282615661621,0.8416216791775358,50.0
10853,11355,memorandum,1,0.45896779000759125,0.029058408742392974,0.0
10854,10991,memorandum,1,0.7979332804679871,0.6791439470356043,24.0
10855,10945,memorandum,1,0.7342649102210999,0.6777773032970433,28.0
10857,10881,memorandum,1,0.7603030204772949,0.4857195676171549,50.0
10858,10917,memorandum,1,0.7149498462677002,0.32547214446009254,5.0
10859,11004,memorandum,1,0.7205315232276917,0.7395712167105208,32.0
10860,10929,memorandum,1,0.8039263486862183,0.7237367228049792,48.0
10861,10926,memorandum,1,0.7277268767356873,0.6836455907473757,27.0
10863,10946,memorandum,1,0.7616677284240723,0.8797534783315683,68.33333333333333
10864,11111,memorandum,1,0.7592611014842987,0.514419958356785,35.0
10865,10869,memorandum,1,0.7762595415115356,0.767553798542264,25.0
10866,11044,memorandum,1,0.6719024777412415,0.5589411876596553,13.0
10867,10935,memorandum,1,0.5657404661178589,0.00623975117164122,0.0
10868,10992,memorandum,1,0.7669315934181213,0.6222645634193569,25.0
10869,10923,memorandum,1,0.7871627807617188,0.8196387030975065,25.0
10872,10970,memorandum,1,0.7811353802680969,0.7104105259374542,25.0
10873,10897,memorandum,1,0.6076180934906006,0.08679510835641724,0.0
10874,11517,memorandum,1,0.500955730676651,0.008029942260030802,0.0
10875,11159,memorandum,1,0.8647220134735107,0.9671082534121404,73.0
10876,11136,memorandum,1,0.5137302726507187,0.03655037902259174,0.0
10878,10923,memorandum,1,0.7890337705612183,0.7280435149548078,25.0
10879,10980,memorandum,1,0.6477701663970947,0.03252008533721775,0.0
1088,1139,executive_order,1,0.4784797132015228,0.12200171698845186,37.333333333333336
10880,11001,memorandum,1,0.6647002100944519,0.032841226774809926,0.0
10881,10956,memorandum,1,0.6842864751815796,0.3322640695787435,47.0
10882,10963,memorandum,1,0.8638438582420349,0.8147313492889018,53.333333333333336
10883,10948,memorandum,1,0.6824240982532501,0.5102909473952538,28.666666666666668
10885,10935,memorandum,1,0.6205432415008545,0.010386445325949208,0.0
10886,10892,memorandum,1,0.6355082988739014,0.20461177975572828,39.0
10887,10983,memorandum,1,0.45900148153305054,0.04053447364827932,0.0
10889,10913,memorandum,1,0.5109113454818726,0.17107688957088796,14.0
1089,2344,executive_order,1,0.5605495870113373,0.03303448161315244,0.0
10890,10980,memorandum,1,0.7670858502388,0.48521266235013527,0.0
10891,11044,memorandum,1,0.6770561337471008,0.6005127467208394,18.0
10892,11084,memorandum,1,0.6338476538658142,0.12668821051556942,14.0
10893,11020,memorandum,1,0.7417843341827393,0.73904213218736,47.0
10894,10949,memorandum,1,0.755706787109375,0.8818960790473178,50.0
10897,11229,memorandum,1,0.5573086440563202,0.003568667106195382,0.0
10899,10936,memorandum,1,0.45121946930885315,0.0028112403119948622,0.0
10900,10981,memorandum,1,0.7624515891075134,0.4809521391257476,0.0
10902,11088,memorandum,1,0.49850136041641235,0.0275646465114438,0.0
10903,10904,memorandum,1,0.8634376525878906,0.9999999999999993,87.0
10904,10930,memorandum,1,0.7775501012802124,0.34186731869417036,26.0
10905,11892,memorandum,1,0.4601949453353882,0.0036376285498865234,0.0
10906,10992,memorandum,1,0.7798857688903809,0.6443676837708935,28.0
10907,10991,memorandum,1,0.7763572931289673,0.7097358831466746,27.0
10908,10992,memorandum,1,0.7872911691665649,0.6903516287793595,28.0
10911,10948,memorandum,1,0.7400347888469696,0.34678870190575894,18.0
10912,10980,memorandum,1,0.6583651006221771,0.07684406065421817,0.0
10913,10936,memorandum,1,0.8403844237327576,0.556602388252364,51.0
10916,11105,memorandum,1,0.7995376586914062,0.5322001418997283,70.33333333333333
10917,10952,memorandum,1,0.7875769734382629,0.6666666666666666,14.666666666666666
10919,11005,memorandum,1,0.8409366011619568,0.6666666666666665,23.333333333333332
10920,10934,memorandum,1,0.7899672985076904,0.41187848220252765,49.0
10921,10991,memorandum,1,0.7626854181289673,0.5742371019164781,12.0
10922,10991,memorandum,1,0.7496992349624634,0.5742371019164781,12.0
10923,10970,memorandum,1,0.7897182106971741,0.8196387030975065,25.0
10925,10958,memorandum,1,0.6178147792816162,0.40651639953847213,16.0
10926,11004,memorandum,1,0.7663037180900574,0.6168070434096224,25.0
10927,11655,memorandum,1,0.6476757526397705,0.0021318464898851795,0.0
10928,10947,memorandum,1,0.43637484312057495,0.051576997093753615,0.0
10929,11139,memorandum,1,0.7359723448753357,0.1499500239214622,10.0
10930,10934,memorandum,1,0.7556381225585938,0.4245480610553325,43.0
10931,10980,memorandum,1,0.6148069202899933,0.039425704973614854,0.0
10932,11004,memorandum,1,0.726020336151123,0.8070332433208933,38.0
10934,10956,memorandum,1,0.7622933983802795,0.3975933401292271,43.0
10935,11034,memorandum,1,0.500015377998352,0.009479895257255977,0.0
10936,10954,memorandum,1,0.7378737926483154,0.5298552948895543,36.0
10938,11111,memorandum,1,0.7414703965187073,0.5568537990666174,20.333333333333332
10939,11063,memorandum,1,0.7013577222824097,0.09111612418888992,4.333333333333333
10940,11346,memorandum,1,0.7496287822723389,0.48195787348084024,14.0
10941,10943,memorandum,1,0.6591635346412659,0.07029395245137032,0.0
10943,11355,memorandum,1,0.5386382341384888,0.03173599917591109,0.0
10944,11120,memorandum,1,0.6049864292144775,0.08475467128974826,0.0
10945,10997,memorandum,1,0.6707112193107605,0.4780555844579645,22.0
10946,11030,memorandum,1,0.7349502444267273,0.9581465517877324,65.33333333333333
10947,10956,memorandum,1,0.8629834055900574,0.8122014066717367,98.0
10948,10955,memorandum,1,0.7914246320724487,0.46639136945562143,30.333333333333332
10949,11015,memorandum,1,0.7727798223495483,0.7482570896069494,48.0
10950,10951,memorandum,1,0.8864127397537231,0.9248780650391327,109.0
10951,11007,memorandum,1,0.8175753951072693,0.31105938883687334,30.0
10952,11340,memorandum,1,0.5802909135818481,0.18382752534575672,7.5
10953,11340,memorandum,1,0.5802909135818481,0.18382752534575672,7.5
10954,10980,memorandum,1,0.6528040170669556,0.3770658779391791,15.0
10955,11012,memorandum,1,0.7911006808280945,0.3531115723830905,16.333333333333332
10956,11002,memorandum,1,0.7655107975006104,0.27681873017521225,20.0
10957,11022,memorandum,1,0.5779272317886353,0.005591025378039835,0.0
10958,10974,memorandum,1,0.45576709508895874,0.0,0.0
10959,11007,memorandum,1,0.788128137588501,0.35536920871638916,39.0
1096,1133,executive_order,1,0.6117117404937744,0.07675419240859309,0.0
10960,11287,memorandum,1,0.5817811191082001,0.004780876075647395,0.0
10961,10972,memorandum,1,0.6647674441337585,0.15389413819804315,7.0
10962,11013,memorandum,1,0.42988088726997375,0.01706111001355122,0.0
10963,11038,memorandum,1,0.8508408069610596,0.823777503680372,50.666666666666664
10965,10980,memorandum,1,0.6345221400260925,0.17605142772909788,12.0
10967,11132,memorandum,1,0.8770613670349121,1.0000000000000007,25.0
10968,10980,memorandum,1,0.6456399857997894,0.04783134397239447,0.0
10969,11016,memorandum,1,0.7928900122642517,0.7791165032005722,25.0
10970,10978,memorandum,1,0.7860646843910217,0.8037810797263936,25.0
10971,11211,memorandum,1,0.7255032062530518,0.3542721545086593,18.666666666666668
10972,11212,memorandum,1,0.5597227811813354,0.09231676358629796,0.0
10973,10980,memorandum,1,0.59298375248909,0.0861238847904329,5.0
10974,11119,memorandum,1,0.817880392074585,0.21889311222216717,0.0
10975,11053,memorandum,1,0.8314419984817505,0.47415842879337144,79.0
10976,11079,memorandum,1,0.6769106388092041,0.2194504365412275,15.0
10978,11016,memorandum,1,0.8152914047241211,0.7837304627616637,26.0
10979,10983,memorandum,1,0.5713751316070557,0.051493173308690875,0.0
1098,1184,executive_order,1,0.5984715223312378,0.21434818768509784,0.0
10980,11230,memorandum,1,0.5743363499641418,0.17423123522690984,12.0
10981,11047,memorandum,1,0.8082900047302246,0.6666666666666666,6.333333333333333
10983,11099,memorandum,1,0.5652047693729401,0.036548410892977036,0.0
10985,11062,memorandum,1,0.5186634361743927,0.009383009768308678,0.0
10986,11109,memorandum,1,0.47091877460479736,0.02579055912308521,0.0
10988,11496,memorandum,1,0.5929988324642181,0.3363040640758797,0.0
10990,11024,memorandum,1,0.867673397064209,0.941436312410003,64.0
10991,11129,memorandum,1,0.6507439911365509,0.28711855095823907,6.0
10992,11129,memorandum,1,0.685705840587616,0.2723748592212658,6.0
10993,11129,memorandum,1,0.42032504081726074,0.014058987764104261,0.0
10994,11184,memorandum,1,0.7092127799987793,0.1808489465409486,26.0
10995,11062,memorandum,1,0.48582878708839417,0.034827485707983934,0.0
10997,11130,memorandum,1,0.6318176984786987,0.22302546166999937,7.0
10998,11012,memorandum,1,0.742760181427002,0.5249582091625786,31.5
10999,11071,memorandum,1,0.5152775943279266,0.00754732399035684,0.0
11,10677,memorandum,1,0.5423663854598999,0.01531857659231823,0.0
1100,1161,executive_order,1,0.5521707832813263,0.28227043919612743,7.333333333333333
11000,11191,memorandum,1,0.852857768535614,0.6780726019310256,37.0
11001,11068,memorandum,1,0.7193284630775452,0.29565625642015986,10.333333333333334
11002,11104,memorandum,1,0.7569515705108643,0.17043945479087924,25.0
11003,11347,memorandum,1,0.700920581817627,0.38799550093700785,0.0
11004,11347,memorandum,1,0.7041804790496826,0.39038630037889854,0.0
11005,11065,memorandum,1,0.8409366011619568,0.6666666666666665,23.333333333333332
11006,11014,memorandum,1,0.5634783655405045,0.15226173571351442,16.333333333333332
11007,11104,memorandum,1,0.7590827941894531,0.27937274889038716,23.0
11009,11355,memorandum,1,0.47283387184143066,0.03292086789312006,0.0
11010,11022,memorandum,1,0.4855498671531677,0.017006281065680997,0.0
11011,11154,memorandum,1,0.5148677825927734,0.036180362868679046,0.0
11012,11066,memorandum,1,0.6441195905208588,0.27507848338923924,14.666666666666666
11013,11355,memorandum,1,0.5455315113067627,0.02444988360457908,0.0
11014,11017,memorandum,1,0.7315073609352112,0.710551396902016,152.0
11015,11031,memorandum,1,0.646704912185669,0.5915741882573216,44.0
11016,11346,memorandum,1,0.7805278301239014,0.7604922397766589,26.0
11017,11045,memorandum,1,0.4687047302722931,0.0077535325890216635,0.0
11019,11045,memorandum,1,0.5447924733161926,0.0,0.0
1102,1220,executive_order,1,0.5301771461963654,0.14693537500895792,11.666666666666666
11020,11021,memorandum,1,0.7506641149520874,0.6887362928852172,43.0
11021,11150,memorandum,1,0.8292410969734192,0.49367826352051336,22.5
11022,11146,memorandum,1,0.5079578161239624,0.1963116025364074,0.0
11023,11031,memorandum,1,0.5789535045623779,0.036115370732740994,0.0
11024,11102,memorandum,1,0.820997953414917,0.6428287989543883,40.0
11026,11374,memorandum,1,0.7605783641338348,0.3463455906198616,11.5
11027,11111,memorandum,1,0.7332294583320618,0.6664539788068377,18.0
11028,11032,memorandum,1,0.8711852431297302,0.26602886841833306,0.0
11029,11104,memorandum,1,0.7501688003540039,0.14927393419338286,12.0
11030,11074,memorandum,1,0.7016623914241791,0.9030206986403195,63.333333333333336
11031,11115,memorandum,1,0.5522682070732117,0.1458680411181652,12.0
11032,11079,memorandum,1,0.6874282360076904,0.27852077611700554,13.0
11033,11214,memorandum,1,0.5264270305633545,0.04884493800848986,0.0
11034,11156,memorandum,1,0.5894754528999329,0.0,0.0
11035,11496,memorandum,1,0.573040246963501,0.33615413105189823,0.0
11037,11214,memorandum,1,0.601858913898468,0.048318980543288016,0.0
11038,11077,memorandum,1,0.8620508313179016,0.8499521285050466,46.666666666666664
11039,11346,memorandum,1,0.7155473232269287,0.6369687654313637,17.0
11040,11229,memorandum,1,0.5366532206535339,0.01574521164566067,0.0
11041,11062,memorandum,1,0.5107132792472839,0.021294430137419152,0.0
11042,11116,memorandum,1,0.6252436935901642,0.16249788886965316,4.666666666666667
11043,11116,memorandum,1,0.6252436935901642,0.16249788886965316,4.666666666666667
11044,11496,memorandum,1,0.4408356696367264,0.03831587205305209,0.0
11045,11355,memorandum,1,0.620920717716217,0.11450176160489911,0.0
11046,11118,memorandum,1,0.5249817073345184,0.03165029638024103,0.0
11047,11103,memorandum,1,0.8082900047302246,0.6666666666666666,6.333333333333333
11048,11326,memorandum,1,0.5004098415374756,0.0034263915331004037,0.0
11049,11326,memorandum,1,0.5137127637863159,0.005015336392038525,0.0
1105,1679,executive_order,1,0.7580488920211792,0.8470252871766097,19.0
11050,11695,memorandum,1,0.5734544396400452,0.005585391201426433,0.0
11051,11088,memorandum,1,0.5029601901769638,0.004771473547547418,0.0
11052,11896,memorandum,1,0.5030838847160339,0.0,0.0
11053,11064,memorandum,1,0.7616690397262573,0.37163656891394137,77.0
11054,11196,memorandum,1,0.47845451533794403,0.01543486487223711,0.0
11055,11074,memorandum,1,0.6344728171825409,0.46849256251453236,26.0
11056,11073,memorandum,1,0.5650686323642731,0.026014964255978712,0.0
11058,11469,memorandum,1,0.5860983431339264,0.025077957216981788,0.0
11059,11090,memorandum,1,0.8663626909255981,0.9999999999999998,33.0
11060,11926,memorandum,1,0.6023870706558228,0.0,0.0
11061,11181,memorandum,1,0.47391435503959656,0.017486650022698256,0.0
11062,11327,memorandum,1,0.6090292632579803,0.03199042898631793,0.0
11063,11100,memorandum,1,0.7923409044742584,0.41082999129041675,21.666666666666668
11064,11079,memorandum,1,0.5143140554428101,0.020541936115955874,0.0
11065,11138,memorandum,1,0.8409366011619568,0.6666666666666665,23.333333333333332
11066,11211,memorandum,1,0.6944948136806488,0.5166172260408642,26.0
11068,11139,memorandum,1,0.7196153402328491,0.22728342473414578,17.0
11070,11084,memorandum,1,0.5271681696176529,0.07839672946813213,6.5
11071,11246,memorandum,1,0.571174681186676,0.09301775026790297,11.333333333333334
11072,11655,memorandum,1,0.49134010076522827,0.0,0.0
11073,11205,memorandum,1,0.8443757891654968,0.6583763349635013,23.0
11074,11164,memorandum,1,0.7097669839859009,0.5628259854205747,41.0
11075,11179,memorandum,1,0.5480022430419922,0.05947254209021641,0.0
11076,11104,memorandum,1,0.6549244523048401,0.19844041663794657,12.5
11077,11116,memorandum,1,0.840919554233551,0.8515497659498458,51.0
11078,11153,memorandum,1,0.5788629651069641,0.11814361548070866,8.0
11079,11212,memorandum,1,0.5031026750802994,0.11614484637142325,0.0
11080,11845,memorandum,1,0.5948879718780518,0.0,0.0
11081,11222,memorandum,1,0.7185591459274292,0.3256356833812029,18.666666666666668
11082,11165,memorandum,1,0.5387963652610779,0.033058213438208674,0.0
11083,11222,memorandum,1,0.688910722732544,0.2943266351202064,18.666666666666668
11084,11212,memorandum,1,0.4871609956026077,0.09119732855263651,7.0
11086,11150,memorandum,1,0.7342901229858398,0.44934342942599276,10.666666666666666
11088,11239,memorandum,1,0.5536136627197266,0.0,0.0
11089,11590,memorandum,1,0.5164799690246582,0.0015134703875542882,0.0
11090,11126,memorandum,1,0.8663626909255981,0.9999999999999998,33.0
11099,11181,memorandum,1,0.48976702988147736,0.02048872237446026,0.0
11100,11470,memorandum,1,0.527097076177597,0.024997505801845617,0.0
11102,11720,memorandum,1,0.5355131924152374,0.0014319231618667543,0.0
11103,11118,memorandum,1,0.752749502658844,0.3653597919178379,0.0
11104,11344,memorandum,1,0.6512085199356079,0.11856428319639643,22.0
11105,11184,memorandum,1,0.606552928686142,0.06881820201690174,11.0
11106,11130,memorandum,1,0.5623092949390411,0.19914784232141244,8.666666666666666
11107,11611,memorandum,1,0.7427643537521362,0.18586016450219933,0.0
11109,11110,memorandum,1,0.5490986704826355,0.638354123721179,12.0
11110,11511,memorandum,1,0.5004452168941498,0.05638049572046563,0.0
11111,11151,memorandum,1,0.8431919813156128,0.7029658553534168,23.333333333333332
11112,11211,memorandum,1,0.5861917734146118,0.09753340912115778,3.6666666666666665
11113,11184,memorandum,1,0.6977695226669312,0.0657652585253805,0.0
11114,11164,memorandum,1,0.7001722455024719,0.5317021227189279,22.0
11115,11347,memorandum,1,0.5829441547393799,0.088120212364763,0.0
11116,11355,memorandum,1,0.5675698220729828,0.020604045362131108,0.0
11117,11355,memorandum,1,0.5800501704216003,0.020431366770578326,0.0
11118,11172,memorandum,1,0.8661895990371704,0.6666666666666666,14.666666666666666
11119,11120,memorandum,1,0.5254644155502319,0.029544798619265476,0.0
1112,1177,executive_order,1,0.6098493337631226,0.3268701031061126,13.0
11120,11156,memorandum,1,0.8195308446884155,0.8327915135548489,26.0
11121,11129,memorandum,1,0.5545386075973511,0.027141317663461215,0.0
11122,11162,memorandum,1,0.6513311266899109,0.1219395606963065,0.0
11123,11222,memorandum,1,0.45214851200580597,0.021705528502993548,0.0
11125,11164,memorandum,1,0.6394613683223724,0.3935796575322568,16.666666666666668
11126,11179,memorandum,1,0.8748666644096375,0.9722966739664547,33.0
11128,11164,memorandum,1,0.6004743874073029,0.3507572381794404,19.0
11129,11204,memorandum,1,0.7893803715705872,0.5235301133809903,13.666666666666666
1113,3703,executive_order,1,0.603867769241333,0.009364641938791983,0.0
11130,11405,memorandum,1,0.5701059699058533,0.0019671091533954095,0.0
11131,11213,memorandum,1,0.6866768598556519,0.2800539047922575,97.5
11132,11625,memorandum,1,0.504374086856842,0.0,0.0
11133,11214,memorandum,1,0.826148271560669,0.6253089766155809,19.0
11134,11144,memorandum,1,0.4678341746330261,0.005533144131757193,0.0
11136,11221,memorandum,1,0.6216645538806915,0.02375406985066639,0.0
11137,11355,memorandum,1,0.5019116401672363,0.00800101599374909,0.0
11138,11355,memorandum,1,0.731559157371521,0.5,15.0
11139,11193,memorandum,1,0.8165412545204163,0.7783457592014719,100.0
11142,11334,memorandum,1,0.5446225106716156,0.16930851123940172,12.666666666666666
11144,11281,memorandum,1,0.6343661844730377,0.03541813452976925,0.0
11146,11284,memorandum,1,0.4646517038345337,0.03443560017390096,0.0
11147,11166,memorandum,1,0.6890632808208466,0.24640245534425112,19.666666666666668
11148,11166,memorandum,1,0.6708113253116608,0.23230509231908417,19.666666666666668
11150,11448,memorandum,1,0.6746691465377808,0.4905485240426186,14.333333333333334
11151,11205,memorandum,1,0.8605942726135254,0.6424411696450626,18.0
11152,11164,memorandum,1,0.6424860656261444,0.23058520608539793,12.333333333333334
11153,11164,memorandum,1,0.6428817808628082,0.2315615700997872,12.333333333333334
11154,11186,memorandum,1,0.5795299112796783,0.30132614615152287,12.666666666666666
11155,11186,memorandum,1,0.5795299112796783,0.30132614615152287,12.666666666666666
11156,11214,memorandum,1,0.5121947526931763,0.03100218194318567,0.0
11158,11186,memorandum,1,0.6206839978694916,0.08041263447711276,4.0
11159,11172,memorandum,1,0.47382141649723053,0.01607518584894421,0.0
11160,11355,memorandum,1,0.5759273767471313,0.1330272753023507,0.0
11161,11475,memorandum,1,0.5546658933162689,0.02178458588234437,0.0
11162,11183,memorandum,1,0.8282188177108765,0.2586136552569181,41.0
11163,11216,memorandum,1,0.5231219232082367,0.06267747915839433,0.0
11164,11346,memorandum,1,0.5448966324329376,0.025401862845826354,0.0
11165,11203,memorandum,1,0.5245741009712219,0.051445393223913456,0.0
11166,11180,memorandum,1,0.5367465019226074,0.10837079924241183,0.0
11167,11201,memorandum,1,0.570127546787262,0.03771114786860965,0.0
11168,11203,memorandum,1,0.5258934199810028,0.051445393223913456,0.0
11169,11201,memorandum,1,0.5678103566169739,0.037732783222504035,0.0
11171,11229,memorandum,1,0.5205870866775513,0.024781553442705325,0.0
11172,11344,memorandum,1,0.4955359101295471,0.029127969796103388,0.0
11173,11233,memorandum,1,0.5589656829833984,0.03897351763149945,0.0
11174,11589,memorandum,1,0.5024747103452682,0.0204357959143586,0.0
11176,11912,memorandum,1,0.5736283957958221,0.11246452024771034,0.0
11179,11326,memorandum,1,0.5129316449165344,0.0,0.0
11180,11201,memorandum,1,0.6556487083435059,0.08979796385864514,0.0
11181,11896,memorandum,1,0.5113577842712402,0.01955744165675922,0.0
11183,11251,memorandum,1,0.5183359384536743,0.053730204385060834,0.0
11184,11450,memorandum,1,0.5392740368843079,0.00817850510382256,0.0
11186,11198,memorandum,1,0.5656949579715729,0.16661968031657004,14.0
11187,11277,memorandum,1,0.4453643262386322,0.017950682598968717,0.0
11188,11538,memorandum,1,0.5888865292072296,0.01588085235369614,0.0
11189,11541,memorandum,1,0.3527016043663025,0.0008952925421128866,0.0
1119,2322,executive_order,1,0.5495733916759491,0.007942152810136298,0.0
11190,11563,memorandum,1,0.5195238590240479,0.007051945360157064,0.0
11191,11373,memorandum,1,0.5089444071054459,0.003739686837719866,0.0
11192,11211,memorandum,1,0.7260550260543823,0.5111194288288804,29.0
11193,11219,memorandum,1,0.7588553428649902,0.3080849837289109,12.0
11196,11203,memorandum,1,0.5395790040493011,0.020743917968387992,0.0
11197,11202,memorandum,1,0.5488093197345734,0.028216029129777536,0.0
11198,11202,memorandum,1,0.5492545366287231,0.028245641028611945,0.0
11199,11203,memorandum,1,0.5382695496082306,0.022139561415666406,0.0
112,619,executive_order,1,0.4670560657978058,0.09597726582936099,11.0
1120,3400,executive_order,1,0.4909084886312485,0.04356365528569788,0.0
11201,11209,memorandum,1,0.5481688976287842,0.031015196815313704,0.0
11202,11255,memorandum,1,0.5529725253582001,0.02772631668057639,0.0
11203,11255,memorandum,1,0.5513071119785309,0.027843697823355152,0.0
11204,11372,memorandum,1,0.7894977927207947,0.42110816283603825,8.0
11205,11283,memorandum,1,0.8626257181167603,0.7283095894753048,23.666666666666668
11206,11283,memorandum,1,0.8626257181167603,0.7283095894753048,23.666666666666668
11207,11334,memorandum,1,0.689323753118515,0.49128061565782155,39.666666666666664
11209,11221,memorandum,1,0.6671229004859924,0.06515901599279793,14.0
11210,11211,memorandum,1,0.7427550554275513,0.5751435168534539,31.333333333333332
11211,11214,memorandum,1,0.5127890408039093,0.017604264478844996,0.0
11212,11322,memorandum,1,0.47030943632125854,0.19468963633974365,0.0
11213,11214,memorandum,1,0.5175426453351974,0.03769088550968866,0.0
11214,11302,memorandum,1,0.5461450815200806,0.026198595323348062,0.0
11216,11250,memorandum,1,0.5170921832323074,0.027911455463876376,0.0
11217,11249,memorandum,1,0.6383679807186127,0.12531670267392478,12.666666666666666
11218,11225,memorandum,1,0.6168733239173889,0.0065731953327219156,0.0
11219,11247,memorandum,1,0.7436031103134155,0.19961704145700185,10.0
11221,11255,memorandum,1,0.528607502579689,0.03057265039583049,0.0
11222,11327,memorandum,1,0.5013166964054108,0.00522036702518497,0.0
11224,11773,memorandum,1,0.4767303764820099,0.009922888266527699,0.0
11225,11353,memorandum,1,0.5773804187774658,0.01572467400217497,0.0
11228,11353,memorandum,1,0.536474347114563,0.009350247738570024,0.0
11229,11421,memorandum,1,0.5617741346359253,0.007526754454548125,0.0
11230,11251,memorandum,1,0.5926849842071533,0.092874163455413,0.0
11231,11347,memorandum,1,0.4357713311910629,0.014499922961387536,0.0
11233,11637,memorandum,1,0.7164793610572815,0.16267406739610696,0.0
11237,11245,memorandum,1,0.5720553398132324,0.4489812799386367,0.0
11238,11663,memorandum,1,0.4527372717857361,0.0290934541639019,0.0
11239,11242,memorandum,1,0.6087513566017151,0.15207113141406753,0.0
11240,11242,memorandum,1,0.5223665237426758,0.0,0.0
11241,11603,memorandum,1,0.4537166804075241,0.00485511054211372,0.0
11242,11523,memorandum,1,0.5298243761062622,0.04300681271595279,0.0
11243,11952,memorandum,1,0.4583407938480377,0.0052341914906926315,0.0
11245,11807,memorandum,1,0.7125934362411499,0.0,0.0
11246,11541,memorandum,1,0.5804016292095184,0.11628149817897786,5.666666666666667
11247,11642,memorandum,1,0.7753256559371948,0.2628329686652507,0.0
11249,11432,memorandum,1,0.6324174106121063,0.1291736498866418,8.333333333333334
1125,3762,executive_order,1,0.6019341051578522,0.037476534338617584,0.0
11250,11251,memorandum,1,0.688242495059967,0.22618197792099667,11.0
11251,11662,memorandum,1,0.448367714881897,0.01919306713909966,0.0
11252,11294,memorandum,1,0.7599487006664276,0.6262125178247456,22.0
11253,11266,memorandum,1,0.8649986982345581,0.7425881463900872,25.0
11255,11278,memorandum,1,0.5760447382926941,0.1351581529632714,7.0
11258,11507,memorandum,1,0.5248798131942749,0.01082971264637072,0.0
11259,11602,memorandum,1,0.640813946723938,0.035976914708876796,5.5
11261,11714,memorandum,1,0.471640944480896,0.04231322994820166,0.0
11265,11267,memorandum,1,0.6560530364513397,0.20200476614107585,8.333333333333334
11266,11283,memorandum,1,0.8511140942573547,0.5059278034639846,7.333333333333333
11267,11334,memorandum,1,0.6029461920261383,0.18079600780231378,17.333333333333332
11268,11723,memorandum,1,0.442733496427536,0.0009333007089782289,0.0
11270,11873,memorandum,1,0.5297221839427948,0.009013987725757974,0.0
11271,11537,memorandum,1,0.5284492671489716,0.010289633039531947,0.0
11273,11801,memorandum,1,0.5070129632949829,0.000809951531186841,0.0
11274,11807,memorandum,1,0.7044605612754822,0.0,0.0
11276,11320,memorandum,1,0.5303037613630295,0.02206908637106536,0.0
11277,11602,memorandum,1,0.6841782033443451,0.018186629642439254,0.0
11278,11541,memorandum,1,0.48755574226379395,0.013061188872051118,0.0
11279,11816,memorandum,1,0.5094259977340698,0.000770747878858843,0.0
11280,11860,memorandum,1,0.5096465051174164,0.006668460635098906,0.0
11281,11440,memorandum,1,0.528708279132843,0.0013309728970059417,0.0
11283,11293,memorandum,1,0.8638997673988342,0.6951280337994595,24.333333333333332
11284,11346,memorandum,1,0.4631432890892029,0.04300768760060346,0.0
11287,11608,memorandum,1,0.6024798452854156,0.0,0.0
11288,11302,memorandum,1,0.5903056859970093,0.02187710703358418,0.0
11289,11967,memorandum,1,0.5431751608848572,0.0,0.0
11290,11435,memorandum,1,0.601199209690094,0.019130542543118276,3.3333333333333335
11292,11611,memorandum,1,0.7727410793304443,0.7664051789388413,25.0
11293,11449,memorandum,1,0.8563619256019592,0.6259740939493502,20.0
11294,11448,memorandum,1,0.6989689469337463,0.46777425023011054,9.333333333333334
11297,11302,memorandum,1,0.4704688787460327,0.0190899938050951,0.0
11298,11402,memorandum,1,0.5089294165372849,0.04723857741092938,0.0
11299,11438,memorandum,1,0.5071142017841339,0.005462529004616128,0.0
11300,11359,memorandum,1,0.5538973808288574,0.013840869442134696,0.0
11302,11696,memorandum,1,0.5311223864555359,0.009021161026712375,0.0
11303,11516,memorandum,1,0.4502440392971039,0.004333939835368097,3.3333333333333335
11304,11306,memorandum,1,0.5683355629444122,0.04620463533586381,12.0
11305,11759,memorandum,1,0.504441499710083,0.010964644172416486,0.0
11306,11424,memorandum,1,0.5331818163394928,0.04198668660296101,0.0
11309,11896,memorandum,1,0.5349571406841278,0.0036683702426672333,0.0
1131,1200,executive_order,1,0.7024455368518829,0.6755733860019745,101.0
11313,11355,memorandum,1,0.45818474888801575,0.013942287173449062,0.0
11314,11359,memorandum,1,0.5321927964687347,0.05376624060785847,0.0
11315,11432,memorandum,1,0.6191103458404541,0.04752674719518257,10.333333333333334
11317,11445,memorandum,1,0.397388219833374,0.0,0.0
11318,11363,memorandum,1,0.5616705417633057,0.06264979698746688,0.0
11319,11359,memorandum,1,0.534028172492981,0.00485294567589119,0.0
1132,1413,executive_order,1,0.6021100282669067,0.03419253100934938,0.0
11320,11611,memorandum,1,0.794791579246521,0.799841980006174,27.0
11322,11860,memorandum,1,0.5534889996051788,0.05449197774471431,3.3333333333333335
11324,11628,memorandum,1,0.6762627959251404,0.08253278557194647,0.0
11326,11944,memorandum,1,0.5218187868595123,0.012299468325343824,0.0
11327,11332,memorandum,1,0.5317305624485016,0.08895908155371685,0.0
11330,11696,memorandum,1,0.5263515710830688,0.01934082139228132,0.0
11331,11332,memorandum,1,0.5005156844854355,0.08111645407873383,0.0
11332,11542,memorandum,1,0.466471403837204,0.009994063550547334,0.0
11333,11469,memorandum,1,0.4950329214334488,0.01954966307132776,0.0
11334,11432,memorandum,1,0.6325816810131073,0.1966470574132153,20.333333333333332
11335,11373,memorandum,1,0.561354786157608,0.009907209752059276,0.0
11338,11347,memorandum,1,0.42527616024017334,0.09440978585076695,0.0
11339,11432,memorandum,1,0.6672593355178833,0.16567627645469343,22.0
1134,1951,executive_order,1,0.5971685647964478,0.13937589105234885,10.333333333333334
11340,11750,memorandum,1,0.6431058645248413,0.1197349734873559,13.0
11341,11405,memorandum,1,0.6066979169845581,0.21157298052181236,7.0
11343,11452,memorandum,1,0.5200629234313965,0.07832932461483674,10.0
11344,11405,memorandum,1,0.7308107614517212,0.2982242959483676,18.5
11345,11353,memorandum,1,0.5601375102996826,0.0,0.0
11346,11374,memorandum,1,0.6705453097820282,0.13025164544404166,0.0
11347,11355,memorandum,1,0.5988839864730835,0.06232446504977557,0.0
11348,11373,memorandum,1,0.8232747912406921,0.489975381921348,75.66666666666667
11350,11452,memorandum,1,0.6121026277542114,0.00672444948158811,0.0
11351,11454,memorandum,1,0.5473432838916779,0.07297232347075538,0.0
11353,11382,memorandum,1,0.6696087121963501,0.19496126210998396,0.0
11354,11625,memorandum,1,0.4521900713443756,0.01731807546891454,0.0
11355,11434,memorandum,1,0.8520848751068115,1.0,30.0
11357,11701,memorandum,1,0.49796023964881897,0.00842221332232737,0.0
11358,11520,memorandum,1,0.4654824286699295,0.005425625928870331,0.0
11359,11426,memorandum,1,0.5712615251541138,0.014825537170641946,0.0
11360,11620,memorandum,1,0.5279009938240051,0.007817946274613633,0.0
11361,11845,memorandum,1,0.42229948937892914,0.008056392086148077,0.0
11362,11454,memorandum,1,0.5650165379047394,0.009175481015664793,0.0
11363,11670,memorandum,1,0.47618745267391205,0.009440896747586922,0.0
11364,11523,memorandum,1,0.47941650450229645,0.006363160597219915,0.0
11365,11620,memorandum,1,0.5164670795202255,0.007952494132623155,0.0
11366,11534,memorandum,1,0.4730105847120285,0.011685011782438071,0.0
11367,11457,memorandum,1,0.5200649499893188,0.022458303566142424,0.0
11368,11402,memorandum,1,0.5050623118877411,0.0240534288413653,0.0
11370,11611,memorandum,1,0.769260048866272,0.5722822522585161,10.0
11371,11373,memorandum,1,0.8328476548194885,0.5178446057304503,76.33333333333333
11372,11843,memorandum,1,0.5238068699836731,0.01936786513712696,0.0
11373,11381,memorandum,1,0.8237879872322083,0.48370142625949336,63.666666666666664
11374,11449,memorandum,1,0.8645366430282593,0.7586350664017107,23.333333333333332
11375,11570,memorandum,1,0.5355340242385864,0.013300144784688495,0.0
11376,11648,memorandum,1,0.5967257022857666,0.010605985346022327,0.0
11377,11422,memorandum,1,0.4919372648000717,0.008156096756739993,0.0
11380,11593,memorandum,1,0.7653563022613525,0.21694242956585397,0.0
11381,11385,memorandum,1,0.7140455842018127,0.3573897791073533,36.0
11382,11801,memorandum,1,0.5338380336761475,0.017368195007686504,0.0
11384,11392,memorandum,1,0.693625420331955,0.05290226488187405,0.0
11385,11592,memorandum,1,0.4287104159593582,0.012177904034771847,0.0
11387,11765,memorandum,1,0.614827573299408,0.011872709444653604,0.0
11388,11588,memorandum,1,0.5817148089408875,0.003622344372223731,0.0
11389,11968,memorandum,1,0.5637604892253876,0.01076317458699764,0.0
11390,11562,memorandum,1,0.4898765981197357,0.009122053399960788,0.0
11391,11432,memorandum,1,0.6917127668857574,0.1342545262784449,17.333333333333332
11392,11585,memorandum,1,0.5904666483402252,0.0013307784383086187,0.0
11394,11445,memorandum,1,0.698436439037323,0.07315019175748617,0.0
11395,11704,memorandum,1,0.5769124925136566,0.009632959520252211,0.0
11399,11421,memorandum,1,0.5517417192459106,0.0,0.0
1140,1221,executive_order,1,0.7470205426216125,0.6956017112437936,167.33333333333334
11400,11860,memorandum,1,0.45398183166980743,0.008510077806995494,0.0
11401,11462,memorandum,1,0.7123929858207703,0.20123873219125823,24.333333333333332
11402,11733,memorandum,1,0.5184632390737534,0.017083812319693456,0.0
11403,11454,memorandum,1,0.5613889396190643,0.0037662419241739995,0.0
11404,11670,memorandum,1,0.5729352235794067,0.0020482559520828485,0.0
11405,11450,memorandum,1,0.6656570434570312,0.16194450643373218,7.666666666666667
11407,11420,memorandum,1,0.5959564447402954,0.15876974527575646,14.666666666666666
11408,11542,memorandum,1,0.46882446110248566,0.007740596668013705,0.0
11410,11845,memorandum,1,0.5025165677070618,0.0,0.0
11411,11509,memorandum,1,0.627517819404602,0.0,0.0
11412,11883,memorandum,1,0.8046491146087646,0.37836600463486925,0.0
11413,11692,memorandum,1,0.5165001451969147,0.004188382380195919,0.0
11414,11802,memorandum,1,0.5748398303985596,0.012050612298601843,0.0
11415,11968,memorandum,1,0.5205610990524292,0.008877572409944788,0.0
11416,11567,memorandum,1,0.5404135584831238,0.005051979121802094,0.0
11417,11968,memorandum,1,0.4677492678165436,0.0,0.0
11420,11432,memorandum,1,0.6151261329650879,0.11848233268765046,10.333333333333334
11421,11513,memorandum,1,0.5081088244915009,0.0062801582182509365,0.0
11422,11673,memorandum,1,0.5608790814876556,0.023859745220224344,0.0
11424,11967,memorandum,1,0.5399810373783112,0.020906033419069398,0.0
11426,11532,memorandum,1,0.5434701442718506,0.0,0.0
11427,11432,memorandum,1,0.6801865100860596,0.15227071984580362,19.333333333333332
11428,11523,memorandum,1,0.53579181432724,0.02896499452558337,0.0
1143,1345,executive_order,1,0.5618403851985931,0.028092974249738573,0.0
11430,11759,memorandum,1,0.5464913845062256,0.0,0.0
11431,11638,memorandum,1,0.5569040775299072,0.007787458510511046,0.0
11432,11462,memorandum,1,0.6943846940994263,0.1506494049268031,23.0
11433,11434,memorandum,1,0.5467643737792969,0.05718949739625248,0.0
11434,11496,memorandum,1,0.4826881140470505,0.044597718126656964,0.0
11435,11712,memorandum,1,0.5757697224617004,0.014468214074694901,0.0
11438,11560,memorandum,1,0.578299343585968,0.0,0.0
11439,11735,memorandum,1,0.5800544023513794,0.0,0.0
1144,4006,executive_order,1,0.8116004467010498,0.3785490561311953,18.333333333333332
11440,11477,memorandum,1,0.533297210931778,0.012023514993405314,0.0
11441,11494,memorandum,1,0.7939664721488953,0.3160934165340679,36.0
11443,11480,memorandum,1,0.8031848669052124,0.875295140013997,64.0
11445,11615,memorandum,1,0.7578893601894379,0.08197667960579043,0.0
11446,11584,memorandum,1,0.5448148250579834,0.009621460433673623,0.0
11447,11733,memorandum,1,0.47353893518447876,0.006605203492917286,0.0
11448,11496,memorandum,1,0.4951605349779129,0.08952505658048086,0.0
11449,11496,memorandum,1,0.7548023462295532,0.37026116024038447,3.3333333333333335
1145,1208,executive_order,1,0.5770376324653625,0.22573473442070524,26.0
11450,11860,memorandum,1,0.5712893009185791,0.017146318676744026,0.0
11451,11484,memorandum,1,0.48661063611507416,0.011971789317172183,0.0
11452,11860,memorandum,1,0.5349225252866745,0.013045314973954404,0.0
11453,11466,memorandum,1,0.7227557301521301,0.2710504805721631,12.0
11454,11530,memorandum,1,0.6357997357845306,0.13173880823502043,0.0
11455,11517,memorandum,1,0.6368281543254852,0.05172499762016303,0.0
11457,11692,memorandum,1,0.5635885000228882,0.006942565036639824,0.0
11459,11701,memorandum,1,0.5438061654567719,0.01887193841266099,0.0
11460,11553,memorandum,1,0.4517839103937149,0.01388447685438167,0.0
11461,11593,memorandum,1,0.8222498893737793,0.1611582504575053,0.0
11462,11541,memorandum,1,0.6876862347126007,0.12278669607866498,17.0
11465,11588,memorandum,1,0.5834025740623474,0.026402827068735847,0.0
11466,11653,memorandum,1,0.48718856275081635,0.003980083580459225,0.0
11467,11516,memorandum,1,0.5718457698822021,0.004496771486497661,0.0
11469,11562,memorandum,1,0.632074773311615,0.03942226561990677,0.0
1147,2375,executive_order,1,0.5563730895519257,0.022818079490975956,0.0
11470,11547,memorandum,1,0.6026410162448883,0.021829231611828665,0.0
11472,11759,memorandum,1,0.5476236343383789,0.01916245522892847,0.0
11473,11945,memorandum,1,0.49178412556648254,0.010722639247799946,0.0
11474,11570,memorandum,1,0.5737014710903168,0.020632021426622987,0.0
11475,11682,memorandum,1,0.5506509244441986,0.015576192035886971,0.0
11477,11653,memorandum,1,0.5723488032817841,0.02036026069810835,0.0
11479,11513,memorandum,1,0.6520151197910309,0.013286357556732959,0.0
1148,2059,executive_order,1,0.5441791415214539,0.06648863449048929,0.0
11480,11624,memorandum,1,0.8022586107254028,0.31148662465780225,10.0
11482,11769,memorandum,1,0.4788416028022766,0.0038480069137012515,0.0
11483,11676,memorandum,1,0.531782478094101,0.014494915555383946,0.0
11484,11714,memorandum,1,0.512921929359436,0.005404105649703064,0.0
11485,11725,memorandum,1,0.5771433413028717,0.016565035922765033,0.0
11488,11801,memorandum,1,0.5953670740127563,0.0,0.0
11489,11608,memorandum,1,0.5891974866390228,0.01155490651619408,0.0
11490,11653,memorandum,1,0.4884311109781265,0.006852909819034307,0.0
11491,11513,memorandum,1,0.6220503449440002,0.3284901645902701,7.0
11492,11732,memorandum,1,0.52231165766716,0.054363005920966254,0.0
11494,11714,memorandum,1,0.6920941174030304,0.061374652918344666,5.5
11495,11777,memorandum,1,0.5771732926368713,0.0,0.0
11496,11729,memorandum,1,0.46246422827243805,0.05473263428181122,0.0
11498,11542,memorandum,1,0.5583333671092987,0.06843051457690615,7.666666666666667
11499,11761,memorandum,1,0.5215353965759277,0.031263449362017325,0.0
115,3766,executive_order,1,0.49019084870815277,0.04419691766929056,0.0
1150,1837,executive_order,1,0.7367209792137146,0.279499964208232,36.0
11500,11507,memorandum,1,0.5379993617534637,0.17186519367670208,9.0
11501,11517,memorandum,1,0.6427352130413055,0.008349034855741564,0.0
11502,11732,memorandum,1,0.41705475747585297,0.005883199136221182,0.0
11503,11974,memorandum,1,0.4857310652732849,0.0,0.0
11504,11666,memorandum,1,0.5765250325202942,0.03803789161953934,0.0
11507,11541,memorandum,1,0.5724748373031616,0.11419051568477169,5.0
11508,11975,memorandum,1,0.5602541863918304,0.00303025131622495,0.0
11509,11591,memorandum,1,0.5776740908622742,0.0,0.0
11511,11538,memorandum,1,0.6187133491039276,0.04884477645371329,0.0
11513,11516,memorandum,1,0.5369663238525391,0.019753914108871506,0.0
11514,11701,memorandum,1,0.6472248136997223,0.004451222802403194,0.0
11516,11659,memorandum,1,0.5183743536472321,0.0100208789041793,0.0
11517,11659,memorandum,1,0.6281235814094543,0.040117292152667364,0.0
11518,11627,memorandum,1,0.506493091583252,0.0,0.0
11519,11588,memorandum,1,0.44538380205631256,0.006133155666761927,0.0
1152,1521,executive_order,1,0.5202278196811676,0.13280404489009937,10.666666666666666
11520,11585,memorandum,1,0.5917029082775116,0.044453582159273565,0.0
11523,11975,memorandum,1,0.540093719959259,0.002258956129865797,0.0
11524,11604,memorandum,1,0.47658446431159973,0.004711808403543112,0.0
11529,11779,memorandum,1,0.47196945548057556,0.0,0.0
1153,2526,executive_order,1,0.5981515645980835,0.020001843393783334,0.0
11530,11733,memorandum,1,0.5067728459835052,0.015158919617783437,0.0
11531,11761,memorandum,1,0.4869094640016556,0.03692485789322497,0.0
11532,11662,memorandum,1,0.5281188786029816,0.006090304910419653,0.0
11534,11570,memorandum,1,0.5110251754522324,0.04224769720726248,0.0
11535,11624,memorandum,1,0.7803859114646912,0.16711859583108962,0.0
11537,11620,memorandum,1,0.689389705657959,0.1602486359589684,3.3333333333333335
11538,11620,memorandum,1,0.6602409183979034,0.14952149442425544,3.3333333333333335
1154,2857,executive_order,1,0.6932395696640015,0.20568334723127224,27.0
11541,11543,memorandum,1,0.6932314038276672,0.48199138648438744,37.333333333333336
11542,11543,memorandum,1,0.5783360302448273,0.21015443652778468,11.0
11543,11968,memorandum,1,0.5041979551315308,0.007474562420047924,0.0
11544,11593,memorandum,1,0.8223094940185547,0.36143546262029186,16.0
11545,11701,memorandum,1,0.45917588472366333,0.009779092002606416,0.0
11546,11968,memorandum,1,0.5479431748390198,0.027807576239714363,0.0
11547,11573,memorandum,1,0.5507668256759644,0.02150331052287078,0.0
11550,11763,memorandum,1,0.51722651720047,0.004116113372125823,0.0
11551,11562,memorandum,1,0.7068631052970886,0.08030249850564261,0.0
11552,11588,memorandum,1,0.5542833209037781,0.01918750237784624,0.0
11553,11570,memorandum,1,0.5009073168039322,0.03895159019962466,0.0
11554,11761,memorandum,1,0.5583915412425995,0.0027671977970131377,0.0
11556,11611,memorandum,1,0.7611767947673798,0.38897664988434,8.5
11558,11765,memorandum,1,0.5789932012557983,0.027256380589443293,0.0
11559,11634,memorandum,1,0.5858007967472076,0.0,0.0
1156,1402,executive_order,1,0.6531344056129456,0.11473012613789264,8.333333333333334
11560,11968,memorandum,1,0.5513946413993835,0.0,0.0
11562,11598,memorandum,1,0.5727806687355042,0.019549696419749463,0.0
11563,11593,memorandum,1,0.7997227609157562,0.26096687748352154,19.5
11565,11653,memorandum,1,0.4254569560289383,0.006149329927327247,0.0
11567,11589,memorandum,1,0.6705820560455322,0.11991011593077729,0.0
11568,11653,memorandum,1,0.6694962978363037,0.018049166435948998,0.0
11570,11675,memorandum,1,0.5471315979957581,0.03410692404901473,0.0
11573,11607,memorandum,1,0.4913942813873291,0.02930862215065896,0.0
11576,11807,memorandum,1,0.7106143236160278,0.19333326451240107,0.0
11580,11807,memorandum,1,0.6285893321037292,0.020973244714767945,0.0
11584,11648,memorandum,1,0.6145520210266113,0.0,0.0
11585,11592,memorandum,1,0.47950348258018494,0.02877388919960994,0.0
11588,11759,memorandum,1,0.6122307777404785,0.029977852135739124,0.0
11589,11675,memorandum,1,0.560492753982544,0.0,0.0
1159,1384,executive_order,1,0.5388059020042419,0.15087329341582598,20.0
11590,11759,memorandum,1,0.5056179761886597,0.0,0.0
11591,11598,memorandum,1,0.8334351778030396,0.755171627050096,55.0
11592,11662,memorandum,1,0.4930708408355713,0.006900395084600038,0.0
11593,11628,memorandum,1,0.764420747756958,0.2472782771825089,11.0
11597,11633,memorandum,1,0.48651617765426636,0.02140936049658297,0.0
11598,11624,memorandum,1,0.7685727477073669,0.3207002859635795,20.0
1160,3693,executive_order,1,0.685809314250946,0.026488866344744184,0.0
11602,11653,memorandum,1,0.5030252784490585,0.004298573836088818,0.0
11603,11604,memorandum,1,0.47341589629650116,0.009060703304245549,0.0
11604,11922,memorandum,1,0.5124238729476929,0.004188166817318767,0.0
11606,11759,memorandum,1,0.5436301827430725,0.010167688168403004,0.0
11607,11620,memorandum,1,0.6628097295761108,0.22935109106819426,46.5
11608,11760,memorandum,1,0.7187371253967285,0.07390811698465755,10.0
1161,1284,executive_order,1,0.6408061385154724,0.22515296341199312,0.0
11611,11642,memorandum,1,0.7847368717193604,0.88288682682584,27.0
11614,11670,memorandum,1,0.5487619042396545,0.04839373465397242,0.0
11615,11944,memorandum,1,0.45511041581630707,0.0033477179127971057,0.0
11620,11675,memorandum,1,0.6365697979927063,0.03903145893608581,0.0
11621,11653,memorandum,1,0.5101872384548187,0.015396877760792226,0.0
11622,11968,memorandum,1,0.5439057648181915,0.003406017639806101,0.0
11624,11687,memorandum,1,0.7995116114616394,0.5324759971278028,17.0
11625,11666,memorandum,1,0.5396549701690674,0.0184778060576279,0.0
11627,11759,memorandum,1,0.49075889587402344,0.008256746005823015,0.0
11628,11731,memorandum,1,0.5443950891494751,0.02730786230443181,0.0
11629,11759,memorandum,1,0.5248546600341797,0.017162612507388247,0.0
11633,11675,memorandum,1,0.5302136540412903,0.008731240543712857,0.0
11634,11650,memorandum,1,0.6670327484607697,0.016404415606742506,0.0
11637,11836,memorandum,1,0.7643254399299622,0.527009296536929,0.0
11638,11655,memorandum,1,0.5730746984481812,0.029732278144261808,0.0
11641,11659,memorandum,1,0.5483036637306213,0.006609085945379443,0.0
11642,11687,memorandum,1,0.7881714105606079,0.7676989266755457,24.0
11645,11655,memorandum,1,0.5899583101272583,0.0,0.0
11646,11801,memorandum,1,0.5552976131439209,0.007888386649751354,0.0
11648,11801,memorandum,1,0.5255681872367859,0.0029059138629559935,0.0
11649,11761,memorandum,1,0.5151890814304352,0.025300283043931154,0.0
1165,1992,executive_order,1,0.5261064767837524,0.06394057107726957,4.0
11650,11733,memorandum,1,0.6122903525829315,0.022234943312586727,0.0
11652,11711,memorandum,1,0.5763635039329529,0.005144271700173137,0.0
11655,11760,memorandum,1,0.49497753381729126,0.015410736673527523,0.0
11656,11704,memorandum,1,0.4769240915775299,0.0447596502150364,0.0
11657,11673,memorandum,1,0.5254335701465607,0.005519343072287221,0.0
11658,11659,memorandum,1,0.5517964959144592,0.016862038950554097,0.0
11659,11696,memorandum,1,0.6418027579784393,0.012526787776455167,0.0
11661,11777,memorandum,1,0.479120671749115,0.02273275065584901,0.0
11662,11704,memorandum,1,0.6314942836761475,0.05906878806240016,0.0
11663,11883,memorandum,1,0.623667299747467,0.12674753876530076,0.0
11666,11731,memorandum,1,0.6302675008773804,0.03952110411708987,0.0
11667,11728,memorandum,1,0.6451015472412109,0.02595954287802178,0.0
11670,11774,memorandum,1,0.49537554383277893,0.030046962912126402,0.0
11672,11712,memorandum,1,0.5434448719024658,0.011645478046411783,0.0
11673,11689,memorandum,1,0.5848473608493805,0.019112576482164727,0.0
11675,11706,memorandum,1,0.5970884561538696,0.03460764629112827,0.0
11676,11761,memorandum,1,0.5239003151655197,0.027949753428705853,0.0
11678,11759,memorandum,1,0.53391532599926,0.013337065629552029,0.0
11682,11696,memorandum,1,0.5070897042751312,0.014522472363520625,0.0
11684,11975,memorandum,1,0.5171936750411987,0.01044238611830417,0.0
11685,11778,memorandum,1,0.6442418694496155,0.16634780477664315,7.666666666666667
11686,11777,memorandum,1,0.5451326370239258,0.0,0.0
11687,11707,memorandum,1,0.7801212072372437,0.6758676308984467,22.0
11688,11801,memorandum,1,0.5160802006721497,0.00981974941426646,0.0
11689,11732,memorandum,1,0.47634367644786835,0.008496932376683215,0.0
11691,11704,memorandum,1,0.5216357707977295,0.0,0.0
11692,11761,memorandum,1,0.5405407547950745,0.0103501954841119,0.0
11694,11718,memorandum,1,0.8267956972122192,0.504202824890001,83.0
11695,11944,memorandum,1,0.527028039097786,0.008415133502002558,0.0
11696,11723,memorandum,1,0.5822645127773285,0.01553216800041894,0.0
1170,1175,executive_order,1,0.7018699645996094,0.38732868091241557,131.0
11700,11733,memorandum,1,0.441568523645401,0.004142652317163209,0.0
11701,11704,memorandum,1,0.5921422243118286,0.02941396009651655,0.0
11704,11761,memorandum,1,0.5290886461734772,0.0657976643459537,0.0
11705,11975,memorandum,1,0.47367045283317566,0.0,0.0
11706,11759,memorandum,1,0.575364738702774,0.011562845438811618,0.0
11707,11731,memorandum,1,0.5842121839523315,0.017441969867726934,0.0
11708,11733,memorandum,1,0.4428856074810028,0.0,0.0
11709,11761,memorandum,1,0.5049816966056824,0.05184728188684041,0.0
1171,1214,executive_order,1,0.8394348621368408,0.8215489157549904,59.333333333333336
11710,11759,memorandum,1,0.5884636044502258,0.0,0.0
11711,11765,memorandum,1,0.5243796110153198,0.007197078439218003,0.0
11712,11719,memorandum,1,0.6185332536697388,0.016909420488773343,0.0
11714,11761,memorandum,1,0.48457852005958557,0.01718756751537652,0.0
11718,11730,memorandum,1,0.8345714807510376,0.4497959509408594,38.0
11719,11723,memorandum,1,0.5701172351837158,0.007584663737323994,0.0
11720,11761,memorandum,1,0.5516730546951294,0.02873174787003149,0.0
11721,11773,memorandum,1,0.5624998807907104,0.0,0.0
11723,11968,memorandum,1,0.5596472024917603,0.05154539730668915,0.0
11724,11897,memorandum,1,0.574472963809967,0.009008207981959789,0.0
11725,11778,memorandum,1,0.6128549575805664,0.05658402462226636,0.0
11726,11942,memorandum,1,0.614262044429779,0.0067827707412228275,0.0
11728,11897,memorandum,1,0.5907742381095886,0.009027398824767875,0.0
11729,11860,memorandum,1,0.48950567841529846,0.0029430137192106745,0.0
11730,11926,memorandum,1,0.5265330076217651,0.0,0.0
11731,11765,memorandum,1,0.5573247075080872,0.04742988707737487,0.0
11732,11976,memorandum,1,0.5127716064453125,0.009255846088079124,0.0
11733,11759,memorandum,1,0.6031036376953125,0.009661299383521026,0.0
11734,11781,memorandum,1,0.7087815403938293,0.061946270450962085,0.0
11735,11802,memorandum,1,0.5211186408996582,0.0063385101753437225,0.0
11737,11975,memorandum,1,0.47769589722156525,0.0060351080019724135,0.0
11738,11964,memorandum,1,0.600117027759552,0.01625052618326159,0.0
11739,11759,memorandum,1,0.5592438578605652,0.0,0.0
11742,11975,memorandum,1,0.504349410533905,0.0,0.0
11743,11761,memorandum,1,0.4703899025917053,0.0265533806216284,0.0
11747,11765,memorandum,1,0.5102012455463409,0.019663026276385873,0.0
1175,2076,executive_order,1,0.6753053665161133,0.09312955337410128,11.0
11750,11816,memorandum,1,0.6001986563205719,0.20244622870438378,22.666666666666668
11755,11777,memorandum,1,0.5801091194152832,0.0,0.0
11756,11968,memorandum,1,0.5836784839630127,0.0,0.0
11759,11802,memorandum,1,0.5443130731582642,0.026279763066224926,0.0
1176,3929,executive_order,1,0.6449390649795532,0.04767459499950908,0.0
11760,11802,memorandum,1,0.43176424503326416,0.009426067212767652,0.0
11761,11763,memorandum,1,0.5489496886730194,0.03634234155912019,0.0
11763,11968,memorandum,1,0.5848958790302277,0.04202497971347823,0.0
11765,11967,memorandum,1,0.539669930934906,0.06003246521541553,11.0
11766,11771,memorandum,1,0.5041898488998413,0.03898183401898673,0.0
11769,11773,memorandum,1,0.567009687423706,0.02563614898106102,0.0
1177,1912,executive_order,1,0.7148765921592712,0.6603770962286317,40.0
11771,11777,memorandum,1,0.559258759021759,0.046155377372222056,0.0
11773,11777,memorandum,1,0.47646427154541016,0.01024076705506602,0.0
11774,11896,memorandum,1,0.47551429271698,0.0074366564019594265,0.0
11777,11779,memorandum,1,0.46002164483070374,0.012687994296756882,0.0
11778,11931,memorandum,1,0.443791925907135,0.022363076137866537,0.0
11779,11926,memorandum,1,0.46412381529808044,0.0,0.0
11781,11944,memorandum,1,0.5174246728420258,0.0062832261494046695,0.0
11782,11783,memorandum,1,0.6540582180023193,0.011677666798667614,0.0
11783,11807,memorandum,1,0.5118108987808228,0.02679531321531184,0.0
11784,11967,memorandum,1,0.4792928099632263,0.00949847793773827,0.0
11785,11810,memorandum,1,0.8018335103988647,0.7214673895535831,0.0
11790,11826,memorandum,1,0.6834232807159424,0.21316661170210455,0.0
1180,1300,executive_order,1,0.7076674699783325,0.36333484652731257,10.0
11801,11897,memorandum,1,0.48243945837020874,0.013968717013142659,0.0
11802,11892,memorandum,1,0.5117263793945312,0.0045428431052779595,0.0
11803,28,memorandum,1,0.4432019889354706,0.006969334678387821,0.0
11807,11901,memorandum,1,0.8189948797225952,0.7757249380293121,10.0
11809,11812,memorandum,1,0.6976216733455658,0.38352600726122066,5.5
11810,11812,memorandum,1,0.8132452368736267,0.9999999999999999,14.0
11812,11823,memorandum,1,0.8132452368736267,0.9999999999999999,14.0
11816,11843,memorandum,1,0.7432602047920227,0.4986652705848699,33.333333333333336
11819,11942,memorandum,1,0.4048573076725006,0.008075841915385022,0.0
1182,1456,executive_order,1,0.5559534430503845,0.19795682807580062,34.0
11823,11834,memorandum,1,0.8132452368736267,0.9999999999999999,14.0
11826,11834,memorandum,1,0.8132452368736267,0.9999999999999999,14.0
1183,1691,executive_order,1,0.5270787477493286,0.05516047571093101,15.0
11833,11883,memorandum,1,0.6558064818382263,0.47526779107020767,10.0
11834,11850,memorandum,1,0.8132452368736267,0.9999999999999999,14.0
11835,11850,memorandum,1,0.8132452368736267,0.9999999999999999,14.0
11836,11848,memorandum,1,0.6443532109260559,0.3387447529063336,0.0
11837,11883,memorandum,1,0.8210912942886353,0.8271455087189906,10.0
1184,1685,executive_order,1,0.7705073356628418,0.6628478342911641,31.0
11840,11868,memorandum,1,0.437139630317688,0.0,0.0
11843,11860,memorandum,1,0.47767259180545807,0.009730905583452295,0.0
11845,11950,memorandum,1,0.5253472328186035,0.024697058908510323,0.0
11848,11883,memorandum,1,0.6922043561935425,0.34332575658616044,0.0
1185,1805,executive_order,1,0.5619289577007294,0.18557845314033675,5.0
11850,11864,memorandum,1,0.7744508981704712,0.674195906719336,10.0
11851,11864,memorandum,1,0.7744508981704712,0.674195906719336,10.0
11860,11944,memorandum,1,0.4739113301038742,0.013877704166191614,0.0
11861,11976,memorandum,1,0.42002707719802856,0.006573209840565364,0.0
11863,11899,memorandum,1,0.423783540725708,0.00326775718747771,0.0
11864,11883,memorandum,1,0.8153184652328491,0.5121443168197628,0.0
11866,11901,memorandum,1,0.8153184652328491,0.5121443168197628,0.0
11868,11883,memorandum,1,0.5491584539413452,0.07463654229507632,0.0
11869,11899,memorandum,1,0.6530479192733765,0.1377316732409068,25.0
11872,11883,memorandum,1,0.5439829230308533,0.04573617757880191,0.0
11873,11908,memorandum,1,0.3891112506389618,0.006555331549109013,0.0
11875,11891,memorandum,1,0.5193319618701935,0.06888026511902083,0.0
11876,11967,memorandum,1,0.4417640268802643,0.0056083445467010815,0.0
11877,11968,memorandum,1,0.5114145427942276,0.0038707796603426824,0.0
11882,11938,memorandum,1,0.42816951870918274,0.004431033794700615,0.0
11883,11901,memorandum,1,0.8285989761352539,1.0000000000000002,11.0
11890,11925,memorandum,1,0.6602375507354736,0.14383125823314427,23.0
11891,11942,memorandum,1,0.6408916413784027,0.2787703179813872,55.0
11892,11926,memorandum,1,0.8452726006507874,0.8060385356445561,62.0
11893,11967,memorandum,1,0.4758754372596741,0.0,0.0
11896,11944,memorandum,1,0.5398630797863007,0.03722095343583253,0.0
11897,11968,memorandum,1,0.48094040155410767,0.0714367419673764,0.0
11899,11950,memorandum,1,0.40572619438171387,0.0043398187689978615,0.0
11901,11912,memorandum,1,0.8285989761352539,1.0000000000000002,11.0
11903,11908,memorandum,1,0.46658855676651,0.01220421580412534,0.0
11908,11912,memorandum,1,0.5708119869232178,0.0755284583302368,0.0
11909,11912,memorandum,1,0.6145734786987305,0.10469120552213493,0.0
11912,11921,memorandum,1,0.8285990357398987,1.0000000000000002,11.0
11914,11938,memorandum,1,0.5177360773086548,0.014990917841077693,0.0
11916,11921,memorandum,1,0.49283044040203094,0.19710846479031635,0.0
1192,1229,executive_order,1,0.6587873101234436,0.1811974259854409,70.66666666666667
11921,11960,memorandum,1,0.550859123468399,0.10608303956794493,0.0
11922,11967,memorandum,1,0.4740702211856842,0.0046996349031164465,0.0
11923,11933,memorandum,1,0.7091861367225647,0.43712837758295575,52.0
11925,11942,memorandum,1,0.8372524976730347,0.5051777956021625,115.0
11926,11934,memorandum,1,0.6355096697807312,0.04123097467453724,0.0
11927,11968,memorandum,1,0.4429984390735626,0.003923681379339279,0.0
11931,11964,memorandum,1,0.4559277147054672,0.09880703498721044,0.0
11932,28,memorandum,1,0.342964768409729,0.004194662513711718,0.0
11933,11944,memorandum,1,0.4433572292327881,0.02848805158456472,0.0
11934,11956,memorandum,1,0.39709222316741943,0.00608327643352319,0.0
11938,11975,memorandum,1,0.42417603731155396,0.0,0.0
11942,11964,memorandum,1,0.37832947075366974,0.004502532798091374,0.0
11944,28,memorandum,1,0.5203363299369812,0.013571669547222753,0.0
11945,11968,memorandum,1,0.5468038618564606,0.008633991984121861,0.0
11946,11967,memorandum,1,0.41923874616622925,0.014627502609507272,0.0
11949,11968,memorandum,1,0.49611590802669525,0.006803093216922525,0.0
1195,1441,executive_order,1,0.5892517268657684,0.4660328335919726,122.33333333333333
11950,11974,memorandum,1,0.6334598064422607,0.0,0.0
11952,11956,memorandum,1,0.4527047276496887,0.0014913635838584311,0.0
11956,11968,memorandum,1,0.45238760113716125,0.004038056633324342,0.0
11957,11968,memorandum,1,0.5252267718315125,0.0,0.0
11958,11967,memorandum,1,0.45804649591445923,0.0,0.0
1196,1676,executive_order,1,0.7312393188476562,0.39903782010525646,97.33333333333333
11960,11964,memorandum,1,0.4046141505241394,0.00217798639495282,0.0
11962,11967,memorandum,1,0.47322940826416016,0.0,0.0
11964,11968,memorandum,1,0.48275814950466156,0.029760073304597758,0.0
11965,11975,memorandum,1,0.4962359368801117,0.0,0.0
11966,11968,memorandum,1,0.42048925161361694,0.007401921042655284,0.0
11967,11968,memorandum,1,0.5017908215522766,0.09058378577566409,0.0
11968,11976,memorandum,1,0.43950319290161133,0.008986802836704702,0.0
11969,11974,memorandum,1,0.28807467222213745,0.0,0.0
11974,11975,memorandum,1,0.4155137836933136,0.0,0.0
11975,11976,memorandum,1,0.4636096954345703,0.0,0.0
1198,1575,executive_order,1,0.5526580959558487,0.016269270686226644,0.0
11980,12129,proclamation,1,0.8113144636154175,0.932664592221043,63.0
11982,16248,proclamation,1,0.5235238075256348,0.04194919599010567,0.0
11984,13535,proclamation,1,0.7615860104560852,0.5923483931058657,23.333333333333332
1199,1617,executive_order,1,0.7567615509033203,0.5513820305171452,14.0
11992,12047,proclamation,1,0.7108542621135712,0.9508413173247487,38.0
12,9742,memorandum,1,0.49471689760684967,0.016491612519097344,0.0
120,448,executive_order,1,0.5797368884086609,0.06723074362722818,27.333333333333332
1200,1290,executive_order,1,0.6565296947956085,0.7506883271239357,53.333333333333336
1202,1256,executive_order,1,0.49137555062770844,0.07582461138505754,12.333333333333334
12033,12136,proclamation,1,0.6862179636955261,0.5389071236089564,54.0
12037,12180,proclamation,1,0.791341245174408,0.4695240981669134,6.666666666666667
12046,13284,proclamation,1,0.7245003879070282,0.45398882477492936,43.333333333333336
12047,13284,proclamation,1,0.7289268970489502,0.4957105596581271,43.333333333333336
1205,1805,executive_order,1,0.5565135180950165,0.15709800162756019,17.333333333333332
12052,16748,proclamation,1,0.6873143315315247,0.20223191534737275,0.0
12058,12198,proclamation,1,0.818903386592865,0.4311539127667177,10.333333333333334
12067,13508,proclamation,1,0.5992088913917542,0.011191666872009147,0.0
1207,1921,executive_order,1,0.5019580870866776,0.06068806721696666,7.333333333333333
12070,12180,proclamation,1,0.62533038854599,0.0364243027538649,0.0
1208,2290,executive_order,1,0.5054941028356552,0.021214791254203672,0.0
12088,12273,proclamation,1,0.5513469874858856,0.129707493290617,23.333333333333332
1209,2084,executive_order,1,0.5855170786380768,0.16143496739162097,14.333333333333334
12090,12227,proclamation,1,0.8377761244773865,0.7210593403270985,27.0
12099,12180,proclamation,1,0.609114944934845,0.04667764419944786,0.0
1210,1678,executive_order,1,0.7494122982025146,0.24390932707545002,0.0
12113,12227,proclamation,1,0.5757831931114197,0.2599745832033726,0.0
12115,12266,proclamation,1,0.781064510345459,0.4513536665660962,9.333333333333334
12126,15139,proclamation,1,0.5199459791183472,0.02097175361273629,0.0
12129,15254,proclamation,1,0.6257095336914062,0.0392505044532303,0.0
12134,12279,proclamation,1,0.4825204312801361,0.028448179552211652,0.0
1214,1383,executive_order,1,0.8455500602722168,0.9080897152738102,67.0
12165,12353,proclamation,1,0.7734269201755524,0.9158279270234706,87.0
12167,12414,proclamation,1,0.8022577166557312,0.7545703806545115,118.0
12180,12198,proclamation,1,0.6074021458625793,0.02921737269052273,0.0
12198,16925,proclamation,1,0.45130622386932373,0.08770142256573554,0.0
1220,1347,executive_order,1,0.5326802432537079,0.14252883448787998,5.666666666666667
1221,1398,executive_order,1,0.5322454273700714,0.07387340551705938,3.6666666666666665
1222,2311,executive_order,1,0.5367926061153412,0.03928792203406891,3.3333333333333335
12227,15774,proclamation,1,0.8300588130950928,0.8424846874747635,26.0
1223,1457,executive_order,1,0.5218072533607483,0.031524395800428234,16.333333333333332
1224,1352,executive_order,1,0.6282229125499725,0.4683060406047217,66.33333333333333
12258,15152,proclamation,1,0.5388763248920441,0.008520469673774582,0.0
12259,12879,proclamation,1,0.8126405477523804,0.4457444361338897,14.0
1226,1291,executive_order,1,0.4218752384185791,0.04875383722736023,0.0
12266,16431,proclamation,1,0.7622591257095337,0.3935988172383149,7.0
1227,2768,executive_order,1,0.5514684915542603,0.0732178768354478,0.0
12273,15687,proclamation,1,0.6282365620136261,0.11030055587166672,25.0
12274,15687,proclamation,1,0.6454051434993744,0.1103366687292902,25.0
12284,15687,proclamation,1,0.7113708853721619,0.5874908665082774,156.33333333333334
1229,1245,executive_order,1,0.5542233884334564,0.10178492632181237,13.666666666666666
123,361,executive_order,1,0.5161134153604507,0.03025367672390099,3.3333333333333335
1230,1247,executive_order,1,0.5234787613153458,0.07008263805049418,5.0
1233,1307,executive_order,1,0.468282088637352,0.07087070168545859,19.333333333333332
12333,13284,proclamation,1,0.6476297974586487,0.21740806947922742,8.666666666666666
1234,1538,executive_order,1,0.4755675196647644,0.025115625774176156,0.0
1235,3910,executive_order,1,0.5599452257156372,0.014713985273636074,0.0
1238,1752,executive_order,1,0.44972679018974304,0.008543828753200915,0.0
1239,1402,executive_order,1,0.5142323821783066,0.078646848764745,8.666666666666666
124,558,executive_order,1,0.5150348544120789,0.13676265132728535,0.0
1240,3259,executive_order,1,0.5292440354824066,0.026700815874707875,0.0
12411,12582,proclamation,1,0.7493557035923004,0.40018203564463883,48.5
12413,12554,proclamation,1,0.7401354908943176,0.5660577058905161,110.33333333333333
12414,12512,proclamation,1,0.8312592506408691,0.7847104874773551,119.66666666666667
12418,12846,proclamation,1,0.798403412103653,0.8146188964497858,84.0
12419,12583,proclamation,1,0.7475524842739105,0.6849911199894981,138.0
1242,1991,executive_order,1,0.5044692158699036,0.11975519762514931,11.333333333333334
12421,15415,proclamation,1,0.7180082499980927,0.20164188461961596,0.0
1245,1991,executive_order,1,0.5668367147445679,0.3066413311613138,18.666666666666668
1247,1297,executive_order,1,0.6221864223480225,0.4808746347862562,88.33333333333333
1248,1256,executive_order,1,0.526445746421814,0.06500490546711585,12.666666666666666
12483,12500,proclamation,1,0.7802440524101257,0.7523361983559559,170.33333333333334
12485,15235,proclamation,1,0.7751028537750244,0.4082126234026901,53.0
125,441,executive_order,1,0.7451829612255096,0.18140532166303688,78.0
1250,1297,executive_order,1,0.5081533789634705,0.047719537372931664,8.333333333333334
12501,12582,proclamation,1,0.6791412532329559,0.35219806394601555,95.66666666666667
12505,12674,proclamation,1,0.8366469144821167,0.7652956406935744,30.0
12512,12554,proclamation,1,0.8030574917793274,0.7927096738679991,111.0
1253,1256,executive_order,1,0.5797598361968994,0.06486623687485642,0.0
1254,1539,executive_order,1,0.4921346455812454,0.066721064286158,0.0
1255,2350,executive_order,1,0.5753334760665894,0.032931281239300975,0.0
12554,12744,proclamation,1,0.723172515630722,0.5093886537798934,88.33333333333333
1256,1295,executive_order,1,0.6058198511600494,0.056885528453118596,0.0
12581,12680,proclamation,1,0.7938081622123718,0.6136964178776793,117.0
12582,12680,proclamation,1,0.726543128490448,0.3637779105889227,81.33333333333333
12583,12679,proclamation,1,0.7897947430610657,0.8294195821160703,162.66666666666666
12589,12754,proclamation,1,0.6030041873455048,0.30456430888820557,30.0
1259,3174,executive_order,1,0.5436545014381409,0.06407967088074207,0.0
12593,13749,proclamation,1,0.6778861284255981,0.10979258025823567,0.0
126,337,executive_order,1,0.49810317158699036,0.06410810677399331,20.333333333333332
1261,2790,executive_order,1,0.5008348524570465,0.05451124323173683,0.0
1262,1491,executive_order,1,0.57215216755867,0.048385969468988044,4.666666666666667
1264,1820,executive_order,1,0.48665279150009155,0.00513346415571387,0.0
12644,13137,proclamation,1,0.7703414857387543,0.9480735186677398,269.3333333333333
1266,1323,executive_order,1,0.5417101383209229,0.05519153096180851,15.0
12674,12828,proclamation,1,0.8102787733078003,0.7599182597159237,30.0
12678,12846,proclamation,1,0.6251381039619446,0.265999515042979,52.333333333333336
12679,12745,proclamation,1,0.8176794052124023,0.7218745824559334,159.33333333333334
1268,1384,executive_order,1,0.5738222301006317,0.04806070641888965,4.0
12680,12846,proclamation,1,0.7074285447597504,0.5253918943464255,77.66666666666667
1269,1671,executive_order,1,0.46951761841773987,0.026078113318361993,0.0
1272,1541,executive_order,1,0.6322750747203827,0.33018196149637363,19.333333333333332
1273,1603,executive_order,1,0.5106744021177292,0.0675088748531099,0.0
12730,12879,proclamation,1,0.8236344456672668,0.883621859281421,28.0
1274,2941,executive_order,1,0.5115546584129333,0.11860262293202672,8.0
12743,13651,proclamation,1,0.6452855169773102,0.1940943748377049,37.0
12744,13032,proclamation,1,0.7121531963348389,0.48401086907591634,63.666666666666664
12745,13030,proclamation,1,0.6990066468715668,0.28924627473640924,60.333333333333336
12783,12846,proclamation,1,0.7090406119823456,0.5046289036936661,73.0
12789,13510,proclamation,1,0.6318233609199524,0.4117199838299543,67.0
1280,1385,executive_order,1,0.4665776491165161,0.023967276331795212,4.333333333333333
12813,13562,proclamation,1,0.8174994587898254,0.44288557280888124,8.333333333333334
12828,12977,proclamation,1,0.8131043910980225,0.7587545698912265,30.0
12832,13647,proclamation,1,0.6705277860164642,0.7609876546787754,56.333333333333336
1284,1378,executive_order,1,0.6969695091247559,0.27373374638207626,0.0
12846,13030,proclamation,1,0.7502779364585876,0.7345031534619936,87.66666666666667
1286,1309,executive_order,1,0.4769422560930252,0.11754171585792018,11.666666666666666
12879,16429,proclamation,1,0.6338506937026978,0.06130669217984266,0.0
129,254,executive_order,1,0.5278889387845993,0.04572453816338956,12.333333333333334
1290,1462,executive_order,1,0.6529580950737,0.6433392801904926,85.33333333333333
1293,3173,executive_order,1,0.472107470035553,0.02224769476735187,0.0
1294,1519,executive_order,1,0.6551538407802582,0.41796188180260413,33.333333333333336
1295,2294,executive_order,1,0.6407399475574493,0.13280869442696827,4.0
1297,2083,executive_order,1,0.5074630230665207,0.07537018713758258,0.0
12977,13134,proclamation,1,0.8076364994049072,0.7587545698912265,30.0
1299,1437,executive_order,1,0.8456933498382568,0.4951358751590957,44.333333333333336
12995,15537,proclamation,1,0.8337489366531372,0.6496292624980371,32.0
13,9825,memorandum,1,0.6054146587848663,0.10807021123209191,17.0
1300,1675,executive_order,1,0.7282419800758362,0.23541347238093502,10.333333333333334
1301,4420,executive_order,1,0.5449572801589966,0.06015591363249079,3.3333333333333335
13030,15819,proclamation,1,0.6719114780426025,0.2304781064153398,36.666666666666664
13031,15232,proclamation,1,0.6734691262245178,0.21292622094719316,26.0
13032,15232,proclamation,1,0.6724489331245422,0.19413823107334294,31.666666666666668
13033,15814,proclamation,1,0.6894669234752655,0.2337676772756261,28.666666666666668
13034,15819,proclamation,1,0.6573814749717712,0.22513256809270785,44.333333333333336
13039,13875,proclamation,1,0.5818037986755371,0.03699740182035347,0.0
1304,1980,executive_order,1,0.5157588422298431,0.10623263942348332,4.666666666666667
13049,16248,proclamation,1,0.6668344736099243,0.15966847956509225,0.0
13056,15356,proclamation,1,0.668772429227829,0.4650092808911866,37.666666666666664
13083,15230,proclamation,1,0.6607717573642731,0.4735193719613883,91.66666666666667
1309,1788,executive_order,1,0.4996211379766464,0.13673243904362128,4.0
13093,15819,proclamation,1,0.592156857252121,0.19890957025675485,29.333333333333332
131,1376,executive_order,1,0.440681055188179,0.05451684756859614,0.0
13107,15842,proclamation,1,0.7516410648822784,0.24250884885724547,33.333333333333336
1311,1338,executive_order,1,0.7411178350448608,0.3514596520926629,0.0
1312,1442,executive_order,1,0.5133407711982727,0.07138381892181299,0.0
13134,13283,proclamation,1,0.8398327231407166,0.6809075522462692,30.0
1314,2985,executive_order,1,0.5352782011032104,0.1045008124767662,0.0
13146,19261,proclamation,1,0.5630749762058258,0.025794788037775695,0.0
13176,15842,proclamation,1,0.6932974457740784,0.21749318859690514,33.666666666666664
1318,1423,executive_order,1,0.539343848824501,0.21130797099928167,31.666666666666668
132,264,executive_order,1,0.5922456383705139,0.05643160633199471,13.333333333333334
1320,1462,executive_order,1,0.5032924115657806,0.14766136667254218,24.0
1328,1402,executive_order,1,0.6115043461322784,0.2175842992643194,27.333333333333332
13280,13284,proclamation,1,0.7519260048866272,0.4760737420951668,54.666666666666664
13283,13434,proclamation,1,0.8186535835266113,0.664942345714972,30.0
13284,16486,proclamation,1,0.6890951097011566,0.393765636990564,26.333333333333332
1330,1457,executive_order,1,0.49574634432792664,0.019310818564340578,5.333333333333333
1331,1611,executive_order,1,0.7008811235427856,0.37422431991947064,86.66666666666667
1339,1647,executive_order,1,0.6889376640319824,0.9056956006525363,18.0
134,462,executive_order,1,0.5548219680786133,0.05219834865406209,3.6666666666666665
1340,1358,executive_order,1,0.6633408963680267,0.10551065348795598,4.333333333333333
1341,1779,executive_order,1,0.5570592880249023,0.11372654956180696,6.666666666666667
1343,1437,executive_order,1,0.8021292686462402,0.6190821412709914,44.333333333333336
13434,13578,proclamation,1,0.7888957858085632,0.13134562665796312,0.0
13438,13819,proclamation,1,0.7109748423099518,0.7697121988652249,116.33333333333333
1344,1458,executive_order,1,0.6426818370819092,0.4588098600134267,83.66666666666667
1346,1794,executive_order,1,0.5440302491188049,0.07326903529606182,0.0
1347,3398,executive_order,1,0.5271758735179901,0.03186214655117215,0.0
135,178,executive_order,1,0.5243478864431381,0.09021830747213584,21.0
13508,13875,proclamation,1,0.5132008194923401,0.03819155449932274,0.0
1352,1441,executive_order,1,0.6795942187309265,0.5668400190184039,87.0
13535,15752,proclamation,1,0.545701801776886,0.01595883072978792,0.0
1356,1578,executive_order,1,0.6008731126785278,0.13783471899084307,0.0
13562,16388,proclamation,1,0.536513090133667,0.03008199648601136,0.0
13578,19940,proclamation,1,0.589394211769104,0.004282100540471226,0.0
13580,16003,proclamation,1,0.7066763043403625,0.13533018327086307,0.0
1359,1494,executive_order,1,0.8392730355262756,0.8918914808862564,66.33333333333333
136,574,executive_order,1,0.4859731048345566,0.11018285665235951,6.666666666666667
1362,2172,executive_order,1,0.5308672040700912,0.11221017239288307,19.333333333333332
13620,16431,proclamation,1,0.6504587829113007,0.18684447071944288,0.0
13634,16248,proclamation,1,0.6869933605194092,0.13481638240621607,0.0
13635,15692,proclamation,1,0.5815661549568176,0.26695694829026984,56.333333333333336
1364,1788,executive_order,1,0.5532210469245911,0.06394935704729574,0.0
13640,13946,proclamation,1,0.6400072872638702,0.41582937366937905,68.66666666666667
13641,13946,proclamation,1,0.6167722046375275,0.3205219834935467,56.666666666666664
13642,13946,proclamation,1,0.6448233127593994,0.393740439120765,58.0
13645,13939,proclamation,1,0.72417351603508,0.6567984440651531,101.33333333333333
13651,13946,proclamation,1,0.5893080830574036,0.43038113160116964,83.0
1366,1422,executive_order,1,0.5183930397033691,0.297932312371915,26.0
1368,1603,executive_order,1,0.5095778107643127,0.075154342137994,3.3333333333333335
13682,15714,proclamation,1,0.5054919272661209,0.12668480731492154,8.666666666666666
1369,2123,executive_order,1,0.6216800212860107,0.13957604583276154,18.666666666666668
1370,1577,executive_order,1,0.7064605951309204,0.6520760563468406,42.0
1372,1462,executive_order,1,0.6743728518486023,0.5866448622060747,75.66666666666667
13720,15537,proclamation,1,0.8087483644485474,0.8844628565435245,32.0
13741,15217,proclamation,1,0.8070463538169861,0.7102573582444058,44.0
13759,13875,proclamation,1,0.783402681350708,0.380211384810178,9.333333333333334
13764,15225,proclamation,1,0.7280241250991821,0.16892966863133535,30.0
1377,1912,executive_order,1,0.6895209550857544,0.13338226033866749,15.5
138,399,executive_order,1,0.5228030681610107,0.023783608146761753,3.3333333333333335
1381,1541,executive_order,1,0.6210511922836304,0.41532626094064223,43.666666666666664
13818,15085,proclamation,1,0.5350039005279541,0.0,0.0
13820,13962,proclamation,1,0.707094818353653,0.4195631635169123,57.666666666666664
1383,3671,executive_order,1,0.6481050848960876,0.20016513640472264,4.666666666666667
1384,1458,executive_order,1,0.5392628312110901,0.3215397807320087,24.666666666666668
13855,13871,proclamation,1,0.5567722916603088,0.06389312290695218,0.0
13856,15217,proclamation,1,0.8116010427474976,0.6773222409276639,44.0
13871,16297,proclamation,1,0.570648193359375,0.06573865753068737,0.0
13875,15239,proclamation,1,0.7783149480819702,0.31470309854066003,14.666666666666666
139,1742,executive_order,1,0.5034881234169006,0.02349205753127323,0.0
1391,1464,executive_order,1,0.5828211307525635,0.0,0.0
1393,1452,executive_order,1,0.8435264825820923,0.9128240793980401,69.0
13943,15220,proclamation,1,0.8075071573257446,0.5988963163990592,211.0
13946,15823,proclamation,1,0.5683229267597198,0.14472417805650628,41.0
13957,15537,proclamation,1,0.8065946698188782,0.5945676523395407,29.0
13962,15692,proclamation,1,0.7483446002006531,0.6660897065936081,85.33333333333333
13977,14560,proclamation,1,0.8068385124206543,0.5259842262331981,17.333333333333332
13979,14465,proclamation,1,0.47389787435531616,0.013120834838068801,0.0
13984,14549,proclamation,1,0.5193293690681458,0.05249962552589571,3.3333333333333335
13991,14068,proclamation,1,0.593382716178894,0.01382708224734071,0.0
140,245,executive_order,1,0.564887285232544,0.0755894599882553,14.666666666666666
1400,1466,executive_order,1,0.558517187833786,0.036681198050490894,9.666666666666666
14004,14640,proclamation,1,0.7531490325927734,0.3608628605500748,63.0
14005,14470,proclamation,1,0.48985564708709717,0.007493875873803627,0.0
14009,14306,proclamation,1,0.5018993616104126,0.0,0.0
14015,14113,proclamation,1,0.605995774269104,0.048625900339484836,3.3333333333333335
14019,14391,proclamation,1,0.6110659539699554,0.03861420632723863,0.0
1402,1541,executive_order,1,0.6337013244628906,0.4100103168211493,49.0
14028,14301,proclamation,1,0.5081237107515335,0.010748706066098554,0.0
14030,14220,proclamation,1,0.8547075390815735,0.8279392562614833,42.0
14041,14097,proclamation,1,0.7823790311813354,0.41456917037208046,16.666666666666668
14050,14306,proclamation,1,0.8286400437355042,0.9159976290846252,71.0
14052,14975,proclamation,1,0.5977700054645538,0.019004501825513363,0.0
14058,14532,proclamation,1,0.5881856083869934,0.05965670800076536,0.0
14068,14175,proclamation,1,0.5457184314727783,0.015628470347556617,0.0
1407,1469,executive_order,1,0.8357281684875488,0.7379129345654184,55.333333333333336
14070,14701,proclamation,1,0.7827534675598145,0.3714568774375164,15.666666666666666
1408,1603,executive_order,1,0.49471475183963776,0.042896379441981464,22.333333333333332
14080,14147,proclamation,1,0.8362991809844971,0.5146951439702213,21.0
14086,14602,proclamation,1,0.5147140622138977,0.025733866070237574,0.0
14088,14564,proclamation,1,0.6294128000736237,0.25625270093022684,27.666666666666668
1409,1442,executive_order,1,0.5397230386734009,0.07703660189174855,16.333333333333332
14090,14586,proclamation,1,0.6150663197040558,0.579051407982519,28.333333333333332
14094,14220,proclamation,1,0.8399201035499573,0.8254417431286202,50.0
14097,14172,proclamation,1,0.8242186307907104,0.4544064925010403,18.666666666666668
14099,14979,proclamation,1,0.5476048588752747,0.023640191481506978,0.0
141,228,executive_order,1,0.49501755833625793,0.09724443606949702,34.333333333333336
14107,14306,proclamation,1,0.8207699060440063,0.916506389145271,71.0
14113,14176,proclamation,1,0.7900548577308655,0.32597638484641694,10.0
1412,1413,executive_order,1,0.5175338685512543,0.02071043003599474,0.0
14135,14137,proclamation,1,0.8840898871421814,0.9999999999999997,22.0
14136,14137,proclamation,1,0.8840898871421814,0.9999999999999997,22.0
14137,14182,proclamation,1,0.8840898871421814,0.9999999999999997,22.0
1414,1987,executive_order,1,0.4958035945892334,0.01825610211601972,0.0
14140,14429,proclamation,1,0.44993335008621216,0.0040722352144083465,0.0
14147,14271,proclamation,1,0.8288238644599915,0.45070190709050717,13.0
1415,1418,executive_order,1,0.8485538363456726,0.9025920330982911,67.33333333333333
14156,14220,proclamation,1,0.8571655750274658,0.8994378453277424,51.0
1416,1418,executive_order,1,0.8451132774353027,0.8780184969454052,67.33333333333333
14162,14979,proclamation,1,0.5716285705566406,0.011476218939228525,0.0
14166,14333,proclamation,1,0.6258323192596436,0.07358819653988236,0.0
14172,14237,proclamation,1,0.782215416431427,0.4123665684148015,16.666666666666668
14175,14241,proclamation,1,0.7942558526992798,0.5054686527869731,76.0
14176,14218,proclamation,1,0.5577707290649414,0.051735134089993244,4.0
1418,1494,executive_order,1,0.8264171481132507,0.8548011961201806,56.666666666666664
14182,14480,proclamation,1,0.7741028070449829,0.7168953064610633,12.0
14185,15015,proclamation,1,0.7482107579708099,0.39356258436492725,104.0
14196,15049,proclamation,1,0.39197418093681335,0.004535949161328823,0.0
14197,14370,proclamation,1,0.6715520620346069,0.11185832492063391,10.0
142,399,executive_order,1,0.5801181495189667,0.038802421154103324,16.666666666666668
14209,14271,proclamation,1,0.8529782891273499,0.4865368203027183,27.0
14218,14477,proclamation,1,0.5094502121210098,0.008052241189654499,0.0
1422,1577,executive_order,1,0.7152277827262878,0.7702269899022612,46.0
14220,14350,proclamation,1,0.8584495782852173,0.8994378453277424,51.0
14222,14350,proclamation,1,0.536800742149353,0.02571021225164367,0.0
14223,14429,proclamation,1,0.5789705663919449,0.0810649370350407,8.0
1423,1476,executive_order,1,0.5710852146148682,0.2511262594199835,0.0
14236,14701,proclamation,1,0.5343942642211914,0.030285626272459076,0.0
14237,14301,proclamation,1,0.7297847270965576,0.3960637780032281,8.333333333333334
1424,1457,executive_order,1,0.5323532223701477,0.020345872034739712,7.0
14241,14306,proclamation,1,0.7783870100975037,0.6340000426592495,65.0
14253,15188,proclamation,1,0.5032434463500977,0.011882260431217767,0.0
14262,15133,proclamation,1,0.5923771858215332,0.24761743311393544,3.3333333333333335
14267,14354,proclamation,1,0.6204161643981934,0.5923810316988911,0.0
1427,1538,executive_order,1,0.6865214109420776,0.3955168854438975,44.666666666666664
14271,14337,proclamation,1,0.8480826020240784,0.38830733876826606,15.0
14275,14306,proclamation,1,0.5852315723896027,0.02073121004927925,0.0
14288,14675,proclamation,1,0.7451614737510681,0.4993168151744893,23.0
14292,14350,proclamation,1,0.8564465045928955,0.8994378453277424,51.0
14295,14429,proclamation,1,0.5925706624984741,0.0431281518442175,0.0
143,154,executive_order,1,0.4795225262641907,0.049964486306952834,13.0
1430,1465,executive_order,1,0.5983811318874359,0.26312949048136614,36.666666666666664
14301,14358,proclamation,1,0.7910923957824707,0.42645329435933954,12.0
14306,14613,proclamation,1,0.6788885593414307,0.6274220249814738,57.0
14310,14477,proclamation,1,0.5269530117511749,0.0145099886432101,0.0
14319,14499,proclamation,1,0.8042315244674683,0.31533589831556386,10.333333333333334
1432,1446,executive_order,1,0.699617862701416,0.22518005800575724,0.0
14321,14491,proclamation,1,0.5072635263204575,0.07802278715381977,10.0
14327,14465,proclamation,1,0.6096148788928986,0.003931547632853787,0.0
1433,1577,executive_order,1,0.6478689312934875,0.141987686604649,23.0
14332,14480,proclamation,1,0.7751705646514893,0.4667245801244539,12.0
14333,14412,proclamation,1,0.696997880935669,0.48204337631724536,27.0
14337,14457,proclamation,1,0.8396611213684082,0.48965692125936483,15.0
14348,14499,proclamation,1,0.5631375014781952,0.0,0.0
14350,14412,proclamation,1,0.8092540502548218,0.18276500629618456,0.0
14354,14813,proclamation,1,0.6604815125465393,0.27527547876442254,0.0
14357,14719,proclamation,1,0.5847337543964386,0.034981262414260646,0.0
14358,14420,proclamation,1,0.7987107634544373,0.47463534489693676,6.666666666666667
14359,14370,proclamation,1,0.55962073802948,0.0,0.0
14369,14561,proclamation,1,0.5321120619773865,0.008957013243485681,0.0
1437,1692,executive_order,1,0.7817836999893188,0.4706424461905034,37.0
14370,14719,proclamation,1,0.6584140062332153,0.0149426815630982,0.0
14373,14928,proclamation,1,0.5682636499404907,0.015476112885631665,0.0
14382,14424,proclamation,1,0.620919793844223,0.20012491959587844,9.333333333333334
14389,14769,proclamation,1,0.5227883458137512,0.004050132280548828,0.0
14391,14719,proclamation,1,0.5741162002086639,0.03482990591012649,0.0
144,415,executive_order,1,0.5311427116394043,0.03971033914076196,0.0
1440,1488,executive_order,1,0.515825092792511,0.045284054006442934,5.0
14402,14457,proclamation,1,0.8458327054977417,0.36660601633936457,15.0
14406,14462,proclamation,1,0.6943556666374207,0.17317623374524752,0.0
14407,14536,proclamation,1,0.7750077843666077,0.3791740157166861,26.0
1441,1462,executive_order,1,0.6728091239929199,0.6989134232065836,72.0
14412,14792,proclamation,1,0.5552444458007812,0.03330056440410723,0.0
14413,15187,proclamation,1,0.6110034584999084,0.04057572620731634,0.0
1442,1603,executive_order,1,0.5275060534477234,0.12655548196028552,25.333333333333332
14420,14541,proclamation,1,0.7611979842185974,0.39610273351594166,9.666666666666666
14423,14480,proclamation,1,0.8557678461074829,0.63930334186767,12.0
14427,14822,proclamation,1,0.7674027681350708,0.2513155977072882,16.0
14429,14464,proclamation,1,0.6325042247772217,0.07022419909699826,7.0
1443,1921,executive_order,1,0.5218215733766556,0.14958899667491285,16.666666666666668
14435,14480,proclamation,1,0.6755656003952026,0.13053804386052215,0.0
14437,14736,proclamation,1,0.8124483823776245,0.2645428054860372,5.666666666666667
14438,14538,proclamation,1,0.5938073694705963,0.12058168421209114,15.666666666666666
1444,1456,executive_order,1,0.5154714286327362,0.4256052723048282,60.666666666666664
14456,14465,proclamation,1,0.5252602994441986,0.024615323391447914,0.0
14457,14526,proclamation,1,0.8313376903533936,0.48199309078015423,15.0
1446,1651,executive_order,1,0.6036925315856934,0.056923497239870224,0.0
14462,14532,proclamation,1,0.6366267800331116,0.06359769499457307,0.0
14464,14509,proclamation,1,0.6933789849281311,0.2539992199685884,72.66666666666667
14465,14551,proclamation,1,0.5823579728603363,0.11525802711999651,0.0
14467,14576,proclamation,1,0.48261070251464844,0.026204121929219237,0.0
14471,14980,proclamation,1,0.6889171004295349,0.2389418119930563,47.0
14473,14537,proclamation,1,0.4931168109178543,0.005281782847876754,0.0
14477,15106,proclamation,1,0.5126325786113739,0.011534473195434597,0.0
14480,14773,proclamation,1,0.8585762977600098,0.6599659096511324,10.0
14484,14541,proclamation,1,0.7984673976898193,0.4162489774887102,9.0
14489,14721,proclamation,1,0.8016602396965027,0.5298795571342584,16.666666666666668
14491,14617,proclamation,1,0.7367486357688904,0.36718547167984833,45.0
14497,14587,proclamation,1,0.6955105662345886,0.08983366034193546,0.0
14499,14561,proclamation,1,0.8282822966575623,0.32930871481882723,12.666666666666666
1450,1563,executive_order,1,0.5760625302791595,0.29737713905583324,28.0
14506,14757,proclamation,1,0.500650629401207,0.10968006557214212,0.0
1452,1756,executive_order,1,0.8315989971160889,0.83091157281395,47.666666666666664
14520,14749,proclamation,1,0.6194685101509094,0.013905077678340105,0.0
14526,14613,proclamation,1,0.5557442903518677,0.050332747220223545,0.0
14529,14782,proclamation,1,0.6622751355171204,0.10960086445980335,15.5
1453,2076,executive_order,1,0.5529525578022003,0.025072160839686008,0.0
14530,15070,proclamation,1,0.5404691398143768,0.02307807889384365,0.0
14532,15190,proclamation,1,0.6403511166572571,0.07137522890202065,0.0
14534,15118,proclamation,1,0.6406337022781372,0.20164108161865069,20.666666666666668
14538,14617,proclamation,1,0.6468348801136017,0.2842044490248397,28.333333333333332
14541,14943,proclamation,1,0.65314981341362,0.2911064964098898,6.0
14549,14908,proclamation,1,0.6619059145450592,0.3693849822929584,36.0
14551,15087,proclamation,1,0.4985301196575165,0.01328687517350758,0.0
14553,14613,proclamation,1,0.8457392454147339,0.8370532106942575,87.0
14554,14975,proclamation,1,0.5482979416847229,0.015982579622583808,0.0
14556,14822,proclamation,1,0.47537294030189514,0.006882103649307514,0.0
1456,1951,executive_order,1,0.5746390521526337,0.17380270916197274,25.0
14560,15185,proclamation,1,0.7298497259616852,0.347518124293682,15.0
14561,14736,proclamation,1,0.7806248664855957,0.33667090665432914,15.333333333333334
14564,14586,proclamation,1,0.6114021837711334,0.24934526571016247,34.0
1457,1639,executive_order,1,0.474591463804245,0.027550298516203917,5.0
1458,1916,executive_order,1,0.549159437417984,0.2624640521394071,24.333333333333332
14586,15118,proclamation,1,0.6125517189502716,0.20293563092631625,9.333333333333334
14587,15115,proclamation,1,0.7215949892997742,0.08377241469977566,0.0
14592,15161,proclamation,1,0.4752649962902069,0.01137839856280951,0.0
14598,14683,proclamation,1,0.6428819596767426,0.08402308201417012,0.0
14601,14956,proclamation,1,0.8789088726043701,1.0000000000000002,40.0
14602,14834,proclamation,1,0.7324366867542267,0.3059051338349451,28.5
1461,2063,executive_order,1,0.6821739077568054,0.47151832566263585,188.66666666666666
14611,14861,proclamation,1,0.6802056431770325,0.10467559989905445,0.0
14613,14865,proclamation,1,0.8453840017318726,0.5062344155752192,39.0
14615,14711,proclamation,1,0.8761295676231384,1.0000000000000002,40.0
14617,14846,proclamation,1,0.7098838686943054,0.3800084158423626,28.0
1462,1485,executive_order,1,0.641406774520874,0.4279384104484391,49.333333333333336
14620,14656,proclamation,1,0.8684344291687012,0.9999999999999997,38.0
14621,14663,proclamation,1,0.8360782861709595,0.6387243623427115,20.0
14622,15179,proclamation,1,0.5291714072227478,0.04188341575137359,0.0
14624,15015,proclamation,1,0.7865930795669556,0.5638940497597575,153.0
14626,14921,proclamation,1,0.7340911626815796,0.062470837519942285,0.0
1463,1577,executive_order,1,0.7346738576889038,0.7630855984522307,47.0
14638,14723,proclamation,1,0.4632922559976578,0.023629266357600487,3.6666666666666665
14640,15102,proclamation,1,0.8363114595413208,0.8664749424950999,234.0
1465,1619,executive_order,1,0.6348599791526794,0.39869068579183614,49.0
14656,14896,proclamation,1,0.8684344291687012,0.9999999999999997,38.0
1466,2047,executive_order,1,0.5333616733551025,0.03462873778694637,0.0
14663,14675,proclamation,1,0.6837250590324402,0.30649924110413956,16.0
14666,14772,proclamation,1,0.8593333959579468,0.7748623961151548,45.0
14667,14980,proclamation,1,0.5426175594329834,0.09575303793210035,22.0
14668,14708,proclamation,1,0.6771485805511475,0.5489029893897562,28.333333333333332
14669,14975,proclamation,1,0.5567988753318787,0.01551752645433006,0.0
14670,14839,proclamation,1,0.6960048675537109,0.36427875751330413,29.333333333333332
14671,14930,proclamation,1,0.8137495517730713,0.740902905183523,118.0
14675,15080,proclamation,1,0.6081124544143677,0.0020890619912420803,0.0
1468,1483,executive_order,1,0.5415119528770447,0.054297957660816076,11.333333333333334
14681,14904,proclamation,1,0.8613622188568115,0.8434118816388041,49.0
14683,15194,proclamation,1,0.5054107010364532,0.010597598548186852,0.0
14685,14719,proclamation,1,0.5816565155982971,0.02356869014594614,0.0
14686,15137,proclamation,1,0.6606929898262024,0.2928360823330946,6.666666666666667
1469,1545,executive_order,1,0.8184595704078674,0.739209816195142,36.333333333333336
14698,14800,proclamation,1,0.463196262717247,0.05302314406895115,0.0
147,479,executive_order,1,0.5682781487703323,0.2697387834803109,25.333333333333332
14701,14928,proclamation,1,0.5186621248722076,0.022065055949972462,0.0
14704,15013,proclamation,1,0.5384854674339294,0.13171657317883087,11.0
14708,14738,proclamation,1,0.45000916719436646,0.0215917143937056,0.0
14711,14763,proclamation,1,0.8761295676231384,1.0000000000000002,40.0
14719,14943,proclamation,1,0.49818941950798035,0.027558525800170233,0.0
14721,14865,proclamation,1,0.7491545379161835,0.21335486463067146,8.333333333333334
14723,15054,proclamation,1,0.5948649048805237,0.14697981879807584,14.5
14726,15122,proclamation,1,0.8359881639480591,0.36208998681382226,22.333333333333332
14728,14749,proclamation,1,0.6548460721969604,0.18524419176763107,37.0
14736,15001,proclamation,1,0.843493640422821,0.4230994540053455,12.666666666666666
14737,14813,proclamation,1,0.6282974481582642,0.32498813807818416,0.0
14738,14754,proclamation,1,0.594138503074646,0.17866842606238267,0.0
1474,2123,executive_order,1,0.6045097708702087,0.16182307516215208,8.333333333333334
14745,14813,proclamation,1,0.7613429427146912,0.6893887061939172,32.0
14749,15193,proclamation,1,0.6358215808868408,0.2345697920918655,51.0
14754,14769,proclamation,1,0.6421704888343811,0.27656970431380523,14.0
14757,14875,proclamation,1,0.59159255027771,0.21168137035968085,0.0
14760,14913,proclamation,1,0.601280689239502,0.24853046074916224,0.0
14762,14976,proclamation,1,0.8394832611083984,0.508887528756493,32.0
14763,14840,proclamation,1,0.8761295676231384,1.0000000000000002,40.0
14765,14916,proclamation,1,0.6130979061126709,0.09864902838466202,0.0
14768,15022,proclamation,1,0.7714384198188782,0.5315506196939062,38.666666666666664
14769,15106,proclamation,1,0.5906949937343597,0.011280864447264734,0.0
1477,1578,executive_order,1,0.6110842227935791,0.18579773728742957,0.0
14770,15031,proclamation,1,0.8430066108703613,0.8990049365096843,31.0
14772,14822,proclamation,1,0.833253026008606,0.2206844922622913,14.0
14773,14917,proclamation,1,0.46569037437438965,0.0,0.0
14774,15190,proclamation,1,0.6715677976608276,0.20999509386545948,6.0
14777,14800,proclamation,1,0.6581579148769379,0.39850978746255433,38.0
1478,1720,executive_order,1,0.5958754122257233,0.04174098473573734,0.0
14784,14800,proclamation,1,0.7084390223026276,0.6147735678380118,52.0
14788,14877,proclamation,1,0.8653656840324402,0.9487510811348877,150.33333333333334
14792,15084,proclamation,1,0.763991117477417,0.33735460550570223,23.0
148,178,executive_order,1,0.544567659497261,0.17926093784386377,44.333333333333336
14800,14930,proclamation,1,0.6581038236618042,0.44505517130998634,39.666666666666664
14803,15093,proclamation,1,0.674813985824585,0.4934911494622817,58.0
14813,14913,proclamation,1,0.6352717876434326,0.19048590605683788,0.0
14814,14913,proclamation,1,0.5764174461364746,0.21851032125400713,0.0
14822,14865,proclamation,1,0.8509273529052734,0.9300282440549402,80.0
14823,15190,proclamation,1,0.5717554092407227,0.08357657907750039,0.0
1483,1752,executive_order,1,0.6163433492183685,0.020114391508735747,0.0
14830,15054,proclamation,1,0.5202044695615768,0.030775273889642272,10.0
14834,15054,proclamation,1,0.6759114861488342,0.09588930087616385,15.0
14835,15019,proclamation,1,0.6295672059059143,0.17754338337509937,10.666666666666666
14839,14846,proclamation,1,0.6734345555305481,0.4718286666138831,23.666666666666668
14840,14956,proclamation,1,0.8759024739265442,1.0000000000000002,40.0
14841,15048,proclamation,1,0.8247125148773193,0.47884008958041996,11.333333333333334
14846,14980,proclamation,1,0.6941563785076141,0.11859835937356028,10.666666666666666
1486,1619,executive_order,1,0.5491218268871307,0.05662593920480424,4.0
14861,15115,proclamation,1,0.7991485595703125,0.15949032069870564,0.0
14865,14912,proclamation,1,0.8582879900932312,0.8002374612256987,71.0
14867,15115,proclamation,1,0.7225779891014099,0.107094124205357,0.0
1487,1709,executive_order,1,0.6287989318370819,0.46740046770087923,12.666666666666666
14870,15019,proclamation,1,0.6613741815090179,0.3066341225640486,30.333333333333332
14871,15086,proclamation,1,0.5724302530288696,0.08189176996015451,0.0
14877,14930,proclamation,1,0.8117759823799133,0.8819599612404577,126.66666666666667
14880,14994,proclamation,1,0.8037506937980652,0.39719704548788726,24.0
14890,15013,proclamation,1,0.5572851896286011,0.11659807179490916,0.0
14894,14959,proclamation,1,0.647016167640686,0.17100636353306184,19.0
14896,14956,proclamation,1,0.856177568435669,0.7945152524684952,35.0
14898,14977,proclamation,1,0.503011479973793,0.019558114701715378,0.0
1490,1635,executive_order,1,0.7575670778751373,0.4314626549906839,13.0
14902,15093,proclamation,1,0.6752315759658813,0.40815927451439843,58.0
14903,14908,proclamation,1,0.8033115863800049,0.6807010514321578,104.33333333333333
14904,14956,proclamation,1,0.8653621077537537,0.7359398473137689,40.0
14908,14937,proclamation,1,0.7996901869773865,0.5721371869892103,82.66666666666667
1491,1639,executive_order,1,0.5058601647615433,0.045235733514730196,0.0
14912,14984,proclamation,1,0.4829174429178238,0.019700959895859908,0.0
14913,15080,proclamation,1,0.6526499688625336,0.11113444553217153,0.0
14917,14999,proclamation,1,0.5959195494651794,0.10728728735372882,0.0
14918,14986,proclamation,1,0.5795397758483887,0.028383297874686797,0.0
14919,15019,proclamation,1,0.6153850853443146,0.17521644911305126,12.0
14921,15137,proclamation,1,0.7724918723106384,0.3700339281853082,10.333333333333334
14925,15045,proclamation,1,0.6020455956459045,0.16015298955747373,0.0
14928,14950,proclamation,1,0.7632019519805908,0.20715182294287982,19.666666666666668
1493,2615,executive_order,1,0.49047595262527466,0.0041923521559876255,0.0
14930,14937,proclamation,1,0.6813090741634369,0.39908369650170367,56.666666666666664
14937,14959,proclamation,1,0.5939533114433289,0.19285905519539678,31.666666666666668
1494,1624,executive_order,1,0.7966415286064148,0.6018874226616372,32.0
14943,14984,proclamation,1,0.7471332550048828,0.4076485816472753,8.666666666666666
14948,15169,proclamation,1,0.546703428030014,0.018177668452579548,0.0
14950,14994,proclamation,1,0.7590972185134888,0.27732208163135735,24.333333333333332
14953,14959,proclamation,1,0.5679110586643219,0.200634035521663,17.333333333333332
14954,14980,proclamation,1,0.673833429813385,0.25980735980989617,39.5
14956,15127,proclamation,1,0.8257139921188354,0.6560943498036008,34.0
14959,14987,proclamation,1,0.5766763687133789,0.19960624201869925,18.0
14961,15001,proclamation,1,0.7804760932922363,0.2273966323313097,4.333333333333333
14975,15017,proclamation,1,0.5368490517139435,0.039130264229644655,21.5
14976,14986,proclamation,1,0.5275229215621948,0.050581616659476095,0.0
14977,15072,proclamation,1,0.44791463017463684,0.021850252392743297,0.0
14979,14984,proclamation,1,0.5432789325714111,0.020166447244120277,0.0
14981,15046,proclamation,1,0.4674949049949646,0.009501967497871883,0.0
14983,15053,proclamation,1,0.6655449271202087,0.2080545316299567,23.0
14984,15038,proclamation,1,0.6323207020759583,0.1723925183649949,7.0
14985,15093,proclamation,1,0.697104811668396,0.6898158035103831,144.0
14986,15139,proclamation,1,0.7963452339172363,0.8675535544988441,105.0
14987,15022,proclamation,1,0.8539273738861084,0.6137466199752571,53.0
14989,15176,proclamation,1,0.6172426342964172,0.10296005656399693,8.5
14994,15137,proclamation,1,0.6688910126686096,0.09975316351509517,5.666666666666667
14995,14999,proclamation,1,0.8715354204177856,1.0000000000000004,40.0
14996,15115,proclamation,1,0.7363178133964539,0.08508135319062578,0.0
14999,15169,proclamation,1,0.5806862115859985,0.039091073998890453,0.0
15,26,memorandum,1,0.5091037005186081,0.10157612014190019,6.666666666666667
15001,15190,proclamation,1,0.7909896969795227,0.2523905387389813,9.666666666666666
1501,1502,executive_order,1,0.6751730740070343,0.6462070976346557,44.333333333333336
15013,15054,proclamation,1,0.5481474548578262,0.11738859164772213,19.0
15015,15025,proclamation,1,0.79511559009552,0.588613228611314,146.33333333333334
15016,15031,proclamation,1,0.5049296766519547,0.08711010778990487,4.333333333333333
15017,15054,proclamation,1,0.6874465346336365,0.4421920721288503,73.0
15018,15062,proclamation,1,0.7553619742393494,0.604953468687731,85.66666666666667
15019,15090,proclamation,1,0.5997089147567749,0.15432297970090683,69.0
15021,15025,proclamation,1,0.7535316348075867,0.5359638843649331,132.33333333333334
15022,15083,proclamation,1,0.5150587856769562,0.06011216932183563,7.333333333333333
15025,15173,proclamation,1,0.5360755026340485,0.18722302732318774,16.666666666666668
15028,15045,proclamation,1,0.5545594096183777,0.022740002146393944,0.0
1503,1662,executive_order,1,0.5409713089466095,0.048659839438633334,9.666666666666666
15031,15087,proclamation,1,0.3958556205034256,0.010919525896141034,0.0
15035,15148,proclamation,1,0.5040537267923355,0.01929365877882168,0.0
15038,15137,proclamation,1,0.705870121717453,0.14037934042940514,5.5
1504,1521,executive_order,1,0.4460576921701431,0.03220230458297022,7.0
15040,15180,proclamation,1,0.6830900311470032,0.5581326749248295,171.0
15041,15180,proclamation,1,0.6814974844455719,0.5362042821758282,164.33333333333334
15043,15140,proclamation,1,0.5696766972541809,0.02060488020202884,0.0
15044,15073,proclamation,1,0.8678433299064636,0.9929382520212697,108.33333333333333
15045,15109,proclamation,1,0.666190505027771,0.31212975239382,0.0
15046,15054,proclamation,1,0.577308177947998,0.13250144149499957,58.0
15048,15190,proclamation,1,0.7430973052978516,0.25506604011633255,5.666666666666667
15053,15054,proclamation,1,0.6436226665973663,0.26893603657263354,29.5
15054,15193,proclamation,1,0.6941460371017456,0.3640042572306683,90.0
15055,15137,proclamation,1,0.6635830402374268,0.17900003498651332,0.0
15060,15106,proclamation,1,0.8200176060199738,0.27849277541993783,12.0
15064,15212,proclamation,1,0.43949323892593384,0.019070931939306257,0.0
15066,15132,proclamation,1,0.7426144480705261,0.6355439951101941,27.333333333333332
15067,15070,proclamation,1,0.6023959815502167,0.1821922216982411,46.666666666666664
15071,15179,proclamation,1,0.8001794517040253,0.6496706754177001,58.333333333333336
15073,15179,proclamation,1,0.8190617561340332,0.6989251938569655,52.333333333333336
1508,2307,executive_order,1,0.7208257913589478,0.4197705079103612,30.0
15080,15097,proclamation,1,0.520271509885788,0.017076002201984825,0.0
15084,15137,proclamation,1,0.7174350321292877,0.13934945230550438,0.0
15085,15126,proclamation,1,0.7262343168258667,0.06908111247067716,0.0
15086,15126,proclamation,1,0.7334331274032593,0.08844968617808226,0.0
15087,15126,proclamation,1,0.7134724855422974,0.0873373259256627,0.0
1509,2726,executive_order,1,0.7571473121643066,0.7331909092915488,112.0
15093,15159,proclamation,1,0.7389570474624634,0.5466406000586976,128.0
15097,15180,proclamation,1,0.5000196993350983,0.015409871880257853,0.0
15099,15127,proclamation,1,0.7789584398269653,0.592366923019349,33.0
151,1500,executive_order,1,0.4582161456346512,0.06598912341113718,10.666666666666666
1510,1540,executive_order,1,0.731479287147522,0.578564031050657,248.0
15100,15148,proclamation,1,0.7882730662822723,0.23184601395728538,5.5
15102,15106,proclamation,1,0.42144201695919037,0.0,0.0
15106,15152,proclamation,1,0.8019588589668274,0.40944274523446267,24.0
1511,1540,executive_order,1,0.7378928661346436,0.6510272912922181,249.0
15115,15169,proclamation,1,0.7081412672996521,0.06338351444827044,0.0
15117,15139,proclamation,1,0.8075997829437256,0.851498132016098,105.0
15118,15193,proclamation,1,0.564325749874115,0.06647247684250153,45.5
15122,15179,proclamation,1,0.6807237863540649,0.25168809746202037,13.666666666666666
15127,15186,proclamation,1,0.7384522557258606,0.475411557711086,28.0
15128,15169,proclamation,1,0.534158244729042,0.013017717007591923,0.0
1513,1521,executive_order,1,0.4610537141561508,0.09938802292248639,7.0
15131,15187,proclamation,1,0.5205938220024109,0.028647427657052648,0.0
15132,15169,proclamation,1,0.558455228805542,0.015421340843668746,0.0
15133,15169,proclamation,1,0.4564331918954849,0.02639628146602308,0.0
15135,15170,proclamation,1,0.44425350427627563,0.027341939013604974,0.0
15137,15190,proclamation,1,0.7403148412704468,0.10051643307121709,0.0
15139,15215,proclamation,1,0.522893562912941,0.021789298869645302,0.0
1514,1957,executive_order,1,0.5761360228061676,0.05003402925688318,4.0
15140,15215,proclamation,1,0.5178032219409943,0.020677741794390008,0.0
15148,15205,proclamation,1,0.8572356700897217,0.7932310344019485,83.0
1515,1577,executive_order,1,0.7363554239273071,0.45375000150609884,21.0
15152,15190,proclamation,1,0.5469641387462616,0.007042321165520807,0.0
15153,15193,proclamation,1,0.5324928164482117,0.2919806691968381,66.0
15159,15169,proclamation,1,0.5631024837493896,0.009598105028389078,0.0
15160,15161,proclamation,1,0.6569349765777588,0.11903021387930485,55.666666666666664
15161,15178,proclamation,1,0.5766831338405609,0.2712344706701692,8.666666666666666
15162,15214,proclamation,1,0.8444516062736511,0.9364927372944329,93.33333333333333
15171,15186,proclamation,1,0.7427306175231934,0.45810195759164585,13.0
15173,15184,proclamation,1,0.8424401879310608,0.9846496801050656,94.0
15176,15183,proclamation,1,0.657074511051178,0.14457274270536682,7.0
15178,15194,proclamation,1,0.4418284446001053,0.008395222895256639,0.0
15179,15210,proclamation,1,0.5361281335353851,0.033554038953092634,0.0
15180,15184,proclamation,1,0.473001167178154,0.013295252829187379,0.0
15181,15190,proclamation,1,0.47803498804569244,0.0021605478405119253,0.0
15184,15214,proclamation,1,0.8373697400093079,0.9313205725092905,90.0
15185,15190,proclamation,1,0.6359893679618835,0.03782961589939788,0.0
15186,15210,proclamation,1,0.39653290808200836,0.0009069033421164721,0.0
15190,15205,proclamation,1,0.40562693774700165,0.01379959964553266,0.0
15192,15214,proclamation,1,0.5574221312999725,0.26810540102207076,34.333333333333336
15193,15206,proclamation,1,0.5727782249450684,0.2203868429207529,99.0
15194,15203,proclamation,1,0.34286531805992126,0.012161541616014683,0.0
15203,15214,proclamation,1,0.33429186046123505,0.00551131913885526,0.0
15204,15210,proclamation,1,0.4770990312099457,0.0035358318388790558,0.0
15205,15212,proclamation,1,0.5065088272094727,0.04273864410137475,0.0
15206,15210,proclamation,1,0.346736803650856,0.004217328785808509,0.0
15212,15213,proclamation,1,0.2889476865530014,0.0006189134415541539,0.0
15213,15214,proclamation,1,0.8351761698722839,0.971707253233149,93.66666666666667
15214,15215,proclamation,1,0.43723011016845703,0.014953069183717931,0.0
15217,15332,proclamation,1,0.8122007846832275,0.7115658822111702,44.0
1522,1578,executive_order,1,0.5350724756717682,0.026688475634601833,0.0
15220,15225,proclamation,1,0.7398014068603516,0.26441443617204285,76.0
15221,16009,proclamation,1,0.7107224464416504,0.381812420978468,72.0
1523,2376,executive_order,1,0.6100333631038666,0.031054354165320975,0.0
15230,15359,proclamation,1,0.6906082928180695,0.37369375202596716,110.0
15232,14090,proclamation,1,0.55806964635849,0.06750353365553843,9.0
15239,15526,proclamation,1,0.5530810952186584,0.018124827078176652,0.0
1524,4337,executive_order,1,0.7795252799987793,0.47231018215793663,36.0
15245,15469,proclamation,1,0.6897959411144257,0.4515454572322777,76.33333333333333
15246,15468,proclamation,1,0.6531380712985992,0.670055412631441,75.66666666666667
1525,4337,executive_order,1,0.7820620536804199,0.4629452586135269,26.0
15254,16459,proclamation,1,0.7718518972396851,0.26346023046318734,0.0
1526,1616,executive_order,1,0.5411857962608337,0.16481963904332575,15.666666666666666
1528,1645,executive_order,1,0.5715695321559906,0.04657389960494845,15.666666666666666
15292,20202,proclamation,1,0.7117703855037689,0.45071084360707697,38.333333333333336
153,257,executive_order,1,0.5160019397735596,0.017338764116070847,0.0
15332,16550,proclamation,1,0.7918803095817566,0.6584113155944032,43.0
15356,16009,proclamation,1,0.6378068029880524,0.19371859514625744,22.0
15359,15470,proclamation,1,0.81751948595047,0.8192113944113922,164.33333333333334
15362,15559,proclamation,1,0.6626664698123932,0.5719555411530606,62.0
1538,1560,executive_order,1,0.6163932383060455,0.38469224874897723,63.666666666666664
1539,2743,executive_order,1,0.6001303493976593,0.028009129091658935,0.0
15392,16254,proclamation,1,0.8564083576202393,0.5552088390003258,75.66666666666667
1540,1632,executive_order,1,0.636283665895462,0.2935618616554048,126.5
1541,2084,executive_order,1,0.6013002991676331,0.35057736507792675,20.0
15415,13977,proclamation,1,0.6156701147556305,0.08323138501098003,0.0
15416,15528,proclamation,1,0.8133259117603302,0.9654262227651595,192.33333333333334
15431,15537,proclamation,1,0.7922656536102295,0.7487124925856475,32.0
1544,1921,executive_order,1,0.5095382779836655,0.06921636230256518,10.333333333333334
1545,1862,executive_order,1,0.8344624638557434,0.8974663136811865,51.666666666666664
15458,15888,proclamation,1,0.6980808079242706,0.29495086395646536,53.0
15466,15692,proclamation,1,0.6998899579048157,0.4345876120467647,59.333333333333336
15469,16575,proclamation,1,0.6089121401309967,0.3270301694081153,40.0
1547,1573,executive_order,1,0.7398678660392761,0.6000663821726498,84.33333333333333
15470,16359,proclamation,1,0.5766196548938751,0.1587634908172082,27.666666666666668
1548,2262,executive_order,1,0.6014841198921204,0.06675751540795759,0.0
15526,14237,proclamation,1,0.555753767490387,0.012262977177975323,0.0
15528,15891,proclamation,1,0.796650767326355,0.9621739186512253,175.33333333333334
1553,3288,executive_order,1,0.5329508036375046,0.02414612980465052,0.0
15537,15774,proclamation,1,0.8214181661605835,0.6007940537922981,20.0
1554,1611,executive_order,1,0.6244737803936005,0.5117823306947018,71.66666666666667
15545,15665,proclamation,1,0.7977412343025208,0.4171141049119937,6.666666666666667
1555,1567,executive_order,1,0.5397398471832275,0.16507449324681658,35.666666666666664
15559,15655,proclamation,1,0.6459223628044128,0.49830081557008327,65.33333333333333
1557,2259,executive_order,1,0.4893144518136978,0.014840125883517019,0.0
15579,15881,proclamation,1,0.669859915971756,0.46245937318945857,52.0
1558,1582,executive_order,1,0.7138147354125977,0.3178359319507083,21.333333333333332
15590,17093,proclamation,1,0.6266543865203857,0.1525690178278753,31.0
15598,15866,proclamation,1,0.6230069994926453,0.05922271325970635,6.0
1560,1584,executive_order,1,0.6578733325004578,0.471931278114681,97.0
1561,1581,executive_order,1,0.5223368257284164,0.06930828359070358,0.0
1562,1581,executive_order,1,0.47089138627052307,0.030193602075195464,0.0
1563,2331,executive_order,1,0.5388619601726532,0.16335802775202155,9.0
15630,15710,proclamation,1,0.6967305541038513,0.24905757619093616,22.5
15631,15763,proclamation,1,0.7514611482620239,0.44450303825505133,137.0
1565,1848,executive_order,1,0.564893513917923,0.15045792221609228,18.666666666666668
15665,15782,proclamation,1,0.7878974676132202,0.2838033187198248,0.0
1568,1821,executive_order,1,0.5482560992240906,0.07390084773812543,0.0
15681,18837,proclamation,1,0.5371167659759521,0.042085852331422605,0.0
15687,15943,proclamation,1,0.6349128782749176,0.3785906299777335,75.66666666666667
1569,2573,executive_order,1,0.4551825374364853,0.017351192610397425,0.0
15692,16578,proclamation,1,0.7631600499153137,0.4835484315567566,45.0
1570,2159,executive_order,1,0.5014969855546951,0.11121796934728391,3.3333333333333335
15704,16359,proclamation,1,0.6624596118927002,0.2622095983453219,31.333333333333332
1571,2344,executive_order,1,0.484927698969841,0.019994524611952613,0.0
15711,16405,proclamation,1,0.6218351721763611,0.23073530851103918,0.0
1574,1639,executive_order,1,0.5755573809146881,0.04246283583933069,5.666666666666667
15748,15891,proclamation,1,0.6911477148532867,0.4421486680410007,52.0
1575,1660,executive_order,1,0.5052500516176224,0.045895332975455595,0.0
15752,15004,proclamation,1,0.5998231768608093,0.021860979914521596,0.0
1576,1660,executive_order,1,0.553173691034317,0.1437603325444016,14.666666666666666
15763,15891,proclamation,1,0.6646412312984467,0.33981853964508074,123.66666666666667
15764,15856,proclamation,1,0.684175044298172,0.4354634417956666,61.333333333333336
15767,16864,proclamation,1,0.7777019143104553,0.43400333934010754,58.0
1577,1912,executive_order,1,0.7436363697052002,0.732637365627992,44.0
15774,15905,proclamation,1,0.8149386048316956,0.5062327792382014,16.0
1578,1646,executive_order,1,0.5954867899417877,0.0756814954182302,0.0
15782,18769,proclamation,1,0.6189870834350586,0.12334826434875464,0.0
158,271,executive_order,1,0.4794890284538269,0.044456882127010156,3.3333333333333335
1580,2592,executive_order,1,0.6039163172245026,0.01837480368770059,0.0
15802,14275,proclamation,1,0.6323491334915161,0.03567492568166839,0.0
1581,2245,executive_order,1,0.525522768497467,0.016751719926812916,0.0
15814,15823,proclamation,1,0.6924351453781128,0.2565383565962125,53.666666666666664
15816,15842,proclamation,1,0.7574512958526611,0.5078246118859399,91.0
15817,15953,proclamation,1,0.7673394680023193,0.6114428394716726,160.0
15818,15950,proclamation,1,0.7231300473213196,0.3265027691865022,47.0
15819,15842,proclamation,1,0.7998383641242981,0.6095173950216468,94.0
1582,1914,executive_order,1,0.5337496697902679,0.01378493307330271,0.0
15821,15842,proclamation,1,0.7536337375640869,0.4274323763552079,91.66666666666667
15822,19914,proclamation,1,0.5808494687080383,0.06491083560328513,7.333333333333333
15823,15842,proclamation,1,0.6952480673789978,0.39459692263923557,84.33333333333333
15827,15890,proclamation,1,0.6959465146064758,0.7200344180369935,40.0
1584,2610,executive_order,1,0.5819929838180542,0.10480143234650345,0.0
15842,15953,proclamation,1,0.6584805548191071,0.34508231034735404,86.0
15856,16486,proclamation,1,0.812177836894989,0.5974885666030196,68.33333333333333
1586,1740,executive_order,1,0.5575742721557617,0.304948870597643,0.0
15866,16993,proclamation,1,0.6676985621452332,0.032156552794258615,0.0
15880,15998,proclamation,1,0.8126647472381592,0.8376749370220298,58.0
15881,16828,proclamation,1,0.6893389821052551,0.36599671585405247,25.666666666666668
15887,19914,proclamation,1,0.5381357073783875,0.06872190996518794,8.666666666666666
15888,16273,proclamation,1,0.7327142357826233,0.5278311143082165,75.33333333333333
15890,16009,proclamation,1,0.6466152667999268,0.400710827137906,66.0
15891,16109,proclamation,1,0.735104113817215,1.0,133.66666666666666
15895,15953,proclamation,1,0.6464504599571228,0.3430664307696074,86.0
15896,15953,proclamation,1,0.6608090698719025,0.3336233897321077,74.0
15905,16212,proclamation,1,0.796577513217926,0.3908616196719722,17.0
1591,1671,executive_order,1,0.6041088700294495,0.11791379541639857,0.0
1592,1634,executive_order,1,0.6766937375068665,0.27655588143517446,0.0
15921,15953,proclamation,1,0.6052485108375549,0.2583722532978575,86.5
15943,16008,proclamation,1,0.5952071845531464,0.20162524962443937,43.0
15950,16296,proclamation,1,0.6202686429023743,0.17491561136891667,29.333333333333332
15951,19609,proclamation,1,0.6151771545410156,0.19518666780004912,42.0
15952,19616,proclamation,1,0.7021722793579102,0.26144464794929384,76.0
15953,19620,proclamation,1,0.6447066068649292,0.3262450539904478,77.0
15967,16486,proclamation,1,0.7173661589622498,0.4066049223098866,57.666666666666664
1598,3235,executive_order,1,0.5928958058357239,0.04236382039438471,0.0
15995,16092,proclamation,1,0.8384259343147278,0.8123730745642017,56.0
15998,16198,proclamation,1,0.822282612323761,0.5571587004348223,44.0
16,24,memorandum,1,0.5316325426101685,0.05580800325135624,4.333333333333333
1600,1637,executive_order,1,0.6917443871498108,0.16311732904208162,10.0
16003,14068,proclamation,1,0.5683922171592712,0.011665479560386919,0.0
16006,19788,proclamation,1,0.5811153054237366,0.06379844594222112,3.6666666666666665
16008,16113,proclamation,1,0.7657251358032227,0.4655353911076993,103.33333333333333
1605,1740,executive_order,1,0.5302972793579102,0.20062228702576054,0.0
16055,17213,proclamation,1,0.6919383108615875,0.4091027033335454,40.0
1606,1991,executive_order,1,0.5832592248916626,0.12734366527974378,7.0
1608,1617,executive_order,1,0.7659513354301453,0.590568437830694,18.0
16092,16297,proclamation,1,0.8389139175415039,0.2555458696224018,17.0
16098,16198,proclamation,1,0.8278656005859375,0.8535746571679608,58.0
1610,1617,executive_order,1,0.7580543756484985,0.5015114772124928,18.0
16102,14088,proclamation,1,0.49154797196388245,0.013733706579736563,0.0
16104,14592,proclamation,1,0.488564670085907,0.0,0.0
16109,16208,proclamation,1,0.6987331211566925,0.8254123925219368,177.33333333333334
1611,1640,executive_order,1,0.6280923783779144,0.39928354664833693,96.0
16113,16675,proclamation,1,0.6105867922306061,0.0750154507168892,5.666666666666667
1613,1651,executive_order,1,0.4745187610387802,0.021629392165588655,0.0
1615,1803,executive_order,1,0.7857718467712402,0.7750257266881798,77.66666666666667
16154,16156,proclamation,1,0.8124345541000366,0.8599428572086995,57.666666666666664
16156,16258,proclamation,1,0.792163610458374,0.5839690538230388,49.0
1617,1679,executive_order,1,0.7553974986076355,0.2394301891183695,0.0
1618,1640,executive_order,1,0.6096215546131134,0.16060688315784286,27.666666666666668
1619,2333,executive_order,1,0.5770891606807709,0.24023335390591313,27.333333333333332
16194,16497,proclamation,1,0.8337470293045044,0.3698251920008586,6.666666666666667
16198,16301,proclamation,1,0.8112459182739258,0.6585125901463476,44.0
16208,16641,proclamation,1,0.6606159806251526,0.4939411985224573,102.66666666666667
1621,1647,executive_order,1,0.7394983768463135,0.903090849449403,18.0
16212,16412,proclamation,1,0.786693811416626,0.36591909228149677,13.0
1623,1704,executive_order,1,0.8325440287590027,0.7150235840553144,28.0
16230,16791,proclamation,1,0.7127982676029205,0.45646147083483113,37.333333333333336
16236,16247,proclamation,1,0.6387273669242859,0.1566150139937707,16.0
1624,1704,executive_order,1,0.8353593945503235,0.7029331887024268,26.0
16248,16409,proclamation,1,0.5509366691112518,0.026229168090248924,0.0
1625,1704,executive_order,1,0.8342505097389221,0.7634494443942065,30.666666666666668
16254,16359,proclamation,1,0.6734542548656464,0.21860743448688044,21.666666666666668
16255,16359,proclamation,1,0.610763430595398,0.17074816243872884,26.0
16258,16486,proclamation,1,0.6935963332653046,0.482440168605063,44.333333333333336
16261,16359,proclamation,1,0.6563319563865662,0.14625129353273983,10.0
16265,16293,proclamation,1,0.7218277454376221,0.5360371027631031,22.666666666666668
1627,2109,executive_order,1,0.5796434581279755,0.125985993195547,18.666666666666668
16273,16403,proclamation,1,0.6463289856910706,0.3751465237666572,42.0
16289,16642,proclamation,1,0.7636222243309021,0.7571525379962161,83.66666666666667
16293,16797,proclamation,1,0.6809569895267487,0.4363293641080297,21.0
16296,19606,proclamation,1,0.5839040279388428,0.15196695961831455,34.333333333333336
16297,16629,proclamation,1,0.843170166015625,0.6569444014901036,48.0
1630,2030,executive_order,1,0.5632892847061157,0.0940744258727805,0.0
16301,16397,proclamation,1,0.7041292488574982,0.26877518388791843,15.0
16308,14005,proclamation,1,0.5269405841827393,0.009543579898850876,0.0
16347,20159,proclamation,1,0.5262815058231354,0.040672782289318636,0.0
1635,1760,executive_order,1,0.8164505362510681,0.5700160131930424,20.666666666666668
16358,16576,proclamation,1,0.6893603503704071,0.08107577679783227,6.5
16386,16490,proclamation,1,0.7127429246902466,0.24220229783303415,0.0
16388,16397,proclamation,1,0.5737690329551697,0.02552159695376058,0.0
1639,2819,executive_order,1,0.4911818206310272,0.04566073992070465,0.0
16394,16495,proclamation,1,0.7242129445075989,0.11095245897071954,3.3333333333333335
16396,16397,proclamation,1,0.6132339239120483,0.09937092288998646,0.0
16397,18315,proclamation,1,0.5670244693756104,0.03530862960443886,0.0
164,842,executive_order,1,0.5389472097158432,0.04685719685077113,0.0
1640,1694,executive_order,1,0.6704458594322205,0.5196057497127683,93.66666666666667
16400,16535,proclamation,1,0.5317266285419464,0.0502798738110685,0.0
16401,16503,proclamation,1,0.7973592281341553,0.256920036089904,0.0
16403,16618,proclamation,1,0.6464634835720062,0.5391618149201808,44.666666666666664
16405,16407,proclamation,1,0.7719640731811523,0.3416901180385053,13.0
16407,16515,proclamation,1,0.806061863899231,0.5464976016095902,11.0
16409,16515,proclamation,1,0.5651669502258301,0.09368347980372696,0.0
1641,1921,executive_order,1,0.44920313358306885,0.04514997421677458,11.0
16412,16525,proclamation,1,0.7669233083724976,0.47899922388154675,18.0
16420,16490,proclamation,1,0.5338141322135925,0.01534403510433525,0.0
16424,16663,proclamation,1,0.8065798282623291,0.8702900626307611,29.666666666666668
16425,16429,proclamation,1,0.6023138761520386,0.058556772553247774,0.0
16429,16431,proclamation,1,0.6112529337406158,0.07364002787690356,0.0
16431,16535,proclamation,1,0.6192680597305298,0.07546250730975652,3.6666666666666665
16432,16550,proclamation,1,0.8098544478416443,0.6025684983379497,32.0
16435,19193,proclamation,1,0.682155191898346,0.11249732395081086,0.0
16438,16540,proclamation,1,0.7501975893974304,0.6579239884615599,60.0
16440,16495,proclamation,1,0.5960758030414581,0.11691424473687127,0.0
16441,19282,proclamation,1,0.6001622676849365,0.05188154804435448,0.0
16449,16540,proclamation,1,0.6974872052669525,0.5929396861748338,48.666666666666664
16455,16496,proclamation,1,0.5769995152950287,0.061009820267363984,0.0
16457,16671,proclamation,1,0.5857242345809937,0.07032691002245156,0.0
16459,14147,proclamation,1,0.66212397813797,0.025152040051167113,0.0
16467,16531,proclamation,1,0.7402468919754028,0.6217842855258272,46.0
16468,16655,proclamation,1,0.5842254161834717,0.03382963670434161,0.0
16469,16598,proclamation,1,0.7898390889167786,0.6908711799022421,20.0
1647,1674,executive_order,1,0.7317202687263489,0.32620929719477704,0.0
16476,16576,proclamation,1,0.5921795964241028,0.08824842012730771,12.666666666666666
16486,16642,proclamation,1,0.7832493782043457,0.7967930871069516,78.33333333333333
16489,18669,proclamation,1,0.6943758726119995,0.30527844807000437,39.0
1649,2668,executive_order,1,0.5102125555276871,0.026279751869153236,0.0
16490,20109,proclamation,1,0.449355810880661,0.01523531177956447,0.0
16495,16622,proclamation,1,0.6735325157642365,0.23454842946419022,0.0
16496,14928,proclamation,1,0.6671081185340881,0.08718333015091521,5.666666666666667
16497,17036,proclamation,1,0.8302486538887024,0.39837512516836354,6.666666666666667
165,383,executive_order,1,0.493514820933342,0.02346662854997476,0.0
16502,16540,proclamation,1,0.8027860522270203,0.8576578775020186,60.666666666666664
16503,16537,proclamation,1,0.686145007610321,0.08497059513635388,0.0
16514,19261,proclamation,1,0.5223723649978638,0.0015277097676838366,0.0
16515,19856,proclamation,1,0.630368709564209,0.04664295408970212,0.0
16525,16654,proclamation,1,0.7931696176528931,0.8420373090998153,29.0
16531,16578,proclamation,1,0.6625520884990692,0.41571300228045877,38.333333333333336
16535,16663,proclamation,1,0.7503783702850342,0.30725405987658183,6.666666666666667
16537,16655,proclamation,1,0.7563408613204956,0.42779138273453265,13.0
16540,16618,proclamation,1,0.8081700801849365,0.8327478112032368,58.333333333333336
16550,16671,proclamation,1,0.7971969246864319,0.6703860175821771,43.0
16554,15103,proclamation,1,0.5486091375350952,0.0,0.0
1656,2881,executive_order,1,0.5983319878578186,0.05259798739241154,0.0
16563,19200,proclamation,1,0.6233921051025391,0.1280326996775333,0.0
16576,17065,proclamation,1,0.6669323146343231,0.2740367313777387,16.333333333333332
16578,16642,proclamation,1,0.7910431027412415,0.756059085358241,76.0
1658,2905,executive_order,1,0.4889368861913681,0.032241810144689034,0.0
16581,16618,proclamation,1,0.8248236775398254,0.8965206272427809,59.666666666666664
16598,14099,proclamation,1,0.5674094557762146,0.06216650619128864,0.0
1660,2415,executive_order,1,0.5680871903896332,0.03588541426495142,0.0
16601,15148,proclamation,1,0.6295387744903564,0.0919257061622618,0.0
16618,16828,proclamation,1,0.7910000681877136,0.7837388003152354,51.333333333333336
16622,14080,proclamation,1,0.664363831281662,0.033544268854051165,0.0
16629,16882,proclamation,1,0.8383776545524597,0.3977061790220402,37.0
16631,16760,proclamation,1,0.7048885524272919,0.4307288487754709,29.5
16638,16767,proclamation,1,0.8399754762649536,0.6605074229049112,74.0
16639,19653,proclamation,1,0.5258241891860962,0.0,0.0
16642,18404,proclamation,1,0.6590089499950409,0.18623649956262925,16.333333333333332
16654,18262,proclamation,1,0.7537363767623901,0.20855844032622023,0.0
16655,16925,proclamation,1,0.5943495631217957,0.10688556512135935,0.0
16663,19584,proclamation,1,0.6930725872516632,0.23560042915658608,5.0
16671,18769,proclamation,1,0.6269366443157196,0.04360716892879638,0.0
1668,1675,executive_order,1,0.5587804615497589,0.32880640117415444,32.0
16684,14995,proclamation,1,0.5670998096466064,0.01780217970458079,0.0
16696,16701,proclamation,1,0.6348054707050323,0.3430023138743325,41.666666666666664
16697,19750,proclamation,1,0.5367278456687927,0.02692135685006501,5.0
167,298,executive_order,1,0.5214541554450989,0.04904671393989873,0.0
1670,1988,executive_order,1,0.6708253622055054,0.17669096618800464,0.0
16706,16805,proclamation,1,0.762730598449707,0.6116696755448824,65.66666666666667
1672,1699,executive_order,1,0.5633377730846405,0.15117434259613197,26.333333333333332
16723,16742,proclamation,1,0.6197798252105713,0.11656544055790856,0.0
16728,14769,proclamation,1,0.5873868465423584,0.0,0.0
1673,1679,executive_order,1,0.7421059608459473,0.8415796754359643,19.0
16738,14113,proclamation,1,0.5562247335910797,0.007417656736279148,0.0
1674,1679,executive_order,1,0.7228960990905762,0.8446680450576228,19.0
16742,16882,proclamation,1,0.8518664836883545,0.42070504264293085,32.0
16748,18789,proclamation,1,0.5765734314918518,0.1374995013826996,0.0
1675,3202,executive_order,1,0.6810300350189209,0.21078253756160945,6.0
16752,16882,proclamation,1,0.542505145072937,0.053291784346171545,0.0
16759,14090,proclamation,1,0.4834844768047333,0.030118261765792975,0.0
16760,16828,proclamation,1,0.6818571984767914,0.3146398429849054,20.333333333333332
16761,16770,proclamation,1,0.667739748954773,0.25373940204183904,38.0
16767,16909,proclamation,1,0.8126199245452881,0.6506737669134404,74.66666666666667
16769,16934,proclamation,1,0.7618933618068695,0.9641074129957894,175.33333333333334
1677,1691,executive_order,1,0.5879141688346863,0.06147990811465403,14.666666666666666
16770,16934,proclamation,1,0.743947446346283,0.7387568148573905,155.33333333333334
16771,16909,proclamation,1,0.6211406141519547,0.6471800079757061,73.0
16779,16925,proclamation,1,0.8155479431152344,0.4943359930355449,12.0
16789,16873,proclamation,1,0.6736076474189758,0.34349047613091477,47.666666666666664
1679,1693,executive_order,1,0.7645615339279175,0.784630437269052,20.0
16790,14135,proclamation,1,0.87939453125,0.8208910041404515,22.0
16791,16805,proclamation,1,0.7303019762039185,0.4750944654521307,36.0
16797,16827,proclamation,1,0.5981040298938751,0.15831125095807647,12.666666666666666
16803,17213,proclamation,1,0.7006706595420837,0.4122505956348621,27.333333333333332
16805,17054,proclamation,1,0.7364374995231628,0.345692845429966,40.666666666666664
1682,1719,executive_order,1,0.5753483474254608,0.2613700284606221,57.666666666666664
16827,16828,proclamation,1,0.7737374901771545,0.7799867257918619,52.333333333333336
16828,17157,proclamation,1,0.8172186017036438,0.7588267761176538,52.0
16864,16896,proclamation,1,0.7981369495391846,0.6015551762368231,77.0
1687,1791,executive_order,1,0.7289313077926636,0.5084511323165736,39.0
16882,17036,proclamation,1,0.7807732224464417,0.4348566189834618,27.5
16896,16909,proclamation,1,0.7738955020904541,0.5403985612490839,71.66666666666667
1690,1742,executive_order,1,0.5879847705364227,0.25224843529509716,22.0
16906,18236,proclamation,1,0.713209867477417,0.3362527819611501,50.333333333333336
16908,17041,proclamation,1,0.8022627830505371,0.6386820690416238,75.0
16909,17041,proclamation,1,0.8108040690422058,0.6450660225800593,75.0
1691,3030,executive_order,1,0.6825370192527771,0.1031949010162065,10.0
16911,19058,proclamation,1,0.6001005172729492,0.1533287866682496,4.333333333333333
1692,3362,executive_order,1,0.6337827444076538,0.03147127198041141,0.0
16925,18262,proclamation,1,0.7402479648590088,0.14375051007299666,0.0
1693,1717,executive_order,1,0.7648600339889526,0.6114199753735214,14.0
16934,17054,proclamation,1,0.7513465881347656,0.7328434027734385,168.0
1696,1876,executive_order,1,0.7237667441368103,0.7582332506936004,151.33333333333334
16972,17054,proclamation,1,0.6253653764724731,0.3212866276354372,39.0
16988,17037,proclamation,1,0.579271674156189,0.048662882140401015,5.333333333333333
1699,1992,executive_order,1,0.5809975862503052,0.21175031479726333,31.0
16993,18324,proclamation,1,0.666327029466629,0.2032239179269353,14.5
17,22,memorandum,1,0.5486487448215485,0.3338754035682309,12.0
170,361,executive_order,1,0.5034635961055756,0.053750942601105994,10.0
1700,1701,executive_order,1,0.5539824366569519,0.09388062843854994,7.333333333333333
1701,2251,executive_order,1,0.5916438102722168,0.09119200784364369,4.0
17036,18713,proclamation,1,0.8039785623550415,0.33208061018700324,6.0
1704,1857,executive_order,1,0.7899931073188782,0.7177868985166748,33.666666666666664
17041,19673,proclamation,1,0.6893978118896484,0.2618784815340077,21.0
1705,1739,executive_order,1,0.5005574226379395,0.024675549857698653,0.0
17054,17093,proclamation,1,0.6949337124824524,0.4274104749468248,130.33333333333334
17058,19239,proclamation,1,0.5300032496452332,0.10739135469003087,0.0
1706,2622,executive_order,1,0.5739216804504395,0.061672027244401684,0.0
17074,18236,proclamation,1,0.6681521236896515,0.22915182081438598,5.333333333333333
1708,2211,executive_order,1,0.5408424139022827,0.027825475400464168,0.0
1710,1774,executive_order,1,0.6154101490974426,0.06010550468369894,0.0
17111,19532,proclamation,1,0.8195073008537292,0.4208545540695052,44.0
17113,17157,proclamation,1,0.5658691823482513,0.20226196780461395,12.333333333333334
17157,18236,proclamation,1,0.6757121086120605,0.3355828822680807,30.333333333333332
1716,3191,executive_order,1,0.5806059241294861,0.13465657442504778,0.0
1717,2565,executive_order,1,0.7185752391815186,0.8223965658254371,19.0
17188,14686,proclamation,1,0.684791088104248,0.04612380806257735,0.0
17189,14412,proclamation,1,0.49947303533554077,0.0,0.0
1719,1992,executive_order,1,0.6263931393623352,0.16780488004965144,27.0
17193,14135,proclamation,1,0.8840898871421814,0.9999999999999997,22.0
17198,19247,proclamation,1,0.5669938921928406,0.060414281372581466,0.0
1720,2429,executive_order,1,0.5346732586622238,0.06245501355164066,3.3333333333333335
17205,18552,proclamation,1,0.5051893591880798,0.03680771751153836,0.0
17206,18383,proclamation,1,0.8164273500442505,0.42549177375613056,11.0
1721,1797,executive_order,1,0.8107301592826843,0.3670590305087944,61.0
17212,19247,proclamation,1,0.4879465699195862,0.22688722016887689,10.0
17213,18575,proclamation,1,0.749030739068985,0.424264719685314,27.0
17218,17287,proclamation,1,0.46897292137145996,0.005260403967423315,0.0
17219,16490,proclamation,1,0.4064825773239136,0.01624696867980892,0.0
17220,17287,proclamation,1,0.5607329308986664,0.011498407580260018,0.0
17221,17286,proclamation,1,0.5752825736999512,0.2187899586273779,37.0
17224,16002,proclamation,1,0.5614766478538513,0.034898909844783256,0.0
17228,13634,proclamation,1,0.6350191533565521,0.08342552553049179,0.0
1723,2050,executive_order,1,0.5376074314117432,0.4571480823508706,24.666666666666668
17231,17257,proclamation,1,0.6243390142917633,0.4545971815456302,100.0
17232,12273,proclamation,1,0.5347324311733246,0.24836357412831464,45.666666666666664
17240,17277,proclamation,1,0.7619220018386841,0.43693423453311636,58.666666666666664
17245,17764,proclamation,1,0.5114848762750626,0.07582376511898581,10.0
1725,2321,executive_order,1,0.6558444797992706,0.06639419897859562,0.0
17260,17285,proclamation,1,0.5627149045467377,0.1679439271550214,31.0
17261,18154,proclamation,1,0.8429705500602722,0.5693376882749762,22.333333333333332
17266,12058,proclamation,1,0.8149508833885193,0.4311539127667177,10.333333333333334
17269,18812,proclamation,1,0.5634191036224365,0.021922692549785173,0.0
17275,17319,proclamation,1,0.7982432842254639,0.3323254383179241,28.666666666666668
17276,17319,proclamation,1,0.7887350916862488,0.3516927762211661,35.333333333333336
17277,17319,proclamation,1,0.7999162077903748,0.33955953070726935,31.666666666666668
17278,15526,proclamation,1,0.552032470703125,0.06606149580719137,0.0
1728,1993,executive_order,1,0.5623034536838531,0.22943678374305873,45.0
17284,11993,proclamation,1,0.6760758459568024,0.5466000791848817,72.0
17285,11985,proclamation,1,0.6521815359592438,0.3638267472915715,36.333333333333336
17287,17321,proclamation,1,0.598405122756958,0.036212140954673865,3.3333333333333335
17288,16212,proclamation,1,0.8065744638442993,0.29337178424671884,0.0
1729,3014,executive_order,1,0.741805225610733,0.5400756433022206,20.333333333333332
17298,12153,proclamation,1,0.5634562075138092,0.05380846045251636,10.333333333333334
1730,2123,executive_order,1,0.6456763744354248,0.40836672733119106,43.333333333333336
1731,2067,executive_order,1,0.5617398619651794,0.010051494182430449,0.0
17316,18225,proclamation,1,0.8131268620491028,0.4853303661932123,9.666666666666666
17318,16425,proclamation,1,0.7806311845779419,0.20294583306756014,10.0
17319,17453,proclamation,1,0.4484313428401947,0.024309699717811037,0.0
17321,19193,proclamation,1,0.5504428595304489,0.021760505966401788,0.0
1733,1844,executive_order,1,0.570932149887085,0.44102129287812586,39.333333333333336
17330,18191,proclamation,1,0.5292085111141205,0.07278482060610993,0.0
17335,16092,proclamation,1,0.6127282381057739,0.0192017233262985,0.0
1734,1914,executive_order,1,0.706896185874939,0.06772520642637224,0.0
17347,12136,proclamation,1,0.6149562001228333,0.08091633223471496,3.3333333333333335
17348,17764,proclamation,1,0.5470700263977051,0.05198008939233232,0.0
1735,2222,executive_order,1,0.6566733419895172,0.042488816748538015,7.333333333333333
17352,17698,proclamation,1,0.6945330798625946,0.7792324766249296,116.0
17361,17486,proclamation,1,0.6360530853271484,0.5628213968843471,60.666666666666664
1737,3344,executive_order,1,0.5388284921646118,0.045370692170998816,0.0
17376,12285,proclamation,1,0.664990246295929,0.9732936673697202,80.0
1740,1997,executive_order,1,0.6481136679649353,0.17380563020210305,0.0
1741,2683,executive_order,1,0.582324355840683,0.011537016299122986,0.0
17418,17609,proclamation,1,0.8529503345489502,0.6459564435493632,29.666666666666668
17424,12813,proclamation,1,0.6957719922065735,0.026116830182317443,0.0
17452,17764,proclamation,1,0.6192877292633057,0.056804010119620545,3.3333333333333335
17459,18218,proclamation,1,0.602213442325592,0.6191988361051552,43.666666666666664
1751,1818,executive_order,1,0.5640404224395752,0.30893617518139327,33.0
1752,1819,executive_order,1,0.5280271172523499,0.021174244370003755,14.0
1756,1764,executive_order,1,0.8389347791671753,1.0,58.666666666666664
1757,2472,executive_order,1,0.48041534423828125,0.009112568543925888,0.0
176,197,executive_order,1,0.495185911655426,0.06519418704030545,12.333333333333334
1760,2188,executive_order,1,0.6701855063438416,0.1724781623601601,6.5
17609,18154,proclamation,1,0.822314977645874,0.3575681329495603,7.0
1762,2289,executive_order,1,0.6568171679973602,0.27240659586690336,55.0
17626,17698,proclamation,1,0.7522607743740082,0.5604985915279849,49.0
17630,13032,proclamation,1,0.6969703733921051,0.3815266802606007,64.0
1764,1927,executive_order,1,0.8465291857719421,0.9306471218265661,53.0
1765,1785,executive_order,1,0.8020325303077698,0.5194301706095018,27.666666666666668
17675,13580,proclamation,1,0.5727776885032654,0.09545794792947371,0.0
1768,2730,executive_order,1,0.7841979265213013,0.38322383547542627,33.0
1769,1773,executive_order,1,0.8457302451133728,0.9107840141579704,51.333333333333336
17698,17756,proclamation,1,0.6380692422389984,0.6040670557674607,105.0
17699,17756,proclamation,1,0.6748433411121368,0.6084943809836089,69.0
177,1519,executive_order,1,0.5332060754299164,0.0724948323228725,0.0
1771,1781,executive_order,1,0.5809871256351471,0.051623719977279374,0.0
17725,18837,proclamation,1,0.5742377638816833,0.006474839405468682,0.0
1773,1775,executive_order,1,0.8456296324729919,0.9261166510580017,51.666666666666664
1774,1796,executive_order,1,0.5982151627540588,0.06380383084695945,0.0
1775,1938,executive_order,1,0.8420953154563904,0.8463401926521389,51.666666666666664
17756,12783,proclamation,1,0.6355750560760498,0.4672459196669363,64.33333333333333
17764,19750,proclamation,1,0.5257129222154617,0.03153428399777816,4.0
1777,4152,executive_order,1,0.660778820514679,0.06233194065928873,0.0
1778,3290,executive_order,1,0.631584882736206,0.38498429080816793,0.0
17806,17996,proclamation,1,0.8458892107009888,0.3791114292171124,10.0
1781,2948,executive_order,1,0.720285177230835,0.2418534574732372,4.666666666666667
17812,16701,proclamation,1,0.6478768587112427,0.13199167500860018,8.0
17818,20058,proclamation,1,0.5050100088119507,0.020595460778225196,0.0
1783,1888,executive_order,1,0.8281426429748535,0.8425403633081975,51.0
1784,1876,executive_order,1,0.6248009502887726,0.30310607375828363,46.333333333333336
1785,1795,executive_order,1,0.6393915414810181,0.17774462352852372,11.333333333333334
1788,1805,executive_order,1,0.5190480053424835,0.15626719063664554,23.666666666666668
1789,1807,executive_order,1,0.5767549276351929,0.32830785585697475,28.333333333333332
1791,1912,executive_order,1,0.6840064525604248,0.48136867973365965,26.0
1792,1810,executive_order,1,0.6663647890090942,0.07421613760607315,0.0
17923,12046,proclamation,1,0.7698492109775543,1.0000000000000002,54.333333333333336
1793,1821,executive_order,1,0.6451394259929657,0.11369513280102211,6.666666666666667
17949,16297,proclamation,1,0.607049822807312,0.03752217109110698,0.0
1795,1849,executive_order,1,0.6495875716209412,0.14278977301395282,4.666666666666667
17996,12505,proclamation,1,0.812498927116394,0.7319787453797889,29.0
18,22,memorandum,1,0.5605370402336121,0.08169323576680712,18.0
1803,3014,executive_order,1,0.67716845870018,0.3948785212553006,20.333333333333332
1804,1867,executive_order,1,0.5381512939929962,0.056303014440147355,6.666666666666667
18043,18089,proclamation,1,0.8221983015537262,1.0,238.33333333333334
1805,1980,executive_order,1,0.6330137550830841,0.36049967800237875,25.333333333333332
1806,1876,executive_order,1,0.5371689796447754,0.19442440878392456,38.333333333333336
1810,1835,executive_order,1,0.7301019430160522,0.3233405991625447,3.3333333333333335
18102,12052,proclamation,1,0.5064539909362793,0.05666837364670499,0.0
18108,12126,proclamation,1,0.5241816639900208,0.33930853683027934,10.0
18118,18141,proclamation,1,0.5682973563671112,0.11942146733363979,0.0
1812,2345,executive_order,1,0.5303817391395569,0.03947613457572494,0.0
18123,12353,proclamation,1,0.7401820719242096,0.7265153459468371,99.0
1814,3715,executive_order,1,0.6384531855583191,0.08209308519375222,13.0
18141,12037,proclamation,1,0.743466854095459,0.19802307840878428,0.0
18154,17036,proclamation,1,0.8017821907997131,0.24112219042233282,4.333333333333333
1818,1873,executive_order,1,0.5192817747592926,0.2931567331720501,46.0
18184,11985,proclamation,1,0.689070999622345,0.9203369093531037,79.0
1819,2767,executive_order,1,0.4649858921766281,0.017246610236418214,0.0
18190,18191,proclamation,1,0.565484881401062,0.17379389659104785,16.333333333333332
18198,12090,proclamation,1,0.8153454065322876,0.6412134152022363,23.0
1820,2966,executive_order,1,0.4891698509454727,0.03996093299751979,0.0
18217,12113,proclamation,1,0.7855246067047119,0.6929193559568718,24.0
18223,15217,proclamation,1,0.8192501068115234,0.6757846804413028,44.0
18225,12115,proclamation,1,0.7882938385009766,0.43987478782471623,7.333333333333333
1823,2189,executive_order,1,0.7265664339065552,0.4021548281113309,11.333333333333334
18236,18476,proclamation,1,0.605414628982544,0.23041356220504072,31.333333333333332
1824,3486,executive_order,1,0.5969482064247131,0.1235098756534148,0.0
1825,3703,executive_order,1,0.5841951966285706,0.04622281474186713,4.333333333333333
18254,19193,proclamation,1,0.6163418889045715,0.03199778346470997,0.0
18255,19329,proclamation,1,0.5918935537338257,0.12027493629906465,8.0
18262,14140,proclamation,1,0.7241935431957245,0.14222682372533807,0.0
18267,18769,proclamation,1,0.6208301782608032,0.12171583085417947,0.0
1828,3613,executive_order,1,0.47717444598674774,0.024917321273692266,0.0
18296,19193,proclamation,1,0.545975387096405,0.13234880765656368,12.0
183,202,executive_order,1,0.6908265650272369,0.3254605186653314,60.333333333333336
1830,2661,executive_order,1,0.5678617656230927,0.029732167307140955,0.0
1831,1875,executive_order,1,0.6142611503601074,0.08564400557928774,4.333333333333333
18310,18320,proclamation,1,0.618421345949173,0.1375229013992366,8.333333333333334
18315,14015,proclamation,1,0.5115310549736023,0.016512927246391616,0.0
18324,18775,proclamation,1,0.6198740303516388,0.3601791196850111,54.0
18348,18475,proclamation,1,0.6238905191421509,0.3341782143742537,45.0
1837,3956,executive_order,1,0.5502657294273376,0.00407588602703962,0.0
18383,19239,proclamation,1,0.5583311319351196,0.10256247830494891,3.3333333333333335
18395,14477,proclamation,1,0.5255161672830582,0.04627746247485698,0.0
18397,18476,proclamation,1,0.553761214017868,0.08307709002048454,13.0
184,264,executive_order,1,0.4603591561317444,0.011693751756087565,0.0
18404,18858,proclamation,1,0.6690378189086914,0.047681845425362725,0.0
18428,18781,proclamation,1,0.6806549429893494,0.24629843148937627,48.666666666666664
1843,2030,executive_order,1,0.557407021522522,0.1081752853429664,8.0
1844,2123,executive_order,1,0.5993639826774597,0.25469497596318463,17.333333333333332
1847,3952,executive_order,1,0.5440800189971924,0.054495190672027405,0.0
18472,14994,proclamation,1,0.5338295698165894,0.013816772122214238,0.0
18475,18602,proclamation,1,0.6422809064388275,0.7133373260804167,87.66666666666667
18476,18780,proclamation,1,0.7226124405860901,0.1603921602610061,20.666666666666668
1848,3705,executive_order,1,0.5748354196548462,0.05949581493523833,0.0
18485,14135,proclamation,1,0.8770252466201782,0.8470776278766636,21.0
1849,2011,executive_order,1,0.5524991154670715,0.024113932607038792,0.0
18491,19261,proclamation,1,0.5494034886360168,0.005100215368114398,0.0
18496,19491,proclamation,1,0.7554154992103577,0.5421121292133982,111.0
185,229,executive_order,1,0.6438640654087067,0.47381789228882193,41.666666666666664
18506,19329,proclamation,1,0.6135740876197815,0.15539619691212458,13.666666666666666
18514,19723,proclamation,1,0.6775964796543121,0.468052179172832,34.333333333333336
18521,19464,proclamation,1,0.6154454052448273,0.05283982865022082,0.0
1853,2612,executive_order,1,0.5342588424682617,0.07749324648850874,9.666666666666666
18552,18769,proclamation,1,0.5879372656345367,0.06435278307214715,0.0
1857,1861,executive_order,1,0.8298985362052917,0.7959791256244201,46.333333333333336
18575,15159,proclamation,1,0.6409281492233276,0.06721673292943427,0.0
18602,18785,proclamation,1,0.6743110418319702,0.740634301092562,67.66666666666667
1861,1938,executive_order,1,0.8281765580177307,0.7211526006901957,38.666666666666664
18617,18810,proclamation,1,0.700899600982666,0.3068448368400126,54.666666666666664
1862,1938,executive_order,1,0.8412500023841858,0.9082244032635504,53.0
18626,15084,proclamation,1,0.44611063599586487,0.027206604936650745,0.0
1863,2058,executive_order,1,0.6195248663425446,0.19530052057107658,4.0
18638,18753,proclamation,1,0.5703519284725189,0.4738324793821081,62.333333333333336
1864,3705,executive_order,1,0.6225839257240295,0.10466453128362894,17.0
18644,18949,proclamation,1,0.47760096192359924,0.014945842576889662,0.0
18658,20169,proclamation,1,0.5690038800239563,0.023923229914080857,0.0
18669,19295,proclamation,1,0.5792365074157715,0.21117512132056052,0.0
1867,1921,executive_order,1,0.5286797285079956,0.05266315663414878,4.0
18670,18748,proclamation,1,0.6364436149597168,0.029216632303575824,0.0
1871,2779,executive_order,1,0.4209328293800354,0.006206497277866992,0.0
18713,18877,proclamation,1,0.8379030227661133,0.5837572550577875,17.666666666666668
18716,18858,proclamation,1,0.7874429523944855,0.23660348462317024,24.0
1873,1929,executive_order,1,0.6292774975299835,0.24921200728694912,71.33333333333333
18735,19625,proclamation,1,0.7209540605545044,0.2970886829365286,37.333333333333336
18748,19058,proclamation,1,0.544049859046936,0.09596538973136398,0.0
18753,18785,proclamation,1,0.6050389409065247,0.7495200995537417,72.0
18757,15048,proclamation,1,0.5936304926872253,0.015581530289467944,0.0
1876,1906,executive_order,1,0.6141064465045929,0.33571523320480695,20.0
18769,19396,proclamation,1,0.8273600935935974,0.46262324949784567,6.0
1877,1964,executive_order,1,0.572503924369812,0.06872655444861764,0.0
18775,18781,proclamation,1,0.6440829932689667,0.20245975714006845,22.333333333333332
18785,18879,proclamation,1,0.5939776301383972,0.5213579804776257,51.0
18789,19266,proclamation,1,0.5566380023956299,0.07338684753380857,0.0
18796,14429,proclamation,1,0.6467394828796387,0.09152421923240527,6.666666666666667
1880,1885,executive_order,1,0.549247145652771,0.09761721764643227,0.0
1881,2132,executive_order,1,0.5320447385311127,0.026196359906486163,0.0
18810,18868,proclamation,1,0.6339485049247742,0.08922352924369094,8.0
18812,19298,proclamation,1,0.4802118390798569,0.034223386446821574,0.0
18823,19653,proclamation,1,0.49096500873565674,0.0,0.0
18837,19042,proclamation,1,0.5557732880115509,0.010596774357659254,0.0
18843,19042,proclamation,1,0.48893971741199493,0.011970484048902677,0.0
18858,14530,proclamation,1,0.5109043717384338,0.040277038772836386,0.0
1887,3098,executive_order,1,0.6158376634120941,0.6446057748801634,17.666666666666668
18877,19042,proclamation,1,0.8433200120925903,0.5743645305072672,17.333333333333332
18879,19329,proclamation,1,0.5577682256698608,0.10789343772357236,8.333333333333334
1888,3177,executive_order,1,0.7224623560905457,0.35175505172540006,13.666666666666666
189,352,executive_order,1,0.4940580427646637,0.05219654643306179,8.0
1890,2112,executive_order,1,0.6419979631900787,0.2466541274558742,0.0
1891,1992,executive_order,1,0.7694118022918701,0.6195683431572483,87.33333333333333
18936,19513,proclamation,1,0.7856413424015045,0.6126583240157587,59.0
18949,14465,proclamation,1,0.46279318630695343,0.014146723476619584,0.0
1896,2155,executive_order,1,0.5800792276859283,0.2802577179542023,12.0
1899,2246,executive_order,1,0.6313552260398865,0.08613701550481108,0.0
19,20,memorandum,1,0.5297760367393494,0.07363636306254341,11.0
19004,20022,proclamation,1,0.6137874126434326,0.03926206836031965,0.0
19018,19327,proclamation,1,0.8710181713104248,0.9999999999999999,43.0
1902,2030,executive_order,1,0.5783617496490479,0.1265284923242933,0.0
1904,4091,executive_order,1,0.6513367593288422,0.3811835517612448,190.0
19042,19281,proclamation,1,0.6471422910690308,0.10899149798230978,0.0
19058,19239,proclamation,1,0.7032158374786377,0.27964712398885605,5.666666666666667
1906,1949,executive_order,1,0.614990234375,0.13661370021168587,4.333333333333333
1907,2467,executive_order,1,0.5979501307010651,0.17938711887493788,12.666666666666666
19076,19953,proclamation,1,0.7395693063735962,0.4310580995036181,16.0
1908,1992,executive_order,1,0.5339461266994476,0.1861818962291684,27.333333333333332
19099,19239,proclamation,1,0.5233330726623535,0.15357662959911603,0.0
1910,1920,executive_order,1,0.5583798587322235,0.1382164583806992,17.666666666666668
19100,19329,proclamation,1,0.5573454797267914,0.04306639942088808,7.0
19101,19298,proclamation,1,0.6003718376159668,0.08151023413591461,0.0
1911,2004,executive_order,1,0.7329854965209961,0.2424268529640253,3.3333333333333335
19114,19535,proclamation,1,0.8169782161712646,0.6719507332573382,33.0
1912,3195,executive_order,1,0.7229064702987671,0.5378958654801571,29.0
1914,3675,executive_order,1,0.71842360496521,0.04194641586382043,0.0
1916,1991,executive_order,1,0.5879006385803223,0.5576438047313393,57.333333333333336
19160,19593,proclamation,1,0.6880577504634857,0.6960650188677954,56.333333333333336
19162,19696,proclamation,1,0.6819130182266235,0.38160708883063665,59.333333333333336
1917,1929,executive_order,1,0.530076876282692,0.09911275598507131,19.333333333333332
19193,19287,proclamation,1,0.7349647283554077,0.715173961247442,68.0
1920,1980,executive_order,1,0.5715142786502838,0.17037337779053074,28.666666666666668
19200,15148,proclamation,1,0.5356570482254028,0.02276900483933699,0.0
19203,19507,proclamation,1,0.4864574670791626,0.07136828983949538,16.0
19204,19396,proclamation,1,0.5339874625205994,0.022450209094966173,0.0
19205,14009,proclamation,1,0.5266082286834717,0.029623866591210576,0.0
1921,2047,executive_order,1,0.5471272468566895,0.061811920812163614,4.0
19211,19329,proclamation,1,0.614581972360611,0.18441103606192424,13.333333333333334
19214,19415,proclamation,1,0.520409345626831,0.020148846572384457,0.0
19223,14094,proclamation,1,0.548129677772522,0.036717033220400784,0.0
19232,20209,proclamation,1,0.8250381946563721,0.6691748479281362,35.0
19239,19458,proclamation,1,0.5869701206684113,0.07638209711649697,0.0
19241,14509,proclamation,1,0.5414430201053619,0.05437964394527129,0.0
19247,19637,proclamation,1,0.8261063098907471,0.7243324976383333,27.0
19261,19910,proclamation,1,0.6918655633926392,0.11165706975873291,6.666666666666667
19266,19287,proclamation,1,0.5636633634567261,0.11444231744345072,13.0
1927,2005,executive_order,1,0.7806848883628845,0.7720500755411287,43.333333333333336
19270,19369,proclamation,1,0.7073385417461395,0.06601958989324334,5.5
19276,14686,proclamation,1,0.5024654865264893,0.016174727023811564,0.0
1928,2005,executive_order,1,0.7806848883628845,0.7720500755411287,43.333333333333336
19281,20169,proclamation,1,0.6380741000175476,0.006768371201300342,0.0
19282,19442,proclamation,1,0.5252556502819061,0.022823620906892102,0.0
19285,14875,proclamation,1,0.4492719769477844,0.02144484569577651,0.0
19287,14050,proclamation,1,0.6212724447250366,0.02435677311228451,0.0
1929,1991,executive_order,1,0.6104854941368103,0.23788624538265066,37.333333333333336
19292,19602,proclamation,1,0.7069673538208008,0.5925395917503579,148.66666666666666
19298,19415,proclamation,1,0.6917927265167236,0.2490309780696316,6.5
19300,19813,proclamation,1,0.6142978966236115,0.2540224609023889,7.0
19307,19418,proclamation,1,0.5980325937271118,0.055773812948289196,0.0
19327,19605,proclamation,1,0.8137362599372864,0.6910400795975021,25.0
1933,1938,executive_order,1,0.8423596024513245,0.9337173843293914,54.0
1934,2094,executive_order,1,0.4908529818058014,0.23974765843333276,14.0
19368,15117,proclamation,1,0.519806444644928,0.0,0.0
19369,19450,proclamation,1,0.6034180521965027,0.12744182640890087,0.0
1938,2026,executive_order,1,0.8127842545509338,0.6739904712777397,39.666666666666664
19380,14350,proclamation,1,0.5647249519824982,0.04155330360311826,0.0
1939,2026,executive_order,1,0.8125196099281311,0.6774542036505626,39.666666666666664
19396,20232,proclamation,1,0.6277429163455963,0.0,0.0
194,198,executive_order,1,0.6486597657203674,0.5322143730093388,55.0
1940,2118,executive_order,1,0.6758546829223633,0.5459781618283761,53.0
19403,19813,proclamation,1,0.8226444721221924,0.8754996318858472,21.0
1941,4215,executive_order,1,0.6032835841178894,0.042192657165903244,0.0
19415,14357,proclamation,1,0.531471848487854,0.019203891484435687,0.0
19418,19442,proclamation,1,0.6325870156288147,0.09639541004828339,0.0
1943,2021,executive_order,1,0.596259593963623,0.1771102283438671,4.0
19430,19540,proclamation,1,0.6244806945323944,0.23268298359786097,8.0
19431,14094,proclamation,1,0.830883264541626,0.36423662642765714,21.0
19432,19625,proclamation,1,0.7801113724708557,0.40198801356537306,48.0
19442,19545,proclamation,1,0.6675735414028168,0.12260740328640292,7.333333333333333
19450,19562,proclamation,1,0.6425139307975769,0.2439250412850237,13.666666666666666
19458,19514,proclamation,1,0.5706976652145386,0.13370096531702144,0.0
19461,15036,proclamation,1,0.5909318923950195,0.033297796583715386,0.0
19480,19594,proclamation,1,0.6635348200798035,0.11494457681504505,11.0
19491,14106,proclamation,1,0.6246305108070374,0.3034458417013387,5.0
19492,20232,proclamation,1,0.6351918578147888,0.0,0.0
19498,14373,proclamation,1,0.5239301025867462,0.006138225137267481,0.0
195,492,executive_order,1,0.567311018705368,0.29407176943520585,66.66666666666667
19500,19584,proclamation,1,0.7582662105560303,0.3279224701138462,10.666666666666666
19503,19653,proclamation,1,0.5884000062942505,0.012637819633960016,0.0
19504,15160,proclamation,1,0.4713919460773468,0.010987174566646126,0.0
19505,14288,proclamation,1,0.4757579565048218,0.02323899335601838,0.0
1951,2282,executive_order,1,0.6309753060340881,0.2674564167270768,26.0
19514,19595,proclamation,1,0.7184977531433105,0.3911064379962976,12.0
19519,19593,proclamation,1,0.609898030757904,0.13536368268195956,13.0
1952,3651,executive_order,1,0.6645759344100952,0.18987670123935602,16.0
19520,19672,proclamation,1,0.6487914323806763,0.4099381825668156,65.66666666666667
19522,19525,proclamation,1,0.6487630009651184,0.5423628273209672,47.333333333333336
19526,14106,proclamation,1,0.6128461062908173,0.3584082899340924,5.666666666666667
19527,14068,proclamation,1,0.5125788450241089,0.020082094961219942,0.0
19532,14640,proclamation,1,0.7882717847824097,0.2797765099404276,37.0
19535,19760,proclamation,1,0.8567094802856445,0.7519248014765326,41.0
19536,19673,proclamation,1,0.8052049875259399,0.7324395675884117,81.0
19539,19633,proclamation,1,0.6923709511756897,0.13843448154875718,13.0
19540,20221,proclamation,1,0.5400173962116241,0.0054528994298115195,0.0
19545,19910,proclamation,1,0.6969546377658844,0.09316201756414018,4.666666666666667
19552,19605,proclamation,1,0.4409361034631729,0.010484908210702247,0.0
19562,14427,proclamation,1,0.4700712710618973,0.010887829445920852,0.0
19566,20023,proclamation,1,0.44022315740585327,0.11654147398810995,3.6666666666666665
1957,1991,executive_order,1,0.5351839661598206,0.14607983168969668,27.666666666666668
1958,2848,executive_order,1,0.5248233675956726,0.03209908343537518,0.0
19584,19813,proclamation,1,0.7225131988525391,0.44630836789866113,10.5
19593,19625,proclamation,1,0.7162812948226929,0.3786606587872629,57.0
19594,19637,proclamation,1,0.6341170072555542,0.05707909078251931,0.0
19595,14209,proclamation,1,0.5466904640197754,0.020995242352780913,0.0
19605,14288,proclamation,1,0.8007497787475586,0.9094957078548026,26.0
19606,19914,proclamation,1,0.604356199502945,0.07570665750943355,5.333333333333333
19607,14090,proclamation,1,0.5893054306507111,0.0706357914769258,8.666666666666666
19608,19914,proclamation,1,0.5699181854724884,0.15424992968601822,29.0
19609,14090,proclamation,1,0.6121440529823303,0.07333389158711574,8.666666666666666
19610,14090,proclamation,1,0.5845801532268524,0.073527945313182,8.666666666666666
19612,19914,proclamation,1,0.5980202853679657,0.07070465908162327,5.333333333333333
19613,14090,proclamation,1,0.6038433611392975,0.06955447682192828,5.333333333333333
19614,14728,proclamation,1,0.5976610779762268,0.0609845437709615,12.0
19615,14090,proclamation,1,0.5991090536117554,0.07243676743564147,8.666666666666666
19616,19886,proclamation,1,0.6119058132171631,0.04637649245041304,5.333333333333333
19617,19886,proclamation,1,0.6304967105388641,0.04647403021393363,5.333333333333333
19618,14089,proclamation,1,0.5905973315238953,0.12584045141078795,28.333333333333332
19619,14090,proclamation,1,0.5845276415348053,0.16082232807867183,28.333333333333332
19620,14090,proclamation,1,0.5978521704673767,0.07355490452923998,8.666666666666666
19622,19914,proclamation,1,0.6055262386798859,0.07700580509309403,5.333333333333333
19625,19672,proclamation,1,0.6782172918319702,0.40816327977926375,48.666666666666664
19628,19653,proclamation,1,0.6034007668495178,0.03816193543557532,0.0
19633,14992,proclamation,1,0.5863069593906403,0.047090007883607746,0.0
19637,14050,proclamation,1,0.629615306854248,0.01974380340688085,0.0
19653,15106,proclamation,1,0.55338454246521,0.017432117975184864,0.0
19656,19764,proclamation,1,0.5959948599338531,0.44304018604419076,34.0
1966,2030,executive_order,1,0.6284981369972229,0.31563333054453774,64.0
19665,19699,proclamation,1,0.6200461983680725,0.10396233928117526,0.0
19672,19722,proclamation,1,0.5228671431541443,0.1300057899028237,22.333333333333332
19673,19864,proclamation,1,0.7059635818004608,0.30101954100621664,28.5
19692,14156,proclamation,1,0.8578109741210938,0.8994378453277424,51.0
19696,19810,proclamation,1,0.6517898738384247,0.4575706574654705,26.0
19699,15103,proclamation,1,0.6024301052093506,0.0035419103300884237,0.0
197,209,executive_order,1,0.5254326462745667,0.1519099174049506,21.333333333333332
1971,2131,executive_order,1,0.5769666135311127,0.032077656580819285,0.0
19721,14166,proclamation,1,0.5790148973464966,0.06791535689080498,0.0
19722,19723,proclamation,1,0.7788266539573669,0.9216832784475718,97.0
19723,19788,proclamation,1,0.7690578401088715,0.5355568505625905,31.666666666666668
1973,1976,executive_order,1,0.5532573610544205,0.1972847279266874,167.66666666666666
19748,20100,proclamation,1,0.4258820563554764,0.014558625858352736,0.0
19750,14977,proclamation,1,0.7258651256561279,0.026358548150372883,0.0
19760,14220,proclamation,1,0.8583037853240967,0.8994378453277424,51.0
19764,13984,proclamation,1,0.6616185009479523,0.5599212056047245,51.666666666666664
19768,19830,proclamation,1,0.7898478507995605,0.8153581800133234,15.0
19787,14465,proclamation,1,0.5327923595905304,0.020734202567629954,0.0
19788,20157,proclamation,1,0.5595234334468842,0.0583217958639291,0.0
19790,19797,proclamation,1,0.6072332561016083,0.021390355501104647,5.666666666666667
19797,20131,proclamation,1,0.7195861339569092,0.09020942250159815,3.6666666666666665
198,466,executive_order,1,0.5281959176063538,0.06793356304671411,10.0
1980,2059,executive_order,1,0.6146575212478638,0.4397730624601235,27.0
1981,2032,executive_order,1,0.5159527510404587,0.028256815738006286,0.0
19810,14106,proclamation,1,0.6866101026535034,0.5904725025412675,66.33333333333333
19813,19856,proclamation,1,0.714252769947052,0.2699103442173258,11.0
19816,15087,proclamation,1,0.6163804233074188,0.015357936896308728,0.0
19829,20209,proclamation,1,0.8499598503112793,0.8349583872621428,47.0
1983,2659,executive_order,1,0.5355221629142761,0.06492701711149249,0.0
19830,14300,proclamation,1,0.46150077879428864,0.011684630003528916,0.0
19856,15137,proclamation,1,0.6899158954620361,0.1406022216863304,6.0
1986,1991,executive_order,1,0.5880899131298065,0.41681483978136197,61.666666666666664
19864,15090,proclamation,1,0.5592949688434601,0.038488216291474024,0.0
1987,2098,executive_order,1,0.5360117256641388,0.07159939766272447,0.0
1988,1997,executive_order,1,0.5812461376190186,0.2922393075231827,10.0
19884,14004,proclamation,1,0.7403366565704346,0.2741509758474049,17.0
19887,14704,proclamation,1,0.4749238044023514,0.028504300760973395,0.0
19897,20209,proclamation,1,0.8452237844467163,0.6865534622543318,33.0
19898,14959,proclamation,1,0.5373477339744568,0.04194252058912207,0.0
19904,19940,proclamation,1,0.5369729399681091,0.06991993717654084,0.0
1991,1993,executive_order,1,0.620860368013382,0.42955490083026393,50.333333333333336
19910,19985,proclamation,1,0.826026976108551,0.9811373270792404,59.666666666666664
1992,2090,executive_order,1,0.6578302085399628,0.15554649173506588,27.333333333333332
19920,14898,proclamation,1,0.46064235270023346,0.011995866780900128,0.0
19927,14369,proclamation,1,0.4937123954296112,0.060885601805822885,0.0
1993,2050,executive_order,1,0.6021536886692047,0.35170749862785106,22.0
19935,19973,proclamation,1,0.8069389462471008,0.6467462444812663,46.333333333333336
1994,2457,executive_order,1,0.6718071103096008,0.22997130850220548,19.0
19940,20232,proclamation,1,0.5813847482204437,0.010890840211519301,0.0
1995,2013,executive_order,1,0.7062339782714844,0.46824334214956514,3.3333333333333335
19953,14070,proclamation,1,0.7621036767959595,0.4698070599024089,24.666666666666668
19958,14209,proclamation,1,0.48765209317207336,0.023790415772184863,0.0
19959,20017,proclamation,1,0.7277612686157227,0.6182835801630953,39.0
19961,14097,proclamation,1,0.7738437652587891,0.412281716493472,9.0
19962,20048,proclamation,1,0.8377968668937683,0.9334001887745963,63.0
1997,3035,executive_order,1,0.6462090611457825,0.2657099938914037,0.0
19973,19975,proclamation,1,0.639744222164154,0.34610263654104795,16.333333333333332
19974,14015,proclamation,1,0.5178667306900024,0.05299903164530665,3.3333333333333335
19975,19995,proclamation,1,0.7413657307624817,0.6203636005655316,69.66666666666667
19976,20209,proclamation,1,0.851229190826416,0.7414874188072033,33.0
19980,19995,proclamation,1,0.6623709499835968,0.36105658187460327,57.666666666666664
19985,14237,proclamation,1,0.7089150547981262,0.29599746259564574,4.666666666666667
19987,14068,proclamation,1,0.5065494775772095,0.014881328726278805,0.0
19995,20003,proclamation,1,0.8474597930908203,0.8220667723109676,106.33333333333333
2,9063,memorandum,1,0.4614126533269882,0.08515589624471587,19.0
20,23,memorandum,1,0.5395445823669434,0.16546047334681854,21.333333333333332
200,899,executive_order,1,0.49162158370018005,0.021304833793214507,9.666666666666666
20003,20017,proclamation,1,0.8501152396202087,0.8552855635024118,97.0
2001,2185,executive_order,1,0.6386446952819824,0.24847636857675917,26.0
20017,20056,proclamation,1,0.7885211408138275,0.5874756741544079,77.0
20020,20095,proclamation,1,0.6369777023792267,0.5484394224826196,38.333333333333336
20022,14009,proclamation,1,0.5474790930747986,0.0,0.0
20024,20232,proclamation,1,0.5793543756008148,0.02476460029733249,0.0
20048,20196,proclamation,1,0.8339532017707825,0.9161652677865906,62.0
2005,2014,executive_order,1,0.7460262477397919,0.39342057551799603,18.0
20059,20209,proclamation,1,0.8582658767700195,0.8329620233761542,50.0
2008,2467,executive_order,1,0.4962078630924225,0.040792961101209085,0.0
20085,14745,proclamation,1,0.6207430362701416,0.22148478197810043,10.0
20102,13977,proclamation,1,0.8200084567070007,0.5637013643671859,19.0
20109,15169,proclamation,1,0.49511365592479706,0.010434162994010461,0.0
20119,20196,proclamation,1,0.8348956108093262,0.9438078167290628,63.333333333333336
2013,2112,executive_order,1,0.5931704044342041,0.2004467570517493,0.0
20136,14094,proclamation,1,0.8490239381790161,0.8055504524638872,41.0
2014,2334,executive_order,1,0.7860304713249207,0.4267069050119496,33.0
20159,14274,proclamation,1,0.5234349220991135,0.03807648517235945,7.0
20163,15137,proclamation,1,0.595897763967514,0.09920664386152643,3.3333333333333335
20169,13977,proclamation,1,0.8126770257949829,0.48398127304029637,13.666666666666666
2018,2090,executive_order,1,0.542619526386261,0.15956436254330034,53.0
20181,15148,proclamation,1,0.5867975950241089,0.06504743234430067,0.0
20196,13984,proclamation,1,0.8033766746520996,0.8846208883024005,62.666666666666664
20202,14005,proclamation,1,0.5373291820287704,0.0077061918798635816,0.0
20209,14350,proclamation,1,0.8512842059135437,0.8994378453277424,51.0
20221,14041,proclamation,1,0.7087750434875488,0.27151250360844675,9.0
20232,14306,proclamation,1,0.7918239831924438,0.9159976290846252,71.0
2024,2090,executive_order,1,0.6919393241405487,0.32327460590600193,58.0
2026,2033,executive_order,1,0.7074121534824371,0.5093702585590963,23.666666666666668
2028,3779,executive_order,1,0.5356917381286621,0.011366467135164197,0.0
203,227,executive_order,1,0.5056746304035187,0.053419810689964785,18.333333333333332
2030,2045,executive_order,1,0.6557418704032898,0.23883904284761176,27.0
2032,2171,executive_order,1,0.8206492364406586,0.5251496956879915,73.0
2033,2212,executive_order,1,0.6611043214797974,0.2496738910840731,15.0
2034,2212,executive_order,1,0.6611043214797974,0.2496738910840731,15.0
2037,2217,executive_order,1,0.5227935910224915,0.0894410192204413,0.0
204,299,executive_order,1,0.455572247505188,0.038439659357192145,3.3333333333333335
2045,2151,executive_order,1,0.598224014043808,0.07721726964506766,0.0
2047,2290,executive_order,1,0.5413594990968704,0.09167523251724619,10.0
2049,2334,executive_order,1,0.7242822647094727,0.35757188562042647,34.0
205,1538,executive_order,1,0.5558495819568634,0.18745812280899002,14.333333333333334
2050,2052,executive_order,1,0.5777007341384888,0.1983546704001948,20.333333333333332
2052,2111,executive_order,1,0.6432598531246185,0.19430185488695573,22.666666666666668
2053,2547,executive_order,1,0.6551201343536377,0.08598589821015622,0.0
2057,3200,executive_order,1,0.6148256063461304,0.020114930181423626,0.0
2058,2461,executive_order,1,0.5779054164886475,0.14945748463130498,4.0
2059,2090,executive_order,1,0.6156701147556305,0.30981339487417786,49.0
206,228,executive_order,1,0.5694522559642792,0.044687700905841586,16.333333333333332
2060,2457,executive_order,1,0.6855235397815704,0.3923142968627431,19.0
2061,3007,executive_order,1,0.5148511230945587,0.0675835393617723,3.6666666666666665
2063,2767,executive_order,1,0.6325970888137817,0.07310191001787571,25.666666666666668
2067,2131,executive_order,1,0.48675352334976196,0.03311862455076741,0.0
207,1374,executive_order,1,0.5057241022586823,0.04582424272100727,0.0
2075,3641,executive_order,1,0.49336595833301544,0.06131817330564691,0.0
2076,3031,executive_order,1,0.6835456490516663,0.41389307571880163,52.0
208,2985,executive_order,1,0.5674981474876404,0.0528283370426475,0.0
2084,2358,executive_order,1,0.5743757784366608,0.2657103657770396,17.333333333333332
2085,2088,executive_order,1,0.6638688743114471,0.2769446722494365,75.0
2086,2383,executive_order,1,0.6921277046203613,0.5427383147352715,402.3333333333333
2088,3765,executive_order,1,0.6583631038665771,0.09236228856127993,8.0
2090,2111,executive_order,1,0.5966674387454987,0.2735951091472562,61.333333333333336
2091,3145,executive_order,1,0.5517442226409912,0.031285568912930294,0.0
2092,4013,executive_order,1,0.4733005166053772,0.013971061798343834,0.0
2094,2126,executive_order,1,0.591042697429657,0.6891445438218411,21.0
2095,2790,executive_order,1,0.49891988933086395,0.02942408223825189,0.0
21,23,memorandum,1,0.5701339542865753,0.07880394542064842,0.0
2106,2120,executive_order,1,0.5004346966743469,0.009869708202376773,0.0
2109,2123,executive_order,1,0.5509586334228516,0.23374074397553427,22.0
2111,2123,executive_order,1,0.5110124945640564,0.11364856038435839,18.0
2118,2330,executive_order,1,0.6285757422447205,0.13723608757089223,0.0
2119,2376,executive_order,1,0.6172805726528168,0.12884824457582922,0.0
212,258,executive_order,1,0.49554063379764557,0.00971663909855341,0.0
2122,2195,executive_order,1,0.7773573100566864,0.5031171808283553,29.5
2123,2449,executive_order,1,0.5903685092926025,0.1505272665094445,9.0
2126,2985,executive_order,1,0.5876156389713287,0.11571680139532407,0.0
213,292,executive_order,1,0.49487584829330444,0.0271879532729709,0.0
2130,2147,executive_order,1,0.6100052893161774,0.03209823069679603,0.0
2133,2871,executive_order,1,0.5805864632129669,0.07272438583163306,0.0
2136,2420,executive_order,1,0.690045952796936,0.8498103755573748,71.66666666666667
2144,2152,executive_order,1,0.5103312432765961,0.03415679383940998,0.0
2147,2273,executive_order,1,0.4955834746360779,0.17131895610075587,11.0
2148,2626,executive_order,1,0.5248309075832367,0.026364240531630497,0.0
215,406,executive_order,1,0.5372436046600342,0.06373749206614017,11.0
2151,2205,executive_order,1,0.6536760628223419,0.06357517791114119,0.0
2154,2305,executive_order,1,0.5456103384494781,0.0368837093194735,0.0
2155,2165,executive_order,1,0.5476737320423126,0.2529587872009761,23.333333333333332
2156,2195,executive_order,1,0.7822831869125366,0.17516221445319427,0.0
2157,2330,executive_order,1,0.5572343170642853,0.2031537367984395,19.666666666666668
2158,2415,executive_order,1,0.47037266194820404,0.03975415108786403,0.0
2159,2195,executive_order,1,0.6122011244297028,0.04192359065936102,0.0
216,491,executive_order,1,0.8053265810012817,1.0,184.33333333333334
2162,2189,executive_order,1,0.614396870136261,0.24227329618725946,8.333333333333334
2163,2345,executive_order,1,0.4617333859205246,0.014924533749649416,0.0
2164,2240,executive_order,1,0.7800595760345459,0.6851744757435434,109.0
2165,2455,executive_order,1,0.527342826128006,0.0988933493558169,12.0
217,229,executive_order,1,0.5328633189201355,0.15695782814236528,19.666666666666668
2172,2305,executive_order,1,0.5446808338165283,0.06666620175866819,3.3333333333333335
2173,3528,executive_order,1,0.5317856669425964,0.10259404789933486,0.0
2177,2188,executive_order,1,0.5736375749111176,0.1376770817852863,5.0
2178,2263,executive_order,1,0.6571648716926575,0.19846770508917835,4.0
218,1878,executive_order,1,0.5788801908493042,0.0,0.0
2181,4290,executive_order,1,0.7837138175964355,0.511454550351475,15.0
2182,2521,executive_order,1,0.5805114507675171,0.21630445106479285,0.0
2183,2930,executive_order,1,0.7037556767463684,0.0700911648615786,0.0
2184,2450,executive_order,1,0.663867712020874,0.20169937305021626,6.666666666666667
2187,2656,executive_order,1,0.5059655457735062,0.025604841675425576,3.3333333333333335
2189,2464,executive_order,1,0.5972350835800171,0.13925995817867168,0.0
2190,2226,executive_order,1,0.5556550920009613,0.1834600617583991,29.333333333333332
2195,2970,executive_order,1,0.6109756827354431,0.03449319023653719,0.0
22,24,memorandum,1,0.5620871484279633,0.0735479780038427,0.0
220,406,executive_order,1,0.4889867901802063,0.04171197661681039,11.666666666666666
2207,2397,executive_order,1,0.6108826398849487,0.16354798602594464,6.333333333333333
221,258,executive_order,1,0.47391191124916077,0.012068111197138817,0.0
2211,2256,executive_order,1,0.5321479141712189,0.04494636295870549,4.333333333333333
2212,2334,executive_order,1,0.7968569993972778,0.604701792978931,42.666666666666664
2214,3000,executive_order,1,0.4757879078388214,0.08939960997766462,27.0
2217,2289,executive_order,1,0.6213676631450653,0.5501462601634067,64.66666666666667
2218,3209,executive_order,1,0.544273853302002,0.17906730683475416,0.0
222,226,executive_order,1,0.6278889179229736,0.2691150667872039,38.666666666666664
2221,2492,executive_order,1,0.5932735502719879,0.11557611986108567,3.6666666666666665
2222,2394,executive_order,1,0.6927245855331421,0.4026918499355945,10.666666666666666
2224,2326,executive_order,1,0.5761415958404541,0.20306122549020356,5.666666666666667
2225,2270,executive_order,1,0.5741359293460846,0.14918206789300592,12.666666666666666
2226,2289,executive_order,1,0.5626022517681122,0.34347781376709935,13.0
2227,3653,executive_order,1,0.6279412508010864,0.0,0.0
2229,2358,executive_order,1,0.6182969212532043,0.5034582431752589,53.666666666666664
2234,2671,executive_order,1,0.5287536680698395,0.048895330265858405,0.0
2235,3054,executive_order,1,0.5509259700775146,0.05431370589153684,0.0
2237,2334,executive_order,1,0.811210036277771,0.6053435193268034,42.333333333333336
2240,2528,executive_order,1,0.7778668999671936,0.13606806831257762,10.0
2241,2459,executive_order,1,0.5985196530818939,0.4670912511662504,23.666666666666668
2243,3286,executive_order,1,0.6555941104888916,0.05586399425908728,0.0
2244,2272,executive_order,1,0.7342347502708435,0.08868479435585638,0.0
2246,2706,executive_order,1,0.6491318941116333,0.056612343545423174,0.0
2247,3125,executive_order,1,0.5677873194217682,0.06377335691246679,0.0
2248,2514,executive_order,1,0.5483363270759583,0.013999482871133227,0.0
2250,2326,executive_order,1,0.6327446699142456,0.4553253031428459,34.333333333333336
2253,3384,executive_order,1,0.5661260783672333,0.03140488644221913,0.0
2258,2859,executive_order,1,0.5521074533462524,0.07055435453947043,0.0
226,491,executive_order,1,0.5662069320678711,0.6799103130539307,32.0
2260,2334,executive_order,1,0.7991788387298584,0.5362007020318419,40.666666666666664
2262,2330,executive_order,1,0.5910530388355255,0.09621076793572447,7.333333333333333
2267,2879,executive_order,1,0.5855200290679932,0.07376457784316402,4.333333333333333
227,648,executive_order,1,0.7754361629486084,0.6669352297056618,169.0
2272,2310,executive_order,1,0.5266106128692627,0.03370036514882306,0.0
2274,2344,executive_order,1,0.4965204894542694,0.10864143040900708,8.333333333333334
2276,2371,executive_order,1,0.6714544892311096,0.3927343286943701,17.0
228,812,executive_order,1,0.5606793165206909,0.04350450624027568,10.0
2281,2793,executive_order,1,0.5736661553382874,0.28018004798550405,28.333333333333332
2287,2334,executive_order,1,0.812507688999176,0.58036994179177,42.333333333333336
2289,2357,executive_order,1,0.5962451994419098,0.3437052482095131,36.333333333333336
2292,2397,executive_order,1,0.655364066362381,0.061044966045370526,10.0
2294,3958,executive_order,1,0.6117939949035645,0.045470446860651555,0.0
2298,2871,executive_order,1,0.5437533855438232,0.04620826137770129,0.0
23,24,memorandum,1,0.561566174030304,0.1057677038055125,11.333333333333334
2303,2828,executive_order,1,0.5556782186031342,0.039349687273749184,0.0
2304,4335,executive_order,1,0.49263644218444824,0.017378484541485995,0.0
2305,2905,executive_order,1,0.5570420026779175,0.03765624866190221,0.0
2306,2429,executive_order,1,0.514734759926796,0.03287897203945898,0.0
2307,3560,executive_order,1,0.642188549041748,0.04690713913044231,0.0
2310,3447,executive_order,1,0.5817016959190369,0.005011080371611521,0.0
2318,2647,executive_order,1,0.6306198835372925,0.07517310633046105,0.0
2319,4218,executive_order,1,0.5801481902599335,0.04423095653880187,0.0
232,344,executive_order,1,0.5246282815933228,0.10704768710965845,10.0
2324,3414,executive_order,1,0.6523606777191162,0.25763081678575134,13.0
2326,2365,executive_order,1,0.5757625997066498,0.23817625002900952,17.333333333333332
2327,2792,executive_order,1,0.5277250856161118,0.05393198621949987,0.0
2330,2344,executive_order,1,0.6945800185203552,0.5780593324996671,42.666666666666664
2334,2542,executive_order,1,0.7671077847480774,0.4483676037645982,31.0
2335,2355,executive_order,1,0.564946711063385,0.24935735407248671,48.333333333333336
234,554,executive_order,1,0.4206019937992096,0.015364569735417671,6.666666666666667
2342,2382,executive_order,1,0.7027357816696167,0.2019844008554229,0.0
2344,2967,executive_order,1,0.5898450016975403,0.04948273528296468,0.0
2345,2598,executive_order,1,0.5475828945636749,0.07079712815507622,9.0
2346,3371,executive_order,1,0.5166099071502686,0.031188344627368216,0.0
2349,3834,executive_order,1,0.5341499000787735,0.020069261520952376,0.0
2350,2941,executive_order,1,0.576659083366394,0.06928830675007898,0.0
2351,2877,executive_order,1,0.5915655493736267,0.10152959517864132,0.0
2353,3758,executive_order,1,0.5634479224681854,0.022179238592245368,0.0
2355,2432,executive_order,1,0.7188760936260223,0.6922227434005119,54.666666666666664
2356,2432,executive_order,1,0.7299535870552063,0.6925344464883588,54.666666666666664
2357,2446,executive_order,1,0.5357052385807037,0.1432868902748162,7.333333333333333
2358,3054,executive_order,1,0.5347262918949127,0.12530086516665892,9.666666666666666
2365,3344,executive_order,1,0.5946867763996124,0.23078914847087906,10.666666666666666
2371,2397,executive_order,1,0.6555025279521942,0.327448102965721,30.0
2374,2966,executive_order,1,0.5374184548854828,0.08352294929576941,4.333333333333333
2376,2398,executive_order,1,0.6460803747177124,0.04244395556699406,0.0
2377,3879,executive_order,1,0.700843870639801,0.25619535552969064,4.333333333333333
2379,2397,executive_order,1,0.69957634806633,0.37521019748477275,22.666666666666668
238,1008,executive_order,1,0.5257214903831482,0.0788853993560046,6.666666666666667
2383,2514,executive_order,1,0.6957696974277496,0.22076742193246193,90.0
2388,2403,executive_order,1,0.7156527042388916,0.19858748111160596,0.0
239,492,executive_order,1,0.49568699300289154,0.08517471111351198,21.0
2391,2397,executive_order,1,0.6316719651222229,0.18310443282021027,7.0
2394,2465,executive_order,1,0.5331754982471466,0.06815491955519623,25.0
2395,3007,executive_order,1,0.5442664325237274,0.06072356507980107,4.333333333333333
2397,2410,executive_order,1,0.6199938654899597,0.18304148579328786,5.333333333333333
2398,2580,executive_order,1,0.6938357055187225,0.3198636875276273,48.0
2399,4353,executive_order,1,0.4875456988811493,0.012889296518836347,0.0
24,26,memorandum,1,0.4832174926996231,0.10351552945187713,9.666666666666666
2407,2582,executive_order,1,0.5418205559253693,0.00561184749027956,0.0
241,929,executive_order,1,0.5708123743534088,0.058919398365530395,0.0
2410,2526,executive_order,1,0.6214461326599121,0.03352353121634246,0.0
2411,3218,executive_order,1,0.6186961829662323,0.24624083252713314,4.333333333333333
2413,2744,executive_order,1,0.7122560143470764,0.11699345411074301,0.0
2414,2445,executive_order,1,0.6551379561424255,0.11597074961611298,18.0
2420,2446,executive_order,1,0.593848466873169,0.5019578749224771,41.333333333333336
2426,2509,executive_order,1,0.525749608874321,0.27761096581574807,12.333333333333334
2432,2448,executive_order,1,0.7513741254806519,0.9246484566414649,85.0
244,251,executive_order,1,0.6017546653747559,0.06077661401027155,8.0
2446,3054,executive_order,1,0.645369678735733,0.5283495515964555,22.0
2447,2448,executive_order,1,0.5160491317510605,0.09133808472595863,9.0
2448,3054,executive_order,1,0.614465594291687,0.14868232750823757,7.666666666666667
2449,2455,executive_order,1,0.6377274692058563,0.22383790723795116,35.666666666666664
2450,2671,executive_order,1,0.5516332387924194,0.09820023201442642,4.666666666666667
2455,2910,executive_order,1,0.5575357675552368,0.07798759253296535,6.666666666666667
2458,2796,executive_order,1,0.5833196938037872,0.029710743195560198,0.0
2459,2879,executive_order,1,0.6129664182662964,0.06267433223636497,4.333333333333333
2464,3216,executive_order,1,0.6735014319419861,0.2647414642340156,5.0
2465,2468,executive_order,1,0.5490636229515076,0.013349347220570275,0.0
2468,2843,executive_order,1,0.47143179178237915,0.009857887734635348,0.0
247,628,executive_order,1,0.4728112816810608,0.03868483186108288,0.0
2477,2491,executive_order,1,0.6729743480682373,0.1961918545481368,0.0
248,492,executive_order,1,0.6405983865261078,0.7566150155507493,210.33333333333334
2484,3200,executive_order,1,0.5527835488319397,0.05104360767270849,0.0
2488,3889,executive_order,1,0.6153027713298798,0.07101224328668329,0.0
249,409,executive_order,1,0.4864865243434906,0.060655648252693796,4.666666666666667
2491,2744,executive_order,1,0.6775132417678833,0.11300758412704759,0.0
25,10192,memorandum,1,0.5243250727653503,0.03658818041203696,0.0
2501,2659,executive_order,1,0.5341308116912842,0.023671505586570028,0.0
2505,3174,executive_order,1,0.569391131401062,0.21123291503159383,4.333333333333333
2509,2790,executive_order,1,0.5685039758682251,0.07152914439860196,0.0
2510,2744,executive_order,1,0.7045594453811646,0.1077007331477697,0.0
2516,2996,executive_order,1,0.5488269627094269,0.03685159937229192,0.0
2520,2661,executive_order,1,0.5900576412677765,0.19406285096791628,14.333333333333334
2524,2640,executive_order,1,0.5753998160362244,0.12507541321418267,0.0
253,871,executive_order,1,0.5333357751369476,0.07161687737692303,7.333333333333333
2532,2562,executive_order,1,0.6989964246749878,0.18784262730038503,0.0
2533,3859,executive_order,1,0.745761513710022,1.0,0.0
2542,2567,executive_order,1,0.8731720447540283,0.6505832707839012,38.666666666666664
2544,4094,executive_order,1,0.5435208380222321,0.00628799915509408,0.0
2545,2827,executive_order,1,0.6148245334625244,0.11313739627914748,16.0
2549,3919,executive_order,1,0.5717388093471527,0.11454264848949058,0.0
2550,2595,executive_order,1,0.6952638626098633,0.18683100644882839,0.0
2552,3021,executive_order,1,0.5605380833148956,0.09899199281871741,5.333333333333333
2553,3625,executive_order,1,0.7475976347923279,0.5988963407026706,53.0
2559,3426,executive_order,1,0.5992797911167145,0.16807177905522339,0.0
2560,2999,executive_order,1,0.49715884029865265,0.04623104457937028,0.0
2562,2802,executive_order,1,0.5951586961746216,0.015719062799394223,0.0
2565,2907,executive_order,1,0.4689646363258362,0.03408863395168546,0.0
2567,2974,executive_order,1,0.8665606379508972,0.5474387509730646,32.0
2568,2880,executive_order,1,0.6610972881317139,0.3260700694827286,21.0
2569,3014,executive_order,1,0.5339100360870361,0.06793273326281958,0.0
2574,3197,executive_order,1,0.4971538931131363,0.011305151949742256,0.0
2575,2827,executive_order,1,0.6870702505111694,0.1374578360366881,16.0
2579,3408,executive_order,1,0.4969000816345215,0.008830664962793245,0.0
258,3959,executive_order,1,0.5426858961582184,0.016396866168309248,0.0
2580,3105,executive_order,1,0.607483983039856,0.04765004381506178,0.0
2583,3037,executive_order,1,0.4866073876619339,0.032500532054118396,0.0
2586,4017,executive_order,1,0.7030042409896851,0.3807442461648611,21.333333333333332
2587,2657,executive_order,1,0.6124605238437653,0.39706321717314674,29.666666666666668
2589,3043,executive_order,1,0.5798429250717163,0.1089733666084769,0.0
259,923,executive_order,1,0.4917040169239044,0.019102080192527408,0.0
2590,3045,executive_order,1,0.48126573860645294,0.10474761713633762,3.3333333333333335
2591,3054,executive_order,1,0.6854490041732788,0.6670461671513871,34.333333333333336
2593,2662,executive_order,1,0.7191739082336426,0.19723468256579207,0.0
2597,3479,executive_order,1,0.75620436668396,0.2224136431088611,4.0
2598,2638,executive_order,1,0.469485878944397,0.03920662758813477,0.0
26,10677,memorandum,1,0.502338096499443,0.058157259192387144,0.0
260,650,executive_order,1,0.594332754611969,0.10489813074032885,30.333333333333332
2602,2830,executive_order,1,0.5759830474853516,0.045676694702775585,0.0
2605,2610,executive_order,1,0.4827805757522583,0.3562880163030864,29.0
261,333,executive_order,1,0.5064543783664703,0.04292308613141638,3.3333333333333335
2611,3502,executive_order,1,0.6876625418663025,0.25801283574614764,26.333333333333332
2615,2659,executive_order,1,0.5843545794487,0.04875372529063698,10.0
2616,3696,executive_order,1,0.5108221173286438,0.06203823092669411,0.0
2619,3030,executive_order,1,0.5903317928314209,0.08182274305507774,0.0
262,3256,executive_order,1,0.5657006502151489,0.024896236617355343,0.0
2622,2733,executive_order,1,0.4552377760410309,0.03268486218323415,0.0
2624,2670,executive_order,1,0.6664337515830994,0.3949145113330255,88.0
263,432,executive_order,1,0.5316349565982819,0.3625464483131891,6.666666666666667
2630,3679,executive_order,1,0.5411123633384705,0.041453975225954925,0.0
2633,2697,executive_order,1,0.638632744550705,0.17726061080186342,22.0
2636,2756,executive_order,1,0.8744841814041138,0.4987227972068317,32.333333333333336
2637,3043,executive_order,1,0.5476004034280777,0.04758972100384031,0.0
2647,3465,executive_order,1,0.6192642450332642,0.03255020719440299,0.0
2650,3406,executive_order,1,0.4671437740325928,0.07283199822776543,0.0
2651,3010,executive_order,1,0.56548672914505,0.15488841634477843,19.333333333333332
2652,4290,executive_order,1,0.7718052268028259,0.4315502527085867,13.0
2657,3025,executive_order,1,0.6550476849079132,0.5482357234385743,33.666666666666664
2659,3125,executive_order,1,0.5604555308818817,0.08052096489587472,9.5
266,447,executive_order,1,0.5057050287723541,0.025733637234912867,0.0
2661,2718,executive_order,1,0.5771225690841675,0.11269318826710224,12.666666666666666
2662,2744,executive_order,1,0.7065575122833252,0.3172540253547791,0.0
2663,2744,executive_order,1,0.679440975189209,0.11060346475865196,0.0
2664,2718,executive_order,1,0.5205134749412537,0.031400133497112806,0.0
2668,3229,executive_order,1,0.5042866319417953,0.02108101007056366,0.0
2673,2827,executive_order,1,0.7153875827789307,0.18080932403869446,16.0
2674,2740,executive_order,1,0.8695108294487,0.6218875592737623,34.666666666666664
2678,2769,executive_order,1,0.5407534241676331,0.0022043530298657475,0.0
2679,2727,executive_order,1,0.8046493530273438,0.43025357568005834,12.0
2680,2728,executive_order,1,0.8019134104251862,0.3845416994579521,99.66666666666667
2683,2705,executive_order,1,0.6925016343593597,0.30079146205006907,12.666666666666666
269,651,executive_order,1,0.5445491224527359,0.023237682715566903,0.0
2693,2836,executive_order,1,0.5069732666015625,0.03235903328504301,3.3333333333333335
2697,2807,executive_order,1,0.8305219411849976,0.7699619864482836,85.0
2699,2795,executive_order,1,0.891905665397644,0.9092339684691271,100.0
270,651,executive_order,1,0.6586743891239166,0.37337230481953493,16.333333333333332
2700,2788,executive_order,1,0.8876515030860901,0.8118527404744491,108.0
2705,2878,executive_order,1,0.680456280708313,0.213751702275956,12.0
2708,2835,executive_order,1,0.8929144144058228,0.8776681072010576,101.0
2710,2722,executive_order,1,0.8463201522827148,0.5993897342805576,70.0
2713,2770,executive_order,1,0.8331938982009888,0.7254674147247113,92.0
2716,4056,executive_order,1,0.49454742670059204,0.06860941446702874,0.0
272,345,executive_order,1,0.4663185328245163,0.050472268048327606,0.0
2721,2948,executive_order,1,0.6117279529571533,0.08099719788550096,0.0
2722,3226,executive_order,1,0.7122178077697754,0.08396527269477122,20.0
2725,3546,executive_order,1,0.8304204940795898,0.5751776448447061,33.0
2726,3292,executive_order,1,0.7466826438903809,0.6070758501519097,63.0
2727,2843,executive_order,1,0.7924736142158508,0.564615543273931,9.666666666666666
2728,2842,executive_order,1,0.8116353154182434,0.6573378271104354,73.33333333333333
273,817,executive_order,1,0.5445526540279388,0.025274783218438967,0.0
2730,4085,executive_order,1,0.5533758699893951,0.011149548581441052,0.0
2732,3923,executive_order,1,0.5616938173770905,0.12402053716992877,24.333333333333332
2737,3514,executive_order,1,0.6901780962944031,0.2876669011314409,17.0
2738,3859,executive_order,1,0.745761513710022,1.0,0.0
2740,3546,executive_order,1,0.8721327185630798,0.6025460404925773,35.333333333333336
2741,2924,executive_order,1,0.5926504135131836,0.2847219362308513,86.0
2744,2766,executive_order,1,0.7145731449127197,0.16221102079304264,0.0
2746,3190,executive_order,1,0.569077730178833,0.10448418613406797,0.0
2747,3665,executive_order,1,0.4218960702419281,0.019946541455437707,0.0
2749,3242,executive_order,1,0.5162922739982605,0.020692655204201077,0.0
275,669,executive_order,1,0.7127672135829926,0.5802672156458079,59.666666666666664
2752,3140,executive_order,1,0.5632468461990356,0.07222219982542187,3.3333333333333335
2753,2913,executive_order,1,0.5379140079021454,0.025286676654272713,0.0
2755,3543,executive_order,1,0.8501166701316833,0.5072507237001905,32.666666666666664
2756,2974,executive_order,1,0.8790431022644043,0.6070310440160597,33.666666666666664
276,619,executive_order,1,0.5073664784431458,0.07731853106369263,20.666666666666668
2760,2777,executive_order,1,0.6844183206558228,0.2323436303253354,0.0
2761,2841,executive_order,1,0.7536851465702057,0.866424924073599,55.666666666666664
2763,2962,executive_order,1,0.8906468152999878,0.832796996027681,110.0
2764,2788,executive_order,1,0.8031091690063477,0.5913448228693136,88.0
2766,4060,executive_order,1,0.7437906265258789,0.19815384888559043,0.0
2769,3560,executive_order,1,0.5634077191352844,0.05004848743972847,0.0
2770,3214,executive_order,1,0.8548258543014526,0.6417429722901816,87.0
2772,2967,executive_order,1,0.5048974454402924,0.18002443332099305,21.0
2773,3785,executive_order,1,0.578033447265625,0.11390202334765187,6.5
2774,3842,executive_order,1,0.47460661828517914,0.012658115731687432,0.0
2776,2819,executive_order,1,0.507747232913971,0.06359432887683249,5.0
2782,2843,executive_order,1,0.7953345775604248,0.5939746809545945,12.0
2788,3049,executive_order,1,0.8315274715423584,0.6481463184682004,95.0
2790,2952,executive_order,1,0.7051547765731812,0.28588659075064365,14.333333333333334
2795,2835,executive_order,1,0.8371466398239136,0.5624068102157779,74.0
2796,3389,executive_order,1,0.5141626596450806,0.025611134800690334,0.0
2798,2988,executive_order,1,0.7818751335144043,0.6464863493787508,25.0
28,11965,memorandum,1,0.4669620543718338,0.004242584683121975,0.0
2804,3151,executive_order,1,0.5380391180515289,0.12194401827468902,9.0
2807,2954,executive_order,1,0.8832235336303711,0.7358937979231891,103.0
2811,2910,executive_order,1,0.6232411563396454,0.23020291858857525,23.666666666666668
2819,4114,executive_order,1,0.5057337880134583,0.02605889134673764,0.0
282,934,executive_order,1,0.6343997716903687,0.28149703140535165,119.0
2820,3223,executive_order,1,0.5092638432979584,0.07892823190674045,0.0
2821,3173,executive_order,1,0.507752001285553,0.07502306044246422,11.333333333333334
2822,2859,executive_order,1,0.5818484425544739,0.06462072700491422,0.0
2823,3625,executive_order,1,0.7493844032287598,0.5057723382531064,50.0
2826,2905,executive_order,1,0.46254077553749084,0.04103233199130213,0.0
2827,3654,executive_order,1,0.6117717027664185,0.0728397713702085,10.0
2831,2937,executive_order,1,0.5325623750686646,0.09704525923689566,4.0
2833,3059,executive_order,1,0.6059613227844238,0.3373646113385062,32.666666666666664
2834,2876,executive_order,1,0.8663802742958069,0.5729743520995809,33.333333333333336
2835,3226,executive_order,1,0.8535234928131104,0.808163991772929,99.0
2841,3074,executive_order,1,0.6664476990699768,0.6546857142194467,44.666666666666664
2842,2895,executive_order,1,0.7621974945068359,0.48960061038805547,50.333333333333336
2843,2895,executive_order,1,0.5850844383239746,0.0612875535266507,0.0
2845,2905,executive_order,1,0.5213672518730164,0.05091545799228248,0.0
2848,3018,executive_order,1,0.8397064208984375,0.7262978038749189,129.0
2850,3232,executive_order,1,0.6037707924842834,0.2964686971404468,28.333333333333332
2851,4275,executive_order,1,0.5876154899597168,0.018518243612831685,0.0
2852,4089,executive_order,1,0.7463589906692505,0.20404644620600865,0.0
2855,4100,executive_order,1,0.6154581308364868,0.05746339778641061,0.0
2858,3379,executive_order,1,0.5375010073184967,0.0661173217169479,0.0
2859,2919,executive_order,1,0.5770151615142822,0.11737756938312868,0.0
2860,2876,executive_order,1,0.8682965040206909,0.6077508164432386,35.333333333333336
2865,3733,executive_order,1,0.6545430421829224,0.10749242010422135,0.0
2871,4069,executive_order,1,0.5732136368751526,0.05115908482748438,0.0
2873,3025,executive_order,1,0.6816019415855408,0.7327878834080562,31.666666666666668
2876,2974,executive_order,1,0.8781294822692871,0.6503509336595905,38.0
2880,2923,executive_order,1,0.5934733748435974,0.16239099328316556,3.6666666666666665
2881,3191,executive_order,1,0.6332010924816132,0.07958560608565216,0.0
2883,3007,executive_order,1,0.7504183053970337,0.46966363768505404,30.666666666666668
2884,2962,executive_order,1,0.7859472036361694,0.42104737434125117,83.0
2885,3020,executive_order,1,0.48497679829597473,0.04885986418030641,0.0
2893,2967,executive_order,1,0.5780324637889862,0.1296338547832785,12.666666666666666
2895,2945,executive_order,1,0.6930682361125946,0.11305435350354663,40.666666666666664
2900,3309,executive_order,1,0.7200807929039001,0.8525898745763013,45.333333333333336
2901,4100,executive_order,1,0.529914915561676,0.027982160102087584,0.0
2918,3448,executive_order,1,0.5672239661216736,0.17051097060009343,9.333333333333334
292,327,executive_order,1,0.5486665666103363,0.05536904178282276,6.666666666666667
2923,3108,executive_order,1,0.5721938014030457,0.03570410942167766,0.0
2924,3683,executive_order,1,0.6302700340747833,0.18148720383884986,58.0
2926,2967,executive_order,1,0.7432618737220764,0.6549786699920537,90.33333333333333
2928,3432,executive_order,1,0.6573037803173065,0.37868733265442417,160.33333333333334
2933,2974,executive_order,1,0.8789777755737305,0.6330985606966438,37.666666666666664
2935,3547,executive_order,1,0.70429527759552,0.48857303525733026,56.0
2937,3405,executive_order,1,0.46716228127479553,0.008327405680463697,0.0
294,749,executive_order,1,0.8524737358093262,0.8379382723877432,63.666666666666664
2942,4200,executive_order,1,0.5386901497840881,0.09620685110200924,0.0
2943,2989,executive_order,1,0.8568381071090698,0.874845298501474,232.0
2945,3005,executive_order,1,0.7915369272232056,0.5458957611570088,455.0
2948,3263,executive_order,1,0.5883668065071106,0.021354688713696765,0.0
2949,2967,executive_order,1,0.5309647023677826,0.31434399201567303,41.333333333333336
2952,3470,executive_order,1,0.5317490100860596,0.04836076090481542,0.0
2953,3864,executive_order,1,0.538128674030304,0.10406739019703579,6.0
2954,3485,executive_order,1,0.8192770481109619,0.6385867276048848,95.0
2955,3222,executive_order,1,0.5554589629173279,0.07898737308559407,8.0
2957,3292,executive_order,1,0.7332813739776611,0.5520940274707271,64.0
2958,3049,executive_order,1,0.8846724033355713,0.7997504759167754,120.0
2960,2969,executive_order,1,0.6704714894294739,0.1528032722394451,8.0
2962,3088,executive_order,1,0.8866717219352722,0.9061744074643432,125.0
2964,3691,executive_order,1,0.5513385236263275,0.05483150554574175,10.333333333333334
2965,3083,executive_order,1,0.9010701775550842,0.9049237771152899,123.0
2966,3268,executive_order,1,0.6108419299125671,0.14550108788695967,4.333333333333333
2967,3123,executive_order,1,0.5675163567066193,0.08653714743721115,4.333333333333333
2968,3184,executive_order,1,0.5849654376506805,0.08119833767223474,7.666666666666667
2969,3191,executive_order,1,0.6215727627277374,0.018474498515083742,0.0
2973,3666,executive_order,1,0.6092123985290527,0.024311329880502833,0.0
2974,3273,executive_order,1,0.8760348558425903,0.6666666666666666,39.0
2975,3273,executive_order,1,0.8760348558425903,0.6666666666666666,39.0
2976,3273,executive_order,1,0.8759738206863403,0.6371364455436616,38.666666666666664
2977,3293,executive_order,1,0.8327818512916565,0.4190310093090856,30.0
2979,4196,executive_order,1,0.5122193992137909,0.032652929170440256,0.0
2981,3341,executive_order,1,0.5955393314361572,0.04915907648909271,15.0
2983,3136,executive_order,1,0.7514704465866089,0.28839357904957075,0.0
2984,4173,executive_order,1,0.5864554941654205,0.045010633904901724,13.333333333333334
2988,3239,executive_order,1,0.8073291778564453,0.6737494505210645,28.0
2989,4404,executive_order,1,0.7656733989715576,0.4184152303265006,55.0
2993,3329,executive_order,1,0.5537623167037964,0.09759167646504334,0.0
2999,3288,executive_order,1,0.6545348763465881,0.1583234225016957,10.666666666666666
3005,4463,executive_order,1,0.5506843328475952,0.010960359207727704,0.0
3007,3054,executive_order,1,0.7121570706367493,0.39014196320972777,29.666666666666668
3011,3081,executive_order,1,0.6113649308681488,0.00792658769609446,0.0
3012,3821,executive_order,1,0.5999510288238525,0.0974980283310019,39.0
3014,3055,executive_order,1,0.8399338722229004,0.9584384630651988,51.333333333333336
3015,3055,executive_order,1,0.8399338722229004,0.9584384630651988,51.333333333333336
3016,3055,executive_order,1,0.8152026236057281,0.8804670504015695,49.666666666666664
3018,3040,executive_order,1,0.6102539300918579,0.23989355251790626,22.0
3020,3066,executive_order,1,0.6137256026268005,0.1824938449641648,44.0
3022,3200,executive_order,1,0.6350216865539551,0.10288608570617401,15.0
3023,3174,executive_order,1,0.6512181460857391,0.1115030799779252,8.666666666666666
3025,3054,executive_order,1,0.6193588376045227,0.2753051850019603,14.666666666666666
3027,3362,executive_order,1,0.6101012825965881,0.011081261363364615,0.0
3030,3799,executive_order,1,0.7062846124172211,0.2647813766101861,79.5
3032,3244,executive_order,1,0.5208897590637207,0.034053868472362366,3.3333333333333335
3036,3083,executive_order,1,0.8401364088058472,0.5523432946572449,102.0
304,395,executive_order,1,0.8059346079826355,1.0,191.0
3040,3667,executive_order,1,0.5686562061309814,0.06292400800533118,0.0
3042,4022,executive_order,1,0.5221169888973236,0.02628010956834878,3.3333333333333335
3045,3394,executive_order,1,0.4396708458662033,0.0,0.0
3046,3634,executive_order,1,0.5639668703079224,0.1645177263166748,3.6666666666666665
3047,4195,executive_order,1,0.6367688179016113,0.32742286337502513,15.0
3048,3074,executive_order,1,0.7841996550559998,0.9685310166014703,77.66666666666667
3049,3321,executive_order,1,0.8824963569641113,0.7873171501014533,118.0
3054,3184,executive_order,1,0.6722882091999054,0.42957525274786984,28.0
3055,3367,executive_order,1,0.753710001707077,0.8127031391278217,43.333333333333336
3056,4290,executive_order,1,0.8027969598770142,0.42873408958911585,13.0
3058,3069,executive_order,1,0.8376153111457825,0.7603777780815663,39.0
3060,3121,executive_order,1,0.5969444513320923,0.10530549864423591,0.0
3061,3089,executive_order,1,0.7697383761405945,0.954044133466397,87.33333333333333
3062,3204,executive_order,1,0.9068889617919922,0.852846090697717,132.0
3063,3434,executive_order,1,0.5065351724624634,0.018065441596226563,0.0
3064,3273,executive_order,1,0.8740816712379456,0.6101183875908017,37.333333333333336
3066,3308,executive_order,1,0.5625946819782257,0.12558084882144038,34.666666666666664
3069,3188,executive_order,1,0.8241387605667114,0.6126664124046503,31.0
3074,3089,executive_order,1,0.7404787242412567,0.9143097928463257,77.33333333333333
3076,3091,executive_order,1,0.798867404460907,0.4838811826825777,18.666666666666668
3077,3370,executive_order,1,0.8370734453201294,0.6167463066883193,35.0
3079,3131,executive_order,1,0.67586949467659,0.5557455060661404,26.666666666666668
3080,4231,executive_order,1,0.52582848072052,0.0,0.0
3083,3226,executive_order,1,0.8876843452453613,0.8815037049523032,121.0
3084,3940,executive_order,1,0.5420048832893372,0.07214770229044404,0.0
3087,4058,executive_order,1,0.653850793838501,0.13556592261194664,0.0
3088,3219,executive_order,1,0.9023850560188293,0.9072565777987449,125.0
3089,4105,executive_order,1,0.5295224189758301,0.09714524514825791,0.0
3090,3142,executive_order,1,0.5791657269001007,0.5377011107859552,38.666666666666664
3091,3239,executive_order,1,0.8003702163696289,0.5296468337765686,19.666666666666668
3093,3362,executive_order,1,0.7447778582572937,0.2324033664949837,24.333333333333332
3095,4096,executive_order,1,0.5592934489250183,0.11664470254182559,39.333333333333336
3096,3273,executive_order,1,0.8781294822692871,0.6503509336595905,38.0
3099,3239,executive_order,1,0.7686626315116882,0.5156579264831364,19.666666666666668
3101,3560,executive_order,1,0.5789064168930054,0.11555717488618109,0.0
3102,4290,executive_order,1,0.6636868715286255,0.15938161713068338,0.0
3105,3218,executive_order,1,0.6105320155620575,0.25891187690937206,5.333333333333333
3107,3239,executive_order,1,0.7410697340965271,0.5488119285578428,17.666666666666668
3108,3900,executive_order,1,0.6000613868236542,0.0525481673457111,0.0
3109,3191,executive_order,1,0.6448764801025391,0.07482041428662616,0.0
311,1270,executive_order,1,0.4960399717092514,0.0478191150074222,0.0
3110,3329,executive_order,1,0.6754668653011322,0.27948334934281666,50.666666666666664
3112,3129,executive_order,1,0.8494570255279541,0.6240894692796763,36.666666666666664
3114,3164,executive_order,1,0.7160056531429291,0.8485765569898526,97.33333333333333
3119,3141,executive_order,1,0.723337322473526,0.9852934042998708,95.66666666666667
312,3740,executive_order,1,0.6658523082733154,0.02595577770892294,0.0
3120,3153,executive_order,1,0.7241543531417847,0.6150757705374993,67.0
3122,3447,executive_order,1,0.534816324710846,0.006643822642349858,0.0
3123,3235,executive_order,1,0.5024508833885193,0.1315875641714734,11.666666666666666
3124,3507,executive_order,1,0.5577331185340881,0.027249979933759994,0.0
3125,3522,executive_order,1,0.6176013350486755,0.027764059090244476,0.0
3129,3387,executive_order,1,0.8543663024902344,0.5653816351376189,35.0
313,3785,executive_order,1,0.660371869802475,0.23722429707047896,44.333333333333336
3131,3164,executive_order,1,0.6052976250648499,0.39164345022208585,17.666666666666668
3136,3188,executive_order,1,0.6246379613876343,0.15540091889793956,0.0
3137,4290,executive_order,1,0.7610080242156982,0.1912649819918134,0.0
314,571,executive_order,1,0.5748756527900696,0.47723636295957544,40.333333333333336
3140,3141,executive_order,1,0.5605267286300659,0.14355223463433694,12.333333333333334
3141,3164,executive_order,1,0.7136885821819305,0.7658360051065194,96.0
3143,3193,executive_order,1,0.6511417031288147,0.1005230298336987,0.0
3144,3289,executive_order,1,0.8442342281341553,0.5319967897135389,34.666666666666664
3150,3534,executive_order,1,0.8391449451446533,0.5837515785403189,26.0
3153,3263,executive_order,1,0.6854893267154694,0.060973877019256335,5.0
3155,3993,executive_order,1,0.6977469623088837,0.0783360279064764,11.0
3165,3202,executive_order,1,0.7193931341171265,0.43063370103853177,56.0
3166,3643,executive_order,1,0.5154246687889099,0.049806546971483144,0.0
317,890,executive_order,1,0.7374075651168823,0.39103888866012443,40.333333333333336
3176,3231,executive_order,1,0.6989196538925171,0.17941665762398357,11.0
3177,3405,executive_order,1,0.8611494302749634,0.5211593451289785,33.0
3180,3182,executive_order,1,0.5580319762229919,0.493358826607312,37.0
3182,3381,executive_order,1,0.5500665903091431,0.016317559222317476,0.0
3184,3186,executive_order,1,0.7233394384384155,0.7731474165281295,64.66666666666667
3186,3344,executive_order,1,0.6060740649700165,0.18865242274927463,17.0
3188,3694,executive_order,1,0.7728599309921265,0.40915862993655605,31.0
3191,3862,executive_order,1,0.5880451202392578,0.14882173097234794,4.333333333333333
3193,4337,executive_order,1,0.7259184122085571,0.40530375225745646,39.0
3195,3625,executive_order,1,0.731982409954071,0.502895791226293,41.0
3199,3440,executive_order,1,0.5590907037258148,0.13013585260722574,0.0
3200,3317,executive_order,1,0.6709201335906982,0.05043289636009911,10.0
3201,3242,executive_order,1,0.5506415665149689,0.028788436541060735,0.0
3202,4226,executive_order,1,0.6776835918426514,0.30391915511875883,9.333333333333334
3204,3311,executive_order,1,0.908202052116394,0.8720938577474305,132.0
3205,3344,executive_order,1,0.5497579872608185,0.1752786210166791,0.0
3207,3245,executive_order,1,0.7548603415489197,0.3312659555600882,31.333333333333332
3208,3977,executive_order,1,0.587355375289917,0.04682335445452477,0.0
3211,3234,executive_order,1,0.5347068905830383,0.11634649233938767,3.3333333333333335
3213,3302,executive_order,1,0.7955967783927917,0.8765549356611961,44.333333333333336
3214,3513,executive_order,1,0.7858058214187622,0.3268077016132645,41.0
3216,3218,executive_order,1,0.7022771239280701,0.3131507406972129,5.333333333333333
3217,3321,executive_order,1,0.8802120685577393,0.7661523652472356,116.0
3218,3233,executive_order,1,0.5704647302627563,0.06360769017943539,0.0
3219,3226,executive_order,1,0.8989911675453186,0.8973303208840023,124.0
322,508,executive_order,1,0.7000617980957031,0.5764531081642305,73.0
3221,4330,executive_order,1,0.5330343246459961,0.06709799987556563,0.0
3223,3308,executive_order,1,0.5965971052646637,0.33333058134717913,19.333333333333332
3226,3338,executive_order,1,0.8969840407371521,0.8639143581879107,120.0
3228,3287,executive_order,1,0.8984237909317017,0.7443021410901282,130.0
3231,3874,executive_order,1,0.5437901616096497,0.0069062406937999915,0.0
3233,3540,executive_order,1,0.8219258785247803,0.38616991328955547,73.66666666666667
3234,3238,executive_order,1,0.6086475253105164,0.4966384941233499,51.0
3235,3268,executive_order,1,0.5447428524494171,0.19433787612289447,26.0
3237,3344,executive_order,1,0.5271857678890228,0.0761692706937378,0.0
3239,3366,executive_order,1,0.8078888058662415,0.6972205367983833,28.666666666666668
324,419,executive_order,1,0.46688462793827057,0.060898799056350615,11.0
3240,3252,executive_order,1,0.875839352607727,0.6666666666666666,38.0
3243,4085,executive_order,1,0.501481294631958,0.02794466566813046,0.0
3244,3878,executive_order,1,0.6447917819023132,0.21483885921725743,30.0
3245,3349,executive_order,1,0.5673824548721313,0.22687263011533354,9.333333333333334
3248,3254,executive_order,1,0.6868794858455658,0.3291136810447859,41.0
3249,3273,executive_order,1,0.871721625328064,0.6233100728828616,36.333333333333336
3251,3273,executive_order,1,0.871721625328064,0.6233100728828616,36.333333333333336
3252,3273,executive_order,1,0.8696357607841492,0.6233100728828616,36.333333333333336
3253,4429,executive_order,1,0.5757103264331818,0.08212724106137965,12.0
3254,4429,executive_order,1,0.5855467319488525,0.040669742886138345,0.0
3255,3773,executive_order,1,0.5525341629981995,0.11572418701737341,37.333333333333336
3259,3373,executive_order,1,0.6959787011146545,0.10842549433575022,7.0
3260,4023,executive_order,1,0.5423034131526947,0.17025373180973438,5.666666666666667
3263,3778,executive_order,1,0.6867427825927734,0.1344279551597069,5.0
3264,3271,executive_order,1,0.6372010707855225,0.0921379988632018,10.666666666666666
3265,4257,executive_order,1,0.4975104331970215,0.04240778694245853,0.0
3267,3287,executive_order,1,0.8285534381866455,0.584244042982628,102.0
3268,3285,executive_order,1,0.5448513031005859,0.13886100457758785,13.333333333333334
3269,3694,executive_order,1,0.7288573980331421,0.0318630603788924,0.0
327,345,executive_order,1,0.46383294463157654,0.10625889255728295,18.666666666666668
3270,4105,executive_order,1,0.5323432087898254,0.08426850259213414,0.0
3271,3502,executive_order,1,0.6137523949146271,0.16360098256513073,22.0
3273,3284,executive_order,1,0.8548389673233032,0.6122296379555751,37.666666666666664
3275,3480,executive_order,1,0.5244962275028229,0.14195860400924917,10.333333333333334
3276,3531,executive_order,1,0.5656213760375977,0.04988230962970704,0.0
3284,3319,executive_order,1,0.8716055154800415,0.651896299013711,39.0
3287,3338,executive_order,1,0.8081334829330444,0.5148463730424571,82.0
3288,3502,executive_order,1,0.5622050762176514,0.1017496597137587,10.333333333333334
3289,3387,executive_order,1,0.846541702747345,0.556651391306172,31.666666666666668
3290,3549,executive_order,1,0.6611200571060181,0.3591740799851945,0.0
3291,3833,executive_order,1,0.5548465102910995,0.02248602715537548,0.0
3292,4004,executive_order,1,0.6451169848442078,0.10921098781135725,0.0
3293,3380,executive_order,1,0.8308658599853516,0.5654813846024395,34.333333333333336
3295,3715,executive_order,1,0.6043056845664978,0.02334158436155903,0.0
3299,3501,executive_order,1,0.8417317867279053,0.6148307951935983,35.666666666666664
3302,3309,executive_order,1,0.827568918466568,0.9685285434085378,50.333333333333336
3305,3370,executive_order,1,0.8295960426330566,0.5424263306637568,34.0
3308,3613,executive_order,1,0.5008626133203506,0.08516288399539718,9.333333333333334
3309,3367,executive_order,1,0.7699441909790039,0.881666131123423,44.0
3311,3485,executive_order,1,0.8949831128120422,0.7635820007603444,121.0
3312,4507,executive_order,1,0.544389009475708,0.029894857567072084,0.0
3313,4358,executive_order,1,0.505469799041748,0.08223335201835395,0.0
3317,4343,executive_order,1,0.6406148672103882,0.046859631536583346,0.0
3318,3513,executive_order,1,0.816432774066925,0.5028189846305283,68.0
3319,3405,executive_order,1,0.8630542755126953,0.5697147969262488,34.333333333333336
3320,3446,executive_order,1,0.7692669630050659,0.805312438045355,63.333333333333336
3321,3472,executive_order,1,0.863475501537323,0.6965820761960213,98.0
3327,3417,executive_order,1,0.5862302780151367,0.2707936306686149,69.33333333333333
3329,3416,executive_order,1,0.6338139474391937,0.4931804524610686,72.0
3330,3416,executive_order,1,0.6437315940856934,0.356273253973133,104.0
3332,3423,executive_order,1,0.6207236349582672,0.4159605922017418,98.66666666666667
3338,3614,executive_order,1,0.8779572248458862,0.798945122336501,110.0
3340,3355,executive_order,1,0.894203245639801,0.8684487028933501,157.0
3341,3869,executive_order,1,0.6013433933258057,0.0703375811865129,0.0
3343,3386,executive_order,1,0.625195324420929,0.23423141067353978,88.33333333333333
3344,3446,executive_order,1,0.6256479322910309,0.3888006313856802,40.0
3348,3488,executive_order,1,0.6577395796775818,0.09289528369361147,36.0
3349,3934,executive_order,1,0.5259401202201843,0.022264503048436263,0.0
3352,3395,executive_order,1,0.8192993402481079,0.42771421114842795,21.333333333333332
3355,3438,executive_order,1,0.848607063293457,0.5508344861928572,105.0
3357,3495,executive_order,1,0.5280379354953766,0.15995326476770114,35.0
3360,4249,executive_order,1,0.5189030319452286,0.0,0.0
3361,3693,executive_order,1,0.7553361356258392,0.24610972417194804,20.0
3362,3944,executive_order,1,0.7082664966583252,0.0696228037637574,0.0
3364,3866,executive_order,1,0.5760735273361206,0.021358022369560678,0.0
3365,3438,executive_order,1,0.7693600654602051,0.4039482859885747,82.0
3366,3578,executive_order,1,0.7867770791053772,0.621051671536061,24.666666666666668
3367,3690,executive_order,1,0.7888491749763489,0.7352233533791789,38.0
3368,3679,executive_order,1,0.5647618770599365,0.024754341975955534,0.0
3370,3405,executive_order,1,0.8567748069763184,0.618325364095166,34.333333333333336
3371,3528,executive_order,1,0.4973912239074707,0.04278049293198499,0.0
3372,3453,executive_order,1,0.5101721882820129,0.5891662373038687,120.66666666666667
3376,4085,executive_order,1,0.5065084546804428,0.023623575043414766,0.0
3377,3501,executive_order,1,0.7188595235347748,0.5428959319626943,35.666666666666664
3378,3468,executive_order,1,0.8545666337013245,0.5827031522837165,35.333333333333336
3380,3393,executive_order,1,0.8387196063995361,0.5536512100010865,35.0
3383,3524,executive_order,1,0.5644640326499939,0.06481271272645514,5.333333333333333
3385,3942,executive_order,1,0.4641829878091812,0.02522594611350637,0.0
3387,3497,executive_order,1,0.835077166557312,0.6192559346802305,36.0
3388,3832,executive_order,1,0.7275252640247345,0.29838397908332226,19.666666666666668
339,671,executive_order,1,0.44009119272232056,0.05204101149633905,11.666666666666666
3390,3877,executive_order,1,0.6993256509304047,0.13695736132063674,5.5
3393,3543,executive_order,1,0.8403069376945496,0.5303815591529596,30.666666666666668
3395,4456,executive_order,1,0.8196564316749573,0.36550879640945433,18.0
3396,4093,executive_order,1,0.762779951095581,0.5272154769066856,11.0
3397,3785,executive_order,1,0.623585969209671,0.18190532801088696,43.333333333333336
3398,3748,executive_order,1,0.5213761627674103,0.07194787781385,3.6666666666666665
3399,3438,executive_order,1,0.8497098088264465,0.5985267458229326,104.0
340,410,executive_order,1,0.49692225456237793,0.02034926094161042,13.333333333333334
3403,3748,executive_order,1,0.5366556495428085,0.08155353888634483,8.333333333333334
3405,3457,executive_order,1,0.8167123794555664,0.5308386208485487,33.333333333333336
3406,3705,executive_order,1,0.5709064304828644,0.1375139734652772,3.3333333333333335
3409,3455,executive_order,1,0.859911322593689,0.6446234626465569,34.333333333333336
3412,3542,executive_order,1,0.8404220938682556,0.551281369047762,36.333333333333336
3413,4351,executive_order,1,0.48648378252983093,0.009283861512042442,0.0
3414,3445,executive_order,1,0.8342564702033997,0.6137995920245208,36.333333333333336
342,833,executive_order,1,0.8530452251434326,0.9100910906273567,69.33333333333333
3427,3977,executive_order,1,0.5854441523551941,0.04703707042700949,0.0
3432,4444,executive_order,1,0.5252673923969269,0.0524695589130984,0.0
3433,4473,executive_order,1,0.540155217051506,0.05150871588495862,0.0
3438,3714,executive_order,1,0.8502649068832397,0.7255380040587022,98.0
3439,3970,executive_order,1,0.5181978791952133,0.08649701628753986,0.0
3440,3495,executive_order,1,0.5303189307451248,0.19800250174416636,3.6666666666666665
3444,3657,executive_order,1,0.6858260631561279,0.1814482799215597,0.0
3445,3501,executive_order,1,0.8618811368942261,0.6069607540367136,34.333333333333336
3446,4105,executive_order,1,0.553229808807373,0.13469775103675233,4.0
3449,3455,executive_order,1,0.8389761447906494,0.5638762025033294,32.0
3451,3546,executive_order,1,0.8212700486183167,0.5994706618995931,31.0
3453,4069,executive_order,1,0.4971882104873657,0.05261551451876614,0.0
3454,3504,executive_order,1,0.9027887582778931,0.9004433100335256,116.0
3455,3501,executive_order,1,0.8432459831237793,0.5927180526475496,31.0
3457,3543,executive_order,1,0.8366971611976624,0.432192183227922,25.333333333333332
3458,3513,executive_order,1,0.7176042795181274,0.36147346614627435,39.0
3461,3992,executive_order,1,0.6340751647949219,0.6101229651148193,23.0
3465,3528,executive_order,1,0.6289784908294678,0.07525990274186616,0.0
3468,3543,executive_order,1,0.8414293527603149,0.6018078051691015,35.333333333333336
3469,3572,executive_order,1,0.6362349987030029,0.09041364332784775,0.0
3470,4069,executive_order,1,0.6030083000659943,0.07090538199448339,0.0
3472,3485,executive_order,1,0.7900177240371704,0.6070569222012635,95.0
3477,3542,executive_order,1,0.7204675674438477,0.4658083078083788,35.333333333333336
3479,3667,executive_order,1,0.6490432322025299,0.2334089513533327,22.5
3480,3502,executive_order,1,0.5711111426353455,0.23815948832273684,26.333333333333332
3481,4240,executive_order,1,0.4580889940261841,0.005705296859356367,0.0
3484,4095,executive_order,1,0.49925005435943604,0.026454574161342,0.0
3485,3605,executive_order,1,0.8970682621002197,0.808491369080837,123.0
3486,3618,executive_order,1,0.5247140526771545,0.12933283828920672,14.666666666666666
3491,3725,executive_order,1,0.6404551267623901,0.09316299818335166,0.0
3497,3501,executive_order,1,0.8246560096740723,0.5249048424406882,33.333333333333336
3498,3670,executive_order,1,0.5022058486938477,0.0,0.0
3501,3548,executive_order,1,0.870286762714386,0.6666666666666666,37.0
3502,3526,executive_order,1,0.6075831055641174,0.10116446986709855,4.666666666666667
3504,3614,executive_order,1,0.8738393187522888,0.7882017668478548,96.0
3506,4207,executive_order,1,0.4899126887321472,0.00646053851090919,0.0
3511,3802,executive_order,1,0.6587986052036285,0.27457694475322436,21.5
3513,3802,executive_order,1,0.6904705166816711,0.2393749885534961,32.0
3514,3802,executive_order,1,0.6884247064590454,0.3248323704190952,41.0
3516,3532,executive_order,1,0.866940438747406,0.6666666666666669,38.333333333333336
352,619,executive_order,1,0.46169614791870117,0.10606284600724641,39.666666666666664
3524,4249,executive_order,1,0.5675057470798492,0.006150315455708981,0.0
3526,3573,executive_order,1,0.572532445192337,0.26456837538354133,48.0
3529,4303,executive_order,1,0.535738617181778,0.02984870399080108,0.0
3530,4248,executive_order,1,0.6269240081310272,0.1472779037835799,12.333333333333334
3532,3546,executive_order,1,0.8295164704322815,0.563670304953515,34.0
3534,3955,executive_order,1,0.7538788318634033,0.32997409823623003,25.0
3540,4266,executive_order,1,0.6114054918289185,0.07757401068886954,5.0
3542,4306,executive_order,1,0.849898099899292,0.44600747171443555,27.333333333333332
3543,3786,executive_order,1,0.8660000562667847,0.4930675962997995,31.333333333333332
3545,3728,executive_order,1,0.8568253517150879,0.46866212199952617,32.333333333333336
3546,3913,executive_order,1,0.8435535430908203,0.4685222465666385,30.666666666666668
3547,3625,executive_order,1,0.719408392906189,0.5288567632135432,44.0
3548,3609,executive_order,1,0.870286762714386,0.6666666666666666,37.0
3549,3592,executive_order,1,0.5158299505710602,0.18073655623598062,5.0
3552,3792,executive_order,1,0.8672702312469482,0.5226450295204935,33.666666666666664
3553,3625,executive_order,1,0.731719970703125,0.6542230381534134,58.0
3554,3921,executive_order,1,0.5433710515499115,0.08776553926628926,0.0
3555,4326,executive_order,1,0.5362377762794495,0.09488425793470293,0.0
3556,3889,executive_order,1,0.6932683885097504,0.38961911673859656,20.333333333333332
3557,3869,executive_order,1,0.5083659291267395,0.041756221371091404,0.0
3558,3913,executive_order,1,0.8413748145103455,0.48682234306984035,32.666666666666664
3559,3788,executive_order,1,0.7361516654491425,0.19459223474806367,16.666666666666668
356,365,executive_order,1,0.4925645887851715,0.2074177926625134,50.0
3560,4408,executive_order,1,0.6735507845878601,0.3297792472501893,72.0
3562,3666,executive_order,1,0.493171826004982,0.03974075960722271,0.0
3565,4048,executive_order,1,0.6071533560752869,0.0980843549957635,19.0
3569,4124,executive_order,1,0.5371757447719574,0.018496956819730605,0.0
3570,3977,executive_order,1,0.6013745665550232,0.04182708199854734,13.0
3571,3612,executive_order,1,0.795886218547821,0.6900935001239398,101.0
3573,3748,executive_order,1,0.46860332787036896,0.13398935395076692,11.666666666666666
3575,3614,executive_order,1,0.836056113243103,0.6146483486622858,103.0
3576,3879,executive_order,1,0.8119293451309204,0.4036247694371486,20.0
3578,3932,executive_order,1,0.7874665558338165,0.48520677672807827,19.666666666666668
3579,3959,executive_order,1,0.5372391641139984,0.11826977673941409,10.333333333333334
3580,3596,executive_order,1,0.7269805669784546,0.8308665786970604,40.0
3587,4302,executive_order,1,0.5889261066913605,0.05805867670833142,14.333333333333334
3588,3704,executive_order,1,0.6156182885169983,0.215081826843596,0.0
3592,3669,executive_order,1,0.4927365481853485,0.0,0.0
3596,4207,executive_order,1,0.5876017212867737,0.04361049482117257,0.0
3605,3793,executive_order,1,0.8924868702888489,0.7604942293578637,105.0
3606,3878,executive_order,1,0.6452102661132812,0.18910083421241858,16.5
3608,3840,executive_order,1,0.5743472576141357,0.10132130924422035,6.0
3609,3671,executive_order,1,0.8441284894943237,0.48072600491724415,31.666666666666668
3612,3714,executive_order,1,0.9047369956970215,0.7848194622686183,123.0
3614,3721,executive_order,1,0.8803609013557434,0.8501758190119354,103.0
3618,4114,executive_order,1,0.5395731031894684,0.092318068535449,7.666666666666667
3620,3691,executive_order,1,0.5464684367179871,0.15596169175433006,19.666666666666668
3622,4330,executive_order,1,0.5553639978170395,0.04550555536811433,0.0
3625,3651,executive_order,1,0.7773469686508179,0.535686330659626,52.0
3627,3636,executive_order,1,0.7443638443946838,0.19793058898127228,15.666666666666666
3629,3667,executive_order,1,0.6656822860240936,0.2417993368860351,24.5
3632,3779,executive_order,1,0.8681856393814087,0.834093201816009,73.0
3634,3811,executive_order,1,0.5843861103057861,0.33331157148097457,13.0
3639,3788,executive_order,1,0.662769228219986,0.1156849491434441,12.5
3640,3733,executive_order,1,0.6705715358257294,0.15464831929391715,13.0
3641,4202,executive_order,1,0.6162175536155701,0.3706089660865453,10.0
3642,4410,executive_order,1,0.7071671485900879,0.26038931679198485,26.0
3644,4152,executive_order,1,0.6695127487182617,0.08410224855793337,3.3333333333333335
3646,4473,executive_order,1,0.5719878077507019,0.019806479242154316,0.0
3650,3852,executive_order,1,0.8250551819801331,0.5666127858603515,34.666666666666664
3651,3745,executive_order,1,0.7447443008422852,0.5633241714371668,38.0
3654,3864,executive_order,1,0.5973630547523499,0.14620393460168976,13.0
3657,3979,executive_order,1,0.7649779319763184,0.536018569239601,40.666666666666664
3660,3671,executive_order,1,0.8496131300926208,0.6316881009549135,37.0
3663,3845,executive_order,1,0.8626203536987305,0.6278699815476904,36.666666666666664
3665,4370,executive_order,1,0.6007840633392334,0.02887255539555561,0.0
367,671,executive_order,1,0.4716968387365341,0.05357193652096375,8.0
3670,3671,executive_order,1,0.8695383667945862,0.679821514902743,38.0
3671,3845,executive_order,1,0.8348112106323242,0.5201863940061474,33.0
3672,4326,executive_order,1,0.5556225180625916,0.24630693146707253,0.0
3676,3955,executive_order,1,0.4734933376312256,0.027452838020573772,0.0
3690,4278,executive_order,1,0.63188037276268,0.09625587643205095,0.0
3692,3781,executive_order,1,0.5172271579504013,0.12025701417140515,4.0
3693,4337,executive_order,1,0.7209969758987427,0.3374101395784172,49.0
3695,3731,executive_order,1,0.8648315072059631,0.924975380042063,93.0
3696,3699,executive_order,1,0.558942586183548,0.08666281585285718,0.0
3697,4276,executive_order,1,0.8409522771835327,0.5049680645724598,35.666666666666664
37,264,executive_order,1,0.5381116271018982,0.054066882496344504,3.3333333333333335
3702,4116,executive_order,1,0.5788342654705048,0.025937199790872847,0.0
3703,3821,executive_order,1,0.5733726322650909,0.008800255621161726,0.0
3704,3859,executive_order,1,0.7262725234031677,1.0,0.0
3705,3945,executive_order,1,0.6142837107181549,0.10398065139161271,9.666666666666666
3707,4056,executive_order,1,0.4767559766769409,0.056771147715543036,0.0
3708,3714,executive_order,1,0.8937970995903015,0.7822125382188763,114.0
3709,3757,executive_order,1,0.7106848955154419,0.17534316381568013,114.0
3710,3879,executive_order,1,0.8432779908180237,0.6304308870678134,31.666666666666668
3711,4284,executive_order,1,0.8586131930351257,0.6153916783011958,37.333333333333336
3714,3721,executive_order,1,0.8576153516769409,0.7055103037169291,111.0
3715,3957,executive_order,1,0.6465451121330261,0.06924241680469936,10.0
3717,3721,executive_order,1,0.8596415519714355,0.5983627251603149,97.0
3718,3793,executive_order,1,0.900475263595581,0.7888907308426305,130.0
3721,3815,executive_order,1,0.891775369644165,0.7951274210748936,119.0
3723,3949,executive_order,1,0.56463822722435,0.12425800580182282,13.333333333333334
3724,3913,executive_order,1,0.8753927946090698,0.5701295412764591,36.0
3725,3859,executive_order,1,0.51828733086586,0.06371184162327895,0.0
3727,3821,executive_order,1,0.5672959685325623,0.05980644443581749,0.0
3728,3911,executive_order,1,0.8566529750823975,0.6361446348955081,41.0
3729,3832,executive_order,1,0.5980465114116669,0.020582018943068593,0.0
373,525,executive_order,1,0.7368676662445068,0.9126579755458412,127.0
3730,3913,executive_order,1,0.8438884019851685,0.5584211469162804,36.333333333333336
3731,3779,executive_order,1,0.8686907887458801,0.9748957489128723,86.0
3732,3932,executive_order,1,0.8243304491043091,0.4367200911508926,22.333333333333332
3733,3876,executive_order,1,0.7213866710662842,0.07721865843243761,0.0
3734,3757,executive_order,1,0.7120233476161957,0.10811041562113316,54.0
3741,4453,executive_order,1,0.7278217673301697,0.30398215197779566,42.0
3742,4017,executive_order,1,0.6647648215293884,0.5449533664417449,28.666666666666668
3743,3884,executive_order,1,0.5318798720836639,0.07488194056199553,0.0
3745,4453,executive_order,1,0.7560069561004639,0.48738355829305263,53.0
3748,3781,executive_order,1,0.5160571485757828,0.049477781590208554,0.0
3749,4017,executive_order,1,0.7222319543361664,0.5525419650164746,44.666666666666664
3753,4495,executive_order,1,0.4705958068370819,0.02776208121846835,0.0
3755,4040,executive_order,1,0.6776505708694458,0.1260011546335829,24.0
3756,4429,executive_order,1,0.6929939985275269,0.26180841019317386,46.0
3757,4429,executive_order,1,0.7418910264968872,0.15944291390049162,123.0
3761,3961,executive_order,1,0.5948232114315033,0.11698920841239661,0.0
3764,4465,executive_order,1,0.5351169109344482,0.024285306929943597,0.0
3765,4199,executive_order,1,0.5571460723876953,0.0481953690951327,0.0
3767,3864,executive_order,1,0.6125497221946716,0.08459431706715949,0.0
377,761,executive_order,1,0.5649435520172119,0.3249410401621314,73.33333333333333
3770,4152,executive_order,1,0.5170733034610748,0.04227420013758937,0.0
3771,3822,executive_order,1,0.8357221484184265,0.9856253196793677,97.0
3776,4378,executive_order,1,0.5363163352012634,0.14478965352725204,6.0
3777,3911,executive_order,1,0.8168290853500366,0.554380630984645,39.333333333333336
3778,3834,executive_order,1,0.6325243413448334,0.03969561254332549,0.0
3779,3854,executive_order,1,0.8698728084564209,1.0000000000000009,95.0
3780,4243,executive_order,1,0.5062454640865326,0.037877035908259506,5.666666666666667
3781,3831,executive_order,1,0.5532614886760712,0.06519514742632904,0.0
3782,3949,executive_order,1,0.6508483588695526,0.3762405196325669,18.333333333333332
3783,3961,executive_order,1,0.5787774622440338,0.0690460193778082,0.0
3785,3799,executive_order,1,0.671108067035675,0.22586876103128062,52.0
3786,4478,executive_order,1,0.8720271587371826,0.621255863590187,36.666666666666664
3787,3933,executive_order,1,0.5778667330741882,0.04780101478907889,0.0
3788,3955,executive_order,1,0.7186477780342102,0.2514904587120454,26.0
3790,4153,executive_order,1,0.5476242303848267,0.03058276267179158,3.3333333333333335
3791,4153,executive_order,1,0.5654861330986023,0.029054994243915427,0.0
3792,4276,executive_order,1,0.8533991575241089,0.5751701165365375,37.333333333333336
3793,3815,executive_order,1,0.8161060214042664,0.46315831384326955,83.0
3797,3820,executive_order,1,0.5963660478591919,0.04529807428053934,0.0
3799,3917,executive_order,1,0.592500627040863,0.19833446860863488,35.333333333333336
38,82,executive_order,1,0.45185360312461853,0.11063527039133164,11.666666666666666
3801,4011,executive_order,1,0.8224717378616333,0.3799078369652016,58.0
3802,3814,executive_order,1,0.6856343150138855,0.2296732974341866,33.0
3803,4043,executive_order,1,0.7685711681842804,0.20581647673146408,13.0
3805,3955,executive_order,1,0.8648691177368164,0.4727260698226944,45.0
3806,3843,executive_order,1,0.8583846092224121,0.6806415178601278,37.333333333333336
3807,4494,executive_order,1,0.5366205275058746,0.036233457727638016,0.0
3809,4199,executive_order,1,0.5575133711099625,0.08978591347025379,11.666666666666666
3810,4040,executive_order,1,0.637481153011322,0.13345962468722566,25.0
3811,3945,executive_order,1,0.64067143201828,0.43953604433577415,17.666666666666668
3814,3967,executive_order,1,0.8770359754562378,0.6159885526624775,76.0
3815,3987,executive_order,1,0.8990727663040161,0.5666083350290968,72.0
3816,3864,executive_order,1,0.5816570818424225,0.11414067087872432,6.0
3819,4345,executive_order,1,0.5221155285835266,0.090539365795784,0.0
382,2044,executive_order,1,0.49629129469394684,0.08120059542402641,0.0
3821,3993,executive_order,1,0.5689195394515991,0.058529769840677516,5.0
3822,3905,executive_order,1,0.8503299951553345,0.9856253196793677,97.0
3825,3910,executive_order,1,0.6666077375411987,0.18176749946843437,0.0
3830,3958,executive_order,1,0.5316377878189087,0.027178583137200025,0.0
3833,4105,executive_order,1,0.6116330325603485,0.36984567858700784,42.333333333333336
3834,4178,executive_order,1,0.524811863899231,0.05434319922302654,4.0
3837,4124,executive_order,1,0.47223101556301117,0.06718637013841162,0.0
3839,4142,executive_order,1,0.49279671907424927,0.02370191354788617,0.0
3840,3928,executive_order,1,0.6230829954147339,0.215699942650732,10.333333333333334
3842,3861,executive_order,1,0.47337083518505096,0.00854132816520348,0.0
3843,3845,executive_order,1,0.8591420650482178,0.6375218030756962,36.0
3845,4280,executive_order,1,0.8249509930610657,0.6052849453315094,34.333333333333336
3850,3871,executive_order,1,0.9016668200492859,0.8256996243400054,109.0
3851,4066,executive_order,1,0.7355078458786011,0.3767217731527531,50.0
3852,4283,executive_order,1,0.8661931753158569,0.633232427884501,35.666666666666664
3854,4112,executive_order,1,0.8683308959007263,1.0000000000000009,95.0
3856,4125,executive_order,1,0.6811435222625732,0.6478583580556748,125.0
3857,4011,executive_order,1,0.8359602689743042,0.26961060654182745,35.0
3861,4452,executive_order,1,0.5317462682723999,0.04198838222996471,0.0
3864,4242,executive_order,1,0.5897223949432373,0.04513346555560244,0.0
3869,3944,executive_order,1,0.6245843172073364,0.11303966099054634,0.0
3870,4236,executive_order,1,0.5946301221847534,0.04605714502762743,0.0
3871,3987,executive_order,1,0.8165580034255981,0.40970413904974246,59.0
3874,3920,executive_order,1,0.5961751341819763,0.045059905540484606,0.0
3877,4428,executive_order,1,0.5038431882858276,0.007536561488426778,0.0
3878,4334,executive_order,1,0.8259211778640747,0.7441698033149997,94.0
3879,4492,executive_order,1,0.8386683464050293,0.6316095147275146,31.666666666666668
3880,4492,executive_order,1,0.8386683464050293,0.6316095147275146,31.666666666666668
3881,4139,executive_order,1,0.5150282382965088,0.0341274969279431,0.0
3886,4236,executive_order,1,0.5678707361221313,0.02999562108277192,0.0
3888,4392,executive_order,1,0.5891134142875671,0.014647534065777288,0.0
3889,4337,executive_order,1,0.7028731405735016,0.35203522840453183,20.0
3890,4005,executive_order,1,0.4342788755893707,0.021878171534277343,0.0
3892,4412,executive_order,1,0.5174715518951416,0.11204735618928909,7.333333333333333
3893,4180,executive_order,1,0.6152721643447876,0.06178365719979599,0.0
3895,4011,executive_order,1,0.7850924730300903,0.3060499055167044,48.0
3896,3902,executive_order,1,0.648638129234314,0.057332361011864084,0.0
3898,3961,executive_order,1,0.5124906003475189,0.0685368126117258,0.0
39,388,executive_order,1,0.5114265382289886,0.08484522515258852,0.0
3900,3945,executive_order,1,0.5895562469959259,0.09865662302652517,0.0
3901,4238,executive_order,1,0.5170770436525345,0.014374295542258058,0.0
3902,4189,executive_order,1,0.6276772320270538,0.07722531616122978,34.0
3904,4291,executive_order,1,0.722602367401123,0.17470206948902403,14.0
3905,4111,executive_order,1,0.8146401643753052,0.87361538713937,80.0
3910,4474,executive_order,1,0.5890343189239502,0.11866878787414793,0.0
3911,4306,executive_order,1,0.827202558517456,0.4826989308872521,33.666666666666664
3913,4258,executive_order,1,0.873166561126709,0.6611915535387353,37.666666666666664
3919,4100,executive_order,1,0.672308087348938,0.2596628776970454,4.666666666666667
3923,3959,executive_order,1,0.5315192341804504,0.24557730741283892,21.333333333333332
3924,3994,executive_order,1,0.6608412265777588,0.09459607927901542,0.0
3926,3968,executive_order,1,0.6894830465316772,0.13497997344371188,22.0
3927,3961,executive_order,1,0.5349617004394531,0.07679449321862376,0.0
3928,4207,executive_order,1,0.5004447400569916,0.12879078522265247,0.0
3932,4140,executive_order,1,0.844376266002655,0.6293312271408774,32.0
3934,4134,executive_order,1,0.5954395234584808,0.04405756979135444,0.0
3936,3947,executive_order,1,0.49933457374572754,0.052742845576114,0.0
3938,4056,executive_order,1,0.4893234521150589,0.05323324236948549,0.0
3939,4199,executive_order,1,0.5017170310020447,0.04135917128590499,0.0
3944,4152,executive_order,1,0.6650349199771881,0.05852425445927481,7.333333333333333
3949,4116,executive_order,1,0.554038017988205,0.032854715012631715,0.0
395,405,executive_order,1,0.8087968230247498,1.0000000000000002,247.0
3950,4105,executive_order,1,0.5198231637477875,0.08990663723526326,0.0
3954,3989,executive_order,1,0.49725648760795593,0.019024133289673454,0.0
3956,3981,executive_order,1,0.7805724143981934,0.6953737559578688,128.0
3957,3961,executive_order,1,0.7481659948825836,0.077763714482243,0.0
3959,4123,executive_order,1,0.6107178330421448,0.12732966516338506,7.0
396,780,executive_order,1,0.6198202967643738,0.3774160178765534,46.333333333333336
3960,4127,executive_order,1,0.6263911128044128,0.16511323870446273,16.333333333333332
3965,4147,executive_order,1,0.6355575323104858,0.3080777536313033,0.0
3966,4242,executive_order,1,0.5343723297119141,0.023905202683258332,0.0
3967,3987,executive_order,1,0.878440260887146,0.8254985690796963,99.0
3970,4473,executive_order,1,0.5152890235185623,0.03793365645536826,0.0
3971,4081,executive_order,1,0.8310357332229614,0.5084573212111422,74.0
3973,4485,executive_order,1,0.8460843563079834,0.5753577898263947,35.666666666666664
3975,4011,executive_order,1,0.8898953199386597,0.7066894916664826,95.0
3977,4048,executive_order,1,0.6550839841365814,0.1679563159687981,12.0
3978,3993,executive_order,1,0.6275146007537842,0.023484873737910982,0.0
3979,4172,executive_order,1,0.7531032860279083,0.5142216422502549,40.666666666666664
3980,4011,executive_order,1,0.8621692657470703,0.5294032455874434,74.0
3981,4026,executive_order,1,0.7573614120483398,0.7037812583993814,94.0
3983,4206,executive_order,1,0.5478412508964539,0.0366524356234533,10.0
3985,4115,executive_order,1,0.5272091031074524,0.06830588074986427,0.0
3986,4111,executive_order,1,0.7472156286239624,0.8619000435267257,76.0
3987,4097,executive_order,1,0.8999055027961731,0.7677343019758698,100.0
3988,4164,executive_order,1,0.49301525950431824,0.007092095431494289,0.0
399,433,executive_order,1,0.5433764159679413,0.10486745644491136,31.0
3992,4070,executive_order,1,0.6803193092346191,0.28533360245325057,0.0
3993,4237,executive_order,1,0.5436127483844757,0.05716667190144448,0.0
3994,4209,executive_order,1,0.6464463770389557,0.0674148344731329,0.0
3995,4180,executive_order,1,0.5654406547546387,0.09796793414070576,0.0
3997,4069,executive_order,1,0.5273507237434387,0.046117460565569424,0.0
3998,4383,executive_order,1,0.637717068195343,0.08460960594797051,0.0
4,20,memorandum,1,0.5340214967727661,0.09042706525995348,0.0
40,90,executive_order,1,0.6308827102184296,0.22007794167884373,45.333333333333336
4000,4182,executive_order,1,0.47216086089611053,0.05193756806068018,16.0
4001,4123,executive_order,1,0.5191212892532349,0.05922905850475981,0.0
4003,4115,executive_order,1,0.5411593914031982,0.1980795633660084,29.333333333333332
4004,4064,executive_order,1,0.6504107713699341,0.031669049674118,0.0
4006,4492,executive_order,1,0.8428353667259216,0.6301807427630007,31.666666666666668
4009,4040,executive_order,1,0.6936777234077454,0.20275947289763246,29.0
4010,4012,executive_order,1,0.6009328365325928,0.09710759429366358,0.0
4011,4097,executive_order,1,0.8386839628219604,0.532467256637633,75.0
4012,4019,executive_order,1,0.6724819540977478,0.1696370762396793,0.0
4013,4056,executive_order,1,0.4658815264701843,0.04015129076172342,0.0
4014,4151,executive_order,1,0.4908788204193115,0.06528022798283467,0.0
4017,4323,executive_order,1,0.48342782258987427,0.032175423345862396,0.0
4018,4109,executive_order,1,0.8405203819274902,0.5739337384096465,35.333333333333336
4019,4302,executive_order,1,0.6338243186473846,0.07719666657771775,7.0
4020,4212,executive_order,1,0.5800692141056061,0.011171037384614564,0.0
4021,4056,executive_order,1,0.4906790852546692,0.030623296963580637,0.0
4022,4341,executive_order,1,0.6491264402866364,0.053494068859943934,3.3333333333333335
4025,4316,executive_order,1,0.5853495299816132,0.050034869309231705,0.0
4026,4498,executive_order,1,0.5731549263000488,0.007265397441057009,0.0
4027,4084,executive_order,1,0.606972873210907,0.5103223447576789,73.0
4030,4121,executive_order,1,0.49884508550167084,0.06341300203410759,0.0
4031,4216,executive_order,1,0.5876160860061646,0.4520174979809571,40.333333333333336
4033,4040,executive_order,1,0.6876806616783142,0.14920427520172963,22.0
4034,4121,executive_order,1,0.6760502755641937,0.4059318797076625,48.0
4035,4355,executive_order,1,0.745761513710022,1.0,0.0
4036,4056,executive_order,1,0.4510089308023453,0.1258212744548,0.0
4037,4291,executive_order,1,0.6392231583595276,0.185659177916439,5.0
4038,4084,executive_order,1,0.7042268514633179,0.1338397170405476,0.0
4039,4308,executive_order,1,0.651781439781189,0.18441794158299485,40.0
4040,4501,executive_order,1,0.7782017588615417,0.2096611109969825,15.0
4041,4118,executive_order,1,0.5827873945236206,0.03818792032549532,0.0
4042,4494,executive_order,1,0.6591504812240601,0.11338352216615671,22.5
4043,4161,executive_order,1,0.6256568729877472,0.04543150501034553,0.0
4046,4121,executive_order,1,0.5646256804466248,0.04414313601350469,0.0
4048,4211,executive_order,1,0.5424553453922272,0.03508235271839029,0.0
4049,4080,executive_order,1,0.7583036422729492,0.6665138497188303,43.0
4052,4109,executive_order,1,0.833163857460022,0.4915145327167901,27.666666666666668
4053,4100,executive_order,1,0.5569658577442169,0.13566094572422668,0.0
4054,4125,executive_order,1,0.7520937919616699,0.6880477778066157,86.0
4057,4193,executive_order,1,0.7240199148654938,0.3589028520738724,69.33333333333333
4060,4093,executive_order,1,0.7571431994438171,0.6117272562001435,11.0
4062,4231,executive_order,1,0.5411401987075806,0.0892065073456732,0.0
4063,4152,executive_order,1,0.5080915987491608,0.019311334354488667,0.0
4064,4141,executive_order,1,0.469990998506546,0.002967252801937366,0.0
4065,4142,executive_order,1,0.7197672426700592,0.8585267779142249,101.66666666666667
4066,4156,executive_order,1,0.6386876702308655,0.05970644332739032,50.0
4069,4124,executive_order,1,0.5855923593044281,0.09263804775636615,0.0
4070,4202,executive_order,1,0.6248798370361328,0.5642038868791555,21.0
4072,4355,executive_order,1,0.5448531210422516,0.06105993269497713,0.0
4075,4470,executive_order,1,0.5580896735191345,0.12118492215127889,0.0
4076,4236,executive_order,1,0.528978556394577,0.015648346169933373,0.0
4080,4155,executive_order,1,0.7120344638824463,0.10193366054673819,20.0
4081,4097,executive_order,1,0.8040052056312561,0.3994767057519255,68.0
4082,4468,executive_order,1,0.5143288373947144,0.15301992290887334,10.666666666666666
4083,4362,executive_order,1,0.5627281665802002,0.0,0.0
4088,4290,executive_order,1,0.7561780214309692,0.527986163442837,18.0
4089,4093,executive_order,1,0.7728708386421204,0.6098110712693052,11.0
409,430,executive_order,1,0.5614673793315887,0.17910535925720886,17.333333333333332
4091,4267,executive_order,1,0.5360165238380432,0.08727844749198144,0.0
4092,4097,executive_order,1,0.8002669811248779,0.41622119645095806,52.0
4093,4272,executive_order,1,0.7058452367782593,0.6117272562001435,11.0
4095,4216,executive_order,1,0.5100633203983307,0.07525161959265515,0.0
4096,4423,executive_order,1,0.5578970909118652,0.14249846496263543,11.666666666666666
4097,4148,executive_order,1,0.8060003519058228,0.6405312503554705,100.0
4099,4428,executive_order,1,0.46049031615257263,0.01379496201883865,0.0
4100,4142,executive_order,1,0.5210584104061127,0.13836217782491383,13.666666666666666
4102,4106,executive_order,1,0.7659599781036377,0.4713967867950849,66.0
4103,4168,executive_order,1,0.7201090455055237,0.3957352786175412,0.0
4104,4109,executive_order,1,0.8347892165184021,0.6430381505087774,42.333333333333336
4105,4107,executive_order,1,0.5332901477813721,0.19055834223808,29.0
4106,4119,executive_order,1,0.8958364129066467,0.983861552347685,124.0
4107,4294,executive_order,1,0.6131748259067535,0.39318202838142896,24.333333333333332
4108,4389,executive_order,1,0.7616825103759766,0.647285360007266,51.0
4109,4280,executive_order,1,0.8308554887771606,0.5929262386546469,36.666666666666664
4111,4326,executive_order,1,0.8454206585884094,0.5375104156537553,37.0
4112,4333,executive_order,1,0.8667025566101074,0.8975431828993103,81.0
4113,4126,executive_order,1,0.5771328508853912,0.053964352742648825,0.0
4114,4443,executive_order,1,0.6035283505916595,0.2334796375501662,7.0
4115,4302,executive_order,1,0.5781110525131226,0.08083373462683645,22.0
4116,4164,executive_order,1,0.5768762826919556,0.03437670227309288,0.0
4119,4143,executive_order,1,0.78321772813797,0.40019774496833266,53.0
412,432,executive_order,1,0.489471971988678,0.0831984636811023,13.333333333333334
4121,4231,executive_order,1,0.5447348952293396,0.03457030267401198,0.0
4122,4257,executive_order,1,0.4606437534093857,0.07055141135787608,6.0
4125,4162,executive_order,1,0.7405292987823486,0.6022766009757018,79.0
4126,4264,executive_order,1,0.5095694959163666,0.030807865782928687,0.0
4127,4242,executive_order,1,0.5645785331726074,0.05393367400694942,0.0
4129,4162,executive_order,1,0.7412435412406921,0.6446434030989038,109.0
413,593,executive_order,1,0.46965646743774414,0.010696384366412834,0.0
4131,4204,executive_order,1,0.7047566175460815,0.26834688715436,82.0
4133,4319,executive_order,1,0.5297750979661942,0.009203246364488757,0.0
4134,4173,executive_order,1,0.49914100766181946,0.2783561374830275,56.666666666666664
4137,4283,executive_order,1,0.8472216129302979,0.5440703081097211,32.333333333333336
4138,4355,executive_order,1,0.6021478772163391,0.09880783422670904,0.0
4139,4147,executive_order,1,0.3951006531715393,0.016864956877977795,0.0
414,597,executive_order,1,0.5407416820526123,0.18152161047072124,5.333333333333333
4140,4437,executive_order,1,0.8407357931137085,0.6283867140260339,32.0
4141,4172,executive_order,1,0.7816663980484009,0.7840067489944498,75.66666666666667
4145,4177,executive_order,1,0.5509916841983795,0.03756619478108153,0.0
4147,4338,executive_order,1,0.5971847772598267,0.010968475822373829,0.0
4148,4291,executive_order,1,0.6960448026657104,0.2542448531500631,34.0
4150,4350,executive_order,1,0.7207844257354736,0.5312738621175754,14.0
4151,4183,executive_order,1,0.5518035888671875,0.09053997699018829,0.0
4152,4278,executive_order,1,0.5837433040142059,0.06223262743912316,0.0
4154,4242,executive_order,1,0.6396093368530273,0.05282546884874769,0.0
4155,4429,executive_order,1,0.6774752140045166,0.14794847260089736,56.0
4156,4357,executive_order,1,0.6216565370559692,0.1695224036106279,50.0
4157,4161,executive_order,1,0.6977841854095459,0.09717012495156781,17.0
4158,4321,executive_order,1,0.6735365390777588,0.27452221826179984,26.666666666666668
4159,4346,executive_order,1,0.7154043614864349,0.6801131355536416,42.333333333333336
4160,4346,executive_order,1,0.6426732540130615,0.5539589096813641,40.0
4161,4498,executive_order,1,0.8096535801887512,0.4633084914886117,25.0
4162,4207,executive_order,1,0.6007327437400818,0.04617985377605167,0.0
4166,4229,executive_order,1,0.5252164006233215,0.0338246838925085,0.0
4168,4194,executive_order,1,0.6844756603240967,0.27222850325686493,0.0
4169,4505,executive_order,1,0.7091065347194672,0.09033072250699357,0.0
417,429,executive_order,1,0.5292544066905975,0.032474448251023615,0.0
4171,4222,executive_order,1,0.6348028182983398,0.5158076153471927,19.0
4173,4215,executive_order,1,0.5370671451091766,0.04936136858990466,0.0
4175,4377,executive_order,1,0.5710889101028442,0.0224741251293465,0.0
4177,4211,executive_order,1,0.569932371377945,0.04336843041455531,6.5
4178,4465,executive_order,1,0.5601443946361542,0.02968255159631371,0.0
4179,4216,executive_order,1,0.6009187996387482,0.35299518383001316,14.666666666666666
418,426,executive_order,1,0.5378783643245697,0.42171554878512324,23.0
4181,4240,executive_order,1,0.6198962330818176,0.19915192229914988,132.0
4182,4393,executive_order,1,0.618159830570221,0.07674869526699048,8.0
4186,4498,executive_order,1,0.502683699131012,0.041869803642461914,0.0
4189,4248,executive_order,1,0.7449911236763,0.6455020672762126,42.666666666666664
419,428,executive_order,1,0.5317016988992691,0.07885241364990189,5.333333333333333
4194,4272,executive_order,1,0.7170431613922119,0.305301979025183,0.0
4195,4290,executive_order,1,0.8425726890563965,0.747650843226659,18.0
4197,4250,executive_order,1,0.8187642097473145,0.9376279506966158,292.0
4199,4256,executive_order,1,0.6343903541564941,0.019026076998083206,0.0
420,2150,executive_order,1,0.5229280591011047,0.025233209464418024,0.0
4201,4238,executive_order,1,0.5143580585718155,0.06307037389250586,0.0
4202,4261,executive_order,1,0.5318233370780945,0.17385877721635,0.0
4204,4296,executive_order,1,0.6946220397949219,0.16629480227089988,76.0
4209,4404,executive_order,1,0.6247282922267914,0.1134845854429659,38.0
421,428,executive_order,1,0.5885723829269409,0.09907624712363006,8.333333333333334
4210,4346,executive_order,1,0.5406169593334198,0.010033861394004773,0.0
4211,4357,executive_order,1,0.6180874109268188,0.054875759692460675,12.0
4212,4357,executive_order,1,0.7086263298988342,0.09401880235820033,195.0
4213,4278,executive_order,1,0.5079580247402191,0.03683510899188597,0.0
4214,4428,executive_order,1,0.5696303248405457,0.06432059563520824,10.0
4215,4324,executive_order,1,0.6167978048324585,0.19895446415334758,23.0
4216,4294,executive_order,1,0.5697902143001556,0.2820050410588594,27.666666666666668
422,426,executive_order,1,0.5827874541282654,0.4039168265237108,51.333333333333336
4220,4467,executive_order,1,0.8295851349830627,0.6274890733993692,36.333333333333336
4222,4241,executive_order,1,0.575050413608551,0.18173208638365587,0.0
4224,4350,executive_order,1,0.7031071186065674,0.617098356157181,15.0
4225,4507,executive_order,1,0.56800277531147,0.010368281485123775,0.0
4226,4242,executive_order,1,0.4528757780790329,0.008744514993417624,0.0
4227,4278,executive_order,1,0.5960855484008789,0.06757880993376318,0.0
4229,4457,executive_order,1,0.5608861446380615,0.048814303542945504,0.0
423,428,executive_order,1,0.5788320302963257,0.1550259514763208,5.0
4230,4278,executive_order,1,0.4937165230512619,0.02575299575202909,0.0
4232,4332,executive_order,1,0.8714375495910645,0.9597461328432174,95.0
4233,4387,executive_order,1,0.7867141962051392,0.8937259212053985,64.0
4234,4338,executive_order,1,0.5361533164978027,0.00721416607218906,0.0
4235,4398,executive_order,1,0.4533134996891022,0.04103546696887819,0.0
4238,4465,executive_order,1,0.5459724068641663,0.025273045145889832,0.0
4239,4302,executive_order,1,0.5807135105133057,0.018003612457729315,0.0
424,428,executive_order,1,0.5478650033473969,0.08512788018016663,5.0
4240,4444,executive_order,1,0.4932766258716583,0.020759808816103134,0.0
4241,4381,executive_order,1,0.5125018358230591,0.016723063550939048,0.0
4242,4338,executive_order,1,0.5439571142196655,0.07991387378112527,0.0
4243,4473,executive_order,1,0.6756243407726288,0.07834015730813627,0.0
4245,4346,executive_order,1,0.587410032749176,0.05386641018585311,0.0
4246,4333,executive_order,1,0.8751839399337769,0.7846689870175341,60.0
4247,4428,executive_order,1,0.639019250869751,0.03453372243628761,10.0
425,507,executive_order,1,0.5625463128089905,0.09478335159459739,13.0
4250,4259,executive_order,1,0.4116818755865097,0.017455427427764295,0.0
4253,4256,executive_order,1,0.5146758556365967,0.0544084557681397,0.0
4255,4271,executive_order,1,0.6064829528331757,0.18692628093414002,20.666666666666668
4256,4257,executive_order,1,0.600368082523346,0.1846187049326282,15.333333333333334
4257,4411,executive_order,1,0.5561829805374146,0.12258356753214543,8.333333333333334
4258,4478,executive_order,1,0.8425514101982117,0.601409505935521,35.666666666666664
4259,4278,executive_order,1,0.7425717115402222,0.5034087803998972,26.333333333333332
426,1008,executive_order,1,0.5125887095928192,0.11666194532447187,8.0
4261,4383,executive_order,1,0.5165600776672363,0.08815152197988294,0.0
4263,4334,executive_order,1,0.4267929792404175,0.0029658459724502045,0.0
4264,4324,executive_order,1,0.5363976210355759,0.07845825111054466,6.0
4266,4343,executive_order,1,0.8303979635238647,0.30856864328518097,58.0
4267,4275,executive_order,1,0.6553920805454254,0.194428401489336,0.0
4268,4468,executive_order,1,0.8842984437942505,0.9747367306431816,191.0
4269,4342,executive_order,1,0.7819060683250427,0.3728351796937617,22.0
4270,4299,executive_order,1,0.44728174805641174,0.04225487872341938,4.666666666666667
4271,4299,executive_order,1,0.5469670593738556,0.08367483747935901,4.666666666666667
4272,4350,executive_order,1,0.7136479020118713,0.4566370295376766,11.0
4275,4457,executive_order,1,0.630685567855835,0.5011958807081196,39.0
4276,4293,executive_order,1,0.8486640453338623,0.5903572685757033,36.0
4278,4392,executive_order,1,0.5087512135505676,0.03882331197029721,0.0
4280,4467,executive_order,1,0.8276275396347046,0.6371049513822084,36.333333333333336
4281,4383,executive_order,1,0.5583003759384155,0.06873580005323596,0.0
4282,4468,executive_order,1,0.8031623363494873,0.6823252625337922,137.0
4283,4478,executive_order,1,0.8395956754684448,0.636019704593572,36.333333333333336
4284,4293,executive_order,1,0.8316921591758728,0.6200851928599757,36.666666666666664
4285,4356,executive_order,1,0.8231768012046814,0.6259182601013354,36.666666666666664
4290,4453,executive_order,1,0.7949222922325134,0.4820641919436555,22.0
4291,4347,executive_order,1,0.6897327899932861,0.21168150823352586,14.0
4293,4318,executive_order,1,0.8414152264595032,0.6207345393675661,37.0
4294,4328,executive_order,1,0.5883711874485016,0.2925780534538633,48.666666666666664
4295,4316,executive_order,1,0.4482516348361969,0.060308046824092465,0.0
4296,4297,executive_order,1,0.6611530184745789,0.076650466466317,48.0
4297,4331,executive_order,1,0.49523623287677765,0.04971514132718174,8.0
4298,4433,executive_order,1,0.8449854850769043,0.6258902271518537,37.0
4299,4301,executive_order,1,0.6376555263996124,0.0831606899404042,0.0
430,637,executive_order,1,0.5848149955272675,0.022627279853772355,0.0
4301,4305,executive_order,1,0.4633723050355911,0.043029706593024374,0.0
4302,4429,executive_order,1,0.6700588464736938,0.2282542341106967,129.0
4303,4310,executive_order,1,0.863593339920044,0.6772986335062496,42.666666666666664
4305,4440,executive_order,1,0.5815410912036896,0.027661675464336493,0.0
4306,4310,executive_order,1,0.8633639812469482,0.5734886969179287,37.333333333333336
4308,4429,executive_order,1,0.6755540370941162,0.21397613828515824,54.0
4309,4489,executive_order,1,0.8696377277374268,0.6443456687738761,38.0
4310,4385,executive_order,1,0.8614955544471741,0.590751295960813,40.0
4314,4433,executive_order,1,0.8212844729423523,0.4680779598200089,31.333333333333332
4315,4361,executive_order,1,0.532262533903122,0.0634445248572837,0.0
4316,4355,executive_order,1,0.5821319222450256,0.14681258021094792,0.0
4317,4492,executive_order,1,0.8423997759819031,0.6197708122407126,31.333333333333332
4318,4386,executive_order,1,0.8675367832183838,0.6203853726445058,38.0
4321,4358,executive_order,1,0.476566806435585,0.04526388166056702,0.0
4322,4481,executive_order,1,0.47153908014297485,0.013656959176801346,0.0
4324,4481,executive_order,1,0.5990963280200958,0.03475159256394115,0.0
4326,4387,executive_order,1,0.7507580518722534,0.8041904494796523,54.0
4328,4443,executive_order,1,0.4858037084341049,0.0795654820404345,5.666666666666667
4329,4389,executive_order,1,0.6793272495269775,0.15251767888513443,0.0
433,1259,executive_order,1,0.4974137246608734,0.05574019699610203,0.0
4330,4355,executive_order,1,0.6981859803199768,0.5422349180111509,0.0
4331,4507,executive_order,1,0.45084014534950256,0.02719719846615278,0.0
4332,4506,executive_order,1,0.8638724684715271,0.9005273031052617,94.0
4333,4384,executive_order,1,0.7543538808822632,0.49782915925165594,51.0
4334,4347,executive_order,1,0.607666015625,0.12479020150730209,11.0
4336,4381,executive_order,1,0.7428665161132812,0.6085818260247802,54.0
4337,4453,executive_order,1,0.7551963329315186,0.5317020609671378,53.0
4339,4442,executive_order,1,0.736538827419281,0.01972654491632134,0.0
434,930,executive_order,1,0.8777144551277161,0.8412737263440531,656.0
4340,4414,executive_order,1,0.5262097120285034,0.031471931160557215,0.0
4342,4458,executive_order,1,0.6281585097312927,0.2563859845492608,19.0
4343,4383,executive_order,1,0.6824702024459839,0.04448722682320525,0.0
4344,4356,executive_order,1,0.842774510383606,0.63378627271441,37.0
4345,4348,executive_order,1,0.5462825745344162,0.0240738248466231,0.0
4346,4414,executive_order,1,0.4957931637763977,0.02226665478883466,0.0
4347,4474,executive_order,1,0.3928162157535553,0.00427989695658586,0.0
4348,4370,executive_order,1,0.5980616211891174,0.027620435434667582,0.0
4349,4446,executive_order,1,0.6930234432220459,0.5570342052105809,45.0
435,3656,executive_order,1,0.4812445044517517,0.013302998086692835,0.0
4350,4389,executive_order,1,0.6841307878494263,0.38029556722415525,17.0
4351,4411,executive_order,1,0.4564538598060608,0.02308994042646435,0.0
4352,4478,executive_order,1,0.84296715259552,0.613545796094115,35.666666666666664
4354,4494,executive_order,1,0.595259964466095,0.1159021004324881,11.666666666666666
4355,4474,executive_order,1,0.5339093208312988,0.12899374161739585,0.0
4356,4478,executive_order,1,0.8383862972259521,0.6266570969240236,36.333333333333336
4357,4403,executive_order,1,0.5811450481414795,0.03230018338379704,0.0
4358,4465,executive_order,1,0.4964926093816757,0.021112084328211888,0.0
4360,4361,executive_order,1,0.5653689205646515,0.05120459446131673,3.3333333333333335
4361,4465,executive_order,1,0.47453756630420685,0.015916241293498837,0.0
4362,4376,executive_order,1,0.553436815738678,0.043816084279676364,11.0
4364,4417,executive_order,1,0.4699646085500717,0.045272994921785194,0.0
4365,4501,executive_order,1,0.747883141040802,0.1324976873434197,13.0
4366,4465,executive_order,1,0.42394833266735077,0.026455766625583525,0.0
4367,4433,executive_order,1,0.8588642477989197,0.6085585414833986,36.333333333333336
4368,4378,executive_order,1,0.5762673616409302,0.12738725763900055,7.5
4369,4476,executive_order,1,0.8247156143188477,0.5473787825895351,37.666666666666664
4370,4377,executive_order,1,0.5363749563694,0.04227717777846531,4.333333333333333
4371,4494,executive_order,1,0.5859313905239105,0.01634409892842305,0.0
4373,4485,executive_order,1,0.866935133934021,0.625216698281296,35.0
4374,4440,executive_order,1,0.6778534054756165,0.08506499729110584,0.0
4375,4485,executive_order,1,0.8230158090591431,0.5517486407803852,35.333333333333336
4376,4501,executive_order,1,0.675323486328125,0.07469385630596877,21.0
4377,4487,executive_order,1,0.4631800502538681,0.014249511534546311,0.0
4378,4465,executive_order,1,0.48638978600502014,0.003955653335526583,0.0
4381,4446,executive_order,1,0.3924841284751892,0.005582670405351007,0.0
4382,4501,executive_order,1,0.7502844333648682,0.13995451112876603,21.0
4383,4493,executive_order,1,0.5825409293174744,0.04098584053934917,0.0
4385,4504,executive_order,1,0.8291467428207397,0.5346584676275556,34.666666666666664
4386,4433,executive_order,1,0.8326357007026672,0.5830353395012219,36.333333333333336
4387,4457,executive_order,1,0.5377878546714783,0.012316659641863736,0.0
4388,4399,executive_order,1,0.7987586855888367,0.7454982242058109,90.0
4389,4402,executive_order,1,0.6202148199081421,0.2372697094443434,0.0
439,546,executive_order,1,0.5270133763551712,0.03829968866468102,15.333333333333334
4390,4507,executive_order,1,0.5005323439836502,0.009496042283409308,0.0
4391,4415,executive_order,1,0.8133358955383301,0.39337117228095586,49.333333333333336
4392,4417,executive_order,1,0.5132445693016052,0.023664478831108282,0.0
4395,4416,executive_order,1,0.427487850189209,0.011284498150296238,0.0
4396,4506,executive_order,1,0.8704661130905151,0.9149636498977786,100.0
4398,4404,executive_order,1,0.7815966606140137,0.2613015984508138,121.0
4399,4487,executive_order,1,0.4707906246185303,0.014889220001539326,0.0
44,714,executive_order,1,0.7367237210273743,0.7152318810454956,75.0
4400,4453,executive_order,1,0.8299533128738403,0.48971853533672977,52.0
4403,4488,executive_order,1,0.3517419099807739,0.017303073942077737,0.0
4404,4496,executive_order,1,0.44689197838306427,0.009496590781534288,0.0
4406,4488,executive_order,1,0.4394644796848297,0.0047139833526466095,0.0
4407,4428,executive_order,1,0.5906689167022705,0.0,0.0
4408,4474,executive_order,1,0.49311213195323944,0.004389309337596349,0.0
441,527,executive_order,1,0.49614304304122925,0.16843447915828022,60.333333333333336
4410,4481,executive_order,1,0.4234005808830261,0.0042061696189453395,0.0
4411,4443,executive_order,1,0.5857208371162415,0.10585438636783306,3.3333333333333335
4413,4463,executive_order,1,0.536827951669693,0.020711618592414674,0.0
4414,4473,executive_order,1,0.5205996632575989,0.034082140321694106,0.0
4415,4497,executive_order,1,0.7747058868408203,0.3720983141637002,40.666666666666664
4417,4443,executive_order,1,0.4582938402891159,0.013048981972250032,0.0
4418,4496,executive_order,1,0.5341035276651382,0.04525434133811907,0.0
442,644,executive_order,1,0.6060231626033783,0.08956458124666915,0.0
4420,4492,executive_order,1,0.47880105674266815,0.023094002273159886,0.0
4421,4465,executive_order,1,0.45890115201473236,0.015721783963217124,0.0
4423,4436,executive_order,1,0.5482455790042877,0.12441030076130155,13.333333333333334
4425,4493,executive_order,1,0.48007552325725555,0.02822625213003574,0.0
4426,4451,executive_order,1,0.5691550970077515,0.015365729102520523,0.0
4427,4478,executive_order,1,0.8281123638153076,0.6030669937107901,36.333333333333336
4428,4464,executive_order,1,0.6081810593605042,0.050108078310721546,5.0
4429,4501,executive_order,1,0.7483001947402954,0.08366488408510797,142.0
4431,4470,executive_order,1,0.5799432396888733,0.054140394732515064,0.0
4433,4478,executive_order,1,0.8537409901618958,0.6210730277320605,36.333333333333336
4435,4465,executive_order,1,0.5225343257188797,0.015556587659375619,0.0
4436,4445,executive_order,1,0.5002216696739197,0.05104435460926963,32.666666666666664
4440,4477,executive_order,1,0.5069550275802612,0.016127483494090916,0.0
4442,4451,executive_order,1,0.7136804759502411,0.06269811069045146,0.0
4443,4507,executive_order,1,0.4963170439004898,0.013696718558958385,0.0
4444,4464,executive_order,1,0.4576658010482788,0.008411362686252982,0.0
4445,4473,executive_order,1,0.49339206516742706,0.032216460592075884,0.0
4446,4447,executive_order,1,0.7680977582931519,0.617549042914322,53.0
4447,4498,executive_order,1,0.4131593704223633,0.016191054101302393,0.0
4449,4477,executive_order,1,0.6500565707683563,0.0063571431406225475,0.0
4452,4481,executive_order,1,0.49959078431129456,0.10417918652038687,3.6666666666666665
4453,4465,executive_order,1,0.4327697157859802,0.021668848391601023,0.0
4455,4500,executive_order,1,0.6180702447891235,0.06633671165504156,6.0
4457,4458,executive_order,1,0.6009864807128906,0.26914102858508876,13.0
4458,4465,executive_order,1,0.47082675993442535,0.007347167037796524,0.0
4460,4466,executive_order,1,0.7647718191146851,0.49569545170645263,30.666666666666668
4463,4494,executive_order,1,0.4979647248983383,0.024660954058570356,0.0
4464,4474,executive_order,1,0.4929945468902588,0.03785002626976807,0.0
4465,4481,executive_order,1,0.4842556118965149,0.024260705035775862,0.0
4466,4492,executive_order,1,0.8480517268180847,0.6013881913151987,30.666666666666668
4467,4485,executive_order,1,0.8239377737045288,0.5983400708501455,36.0
4468,4497,executive_order,1,0.4302886873483658,0.22347837464134737,221.66666666666666
4470,4498,executive_order,1,0.5729483962059021,0.013983852654793665,0.0
4472,4507,executive_order,1,0.413006067276001,0.006185184939713433,0.0
4473,4493,executive_order,1,0.5926549434661865,0.07232581749744944,0.0
4474,4495,executive_order,1,0.47867532074451447,0.022804660651735375,0.0
4476,4481,executive_order,1,0.46230342984199524,0.009273138258703854,0.0
4477,4500,executive_order,1,0.38435935974121094,0.014661361680640743,0.0
4478,4504,executive_order,1,0.8306771516799927,0.5939824314702805,36.0
4479,4504,executive_order,1,0.8414449691772461,0.5225941603183533,34.666666666666664
448,554,executive_order,1,0.5259917974472046,0.03495672752157682,6.666666666666667
4481,4483,executive_order,1,0.6134610176086426,0.3347703564120889,5.333333333333333
4482,4500,executive_order,1,0.5083445310592651,0.0,0.0
4483,4507,executive_order,1,0.5124384313821793,0.06343649112170481,0.0
4485,4504,executive_order,1,0.8261100053787231,0.5650245866446877,34.0
4486,4491,executive_order,1,0.8555096387863159,0.6518705641403969,32.0
4487,4488,executive_order,1,0.4621075391769409,0.005201402599586288,0.0
4488,4507,executive_order,1,0.5425141602754593,0.014792687431240403,0.0
4489,4504,executive_order,1,0.8473321795463562,0.5895087824679067,35.666666666666664
4490,4505,executive_order,1,0.4579935520887375,0.014053684472561454,0.0
4491,4492,executive_order,1,0.8537315726280212,0.6328958401171456,31.666666666666668
4492,4504,executive_order,1,0.5864468216896057,0.02672183990241238,0.0
4493,4498,executive_order,1,0.4861159473657608,0.024915606557742116,0.0
4494,4507,executive_order,1,0.3761453330516815,0.004241045510549685,0.0
4495,4507,executive_order,1,0.43865373730659485,0.04467308264044235,5.0
4496,4507,executive_order,1,0.4029708653688431,0.007612963182423879,0.0
4497,4504,executive_order,1,0.7477782964706421,0.3541915779550149,35.0
4498,4506,executive_order,1,0.38268664479255676,0.07012950570146434,10.0
450,467,executive_order,1,0.46553853154182434,0.011637514486510979,0.0
4500,4507,executive_order,1,0.4229314625263214,0.005444167599594929,0.0
4501,4506,executive_order,1,0.3021913170814514,0.004646540811845949,0.0
4504,4507,executive_order,1,0.37079252302646637,0.005002035474347684,0.0
4505,4506,executive_order,1,0.3642522990703583,0.0,0.0
4506,4507,executive_order,1,0.3494987189769745,0.0007562604266415591,0.0
4508,5455,letter,1,0.4091527909040451,0.006654506815195884,0.0
4509,7230,letter,1,0.41320888698101044,0.003040697485833632,0.0
451,919,executive_order,1,0.4994233548641205,0.06868884790500115,10.666666666666666
4511,4567,letter,1,0.7126581072807312,0.3702283963668057,36.0
4517,5222,letter,1,0.8644979000091553,0.6959675493941364,40.0
4519,4533,letter,1,0.8182252049446106,0.5563746881475873,18.333333333333332
452,899,executive_order,1,0.41879022121429443,0.013934896367251157,11.0
4520,4572,letter,1,0.749523937702179,0.8874959526032633,235.33333333333334
4521,4576,letter,1,0.8801974058151245,0.9999999999999998,25.0
4523,4884,letter,1,0.7175190448760986,0.40085654062981213,10.666666666666666
4524,4614,letter,1,0.8488106727600098,0.9999999999999998,36.0
4526,4615,letter,1,0.8755979537963867,0.9999999999999998,20.0
4527,4579,letter,1,0.8620148301124573,0.9999999999999998,26.0
4528,4577,letter,1,0.6400061845779419,0.21392682986481784,4.333333333333333
4529,4623,letter,1,0.8658290505409241,1.0,27.0
4530,4622,letter,1,0.8623791933059692,1.0,36.0
4531,4583,letter,1,0.8735653162002563,1.0,27.0
4532,5791,letter,1,0.693030834197998,0.012297967639623063,0.0
4533,4551,letter,1,0.819868266582489,0.46501821169729846,18.333333333333332
4535,4586,letter,1,0.8887774348258972,1.0000000000000002,20.0
4536,4588,letter,1,0.8272961974143982,0.8078014024447192,35.666666666666664
4539,8064,letter,1,0.6304091215133667,0.10064553126731046,10.0
4540,4552,letter,1,0.7089271545410156,0.3027131139834929,19.0
4541,4789,letter,1,0.8765275478363037,0.8458773822924848,19.0
4544,4552,letter,1,0.7067549228668213,0.425332678537865,19.0
4545,4959,letter,1,0.8638520240783691,0.761221742323799,13.0
4546,4591,letter,1,0.8937922716140747,0.9999999999999996,23.0
4547,8363,letter,1,0.5223118662834167,0.005916091043551911,0.0
4549,4572,letter,1,0.7444605827331543,0.9237118410690329,252.0
455,1008,executive_order,1,0.4748712182044983,0.0494519018187462,0.0
4551,4554,letter,1,0.8100786209106445,0.4918945418385636,18.333333333333332
4552,4701,letter,1,0.8819345235824585,1.0,24.0
4553,4700,letter,1,0.8682069182395935,1.0,21.0
4554,4897,letter,1,0.8131568431854248,0.49637233269647923,17.333333333333332
4555,4598,letter,1,0.7717841267585754,0.5492241778955433,18.666666666666668
4556,4698,letter,1,0.6082544922828674,0.20280486179035498,18.666666666666668
4557,4706,letter,1,0.8661290407180786,1.0000000000000002,20.0
4559,4565,letter,1,0.8482198119163513,0.9530828368271044,67.33333333333333
4560,4606,letter,1,0.8802170753479004,1.0,20.0
4561,4709,letter,1,0.8502302765846252,0.9999999999999998,43.0
4562,4565,letter,1,0.8492376804351807,0.85882002431789,57.333333333333336
4563,4568,letter,1,0.8106884956359863,0.7110891078313185,45.666666666666664
4565,4566,letter,1,0.8449442386627197,0.9221981088040095,61.333333333333336
4566,4577,letter,1,0.8227870464324951,0.776961806925412,43.666666666666664
4567,4568,letter,1,0.7621507048606873,0.5666998568951522,32.0
4568,4575,letter,1,0.8428646922111511,0.9679184040966754,62.666666666666664
4569,4652,letter,1,0.7638180255889893,0.2988120377152132,121.0
457,507,executive_order,1,0.5319828689098358,0.08741420155896111,12.666666666666666
4571,4661,letter,1,0.8542883992195129,0.9999999999999999,25.0
4572,4611,letter,1,0.757156103849411,0.8768699268192875,270.0
4575,4577,letter,1,0.8310339450836182,0.9038200481415072,55.666666666666664
4576,4720,letter,1,0.8801974058151245,0.9999999999999998,25.0
4577,4582,letter,1,0.8404797911643982,0.9999999999999994,56.0
4578,4582,letter,1,0.8340878486633301,0.9712206105209135,54.666666666666664
4579,4618,letter,1,0.8391995429992676,0.7665062380973893,20.0
4580,4933,letter,1,0.6817543506622314,0.18090180612843246,69.0
4581,4619,letter,1,0.7945564389228821,0.34947596497173167,25.0
4582,4601,letter,1,0.8269438743591309,0.8903547959575997,52.666666666666664
4583,4624,letter,1,0.8735653162002563,1.0,27.0
4584,5032,letter,1,0.85179203748703,0.733395046688635,17.0
4585,4627,letter,1,0.8226025104522705,1.0000000000000004,33.0
4586,4625,letter,1,0.8887774348258972,1.0000000000000002,20.0
4587,4675,letter,1,0.8372820615768433,0.9316427465579642,29.0
4588,4678,letter,1,0.8226173520088196,0.7094785297415571,23.0
4590,4693,letter,1,0.6241012811660767,0.1708417322975351,11.0
4591,4633,letter,1,0.8937922716140747,0.9999999999999996,23.0
4593,6210,letter,1,0.5265119671821594,0.015429451178912926,0.0
4594,4611,letter,1,0.742365151643753,0.946902852732688,255.66666666666666
4596,4644,letter,1,0.8427947163581848,1.0000000000000018,129.0
4597,4620,letter,1,0.5792070627212524,0.15125590101715955,13.0
4598,4725,letter,1,0.8206051588058472,0.6041799863445633,18.666666666666668
4599,4699,letter,1,0.8910802602767944,1.0000000000000002,20.0
46,808,executive_order,1,0.596630334854126,0.5351213472553396,44.666666666666664
460,953,executive_order,1,0.6573356091976166,0.5573890117988679,59.0
4600,4650,letter,1,0.8719313144683838,1.0000000000000002,30.0
4601,4630,letter,1,0.8186740875244141,0.8611413962840674,59.333333333333336
4603,5386,letter,1,0.44447940587997437,0.0232153576521617,0.0
4604,4702,letter,1,0.8241221308708191,0.9429632545773378,33.0
4606,4656,letter,1,0.8802170753479004,1.0,20.0
4608,4708,letter,1,0.7672300338745117,0.694465392667116,21.0
4609,4692,letter,1,0.7672818899154663,0.8609652241475566,19.0
461,484,executive_order,1,0.5550800859928131,0.25365974935634555,52.666666666666664
4610,4625,letter,1,0.7096495628356934,0.44869133752756657,19.0
4611,4689,letter,1,0.751902163028717,0.8740741091520671,227.0
4614,4670,letter,1,0.8303942084312439,0.9384153866865083,35.0
4615,4669,letter,1,0.8709665536880493,0.8384424945086228,19.0
4618,4841,letter,1,0.868848443031311,1.0,24.0
4619,4839,letter,1,0.6748321056365967,0.39052754948712665,37.0
462,3982,executive_order,1,0.596419632434845,0.2578378682149916,46.0
4620,4787,letter,1,0.6578377783298492,0.20942428188759554,11.333333333333334
4622,4842,letter,1,0.8494113683700562,0.8445946534418994,32.0
4623,4672,letter,1,0.8658290505409241,1.0,27.0
4624,4673,letter,1,0.8735653162002563,1.0,27.0
4625,4942,letter,1,0.7420608997344971,0.8484040937597693,19.0
4627,4677,letter,1,0.8226025104522705,1.0000000000000004,33.0
4629,4678,letter,1,0.813018798828125,0.6896326426308598,23.0
463,585,executive_order,1,0.5325972735881805,0.40275625112606267,13.333333333333334
4630,4685,letter,1,0.8311392664909363,0.913675643308487,62.333333333333336
4631,5227,letter,1,0.7423532009124756,0.6776882772562783,114.0
4633,4723,letter,1,0.7286790013313293,0.74897237732034,21.0
4634,4684,letter,1,0.8733210563659668,0.9999999999999998,24.0
4638,4801,letter,1,0.8557678461074829,0.7408212409166003,533.0
4642,7295,letter,1,0.5444338917732239,0.02538559842888724,0.0
4643,4755,letter,1,0.8842511177062988,1.0000000000000002,20.0
4644,4694,letter,1,0.8483216762542725,0.8256279840203438,100.0
4645,4695,letter,1,0.8588794469833374,0.9999999999999999,23.0
4646,4966,letter,1,0.8774604797363281,0.8716283591550065,22.0
4647,5328,letter,1,0.5645634531974792,0.029837033075795556,0.0
4649,4652,letter,1,0.6295786499977112,0.07101553290316197,12.0
465,558,executive_order,1,0.5442833304405212,0.06078327297319299,16.0
4650,4692,letter,1,0.7269001603126526,0.5894295138017184,19.0
4652,4657,letter,1,0.6669745445251465,0.3418509781137126,134.0
4656,4710,letter,1,0.8802170753479004,1.0,20.0
4657,5014,letter,1,0.7021774053573608,0.27349394607465893,120.0
4659,4674,letter,1,0.6110389828681946,0.04850484476484508,11.5
4661,4832,letter,1,0.8515876531600952,0.908216325596084,24.0
4662,5120,letter,1,0.59079310297966,0.05586503434880807,7.333333333333333
4663,4689,letter,1,0.776126503944397,0.9683588573492332,314.6666666666667
4664,5271,letter,1,0.8596011400222778,0.6184806821604164,31.666666666666668
4665,5271,letter,1,0.8596011400222778,0.6184806821604164,31.666666666666668
4666,5271,letter,1,0.716310441493988,0.30944584134763353,0.0
4667,5271,letter,1,0.716310441493988,0.30944584134763353,0.0
4669,4724,letter,1,0.8646262288093567,0.9999999999999998,22.0
467,510,executive_order,1,0.5217694193124771,0.06747496391220377,0.0
4670,4684,letter,1,0.6909371018409729,0.3533502004358907,16.0
4672,4732,letter,1,0.8658290505409241,1.0,27.0
4673,4733,letter,1,0.8735653162002563,1.0,27.0
4674,5055,letter,1,0.5906598567962646,0.1498295529414685,56.0
4675,4735,letter,1,0.8334304094314575,1.0000000000000002,32.0
4676,4955,letter,1,0.8440749645233154,0.7358566749480475,17.0
4677,4706,letter,1,0.6671336889266968,0.4997482132998842,19.0
4678,4784,letter,1,0.78521728515625,0.568502591323578,19.333333333333332
4679,4933,letter,1,0.5934689939022064,0.21329128269161254,49.0
4680,5060,letter,1,0.683605819940567,0.1367914729748681,34.0
4683,4959,letter,1,0.8079136610031128,0.506131019079379,12.0
4684,4723,letter,1,0.6820364594459534,0.7015591665472515,21.0
4685,4707,letter,1,0.7234422564506531,0.5126924410051629,26.333333333333332
4687,4693,letter,1,0.6611688733100891,0.22016121728262103,10.0
4688,5059,letter,1,0.6288208961486816,0.12946996058208274,39.666666666666664
4689,4749,letter,1,0.6858701705932617,0.37577767980205107,230.0
4690,5815,letter,1,0.4977760314941406,0.01215360775758924,0.0
4691,4744,letter,1,0.8403860926628113,0.7291302082265995,15.0
4692,4706,letter,1,0.7497580051422119,0.8502748324104515,19.0
4693,4998,letter,1,0.6081261336803436,0.22939497857811408,8.0
4694,4753,letter,1,0.8170647621154785,0.7162461292651449,109.0
4695,4750,letter,1,0.8588794469833374,0.9999999999999999,23.0
4698,4998,letter,1,0.6511016488075256,0.2973254910726161,19.666666666666668
4699,4760,letter,1,0.8910802602767944,1.0000000000000002,20.0
47,155,executive_order,1,0.4655574709177017,0.06759874634158894,24.666666666666668
4700,4762,letter,1,0.8682069182395935,1.0,21.0
4701,4763,letter,1,0.8819345235824585,1.0,24.0
4702,4931,letter,1,0.8111695051193237,0.9217488100466407,34.0
4704,4813,letter,1,0.8328858613967896,0.8531535615447473,31.0
4705,4929,letter,1,0.8811832666397095,0.8734334808636904,22.0
4706,4812,letter,1,0.8661290407180786,1.0000000000000002,20.0
4707,4945,letter,1,0.5767149031162262,0.2651270617304182,11.0
4708,4763,letter,1,0.7217645645141602,0.47627393659234046,16.0
4709,4818,letter,1,0.8459845781326294,0.9075936436381369,42.0
471,482,executive_order,1,0.8529846668243408,0.7601615638451293,185.66666666666666
4710,4789,letter,1,0.8021563291549683,0.7185457295906903,18.0
4711,5547,letter,1,0.5782290101051331,0.07764618972961217,0.0
4712,5010,letter,1,0.6608399152755737,0.4040743003444681,315.0
4715,4933,letter,1,0.5571814775466919,0.10360744575240513,33.0
4717,4721,letter,1,0.7927108407020569,0.7292740937914304,327.0
4719,4821,letter,1,0.8215214014053345,0.5673463677646744,19.333333333333332
4720,4776,letter,1,0.8801974058151245,0.9999999999999998,25.0
4721,5079,letter,1,0.5876723527908325,0.10555311564202594,58.0
4723,4939,letter,1,0.886325478553772,0.9999999999999996,25.0
4724,4837,letter,1,0.8646262288093567,0.9999999999999998,22.0
4725,5093,letter,1,0.7088592648506165,0.3614088186354008,11.0
4726,4778,letter,1,0.7690012156963348,0.6822995128993329,28.0
473,2949,executive_order,1,0.4810948967933655,0.018852815572808854,0.0
4732,4844,letter,1,0.8658290505409241,1.0,27.0
4733,4942,letter,1,0.7634972333908081,0.6523319707034433,19.0
4735,4950,letter,1,0.8215929269790649,0.9114745058774127,30.0
4736,4853,letter,1,0.8377882242202759,0.9999999999999996,28.0
4739,4933,letter,1,0.6044136881828308,0.143031679625033,36.0
4740,4933,letter,1,0.5537189245223999,0.12885525156320826,36.0
4741,4748,letter,1,0.7549210786819458,0.29456555710745036,81.66666666666667
4742,7418,letter,1,0.4448768198490143,0.0017968281740174624,0.0
4744,4939,letter,1,0.6994587182998657,0.5933363697737132,15.0
4746,4996,letter,1,0.8295586109161377,0.8269383898801693,15.0
4747,4812,letter,1,0.7145043611526489,0.5716322836399934,19.0
4748,5143,letter,1,0.6139721870422363,0.16795688038725995,54.0
4749,4801,letter,1,0.7530273795127869,0.277110866747104,205.0
4750,5053,letter,1,0.8297890424728394,0.760566709757517,12.0
4753,4910,letter,1,0.8380885720252991,0.6312745908921991,87.0
4755,4864,letter,1,0.8805786371231079,0.8443922221545274,19.0
4756,4933,letter,1,0.6077563762664795,0.08257444918131034,45.0
4757,4766,letter,1,0.7590223550796509,0.45220593629008193,31.0
4758,4765,letter,1,0.799490749835968,0.48542341461124866,16.666666666666668
4760,4872,letter,1,0.8910802602767944,1.0000000000000002,20.0
4762,4875,letter,1,0.868724524974823,0.8584319067304391,20.0
4763,4971,letter,1,0.8819345235824585,1.0,24.0
4764,8459,letter,1,0.4676119387149811,0.005672161095473711,0.0
4765,4768,letter,1,0.8279704451560974,0.4501268433441317,16.666666666666668
4766,5023,letter,1,0.7252015471458435,0.24612568826549983,14.0
4768,4887,letter,1,0.7616868019104004,0.4581314562291628,13.333333333333334
4769,6131,letter,1,0.6154131591320038,0.08322889319846727,7.333333333333333
4770,4817,letter,1,0.8807311058044434,1.0,16.0
4772,4913,letter,1,0.8056374788284302,0.4656460861773522,13.666666666666666
4773,4781,letter,1,0.8432179093360901,0.5140695884672595,18.333333333333332
4776,4929,letter,1,0.7115480899810791,0.8893907289491599,24.0
4778,4888,letter,1,0.6766475439071655,0.35142261061953595,9.333333333333334
478,542,executive_order,1,0.5158270746469498,0.04291649417822654,14.0
4780,5143,letter,1,0.68970787525177,0.12720136790571174,69.0
4781,5091,letter,1,0.8199517726898193,0.5454302044171222,19.0
4782,4887,letter,1,0.7960875034332275,0.3728311832513543,10.666666666666666
4784,4855,letter,1,0.7743773460388184,0.4993848385060938,19.666666666666668
4786,5113,letter,1,0.5065089613199234,0.009470131640038218,0.0
4787,5121,letter,1,0.6361572444438934,0.12454184610254078,7.333333333333333
4789,4861,letter,1,0.8713908195495605,1.0,22.0
479,542,executive_order,1,0.47774338722229004,0.026357713413468955,0.0
4790,4981,letter,1,0.637211263179779,0.14824286272548715,48.0
4792,5041,letter,1,0.8590712547302246,0.8841678589463362,21.0
4798,4803,letter,1,0.825203001499176,0.4601982701435198,13.666666666666666
480,542,executive_order,1,0.4438835680484772,0.03662767026476015,10.666666666666666
4801,4834,letter,1,0.9084277153015137,0.8854949330052594,703.0
4803,4897,letter,1,0.819013237953186,0.46669248928146123,14.666666666666666
4804,5844,letter,1,0.43529969453811646,0.02291893641706395,0.0
4809,4933,letter,1,0.524638369679451,0.20432748085042246,31.0
481,980,executive_order,1,0.46129110455513,0.019389028274930633,0.0
4812,4882,letter,1,0.8661290407180786,1.0000000000000002,20.0
4813,4926,letter,1,0.750046968460083,0.6526421812660612,24.0
4815,6482,letter,1,0.634967029094696,0.022095114342507223,0.0
4817,4925,letter,1,0.8839414119720459,0.7067043113098098,12.0
4818,4923,letter,1,0.8536719083786011,0.8899065364951717,43.0
482,542,executive_order,1,0.4621780663728714,0.030426528033067824,0.0
4820,4876,letter,1,0.8117245435714722,0.5391497154922481,16.333333333333332
4821,5063,letter,1,0.8237760066986084,0.5422992832934309,19.0
483,491,executive_order,1,0.72653928399086,1.0,167.0
4832,4942,letter,1,0.6631416082382202,0.5587610752039955,18.0
4834,4862,letter,1,0.9036762118339539,0.9131049635010783,739.0
4837,4941,letter,1,0.8646262288093567,0.9999999999999998,22.0
4839,4873,letter,1,0.6352470517158508,0.20643850901938438,0.0
4841,4942,letter,1,0.854609489440918,0.7368635488791231,16.0
4842,4943,letter,1,0.857465922832489,1.0,34.0
4844,4893,letter,1,0.8658290505409241,1.0,27.0
4847,4887,letter,1,0.6894141435623169,0.29236651708882117,7.333333333333333
4848,4876,letter,1,0.7951624393463135,0.338208566200125,10.666666666666666
4849,5016,letter,1,0.7983627915382385,0.4666592186791007,19.0
4850,4877,letter,1,0.7936308979988098,0.45643784985039876,15.0
4851,5143,letter,1,0.5861003994941711,0.18877362211468351,69.0
4852,4896,letter,1,0.8581541776657104,1.0000000000000004,33.0
4853,5241,letter,1,0.7942154407501221,0.20411224832303007,11.0
4854,6255,letter,1,0.5904641151428223,0.008233406470849717,0.0
4855,4900,letter,1,0.7544596791267395,0.5080880330810177,16.0
4859,4977,letter,1,0.6837520599365234,0.19428373864653223,64.33333333333333
486,644,executive_order,1,0.5011900663375854,0.03328069184568027,0.0
4861,4903,letter,1,0.8713908195495605,1.0,22.0
4862,4907,letter,1,0.8838431239128113,0.43658161741834006,282.0
4864,4912,letter,1,0.8743804097175598,1.0,22.0
4869,4917,letter,1,0.8711617588996887,0.6322910979733316,94.0
487,705,executive_order,1,0.5158026963472366,0.03806491955644361,0.0
4872,4942,letter,1,0.7949062585830688,0.8676666362523808,19.0
4873,4986,letter,1,0.7154868841171265,0.3581975570908976,48.5
4874,4971,letter,1,0.8649979829788208,0.8812926309750526,16.0
4875,4970,letter,1,0.8633443713188171,0.9999999999999999,23.0
4876,4887,letter,1,0.7606759667396545,0.35599322823357465,10.666666666666666
4877,4898,letter,1,0.8403909206390381,0.5895246539406163,21.0
4879,4931,letter,1,0.8330570459365845,0.9351137224054054,27.0
4880,4926,letter,1,0.8321425318717957,0.6715323305515487,19.0
4882,4930,letter,1,0.8661290407180786,1.0000000000000002,20.0
4883,4923,letter,1,0.851913332939148,0.8127417391468941,42.0
4884,5761,letter,1,0.6515450775623322,0.014021982123781022,0.0
4887,5015,letter,1,0.8193194270133972,0.5379988912604806,16.0
4888,6218,letter,1,0.6069562435150146,0.05057992988610796,0.0
489,1466,executive_order,1,0.48412927985191345,0.032648642268399634,0.0
4891,4897,letter,1,0.8165088891983032,0.47422012271479136,14.0
4893,4944,letter,1,0.8658290505409241,1.0,27.0
4895,5013,letter,1,0.6565815210342407,0.26332763466955494,138.66666666666666
4896,4950,letter,1,0.784317135810852,0.8442416536410231,30.0
4897,4913,letter,1,0.8298135995864868,0.5971468760243975,18.333333333333332
4898,5016,letter,1,0.8289241194725037,0.5685642267920987,21.0
4899,4954,letter,1,0.7718039155006409,0.5342891549076625,16.0
490,644,executive_order,1,0.5439159572124481,0.08934881674624112,0.0
4900,4991,letter,1,0.7986791729927063,0.6700117619242278,19.666666666666668
4901,5079,letter,1,0.6044079065322876,0.1379371965354251,68.0
4903,5080,letter,1,0.8713908195495605,1.0,22.0
4907,4997,letter,1,0.8178504705429077,0.39110397348813886,399.0
4909,7263,letter,1,0.542109489440918,0.01040890126691291,0.0
491,525,executive_order,1,0.7589275538921356,0.9566917306519471,129.0
4910,4967,letter,1,0.8322614431381226,0.9008585541519817,124.0
4912,5056,letter,1,0.8743804097175598,1.0,22.0
4913,4934,letter,1,0.8228926658630371,0.5155755714477507,14.0
4917,5027,letter,1,0.5589892864227295,0.15753190502590755,47.0
492,636,executive_order,1,0.4830155670642853,0.11151536641503967,33.0
4923,4966,letter,1,0.6422351598739624,0.2040075486258013,13.0
4924,4976,letter,1,0.8585846424102783,0.9999999999999998,42.0
4925,5011,letter,1,0.8499059081077576,0.8944179453126541,17.0
4926,5002,letter,1,0.754584789276123,0.5703612683249629,12.0
4928,5293,letter,1,0.5517355501651764,0.13422511618011357,15.333333333333334
4929,4973,letter,1,0.8741344213485718,0.9999999999999996,25.0
4930,4942,letter,1,0.7076009511947632,0.8632812112819828,19.0
4931,5126,letter,1,0.8287504315376282,0.8817449422293397,33.0
4932,6756,letter,1,0.478931725025177,0.00955255000668646,0.0
4933,5004,letter,1,0.7600911259651184,0.4939460446449621,204.0
4934,5015,letter,1,0.8267264366149902,0.5085165864391258,16.0
4935,5016,letter,1,0.8245508670806885,0.5210259416620545,19.333333333333332
4939,4973,letter,1,0.7165008187294006,0.8839653976969892,24.0
494,1641,executive_order,1,0.442626029253006,0.043044459765283115,0.0
4941,4984,letter,1,0.8646262288093567,0.9999999999999998,22.0
4942,5021,letter,1,0.8814294338226318,1.0,20.0
4943,5022,letter,1,0.857465922832489,1.0,34.0
4944,4987,letter,1,0.8658290505409241,1.0,27.0
4945,5093,letter,1,0.5928212404251099,0.3333333333333332,11.0
4946,5079,letter,1,0.6466089189052582,0.15691554858091364,32.0
4947,5015,letter,1,0.777267336845398,0.4375606448675468,10.0
4948,5016,letter,1,0.7999788522720337,0.5205938037430583,21.0
4950,5056,letter,1,0.7056726217269897,0.611387013563949,21.0
4952,5006,letter,1,0.5265022069215775,0.026694777083143773,0.0
4953,4991,letter,1,0.83498615026474,0.8708357178418833,44.333333333333336
4954,4990,letter,1,0.7815819382667542,0.5408781219771138,16.0
4955,5032,letter,1,0.843574047088623,0.7358566749480475,17.0
4958,5080,letter,1,0.8759473562240601,0.781773242011301,17.0
4959,5041,letter,1,0.861413836479187,0.7102817247186117,19.0
496,511,executive_order,1,0.6287670731544495,0.32952553592285727,42.333333333333336
4960,6882,letter,1,0.4247221052646637,0.014201285022136655,0.0
4964,5124,letter,1,0.8368316888809204,0.9257942525610838,84.0
4966,4999,letter,1,0.8693859577178955,1.0,25.0
4967,5000,letter,1,0.8376950025558472,0.918644575962105,116.0
4969,5002,letter,1,0.8669198751449585,1.0,31.0
4970,5021,letter,1,0.8494662642478943,0.6869536021569963,18.0
4971,5021,letter,1,0.6666173338890076,0.6967055082866772,19.0
4973,5056,letter,1,0.723441481590271,0.7951712153127384,21.0
4976,5062,letter,1,0.8295812606811523,0.8579321720346816,33.0
4977,5106,letter,1,0.6490756273269653,0.09939683897819329,47.0
4979,5015,letter,1,0.6764522790908813,0.25871565664173274,13.333333333333334
4981,5055,letter,1,0.6663105487823486,0.289964860183235,215.0
4984,5056,letter,1,0.7221685647964478,0.8919777967886393,21.0
4986,5681,letter,1,0.5195067226886749,0.006592337954189441,0.0
4987,5024,letter,1,0.8658290505409241,1.0,27.0
4988,5093,letter,1,0.7751684784889221,0.5450944441088507,15.0
499,546,executive_order,1,0.6428816020488739,0.6319103556210122,188.0
4990,5035,letter,1,0.7641158103942871,0.5431650054172378,16.0
4991,5034,letter,1,0.7805786728858948,0.6870554885947765,22.333333333333332
4995,5115,letter,1,0.769542396068573,0.25601382216132573,19.0
4996,5056,letter,1,0.7071352005004883,0.6323576187313259,15.0
4997,5027,letter,1,0.692499041557312,0.18569068077514805,80.0
4998,5113,letter,1,0.6521924734115601,0.1941140776840057,26.333333333333332
4999,5056,letter,1,0.6898835897445679,0.8005268365679556,21.0
5,23,memorandum,1,0.5031102746725082,0.04965477958298956,0.0
50,147,executive_order,1,0.4645548015832901,0.03877990179839517,0.0
500,1343,executive_order,1,0.6260251402854919,0.15505863700580214,10.5
5000,5147,letter,1,0.7877224087715149,0.5948786744744059,77.0
5002,5102,letter,1,0.7869876623153687,0.4191163199607877,12.0
5004,5010,letter,1,0.6276824474334717,0.3052463965932253,260.0
5006,5074,letter,1,0.6499661803245544,0.0360533158248475,0.0
5007,5074,letter,1,0.6499661803245544,0.0360533158248475,0.0
5008,5126,letter,1,0.8246964812278748,0.7172112174482554,21.0
501,511,executive_order,1,0.6879375576972961,0.3521519531169,45.0
5010,5055,letter,1,0.6672433614730835,0.3045978481704773,311.0
5011,5061,letter,1,0.8785672187805176,1.0,17.0
5013,5171,letter,1,0.7652568817138672,0.34652232241677633,111.33333333333333
5014,5143,letter,1,0.6272368431091309,0.2950642260862116,203.0
5015,5095,letter,1,0.784886360168457,0.4323204470306592,11.666666666666666
5016,5028,letter,1,0.8093119859695435,0.5199038003734208,19.666666666666668
5018,5190,letter,1,0.5605334043502808,0.2041458072439534,22.0
5021,5102,letter,1,0.7894315123558044,0.4573128810446339,14.0
5022,5071,letter,1,0.857465922832489,1.0,34.0
5023,5409,letter,1,0.6339595317840576,0.046243770373678134,0.0
5024,5041,letter,1,0.704352855682373,0.5028377276760397,18.0
5027,5031,letter,1,0.7434744834899902,0.17262314722280586,31.0
5028,5072,letter,1,0.8281605243682861,0.490424586871766,16.333333333333332
503,605,executive_order,1,0.5160640180110931,0.07178224364944,0.0
5031,5036,letter,1,0.6140186786651611,0.21964608200810146,47.0
5032,5170,letter,1,0.8355985879898071,0.7358566749480475,17.0
5034,5076,letter,1,0.8104903697967529,0.8120097477350577,24.666666666666668
5035,5077,letter,1,0.7355669140815735,0.43912375926806896,17.0
5036,5825,letter,1,0.5358089804649353,0.17109084767079374,38.0
5039,5095,letter,1,0.6943139433860779,0.2219535643452429,3.6666666666666665
5041,5081,letter,1,0.8713063597679138,0.9999999999999998,22.0
5043,5124,letter,1,0.8369687795639038,0.8550940496995518,85.0
505,1744,executive_order,1,0.5124217867851257,0.05825620550007993,0.0
5051,5144,letter,1,0.6046578884124756,0.2519528241920382,44.0
5053,5056,letter,1,0.7376430034637451,0.40890608734683653,12.0
5054,5089,letter,1,0.8824276924133301,1.0000000000000002,19.0
5055,5143,letter,1,0.6414550542831421,0.21790779485122458,204.0
5056,5088,letter,1,0.8743804097175598,1.0,22.0
5059,5060,letter,1,0.8596771955490112,0.5210712639478324,120.66666666666667
5060,5146,letter,1,0.6552388668060303,0.23040763022889785,73.33333333333333
5061,5127,letter,1,0.8785672187805176,1.0,17.0
5062,5096,letter,1,0.8491584062576294,0.9999999999999996,42.0
5063,5133,letter,1,0.8295976519584656,0.6007795456934849,18.666666666666668
5064,5683,letter,1,0.5706521272659302,0.027659994292972986,0.0
5071,5088,letter,1,0.6781929731369019,0.6193047147240693,21.0
5072,5133,letter,1,0.8224612474441528,0.5121338068025141,17.666666666666668
5074,7740,letter,1,0.5266383290290833,0.0027389614077733635,0.0
5076,5110,letter,1,0.7377161979675293,0.44656352626956647,18.666666666666668
5077,5983,letter,1,0.5521837174892426,0.08212441800794734,3.6666666666666665
5079,5143,letter,1,0.6136401891708374,0.2742785846929648,126.0
508,1196,executive_order,1,0.6912093460559845,0.13268890962161906,18.5
5080,5088,letter,1,0.7198522090911865,0.8725426535653569,21.0
5081,5102,letter,1,0.6420124769210815,0.3285367176324137,14.0
5083,5089,letter,1,0.695720374584198,0.36061627189075174,15.0
5088,5203,letter,1,0.6902247667312622,0.3095686706115795,13.0
5089,5145,letter,1,0.812391996383667,0.5989474769246129,19.0
5091,5133,letter,1,0.8180378675460815,0.4975978204621832,15.0
5093,6096,letter,1,0.5611817836761475,0.19306476448305263,8.0
5095,5107,letter,1,0.7000424861907959,0.4284569488373296,11.0
5096,5130,letter,1,0.840516209602356,0.9585617480568283,41.0
5097,5157,letter,1,0.8832141160964966,0.9085326994482682,68.0
5101,5203,letter,1,0.8647569417953491,0.9167412130693873,27.0
5102,5231,letter,1,0.8555459380149841,0.86553157606887,23.0
5104,5165,letter,1,0.8370022177696228,1.0,37.0
5105,5236,letter,1,0.8938827514648438,1.0000000000000004,59.0
5106,5121,letter,1,0.5819810628890991,0.15829573707529598,90.33333333333333
5107,5133,letter,1,0.8015569448471069,0.42710598225232893,11.666666666666666
5108,6411,letter,1,0.4976586699485779,0.06397766078764214,0.0
511,854,executive_order,1,0.5485340654850006,0.05516058323865201,0.0
5110,5202,letter,1,0.6082300543785095,0.06751970716480969,5.333333333333333
5112,5139,letter,1,0.8784744739532471,0.9085326994482682,68.0
5113,5143,letter,1,0.5572391152381897,0.11330501426727108,55.0
5115,5523,letter,1,0.7514520883560181,0.5570753961795277,19.0
5117,5165,letter,1,0.7942588925361633,0.6518656677714779,26.0
512,1514,executive_order,1,0.5196792781352997,0.04661225071611835,0.0
5120,5121,letter,1,0.6969900131225586,0.3726878401227334,67.0
5121,5143,letter,1,0.6125548779964447,0.2249196193913982,97.0
5123,5165,letter,1,0.7456780672073364,0.5800731887290299,25.0
5124,5154,letter,1,0.7838578224182129,0.5313961160138848,33.0
5126,5523,letter,1,0.7388694286346436,0.5561629725309498,19.0
5127,5289,letter,1,0.6628326177597046,0.49333554844425287,13.0
5130,5260,letter,1,0.8505357503890991,0.9484875367922796,44.0
5132,5237,letter,1,0.5310553312301636,0.028475181757315383,0.0
5133,5560,letter,1,0.5879114866256714,0.20425270250112695,7.333333333333333
5139,5157,letter,1,0.877511739730835,0.9281760919348926,68.0
514,554,executive_order,1,0.551494836807251,0.18185971062975748,52.333333333333336
5143,5146,letter,1,0.7849815785884857,0.49041149902650794,205.0
5144,5203,letter,1,0.5734002590179443,0.05547629969497923,12.0
5145,5523,letter,1,0.7211024761199951,0.36875760791489254,12.0
5146,5152,letter,1,0.6466017663478851,0.29659499345888585,80.33333333333333
5147,5343,letter,1,0.7120592594146729,0.18446926618321038,17.0
515,634,executive_order,1,0.5865191221237183,0.11803699529779695,32.666666666666664
5152,5375,letter,1,0.6267693042755127,0.06652625853509285,10.0
5154,5315,letter,1,0.7761498093605042,0.6138533155098339,35.0
5157,5200,letter,1,0.8731838464736938,0.9106707242818032,68.0
5158,5361,letter,1,0.5051897764205933,0.0018606471296860772,0.0
5161,5203,letter,1,0.8759426474571228,0.9167412130693873,27.0
5163,5231,letter,1,0.855028510093689,0.8245278756321334,22.0
5165,5234,letter,1,0.8370022177696228,1.0,37.0
5167,5247,letter,1,0.7138627767562866,0.49626958139647565,72.0
5170,5241,letter,1,0.839598536491394,0.7358566749480475,17.0
5171,5290,letter,1,0.5519767999649048,0.0981988707698685,40.666666666666664
5174,5200,letter,1,0.876706600189209,0.9281760919348926,68.0
5176,5190,letter,1,0.861504077911377,0.814160720186979,30.0
5177,5413,letter,1,0.5505567193031311,0.23687295176526244,22.0
5178,5190,letter,1,0.8476837277412415,0.35099616290394975,17.0
5185,5190,letter,1,0.620410680770874,0.18077981185542225,17.0
5190,5255,letter,1,0.8233317136764526,0.3049102017868114,17.0
5191,5223,letter,1,0.6807124018669128,0.11480949226724983,0.0
52,225,executive_order,1,0.503783717751503,0.073937426731986,6.0
520,3044,executive_order,1,0.5146783292293549,0.03380811673130726,0.0
5200,5222,letter,1,0.8788365125656128,0.9124846604066607,68.0
5202,5205,letter,1,0.8347787857055664,0.40267160299933163,73.66666666666667
5203,5229,letter,1,0.8702160120010376,0.9167412130693873,27.0
5204,5209,letter,1,0.7875935435295105,0.32982661404153935,32.5
5205,5264,letter,1,0.7920215725898743,0.3563596286447062,83.33333333333333
5209,5564,letter,1,0.5915918350219727,0.005421962825273793,0.0
521,1205,executive_order,1,0.5954667031764984,0.14542428760127366,0.0
5210,5222,letter,1,0.8755596876144409,0.9300248964462242,68.0
5216,5916,letter,1,0.5253793001174927,0.00865270728579037,0.0
5222,5403,letter,1,0.8730565309524536,0.9137818949688382,68.0
5223,5829,letter,1,0.5782347619533539,0.0639994432719923,0.0
5227,8371,letter,1,0.5815918445587158,0.05490060396139305,0.0
5228,5829,letter,1,0.5867384672164917,0.0673585495383887,0.0
5229,5536,letter,1,0.6268558502197266,0.2710593830164187,16.0
523,3186,executive_order,1,0.6224704086780548,0.14202781628306915,0.0
5231,5362,letter,1,0.8590430021286011,0.9999999999999993,32.0
5232,5245,letter,1,0.5908803641796112,0.02396432691399408,0.0
5233,5240,letter,1,0.8367457389831543,0.526588031186859,62.0
5234,5258,letter,1,0.7233534455299377,0.5992639932062713,25.0
5236,5292,letter,1,0.8938827514648438,1.0000000000000004,59.0
5237,5261,letter,1,0.538011372089386,0.0,0.0
5240,5338,letter,1,0.7804017066955566,0.37778175795640345,69.0
5241,5295,letter,1,0.8182770609855652,0.7333950466886348,17.0
5245,5536,letter,1,0.502654641866684,0.024870939541886017,0.0
5246,5262,letter,1,0.8672919869422913,0.9301008148822253,68.0
5247,5579,letter,1,0.6955294609069824,0.14469947975667913,19.0
5248,6482,letter,1,0.615721732378006,0.028716225011753024,0.0
525,543,executive_order,1,0.7444531619548798,0.9906648958715033,227.33333333333334
5255,5266,letter,1,0.8340698480606079,0.7372284773969685,43.0
5257,8269,letter,1,0.49627166986465454,0.003956437424417328,0.0
5258,5289,letter,1,0.6275602579116821,0.2698922420573454,13.0
526,947,executive_order,1,0.5258471369743347,0.031106335904711863,0.0
5260,5317,letter,1,0.8559785485267639,1.0,45.0
5261,5413,letter,1,0.7395401000976562,0.16044564389682814,16.0
5262,5403,letter,1,0.8678303956985474,0.9147921451339153,68.0
5264,5286,letter,1,0.8338703513145447,0.4206314976126722,91.0
5266,5269,letter,1,0.8405865430831909,0.7763682380117514,55.0
5269,5413,letter,1,0.7802585959434509,0.44850448818504335,31.0
527,1027,executive_order,1,0.5208547413349152,0.054646939810452606,5.666666666666667
5271,5549,letter,1,0.8740560412406921,0.6806397217907579,33.0
5272,5283,letter,1,0.8705596923828125,0.929156834260355,68.0
5273,5613,letter,1,0.7502403557300568,0.49409435547044867,37.5
528,997,executive_order,1,0.5736942291259766,0.0911900708981608,36.333333333333336
5283,5403,letter,1,0.872485876083374,0.9137818949688382,68.0
5286,5424,letter,1,0.771832287311554,0.4985361959607048,89.33333333333333
5287,5338,letter,1,0.8084942102432251,0.3890558319880927,70.0
5289,5362,letter,1,0.823815107345581,0.3460003360817013,13.0
5290,5460,letter,1,0.5536172091960907,0.07475205162514298,16.333333333333332
5291,5361,letter,1,0.8688886761665344,0.9631922126613357,49.0
5292,5363,letter,1,0.8904832601547241,0.7941230904952726,51.0
5293,5876,letter,1,0.5617969334125519,0.06256777256059298,0.0
5295,5343,letter,1,0.582772970199585,0.14000176411258203,11.0
5298,5371,letter,1,0.8242917060852051,0.21279700540093313,72.0
53,384,executive_order,1,0.4175655245780945,0.026162777843075358,0.0
5301,5332,letter,1,0.8701773285865784,0.9085326994482682,68.0
5302,5334,letter,1,0.7199317216873169,0.17700942948705,17.0
5306,5413,letter,1,0.7959356307983398,0.4369119659678437,14.0
5308,5413,letter,1,0.869053304195404,0.5749839772003369,14.0
5310,5641,letter,1,0.5185537338256836,0.18055426325625487,0.0
5311,5502,letter,1,0.6752861738204956,0.5552513458332196,13.0
5313,5413,letter,1,0.8481785655021667,0.30355456854233165,17.0
5314,5443,letter,1,0.8374594449996948,0.45381361526263997,31.0
5315,5584,letter,1,0.8261710405349731,0.6122249505500116,36.666666666666664
5316,5413,letter,1,0.629799485206604,0.11471217719836155,16.0
5317,5349,letter,1,0.8559785485267639,1.0,45.0
532,629,executive_order,1,0.4908899515867233,0.11118247780610642,9.0
5321,5389,letter,1,0.7126137018203735,0.63603222442614,35.0
5323,5460,letter,1,0.5473807156085968,0.05070448243894893,24.0
5324,5413,letter,1,0.8204846978187561,0.3280487869424986,17.0
5325,5369,letter,1,0.7456775903701782,0.1460511116803024,38.0
5328,5329,letter,1,0.8263792991638184,0.37819630017772216,30.666666666666668
5329,5369,letter,1,0.7856975793838501,0.26982670216681925,38.5
5332,5350,letter,1,0.8693394660949707,0.9281760919348926,68.0
5334,5335,letter,1,0.6854256987571716,0.2563380654934402,17.0
5335,5413,letter,1,0.4997643232345581,0.11592578612716425,17.0
5338,5371,letter,1,0.8156119585037231,0.3595819892681058,72.0
5343,5523,letter,1,0.7262712717056274,0.2493412071706049,12.0
5348,5420,letter,1,0.8738572597503662,0.7785453121247556,44.0
5349,5402,letter,1,0.8559785485267639,1.0,45.0
5350,5403,letter,1,0.873427152633667,0.911965380060209,68.0
5353,5413,letter,1,0.6358288526535034,0.09587388180646458,11.0
5356,5374,letter,1,0.6478923261165619,0.3197169856497376,48.666666666666664
5357,5424,letter,1,0.8036427199840546,0.3278804961139425,54.0
5358,5413,letter,1,0.7783676385879517,0.23506397609234908,17.0
5360,5387,letter,1,0.8340047597885132,0.6265797197599269,838.0
5361,5362,letter,1,0.6184152960777283,0.01760090184536489,0.0
5362,5523,letter,1,0.8521708250045776,0.9444901500572522,31.0
5363,5975,letter,1,0.8822242617607117,0.5587345860803711,25.0
5364,5365,letter,1,0.7952972054481506,0.40498201853029053,46.666666666666664
5365,5367,letter,1,0.754079282283783,0.2227500642293692,29.5
5367,5413,letter,1,0.7545763850212097,0.3646483808815534,32.0
5369,5413,letter,1,0.6679109930992126,0.12729832480402972,17.0
537,568,executive_order,1,0.8088911175727844,1.0,184.66666666666666
5371,6515,letter,1,0.48898380994796753,0.10497374057062901,0.0
5374,5422,letter,1,0.5611249059438705,0.15831054882673803,48.333333333333336
5375,5436,letter,1,0.6573519706726074,0.061264302950082936,41.0
5376,5403,letter,1,0.8737532496452332,0.8968832877518433,67.0
5386,6874,letter,1,0.3945711553096771,0.020817642718053246,0.0
5387,5825,letter,1,0.674952507019043,0.06788835849823831,16.0
5389,5415,letter,1,0.5862715244293213,0.2970539079110221,22.0
539,1294,executive_order,1,0.4793474078178406,0.03557262161686336,0.0
5392,5641,letter,1,0.8522059917449951,0.8629372347799125,19.0
5398,5531,letter,1,0.8348995447158813,0.7886183490463541,82.0
5402,5497,letter,1,0.8559785485267639,1.0,45.0
5403,5441,letter,1,0.8693584203720093,0.8165834598740219,60.0
5404,5547,letter,1,0.6795579791069031,0.22790711055923657,12.0
5405,5543,letter,1,0.6685521602630615,0.3307332779087096,9.0
5406,5505,letter,1,0.8338212370872498,0.5401299446293811,24.0
5407,5476,letter,1,0.595649391412735,0.29235584777983853,10.666666666666666
5408,5416,letter,1,0.6780867576599121,0.22326059936889478,10.666666666666666
5409,5547,letter,1,0.5854345560073853,0.15801676780713497,12.0
541,566,executive_order,1,0.6045449376106262,0.35928487489202326,28.666666666666668
5413,5443,letter,1,0.885344386100769,0.9999999999999996,36.0
5415,5434,letter,1,0.6421971321105957,0.4479675837723705,22.0
5416,5468,letter,1,0.6358491480350494,0.11963441063216225,7.0
5420,5443,letter,1,0.8316166400909424,0.5313971196098946,31.0
5422,6695,letter,1,0.6219488382339478,0.06761319699131925,55.0
5424,5512,letter,1,0.800642192363739,0.5211207524133441,102.0
5427,5898,letter,1,0.7259354889392853,0.19299113118750227,12.0
5434,5472,letter,1,0.5694809257984161,0.20903848189484736,11.0
5436,5654,letter,1,0.6340118050575256,0.1112893062065688,7.0
5437,5654,letter,1,0.49969299137592316,0.010105437592198759,0.0
5438,5912,letter,1,0.6343649327754974,0.12682368646757722,3.6666666666666665
544,1580,executive_order,1,0.6898429691791534,0.10114171864775168,0.0
5441,5722,letter,1,0.8362092971801758,0.6436866332054678,42.0
5443,5548,letter,1,0.7434531450271606,0.2287697145090697,8.5
5448,5554,letter,1,0.6037570536136627,0.08401207118716386,0.0
545,629,executive_order,1,0.47561053931713104,0.11698658845353022,12.666666666666666
5455,5829,letter,1,0.5588709115982056,0.08990271339839097,5.5
5459,5819,letter,1,0.7657568454742432,0.7231007098468364,67.0
5460,5656,letter,1,0.691777378320694,0.10018766245594057,22.0
5462,5468,letter,1,0.8448107838630676,0.9482938265428361,41.333333333333336
5468,5543,letter,1,0.7909197807312012,0.6894786996587157,25.0
5472,5560,letter,1,0.5861733555793762,0.22248246437436806,9.333333333333334
5476,5507,letter,1,0.7653668820858002,0.693413310181395,14.666666666666666
5479,5628,letter,1,0.5341644287109375,0.0016317768874124772,0.0
5482,6448,letter,1,0.7680517435073853,0.40148697666779243,56.0
5484,5865,letter,1,0.6535657942295074,0.049063242273185044,5.0
5492,5507,letter,1,0.8240325450897217,0.8124938771654197,18.666666666666668
5497,5574,letter,1,0.8526898622512817,0.9175290889263137,44.0
5499,5578,letter,1,0.8649626970291138,0.9999999999999998,45.0
55,1148,executive_order,1,0.5047506093978882,0.025759218047020697,0.0
5500,5670,letter,1,0.9011616706848145,0.8707752607174212,48.0
5502,5712,letter,1,0.6987495422363281,0.5364852229505013,15.0
5505,5582,letter,1,0.8545337915420532,1.0,34.0
5507,5517,letter,1,0.802361786365509,0.7254221669773697,18.666666666666668
5512,5983,letter,1,0.6963881850242615,0.15576866179350893,35.666666666666664
5513,5817,letter,1,0.6313838958740234,0.013635851673953234,0.0
5517,5559,letter,1,0.8244724273681641,0.7755692226555086,20.666666666666668
552,636,executive_order,1,0.5020890235900879,0.09269775706706058,3.3333333333333335
5523,5582,letter,1,0.7460688352584839,0.6813440573850035,19.0
5525,7315,letter,1,0.7843966484069824,0.401046042266236,16.0
5531,5772,letter,1,0.8666197061538696,0.8571283969701449,95.0
5534,5560,letter,1,0.7327403128147125,0.5955846658259439,9.666666666666666
5536,5716,letter,1,0.7378010749816895,0.7947978282729362,28.0
5540,5576,letter,1,0.8897488117218018,0.8925318846397513,48.0
5543,5560,letter,1,0.7870895266532898,0.6805174315401586,33.666666666666664
5547,5815,letter,1,0.571929931640625,0.09522561375642043,0.0
5548,5563,letter,1,0.6295516192913055,0.27897498194815123,7.666666666666667
5549,6715,letter,1,0.6301248073577881,0.15872331370134948,0.0
5554,5624,letter,1,0.6906200051307678,0.4874689460379275,3.6666666666666665
5556,5911,letter,1,0.6265535056591034,0.0789594895205189,5.5
5558,5560,letter,1,0.6321684122085571,0.23079477319331135,8.0
5559,5564,letter,1,0.592714935541153,0.17882372097088342,8.0
5560,5564,letter,1,0.6142641007900238,0.1779369748969243,8.0
5563,5564,letter,1,0.6101809442043304,0.056420124646176295,8.0
5564,5604,letter,1,0.7064066827297211,0.097121733321012,0.0
5574,5582,letter,1,0.7062291502952576,0.4508079290953563,19.0
5576,5670,letter,1,0.8970807790756226,0.8681838997576471,48.0
5578,5582,letter,1,0.760295033454895,0.3293179317162299,19.0
5579,6515,letter,1,0.6772882342338562,0.13428685590708572,16.0
558,1205,executive_order,1,0.5741711556911469,0.12744213128742318,0.0
5582,5676,letter,1,0.6725322008132935,0.2184733727971539,11.0
5584,5660,letter,1,0.8101483583450317,0.5112173567335788,34.666666666666664
5588,5590,letter,1,0.7855454087257385,0.7570102058121,66.0
559,4152,executive_order,1,0.44490504264831543,0.012647164985696381,0.0
5590,5602,letter,1,0.4655423164367676,0.12183548783592067,15.0
5592,5692,letter,1,0.8163626492023468,0.623836684389101,350.3333333333333
560,619,executive_order,1,0.47551414370536804,0.06779409018508907,21.0
5600,5719,letter,1,0.5255872011184692,0.035486080511671084,0.0
5602,5604,letter,1,0.6040399670600891,0.12444889154010721,0.0
5604,6261,letter,1,0.5660102367401123,0.0,0.0
5607,6036,letter,1,0.5658355951309204,0.02902803557257272,0.0
5610,5670,letter,1,0.8882296085357666,0.8204962774745315,34.0
5613,6477,letter,1,0.6764959692955017,0.1905066977129409,7.0
5616,5727,letter,1,0.8438093662261963,0.33734807529096983,12.0
5621,5724,letter,1,0.8760722875595093,0.8884311764239351,128.0
5622,5735,letter,1,0.7418434619903564,0.8390189170151534,41.0
5624,5738,letter,1,0.6844601035118103,0.6666666666666666,7.666666666666667
5628,5809,letter,1,0.8151960372924805,0.5081427522599274,40.0
564,3507,executive_order,1,0.46933896839618683,0.01686963864057376,0.0
5641,5757,letter,1,0.8565047383308411,1.0,21.0
5654,5889,letter,1,0.624375194311142,0.051140153778757136,9.0
5656,6062,letter,1,0.6201441287994385,0.13914540641516582,0.0
5659,5769,letter,1,0.8384661674499512,1.0000000000000002,39.0
5660,5707,letter,1,0.7743706107139587,0.4582216862779636,48.0
5663,5783,letter,1,0.9131529331207275,0.9619890944030495,171.0
5667,5724,letter,1,0.8873522281646729,0.9125590143764071,137.0
5670,5770,letter,1,0.8989672064781189,0.8692353163356074,48.0
5671,6515,letter,1,0.5953879952430725,0.08162278088566333,7.0
5676,5716,letter,1,0.6888769865036011,0.5985447495363122,15.0
5677,6458,letter,1,0.5154412984848022,0.02144857242448526,0.0
568,759,executive_order,1,0.8025790452957153,0.9999999999999999,168.0
5681,5683,letter,1,0.6249650716781616,0.05572755180246005,0.0
5683,6218,letter,1,0.5970594584941864,0.15654725863275454,0.0
5684,6035,letter,1,0.7725220918655396,0.3879695791599733,49.0
5692,5789,letter,1,0.7317338287830353,0.26928013151346947,150.66666666666666
5695,5963,letter,1,0.6497820615768433,0.03486964223875116,0.0
57,141,executive_order,1,0.5087000727653503,0.056502347371349515,11.666666666666666
5707,5763,letter,1,0.7736877799034119,0.4430184841328644,67.66666666666667
5710,5712,letter,1,0.6083853840827942,0.03329270043662799,0.0
5712,6508,letter,1,0.6554721593856812,0.524256649038057,12.0
5715,5807,letter,1,0.8849862813949585,1.0,25.0
5716,5876,letter,1,0.7295858860015869,0.9499193858325841,26.0
5719,5809,letter,1,0.785079300403595,0.3970938263967024,35.0
572,606,executive_order,1,0.508181169629097,0.04839704203729634,14.666666666666666
5722,5770,letter,1,0.8881896734237671,0.8922714278889886,48.0
5724,5757,letter,1,0.49726060032844543,0.014440223061567099,0.0
5726,5777,letter,1,0.8328279256820679,0.6507223097171413,52.0
5727,5911,letter,1,0.8205035924911499,0.7205178679771028,18.0
5728,6044,letter,1,0.45342837274074554,0.012927959693173126,0.0
5735,6061,letter,1,0.7779897451400757,0.5016352858369703,39.0
5736,5821,letter,1,0.7583458423614502,0.39371871350233395,34.0
5737,6122,letter,1,0.742450475692749,0.7814162058027667,83.0
5738,6322,letter,1,0.45155419409275055,0.004460666609421223,0.0
5757,5841,letter,1,0.8565047383308411,1.0,21.0
576,3982,executive_order,1,0.6215007603168488,0.3030535970497105,46.666666666666664
5761,5762,letter,1,0.7931060194969177,0.8942658566758032,27.0
5762,5814,letter,1,0.7598850727081299,0.7804716638959354,24.0
5763,5810,letter,1,0.7628844678401947,0.47112508935122455,168.0
5764,6021,letter,1,0.5790935754776001,0.1379326553834043,0.0
5769,5851,letter,1,0.8377004265785217,0.8836036171866406,30.0
577,741,executive_order,1,0.684930145740509,0.2672218471688239,7.333333333333333
5770,5854,letter,1,0.8810335397720337,0.8689212195260333,48.0
5772,5855,letter,1,0.909119188785553,0.9999999999999978,102.0
5777,5863,letter,1,0.8195732831954956,0.6765248808607898,53.0
578,1143,executive_order,1,0.5366948544979095,0.07837466551545655,0.0
5781,5829,letter,1,0.4964075982570648,0.10352790241240693,11.0
5783,5857,letter,1,0.9006266593933105,0.8951101228945758,171.0
5789,5972,letter,1,0.7070138454437256,0.27301187008409133,44.0
579,1053,executive_order,1,0.6832003891468048,0.26906972604763185,30.666666666666668
5791,8530,letter,1,0.5476183891296387,0.005286507779534013,0.0
5793,6255,letter,1,0.4627678394317627,0.006387528534364907,0.0
5795,5825,letter,1,0.6107137799263,0.14466040429518742,23.0
5802,5967,letter,1,0.6017107367515564,0.02509476368031836,0.0
5807,5892,letter,1,0.8849862813949585,1.0,25.0
5809,6377,letter,1,0.494141548871994,0.015562844024419693,0.0
581,899,executive_order,1,0.4675823003053665,0.02663426410250787,10.333333333333334
5810,6036,letter,1,0.5011890381574631,0.0063966281836129275,0.0
5813,5854,letter,1,0.8913691639900208,0.8941092683436165,48.0
5814,5896,letter,1,0.45700883865356445,0.009461181879729538,0.0
5815,5888,letter,1,0.6778225898742676,0.09013100292047235,29.0
5816,5898,letter,1,0.8318946957588196,0.5637124888673362,38.0
5817,5825,letter,1,0.6449320316314697,0.3582598141819068,54.0
5818,5833,letter,1,0.7617271244525909,0.1341439794563053,68.5
5819,6061,letter,1,0.8427643179893494,0.8533509721555823,86.0
5820,6061,letter,1,0.7632198333740234,0.6925905688869466,60.0
5821,6061,letter,1,0.7752072811126709,0.7076499330330331,80.0
5824,5829,letter,1,0.6828332245349884,0.2137451744787419,16.0
5825,6096,letter,1,0.7156890630722046,0.21372607157188694,21.0
5829,5855,letter,1,0.5385441780090332,0.15480676407560232,12.0
583,705,executive_order,1,0.48120877146720886,0.028889377700644345,0.0
5833,5838,letter,1,0.6580324470996857,0.15719404236062998,124.0
5838,6027,letter,1,0.5201317965984344,0.015766672084967143,0.0
5840,6448,letter,1,0.5106080770492554,0.00440155732163053,0.0
5841,5934,letter,1,0.8565047383308411,1.0,21.0
5844,6411,letter,1,0.5029181838035583,0.011721167724595406,0.0
5851,5943,letter,1,0.8397049903869629,0.9999999999999999,39.0
5854,5946,letter,1,0.8991601467132568,0.8678701828757938,48.0
5855,5954,letter,1,0.909119188785553,0.9999999999999978,102.0
5857,5957,letter,1,0.6319249868392944,0.25670525408971345,46.0
5859,8342,letter,1,0.48108530044555664,0.0,0.0
5861,5899,letter,1,0.8835474848747253,0.7329819041368553,610.0
5862,5951,letter,1,0.8550164699554443,0.9999999999999997,35.0
5863,5898,letter,1,0.7480878829956055,0.466942000319528,43.0
5864,7095,letter,1,0.5494865775108337,0.018717271595850616,0.0
5865,6105,letter,1,0.624200850725174,0.07846914006374954,8.0
5866,5972,letter,1,0.7225924134254456,0.2276079654406916,43.666666666666664
5868,5912,letter,1,0.8873687386512756,0.6777975931254133,410.6666666666667
587,705,executive_order,1,0.5225739777088165,0.1345241546701239,0.0
5870,5968,letter,1,0.9075947999954224,0.45548134685454833,440.0
5871,6038,letter,1,0.6929464340209961,0.16449420969890502,197.0
5872,6167,letter,1,0.7240408658981323,0.5563708681378284,33.0
5874,5885,letter,1,0.8087699115276337,0.3011756208540759,344.0
5876,5951,letter,1,0.6626251935958862,0.6310294832423795,22.0
5877,6005,letter,1,0.8804157972335815,0.6114496336329633,759.0
5879,5977,letter,1,0.8918465375900269,0.6333265077487069,981.0
5885,5922,letter,1,0.8128514289855957,0.2609311308413376,332.0
5887,6161,letter,1,0.5277043879032135,0.1008946200084898,11.5
5888,5990,letter,1,0.6329488754272461,0.09311402862495084,12.0
5889,5959,letter,1,0.8068012595176697,0.47262516118066705,308.0
5891,6050,letter,1,0.8661620616912842,0.5825172788279473,1173.0
5892,5986,letter,1,0.8830090761184692,0.7996368508189876,16.0
5896,5946,letter,1,0.8872196674346924,0.8951959196234162,48.0
5898,5953,letter,1,0.8293639123439789,0.6931630487514631,35.666666666666664
5899,5948,letter,1,0.8801127672195435,0.6613143932246194,617.0
5909,6600,letter,1,0.42158491909503937,0.005021756234169718,0.0
5911,6543,letter,1,0.5428565740585327,0.19831031444664443,11.0
5912,5960,letter,1,0.8747718930244446,0.6706532756409477,389.6666666666667
5916,6531,letter,1,0.5497595071792603,0.004363478400302293,0.0
5920,6410,letter,1,0.5026696026325226,0.05815156909315353,0.0
5922,5993,letter,1,0.7101801633834839,0.12493449353393377,89.0
5924,6789,letter,1,0.4625585526227951,0.0,0.0
593,671,executive_order,1,0.5517234206199646,0.1732139901397629,9.0
5932,6004,letter,1,0.553142786026001,0.02351724381331415,0.0
5934,6078,letter,1,0.8565047383308411,1.0,21.0
5939,7745,letter,1,0.5164062976837158,0.0,0.0
5943,6086,letter,1,0.8397049903869629,0.9999999999999999,39.0
5944,5995,letter,1,0.736127495765686,0.38555480758230515,34.0
5945,5995,letter,1,0.7694105505943298,0.6182942959896549,60.0
5946,5991,letter,1,0.8854472637176514,0.8067506331741975,46.0
5948,6023,letter,1,0.8780908584594727,0.53167829339536,613.0
5950,6515,letter,1,0.6047327518463135,0.05247218716306067,15.0
5951,6026,letter,1,0.8550164699554443,0.9999999999999997,35.0
5953,5995,letter,1,0.7930650413036346,0.43551864888582537,33.666666666666664
5954,5957,letter,1,0.6973552703857422,0.46829884595038956,51.0
5957,6038,letter,1,0.4558733105659485,0.05557235316352479,20.0
5959,6005,letter,1,0.7118207216262817,0.11185757645043296,72.0
5960,6005,letter,1,0.5294687747955322,0.07617806227825072,50.0
5962,6125,letter,1,0.7158173322677612,0.35738091343971007,14.333333333333334
5963,6574,letter,1,0.5703743696212769,0.018186392715330776,0.0
5964,6029,letter,1,0.8289635181427002,0.760129328326102,386.0
5966,5976,letter,1,0.8554973602294922,0.5641046933690178,24.333333333333332
5967,5993,letter,1,0.6982170343399048,0.25895741356564034,366.0
5968,6037,letter,1,0.8999030590057373,0.3016643795682282,376.0
5969,5974,letter,1,0.8298304080963135,0.5522913455067174,24.333333333333332
597,794,executive_order,1,0.5594421029090881,0.0368653965533886,0.0
5970,5978,letter,1,0.8531779050827026,0.5507502488794795,24.666666666666668
5972,6033,letter,1,0.7528162598609924,0.6913849714846402,88.33333333333333
5974,5978,letter,1,0.860839307308197,0.5182727069415832,24.0
5975,6043,letter,1,0.8843059539794922,1.0000000000000002,55.0
5976,5978,letter,1,0.8503761291503906,0.4500595756796337,13.0
5977,5987,letter,1,0.8972673416137695,0.7882328996170836,1175.0
5978,5988,letter,1,0.70043084025383,0.3688107317386739,13.333333333333334
5980,5993,letter,1,0.7495929300785065,0.3949221681029325,333.5
5983,6106,letter,1,0.7974264621734619,0.37921250470286116,68.0
5984,6128,letter,1,0.812873125076294,0.4829268271596478,133.0
5986,6051,letter,1,0.8877032995223999,1.0000000000000004,25.0
5987,6041,letter,1,0.8686698079109192,0.6862389540114308,864.0
5988,6573,letter,1,0.4961923360824585,0.02275570380045561,0.0
5990,6020,letter,1,0.8724973201751709,0.9186627742476656,941.0
5991,6025,letter,1,0.8873039484024048,0.8143175058963442,47.0
5993,6001,letter,1,0.7085639238357544,0.3593734564596508,337.0
5995,6153,letter,1,0.8858911395072937,0.9583998295017336,94.0
5998,6004,letter,1,0.6308563947677612,0.01820954044460627,0.0
6,23,memorandum,1,0.5034182518720627,0.039847947862597405,0.0
60,489,executive_order,1,0.5884338915348053,0.06120422198570657,0.0
6001,6012,letter,1,0.7336570620536804,0.2006453966433225,123.0
6004,7925,letter,1,0.47678910195827484,0.009136740150470637,0.0
6005,6023,letter,1,0.6423607468605042,0.17330996647869223,175.0
6012,6040,letter,1,0.691321611404419,0.3154308615903595,63.0
6013,6078,letter,1,0.8464218378067017,1.0,21.0
6015,7233,letter,1,0.5071676075458527,0.01140947799762165,0.0
6019,6025,letter,1,0.45520684123039246,0.003842080322998102,0.0
602,707,executive_order,1,0.7663882970809937,0.959720762709217,179.33333333333334
6020,6052,letter,1,0.8951871395111084,0.9271156983688926,949.0
6021,6078,letter,1,0.5697110891342163,0.019503549633188334,0.0
6023,6263,letter,1,0.8203411102294922,0.2324374984534229,282.0
6025,6515,letter,1,0.5675380825996399,0.010366887140029675,0.0
6026,6240,letter,1,0.8550164699554443,0.9999999999999997,35.0
6027,6096,letter,1,0.5388296246528625,0.15991364882616374,29.0
6029,6062,letter,1,0.7924665212631226,0.6604741455964648,353.0
6031,6189,letter,1,0.6592502593994141,0.053757842972799556,21.0
6033,6082,letter,1,0.7326194047927856,0.47638580326581575,58.0
6035,6106,letter,1,0.7537558674812317,0.26909713962021253,51.0
6036,6044,letter,1,0.7776195704936981,0.4492830687040564,46.0
6037,6162,letter,1,0.8849920034408569,0.2231368328883842,187.0
6038,6335,letter,1,0.8075985312461853,0.09654419238685356,77.0
6040,6068,letter,1,0.6796334981918335,0.12832419985483723,39.0
6041,6052,letter,1,0.594663143157959,0.2399682792537294,210.0
6042,6269,letter,1,0.6379392743110657,0.3025452835616111,0.0
6043,6240,letter,1,0.586249828338623,0.3241889107734582,19.0
6044,6051,letter,1,0.6061859428882599,0.025371473936549465,0.0
6045,7115,letter,1,0.5348464697599411,0.0,0.0
6050,6362,letter,1,0.5874698162078857,0.09610831227934429,76.0
6051,6110,letter,1,0.8877032995223999,1.0000000000000004,25.0
6052,6362,letter,1,0.5657775402069092,0.0707998110566115,60.0
606,705,executive_order,1,0.44927842915058136,0.029428614596968702,0.0
6060,6122,letter,1,0.8650351762771606,0.9170671548908108,113.0
6061,6123,letter,1,0.8363380432128906,1.0000000000000007,99.0
6062,6362,letter,1,0.5766263604164124,0.06283045703412138,61.0
6063,6240,letter,1,0.6423054933547974,0.2767971075825727,19.0
6068,6080,letter,1,0.8706079721450806,0.5411092204675769,348.0
6078,6135,letter,1,0.8531138300895691,1.0,21.0
6080,6211,letter,1,0.6858412027359009,0.048343469937347006,0.0
6081,6521,letter,1,0.44817617535591125,0.015291077145591234,0.0
6082,6145,letter,1,0.7263316512107849,0.15586512963495808,34.666666666666664
6084,6135,letter,1,0.495476633310318,0.04123084950867856,0.0
6086,6240,letter,1,0.6209460496902466,0.3704860293788038,19.0
6091,6096,letter,1,0.7575273215770721,0.2399073132757469,23.0
6094,6096,letter,1,0.6251819729804993,0.015133861984489252,0.0
6096,6105,letter,1,0.8110619187355042,0.4542838675557706,57.0
610,637,executive_order,1,0.7392147183418274,0.05241461506183445,0.0
6105,6161,letter,1,0.8569213151931763,0.6196427051325423,98.0
6106,6180,letter,1,0.7351460754871368,0.0931292010703558,32.5
6110,6340,letter,1,0.608702540397644,0.028219426649967065,0.0
6114,6152,letter,1,0.8782633543014526,0.888884597727957,87.0
6121,6574,letter,1,0.5412225723266602,0.06526343468889434,0.0
6122,6198,letter,1,0.7991143465042114,0.6889686187806694,71.0
6123,6198,letter,1,0.7256487607955933,0.5207769047885508,57.0
6125,6273,letter,1,0.7593834400177002,0.5363776197497941,21.0
6128,6478,letter,1,0.5770214200019836,0.12942335789779874,36.0
613,619,executive_order,1,0.4956471174955368,0.07687952046464432,7.0
6131,6230,letter,1,0.5909082889556885,0.18206144708386782,8.666666666666666
6135,6411,letter,1,0.5114694833755493,0.07348464306659579,0.0
6138,6982,letter,1,0.5706011652946472,0.007033032869922308,0.0
614,859,executive_order,1,0.5307542383670807,0.2100505060130012,10.333333333333334
6145,6943,letter,1,0.46095266938209534,0.008919615042602752,0.0
6152,6153,letter,1,0.7670711278915405,0.6241091717570576,44.0
6153,6413,letter,1,0.6630045771598816,0.3346163720798346,0.0
6155,6161,letter,1,0.6369832158088684,0.12487863430602819,16.0
6157,8366,letter,1,0.4496271014213562,0.0,0.0
6160,6180,letter,1,0.5147623419761658,0.016137018560176256,0.0
6161,6448,letter,1,0.5956198573112488,0.04264993222754339,0.0
6162,6336,letter,1,0.9158235788345337,0.5083326001624552,508.0
6167,6466,letter,1,0.8769399523735046,0.8998485617010958,40.0
6172,6173,letter,1,0.6815697252750397,0.043886696733391885,4.333333333333333
6173,6176,letter,1,0.6341916620731354,0.03714303679411123,3.3333333333333335
6174,6377,letter,1,0.508033037185669,0.11587040300250728,0.0
6176,6189,letter,1,0.6004934310913086,0.05995091820556271,11.0
618,1308,executive_order,1,0.5192413926124573,0.08679746573220459,7.0
6180,6529,letter,1,0.7219356894493103,0.07867385223308224,27.0
6181,8550,letter,1,0.49292609095573425,0.012943950225214043,0.0
6189,6271,letter,1,0.5709778666496277,0.05664095866130225,10.0
6191,6528,letter,1,0.4444192051887512,0.0020392979747668252,0.0
6195,6377,letter,1,0.5355478525161743,0.07424812437412315,0.0
6196,6211,letter,1,0.8771641254425049,0.6289612405713262,596.0
6197,6275,letter,1,0.8449596166610718,0.6749523363122082,60.0
6198,6274,letter,1,0.8236297965049744,0.6401149468212091,43.0
620,780,executive_order,1,0.6715435683727264,0.41861637513716815,53.0
621,860,executive_order,1,0.5055557042360306,0.01717175418307457,0.0
6210,6331,letter,1,0.484544038772583,0.016538981143283553,0.0
6211,6429,letter,1,0.5257871150970459,0.010124139356286302,0.0
6214,7154,letter,1,0.5753979086875916,0.01661975464255447,0.0
6218,6238,letter,1,0.7980170249938965,0.48768107580775705,12.666666666666666
623,632,executive_order,1,0.5363693237304688,0.053563783311658564,4.666666666666667
6230,6289,letter,1,0.7966866493225098,0.4744395043436446,39.333333333333336
6238,6327,letter,1,0.7869210243225098,0.5802029682655844,15.333333333333334
6240,6329,letter,1,0.8550164699554443,0.9999999999999997,35.0
6246,6335,letter,1,0.7795742750167847,0.23012815683745488,83.0
6247,7205,letter,1,0.5172075033187866,0.0,0.0
625,1538,executive_order,1,0.5160187035799026,0.06648131204392392,0.0
6255,6471,letter,1,0.4992544651031494,0.007398335738187564,0.0
6259,6421,letter,1,0.5398482084274292,0.009949604946891871,0.0
6261,7716,letter,1,0.49100081622600555,0.16930468005616892,0.0
6263,6362,letter,1,0.8709439039230347,0.26516063211176316,287.0
6269,6369,letter,1,0.7400323748588562,0.8610809251017063,17.0
627,997,executive_order,1,0.5138191878795624,0.03516311943011292,7.0
6270,7009,letter,1,0.4516916275024414,0.006534553874833163,0.0
6271,6448,letter,1,0.6023434400558472,0.03158165589585624,0.0
6273,6413,letter,1,0.6152764856815338,0.05627302326917168,0.0
6274,6424,letter,1,0.7166705131530762,0.29530378555316283,22.0
6275,6424,letter,1,0.643344521522522,0.18751060503204425,10.0
6279,6342,letter,1,0.7836270928382874,0.5974792653692617,133.0
628,636,executive_order,1,0.5103596746921539,0.161266746112212,31.333333333333332
6286,6437,letter,1,0.8672174215316772,0.6401128826950749,44.333333333333336
6289,6295,letter,1,0.8032926321029663,0.4975244611285868,37.666666666666664
6290,7408,letter,1,0.45890286564826965,0.005947374981953872,0.0
6295,7716,letter,1,0.4560306519269943,0.005955022355076035,0.0
6302,6411,letter,1,0.5932207703590393,0.04633995312620147,0.0
631,650,executive_order,1,0.48586390912532806,0.10432249244666632,0.0
6312,8439,letter,1,0.48434269428253174,0.004676288490498199,0.0
6316,6411,letter,1,0.5220451354980469,0.08215303510962069,0.0
632,1250,executive_order,1,0.5269686579704285,0.04171122832910205,3.3333333333333335
6320,7603,letter,1,0.4972933977842331,0.0,0.0
6322,6362,letter,1,0.8108222782611847,0.40689111265692535,267.5
6327,6352,letter,1,0.7534666061401367,0.47671634085902453,13.333333333333334
6329,6396,letter,1,0.8550164699554443,0.9999999999999997,35.0
6331,6354,letter,1,0.707809329032898,0.322294528115757,0.0
6335,6461,letter,1,0.6310796141624451,0.04663328669368657,0.0
6336,6460,letter,1,0.870557963848114,0.3898075858956955,396.0
634,1142,executive_order,1,0.48056457936763763,0.03287672837228606,0.0
6340,6600,letter,1,0.5206267833709717,0.04826599241162181,10.0
6342,6600,letter,1,0.6477707624435425,0.04136398731960327,0.0
6344,6774,letter,1,0.6227728128433228,0.009873427282698442,0.0
635,1156,executive_order,1,0.5818397998809814,0.11362738121492112,19.333333333333332
6352,6389,letter,1,0.7086488008499146,0.37337150724879326,11.666666666666666
6354,6394,letter,1,0.6307063102722168,0.2199599448747522,0.0
6356,7963,letter,1,0.4856679141521454,0.0,0.0
6362,6395,letter,1,0.8577708005905151,0.5657960533951881,477.0
6368,6422,letter,1,0.7816550135612488,0.772179380140608,64.0
6369,6444,letter,1,0.5452141016721725,0.05699857902671124,0.0
6372,6461,letter,1,0.5527547299861908,0.0595230609741394,11.5
6377,6411,letter,1,0.47867685556411743,0.11793568095740592,0.0
638,969,executive_order,1,0.5473470687866211,0.04846880393064873,0.0
6383,6437,letter,1,0.8686437606811523,0.6690714895529944,45.333333333333336
6386,6882,letter,1,0.5310362577438354,0.03859798280764098,0.0
6389,6508,letter,1,0.7412950098514557,0.32607712277957457,8.5
6393,6971,letter,1,0.5349745154380798,0.002498107909292305,0.0
6394,6971,letter,1,0.4924493134021759,0.0026038946063043746,0.0
6395,6561,letter,1,0.8026518821716309,0.1848650855497715,166.0
6396,6453,letter,1,0.8550164699554443,0.9999999999999997,35.0
6401,6882,letter,1,0.5705074071884155,0.012527482341170123,0.0
641,923,executive_order,1,0.5408137738704681,0.028470737282266786,0.0
6410,6477,letter,1,0.779671847820282,0.5425573793527589,25.0
6411,6610,letter,1,0.7016192674636841,0.5301985053745248,11.0
6413,6454,letter,1,0.5186766386032104,0.005060393415234043,0.0
6421,6473,letter,1,0.6593259572982788,0.34561578137350235,31.0
6422,6473,letter,1,0.6648938655853271,0.36712236783919827,31.0
6424,6486,letter,1,0.7429629564285278,0.3567845780672134,0.0
6425,6460,letter,1,0.7946735620498657,0.24687871471033546,201.0
6428,6490,letter,1,0.6208809614181519,0.29185475846620595,15.0
6429,6448,letter,1,0.6015651822090149,0.010311409424953814,0.0
643,861,executive_order,1,0.5106746256351471,0.014333228974217538,0.0
6430,8460,letter,1,0.46041610836982727,0.0,0.0
6433,6504,letter,1,0.5081033706665039,0.012678894270921955,0.0
6434,6487,letter,1,0.690292239189148,0.2977360053124213,25.0
6437,6500,letter,1,0.8679064512252808,0.6260810295520963,44.333333333333336
6438,6499,letter,1,0.8795545101165771,0.9999999999999996,50.0
644,3023,executive_order,1,0.594915896654129,0.024080855122260336,0.0
6443,6487,letter,1,0.7371177673339844,0.1369704234724847,12.0
6444,6614,letter,1,0.766777753829956,0.1593655139540064,10.0
6448,6462,letter,1,0.5775675177574158,0.08337785276194032,11.0
6453,6509,letter,1,0.8550164699554443,0.9999999999999997,35.0
6454,6477,letter,1,0.7771317958831787,0.3729550287315763,24.666666666666668
6455,6695,letter,1,0.4913492500782013,0.01865570059182159,0.0
6458,6601,letter,1,0.6580969095230103,0.08619572625115689,5.0
6460,6742,letter,1,0.8155768513679504,0.12362578281345321,67.0
6461,6600,letter,1,0.46653807163238525,0.061726358727755,22.0
6462,6845,letter,1,0.5671736001968384,0.029649426798517956,0.0
6466,6741,letter,1,0.881054162979126,1.0,42.0
6469,6732,letter,1,0.5304894745349884,0.09917801430965281,12.0
647,2637,executive_order,1,0.5233052968978882,0.026246760816682497,0.0
6471,6499,letter,1,0.517215371131897,0.005725039897436306,0.0
6473,6486,letter,1,0.621530294418335,0.1106823868328203,0.0
6474,7723,letter,1,0.4987022429704666,0.0,0.0
6475,6529,letter,1,0.8458422422409058,0.7090346532633548,117.0
6477,6967,letter,1,0.6350924968719482,0.17566661843232256,15.0
6478,6695,letter,1,0.4531509280204773,0.02398498626780638,12.0
648,2375,executive_order,1,0.5360468924045563,0.040761824349820376,0.0
6482,6594,letter,1,0.6951404809951782,0.12269542124800524,5.0
6486,6967,letter,1,0.519364595413208,0.029921094633166282,0.0
6487,6614,letter,1,0.7556101083755493,0.46825989842706484,34.0
6490,6610,letter,1,0.5151335597038269,0.019096973611519345,0.0
6494,8459,letter,1,0.5032717436552048,0.0,0.0
6499,6504,letter,1,0.5149382948875427,0.0349870752132837,0.0
650,651,executive_order,1,0.5122307538986206,0.06367890449626352,3.3333333333333335
6500,6550,letter,1,0.8512427806854248,0.5063608744208509,33.666666666666664
6504,6515,letter,1,0.5572715997695923,0.0,0.0
6507,6571,letter,1,0.42595118284225464,0.00479240390262127,0.0
6508,6525,letter,1,0.7405077219009399,0.5856028000124948,22.0
6509,6566,letter,1,0.8550164699554443,0.9999999999999997,35.0
651,670,executive_order,1,0.4878755807876587,0.056611855136447335,0.0
6510,6684,letter,1,0.5466784238815308,0.011604737952925147,0.0
6515,6971,letter,1,0.5824556350708008,0.01912042406196265,0.0
6516,7025,letter,1,0.5118274688720703,0.015958376099606295,0.0
6521,6910,letter,1,0.46632081270217896,0.007065788868512482,0.0
6525,6660,letter,1,0.4879540205001831,0.10909293729767067,10.0
6527,8320,letter,1,0.44198791682720184,0.0037489431436062795,0.0
6528,6601,letter,1,0.4053433835506439,0.006026805750478238,0.0
6529,6577,letter,1,0.7375291585922241,0.4687332007463562,107.0
653,1145,executive_order,1,0.547646701335907,0.02242407620105198,0.0
6531,8324,letter,1,0.45259568095207214,0.004551968697860052,0.0
654,923,executive_order,1,0.5293856859207153,0.022064679663947026,0.0
6540,6599,letter,1,0.7322518229484558,0.1370831434504744,16.0
6543,6741,letter,1,0.573222279548645,0.5695870447181217,25.0
6544,6571,letter,1,0.881902277469635,0.49237384062022227,549.0
6546,6614,letter,1,0.8056116104125977,0.5422148486691086,20.0
6550,6690,letter,1,0.868097186088562,0.6007062449872325,41.333333333333336
6551,6725,letter,1,0.6392694115638733,0.027628230015661642,0.0
6561,6613,letter,1,0.8062742948532104,0.3185718680860954,269.0
6562,8071,letter,1,0.5266392529010773,0.0066335649760115925,0.0
6563,6653,letter,1,0.644953042268753,0.255042571297207,78.0
6566,6655,letter,1,0.8550164699554443,0.9999999999999997,35.0
6571,6595,letter,1,0.8999178409576416,0.5250677981688433,495.0
6572,6741,letter,1,0.875714123249054,0.9795596853272891,42.0
6573,7628,letter,1,0.4906435012817383,0.002312086297597357,0.0
6574,6626,letter,1,0.7465773522853851,0.2863984739656444,6.0
6577,6653,letter,1,0.5442143380641937,0.007805068519671285,0.0
6588,8459,letter,1,0.5362779796123505,0.012029395928815502,0.0
6594,6614,letter,1,0.5689091086387634,0.20996403956163756,5.5
6595,6659,letter,1,0.7912628352642059,0.25670748865289283,178.5
6596,7444,letter,1,0.4573204964399338,0.014095056381236383,0.0
6599,6684,letter,1,0.7695409059524536,0.4980132740336245,65.0
66,1191,executive_order,1,0.4525749981403351,0.03750590748966003,0.0
660,714,executive_order,1,0.7125341892242432,0.7392338572366373,80.0
6600,6695,letter,1,0.5044275522232056,0.04120993829634012,0.0
6601,7295,letter,1,0.4566885083913803,0.006215388901384994,0.0
6604,6690,letter,1,0.8665257096290588,0.6007062449872325,41.333333333333336
6607,6774,letter,1,0.6846020221710205,0.008912895986196856,0.0
6608,6659,letter,1,0.5168838649988174,0.02417216997084132,0.0
6610,7926,letter,1,0.490020751953125,0.0132305454698242,0.0
6612,6856,letter,1,0.6186794340610504,0.028902794222762436,0.0
6613,6659,letter,1,0.4834156334400177,0.10824920722867838,72.5
6614,6654,letter,1,0.48692071437835693,0.039492605418056936,0.0
6616,7926,letter,1,0.5304608345031738,0.0,0.0
6626,8423,letter,1,0.4329167306423187,0.0025906561373446415,0.0
6628,6800,letter,1,0.6369650959968567,0.025157901148145322,0.0
6630,6734,letter,1,0.704566478729248,0.033543206404772756,0.0
6639,6684,letter,1,0.779041588306427,0.5699098153637228,106.0
6642,6767,letter,1,0.869585394859314,0.6402500161245043,43.333333333333336
6647,7146,letter,1,0.597183346748352,0.03248194137927824,0.0
6653,8458,letter,1,0.4680952876806259,0.010793601648812436,0.0
6654,6943,letter,1,0.47042036056518555,0.014036905213888486,0.0
6655,6741,letter,1,0.5319477319717407,0.20750602959901374,14.0
6659,6950,letter,1,0.4665503650903702,0.02414447655654782,0.0
6660,6723,letter,1,0.4780125021934509,0.00830403711974906,0.0
667,1771,executive_order,1,0.6827208399772644,0.37185159814611723,18.333333333333332
6675,6955,letter,1,0.5575934052467346,0.02979515979324822,0.0
6676,6795,letter,1,0.48174482583999634,0.005750380345879375,0.0
6677,7154,letter,1,0.4839807152748108,0.0,0.0
6684,6726,letter,1,0.7710386514663696,0.6089656038053968,77.0
6688,6858,letter,1,0.6102074384689331,0.033096142847817395,0.0
669,857,executive_order,1,0.6204489469528198,0.18469410712036402,21.666666666666668
6690,6767,letter,1,0.8686550259590149,0.608068073785523,42.333333333333336
6695,6697,letter,1,0.5329563915729523,0.01000842537823776,0.0
6697,8329,letter,1,0.41106079518795013,0.007451429382286583,0.0
6705,8222,letter,1,0.543067216873169,0.0,0.0
6706,6752,letter,1,0.6823566555976868,0.02306824586289514,0.0
6715,7225,letter,1,0.5279335528612137,0.0030990909086190655,0.0
672,1191,executive_order,1,0.5022300779819489,0.060914301138661774,3.3333333333333335
6723,6943,letter,1,0.5497203469276428,0.008108196178574596,0.0
6725,6990,letter,1,0.6914958953857422,0.07745131122870966,0.0
6726,6760,letter,1,0.6939241886138916,0.3984561900128028,39.0
6728,6781,letter,1,0.5516237020492554,0.014177560382603639,0.0
673,1820,executive_order,1,0.5729657113552094,0.06729969773238982,0.0
6731,6882,letter,1,0.6014871597290039,0.08366846030113419,0.0
6732,8314,letter,1,0.4308367967605591,0.0020901156203828276,0.0
6734,8550,letter,1,0.5327281951904297,0.018382846633410097,0.0
674,2526,executive_order,1,0.5498239696025848,0.03864953890341869,0.0
6740,7146,letter,1,0.5028116703033447,0.03343981003130898,0.0
6741,6760,letter,1,0.4799414873123169,0.010227459105088075,0.0
6742,6866,letter,1,0.39478713274002075,0.007711434321313413,0.0
6748,7017,letter,1,0.5250567197799683,0.020938165303934313,7.5
6749,6810,letter,1,0.5716748237609863,0.003466282228455392,0.0
6752,7017,letter,1,0.7223693132400513,0.04490310831824324,0.0
6755,8495,letter,1,0.5874205827713013,0.030947582657443153,0.0
6756,6985,letter,1,0.5526692867279053,0.016272900436659545,0.0
6760,7139,letter,1,0.397937536239624,0.01053632711218438,0.0
6762,6845,letter,1,0.6929289996623993,0.04886531099954461,6.5
6767,6814,letter,1,0.8453986048698425,0.5598016034329988,34.0
6774,7957,letter,1,0.5305318236351013,0.016661354044668203,0.0
6778,6836,letter,1,0.5161704421043396,0.04669038858975298,0.0
6781,7224,letter,1,0.5887332558631897,0.013513588944426037,0.0
6786,7179,letter,1,0.5572958588600159,0.0,0.0
6787,7179,letter,1,0.5545360743999481,0.0,0.0
6789,8472,letter,1,0.4832889139652252,0.008367288512178371,0.0
6795,6836,letter,1,0.5388604402542114,0.2776459025003955,76.0
68,264,executive_order,1,0.5093316584825516,0.06598435460164807,23.0
6800,7242,letter,1,0.5925052762031555,0.02794330041241477,0.0
6810,8039,letter,1,0.4970625340938568,0.007481998177364338,0.0
6814,6904,letter,1,0.8456052541732788,0.5614479718372837,30.333333333333332
6821,6858,letter,1,0.5677433609962463,0.09936526376754581,5.0
6823,6825,letter,1,0.6522228121757507,0.10019994299142475,0.0
6824,8430,letter,1,0.3936333954334259,0.006243834963618364,0.0
6825,8444,letter,1,0.5937124490737915,0.0718684816710905,0.0
6830,7296,letter,1,0.4842699468135834,0.0022085446704301426,0.0
6833,7295,letter,1,0.4991501122713089,0.00243675834720245,0.0
6836,6845,letter,1,0.8483880162239075,0.3127521591676222,134.0
6841,7428,letter,1,0.41370584070682526,0.009864623668265238,0.0
6842,8019,letter,1,0.5160112380981445,0.0,0.0
6845,6866,letter,1,0.6441290378570557,0.09003561216266696,67.0
6856,7238,letter,1,0.6049162149429321,0.0,0.0
6858,6882,letter,1,0.5981992483139038,0.06152603050033964,0.0
6861,8506,letter,1,0.40168964862823486,0.006647543618757419,0.0
6866,6998,letter,1,0.5409762859344482,0.05268298127155866,0.0
6867,6901,letter,1,0.781688928604126,0.6415252593657046,223.0
687,691,executive_order,1,0.48017412424087524,0.04374236754996832,0.0
6870,7182,letter,1,0.4481549710035324,0.0024973726151687158,0.0
6872,7904,letter,1,0.5395098030567169,0.010589044407008842,0.0
6874,6998,letter,1,0.48419189453125,0.005700794965071124,0.0
6876,6882,letter,1,0.606871485710144,0.011643152428665733,0.0
688,715,executive_order,1,0.5253213942050934,0.2503036902065187,21.0
6882,7146,letter,1,0.6814392805099487,0.11892083200100789,0.0
69,294,executive_order,1,0.8338091969490051,0.8804469097987214,66.33333333333333
6901,7155,letter,1,0.48930269479751587,0.025306659941655443,4.0
6904,6946,letter,1,0.795598715543747,0.2844934633285583,16.0
6909,8354,letter,1,0.4602562189102173,0.00880768406862188,0.0
691,1063,executive_order,1,0.5015261173248291,0.06803560173763924,0.0
6910,7273,letter,1,0.49526409804821014,0.000994942001867978,0.0
6919,6974,letter,1,0.6424753665924072,0.09885554147584373,0.0
692,943,executive_order,1,0.6824981570243835,0.17424157594775025,71.0
693,758,executive_order,1,0.7914929687976837,1.0,147.66666666666666
6930,8439,letter,1,0.44283856451511383,0.005207811876878899,0.0
694,1147,executive_order,1,0.4980025887489319,0.027236562941026454,0.0
6942,7920,letter,1,0.44596314430236816,0.004107207930020777,0.0
6943,7196,letter,1,0.5436786413192749,0.004588301914589982,0.0
6946,6967,letter,1,0.5625782608985901,0.01683731322958712,0.0
6950,7295,letter,1,0.46648210287094116,0.028116865196452564,0.0
6951,7604,letter,1,0.4421384334564209,0.004995408518445385,0.0
6954,8530,letter,1,0.502450168132782,0.012036965550761046,0.0
6955,8443,letter,1,0.5469024181365967,0.010515190460557208,0.0
6956,7007,letter,1,0.6103964447975159,0.02540588966861485,0.0
6960,7017,letter,1,0.5883821249008179,0.07036951658572127,26.0
6967,7285,letter,1,0.40209516882896423,0.00735714583211452,0.0
6971,7025,letter,1,0.8525204062461853,0.7564085756549714,164.0
6974,8491,letter,1,0.6206376552581787,0.10310204408505728,0.0
6975,8491,letter,1,0.5856735706329346,0.0,0.0
6978,7557,letter,1,0.5465796589851379,0.015364576343274199,0.0
6979,7161,letter,1,0.5660930871963501,0.0077673182269327795,0.0
6982,6990,letter,1,0.6488538980484009,0.18609709924972484,13.0
6983,6985,letter,1,0.38422146439552307,0.01687952061255642,0.0
6984,7900,letter,1,0.5500262975692749,0.010330167061479852,0.0
6985,7009,letter,1,0.5498043298721313,0.009276332638967091,0.0
6986,7161,letter,1,0.564345121383667,0.007187932497608086,0.0
6988,7057,letter,1,0.37765198945999146,0.00257573512742791,0.0
699,718,executive_order,1,0.6661110520362854,0.6833754281473925,68.33333333333333
6990,7519,letter,1,0.5170011520385742,0.012450781784488883,0.0
6993,8222,letter,1,0.5188758969306946,0.0,0.0
6997,6998,letter,1,0.5316474735736847,0.03703914633037535,7.0
6998,7182,letter,1,0.5261663198471069,0.007303042039935563,0.0
7,13,memorandum,1,0.5367812216281891,0.09671081011799927,10.666666666666666
7003,7040,letter,1,0.5043377876281738,0.04469831383199801,17.0
7004,8314,letter,1,0.41122594475746155,0.0059539955834433935,0.0
7007,7040,letter,1,0.6029822826385498,0.07936518474650811,14.5
7009,7242,letter,1,0.493105947971344,0.059305042114987716,10.0
701,1384,executive_order,1,0.5252861082553864,0.0852953504778548,16.666666666666668
7010,7017,letter,1,0.6074884533882141,0.017359293945665173,7.0
7011,7234,letter,1,0.4832357168197632,0.018456329363189077,0.0
7013,7040,letter,1,0.57883620262146,0.027807280981535575,10.0
7014,7017,letter,1,0.6704654097557068,0.1119019402259968,54.0
7017,7050,letter,1,0.6148771643638611,0.1191541186101753,46.0
7019,7235,letter,1,0.49756690859794617,0.01890569967146848,0.0
7024,7333,letter,1,0.3505210876464844,0.0,0.0
7025,8329,letter,1,0.4556259214878082,0.011822825427588002,0.0
7028,7217,letter,1,0.5781728625297546,0.0045165391243098246,0.0
7038,7078,letter,1,0.5177226066589355,0.0,0.0
7040,7083,letter,1,0.5708851516246796,0.01823620564009611,0.0
7045,7315,letter,1,0.6725948452949524,0.3808063296051239,17.333333333333332
7050,7083,letter,1,0.5337626785039902,0.008840494209710538,0.0
7057,7085,letter,1,0.4380853623151779,0.0,0.0
7059,7198,letter,1,0.5242274701595306,0.015251572308043674,0.0
7065,7154,letter,1,0.6200166940689087,0.025709281094041025,0.0
7069,7077,letter,1,0.505362868309021,0.009651987339606235,0.0
707,752,executive_order,1,0.8109479546546936,1.0000000000000002,191.0
7071,8019,letter,1,0.5106108337640762,0.015542806341385124,0.0
7077,7515,letter,1,0.5329000055789948,0.01684601466315187,0.0
7078,7877,letter,1,0.5550870299339294,0.0,0.0
7079,7348,letter,1,0.5272369384765625,0.005317709827525066,0.0
7080,7153,letter,1,0.472639799118042,0.005848721585889734,0.0
7083,7247,letter,1,0.5689714550971985,0.008259171088851672,0.0
7084,7295,letter,1,0.4702296108007431,0.010737223160526624,0.0
7085,7295,letter,1,0.5082744359970093,0.032855887069640176,0.0
7090,7806,letter,1,0.46989113092422485,0.005172326456309659,0.0
7094,8410,letter,1,0.40103979408741,0.0009983491291394172,0.0
7095,8430,letter,1,0.5537644624710083,0.009588962088347572,0.0
7097,8472,letter,1,0.46722644567489624,0.005523667909916195,0.0
7107,7272,letter,1,0.5002448558807373,0.050510728733142454,0.0
7109,7919,letter,1,0.5998055338859558,0.02546772535142172,3.6666666666666665
7112,7749,letter,1,0.44210222363471985,0.0017276269480070118,0.0
7113,8266,letter,1,0.4989880919456482,0.031868229778581066,0.0
7115,8439,letter,1,0.5321749746799469,0.011127410907135362,0.0
7116,8266,letter,1,0.5459155440330505,0.007782242664335661,0.0
7117,7596,letter,1,0.5106031000614166,0.006372027534808801,0.0
7118,8222,letter,1,0.4162950813770294,0.0,0.0
7119,7121,letter,1,0.6771011352539062,0.1663766267958395,30.0
7120,7225,letter,1,0.547770082950592,0.0,0.0
7121,7458,letter,1,0.44283536076545715,0.00960870962112602,0.0
7128,7628,letter,1,0.5744921565055847,0.0,0.0
7131,7182,letter,1,0.49064987897872925,0.006953068203926564,0.0
7135,8060,letter,1,0.48401613533496857,0.005739628502727768,0.0
7139,7230,letter,1,0.5021111965179443,0.011796656150775908,0.0
714,1912,executive_order,1,0.7319148778915405,0.4722839670192605,32.0
7140,7925,letter,1,0.39666712284088135,0.00445089115264829,0.0
7143,7238,letter,1,0.5663794875144958,0.0,0.0
7145,7661,letter,1,0.5382250845432281,0.0653772388224765,0.0
7146,7222,letter,1,0.6715397834777832,0.03755501640337109,0.0
715,857,executive_order,1,0.5085408389568329,0.051467916100263966,3.3333333333333335
7153,7273,letter,1,0.5707870423793793,0.011331105438364101,0.0
7154,7222,letter,1,0.5757871270179749,0.020543123631184428,0.0
7155,7196,letter,1,0.5875219404697418,0.017498620527648324,0.0
7157,8458,letter,1,0.5925045609474182,0.0077071677004638085,0.0
7161,7198,letter,1,0.6090455055236816,0.10946854103467887,0.0
7162,7242,letter,1,0.5894904732704163,0.12312242502848939,11.0
7174,8196,letter,1,0.4861581027507782,0.0026039033886294284,0.0
7179,7894,letter,1,0.5287981033325195,0.0007919677136848542,0.0
718,1142,executive_order,1,0.6210688054561615,0.34253672140375196,45.0
7180,8199,letter,1,0.5538209676742554,0.01449038466944429,0.0
7182,7960,letter,1,0.5210667848587036,0.007368523011652859,0.0
7183,8364,letter,1,0.4521285742521286,0.008564862950403826,0.0
7187,7192,letter,1,0.6256185173988342,0.013087291645946166,0.0
719,749,executive_order,1,0.8471758961677551,0.9283997073337026,65.33333333333333
7190,8117,letter,1,0.46608777344226837,0.01013381815452923,0.0
7192,7520,letter,1,0.5581008195877075,0.00845008710213474,0.0
7196,8152,letter,1,0.41089075803756714,0.004580949068306692,0.0
7197,7367,letter,1,0.49862435460090637,0.007943035682647218,0.0
7198,7207,letter,1,0.5956116914749146,0.3329199812205198,11.0
7202,7259,letter,1,0.46687793731689453,0.10268595396525022,0.0
7203,8320,letter,1,0.5472679436206818,0.01611512812936838,0.0
7205,7235,letter,1,0.4983024001121521,0.0,0.0
7207,7222,letter,1,0.5915266871452332,0.18356759776236076,0.0
721,1008,executive_order,1,0.5245977342128754,0.11255217625366792,11.666666666666666
7217,7224,letter,1,0.6177033185958862,0.03739499867035455,0.0
7222,7225,letter,1,0.683704137802124,0.1301148725865052,10.0
7224,7225,letter,1,0.7351893186569214,0.036467670254219306,0.0
7225,7242,letter,1,0.6188369989395142,0.03279747240890387,0.0
7230,8507,letter,1,0.49686866998672485,0.01569192696622581,0.0
7233,7255,letter,1,0.4796890616416931,0.0226408676298743,0.0
7234,8171,letter,1,0.496015727519989,0.006740019423732682,0.0
7235,7661,letter,1,0.5262171030044556,0.0,0.0
7238,7361,letter,1,0.5570372343063354,0.0,0.0
7239,7242,letter,1,0.6349759101867676,0.45734517929510393,25.0
7242,7369,letter,1,0.608004093170166,0.12802726110270002,10.0
7247,7397,letter,1,0.5922961831092834,0.025292458745483963,0.0
725,755,executive_order,1,0.7940851747989655,1.0000000000000002,158.33333333333334
7255,7332,letter,1,0.41950723528862,0.01241238262591323,0.0
7258,7273,letter,1,0.6377657949924469,0.04363382365105616,21.333333333333332
7259,7314,letter,1,0.4692094922065735,0.04336375806008459,0.0
7262,8060,letter,1,0.4668349325656891,0.010649108912885216,0.0
7263,7272,letter,1,0.4708327651023865,0.01070358274394331,0.0
727,759,executive_order,1,0.7592175602912903,1.0000000000000002,166.33333333333334
7272,7273,letter,1,0.5850723087787628,0.0073690464588287525,0.0
7273,8232,letter,1,0.5869708061218262,0.005690351187257221,0.0
7274,7348,letter,1,0.45681697130203247,0.013329244250691458,0.0
7281,7628,letter,1,0.4744070917367935,0.011955767341386748,0.0
7285,8028,letter,1,0.5495705604553223,0.04753743546552355,0.0
7295,8266,letter,1,0.4552406519651413,0.008304018280667503,0.0
7296,7604,letter,1,0.5793930888175964,0.006239239731970001,0.0
73,3358,executive_order,1,0.5614961683750153,0.03248206121152917,0.0
730,839,executive_order,1,0.5903997719287872,0.07285761715132928,0.0
7301,8149,letter,1,0.48164743185043335,0.002687269207435257,0.0
7304,7337,letter,1,0.5695874094963074,0.006545682620818876,0.0
7305,8095,letter,1,0.4218906909227371,0.0013347233613177686,0.0
7312,7535,letter,1,0.5039558857679367,0.012568086940438136,0.0
7314,7333,letter,1,0.6151149272918701,0.030815129901523755,0.0
7315,7613,letter,1,0.791071891784668,0.4739060355214518,18.333333333333332
7325,7926,letter,1,0.4921949803829193,0.01673021911286574,0.0
7332,7369,letter,1,0.5437244772911072,0.11675082741987174,0.0
7333,7900,letter,1,0.6150460243225098,0.02729306319170067,0.0
7334,7519,letter,1,0.4834306240081787,0.005163206635190877,0.0
7337,7473,letter,1,0.543782114982605,0.0,0.0
7344,7381,letter,1,0.36911922693252563,0.019400688224833634,0.0
7348,8095,letter,1,0.5466853678226471,0.004958658351947747,0.0
735,1805,executive_order,1,0.6066638231277466,0.2030570024866356,9.666666666666666
7360,7428,letter,1,0.5640738159418106,0.006473165674929292,0.0
7361,8271,letter,1,0.5122392326593399,0.0,0.0
7365,7596,letter,1,0.5021471679210663,0.007341248371978933,0.0
7367,8071,letter,1,0.5532570481300354,0.010768678809243724,0.0
7369,8495,letter,1,0.5418272018432617,0.0722951774570221,0.0
7376,7838,letter,1,0.5196942090988159,0.010487000973672915,0.0
738,899,executive_order,1,0.4948834329843521,0.037374146571681664,4.333333333333333
7381,8080,letter,1,0.49895548820495605,0.04684495210053471,0.0
7389,8181,letter,1,0.5833064913749695,0.02567270299394522,0.0
7397,8266,letter,1,0.637052446603775,0.013866046347082958,0.0
7405,8435,letter,1,0.5415321588516235,0.005398838188752517,0.0
7408,7966,letter,1,0.5205173492431641,0.01568982093299554,0.0
7409,8472,letter,1,0.5722827911376953,0.0,0.0
741,2189,executive_order,1,0.7450453639030457,0.4038257085542129,12.333333333333334
7411,7998,letter,1,0.5154345035552979,0.010752721679228716,0.0
7418,7420,letter,1,0.626230388879776,0.012193165113241745,0.0
7419,7473,letter,1,0.43961313366889954,0.006689502823886433,0.0
7420,7441,letter,1,0.6594676375389099,0.033459237787755405,0.0
7428,7582,letter,1,0.5401549637317657,0.05843029156562818,0.0
743,1980,executive_order,1,0.4694441109895706,0.11311588299798535,15.333333333333334
7430,8342,letter,1,0.6309219598770142,0.02173363638830437,0.0
7441,7604,letter,1,0.4824889302253723,0.00728463353466897,0.0
7444,7473,letter,1,0.4961598813533783,0.0,0.0
7445,7596,letter,1,0.46483899652957916,0.0012450666159782092,0.0
7453,8325,letter,1,0.525475800037384,0.016713303817474292,0.0
7456,7490,letter,1,0.502829372882843,0.011218907694924712,0.0
7458,8472,letter,1,0.5309053659439087,0.01134011012709945,0.0
7459,8443,letter,1,0.5698095560073853,0.0,0.0
7465,8230,letter,1,0.3802586495876312,0.012212874381105535,0.0
7468,7559,letter,1,0.5487938225269318,0.0026824161914695732,0.0
7473,8257,letter,1,0.4748218059539795,0.01491567862799359,0.0
7476,7940,letter,1,0.8444005250930786,0.4453306127642642,17.666666666666668
7482,8171,letter,1,0.5302343368530273,0.020743073936229723,0.0
7483,8459,letter,1,0.5102749317884445,0.0,0.0
749,765,executive_order,1,0.8468844890594482,0.9290980696158111,66.0
7490,7920,letter,1,0.5327982902526855,0.0,0.0
7493,7567,letter,1,0.4028097689151764,0.010316676806983244,0.0
7497,7849,letter,1,0.4774358570575714,0.0073191803526998726,0.0
7502,7700,letter,1,0.43902336061000824,0.005551905018459545,0.0
7510,7894,letter,1,0.5407522320747375,0.003622494323507474,0.0
7511,8171,letter,1,0.47081902623176575,0.001649128373764578,0.0
7515,8181,letter,1,0.5808127522468567,0.02258662617997741,0.0
7517,7523,letter,1,0.5306258499622345,0.018285080983192314,0.0
7519,7520,letter,1,0.5600453615188599,0.04587998934674902,0.0
752,755,executive_order,1,0.8107745349407196,1.0000000000000002,208.0
7520,7733,letter,1,0.4748837351799011,0.006610421927601889,0.0
7522,7780,letter,1,0.46648621559143066,0.0012541204501720917,0.0
7523,7877,letter,1,0.5113625526428223,0.015492002442330318,0.0
7534,8171,letter,1,0.4827435463666916,0.01033875879402201,0.0
7535,8404,letter,1,0.5381584167480469,0.01124143095840956,0.0
7543,8243,letter,1,0.5561859011650085,0.0,0.0
755,759,executive_order,1,0.8079040050506592,1.0000000000000002,139.0
7556,8425,letter,1,0.5304687023162842,0.009922243642694775,0.0
7557,7645,letter,1,0.5666660666465759,0.023839878126343677,0.0
7559,8060,letter,1,0.5152384042739868,0.029789951750491192,0.0
7567,7603,letter,1,0.47058723866939545,0.016792060522926033,0.0
7571,8320,letter,1,0.5037393569946289,0.01742259716486739,0.0
7582,8324,letter,1,0.4120355546474457,0.011622907792051192,0.0
7583,8028,letter,1,0.5324108600616455,0.022269312096629426,0.0
7586,7920,letter,1,0.44171085953712463,0.004458970647167753,0.0
759,808,executive_order,1,0.7638595700263977,1.0000000000000002,149.0
7596,8095,letter,1,0.5237459540367126,0.01258040490629051,4.0
7602,7671,letter,1,0.6081135869026184,0.03707518098095369,0.0
7603,7629,letter,1,0.4766550064086914,0.006050603498350336,0.0
7604,7912,letter,1,0.5156435966491699,0.0049360562657180095,0.0
7606,8118,letter,1,0.5056818425655365,0.007503010806992782,0.0
761,925,executive_order,1,0.588302344083786,0.23112312562149698,29.333333333333332
7613,7940,letter,1,0.8633376955986023,0.6519228794064127,26.0
7614,8495,letter,1,0.5644049644470215,0.019673885299605575,0.0
7615,8444,letter,1,0.5222008228302002,0.0,0.0
7616,8171,letter,1,0.5540058612823486,0.02819154094554294,0.0
762,1997,executive_order,1,0.6092381477355957,0.07793964812916032,0.0
7625,8414,letter,1,0.48700574040412903,0.011914491618786346,0.0
7628,8123,letter,1,0.5040384531021118,0.007529834633588105,0.0
7629,8447,letter,1,0.703995943069458,0.006943697103078988,0.0
7638,8459,letter,1,0.5175421237945557,0.03527711138661066,0.0
7645,8422,letter,1,0.5553989410400391,0.01240310442689509,0.0
765,1002,executive_order,1,0.8486923575401306,0.9152994617919319,63.0
7654,7671,letter,1,0.5014435797929764,0.003468261440707385,0.0
7661,8474,letter,1,0.5402573645114899,0.017608538624360306,0.0
7663,7700,letter,1,0.6042413711547852,0.006847033287280814,0.0
7670,8472,letter,1,0.4252937436103821,0.009133291098402186,0.0
7671,7826,letter,1,0.6981131434440613,0.060049092986533784,0.0
7673,7740,letter,1,0.6216258108615875,0.02965810944451773,0.0
7680,7947,letter,1,0.49872422218322754,0.013215082025678185,0.0
7685,7745,letter,1,0.8885759711265564,0.4265814248925231,412.0
769,783,executive_order,1,0.4682096540927887,0.12643311230654306,10.0
77,486,executive_order,1,0.5171527117490768,0.014099348243482286,0.0
770,1152,executive_order,1,0.5145404636859894,0.0629154538534565,0.0
7700,8060,letter,1,0.4103555679321289,0.035980768493527306,0.0
7706,7742,letter,1,0.8517472147941589,0.6138165319305523,22.333333333333332
771,789,executive_order,1,0.5290884375572205,0.21392288857570266,7.0
7716,8171,letter,1,0.48157794773578644,0.024286574485205697,0.0
7718,7947,letter,1,0.4980335235595703,0.005466134910079563,0.0
7719,7723,letter,1,0.48996712267398834,0.0,0.0
7720,8421,letter,1,0.4745601415634155,0.006358647773518057,0.0
7723,8498,letter,1,0.637617826461792,0.0980685393291878,0.0
773,889,executive_order,1,0.8047245442867279,0.9578862777342735,144.33333333333334
7731,7925,letter,1,0.5638411641120911,0.0,0.0
7733,8495,letter,1,0.5545269250869751,0.011528455284503405,0.0
7740,8222,letter,1,0.5277636051177979,0.0,0.0
7742,7819,letter,1,0.8485897183418274,0.5420737723740847,22.0
7745,7944,letter,1,0.42350611090660095,0.00428570371487372,0.0
7749,8501,letter,1,0.5032528936862946,0.007136911060063,0.0
7756,8550,letter,1,0.5635396242141724,0.0265641795463105,0.0
7762,8421,letter,1,0.41906991600990295,0.004114243200474535,0.0
7765,8458,letter,1,0.48330605030059814,0.028550846873094695,0.0
7766,8439,letter,1,0.5081809312105179,0.0036953595503304635,0.0
777,862,executive_order,1,0.49771252274513245,0.06320683389497013,0.0
7774,8439,letter,1,0.4365233927965164,0.009890571215993668,0.0
7780,8458,letter,1,0.41117429733276367,0.0037273450032633427,0.0
7782,8255,letter,1,0.5159929990768433,0.004895432213875145,0.0
7785,8435,letter,1,0.47697125375270844,0.004489502159792939,0.0
780,1818,executive_order,1,0.5800623297691345,0.175150420489688,7.333333333333333
7806,8530,letter,1,0.49203893542289734,0.006395547761868508,0.0
7807,7920,letter,1,0.528596043586731,0.00981503887669058,0.0
7817,8366,letter,1,0.5091384649276733,0.0,0.0
7819,7940,letter,1,0.860527753829956,0.6063527202936078,25.666666666666668
7823,8026,letter,1,0.4941897392272949,0.004277628424430941,0.0
7826,8222,letter,1,0.5133916139602661,0.004369092774472712,0.0
7828,8200,letter,1,0.5977076292037964,0.028547609588282615,0.0
7837,8154,letter,1,0.6978778839111328,0.05404942011044307,0.0
7838,8472,letter,1,0.47864997386932373,0.04152210509878382,0.0
7846,8270,letter,1,0.5524225234985352,0.028979516188401458,0.0
7847,8439,letter,1,0.40924839675426483,0.004416409700435979,0.0
7849,8439,letter,1,0.4746861010789871,0.003338236771290495,0.0
785,787,executive_order,1,0.6556549668312073,0.48394117188266567,80.0
7873,8468,letter,1,0.4409525692462921,0.005858988971303161,0.0
7874,7928,letter,1,0.5426890850067139,0.014945070454665595,0.0
7877,8271,letter,1,0.4958057850599289,0.0,0.0
7894,8171,letter,1,0.5428765416145325,0.009891284962067865,0.0
7895,8495,letter,1,0.5058168172836304,0.004242293681097641,0.0
790,817,executive_order,1,0.5878153145313263,0.28599988270680077,15.333333333333334
7900,8495,letter,1,0.5803677439689636,0.01762310431359109,0.0
7904,8033,letter,1,0.4583301544189453,0.009058790920284845,0.0
7905,8181,letter,1,0.4272182285785675,0.01638222431500582,0.0
7910,8140,letter,1,0.42326560616493225,0.007870639348490143,0.0
7912,8495,letter,1,0.5457276105880737,0.017679641810643645,0.0
7919,8404,letter,1,0.48062098026275635,0.005551681773862258,0.0
7920,8060,letter,1,0.5699608325958252,0.0033876586131764918,0.0
7922,8213,letter,1,0.46495556831359863,0.0028624071604863932,0.0
7925,8026,letter,1,0.4584030210971832,0.011298464806637746,0.0
7926,8199,letter,1,0.5174355506896973,0.02439323229147038,0.0
7928,8171,letter,1,0.48924969136714935,0.032845886679192506,8.333333333333334
7931,8364,letter,1,0.7504468262195587,0.23511841188408944,15.666666666666666
7935,8444,letter,1,0.6589227914810181,0.03085195285886763,0.0
794,1205,executive_order,1,0.5251068621873856,0.11157621078743522,0.0
7940,8540,letter,1,0.7407591938972473,0.3882586381917046,21.5
7944,7960,letter,1,0.6419980525970459,0.061426599270895096,0.0
7947,8019,letter,1,0.5590548515319824,0.00799602527165237,0.0
7951,8391,letter,1,0.648452639579773,0.02594995015228168,0.0
7957,8270,letter,1,0.4977717995643616,0.026211925443978427,0.0
7958,8422,letter,1,0.4985462427139282,0.008521873550221978,0.0
796,825,executive_order,1,0.5894816517829895,0.03778668313701732,14.666666666666666
7960,7976,letter,1,0.5256336331367493,0.013059855756384601,0.0
7963,8028,letter,1,0.5378034114837646,0.040764313804003784,0.0
7964,8309,letter,1,0.5155874490737915,0.0,0.0
7966,8222,letter,1,0.594193160533905,0.007851874070947026,0.0
7967,8193,letter,1,0.46860814094543457,0.0,0.0
7976,8323,letter,1,0.5265363603830338,0.01258858162447788,0.0
7977,8443,letter,1,0.4660571217536926,0.00726380729431421,0.0
7987,8257,letter,1,0.4133068025112152,0.011180621472592873,0.0
7993,8366,letter,1,0.40208394825458527,0.009034737163437405,0.0
7998,8199,letter,1,0.5238112807273865,0.0,0.0
80,345,executive_order,1,0.45751091837882996,0.06396405138150657,10.333333333333334
8012,8171,letter,1,0.4710775315761566,0.011758635999196167,0.0
8015,8414,letter,1,0.507205456495285,0.0,0.0
8019,8483,letter,1,0.4429749548435211,0.004106814572802518,0.0
8023,8495,letter,1,0.45365533232688904,0.0,0.0
8026,8460,letter,1,0.5044265687465668,0.04984619555994089,0.0
8028,8444,letter,1,0.6034519672393799,0.03321974119715581,0.0
8033,8148,letter,1,0.43566304445266724,0.009903100137041182,0.0
8039,8148,letter,1,0.7009797692298889,0.042260567681243914,24.0
8049,8255,letter,1,0.4549621343612671,0.01100201673296099,0.0
8060,8199,letter,1,0.6152559518814087,0.019772803402626462,0.0
8063,8117,letter,1,0.5570211112499237,0.01892321343918938,0.0
8064,8186,letter,1,0.7597797513008118,0.48923213669874777,49.333333333333336
8069,8540,letter,1,0.7150061726570129,0.4579462240914605,44.0
8071,8123,letter,1,0.539158970117569,0.008266720486616818,0.0
8074,8495,letter,1,0.49525749683380127,0.03254592122350308,0.0
808,837,executive_order,1,0.7452343702316284,1.0000000000000002,160.0
8080,8257,letter,1,0.43154311180114746,0.04281560220895988,0.0
8089,8251,letter,1,0.8194395899772644,0.6579959881264855,22.0
8095,8171,letter,1,0.41609369218349457,0.004903302720933058,0.0
81,361,executive_order,1,0.5147361010313034,0.029228986490110947,0.0
8102,8460,letter,1,0.5873490571975708,0.05636343565254124,0.0
8103,8371,letter,1,0.635936826467514,0.03067070374748577,0.0
8113,8430,letter,1,0.50220887362957,0.007026257982952988,0.0
8114,8200,letter,1,0.7305809557437897,0.13531477379250786,28.0
8117,8227,letter,1,0.528973400592804,0.07742819858064869,0.0
8118,8140,letter,1,0.560007631778717,0.014118252597588405,0.0
812,1742,executive_order,1,0.5013648569583893,0.05272380184083993,0.0
8123,8459,letter,1,0.5022113472223282,0.020196848568646796,0.0
814,839,executive_order,1,0.615484356880188,0.0964131746388137,14.333333333333334
8140,8459,letter,1,0.5350425541400909,0.05744288344619516,0.0
8148,8422,letter,1,0.4872479736804962,0.012104593870942528,0.0
8149,8397,letter,1,0.5306704789400101,0.03314051016762364,0.0
8152,8193,letter,1,0.5812470614910126,0.017647462675694107,0.0
8154,8435,letter,1,0.5448591709136963,0.008638701027818387,0.0
8167,8530,letter,1,0.5534988641738892,0.0,0.0
817,844,executive_order,1,0.5796560645103455,0.2962224673717962,22.0
8171,8199,letter,1,0.6030538976192474,0.028751337261587198,3.3333333333333335
8173,8215,letter,1,0.5931558609008789,0.10694623576145446,0.0
818,861,executive_order,1,0.5980794727802277,0.19563169052406626,35.666666666666664
8181,8193,letter,1,0.5628926753997803,0.13919309350170903,4.0
8184,8354,letter,1,0.5603441596031189,0.010059053902914462,0.0
8186,8364,letter,1,0.4832950085401535,0.0855766694792545,0.0
8189,8319,letter,1,0.5428465604782104,0.010451459007166186,0.0
819,859,executive_order,1,0.6199003159999847,0.4041219622895929,52.666666666666664
8193,8391,letter,1,0.4265041798353195,0.0025935401501630405,0.0
8194,8222,letter,1,0.5842645764350891,0.014558116130848123,0.0
8196,8530,letter,1,0.41249634325504303,0.010627733133273504,0.0
8198,8315,letter,1,0.44650933146476746,0.0035660379968546177,0.0
8199,8468,letter,1,0.7167164087295532,0.06587982024781511,0.0
82,115,executive_order,1,0.4879014492034912,0.12553768790813463,14.0
8200,8468,letter,1,0.6310508847236633,0.019731387014284146,0.0
8204,8444,letter,1,0.5023542046546936,0.0,0.0
8208,8230,letter,1,0.4806608259677887,0.034425924573779736,0.0
821,1035,executive_order,1,0.6593477725982666,0.4365021550030394,47.0
8213,8215,letter,1,0.5280100405216217,0.011807300699538758,0.0
8215,8249,letter,1,0.5648106336593628,0.020683402636484396,0.0
8218,8251,letter,1,0.7643910646438599,0.5475956000370883,18.666666666666668
822,1191,executive_order,1,0.4586331695318222,0.10108597635169247,10.333333333333334
8222,8243,letter,1,0.5342309474945068,0.0,0.0
8224,8257,letter,1,0.5586498379707336,0.015545534493175698,0.0
8227,8249,letter,1,0.619190126657486,0.20310976615942397,5.0
8230,8483,letter,1,0.5117276012897491,0.012553437675892195,0.0
8231,8458,letter,1,0.5473915934562683,0.012696420887977136,0.0
8232,8514,letter,1,0.43011654913425446,0.009381809017106328,0.0
8237,8495,letter,1,0.5113167762756348,0.0,0.0
8238,8346,letter,1,0.44824227690696716,0.0070914801537533935,0.0
8243,8249,letter,1,0.5170271098613739,0.008486942627289383,0.0
8246,8490,letter,1,0.49271970987319946,0.0020789413167777836,0.0
8249,8483,letter,1,0.5521249175071716,0.08395362361284882,0.0
825,913,executive_order,1,0.5254335850477219,0.019452752869165174,0.0
8250,8434,letter,1,0.5127519369125366,0.00528601418007181,0.0
8251,8380,letter,1,0.7911497354507446,0.543532988552737,16.666666666666668
8255,8529,letter,1,0.4595041573047638,0.007460632241689542,0.0
8257,8495,letter,1,0.5888153910636902,0.01460598274811856,0.0
8266,8319,letter,1,0.541199117898941,0.027251373079316243,0.0
8269,8413,letter,1,0.4775810092687607,0.0037505412844496384,0.0
8270,8507,letter,1,0.48602956533432007,0.00995429960959777,0.0
8271,8364,letter,1,0.49559417366981506,0.01117253840001084,0.0
8280,8414,letter,1,0.45037825405597687,0.009190946032500112,0.0
8289,8495,letter,1,0.5961672067642212,0.010730003067955591,0.0
8297,8342,letter,1,0.534388542175293,0.0,0.0
8309,8314,letter,1,0.5254740566015244,0.0031131703196659193,0.0
831,2154,executive_order,1,0.41244617104530334,0.016942072954610043,0.0
8314,8376,letter,1,0.3840600252151489,0.006018317020424486,0.0
8315,8383,letter,1,0.5528467893600464,0.01700214970292993,0.0
8318,8439,letter,1,0.4320194721221924,0.01765158281455505,0.0
8319,8439,letter,1,0.43037858605384827,0.01765158281455505,0.0
8320,8373,letter,1,0.49365025758743286,0.01397931394889902,0.0
8323,8423,letter,1,0.4912274032831192,0.020614883476666845,0.0
8324,8443,letter,1,0.5560119152069092,0.00618590570514184,0.0
8325,8439,letter,1,0.5551833212375641,0.007311143335875657,0.0
8327,8366,letter,1,0.48131445050239563,0.0,0.0
8328,8421,letter,1,0.4464370012283325,0.0025548660494470648,0.0
8329,8346,letter,1,0.6232177019119263,0.34532394801199645,91.0
833,1415,executive_order,1,0.8333500027656555,0.7230995977320797,48.333333333333336
8333,8458,letter,1,0.43876802921295166,0.007284757807962895,0.0
8342,8391,letter,1,0.5133357048034668,0.027064493365638622,0.0
8346,8371,letter,1,0.5605056881904602,0.03813252144980259,0.0
835,932,executive_order,1,0.5034969002008438,0.04765043740669525,4.0
8353,8444,letter,1,0.5121256709098816,0.004063134831779799,0.0
8354,8416,letter,1,0.4271005392074585,0.007538569485874686,0.0
8359,8458,letter,1,0.45028388500213623,0.009769805085241823,0.0
8360,8483,letter,1,0.4312278926372528,0.015352154151700487,0.0
8363,8507,letter,1,0.4144476652145386,0.0,0.0
8364,8429,letter,1,0.6445387899875641,0.12456590097889612,3.3333333333333335
8365,8383,letter,1,0.6990879774093628,0.1467103956863824,39.0
8366,8459,letter,1,0.4237152636051178,0.015381050381297846,0.0
8371,8416,letter,1,0.6426684260368347,0.06369134736232089,0.0
8373,8410,letter,1,0.5839090943336487,0.0796313710314235,28.0
8376,8391,letter,1,0.8941525816917419,0.8840209764125372,103.0
838,883,executive_order,1,0.7578513324260712,0.9866884920524858,156.66666666666666
8380,8476,letter,1,0.7961909770965576,0.520822777471826,12.666666666666666
8383,8391,letter,1,0.8048260807991028,0.6670857202271112,99.0
839,1053,executive_order,1,0.5463416874408722,0.031388282396659944,0.0
8391,8491,letter,1,0.681006908416748,0.07366923781731878,0.0
8393,8434,letter,1,0.4674859046936035,0.0,0.0
8394,8490,letter,1,0.4357372671365738,0.0,0.0
8397,8459,letter,1,0.4645991921424866,0.019043807378556533,0.0
8404,8425,letter,1,0.4754309058189392,0.013869999455432968,0.0
8409,8444,letter,1,0.4912230670452118,0.008071564947174339,0.0
8410,8443,letter,1,0.5169670581817627,0.0075344713792457035,0.0
8413,8528,letter,1,0.4803888201713562,0.005213580047696438,0.0
8414,8439,letter,1,0.43915948271751404,0.012926467199338312,0.0
8416,8434,letter,1,0.7155383229255676,0.30936161930626127,38.0
8418,8474,letter,1,0.5737743675708771,0.004033566539398082,0.0
842,904,executive_order,1,0.5327593684196472,0.40394828218870776,10.666666666666666
8421,8439,letter,1,0.5919232964515686,0.011002735755575312,0.0
8422,8435,letter,1,0.38927941024303436,0.009524050719247293,0.0
8423,8435,letter,1,0.6093110144138336,0.028201860214024658,0.0
8425,8439,letter,1,0.5152767151594162,0.007136300413433554,0.0
8426,8459,letter,1,0.4687267988920212,0.00842507107415974,0.0
8429,8443,letter,1,0.4530901312828064,0.017912923677674664,0.0
843,899,executive_order,1,0.5472570955753326,0.05357845996395074,3.3333333333333335
8430,8434,letter,1,0.4591633677482605,0.017082978851280198,0.0
8434,8528,letter,1,0.44134142994880676,0.006340689837001454,0.0
8435,8483,letter,1,0.46581070125102997,0.025260327016086298,0.0
8439,8459,letter,1,0.5247211158275604,0.039750104433894734,0.0
844,913,executive_order,1,0.6098005771636963,0.6348076976315594,39.666666666666664
8443,8458,letter,1,0.5253474712371826,0.024167249192605482,0.0
8444,8481,letter,1,0.46904176473617554,0.017123510401237697,0.0
8447,8530,letter,1,0.5147368311882019,0.008809906859364648,0.0
8458,8472,letter,1,0.5237187147140503,0.040341772375638234,0.0
8459,8530,letter,1,0.44568271934986115,0.028496925601895016,0.0
8460,8530,letter,1,0.4420623630285263,0.02056351640779284,0.0
8468,8530,letter,1,0.48029904067516327,0.004300075814560696,0.0
8472,8490,letter,1,0.49077001214027405,0.003295055139058648,0.0
8474,8498,letter,1,0.671312153339386,0.09887035404247603,5.0
8476,8525,letter,1,0.7980009317398071,0.5563052929573211,13.0
8477,8483,letter,1,0.48231084644794464,0.005931749170732016,0.0
8478,8494,letter,1,0.43152663111686707,0.010988837936217298,0.0
8481,8495,letter,1,0.5558452010154724,0.0,0.0
8483,8530,letter,1,0.41802653670310974,0.013123855908846719,0.0
8490,8498,letter,1,0.6047821044921875,0.04281118764534753,0.0
8491,8498,letter,1,0.4054556339979172,0.008140251752209846,0.0
8494,8501,letter,1,0.41381727159023285,0.005529277096695369,0.0
8495,8507,letter,1,0.43315714597702026,0.012158342581420407,0.0
8498,8540,letter,1,0.44363024830818176,0.00743353695330239,0.0
85,166,executive_order,1,0.5798167288303375,0.0941178493299963,0.0
8501,8502,letter,1,0.4716106951236725,0.02222876937663065,0.0
8502,8528,letter,1,0.4959687441587448,0.011011177620423097,0.0
8506,8530,letter,1,0.4230019152164459,0.008802329593031427,0.0
8507,8550,letter,1,0.489776074886322,0.0,0.0
851,1112,executive_order,1,0.6492202877998352,0.1523607076362349,14.0
8514,8550,letter,1,0.42881493270397186,0.0,0.0
8525,8540,letter,1,0.6911703944206238,0.3900832543961897,19.5
8528,8540,letter,1,0.3520393520593643,0.005393927059986531,0.0
8529,8530,letter,1,0.40527375042438507,0.0036220068278878122,0.0
8530,8537,letter,1,0.3978063464164734,0.0027479945139378312,0.0
8537,8547,letter,1,0.3943043649196625,0.0,0.0
854,900,executive_order,1,0.5019211322069168,0.111021845401534,10.666666666666666
8540,8547,letter,1,0.34706857800483704,0.009261589823808848,0.0
8547,8550,letter,1,0.5502481460571289,0.022411858625350726,0.0
8554,8760,memorandum,1,0.7929074764251709,0.4068130156202368,17.0
8555,8825,memorandum,1,0.6985417008399963,0.6743854157989546,19.0
8556,9904,memorandum,1,0.7391704320907593,0.7340044921845896,18.0
8557,8619,memorandum,1,0.5168095827102661,0.008724819198409145,0.0
8559,8725,memorandum,1,0.5630813539028168,0.13155463759784397,6.666666666666667
856,1544,executive_order,1,0.48690657317638397,0.03588637929443126,0.0
8560,9427,memorandum,1,0.4971467852592468,0.002498607122675497,0.0
8561,1,memorandum,1,0.47338324785232544,0.026913012884468807,3.3333333333333335
8562,8672,memorandum,1,0.8155610859394073,0.9432999647045968,158.66666666666666
8564,8594,memorandum,1,0.8666122555732727,1.0000000000000004,62.0
8565,8766,memorandum,1,0.4834398627281189,0.005912948921362973,0.0
8566,8946,memorandum,1,0.5920440852642059,0.059432236038977106,8.666666666666666
8567,8589,memorandum,1,0.6733562350273132,0.37424477104803006,25.333333333333332
8568,11105,memorandum,1,0.5035366266965866,0.0169204926581695,3.6666666666666665
8569,11184,memorandum,1,0.6285592913627625,0.06619689496643985,13.0
8570,8572,memorandum,1,0.46502795815467834,0.07919496119491053,11.333333333333334
8572,8577,memorandum,1,0.5392232984304428,0.07890287571087988,0.0
8573,9664,memorandum,1,0.5469814538955688,0.0,0.0
8574,8793,memorandum,1,0.837939977645874,0.3168267216975917,65.66666666666667
8575,8678,memorandum,1,0.8867945671081543,1.0000000000000004,28.0
8576,8597,memorandum,1,0.6189351379871368,0.08398476729384928,4.666666666666667
8577,8589,memorandum,1,0.5538309216499329,0.053513523926164625,0.0
8578,8703,memorandum,1,0.46754568815231323,0.0029339808965161817,0.0
8579,9846,memorandum,1,0.8376432657241821,0.6069589990094556,24.333333333333332
858,965,executive_order,1,0.8359466791152954,0.577741744515565,95.66666666666667
8580,9260,memorandum,1,0.49682292342185974,0.05440893071578245,0.0
8581,8684,memorandum,1,0.912861704826355,0.999999999999999,92.0
8582,8700,memorandum,1,0.8847163915634155,0.7141603311480753,23.333333333333332
8583,9228,memorandum,1,0.648161768913269,0.06102756160243747,0.0
8585,8598,memorandum,1,0.7262945473194122,0.4541797817395023,86.5
8586,9587,memorandum,1,0.4972763657569885,0.030112309694282722,3.3333333333333335
8587,9117,memorandum,1,0.8865295648574829,0.9566687827853267,376.0
8589,8602,memorandum,1,0.6066694557666779,0.056967183721296215,0.0
859,889,executive_order,1,0.6481658220291138,0.3066755537038978,25.666666666666668
8591,10187,memorandum,1,0.4721619784832001,0.0028969666745844794,0.0
8592,8787,memorandum,1,0.7549757957458496,0.3929240666722588,4.0
8593,8612,memorandum,1,0.7259165942668915,0.3443048173681587,5.5
8594,8666,memorandum,1,0.8643679618835449,0.9423271917887254,61.0
8595,9047,memorandum,1,0.4810606986284256,0.019477094203422998,4.0
8596,10106,memorandum,1,0.4981955885887146,0.009884774697470147,0.0
8597,8604,memorandum,1,0.48394377529621124,0.054384648399469666,0.0
8598,8637,memorandum,1,0.7350059747695923,0.4338649195310687,65.33333333333333
8599,9015,memorandum,1,0.5562036037445068,0.06251254330736193,6.666666666666667
8600,9353,memorandum,1,0.5980638563632965,0.03687525424128282,0.0
8602,9074,memorandum,1,0.6180484890937805,0.06151675851030906,3.6666666666666665
8604,8608,memorandum,1,0.6098189949989319,0.1144072657918348,0.0
8605,8608,memorandum,1,0.6187718510627747,0.06858085779514556,0.0
8606,11041,memorandum,1,0.5162241160869598,0.020855968606282107,3.3333333333333335
8607,8900,memorandum,1,0.6625210642814636,0.1504833456556019,14.666666666666666
8608,8614,memorandum,1,0.5525020360946655,0.03352531644198379,0.0
8609,8614,memorandum,1,0.5215192139148712,0.03887036254251063,0.0
861,1191,executive_order,1,0.485228031873703,0.05202822228057489,4.333333333333333
8611,11588,memorandum,1,0.5423433780670166,0.0,0.0
8612,9013,memorandum,1,0.8319604396820068,0.7911411825280449,16.0
8614,9668,memorandum,1,0.5083292126655579,0.04329856249342911,6.666666666666667
8615,8640,memorandum,1,0.5901235044002533,0.14533276205216833,15.0
8616,8640,memorandum,1,0.45543716847896576,0.04450609882797224,6.666666666666667
8617,9587,memorandum,1,0.5442198514938354,0.026322462447025227,0.0
8618,8640,memorandum,1,0.526197999715805,0.07898115483016122,10.0
8619,9625,memorandum,1,0.5439255833625793,0.003553363131454066,0.0
8620,11326,memorandum,1,0.5682629346847534,0.00430371631174426,0.0
8621,9967,memorandum,1,0.4531176686286926,0.004172144583072832,0.0
8622,8627,memorandum,1,0.5833094716072083,0.0,0.0
8623,9074,memorandum,1,0.5447540283203125,0.05253113794084877,5.0
8624,9508,memorandum,1,0.5581851899623871,0.0034630817482153987,0.0
8627,11287,memorandum,1,0.5539067983627319,0.023979470066676143,0.0
8629,11099,memorandum,1,0.5607337653636932,0.027078755641575553,0.0
8631,8729,memorandum,1,0.5360609292984009,0.036633115188122393,0.0
8633,10761,memorandum,1,0.49897870421409607,0.028717839406731907,0.0
8634,9156,memorandum,1,0.5740897059440613,0.07945514286836582,4.666666666666667
8635,10701,memorandum,1,0.5246123671531677,0.024819151501387887,0.0
8636,11303,memorandum,1,0.5593571066856384,0.024723110018736522,4.0
8637,9142,memorandum,1,0.8127945065498352,0.4350307534650646,51.333333333333336
8638,11109,memorandum,1,0.428228422999382,0.05217079677246122,0.0
8639,11615,memorandum,1,0.5888550281524658,0.016994276494867677,0.0
8640,9112,memorandum,1,0.6020962595939636,0.10535057666712488,0.0
8642,8644,memorandum,1,0.875910222530365,1.0000000000000009,530.3333333333334
8643,8679,memorandum,1,0.7527285814285278,0.8513792952528559,59.0
8644,9138,memorandum,1,0.48046234250068665,0.036767117838873445,0.0
8645,8768,memorandum,1,0.8746340274810791,0.589752236748631,189.33333333333334
8647,9248,memorandum,1,0.8502125144004822,0.7185691140610253,70.0
8648,8785,memorandum,1,0.7177518308162689,0.032059326245814625,0.0
8649,8690,memorandum,1,0.8047481775283813,0.6863439309315594,16.0
8650,9116,memorandum,1,0.5523430109024048,0.056123066614213984,0.0
8653,8907,memorandum,1,0.7286791205406189,0.30051617452158,48.666666666666664
8656,9566,memorandum,1,0.7059658467769623,0.45883746949633847,110.33333333333333
8657,9008,memorandum,1,0.7305750846862793,0.3031458073546888,48.666666666666664
8658,9153,memorandum,1,0.6888715624809265,0.5396549147034839,143.0
8659,8674,memorandum,1,0.9164628982543945,0.822950336209791,46.0
8660,8694,memorandum,1,0.4957352578639984,0.045037470391174506,0.0
8661,11318,memorandum,1,0.5493882596492767,0.04265378076369761,0.0
8662,8697,memorandum,1,0.8139397501945496,0.712731046878511,40.333333333333336
8663,8720,memorandum,1,0.8802107572555542,0.9105907327648227,59.0
8664,8720,memorandum,1,0.8792963624000549,0.9105907327648227,59.0
8666,8709,memorandum,1,0.8710918426513672,1.0000000000000009,61.0
8667,8720,memorandum,1,0.8811500668525696,0.9117820505336492,59.0
8668,8886,memorandum,1,0.47854115068912506,0.07045101656977985,10.0
8669,8720,memorandum,1,0.8796201944351196,0.9105907327648227,59.0
8670,8720,memorandum,1,0.8799021244049072,0.9132229133289511,59.0
8671,8788,memorandum,1,0.8686597943305969,0.6641367571622564,102.0
8672,8783,memorandum,1,0.8241391181945801,0.9791094373650829,156.66666666666666
8673,8727,memorandum,1,0.8548076748847961,0.9377154612546005,101.66666666666667
8674,8736,memorandum,1,0.9071967601776123,0.8409538942734076,46.0
8675,8773,memorandum,1,0.8901290893554688,0.8858645120355123,60.0
8676,8698,memorandum,1,0.8856868743896484,0.9109252221915437,114.0
8677,8733,memorandum,1,0.8370406627655029,0.2974832231390762,103.33333333333333
8678,8734,memorandum,1,0.8867945671081543,1.0000000000000004,28.0
8679,8967,memorandum,1,0.7452771365642548,0.6981898860100401,57.0
8680,8945,memorandum,1,0.6456249952316284,0.39970778518052896,36.0
8681,8708,memorandum,1,0.8867992162704468,0.892772193401069,60.0
8682,8685,memorandum,1,0.888379693031311,0.9999999999999996,61.0
8683,10308,memorandum,1,0.5603792667388916,0.04804199320291535,0.0
8684,8735,memorandum,1,0.912861704826355,0.999999999999999,92.0
8685,8696,memorandum,1,0.888379693031311,0.9999999999999996,61.0
8686,8695,memorandum,1,0.7002954483032227,0.61175402234175,66.0
8687,8918,memorandum,1,0.7411929368972778,0.17544454948754967,10.0
8688,9786,memorandum,1,0.5065059661865234,0.02955771602024985,0.0
8689,8869,memorandum,1,0.6673002541065216,0.5910006802738468,92.33333333333333
8690,8722,memorandum,1,0.8047481775283813,0.6863439309315594,16.0
8691,8978,memorandum,1,0.5807068943977356,0.3797912128502842,4.0
8692,8967,memorandum,1,0.7388167381286621,0.5862973539332968,27.0
8693,8789,memorandum,1,0.6819182634353638,0.3086014915838661,23.0
8694,8967,memorandum,1,0.7057604193687439,0.699158004658415,25.0
8695,10712,memorandum,1,0.86332768201828,0.9008360804338077,71.0
8696,8708,memorandum,1,0.8880525231361389,0.9006273563358689,60.0
8697,8967,memorandum,1,0.7113916575908661,0.538942207207232,13.333333333333334
8698,8705,memorandum,1,0.8846607208251953,0.9130038314393654,114.0
8699,8810,memorandum,1,0.8746898174285889,0.5094678017120127,106.66666666666667
87,197,executive_order,1,0.538937896490097,0.03494110322911399,11.0
8700,8859,memorandum,1,0.8310454487800598,0.44565162845926504,16.0
8703,9057,memorandum,1,0.5460411310195923,0.21193889734275648,22.0
8704,8708,memorandum,1,0.8885588049888611,0.8913981267616511,60.0
8705,8739,memorandum,1,0.888008177280426,0.9085088623842624,114.0
8706,12,memorandum,1,0.570248544216156,0.027796895512439357,0.0
8707,9078,memorandum,1,0.6446954011917114,0.413278317405084,31.666666666666668
8708,8737,memorandum,1,0.8873341083526611,0.9999999999999999,61.0
8709,8726,memorandum,1,0.8710918426513672,1.0000000000000009,61.0
8710,20,memorandum,1,0.5894502401351929,0.09787042610482495,16.666666666666668
8712,8713,memorandum,1,0.8910147547721863,0.789080355330926,95.0
8713,8809,memorandum,1,0.7291041016578674,0.3634333061046329,10.0
8714,8720,memorandum,1,0.8823085427284241,0.9117820505336492,59.0
8719,8754,memorandum,1,0.7534119486808777,0.46785941866192093,34.0
8720,8730,memorandum,1,0.8089495897293091,0.6447121013805658,49.0
8721,9102,memorandum,1,0.7121256589889526,0.4794211845366016,76.66666666666667
8722,8799,memorandum,1,0.8047481775283813,0.6863439309315594,16.0
8723,8811,memorandum,1,0.540412962436676,0.09938508936346237,14.333333333333334
8724,9413,memorandum,1,0.5469343960285187,0.14068040781262653,8.666666666666666
8726,8747,memorandum,1,0.8710918426513672,1.0000000000000009,61.0
8727,8790,memorandum,1,0.8387698531150818,0.7471045194402682,85.66666666666667
8728,8783,memorandum,1,0.8407081961631775,1.0,172.66666666666666
8729,8892,memorandum,1,0.6231253147125244,0.20400905117944065,3.6666666666666665
873,1133,executive_order,1,0.5031066238880157,0.0599347483039823,0.0
8730,8739,memorandum,1,0.8620606064796448,0.8261310238933894,108.0
8733,8793,memorandum,1,0.8601405024528503,0.2918084621848294,93.0
8734,8796,memorandum,1,0.8867945671081543,1.0000000000000004,28.0
8735,8802,memorandum,1,0.912861704826355,0.999999999999999,92.0
8736,8809,memorandum,1,0.7968589067459106,0.6345552225537746,44.0
8737,8758,memorandum,1,0.8873341083526611,0.9999999999999999,61.0
8738,9114,memorandum,1,0.5836828052997589,0.012049711998086915,0.0
8739,8826,memorandum,1,0.871493399143219,0.739184543233628,98.0
8741,8809,memorandum,1,0.8876150250434875,0.8957195975039511,60.0
8742,8809,memorandum,1,0.890445351600647,0.8971088918231622,60.0
8743,8748,memorandum,1,0.886742115020752,0.9999999999999999,61.0
8746,8809,memorandum,1,0.8897414207458496,0.8971088918231622,60.0
8747,8767,memorandum,1,0.8710918426513672,1.0000000000000009,61.0
8748,8809,memorandum,1,0.8875448107719421,0.9031125730556528,60.0
8749,8878,memorandum,1,0.786205530166626,0.554124681156544,20.333333333333332
875,1456,executive_order,1,0.5708110928535461,0.13475801807206897,7.0
8750,9013,memorandum,1,0.8140136003494263,0.7418810026414279,15.0
8752,8809,memorandum,1,0.890445351600647,0.8971088918231622,60.0
8754,8849,memorandum,1,0.778332531452179,0.857172027143835,46.0
8755,8983,memorandum,1,0.5130244791507721,0.023943753568518366,0.0
8756,8809,memorandum,1,0.8892203569412231,0.8929602631560856,60.0
8757,9155,memorandum,1,0.7545600533485413,0.22499906027564265,22.333333333333332
8758,8778,memorandum,1,0.8873341083526611,0.9999999999999999,61.0
8759,8818,memorandum,1,0.7411222457885742,0.7350522177531401,37.666666666666664
876,1873,executive_order,1,0.5369865298271179,0.19515454703605692,26.0
8760,8818,memorandum,1,0.6587360799312592,0.39717009199725695,7.666666666666667
8762,9071,memorandum,1,0.6033499240875244,0.026153668094521503,0.0
8763,8809,memorandum,1,0.8671175241470337,0.7671563867427873,81.0
8765,9411,memorandum,1,0.6092105805873871,0.025880853969361666,0.0
8766,9106,memorandum,1,0.6983729302883148,0.1096508623186152,9.333333333333334
8767,8828,memorandum,1,0.8710918426513672,1.0000000000000009,61.0
8768,8869,memorandum,1,0.8503063321113586,0.5984112194890407,153.33333333333334
8769,8975,memorandum,1,0.45189884305000305,0.023308258441376253,0.0
8770,8773,memorandum,1,0.8885338306427002,0.8922140610110891,60.0
8773,8804,memorandum,1,0.8841949701309204,0.9999999999999996,61.0
8774,8856,memorandum,1,0.7590920329093933,0.45572597933693837,88.66666666666667
8775,8809,memorandum,1,0.8903355002403259,0.899987768820993,60.0
8776,8892,memorandum,1,0.5583640038967133,0.13190713221974484,7.333333333333333
8777,10367,memorandum,1,0.5207513868808746,0.00800381038368699,0.0
8778,8779,memorandum,1,0.8873341083526611,0.9999999999999999,61.0
8779,8808,memorandum,1,0.8873341083526611,0.9999999999999999,61.0
8780,19,memorandum,1,0.6374262869358063,0.1861494744006821,58.0
8781,8809,memorandum,1,0.8903355002403259,0.899987768820993,60.0
8783,8848,memorandum,1,0.7675073146820068,0.8321408618225231,101.33333333333333
8787,8818,memorandum,1,0.7158676087856293,0.42331716936433184,7.333333333333333
8788,8859,memorandum,1,0.8767027854919434,0.70018710556759,65.33333333333333
8789,9012,memorandum,1,0.6306886672973633,0.15435772086367078,10.0
879,1896,executive_order,1,0.5885091423988342,0.0898966761505702,0.0
8790,8858,memorandum,1,0.8589325547218323,0.8785405039049237,98.0
8791,9397,memorandum,1,0.6515666246414185,0.5196543868929874,15.0
8792,9233,memorandum,1,0.7263144254684448,0.1855209152813832,12.0
8793,8860,memorandum,1,0.8999353647232056,0.48219299410157407,127.0
8794,8809,memorandum,1,0.8874619007110596,0.8943367377874447,60.0
8796,8861,memorandum,1,0.8867945671081543,1.0000000000000004,28.0
8797,9180,memorandum,1,0.7285025119781494,0.4984150984492889,42.0
8798,9180,memorandum,1,0.7259540557861328,0.5045765634997561,42.0
8799,9188,memorandum,1,0.8047481775283813,0.6863439309315594,16.0
88,572,executive_order,1,0.44468386471271515,0.02431708182574695,16.0
8802,8868,memorandum,1,0.912861704826355,0.999999999999999,92.0
8803,9081,memorandum,1,0.6112508773803711,0.32910828211081194,4.0
8804,8809,memorandum,1,0.8825412392616272,0.8836948280679534,59.0
8805,8809,memorandum,1,0.8889169692993164,0.8929602631560856,60.0
8806,8809,memorandum,1,0.8898433446884155,0.8929602631560856,60.0
8808,8809,memorandum,1,0.8880405426025391,0.9073843627372561,60.0
8809,8834,memorandum,1,0.8817780017852783,0.8554878166921859,60.0
881,917,executive_order,1,0.5175888240337372,0.2000559361004324,23.666666666666668
8810,9169,memorandum,1,0.7756986916065216,0.2833768608401476,49.666666666666664
8811,9299,memorandum,1,0.6143307983875275,0.05187473976577652,0.0
8813,8831,memorandum,1,0.8868660926818848,0.8970432685963519,64.0
8815,9315,memorandum,1,0.554052084684372,0.11149434075337745,19.333333333333332
8817,9105,memorandum,1,0.7270899415016174,0.5332981181079609,44.0
8818,8849,memorandum,1,0.7408868670463562,0.8210258449666172,41.0
8819,8849,memorandum,1,0.7509767413139343,0.8020445448722038,44.0
8820,8849,memorandum,1,0.7358648180961609,0.8243307192304185,43.666666666666664
8821,8849,memorandum,1,0.7560079097747803,0.7793907932982674,43.666666666666664
8822,8849,memorandum,1,0.7685111165046692,0.7862858839028228,43.666666666666664
8823,9253,memorandum,1,0.6539372205734253,0.09124363479292705,0.0
8824,8831,memorandum,1,0.8856076598167419,0.8957970765433693,64.0
8825,9923,memorandum,1,0.6757131218910217,0.6495567923217669,18.0
8826,8829,memorandum,1,0.906221866607666,0.8841590681953397,138.0
8827,8975,memorandum,1,0.5049169659614563,0.029414882480043956,0.0
8828,8853,memorandum,1,0.8710918426513672,1.0000000000000009,61.0
8829,8834,memorandum,1,0.855330228805542,0.5283562564375374,52.0
883,1006,executive_order,1,0.7609481811523438,0.9247435724684644,129.0
8830,8886,memorandum,1,0.46898576617240906,0.09724975510324711,11.0
8831,8838,memorandum,1,0.886320173740387,1.0,65.0
8833,1,memorandum,1,0.536727100610733,0.05114206941308949,0.0
8834,8838,memorandum,1,0.8843306303024292,0.9032809041177298,64.0
8835,8842,memorandum,1,0.8095206320285797,0.8051506663807592,51.0
8836,8849,memorandum,1,0.6644172072410583,0.4163797671577904,33.0
8837,8839,memorandum,1,0.8040512204170227,0.5094365797741901,41.0
8838,8839,memorandum,1,0.8830783367156982,0.9006742931504822,64.0
8839,9284,memorandum,1,0.8246351480484009,0.5153338553387822,43.0
884,899,executive_order,1,0.48039278388023376,0.027525538910139025,0.0
8840,9236,memorandum,1,0.6750560998916626,0.6497423659124828,18.0
8841,8854,memorandum,1,0.8714928030967712,0.6700025191294765,59.333333333333336
8842,9807,memorandum,1,0.7323384881019592,0.654483759090161,28.333333333333332
8844,4,memorandum,1,0.5106376260519028,0.012827245882190697,0.0
8845,8857,memorandum,1,0.8018703460693359,0.6375357697959138,34.0
8847,8854,memorandum,1,0.6558934450149536,0.21571460308278878,23.666666666666668
8848,9038,memorandum,1,0.7538419663906097,0.8571083544622363,74.33333333333333
8849,9029,memorandum,1,0.7291816771030426,0.5016711860404582,15.0
8852,10712,memorandum,1,0.7401631474494934,0.5270889944707582,21.0
8853,8882,memorandum,1,0.8710918426513672,1.0000000000000009,61.0
8854,8866,memorandum,1,0.8584847450256348,0.5832007889579077,50.0
8855,9131,memorandum,1,0.7474956512451172,0.2542440111002047,0.0
8856,9436,memorandum,1,0.5926546454429626,0.33667797420339635,5.0
8857,8867,memorandum,1,0.7772306203842163,0.5607037827671877,28.333333333333332
8858,9442,memorandum,1,0.8520550727844238,0.7246986449832916,88.33333333333333
8859,8987,memorandum,1,0.8780025243759155,0.6709057174689949,68.0
8860,8995,memorandum,1,0.8442818522453308,0.3224138676777697,64.33333333333333
8861,8923,memorandum,1,0.8867945671081543,1.0000000000000004,28.0
8863,23,memorandum,1,0.5597293227910995,0.025045338914111936,0.0
8865,8969,memorandum,1,0.4785662293434143,0.01391468892347404,0.0
8866,8889,memorandum,1,0.8538120687007904,0.6692406290508203,53.333333333333336
8867,8871,memorandum,1,0.7835613489151001,0.6062832761524803,25.666666666666668
8868,8941,memorandum,1,0.912861704826355,0.999999999999999,92.0
8869,8899,memorandum,1,0.6494995057582855,0.39395393234236026,62.0
887,904,executive_order,1,0.5938933789730072,0.4887052137881322,29.666666666666668
8870,4,memorandum,1,0.5258380621671677,0.05009474230337733,0.0
8872,9093,memorandum,1,0.8193268775939941,0.5555388498760457,39.0
8873,9116,memorandum,1,0.7364417314529419,0.09634010502771954,0.0
8875,9157,memorandum,1,0.8841360211372375,0.9999999999999998,15.0
8876,8945,memorandum,1,0.6386631727218628,0.41414890763567225,24.0
8878,9468,memorandum,1,0.7538715600967407,0.4970720615963673,15.333333333333334
8879,9062,memorandum,1,0.7007686495780945,0.0816196082859878,0.0
888,2084,executive_order,1,0.584203690290451,0.1571214994027639,17.0
8882,8947,memorandum,1,0.8710918426513672,1.0000000000000009,61.0
8883,9229,memorandum,1,0.7096733748912811,0.3296003425366923,100.0
8886,9154,memorandum,1,0.4934372007846832,0.08911604413781392,7.333333333333333
8887,9135,memorandum,1,0.7043209969997406,0.37724752705928727,59.0
8888,9433,memorandum,1,0.7685642838478088,0.7168498502210685,112.0
8889,8895,memorandum,1,0.6916365921497345,0.2514578737736466,24.0
889,964,executive_order,1,0.8423993587493896,0.9263371662447296,146.33333333333334
8890,9141,memorandum,1,0.5733535289764404,0.07488721343906123,4.333333333333333
8891,9591,memorandum,1,0.6219045519828796,0.12564973454468756,0.0
8892,9550,memorandum,1,0.8433788418769836,0.7349701808524308,44.333333333333336
8893,1,memorandum,1,0.4657658040523529,0.03305538808715141,0.0
8894,10740,memorandum,1,0.5709092915058136,0.03606221065952391,0.0
8895,8954,memorandum,1,0.6792995035648346,0.20771065019070023,25.0
8897,9073,memorandum,1,0.5419203042984009,0.027846672571858185,0.0
8898,9598,memorandum,1,0.6890595257282257,0.03200042322064291,6.0
8899,10082,memorandum,1,0.7101072669029236,0.13689037938409607,21.0
89,647,executive_order,1,0.4620436280965805,0.026898687532187285,0.0
890,1299,executive_order,1,0.728329062461853,0.37569144826879425,36.333333333333336
8900,9069,memorandum,1,0.548261821269989,0.01814436445238147,0.0
8901,9083,memorandum,1,0.5167499333620071,0.052884446876333514,8.0
8902,9406,memorandum,1,0.7738761901855469,0.45434684706251244,48.666666666666664
8904,8960,memorandum,1,0.6372972130775452,0.19739379673462942,16.333333333333332
8905,9014,memorandum,1,0.7106119394302368,0.21646760589379413,22.0
8908,8994,memorandum,1,0.6098487973213196,0.21402708618054025,18.666666666666668
8909,8935,memorandum,1,0.7859787940979004,0.811677899582166,125.0
891,3020,executive_order,1,0.5424468517303467,0.051936469664012906,4.333333333333333
8911,9257,memorandum,1,0.6445449590682983,0.05461175985203775,0.0
8912,20,memorandum,1,0.4876363128423691,0.10304551498665226,0.0
8913,8985,memorandum,1,0.7161076664924622,0.5397522842529375,111.66666666666667
8914,9248,memorandum,1,0.7062145471572876,0.5430816017408944,51.0
8915,9910,memorandum,1,0.6225427389144897,0.05142126151737327,0.0
8916,9364,memorandum,1,0.46262261271476746,0.02069892069286281,0.0
8917,9020,memorandum,1,0.633089542388916,0.10164133774414662,15.666666666666666
8918,9167,memorandum,1,0.6944253444671631,0.20261100772724053,0.0
8919,7,memorandum,1,0.5167633891105652,0.018005530392463543,0.0
892,1191,executive_order,1,0.49299077689647675,0.026318656545613054,0.0
8921,8924,memorandum,1,0.8256750702857971,0.5515291170850345,92.0
8922,8995,memorandum,1,0.7792709469795227,0.260938822636,92.33333333333333
8923,8991,memorandum,1,0.8867945671081543,1.0000000000000004,28.0
8924,9532,memorandum,1,0.7676940560340881,0.16281676650307778,16.0
8928,11161,memorandum,1,0.5366064310073853,0.02625154365501599,0.0
8929,9264,memorandum,1,0.6567507386207581,0.06978300530729462,11.0
893,1127,executive_order,1,0.7629075050354004,0.8242879227797045,594.3333333333334
8930,8935,memorandum,1,0.7837586104869843,0.7248596205388899,110.66666666666667
8931,8953,memorandum,1,0.56459641456604,0.22813945725971282,45.666666666666664
8932,8958,memorandum,1,0.5108647793531418,0.046693245497721525,4.333333333333333
8933,8950,memorandum,1,0.4738543629646301,0.030758792871210364,5.0
8934,8949,memorandum,1,0.7699582874774933,0.3290513359111706,84.33333333333333
8935,8949,memorandum,1,0.7678691446781158,0.32967203500677317,84.33333333333333
8936,8949,memorandum,1,0.7690208852291107,0.32913988509622993,84.33333333333333
8940,10583,memorandum,1,0.4518434852361679,0.008607003378023772,0.0
8941,9005,memorandum,1,0.912861704826355,0.999999999999999,92.0
8943,9078,memorandum,1,0.6026484370231628,0.09574908934089844,0.0
8944,9029,memorandum,1,0.7438936233520508,0.4932504531677515,22.0
8945,9116,memorandum,1,0.7383129596710205,0.4014393564793563,0.0
8946,9128,memorandum,1,0.45992521941661835,0.033298294477138723,6.666666666666667
8947,8986,memorandum,1,0.8710918426513672,1.0000000000000009,61.0
8948,9078,memorandum,1,0.4912448078393936,0.02188585135003279,6.666666666666667
8949,8955,memorandum,1,0.7230861186981201,0.23416370392715344,58.666666666666664
8950,8952,memorandum,1,0.8135915398597717,0.8089190297019321,161.33333333333334
8952,8955,memorandum,1,0.8266494870185852,0.8389606698688796,165.66666666666666
8953,8970,memorandum,1,0.6416449844837189,0.23035302931158186,66.66666666666667
8954,8955,memorandum,1,0.8152644038200378,0.7716511126529872,144.0
8955,8961,memorandum,1,0.8271269202232361,0.6417649577825423,121.66666666666667
8957,8961,memorandum,1,0.8408342003822327,0.8178543914295209,159.66666666666666
8958,8965,memorandum,1,0.6590701341629028,0.11000454066813305,9.333333333333334
8960,8965,memorandum,1,0.5835602283477783,0.20368420069131304,35.0
8961,8969,memorandum,1,0.8480770587921143,0.7437160266767965,143.0
8962,8966,memorandum,1,0.6846893727779388,0.16936884292617188,24.5
8963,8969,memorandum,1,0.8639752268791199,0.7969270954959863,148.66666666666666
8964,9364,memorandum,1,0.7447580099105835,0.5142879149237579,11.0
8965,8969,memorandum,1,0.5847798585891724,0.07676439521564933,10.0
8966,8969,memorandum,1,0.5639585256576538,0.07186178388729848,10.0
8967,8978,memorandum,1,0.7563223242759705,0.7989970115814066,59.333333333333336
8969,8970,memorandum,1,0.8311640620231628,0.8114807849848326,149.0
897,1548,executive_order,1,0.5330491960048676,0.1067401360406301,16.666666666666668
8972,8974,memorandum,1,0.5636354386806488,0.01311595391690004,3.3333333333333335
8974,8975,memorandum,1,0.6038466691970825,0.11689371199694193,16.333333333333332
8975,8976,memorandum,1,0.4359712451696396,0.02165202571479452,0.0
8976,10031,memorandum,1,0.5530440807342529,0.01593742601644263,0.0
8977,9123,memorandum,1,0.5640856027603149,0.05049520025599433,7.0
8978,9102,memorandum,1,0.7425905764102936,0.6213673916696614,48.333333333333336
8981,10181,memorandum,1,0.5642945766448975,0.057907667270364255,0.0
8983,9574,memorandum,1,0.5189315378665924,0.013226186026260899,0.0
8984,10954,memorandum,1,0.5378680527210236,0.03635395753874286,0.0
8985,9279,memorandum,1,0.7635915279388428,0.3928461904768637,53.0
8986,9041,memorandum,1,0.8710918426513672,1.0000000000000009,61.0
8987,9100,memorandum,1,0.8517457842826843,0.690155924598394,77.33333333333333
8988,9038,memorandum,1,0.752127468585968,0.8016072968204165,80.0
899,969,executive_order,1,0.5078163892030716,0.061650721979109015,0.0
8990,9167,memorandum,1,0.6555862724781036,0.2456610226165163,19.0
8991,9056,memorandum,1,0.8867945671081543,1.0000000000000004,28.0
8992,9145,memorandum,1,0.873317539691925,0.6302907686042105,68.66666666666667
8994,9063,memorandum,1,0.5219855904579163,0.06170767672283106,6.666666666666667
8995,9107,memorandum,1,0.847701370716095,0.33453532586138296,62.333333333333336
8996,9236,memorandum,1,0.6845842599868774,0.6252767946067939,18.0
8997,10644,memorandum,1,0.5053145438432693,0.009227737147949437,0.0
8998,9029,memorandum,1,0.7470511198043823,0.5320427842089545,22.0
8999,9029,memorandum,1,0.7615742683410645,0.5457036383785336,22.0
9000,9029,memorandum,1,0.7624733448028564,0.5181813886370182,22.0
9001,9029,memorandum,1,0.7499022483825684,0.5395974461891876,22.0
9002,9029,memorandum,1,0.743628978729248,0.5447963241056019,22.0
9003,9029,memorandum,1,0.752101480960846,0.5320427842089545,22.0
9005,9059,memorandum,1,0.912861704826355,0.999999999999999,92.0
9006,9126,memorandum,1,0.5052413791418076,0.06173260597794435,7.0
9007,9165,memorandum,1,0.5048874914646149,0.05082849689166102,3.3333333333333335
9008,9145,memorandum,1,0.6959242820739746,0.33266534010336385,47.333333333333336
9009,9029,memorandum,1,0.7373899221420288,0.5549701809014357,22.0
901,910,executive_order,1,0.5227872431278229,0.3432859847890075,21.0
9010,9031,memorandum,1,0.6515771150588989,0.40422003077064983,119.0
9012,9131,memorandum,1,0.7037866115570068,0.5111950262454567,58.0
9013,9449,memorandum,1,0.8715310096740723,1.0000000000000002,19.0
9014,9062,memorandum,1,0.5649193525314331,0.017367384261515104,0.0
9015,9073,memorandum,1,0.4927051365375519,0.04909527145168948,0.0
9017,9073,memorandum,1,0.5367611348628998,0.048043811500116516,8.666666666666666
9018,9041,memorandum,1,0.8486422300338745,0.6936294285475105,61.0
9020,9299,memorandum,1,0.4841208755970001,0.01755557073898306,0.0
9023,10740,memorandum,1,0.5431441366672516,0.11860968042024918,3.3333333333333335
9024,9029,memorandum,1,0.7442079782485962,0.552957572430421,22.0
9025,9111,memorandum,1,0.5626753270626068,0.09241260807685221,0.0
9026,9367,memorandum,1,0.5042157471179962,0.04331626079147554,0.0
9027,9050,memorandum,1,0.7041971683502197,0.5154749116878579,20.666666666666668
9028,9050,memorandum,1,0.7003625631332397,0.5154749116878579,20.666666666666668
9029,9050,memorandum,1,0.6932522058486938,0.5154749116878579,20.666666666666668
9030,9050,memorandum,1,0.6951165199279785,0.5084147333800546,21.333333333333332
9031,9131,memorandum,1,0.6708595156669617,0.36164116240341104,38.0
9036,9061,memorandum,1,0.8631953597068787,0.6697464364030598,21.0
9037,9180,memorandum,1,0.6515599489212036,0.5395031226211285,49.0
9038,9101,memorandum,1,0.7489544153213501,0.716565250239884,56.0
9040,10104,memorandum,1,0.6591348052024841,0.06704240634224502,0.0
9041,9094,memorandum,1,0.8710918426513672,1.0000000000000009,61.0
9046,9346,memorandum,1,0.6589874625205994,0.22360799302944545,17.666666666666668
9047,9138,memorandum,1,0.4879986494779587,0.03924589351880542,0.0
9050,9085,memorandum,1,0.6968238353729248,0.4349093446843981,10.666666666666666
9051,9103,memorandum,1,0.8384690284729004,0.5830096044453951,105.33333333333333
9052,9100,memorandum,1,0.8685126304626465,0.7174137158971766,56.666666666666664
9053,16,memorandum,1,0.521742582321167,0.047397349120098964,0.0
9054,9107,memorandum,1,0.8057214617729187,0.391026331221387,70.0
9056,9175,memorandum,1,0.861032247543335,0.6481766597369996,10.0
9057,9167,memorandum,1,0.7002725601196289,0.34487031892383874,30.5
9058,10645,memorandum,1,0.5195203721523285,0.007334126811003293,0.0
9059,9113,memorandum,1,0.912861704826355,0.999999999999999,92.0
9060,9063,memorandum,1,0.539935290813446,0.0647287211819314,3.3333333333333335
9061,9092,memorandum,1,0.8631953597068787,0.6697464364030598,21.0
9062,9114,memorandum,1,0.7792781591415405,0.6685963143587701,36.0
9063,9862,memorandum,1,0.5363073348999023,0.12354779885827714,14.0
9066,9219,memorandum,1,0.6133053302764893,0.027152521216494408,0.0
9067,9188,memorandum,1,0.8087782859802246,0.6280575743719842,14.0
9068,9188,memorandum,1,0.8060835599899292,0.655144676631252,14.0
9069,9670,memorandum,1,0.5441066324710846,0.011557752667095739,0.0
9070,9163,memorandum,1,0.7995471954345703,0.5627267545579051,26.0
9071,9798,memorandum,1,0.48669785261154175,0.013970045102942943,0.0
9072,10420,memorandum,1,0.5044009983539581,0.02670911829726012,0.0
9073,9132,memorandum,1,0.5296342074871063,0.051729359597668945,7.0
9074,9114,memorandum,1,0.5707894563674927,0.030327567697950267,0.0
9076,9588,memorandum,1,0.7284829318523407,0.14186763031631386,21.666666666666668
9078,9112,memorandum,1,0.5992792248725891,0.08747961711098817,8.333333333333334
9080,9210,memorandum,1,0.49614596366882324,0.009095433766872526,0.0
9081,9131,memorandum,1,0.7310382425785065,0.20634019135473877,10.0
9083,9099,memorandum,1,0.5438144505023956,0.13336623772133227,50.666666666666664
9085,9120,memorandum,1,0.7304912805557251,0.5678757857650792,23.0
9086,9120,memorandum,1,0.7261056900024414,0.5671795511440655,23.0
9087,9099,memorandum,1,0.5644620656967163,0.0320814168175016,0.0
9089,9267,memorandum,1,0.49868813157081604,0.030399138978293275,0.0
909,1674,executive_order,1,0.7684582471847534,0.8313277217769575,19.0
9092,9121,memorandum,1,0.8635877370834351,0.6145781726134766,19.333333333333332
9093,9819,memorandum,1,0.632598489522934,0.13528088707032646,0.0
9094,9243,memorandum,1,0.8736652731895447,0.949779118403656,61.0
9096,11188,memorandum,1,0.47519057989120483,0.01114471503845982,0.0
9097,13,memorandum,1,0.4786803424358368,0.11575822062452333,7.666666666666667
9099,13,memorandum,1,0.58631631731987,0.0752891386281951,13.666666666666666
91,185,executive_order,1,0.7766174077987671,0.9999999999999999,111.66666666666667
910,913,executive_order,1,0.6299247443675995,0.6462558582433806,75.0
9100,9329,memorandum,1,0.7180612087249756,0.3227376201706702,30.333333333333332
9101,9173,memorandum,1,0.6721653342247009,0.5015607538958389,49.0
9102,9192,memorandum,1,0.7268266379833221,0.37159035170791127,50.333333333333336
9103,9223,memorandum,1,0.7824296057224274,0.4483468936808197,75.33333333333333
9104,11144,memorandum,1,0.49050842225551605,0.01642426727011567,6.666666666666667
9105,9116,memorandum,1,0.7570919990539551,0.8314928349069072,39.0
9106,10254,memorandum,1,0.7737211585044861,0.19549481648530975,0.0
9107,9287,memorandum,1,0.8070400953292847,0.3544550588995062,70.66666666666667
9108,9385,memorandum,1,0.6827599108219147,0.1192689992611964,3.3333333333333335
911,1261,executive_order,1,0.488672137260437,0.040089389068786084,0.0
9110,9165,memorandum,1,0.49956846237182617,0.05285700597475201,9.0
9111,9449,memorandum,1,0.6147860288619995,0.07185867002827544,0.0
9112,11199,memorandum,1,0.5591046810150146,0.014018572085259676,0.0
9113,9643,memorandum,1,0.9153532981872559,0.8915826412395581,90.0
9114,9127,memorandum,1,0.7620410919189453,0.37033075788825676,10.0
9116,9131,memorandum,1,0.7558765411376953,0.3406986984946902,10.0
9117,9585,memorandum,1,0.5478173792362213,0.011074865184520772,0.0
9118,9132,memorandum,1,0.4681551456451416,0.055162517389049086,5.0
9119,10683,memorandum,1,0.47693413496017456,0.03519930907006663,0.0
912,916,executive_order,1,0.5396958887577057,0.21311012372839444,13.666666666666666
9120,10555,memorandum,1,0.4595780670642853,0.05600668531672418,0.0
9121,9162,memorandum,1,0.7886092662811279,0.5044069011775488,20.5
9122,9243,memorandum,1,0.8170918226242065,0.6471628713158812,53.0
9123,9126,memorandum,1,0.8037888407707214,0.88091016872581,159.0
9124,10766,memorandum,1,0.4642365127801895,0.010014636096213501,0.0
9125,11099,memorandum,1,0.46574246883392334,0.017758823852721633,0.0
9126,11080,memorandum,1,0.5157347470521927,0.05118144057449151,0.0
9127,9131,memorandum,1,0.6870850324630737,0.30817374246912,0.0
9128,9135,memorandum,1,0.8148426711559296,0.9999999999999996,307.0
913,960,executive_order,1,0.5458921194076538,0.08412761926311935,0.0
9130,9256,memorandum,1,0.5452235341072083,0.04994724477498943,0.0
9131,9253,memorandum,1,0.7653908729553223,0.6720522398229689,42.0
9132,22,memorandum,1,0.5635061860084534,0.06071930920427626,0.0
9133,9593,memorandum,1,0.46123819053173065,0.004253006986862091,0.0
9134,9786,memorandum,1,0.5107836276292801,0.03962201029233245,7.0
9135,26,memorandum,1,0.6336228251457214,0.39074507647086487,31.666666666666668
9136,21,memorandum,1,0.5182798951864243,0.008229767296860958,0.0
9137,11062,memorandum,1,0.4716717153787613,0.018278528764244628,0.0
9138,9450,memorandum,1,0.5064516216516495,0.016373383157287733,0.0
9139,9427,memorandum,1,0.5127582550048828,0.025277052406612377,0.0
9140,10137,memorandum,1,0.42206718027591705,0.012290820072393169,0.0
9142,11306,memorandum,1,0.6119879186153412,0.05849883061241765,6.0
9143,11082,memorandum,1,0.49423009157180786,0.005635392839428429,0.0
9144,9207,memorandum,1,0.6857156157493591,0.45151802786730905,29.0
9146,9566,memorandum,1,0.7301707863807678,0.7245999075019444,135.0
9147,9309,memorandum,1,0.5625352263450623,0.1730714480201511,35.0
9148,9153,memorandum,1,0.8482367992401123,0.8111787877347778,178.0
9149,9166,memorandum,1,0.6170803606510162,0.3144874683394254,55.0
9151,9276,memorandum,1,0.6663312911987305,0.46492232019472574,129.0
9152,9332,memorandum,1,0.716932624578476,0.45238483637381793,48.666666666666664
9153,9276,memorandum,1,0.8501445651054382,0.7554390341217442,176.0
9154,9989,memorandum,1,0.596883237361908,0.26713322612115387,8.0
9155,9266,memorandum,1,0.7554610371589661,0.2182122260722268,17.0
9156,9266,memorandum,1,0.7036983370780945,0.3059328443898053,28.666666666666668
9157,11280,memorandum,1,0.8137536644935608,0.5646408674874835,0.0
9158,11279,memorandum,1,0.7598709464073181,0.45268467527445705,11.0
916,1220,executive_order,1,0.5372069776058197,0.18055707989532022,4.0
9161,10885,memorandum,1,0.4994077831506729,0.0031257916694001596,0.0
9162,9271,memorandum,1,0.8751644492149353,0.9999999999999994,41.0
9163,9560,memorandum,1,0.7725378274917603,0.692496914596618,26.0
9164,9191,memorandum,1,0.8918764591217041,1.0000000000000004,142.0
9165,9313,memorandum,1,0.5121892690658569,0.02172440365349938,0.0
9166,9517,memorandum,1,0.5497543513774872,0.041129364173908584,7.0
9167,9253,memorandum,1,0.7075949907302856,0.33590676913440964,19.5
9168,9181,memorandum,1,0.7832159996032715,0.6803675621086874,12.0
9169,9452,memorandum,1,0.8825699687004089,0.8748362241189449,83.66666666666667
917,964,executive_order,1,0.5181968510150909,0.20537844804642266,20.333333333333332
9172,9222,memorandum,1,0.8450879454612732,0.63780591825258,52.0
9173,9220,memorandum,1,0.7652525901794434,0.908373408898515,957.0
9174,4,memorandum,1,0.5009676516056061,0.060767237897588276,0.0
9175,9232,memorandum,1,0.8752278685569763,0.9999999999999999,28.0
9176,9287,memorandum,1,0.8906793594360352,0.34188846945304213,79.66666666666667
9178,9831,memorandum,1,0.7592779695987701,0.3089406560046678,48.5
9180,9330,memorandum,1,0.7198159694671631,0.3641325304437296,38.0
9181,9449,memorandum,1,0.7273528575897217,0.35904203434850956,0.0
9182,9643,memorandum,1,0.9181153178215027,0.954847835853402,95.0
9184,9326,memorandum,1,0.7332007586956024,0.10072415424053588,0.0
9188,9240,memorandum,1,0.8047481775283813,0.6863439309315594,16.0
9189,9211,memorandum,1,0.8628946542739868,0.6666666666666664,19.0
9191,9243,memorandum,1,0.7046566605567932,0.5606602793407475,54.0
9192,9385,memorandum,1,0.7040723264217377,0.4910228187461361,25.333333333333332
9194,11538,memorandum,1,0.47672872245311737,0.028138435839332298,0.0
9196,9536,memorandum,1,0.6073504686355591,0.4429508305894436,36.666666666666664
9197,9550,memorandum,1,0.5345099568367004,0.02113874397110017,0.0
9203,9838,memorandum,1,0.6536056995391846,0.12225272647156561,8.0
9204,9407,memorandum,1,0.4739294797182083,0.015355030004392879,0.0
9206,9597,memorandum,1,0.6674839854240417,0.7097908685121886,100.0
9207,9253,memorandum,1,0.7880216836929321,0.8293460210442611,50.0
9208,9218,memorandum,1,0.7067791819572449,0.28161410284498994,26.0
9209,9589,memorandum,1,0.778555154800415,0.4704519119406985,16.333333333333332
9210,9372,memorandum,1,0.519617348909378,0.34548652170304867,5.333333333333333
9211,9241,memorandum,1,0.8628946542739868,0.6666666666666664,19.0
9212,9373,memorandum,1,0.6445802450180054,0.06261521272247919,0.0
9213,9243,memorandum,1,0.7478046417236328,0.5869907031286902,54.0
9214,9263,memorandum,1,0.6301958560943604,0.06633646301416243,10.0
9215,9267,memorandum,1,0.4572991132736206,0.025826909240547497,8.333333333333334
9216,10169,memorandum,1,0.48719751834869385,0.004455076952874904,0.0
9218,9385,memorandum,1,0.7270007431507111,0.39674499452769524,37.333333333333336
9219,10673,memorandum,1,0.5121618807315826,0.02971303603019107,0.0
922,1218,executive_order,1,0.5456739664077759,0.12044249196922764,10.666666666666666
9220,9286,memorandum,1,0.757297694683075,0.928914618004498,932.0
9222,9280,memorandum,1,0.776790201663971,0.5132908852402561,22.666666666666668
9223,9279,memorandum,1,0.8620467782020569,0.8918052843756152,131.66666666666666
9227,6,memorandum,1,0.44697487354278564,0.03194769107717293,0.0
9228,9252,memorandum,1,0.8532078862190247,1.0000000000000004,55.0
9229,10688,memorandum,1,0.49103640019893646,0.012335658078989347,0.0
9231,9287,memorandum,1,0.8877074718475342,0.37466018328634254,107.33333333333333
9232,9289,memorandum,1,0.8752278685569763,0.9999999999999999,28.0
9233,9251,memorandum,1,0.8659160137176514,0.7018856282762803,70.0
9234,9643,memorandum,1,0.9181153178215027,0.954847835853402,95.0
9235,9316,memorandum,1,0.6557176113128662,0.2813434073372738,47.0
9236,9397,memorandum,1,0.689186692237854,0.6342939909518475,18.0
9237,9253,memorandum,1,0.6393924951553345,0.3533012617924857,10.0
9238,9251,memorandum,1,0.8182210922241211,0.4984299834555513,47.0
9240,9579,memorandum,1,0.8014189004898071,0.6384254319247179,13.0
9241,9302,memorandum,1,0.8628946542739868,0.6666666666666664,19.0
9242,9421,memorandum,1,0.4865894317626953,0.03402772961747395,0.0
9243,9274,memorandum,1,0.8725652694702148,1.0000000000000002,62.0
9245,9253,memorandum,1,0.6773166656494141,0.7080987601599256,50.0
9246,9247,memorandum,1,0.8838738203048706,1.0000000000000002,74.0
9247,9251,memorandum,1,0.8211525082588196,0.4649843008033304,47.0
9248,9765,memorandum,1,0.7785778045654297,0.7697670876183252,83.0
9250,9310,memorandum,1,0.8000995516777039,1.0,20.333333333333332
9251,9424,memorandum,1,0.6526720523834229,0.16752284445930718,10.5
9252,9257,memorandum,1,0.7788509726524353,0.8328699474048002,51.0
9253,9257,memorandum,1,0.745785117149353,0.7144753916238564,30.0
9254,11730,memorandum,1,0.490135133266449,0.01500171975581847,0.0
9256,9967,memorandum,1,0.5682643353939056,0.021141779079240464,0.0
9257,9264,memorandum,1,0.7320141792297363,0.5976877826415822,50.0
926,993,executive_order,1,0.6063748896121979,0.16269773313327593,0.0
9260,9300,memorandum,1,0.6268311142921448,0.05494075447810746,4.0
9262,13,memorandum,1,0.5383915603160858,0.061849222911263685,7.333333333333333
9263,9335,memorandum,1,0.6665163636207581,0.027102709882154942,0.0
9264,11120,memorandum,1,0.6567549705505371,0.05818640686065433,0.0
9265,10356,memorandum,1,0.5753400027751923,0.02007460851669535,0.0
9266,9270,memorandum,1,0.7581201791763306,0.2550926410782518,20.0
9269,10254,memorandum,1,0.5520144701004028,0.013828485592979257,0.0
927,1143,executive_order,1,0.4872833490371704,0.027992005071595532,0.0
9271,9459,memorandum,1,0.8751644492149353,0.9999999999999994,41.0
9272,9597,memorandum,1,0.5695106387138367,0.17347654083673514,15.0
9273,9304,memorandum,1,0.5583910346031189,0.15282549976844864,15.333333333333334
9274,9301,memorandum,1,0.8689255714416504,0.949779118403656,61.0
9276,10058,memorandum,1,0.6920468807220459,0.36145390716407044,76.0
9277,9771,memorandum,1,0.7502525448799133,0.34792133217870247,43.0
9278,9327,memorandum,1,0.912439227104187,0.8933874694826476,93.0
9279,9328,memorandum,1,0.8690004348754883,0.8849078613957353,131.66666666666666
9280,9329,memorandum,1,0.7240097522735596,0.388052045257334,24.666666666666668
9282,9452,memorandum,1,0.8719843029975891,0.7212800718579532,76.66666666666667
9283,9312,memorandum,1,0.8220324516296387,0.8294002614298802,73.0
9284,9330,memorandum,1,0.7531958818435669,0.36365335011397093,30.0
9285,9433,memorandum,1,0.5680112838745117,0.15292653718628704,8.0
9286,9334,memorandum,1,0.785033106803894,0.9315635507398481,914.0
9287,9390,memorandum,1,0.8442110419273376,0.3235308558949478,75.33333333333333
9289,9337,memorandum,1,0.8752278685569763,0.9999999999999999,28.0
9290,9362,memorandum,1,0.8108561038970947,0.8092011579542526,19.333333333333332
9291,9643,memorandum,1,0.9181153178215027,0.954847835853402,95.0
9292,11181,memorandum,1,0.5340347290039062,0.020306352448759665,0.0
9293,10712,memorandum,1,0.8061126470565796,0.872253290988376,83.0
9294,9353,memorandum,1,0.49618126451969147,0.04470914737155481,6.666666666666667
9297,10701,memorandum,1,0.6666107773780823,0.04626268326150504,0.0
9298,11318,memorandum,1,0.5273201167583466,0.03565433890769497,0.0
9299,11365,memorandum,1,0.5625198483467102,0.030114237935329802,0.0
930,1745,executive_order,1,0.5208202004432678,0.07092145603107618,0.0
9300,11144,memorandum,1,0.499083012342453,0.01768301582942262,0.0
9301,9400,memorandum,1,0.8543176651000977,0.725791636976561,53.0
9302,9324,memorandum,1,0.8628946542739868,0.6666666666666664,19.0
9304,25,memorandum,1,0.4878583997488022,0.013545858150016637,0.0
9305,9368,memorandum,1,0.7672677040100098,0.6000249104125408,23.0
9306,9508,memorandum,1,0.48362618684768677,0.010503227873502038,0.0
9307,9445,memorandum,1,0.8029758930206299,0.19874799675421695,28.666666666666668
9309,9315,memorandum,1,0.6129868626594543,0.14479520744577498,21.333333333333332
9310,9320,memorandum,1,0.8000995516777039,1.0,20.333333333333332
9312,9901,memorandum,1,0.7498691082000732,0.627887497640643,64.0
9313,10382,memorandum,1,0.5301981866359711,0.05612606131106567,0.0
9314,10446,memorandum,1,0.45019617676734924,0.0018645112366714887,0.0
9315,9999,memorandum,1,0.5481038093566895,0.22374731461889116,13.0
9316,10104,memorandum,1,0.6922581195831299,0.0985807481366528,0.0
9317,9320,memorandum,1,0.7503280639648438,0.8435232875363106,17.0
9318,9970,memorandum,1,0.4844193160533905,0.07852831181676881,0.0
9319,9487,memorandum,1,0.8494130969047546,0.7406347044880268,102.0
932,988,executive_order,1,0.6929153203964233,0.425302959936967,77.0
9320,9520,memorandum,1,0.8000995516777039,1.0,20.333333333333332
9321,9561,memorandum,1,0.748801589012146,0.6025131410363546,26.0
9323,9434,memorandum,1,0.5319627821445465,0.10866703810700684,55.0
9324,9348,memorandum,1,0.8628946542739868,0.6666666666666664,19.0
9325,9349,memorandum,1,0.881122350692749,0.9023398916832077,86.0
9326,9554,memorandum,1,0.7815026044845581,0.46367886755465504,12.0
9327,9383,memorandum,1,0.9154989719390869,0.9999999999999981,97.0
9328,9386,memorandum,1,0.8607097268104553,0.9069826402305265,133.66666666666666
9329,9387,memorandum,1,0.8107997179031372,0.5559718408331652,33.666666666666664
933,980,executive_order,1,0.566862940788269,0.2037170180433161,18.333333333333332
9330,9355,memorandum,1,0.6202864348888397,0.25309734900030373,13.0
9331,9631,memorandum,1,0.785554826259613,0.6244892077070388,66.0
9332,9406,memorandum,1,0.7765721082687378,0.514890934924765,59.0
9333,9613,memorandum,1,0.7774908542633057,0.45274916491453937,44.666666666666664
9334,9389,memorandum,1,0.7778409123420715,0.9395893786186882,912.0
9335,9799,memorandum,1,0.8047725558280945,0.4142922011650564,57.0
9336,9390,memorandum,1,0.8523845672607422,0.27885459482929176,94.33333333333333
9337,9447,memorandum,1,0.8752278685569763,0.9999999999999999,28.0
9339,9643,memorandum,1,0.9181153178215027,0.954847835853402,95.0
934,1057,executive_order,1,0.6548340320587158,0.26814953551854853,88.0
9340,9341,memorandum,1,0.6560494303703308,0.2674278419940898,16.0
9341,9423,memorandum,1,0.6635348796844482,0.7875294099450295,63.0
9342,9363,memorandum,1,0.9058110117912292,0.9999999999999999,28.0
9343,10143,memorandum,1,0.5419443249702454,0.024790628246080314,0.0
9344,10420,memorandum,1,0.49680423736572266,0.03875802668122858,0.0
9348,9378,memorandum,1,0.8628946542739868,0.6666666666666664,19.0
9349,9377,memorandum,1,0.8747495412826538,0.9147070077487015,84.0
9350,9381,memorandum,1,0.8388415575027466,0.7830986461865399,96.0
9351,9385,memorandum,1,0.7758976519107819,0.4913017975926333,516.3333333333334
9353,9450,memorandum,1,0.5939438343048096,0.03028046662567013,3.3333333333333335
9354,9513,memorandum,1,0.5555442273616791,0.024658838238477893,0.0
9355,9462,memorandum,1,0.7976725995540619,0.3331243629731509,21.666666666666668
9356,9429,memorandum,1,0.8079691529273987,0.671359388226629,26.0
9358,9385,memorandum,1,0.6645425856113434,0.17713199681514671,14.666666666666666
9360,9533,memorandum,1,0.8830955028533936,0.9334245636447526,88.0
9361,9417,memorandum,1,0.8777409791946411,0.8296647519645934,100.0
9362,11211,memorandum,1,0.6280334293842316,0.20262911709450307,3.6666666666666665
9363,9408,memorandum,1,0.9058110117912292,0.9999999999999999,28.0
9364,9619,memorandum,1,0.8256767988204956,0.5661266609987788,59.666666666666664
9365,9530,memorandum,1,0.7409583926200867,0.3762462884205757,15.0
9366,10265,memorandum,1,0.523379921913147,0.008604858628924785,0.0
9367,10367,memorandum,1,0.5288183093070984,0.03953919134482946,0.0
9368,9589,memorandum,1,0.776607871055603,0.6028012611405702,23.0
9370,9413,memorandum,1,0.44762636721134186,0.014860044171610543,0.0
9371,9825,memorandum,1,0.5318450927734375,0.0431204543897381,0.0
9372,9436,memorandum,1,0.6568484306335449,0.2499437213416947,4.333333333333333
9373,9575,memorandum,1,0.79207444190979,0.782641385007459,28.0
9374,9790,memorandum,1,0.8518698811531067,0.7586696313034961,36.0
9375,11621,memorandum,1,0.5168298482894897,0.013968668504887056,0.0
9376,9379,memorandum,1,0.8200918436050415,0.5620847444211604,19.333333333333332
9377,9400,memorandum,1,0.8713868856430054,0.9053022325237637,79.0
9378,9402,memorandum,1,0.8628946542739868,0.6666666666666664,19.0
9379,9385,memorandum,1,0.5025635063648224,0.005070490144475469,0.0
938,1049,executive_order,1,0.6335406303405762,0.31154225902717875,91.0
9380,9786,memorandum,1,0.5029100775718689,0.007712396140211329,0.0
9381,10280,memorandum,1,0.7281146347522736,0.2703466353690421,13.0
9383,9440,memorandum,1,0.9154989719390869,0.9999999999999981,97.0
9384,9423,memorandum,1,0.7027423977851868,0.04498407257001488,0.0
9386,9442,memorandum,1,0.8633580207824707,0.9147547671622016,137.66666666666666
9387,9441,memorandum,1,0.7659824788570404,0.6071136487149483,27.333333333333332
9389,9443,memorandum,1,0.7588791847229004,0.9304375219513427,951.0
9390,9446,memorandum,1,0.8607563972473145,0.3226941162415903,74.33333333333333
9392,10104,memorandum,1,0.6577093601226807,0.13376240749024998,0.0
9393,9643,memorandum,1,0.9181153178215027,0.954847835853402,95.0
9395,9468,memorandum,1,0.77510005235672,0.6168504195305434,25.666666666666668
9396,10954,memorandum,1,0.6056444644927979,0.18960986401279847,0.0
9397,9899,memorandum,1,0.7365701794624329,0.6003322458930826,15.0
9398,10477,memorandum,1,0.7286789417266846,0.33366010277901526,32.0
9400,9414,memorandum,1,0.8388566374778748,0.8413048923515132,63.0
9402,9435,memorandum,1,0.8628946542739868,0.6666666666666664,19.0
9403,10210,memorandum,1,0.5184558182954788,0.023269317399108175,0.0
9404,9619,memorandum,1,0.7482628226280212,0.43367566978486716,41.0
9406,9566,memorandum,1,0.7034489810466766,0.8259512858072912,91.66666666666667
9407,9411,memorandum,1,0.47562040388584137,0.017842607347279296,0.0
9408,9451,memorandum,1,0.9058110117912292,0.9999999999999999,28.0
941,2859,executive_order,1,0.5835119485855103,0.06200975856567461,0.0
9411,9513,memorandum,1,0.541845053434372,0.05690867891727001,0.0
9412,9468,memorandum,1,0.7655242681503296,0.5970101872866882,25.666666666666668
9413,9989,memorandum,1,0.5774350166320801,0.27299832577576344,8.0
9414,9807,memorandum,1,0.47253750264644623,0.0063751867886522725,0.0
9415,9450,memorandum,1,0.5845674574375153,0.007880427957059217,0.0
9417,9530,memorandum,1,0.6689632534980774,0.03525834486933261,0.0
942,2143,executive_order,1,0.5305359959602356,0.025273916911699654,0.0
9421,10250,memorandum,1,0.5893941819667816,0.04844070885052543,0.0
9423,10104,memorandum,1,0.5794307589530945,0.08296552661363589,0.0
9424,10954,memorandum,1,0.6064296066761017,0.0523317986702556,0.0
9427,10265,memorandum,1,0.5334079265594482,0.0,0.0
9428,9943,memorandum,1,0.754675030708313,0.31280960458011614,34.0
9429,9757,memorandum,1,0.8026573061943054,0.6035411814877641,26.0
9431,10513,memorandum,1,0.4966019093990326,0.01128105636554783,0.0
9432,10075,memorandum,1,0.758967399597168,0.4581632844524702,48.0
9433,9513,memorandum,1,0.536109447479248,0.014223542835580106,0.0
9434,11585,memorandum,1,0.48494450747966766,0.02673333599057039,0.0
9435,9459,memorandum,1,0.7971226274967194,0.4999999999999997,20.5
9436,9606,memorandum,1,0.6117249429225922,0.039140881168945624,3.3333333333333335
9437,11156,memorandum,1,0.6517530381679535,0.009283919454808968,0.0
9439,9524,memorandum,1,0.5088508427143097,0.047055790273440534,0.0
9440,9483,memorandum,1,0.9154989719390869,0.9999999999999981,97.0
9441,9482,memorandum,1,0.7262172698974609,0.16198512888551025,17.333333333333332
9442,9484,memorandum,1,0.8644431233406067,0.9040858378448724,137.66666666666666
9443,9557,memorandum,1,0.774739682674408,0.8571278112555784,836.0
9445,10151,memorandum,1,0.5753166675567627,0.020048314822432287,0.0
9446,9490,memorandum,1,0.8833675384521484,0.372832705165908,103.33333333333333
9447,9494,memorandum,1,0.8752278685569763,0.9999999999999999,28.0
9449,9464,memorandum,1,0.8715310096740723,1.0000000000000002,19.0
9450,9474,memorandum,1,0.5566636174917221,0.039033295866961554,4.333333333333333
9451,9485,memorandum,1,0.9058110117912292,0.9999999999999999,28.0
9452,9533,memorandum,1,0.8819615244865417,0.8739304691782417,83.66666666666667
9453,9643,memorandum,1,0.9216834306716919,1.0000000000000002,97.0
9454,9468,memorandum,1,0.7694681286811829,0.6108683422190787,25.0
9456,11421,memorandum,1,0.6209681928157806,0.01335773045554902,0.0
9458,9610,memorandum,1,0.7752216756343842,0.5180112391791061,51.666666666666664
9459,9479,memorandum,1,0.8751644492149353,0.9999999999999994,41.0
9462,10291,memorandum,1,0.7417101860046387,0.34503924746957454,21.0
9463,9895,memorandum,1,0.5725275278091431,0.0425795418616884,0.0
9464,9475,memorandum,1,0.6921018958091736,0.11682099089198925,0.0
9465,9470,memorandum,1,0.5383155047893524,0.012232706689098179,0.0
9467,9493,memorandum,1,0.7611060738563538,0.6016545590834802,25.333333333333332
9468,9511,memorandum,1,0.776741623878479,0.5672914662854199,24.0
9469,11465,memorandum,1,0.47066833078861237,0.005558501040947286,0.0
9470,9550,memorandum,1,0.5311401188373566,0.023158214707924063,3.3333333333333335
9471,9530,memorandum,1,0.7449190616607666,0.38716222403347045,15.0
9472,10187,memorandum,1,0.5774220824241638,0.020179871391306295,0.0
9473,10897,memorandum,1,0.4924811124801636,0.004216160195886004,0.0
9474,9606,memorandum,1,0.5476624965667725,0.08441197591713742,18.0
9475,9575,memorandum,1,0.5171685665845871,0.010019766373361133,0.0
9477,10187,memorandum,1,0.4758921265602112,0.018976733522609836,0.0
9478,9530,memorandum,1,0.5668899416923523,0.28599358062247504,14.0
9479,9512,memorandum,1,0.8751644492149353,0.9999999999999994,41.0
9480,10563,memorandum,1,0.5375970900058746,0.00848395837702822,0.0
9481,9882,memorandum,1,0.6784779131412506,0.17211054938562195,5.0
9482,10872,memorandum,1,0.6431906223297119,0.0,0.0
9483,9551,memorandum,1,0.9154989719390869,0.9999999999999981,97.0
9484,9682,memorandum,1,0.8537948131561279,0.8494070999609389,126.66666666666667
9485,9529,memorandum,1,0.9058110117912292,0.9999999999999999,28.0
9486,9536,memorandum,1,0.5844078660011292,0.3575980129961251,23.666666666666668
9487,9784,memorandum,1,0.8118570446968079,0.6216700040565413,87.0
9490,9556,memorandum,1,0.8907408714294434,0.3767118372258395,122.0
9493,9495,memorandum,1,0.7501509189605713,0.613253244019423,25.666666666666668
9494,9558,memorandum,1,0.8752278685569763,0.9999999999999999,28.0
9495,9589,memorandum,1,0.7734763622283936,0.6032866229249285,23.333333333333332
9496,9619,memorandum,1,0.7629196643829346,0.5502517322256134,80.66666666666667
9497,9643,memorandum,1,0.9216834306716919,1.0000000000000002,97.0
9499,9656,memorandum,1,0.6101408004760742,0.07581583916254793,0.0
9501,9530,memorandum,1,0.7172874212265015,0.12797311074052012,0.0
9503,9924,memorandum,1,0.6935573816299438,0.1261139427307567,14.0
9505,11673,memorandum,1,0.5546703338623047,0.024755393952866352,0.0
9506,9970,memorandum,1,0.5969449877738953,0.417566873858928,10.0
9507,9596,memorandum,1,0.5021397620439529,0.18798142124997627,0.0
9509,9587,memorandum,1,0.5346841812133789,0.05076572402916543,3.3333333333333335
9511,9589,memorandum,1,0.7754324674606323,0.5833333661256518,23.333333333333332
9512,9576,memorandum,1,0.8751644492149353,0.9999999999999994,41.0
9513,9571,memorandum,1,0.7085482478141785,0.3210341802362741,4.333333333333333
9515,10137,memorandum,1,0.4388744831085205,0.024688849273591593,0.0
9516,26,memorandum,1,0.48256582021713257,0.06068723922062116,0.0
9517,10588,memorandum,1,0.570142924785614,0.03787473966214026,0.0
9518,9579,memorandum,1,0.710722953081131,0.49212023803536387,11.5
9520,9654,memorandum,1,0.8000995516777039,1.0,20.333333333333332
9521,9597,memorandum,1,0.6014114916324615,0.41975708546016627,43.666666666666664
9524,9999,memorandum,1,0.5450141429901123,0.27543839710853363,13.0
9527,10215,memorandum,1,0.4786316305398941,0.014845717728553164,0.0
9529,9569,memorandum,1,0.9058110117912292,0.9999999999999999,28.0
953,1071,executive_order,1,0.6600098311901093,0.766757940925089,107.33333333333333
9530,9856,memorandum,1,0.7434862852096558,0.3547409813907962,0.0
9531,11297,memorandum,1,0.5170462727546692,0.022899348161596528,0.0
9532,10345,memorandum,1,0.7508406639099121,0.2355883088897416,13.0
9533,9588,memorandum,1,0.873589813709259,0.8142674486107616,82.66666666666667
9535,10104,memorandum,1,0.6550463438034058,0.1770916868067453,0.0
9536,9597,memorandum,1,0.6524945497512817,0.6513556467951602,56.0
9537,9624,memorandum,1,0.5079661011695862,0.013754862032273128,0.0
9538,9699,memorandum,1,0.5270740985870361,0.0,0.0
9540,11445,memorandum,1,0.6736169755458832,0.08163207378748465,5.0
9541,9549,memorandum,1,0.564312070608139,0.07224802207269898,5.0
9543,9606,memorandum,1,0.5798872113227844,0.014282690304466031,0.0
9544,9548,memorandum,1,0.5258866250514984,0.016983659238304884,0.0
9545,10254,memorandum,1,0.7100083231925964,0.08076785369275945,0.0
9546,10379,memorandum,1,0.4762558192014694,0.022076299888081,0.0
9548,10200,memorandum,1,0.5936940312385559,0.05054836622743254,0.0
9549,9865,memorandum,1,0.5099186599254608,0.02012992218226067,0.0
9550,9606,memorandum,1,0.652513325214386,0.022472967680440672,3.3333333333333335
9551,9627,memorandum,1,0.9154989719390869,0.9999999999999981,97.0
9554,10673,memorandum,1,0.5100740641355515,0.01696437578803737,0.0
9555,9596,memorandum,1,0.47541528940200806,0.014226061049352904,0.0
9556,9637,memorandum,1,0.8806060552597046,0.38099304623981284,89.0
9557,9625,memorandum,1,0.7474636435508728,0.7617878288992882,571.0
9558,9638,memorandum,1,0.8752278685569763,0.9999999999999999,28.0
9559,9977,memorandum,1,0.5582359284162521,0.2032310846802078,13.333333333333334
9560,9728,memorandum,1,0.7835321426391602,0.7341623946369719,25.0
9561,10205,memorandum,1,0.8738045692443848,0.7316081478731201,24.0
9562,9609,memorandum,1,0.7367575168609619,0.5041557038198563,64.66666666666667
9563,9784,memorandum,1,0.8521130084991455,0.8329408906333748,106.0
9564,9643,memorandum,1,0.9216834306716919,1.0000000000000002,97.0
9566,9619,memorandum,1,0.7021366059780121,0.8822899608963688,134.0
9567,10449,memorandum,1,0.5488565862178802,0.011710269746981854,0.0
9569,9663,memorandum,1,0.9058110117912292,0.9999999999999999,28.0
9570,10097,memorandum,1,0.8704496622085571,0.867978846949705,25.0
9571,9967,memorandum,1,0.5719586908817291,0.05551357343964081,0.0
9572,11044,memorandum,1,0.6796597242355347,0.517096905428828,15.0
9573,11044,memorandum,1,0.6494930982589722,0.5482772752662074,15.0
9574,10174,memorandum,1,0.5306099057197571,0.006758573249953565,0.0
9575,10104,memorandum,1,0.7239280939102173,0.12414565217385293,0.0
9576,10131,memorandum,1,0.8671904802322388,0.9208420867382544,32.0
9578,10717,memorandum,1,0.6290614604949951,0.016793974858190976,0.0
9579,9612,memorandum,1,0.8009490966796875,0.6666666666666666,15.666666666666666
9580,9700,memorandum,1,0.7554543018341064,0.3102699498836224,0.0
9581,11470,memorandum,1,0.4849851280450821,0.047054132612072586,0.0
9582,9718,memorandum,1,0.5935684144496918,0.254331802336801,3.6666666666666665
9585,10343,memorandum,1,0.49856582283973694,0.004388508709357312,0.0
9586,10014,memorandum,1,0.7883726358413696,0.7719826654832321,23.0
9587,9605,memorandum,1,0.559619277715683,0.04321454054468099,0.0
9588,9688,memorandum,1,0.752930074930191,0.3372732728195671,63.333333333333336
9589,9599,memorandum,1,0.7560687065124512,0.5862186232042176,23.0
9591,9690,memorandum,1,0.5066090226173401,0.03430564967592918,0.0
9592,11499,memorandum,1,0.4903388023376465,0.010634239947319837,0.0
9593,10767,memorandum,1,0.5288121104240417,0.003468371497711008,0.0
9594,10121,memorandum,1,0.4811165779829025,0.013979832946806638,0.0
9595,10334,memorandum,1,0.48362427949905396,0.004932265143628361,0.0
9596,10394,memorandum,1,0.47259074449539185,0.0,0.0
9597,9999,memorandum,1,0.5764717757701874,0.36046757556357606,16.333333333333332
9598,9606,memorandum,1,0.6202493906021118,0.017808294983747957,0.0
9599,9669,memorandum,1,0.7559831142425537,0.35561684093380563,24.333333333333332
960,969,executive_order,1,0.5085302889347076,0.12105963234404338,19.333333333333332
9601,10115,memorandum,1,0.4954783320426941,0.0,0.0
9603,10811,memorandum,1,0.4750358909368515,0.014263765215586846,0.0
9604,11777,memorandum,1,0.5491890907287598,0.0,0.0
9605,9967,memorandum,1,0.5202702879905701,0.014469338989123939,0.0
9606,10759,memorandum,1,0.5488258600234985,0.019788557831658636,0.0
9608,9647,memorandum,1,0.816107988357544,0.5492141636851654,34.0
9609,9618,memorandum,1,0.7965482473373413,0.531663520073239,76.66666666666667
961,1291,executive_order,1,0.5689401924610138,0.24045571429461707,18.0
9610,9619,memorandum,1,0.763985276222229,0.556834217309397,75.0
9611,10673,memorandum,1,0.6200840175151825,0.045052721108103905,0.0
9612,9622,memorandum,1,0.8009490966796875,0.6666666666666666,15.666666666666666
9613,9963,memorandum,1,0.8374595642089844,0.6101408807640599,65.66666666666667
9614,9676,memorandum,1,0.7602448463439941,0.35519322549127796,16.0
9615,9762,memorandum,1,0.6662318706512451,0.2212863530308987,0.0
9617,9648,memorandum,1,0.7668269872665405,0.5926070910453715,39.333333333333336
9619,9636,memorandum,1,0.7329903841018677,0.5540684890811685,71.66666666666667
962,996,executive_order,1,0.5672926008701324,0.3387575859479073,18.0
9622,9654,memorandum,1,0.7551165521144867,0.6729331310960879,15.666666666666666
9624,10385,memorandum,1,0.6545583307743073,0.029796406590890633,0.0
9625,9679,memorandum,1,0.7436208724975586,0.699426474280789,327.0
9627,9680,memorandum,1,0.9154989719390869,0.9999999999999981,97.0
9630,9648,memorandum,1,0.759763240814209,0.5702797843519255,39.333333333333336
9632,9682,memorandum,1,0.8624801635742188,0.8369197769755697,136.0
9634,10890,memorandum,1,0.48269662261009216,0.09777952177073113,0.0
9636,9718,memorandum,1,0.6602677702903748,0.5083288607140781,56.333333333333336
9637,9686,memorandum,1,0.875437319278717,0.3577165015321311,78.0
9638,9884,memorandum,1,0.7678574919700623,0.7822832610816264,18.0
9639,9654,memorandum,1,0.6754276156425476,0.6729331310960879,15.666666666666666
964,1134,executive_order,1,0.5775191187858582,0.10342074579960119,11.666666666666666
9640,9689,memorandum,1,0.8096315860748291,0.8107049335218637,36.666666666666664
9641,9651,memorandum,1,0.6345245838165283,0.23179624469069587,22.0
9643,9810,memorandum,1,0.9217556715011597,1.0000000000000002,97.0
9644,9648,memorandum,1,0.7652583122253418,0.5997537308707757,39.666666666666664
9645,10345,memorandum,1,0.8024480640888214,0.33876267737842575,15.0
9646,9765,memorandum,1,0.7094686031341553,0.6362787175737296,65.0
9647,9736,memorandum,1,0.8471449017524719,0.6598056106227526,45.0
9648,9669,memorandum,1,0.7833316326141357,0.5860063345422359,37.666666666666664
9651,9796,memorandum,1,0.5262131094932556,0.03417169841612316,0.0
9652,9786,memorandum,1,0.5766857862472534,0.6780226496543941,33.0
9654,10165,memorandum,1,0.7777579426765442,0.9204233937397023,17.333333333333332
9656,9699,memorandum,1,0.5090460777282715,0.029835135070264383,0.0
9657,9738,memorandum,1,0.7152044773101807,0.38440507529186657,43.666666666666664
9658,9762,memorandum,1,0.6738142967224121,0.3404825473267236,12.0
9659,9943,memorandum,1,0.774027556180954,0.3387842141945441,29.5
9660,9778,memorandum,1,0.8106659650802612,0.3913990624745503,14.0
9661,9715,memorandum,1,0.7959882616996765,0.6197985119542335,25.0
9663,9818,memorandum,1,0.796878457069397,0.47097700956378696,22.0
9664,9762,memorandum,1,0.5278356075286865,0.018282556220902215,0.0
9665,9847,memorandum,1,0.7994401454925537,0.818079764161081,30.333333333333332
9667,9847,memorandum,1,0.7994401454925537,0.818079764161081,30.333333333333332
9668,11033,memorandum,1,0.5424489676952362,0.03361970870599169,6.666666666666667
9669,9833,memorandum,1,0.6152244508266449,0.14652798703427788,5.0
9670,9866,memorandum,1,0.6178905963897705,0.032221073533047394,0.0
9671,10067,memorandum,1,0.6147887408733368,0.09109625153723278,0.0
9672,10165,memorandum,1,0.7536818087100983,0.6275607629952566,11.333333333333334
9673,10327,memorandum,1,0.5128747075796127,0.018440800589117918,0.0
9675,9784,memorandum,1,0.8480658531188965,0.8046548148979558,105.0
9676,10768,memorandum,1,0.5692090392112732,0.04558432959413439,5.0
9677,9708,memorandum,1,0.9061537981033325,0.9999999999999999,53.0
9678,9918,memorandum,1,0.5535095632076263,0.027197792815718658,0.0
9679,9802,memorandum,1,0.7656469345092773,0.8857373508578054,1110.0
968,1422,executive_order,1,0.7161507606506348,0.41934760561288115,29.0
9680,9739,memorandum,1,0.9154989719390869,0.9999999999999981,97.0
9682,9741,memorandum,1,0.8644744753837585,0.8662842706739967,129.0
9683,9763,memorandum,1,0.6314535140991211,0.10714776384841211,4.666666666666667
9684,10147,memorandum,1,0.6506628692150116,0.5229986160816688,14.666666666666666
9685,9696,memorandum,1,0.8800305128097534,0.8441838549228596,44.0
9686,9747,memorandum,1,0.8836753964424133,0.4176135001236782,149.0
9687,10019,memorandum,1,0.8390864133834839,0.6666666666666666,22.0
9688,10082,memorandum,1,0.8217217922210693,0.27849937486123494,69.0
9689,9898,memorandum,1,0.6009805649518967,0.0931435019705535,3.3333333333333335
969,1027,executive_order,1,0.5318199992179871,0.09004184374037295,20.0
9690,9835,memorandum,1,0.682192325592041,0.5850241392181698,45.333333333333336
9691,9720,memorandum,1,0.7432282567024231,0.9109659991453158,57.0
9693,9810,memorandum,1,0.9191635847091675,1.0000000000000002,97.0
9694,9814,memorandum,1,0.7059009075164795,0.3733490244097967,6.0
9696,9735,memorandum,1,0.6386017799377441,0.010003269658531627,0.0
9697,9797,memorandum,1,0.6937885284423828,0.0724459953134764,0.0
9698,9710,memorandum,1,0.6757756471633911,0.5533837376960187,27.0
9699,9768,memorandum,1,0.597145676612854,0.1173954942565685,0.0
97,142,executive_order,1,0.48276253044605255,0.06620906681294687,13.666666666666666
970,1261,executive_order,1,0.5202706456184387,0.04546449822951749,0.0
9700,9762,memorandum,1,0.7340580224990845,0.3960270625171453,0.0
9701,9961,memorandum,1,0.8618950843811035,0.8686724495008423,34.0
9702,9778,memorandum,1,0.8458948135375977,0.4636042723186684,15.333333333333334
9704,11415,memorandum,1,0.5577089488506317,0.0006246382226014049,0.0
9706,10343,memorandum,1,0.851548433303833,0.44091961322617745,18.666666666666668
9707,9818,memorandum,1,0.6051141917705536,0.03895952004914322,0.0
9708,9731,memorandum,1,0.9061537981033325,0.9999999999999999,53.0
9710,9797,memorandum,1,0.7632095813751221,0.5597741127642841,27.0
9711,9750,memorandum,1,0.8180094957351685,0.5171807885322319,77.0
9714,9762,memorandum,1,0.6891164779663086,0.36749630683952483,0.0
9715,10907,memorandum,1,0.7711998224258423,0.5421866338735972,22.0
9716,9768,memorandum,1,0.686142086982727,0.17285338866823885,0.0
9717,10202,memorandum,1,0.6678160130977631,0.12861940984417602,12.0
9718,9721,memorandum,1,0.6792833805084229,0.32845769008741693,57.666666666666664
9719,9762,memorandum,1,0.6616615653038025,0.25480879246746113,0.0
9720,9811,memorandum,1,0.7428082823753357,0.9109659991453158,57.0
9721,10058,memorandum,1,0.6833461225032806,0.19833261972361796,48.5
9722,9847,memorandum,1,0.7994401454925537,0.818079764161081,30.333333333333332
9725,9762,memorandum,1,0.6307795941829681,0.20715161590508244,5.5
9728,10037,memorandum,1,0.7706629037857056,0.5884349457381717,22.0
9730,9849,memorandum,1,0.8444708585739136,0.8293962979638989,112.0
9731,9758,memorandum,1,0.9061537981033325,0.9999999999999999,53.0
9732,9898,memorandum,1,0.8118200302124023,0.5476560412012632,58.0
9733,9988,memorandum,1,0.6628487408161163,0.3956385328293033,42.0
9734,10351,memorandum,1,0.672436535358429,0.3881103822218798,10.333333333333334
9735,9782,memorandum,1,0.8795368075370789,0.9682947130310954,55.0
9736,9809,memorandum,1,0.7025777101516724,0.44682693953549246,34.0
9737,9927,memorandum,1,0.7851701974868774,0.7069939795732435,54.0
9738,10075,memorandum,1,0.7078483700752258,0.4196695868540961,53.333333333333336
9739,9793,memorandum,1,0.9154989719390869,0.9999999999999981,97.0
9741,9792,memorandum,1,0.8436484336853027,0.8151646825720628,135.0
9742,10673,memorandum,1,0.4661966860294342,0.009991882284324762,0.0
9743,9867,memorandum,1,0.8291990160942078,0.5002049795461655,27.0
9744,9937,memorandum,1,0.7393078207969666,0.270090005076381,18.0
9745,9924,memorandum,1,0.7310450077056885,0.14185923183949287,11.0
9747,9803,memorandum,1,0.855902910232544,0.36905751475242415,76.0
9748,10019,memorandum,1,0.8390864133834839,0.6666666666666666,22.0
975,992,executive_order,1,0.7266695499420166,0.4583536161041598,47.0
9750,9798,memorandum,1,0.7157726287841797,0.350153004039003,44.0
9751,11364,memorandum,1,0.49500104784965515,0.021956506343280845,0.0
9752,9898,memorandum,1,0.7973194122314453,0.5850011648615919,62.0
9753,9810,memorandum,1,0.9191635847091675,1.0000000000000002,97.0
9754,9946,memorandum,1,0.7315309047698975,0.9099376882287464,57.0
9755,9762,memorandum,1,0.778132438659668,0.665348298775724,12.0
9756,9847,memorandum,1,0.7994401454925537,0.818079764161081,30.333333333333332
9757,9879,memorandum,1,0.7883096933364868,0.5119348737981806,22.0
9758,9788,memorandum,1,0.9061537981033325,0.9999999999999999,53.0
9759,9763,memorandum,1,0.6598333120346069,0.12183985037620221,4.666666666666667
976,1067,executive_order,1,0.5953189432621002,0.0676529642124154,27.0
9760,10439,memorandum,1,0.4451242685317993,0.009938736110650553,0.0
9762,9824,memorandum,1,0.6744943857192993,0.3636744547483345,12.0
9763,9840,memorandum,1,0.6554989814758301,0.09298760628473733,0.0
9765,10573,memorandum,1,0.5640144348144531,0.026676748396052267,0.0
9766,9838,memorandum,1,0.5403974652290344,0.0422145837903309,0.0
9768,10673,memorandum,1,0.6154013872146606,0.12348481300975081,5.0
9769,9838,memorandum,1,0.564441055059433,0.0496286913655932,0.0
9770,9874,memorandum,1,0.840778112411499,0.4498961470288261,58.0
9771,10049,memorandum,1,0.8036705255508423,0.8942712559704121,164.0
9774,9790,memorandum,1,0.8688601851463318,0.4397812006465031,12.0
9775,10056,memorandum,1,0.8486542701721191,0.8472278875408374,184.0
9776,10014,memorandum,1,0.6064996719360352,0.06597160750862524,6.0
9777,9845,memorandum,1,0.80442214012146,0.5002796514001603,21.0
9778,9984,memorandum,1,0.8303801417350769,0.35587918209667596,8.666666666666666
978,1028,executive_order,1,0.7631896138191223,1.0000000000000007,165.66666666666666
9780,9977,memorandum,1,0.7360028028488159,0.6135173769190032,43.333333333333336
9781,9848,memorandum,1,0.7702641785144806,0.5448596200841402,28.666666666666668
9782,9861,memorandum,1,0.8759516477584839,0.7731554578095001,52.0
9784,9849,memorandum,1,0.8612900376319885,0.809698571316854,109.0
9785,10046,memorandum,1,0.6469785571098328,0.22550802552433816,66.0
9786,9828,memorandum,1,0.6291258931159973,0.5903569034620169,37.0
9788,9826,memorandum,1,0.9061537981033325,0.9999999999999999,53.0
9789,10302,memorandum,1,0.7828090190887451,0.4505200038842133,30.0
979,1036,executive_order,1,0.5499029904603958,0.04415441604825255,0.0
9790,9795,memorandum,1,0.8662494421005249,0.7092757401412912,19.0
9791,10075,memorandum,1,0.5440187454223633,0.21167587609988095,5.0
9792,9875,memorandum,1,0.8574190139770508,0.8326930604510094,143.66666666666666
9793,9872,memorandum,1,0.9126091599464417,0.9999999999999981,97.0
9795,11032,memorandum,1,0.5606594085693359,0.0,0.0
9796,10176,memorandum,1,0.5697801113128662,0.0,0.0
9797,9876,memorandum,1,0.7394917011260986,0.2380733229843282,5.0
9798,10014,memorandum,1,0.6593584418296814,0.08934226001423036,0.0
9799,10014,memorandum,1,0.6608912944793701,0.09387195536384621,0.0
98,490,executive_order,1,0.5624367892742157,0.0429830730167999,7.0
980,1364,executive_order,1,0.5659320652484894,0.07309260072835809,0.0
9801,10106,memorandum,1,0.833054780960083,0.3525011732071545,24.333333333333332
9802,9885,memorandum,1,0.6996548175811768,0.7150381398796684,470.0
9803,9883,memorandum,1,0.8440722823143005,0.30098438782232667,60.333333333333336
9804,10019,memorandum,1,0.8390864133834839,0.6666666666666666,22.0
9806,9890,memorandum,1,0.7766253352165222,0.8318897028436878,56.0
9807,10209,memorandum,1,0.4896586090326309,0.012867732021245866,0.0
9809,9843,memorandum,1,0.8566162586212158,1.0000000000000002,55.0
9810,9889,memorandum,1,0.9191839694976807,1.0000000000000002,97.0
9811,9946,memorandum,1,0.767944872379303,0.9099376882287464,57.0
9814,10026,memorandum,1,0.5357216894626617,0.023758018808079966,0.0
9817,9867,memorandum,1,0.8749896883964539,0.5952390313001592,28.666666666666668
9818,9859,memorandum,1,0.8527339696884155,0.6755203299918446,31.0
9819,10465,memorandum,1,0.7739637494087219,0.3914505449389986,18.666666666666668
9821,9847,memorandum,1,0.7994401454925537,0.818079764161081,30.333333333333332
9822,9946,memorandum,1,0.7605448961257935,0.8948555818769375,57.0
9823,10187,memorandum,1,0.5623419284820557,0.0,0.0
9824,9840,memorandum,1,0.6101288199424744,0.14152953926905618,0.0
9825,9865,memorandum,1,0.6398791074752808,0.33999954791233383,14.666666666666666
9826,10000,memorandum,1,0.9023818969726562,0.8960354116937679,50.0
9827,9845,memorandum,1,0.8605340719223022,0.6683618198264042,19.0
9828,9865,memorandum,1,0.5160813331604004,0.0998328117788048,4.666666666666667
9829,10047,memorandum,1,0.6556011438369751,0.02496179589183966,0.0
983,1105,executive_order,1,0.85429847240448,0.9999999999999999,20.0
9830,9840,memorandum,1,0.5669817328453064,0.08612188340252871,10.0
9831,9986,memorandum,1,0.8363062143325806,0.7734344295872995,182.0
9832,10582,memorandum,1,0.5296202600002289,0.006691400292843921,0.0
9833,9898,memorandum,1,0.8553212881088257,0.5508291941428144,60.0
9834,10031,memorandum,1,0.5761932134628296,0.03763867034843299,0.0
9835,9838,memorandum,1,0.6452767848968506,0.4105662456932803,41.666666666666664
9836,10579,memorandum,1,0.43949469923973083,0.003833153209913672,0.0
9838,9840,memorandum,1,0.6987884938716888,0.2903668756512971,17.5
984,1613,executive_order,1,0.5571610927581787,0.06561065325533429,0.0
9840,10558,memorandum,1,0.7348327040672302,0.3561820929984095,23.0
9841,9856,memorandum,1,0.7530831098556519,0.32501608910771157,0.0
9842,9984,memorandum,1,0.7764348983764648,0.2785583298214112,8.333333333333334
9843,10014,memorandum,1,0.7514629364013672,0.21592785619811827,15.0
9845,9930,memorandum,1,0.8312313556671143,0.6128691940719411,18.0
9846,9926,memorandum,1,0.8696372509002686,0.6898880279033514,30.666666666666668
9847,9931,memorandum,1,0.7321866452693939,0.4274966521835941,41.333333333333336
9848,10314,memorandum,1,0.7264827191829681,0.45078710408082,28.0
9849,10083,memorandum,1,0.8344587087631226,0.6056929919387052,100.0
985,1191,executive_order,1,0.5101912170648575,0.11595732798026155,11.333333333333334
9850,10000,memorandum,1,0.9019983410835266,0.9999999999999994,53.0
9852,9881,memorandum,1,0.6409727931022644,0.3190994534579396,12.5
9853,10893,memorandum,1,0.7729262113571167,0.6699030715539499,45.0
9854,10968,memorandum,1,0.5256798565387726,0.047118937490079504,0.0
9855,10104,memorandum,1,0.6384155750274658,0.12747731823156874,0.0
9856,10104,memorandum,1,0.6589634418487549,0.1675901679483209,0.0
9857,10104,memorandum,1,0.6837702989578247,0.20859394673948942,0.0
9858,10104,memorandum,1,0.6419107913970947,0.12679078865444737,0.0
9859,10014,memorandum,1,0.729171097278595,0.4671296973530628,20.0
986,1641,executive_order,1,0.4765421748161316,0.020970729873855367,3.3333333333333335
9860,9939,memorandum,1,0.8322411179542542,0.6934966967489786,43.0
9861,9935,memorandum,1,0.8510004281997681,0.6217797529536508,42.0
9862,9970,memorandum,1,0.5621781051158905,0.08185232238138766,3.3333333333333335
9863,9912,memorandum,1,0.7963119149208069,0.8363118100975979,58.0
9864,22,memorandum,1,0.5060981661081314,0.05126418712663772,0.0
9865,22,memorandum,1,0.5288448929786682,0.10345435930526736,20.666666666666668
9866,11559,memorandum,1,0.5796833634376526,0.016542731582346697,0.0
9867,10291,memorandum,1,0.7960600852966309,0.4486734752784569,22.0
9870,10869,memorandum,1,0.5613168478012085,0.0,0.0
9871,9952,memorandum,1,0.5492100715637207,0.011706102324270946,0.0
9872,9889,memorandum,1,0.8429775834083557,0.9602744277239217,90.0
9874,9898,memorandum,1,0.7911211252212524,0.6134588615589313,66.0
9875,9941,memorandum,1,0.8690388798713684,0.8830500725134035,163.0
9876,10409,memorandum,1,0.6856610178947449,0.25233724713016653,10.0
9878,9919,memorandum,1,0.7431660890579224,0.7174903329462841,24.0
9879,10991,memorandum,1,0.7698094844818115,0.6853308583576643,25.0
988,1153,executive_order,1,0.5116857886314392,0.009310089468054667,0.0
9880,10717,memorandum,1,0.6648769378662109,0.05696213285797002,0.0
9881,10621,memorandum,1,0.5747934579849243,0.04923362015127415,11.0
9882,10621,memorandum,1,0.5517459511756897,0.06721696313999058,5.0
9883,9951,memorandum,1,0.7655182480812073,0.4565679021475045,115.33333333333333
9884,9953,memorandum,1,0.8517242670059204,0.9999999999999999,30.0
9885,9955,memorandum,1,0.7186622023582458,0.7303214476642397,312.0
9886,9958,memorandum,1,0.648772120475769,0.3120884466554514,10.666666666666666
9888,9919,memorandum,1,0.8702664375305176,0.7715981071187165,32.0
9889,9959,memorandum,1,0.9168813228607178,1.0000000000000002,97.0
9890,9946,memorandum,1,0.7727418541908264,0.8318897028436878,56.0
9891,10746,memorandum,1,0.7885252237319946,0.6626008051212934,24.0
9893,10046,memorandum,1,0.8166154623031616,0.8385826103992174,184.0
9895,10104,memorandum,1,0.6325012445449829,0.05939739459512161,0.0
9896,9936,memorandum,1,0.6610990166664124,0.3776432807820946,24.0
9897,9931,memorandum,1,0.8587172031402588,0.9360741012674093,109.0
9898,10120,memorandum,1,0.8025519847869873,0.6515277348645061,72.0
9899,9923,memorandum,1,0.710648775100708,0.617733317737793,18.0
99,560,executive_order,1,0.5382833182811737,0.05821054180189824,10.333333333333334
9900,10000,memorandum,1,0.9019983410835266,0.9999999999999994,53.0
9901,9943,memorandum,1,0.771399736404419,0.4569004582529339,58.0
9903,10102,memorandum,1,0.7492899894714355,0.8038542512174608,20.0
9904,9928,memorandum,1,0.7022998332977295,0.7540440262726373,18.0
9905,10268,memorandum,1,0.7473246455192566,0.796402180403026,21.0
9906,9971,memorandum,1,0.71187824010849,0.7078333658199254,19.666666666666668
9907,9912,memorandum,1,0.7915982007980347,0.7757603826900454,57.0
9909,10324,memorandum,1,0.5490703582763672,0.04078817939954301,0.0
9910,9942,memorandum,1,0.8626156449317932,1.0000000000000007,30.0
9912,9965,memorandum,1,0.7466295957565308,0.7988545062655181,58.0
9914,10200,memorandum,1,0.5385037660598755,0.02477696033949018,0.0
9916,9977,memorandum,1,0.7103371918201447,0.523724882828322,53.333333333333336
9918,10306,memorandum,1,0.5377830862998962,0.03047133782509864,0.0
9919,10021,memorandum,1,0.6893022656440735,0.03882711790009749,0.0
992,1768,executive_order,1,0.7457369565963745,0.18764692825310378,3.3333333333333335
9920,9964,memorandum,1,0.8752164244651794,0.713625114494077,57.0
9921,10311,memorandum,1,0.6299000084400177,0.06529415389024855,0.0
9922,10132,memorandum,1,0.8056972026824951,0.4523426111647714,61.0
9923,9928,memorandum,1,0.6617717146873474,0.6408801431926842,18.0
9924,11277,memorandum,1,0.6642585098743439,0.019492760649219718,0.0
9925,10706,memorandum,1,0.7181228399276733,0.6149312777495046,25.0
9926,10067,memorandum,1,0.7992902994155884,0.35507991305255665,24.333333333333332
9927,9965,memorandum,1,0.790947675704956,0.760772396690045,58.0
9928,10059,memorandum,1,0.7289097905158997,0.3874989851094988,12.0
9929,9939,memorandum,1,0.8268158435821533,0.9003674125534242,60.0
993,1205,executive_order,1,0.638386994600296,0.2458402910603538,48.0
9930,9987,memorandum,1,0.7962079644203186,0.4777585910066529,16.0
9931,10548,memorandum,1,0.5858619213104248,0.020335780727543246,0.0
9933,10000,memorandum,1,0.9019983410835266,0.9999999999999994,53.0
9935,9996,memorandum,1,0.8612613677978516,0.874255405513928,42.0
9936,10031,memorandum,1,0.5285061448812485,0.008469868719761246,0.0
9937,9968,memorandum,1,0.6346153020858765,0.19674125587995367,13.0
9938,10960,memorandum,1,0.646472305059433,0.025516900685158807,0.0
9939,9997,memorandum,1,0.8470583558082581,0.9190904164636385,61.0
994,2356,executive_order,1,0.5047293603420258,0.06538781147607467,0.0
9940,9949,memorandum,1,0.8461074829101562,0.7261040952141947,98.0
9941,10012,memorandum,1,0.8226297497749329,0.585456271070123,132.66666666666666
9942,9978,memorandum,1,0.8566628694534302,0.9617120975912516,28.0
9943,9949,memorandum,1,0.6159474849700928,0.016801648325521203,0.0
9945,10090,memorandum,1,0.7870416641235352,0.6414149898830478,14.0
9946,9965,memorandum,1,0.7067551016807556,0.6856332759949609,44.0
9947,10059,memorandum,1,0.7033976316452026,0.6540581106860499,18.0
9948,10017,memorandum,1,0.7324284911155701,0.3677786248670421,6.666666666666667
9949,9968,memorandum,1,0.8559408187866211,0.5522929227563973,67.0
9950,10085,memorandum,1,0.8892434239387512,0.714801150604195,68.66666666666667
9951,9992,memorandum,1,0.7641454935073853,0.3881001583090458,86.66666666666667
9952,10044,memorandum,1,0.7063957750797272,0.18723616443019345,13.5
9953,10327,memorandum,1,0.8000510931015015,0.8137831054833162,24.0
9954,10104,memorandum,1,0.666602611541748,0.23641869378089297,14.0
9955,10771,memorandum,1,0.5279850661754608,0.04566359767937961,0.0
9956,10107,memorandum,1,0.842219352722168,0.89099474729618,88.0
9957,10116,memorandum,1,0.5311561524868011,0.007556851224291614,0.0
9958,10845,memorandum,1,0.751211941242218,0.7955138001343198,32.0
9959,10650,memorandum,1,0.8996098637580872,0.8764964640927788,87.0
9961,10865,memorandum,1,0.8453076481819153,0.6250071536015153,17.0
9963,11750,memorandum,1,0.6838579773902893,0.09910051895519673,0.0
9964,10043,memorandum,1,0.8781982660293579,0.8391496860084949,65.0
9965,9968,memorandum,1,0.808706521987915,0.40532531919104803,48.0
9967,10104,memorandum,1,0.5451129376888275,0.0482305205007326,0.0
9968,10014,memorandum,1,0.5987658500671387,0.11605059751153327,0.0
9969,10000,memorandum,1,0.9019983410835266,0.9999999999999994,53.0
997,1161,executive_order,1,0.5324247479438782,0.332243550791815,3.3333333333333335
9970,9999,memorandum,1,0.540435254573822,0.2729291378068098,16.0
9971,10268,memorandum,1,0.7468447089195251,0.7252686413197714,20.0
9972,10102,memorandum,1,0.7492899894714355,0.8038542512174608,20.0
9974,10473,memorandum,1,0.6051614582538605,0.07227381521789251,3.3333333333333335
9976,10561,memorandum,1,0.8050040006637573,0.6032028750918321,24.0
9977,9995,memorandum,1,0.6349655091762543,0.32739006403981225,23.666666666666668
9978,11122,memorandum,1,0.5643343925476074,0.06117026594132536,0.0
9980,10037,memorandum,1,0.7386952042579651,0.06636304301547796,0.0
9982,10077,memorandum,1,0.6746699810028076,0.28355579285682914,0.0
9983,9993,memorandum,1,0.8750814199447632,0.8576532690875204,112.0
9984,10067,memorandum,1,0.6075097322463989,0.06966652899466212,0.0
9985,11470,memorandum,1,0.5145059525966644,0.016687245081799643,0.0
9986,10050,memorandum,1,0.8667742609977722,0.5396276530876392,139.0
9987,10293,memorandum,1,0.7678754329681396,0.09079888491974303,0.0
9988,10054,memorandum,1,0.7069085240364075,0.4467648956343744,97.0
9989,9999,memorandum,1,0.5649716854095459,0.44178256798275334,28.0
9990,10769,memorandum,1,0.5657757520675659,0.0,0.0
9991,10769,memorandum,1,0.5646932721138,0.0,0.0
9992,10065,memorandum,1,0.6690694689750671,0.22708872115117196,30.333333333333332
9993,10132,memorandum,1,0.7686194181442261,0.25859694372929504,46.0
9995,11432,memorandum,1,0.6255300939083099,0.08635498008949734,4.0
9996,10014,memorandum,1,0.6748778820037842,0.1395327532598581,11.0
9997,10014,memorandum,1,0.6642769575119019,0.13492414881655784,11.0
9998,10021,memorandum,1,0.7915666699409485,0.4686035095377268,49.0
9999,10143,memorandum,1,0.6139161288738251,0.042194860702271735,3.3333333333333335
1,21,memorandum,2,0.5034821629524231,0.04185165462243732,0.0
10,9603,memorandum,2,0.5046537667512894,0.05317047244149287,0.0
10000,10068,memorandum,2,0.9019983410835266,0.9999999999999994,53.0
10002,10058,memorandum,2,0.6099875569343567,0.33105917748086355,62.0
10003,10842,memorandum,2,0.638699471950531,0.17069553928527553,0.0
10004,10454,memorandum,2,0.4253848195075989,0.00990352906487756,0.0
10006,10635,memorandum,2,0.6147051453590393,0.050939325169616745,0.0
10008,10050,memorandum,2,0.7344715595245361,0.478338119767843,128.0
10009,10069,memorandum,2,0.4980575889348984,0.0,0.0
10012,10072,memorandum,2,0.8502161502838135,0.8205181134780032,146.0
10014,10940,memorandum,2,0.5925850868225098,0.0,0.0
10015,10048,memorandum,2,0.7234320640563965,0.7029538586217794,107.0
10017,11022,memorandum,2,0.6235438883304596,0.04866428825830008,0.0
10019,10152,memorandum,2,0.8374229073524475,0.4875954378097742,13.333333333333334
1002,1085,executive_order,2,0.8383340835571289,0.8453705549407404,63.0
10020,10407,memorandum,2,0.8887964487075806,0.717748882252312,68.33333333333333
10021,10667,memorandum,2,0.7781442403793335,0.22135258884864703,27.0
10022,10160,memorandum,2,0.6625369787216187,0.01714881710948563,0.0
10023,10261,memorandum,2,0.8609191179275513,0.6100713139408883,11.0
10025,10980,memorandum,2,0.5275804996490479,0.03829090548000318,0.0
10026,10582,memorandum,2,0.6595677435398102,0.12052021068432393,7.0
10027,10046,memorandum,2,0.6863695383071899,0.29298926024413546,68.0
10029,10473,memorandum,2,0.6658227443695068,0.22905528012881346,16.333333333333332
1003,1135,executive_order,2,0.5113323628902435,0.013289002461321886,0.0
10031,10187,memorandum,2,0.7240639328956604,0.10212577529703702,0.0
10032,10041,memorandum,2,0.7011707425117493,0.2906222544167699,10.333333333333334
10033,10131,memorandum,2,0.7637287378311157,0.7628626484327045,39.0
10034,10348,memorandum,2,0.6893914043903351,0.4630688470696927,12.0
10035,10269,memorandum,2,0.6898477971553802,0.47052091788412737,11.0
10036,10041,memorandum,2,0.6231076121330261,0.17492553909641687,3.3333333333333335
10037,10991,memorandum,2,0.7525985240936279,0.6532034760473739,24.0
10038,10163,memorandum,2,0.6309716403484344,0.15682249387167135,10.666666666666666
10039,10145,memorandum,2,0.7752212285995483,0.610132604789075,26.0
10041,10163,memorandum,2,0.7002724409103394,0.3411761340679185,18.333333333333332
10043,11029,memorandum,2,0.7822949886322021,0.2722612756037816,24.0
10044,10168,memorandum,2,0.7240936756134033,0.40546363836732563,20.333333333333332
10045,10105,memorandum,2,0.8438306450843811,0.4839697704311885,92.0
10046,10193,memorandum,2,0.44391241669654846,0.0,0.0
10047,10673,memorandum,2,0.5117054283618927,0.014915456046702545,0.0
10048,10546,memorandum,2,0.4893939644098282,0.10702719534032697,0.0
10049,10389,memorandum,2,0.46195991337299347,0.007132007386971298,0.0
10050,11388,memorandum,2,0.48316407203674316,0.008253844304690392,0.0
10051,11388,memorandum,2,0.4919443577528,0.001434528765804597,0.0
10052,10707,memorandum,2,0.5357944965362549,0.030369941833235416,0.0
10054,11388,memorandum,2,0.5061075538396835,0.0012173350064515452,0.0
10056,10546,memorandum,2,0.4176488518714905,0.05413889489334479,0.0
10057,10546,memorandum,2,0.48363032937049866,0.08702381405518601,0.0
10058,11368,memorandum,2,0.45562809705734253,0.004973758680415199,0.0
10059,10861,memorandum,2,0.5304293632507324,0.015458123406141054,0.0
1006,1014,executive_order,2,0.8071565628051758,0.9999999999999997,147.66666666666666
10060,10362,memorandum,2,0.5841696560382843,0.0014562510787267996,0.0
10061,10706,memorandum,2,0.7562952637672424,0.5880395892700865,25.0
10062,10352,memorandum,2,0.5372886955738068,0.06775358713246021,12.666666666666666
10063,10208,memorandum,2,0.8545568585395813,0.9999999999999999,21.0
10064,11318,memorandum,2,0.4785539507865906,0.008849822711351126,0.0
10065,10297,memorandum,2,0.6615680754184723,0.10943463654659676,0.0
10067,10298,memorandum,2,0.567772626876831,0.05217094263352353,0.0
10068,10211,memorandum,2,0.7623605132102966,0.6907093765272365,30.0
10069,11014,memorandum,2,0.5654740184545517,0.1370477541600527,7.666666666666667
10070,10759,memorandum,2,0.5046926289796829,0.0005270654854139821,0.0
10071,10613,memorandum,2,0.4831095337867737,0.045515263449274916,0.0
10072,10319,memorandum,2,0.8141855597496033,0.7791573173746217,140.66666666666666
10073,10567,memorandum,2,0.47945788502693176,0.007013359267299694,0.0
10075,11003,memorandum,2,0.5306231081485748,0.004468016638450972,0.0
10077,10799,memorandum,2,0.6619488000869751,0.3683211747413147,10.666666666666666
10079,11212,memorandum,2,0.6669092178344727,0.2951081587326438,7.333333333333333
1008,1191,executive_order,2,0.5345876514911652,0.1735439665658968,6.666666666666667
10081,10311,memorandum,2,0.5072489380836487,0.09444428342631707,0.0
10082,10388,memorandum,2,0.7219053506851196,0.522496746113745,135.0
10083,11017,memorandum,2,0.685630202293396,0.3488423254159608,65.0
10084,10092,memorandum,2,0.5951429009437561,0.09460520001819246,6.0
10085,10149,memorandum,2,0.8871275782585144,0.717748882252312,68.33333333333333
10086,10340,memorandum,2,0.8201935291290283,0.6412239175816905,107.0
10088,10245,memorandum,2,0.8374229073524475,0.4875954378097742,13.333333333333334
10090,10224,memorandum,2,0.7158955335617065,0.5124148040164681,8.666666666666666
10091,10261,memorandum,2,0.8785741925239563,0.8696576736295584,45.0
10092,10223,memorandum,2,0.624962329864502,0.0784863653656574,0.0
10093,10120,memorandum,2,0.7547005712985992,0.3602328648461412,37.0
10094,11944,memorandum,2,0.5294610261917114,0.006332324185408934,0.0
10095,11161,memorandum,2,0.48933765292167664,0.0224897050060572,0.0
10096,10147,memorandum,2,0.7392864227294922,0.5381324661561278,19.666666666666668
10097,10978,memorandum,2,0.8058164119720459,0.6941248111623016,18.0
10098,10211,memorandum,2,0.6966546475887299,0.29404750018743114,11.5
10099,10859,memorandum,2,0.7052021026611328,0.5287758413047534,12.0
1010,1407,executive_order,2,0.8166972994804382,0.7801784674854501,51.0
10101,10430,memorandum,2,0.7302426695823669,0.732621499790389,20.666666666666668
10102,10347,memorandum,2,0.7492899894714355,0.8038542512174608,20.0
10104,10890,memorandum,2,0.6943241953849792,0.268910961811569,0.0
10105,10372,memorandum,2,0.8546532988548279,0.6236606972590931,107.33333333333333
10106,10126,memorandum,2,0.5806351602077484,0.00393537331780906,0.0
10107,10613,memorandum,2,0.8143154382705688,0.5378831699386686,54.0
10110,10565,memorandum,2,0.715663731098175,0.11102216565748317,0.0
10112,10297,memorandum,2,0.8595226407051086,0.6099523750932196,45.333333333333336
10113,10150,memorandum,2,0.48730485141277313,0.039321877510651734,0.0
10114,11475,memorandum,2,0.4969339966773987,0.01497375147616114,0.0
10115,10599,memorandum,2,0.5010164380073547,0.0,0.0
10116,10595,memorandum,2,0.4917367100715637,0.0,0.0
10117,11089,memorandum,2,0.4503280222415924,0.003530538896267763,0.0
10118,10306,memorandum,2,0.656992495059967,0.04819155973166674,0.0
10119,11706,memorandum,2,0.4481387138366699,0.009584596988590577,0.0
10120,10218,memorandum,2,0.7993476390838623,0.5218091767106651,56.0
10121,10286,memorandum,2,0.8130966424942017,0.6394720598904076,98.0
10122,10701,memorandum,2,0.6191889345645905,0.018083173289657712,0.0
10124,10491,memorandum,2,0.48865601420402527,0.0007737312416267594,0.0
10125,11492,memorandum,2,0.4628845751285553,0.007033170886738202,0.0
10126,11553,memorandum,2,0.5879371166229248,0.0,0.0
10127,10301,memorandum,2,0.8545568585395813,0.9999999999999999,21.0
10128,10831,memorandum,2,0.4763520210981369,0.028049568428325403,0.0
10130,10429,memorandum,2,0.7707962095737457,0.48969673353806215,14.0
10131,10265,memorandum,2,0.8737678527832031,0.6388778316372936,26.0
10132,10667,memorandum,2,0.8021440505981445,0.26345386093307577,32.0
10133,10379,memorandum,2,0.5199433714151382,0.05283206581902336,0.0
10134,10241,memorandum,2,0.7043762803077698,0.28561939046715573,18.666666666666668
10135,10176,memorandum,2,0.4725772440433502,0.0232616444337509,0.0
10136,10394,memorandum,2,0.5272768586874008,0.02947809293154829,4.333333333333333
10137,10365,memorandum,2,0.45754773914813995,0.03897817077878926,0.0
10139,11653,memorandum,2,0.4781159311532974,0.006784076330649802,0.0
1014,1019,executive_order,2,0.7907766997814178,0.9856199147307675,175.33333333333334
10140,10178,memorandum,2,0.5009729415178299,0.0,0.0
10142,10596,memorandum,2,0.4843664765357971,0.015083160572739389,0.0
10143,10447,memorandum,2,0.5156439542770386,0.007707669913379708,0.0
10145,10293,memorandum,2,0.7419292330741882,0.5458337540765723,32.0
10146,10388,memorandum,2,0.7071693241596222,0.28107187912319564,67.5
10147,10591,memorandum,2,0.6612622439861298,0.40454542992048953,15.333333333333334
10148,10333,memorandum,2,0.5278971791267395,0.026408578840154105,0.0
10149,10580,memorandum,2,0.8916194438934326,0.7243361098236146,68.66666666666667
1015,1148,executive_order,2,0.5806038677692413,0.09956544339487246,7.666666666666667
10150,10267,memorandum,2,0.5751392543315887,0.006586355545785012,0.0
10151,11202,memorandum,2,0.5521962344646454,0.019404911795354918,0.0
10152,10410,memorandum,2,0.8150447010993958,0.487942742764148,11.333333333333334
10153,10311,memorandum,2,0.6586328744888306,0.11261690115221402,4.0
10154,11066,memorandum,2,0.6436165869235992,0.019448089822489276,0.0
10156,10172,memorandum,2,0.5267920792102814,0.013082085435005105,0.0
10157,11457,memorandum,2,0.47935347259044647,0.013137177687540346,0.0
10159,10254,memorandum,2,0.473978653550148,0.005645144277939768,0.0
10160,10227,memorandum,2,0.6078883409500122,0.01512079611235353,0.0
10161,10960,memorandum,2,0.5412285923957825,0.008168323402734485,0.0
10162,10212,memorandum,2,0.45082367956638336,0.012503017951606722,0.0
10163,10487,memorandum,2,0.7146891355514526,0.2469343226804964,13.666666666666666
10165,10336,memorandum,2,0.7231774032115936,0.5296250806642985,8.666666666666666
10168,10235,memorandum,2,0.5596169829368591,0.1323038770941127,6.666666666666667
10169,11733,memorandum,2,0.533623456954956,0.010915164126383764,0.0
1017,1063,executive_order,2,0.505905494093895,0.11557964218614625,16.0
10170,10231,memorandum,2,0.5026040822267532,0.005593314206033188,0.0
10171,11534,memorandum,2,0.5301028788089752,0.016683472521918357,0.0
10172,10480,memorandum,2,0.467012494802475,0.023136090571438745,0.0
10174,10330,memorandum,2,0.46492907404899597,0.01135474139446184,0.0
10175,11801,memorandum,2,0.5626598596572876,0.0020349239513480603,0.0
10176,11357,memorandum,2,0.5038474351167679,0.02259816884083629,0.0
10177,10341,memorandum,2,0.46764278411865234,0.010700071324788653,0.0
10178,10616,memorandum,2,0.7110885977745056,0.6818126873683856,20.0
10179,10348,memorandum,2,0.7372472286224365,0.7312798503958481,20.333333333333332
10180,10430,memorandum,2,0.741753876209259,0.7239974439263923,21.333333333333332
10181,10768,memorandum,2,0.6067513525485992,0.06043945978336826,5.0
10182,11357,memorandum,2,0.479436457157135,0.03899026474990683,0.0
10183,11482,memorandum,2,0.46707725524902344,0.0060253231245012,0.0
10184,10362,memorandum,2,0.6407626867294312,0.04017999463234867,0.0
10185,10322,memorandum,2,0.8455204367637634,0.443544943843831,13.5
10186,11897,memorandum,2,0.49341435730457306,0.0004952555496084363,0.0
10187,10266,memorandum,2,0.5709269046783447,0.1351379569029612,0.0
10189,10605,memorandum,2,0.5400307178497314,0.0006274608330059972,0.0
10190,11897,memorandum,2,0.46760785579681396,0.01387942577281984,0.0
10192,11720,memorandum,2,0.49592699110507965,0.01234264224356961,0.0
10193,10646,memorandum,2,0.49808597564697266,0.018186341850238652,0.0
10195,11655,memorandum,2,0.5418356657028198,0.003699681924765779,0.0
10196,11083,memorandum,2,0.47624465823173523,0.005268670623256743,0.0
10197,10240,memorandum,2,0.6336522102355957,0.1424662196404924,0.0
10198,10740,memorandum,2,0.5585551559925079,0.0,0.0
102,390,executive_order,2,0.7030059099197388,0.7131353419285897,110.0
10200,10739,memorandum,2,0.6734511256217957,0.05144582370312531,0.0
10201,10209,memorandum,2,0.7818169593811035,0.4877942638448805,28.0
10202,10376,memorandum,2,0.7993962466716766,0.6521713095234617,50.666666666666664
10203,10380,memorandum,2,0.7332575917243958,0.14535960285805635,8.333333333333334
10204,10300,memorandum,2,0.8607817888259888,0.6141892986979728,111.66666666666667
10205,10991,memorandum,2,0.7445260286331177,0.6108620311984817,25.0
10206,10753,memorandum,2,0.5706957578659058,0.01881806525297494,0.0
10208,10383,memorandum,2,0.8545568585395813,0.9999999999999999,21.0
10209,10312,memorandum,2,0.8059362769126892,0.5680905141067897,29.333333333333332
10210,10307,memorandum,2,0.549799919128418,0.2246997073914283,13.333333333333334
10211,10742,memorandum,2,0.5836004912853241,0.011796811021123243,0.0
10212,10307,memorandum,2,0.5227057337760925,0.13611728531031406,5.333333333333333
10213,10592,memorandum,2,0.5282597690820694,0.0030477455258409946,0.0
10214,10422,memorandum,2,0.5332047045230865,0.0832018260378136,0.0
10215,10456,memorandum,2,0.5550069808959961,0.018065155343072934,0.0
10216,10422,memorandum,2,0.554818868637085,0.03928045174147421,0.0
10217,10940,memorandum,2,0.5048721134662628,0.0,0.0
10218,10302,memorandum,2,0.7983107566833496,0.3701362124163513,31.0
10219,11530,memorandum,2,0.6083942651748657,0.0027048634278585442,0.0
1022,1140,executive_order,2,0.711999237537384,0.6496110486786475,135.66666666666666
10220,10261,memorandum,2,0.6903840899467468,0.38690170255111506,22.0
10221,11733,memorandum,2,0.5342122316360474,0.012584663511571387,0.0
10223,10233,memorandum,2,0.6399455070495605,0.41580423585635257,36.0
10224,10359,memorandum,2,0.7783827781677246,0.5296250806642985,8.666666666666666
10225,10688,memorandum,2,0.46541640162467957,0.0289114557977367,0.0
10227,11568,memorandum,2,0.6101796627044678,0.004189005170809907,0.0
10228,11570,memorandum,2,0.5378833115100861,0.013567616179631361,0.0
10229,10701,memorandum,2,0.5271697342395782,0.00046362449762042056,0.0
1023,1071,executive_order,2,0.7439225912094116,0.9043313579479527,132.66666666666666
10230,11363,memorandum,2,0.5199000537395477,0.038613478769947626,0.0
10231,10341,memorandum,2,0.6746775209903717,0.043235353825756086,0.0
10232,10404,memorandum,2,0.8254233598709106,0.4013958693474697,38.0
10233,10306,memorandum,2,0.6147667169570923,0.3284185913675537,27.0
10234,10484,memorandum,2,0.8271322846412659,0.8102742950328587,123.33333333333333
10235,10303,memorandum,2,0.712668240070343,0.35913300622665895,12.666666666666666
10236,10679,memorandum,2,0.5709980726242065,0.015107426511736171,0.0
10237,10980,memorandum,2,0.5424574613571167,0.03095084963994145,0.0
10238,10408,memorandum,2,0.8142706155776978,0.5160506287464462,50.0
10239,10844,memorandum,2,0.7874232530593872,0.42645595653874074,26.333333333333332
10240,10704,memorandum,2,0.5192247033119202,0.0,0.0
10241,10487,memorandum,2,0.7021547555923462,0.27960215604866934,15.0
10243,10280,memorandum,2,0.7365372776985168,0.2653111107742412,9.333333333333334
10244,10284,memorandum,2,0.4756622910499573,0.0108313421118555,0.0
10245,10589,memorandum,2,0.8156082630157471,0.4610116447949411,10.666666666666666
10246,10312,memorandum,2,0.6425212621688843,0.16834763368712946,13.333333333333334
10248,10487,memorandum,2,0.6832064390182495,0.2774575973465187,17.666666666666668
10249,10281,memorandum,2,0.7775914669036865,0.0731677978588778,11.0
10250,11585,memorandum,2,0.4460897594690323,0.008238902401112217,0.0
10251,10281,memorandum,2,0.7062342166900635,0.14151297793153056,13.0
10253,11353,memorandum,2,0.46924756467342377,0.0,0.0
10254,11685,memorandum,2,0.5144694298505783,0.0008747439047039974,0.0
10256,11482,memorandum,2,0.5159965753555298,0.0,0.0
10257,10673,memorandum,2,0.5930489897727966,0.04654053908727806,0.0
10258,10466,memorandum,2,0.5509856045246124,0.14117256638295503,15.333333333333334
10259,10456,memorandum,2,0.5626611411571503,0.047482846727836946,0.0
10260,11277,memorandum,2,0.6407342553138733,0.026562895944580268,0.0
10261,10366,memorandum,2,0.7478187680244446,0.5590412345075098,33.0
10262,10746,memorandum,2,0.7671633958816528,0.5710118528119646,25.0
10263,10359,memorandum,2,0.7208659648895264,0.5045703905870979,8.666666666666666
10264,11324,memorandum,2,0.5975213348865509,0.0029043222136316237,0.0
10265,10742,memorandum,2,0.5822997093200684,0.011881402297541704,0.0
10266,11156,memorandum,2,0.6493984460830688,0.0924883616319426,10.0
10267,10604,memorandum,2,0.5336794257164001,0.013160863380222645,0.0
10268,10347,memorandum,2,0.7034638524055481,0.7107896198716515,19.666666666666668
10269,10348,memorandum,2,0.7021759152412415,0.7107896198716515,19.666666666666668
1027,1140,executive_order,2,0.4962776005268097,0.035277273497577595,0.0
10270,10529,memorandum,2,0.7029311656951904,0.660698842663111,17.0
10271,11357,memorandum,2,0.47638510167598724,0.01916354722211019,0.0
10272,10726,memorandum,2,0.7367703318595886,0.4530784320542723,4.333333333333333
10274,10440,memorandum,2,0.5982250273227692,0.04073568989979857,0.0
10275,11763,memorandum,2,0.5299650132656097,0.02397240745234679,0.0
10276,10290,memorandum,2,0.866100549697876,0.5947089259378971,66.0
10277,10296,memorandum,2,0.751483678817749,0.0741263474778304,0.0
10280,10322,memorandum,2,0.758777916431427,0.10063220923710688,0.0
10281,11113,memorandum,2,0.6896810531616211,0.06702903660361054,0.0
10282,10353,memorandum,2,0.7892704010009766,0.4928873466673982,28.0
10283,11537,memorandum,2,0.4774217754602432,0.009917560706061602,0.0
10284,10382,memorandum,2,0.5308360159397125,0.015182651618111193,0.0
10286,10809,memorandum,2,0.5419371128082275,0.01652324333168179,0.0
10287,11367,memorandum,2,0.4470040649175644,0.033985696921821844,0.0
10288,10908,memorandum,2,0.8165714144706726,0.7615237094680142,30.0
1029,1584,executive_order,2,0.5368087291717529,0.07909487836820742,0.0
10290,10302,memorandum,2,0.8050252795219421,0.6079000992639934,39.0
10291,10730,memorandum,2,0.7915627956390381,0.44084917946944024,26.0
10292,10980,memorandum,2,0.6831004619598389,0.07966202179916458,0.0
10293,10841,memorandum,2,0.7290897965431213,0.33498767350240893,22.0
10294,10558,memorandum,2,0.7646273672580719,0.21536916741091122,11.5
10295,10550,memorandum,2,0.4914657026529312,0.01794762800348497,0.0
10296,10443,memorandum,2,0.8369158506393433,0.4994596186470613,79.0
10297,10450,memorandum,2,0.8420533537864685,0.7154752887834374,53.0
10298,10569,memorandum,2,0.5407920181751251,0.1646996338079644,6.333333333333333
10299,10454,memorandum,2,0.4262531101703644,0.009888342765554482,0.0
103,271,executive_order,2,0.4949515610933304,0.07672442474428243,10.333333333333334
1030,1191,executive_order,2,0.5169691890478134,0.03886768169766064,0.0
10300,10464,memorandum,2,0.8016479313373566,0.38272090360254374,54.5
10301,10463,memorandum,2,0.8545568585395813,0.9999999999999999,21.0
10302,10353,memorandum,2,0.8061797618865967,0.4538576983002018,29.0
10303,10323,memorandum,2,0.6623080968856812,0.24887118131658761,16.666666666666668
10305,10556,memorandum,2,0.7669286131858826,0.6488000383628387,35.0
10306,10579,memorandum,2,0.5762628316879272,0.01586014686650541,0.0
10307,10332,memorandum,2,0.4365309625864029,0.016007293147984072,3.6666666666666665
10308,10669,memorandum,2,0.659135103225708,0.25343723214997976,4.333333333333333
10310,10521,memorandum,2,0.4976794421672821,0.027819630647385934,0.0
10311,10558,memorandum,2,0.6986531019210815,0.13603897273985383,10.0
10312,10459,memorandum,2,0.755164623260498,0.39039007812865495,21.666666666666668
10313,11431,memorandum,2,0.5247927010059357,0.0018384293321728595,0.0
10314,10404,memorandum,2,0.7777977585792542,0.369443330523604,18.333333333333332
10315,10782,memorandum,2,0.48111283779144287,0.0017308799953334344,0.0
10316,10578,memorandum,2,0.6948375701904297,0.02743536418549069,0.0
10319,10583,memorandum,2,0.8452098965644836,0.7828183166953554,138.66666666666666
10320,10686,memorandum,2,0.6358767747879028,0.2214617873429743,10.5
10321,10482,memorandum,2,0.737597644329071,0.24221851119727278,13.0
10322,10588,memorandum,2,0.629988431930542,0.006382220691878692,0.0
10323,10342,memorandum,2,0.7549176216125488,0.5406130868221374,13.0
10324,11211,memorandum,2,0.49795475602149963,0.0,0.0
10325,10486,memorandum,2,0.8861237168312073,0.7086897455071178,66.33333333333333
10326,11132,memorandum,2,0.6579877734184265,0.35828116300812485,11.0
10327,11434,memorandum,2,0.8566387891769409,0.8349376060292704,22.0
10328,11144,memorandum,2,0.5289794653654099,0.009320499801937719,0.0
10330,11771,memorandum,2,0.5064443051815033,0.0,0.0
10331,10440,memorandum,2,0.5070371031761169,0.009052651379456338,0.0
10332,11682,memorandum,2,0.4883429557085037,0.012569481363499906,0.0
10333,10927,memorandum,2,0.5411168932914734,0.019408006164668794,0.0
10334,11585,memorandum,2,0.5169258713722229,0.00811016070334683,0.0
10335,10812,memorandum,2,0.5186061263084412,0.012245814925373941,0.0
10336,10395,memorandum,2,0.7875769734382629,0.6666666666666666,14.666666666666666
10338,10378,memorandum,2,0.5066863298416138,0.014058628131245884,0.0
10340,10484,memorandum,2,0.67887082695961,0.0692280118495981,3.3333333333333335
10341,10524,memorandum,2,0.4589507430791855,0.022736818810549245,0.0
10342,10435,memorandum,2,0.7181541323661804,0.4710932797010852,11.333333333333334
10343,10853,memorandum,2,0.8288753628730774,0.25574748346461124,0.0
10345,10843,memorandum,2,0.5253624320030212,0.0,0.0
10347,10529,memorandum,2,0.6919558644294739,0.6420415879270475,19.0
10348,10529,memorandum,2,0.6880638003349304,0.6385924346537688,19.333333333333332
1035,4152,executive_order,2,0.6350909173488617,0.01893337642271286,0.0
10350,10817,memorandum,2,0.4294785261154175,0.008516150239442565,0.0
10351,11179,memorandum,2,0.5261770039796829,0.07574209090528185,0.0
10352,10494,memorandum,2,0.5739041864871979,0.14205054003985834,16.666666666666668
10353,10467,memorandum,2,0.8009999990463257,0.536828718593957,45.0
10354,11297,memorandum,2,0.5308558791875839,0.010689381258964264,0.0
10355,10671,memorandum,2,0.4391006529331207,0.04726842359689981,0.0
10356,11229,memorandum,2,0.5413203239440918,0.005909524346357393,0.0
10357,10569,memorandum,2,0.4838516563177109,0.010039548481498897,0.0
10358,11229,memorandum,2,0.45745766162872314,0.006556955186920492,0.0
10359,10400,memorandum,2,0.7875769734382629,0.6666666666666666,14.666666666666666
10362,10701,memorandum,2,0.5971192717552185,0.00953612828237533,0.0
10364,10435,memorandum,2,0.719048261642456,0.31902207037187413,22.0
10365,10378,memorandum,2,0.4935559630393982,0.06271688439707403,3.6666666666666665
10366,10842,memorandum,2,0.6789799630641937,0.2995193442119769,22.0
10367,11365,memorandum,2,0.4390516132116318,0.03348104682628064,0.0
10368,10506,memorandum,2,0.5079873353242874,0.037587579786992724,0.0
10369,11016,memorandum,2,0.7856460213661194,0.7961646166078575,25.0
10370,10949,memorandum,2,0.776790201663971,0.8416216791775358,50.0
10371,10954,memorandum,2,0.582327127456665,0.19969868607738878,0.0
10372,10502,memorandum,2,0.5323198437690735,0.011238145002486814,0.0
10374,10774,memorandum,2,0.5572752952575684,0.042602620664317754,0.0
10375,11733,memorandum,2,0.6332571506500244,0.0,0.0
10376,10636,memorandum,2,0.7684894502162933,0.5452243623844996,41.666666666666664
10377,10447,memorandum,2,0.6079829335212708,0.020344788861147628,0.0
10378,11454,memorandum,2,0.4536389857530594,0.007933102363209111,0.0
10379,10524,memorandum,2,0.5061687231063843,0.04054249954932334,0.0
10380,10547,memorandum,2,0.6656620800495148,0.1328609114969083,13.333333333333334
10382,10447,memorandum,2,0.5653538703918457,0.003740284972451989,0.0
10383,10551,memorandum,2,0.8545568585395813,0.9999999999999999,21.0
10384,10478,memorandum,2,0.8344330191612244,0.7489652909198425,49.0
10385,11075,memorandum,2,0.5384916663169861,0.07032400920373422,0.0
10386,10479,memorandum,2,0.5089885592460632,0.0039563280170978425,0.0
10388,10708,memorandum,2,0.6071041822433472,0.019322189381449213,0.0
10389,10669,memorandum,2,0.6696207225322723,0.16946112729599203,4.333333333333333
10390,10492,memorandum,2,0.6176432371139526,0.8026424284284681,29.0
10393,11281,memorandum,2,0.5071532726287842,0.002447074351773904,0.0
10394,10563,memorandum,2,0.5068066567182541,0.017210593992154175,0.0
10395,10401,memorandum,2,0.7875769734382629,0.6666666666666666,14.666666666666666
10396,11191,memorandum,2,0.6013810634613037,0.0,0.0
10397,10433,memorandum,2,0.8823584318161011,0.7474544540043127,54.0
10398,10828,memorandum,2,0.6388524770736694,0.03939970941893784,0.0
10399,10489,memorandum,2,0.5950414538383484,0.0038783240025533506,0.0
1040,1210,executive_order,2,0.6177747845649719,0.05588561869215706,0.0
10400,10559,memorandum,2,0.7875769734382629,0.6666666666666666,14.666666666666666
10401,10917,memorandum,2,0.7875769734382629,0.6666666666666666,14.666666666666666
10402,11470,memorandum,2,0.4938553720712662,0.030976974113170335,0.0
10404,10465,memorandum,2,0.751839816570282,0.3224631656661379,13.333333333333334
10406,10519,memorandum,2,0.7653424143791199,0.36509927440478984,29.0
10407,10486,memorandum,2,0.88285231590271,0.7150024826639654,67.33333333333333
10408,10764,memorandum,2,0.8696762323379517,0.8977819356012613,80.0
10409,10582,memorandum,2,0.7609378099441528,0.253600543756129,7.0
10410,10681,memorandum,2,0.8382319211959839,0.571388035138607,17.0
10411,11728,memorandum,2,0.49450811743736267,0.0,0.0
10412,10684,memorandum,2,0.5640653967857361,0.1268410263452794,4.666666666666667
10413,10961,memorandum,2,0.6323827505111694,0.13421932237422335,5.666666666666667
10414,11568,memorandum,2,0.5327559113502502,0.003968603218530419,0.0
10415,11070,memorandum,2,0.5875771045684814,0.1073843262208773,5.0
10420,10599,memorandum,2,0.512551486492157,0.00835551149927464,0.0
10421,11949,memorandum,2,0.49134561419487,0.0,0.0
10422,11202,memorandum,2,0.5274863243103027,0.028524921249716853,0.0
10423,10736,memorandum,2,0.5300233662128448,0.07238116806585647,0.0
10425,10781,memorandum,2,0.49604399502277374,0.00579287120009598,0.0
10426,11261,memorandum,2,0.4504506140947342,0.00620647656242049,0.0
10427,10617,memorandum,2,0.8504363894462585,0.6028342181351695,21.666666666666668
10428,10791,memorandum,2,0.638815701007843,0.8002125185198928,29.0
10429,10970,memorandum,2,0.5360067486763,0.02929177583141407,0.0
10430,10616,memorandum,2,0.7428016662597656,0.7427005616897029,20.333333333333332
10432,10615,memorandum,2,0.4951176047325134,0.01874919044346617,0.0
10433,10478,memorandum,2,0.8687021732330322,0.6586347925045244,51.0
10434,10697,memorandum,2,0.8557021617889404,0.8072370672911853,81.0
10435,10591,memorandum,2,0.6940503120422363,0.20201861459073153,11.333333333333334
10437,10453,memorandum,2,0.47306855022907257,0.04275608831845033,0.0
10438,11733,memorandum,2,0.4750644564628601,0.014736874720710336,0.0
10439,10471,memorandum,2,0.5051576495170593,0.03677863091029476,0.0
10440,10523,memorandum,2,0.5370110124349594,0.005955817574217051,0.0
10442,11445,memorandum,2,0.44518107175827026,0.011098635905259965,0.0
10443,10536,memorandum,2,0.5115854740142822,0.07184574329954967,11.0
10444,10447,memorandum,2,0.5059740543365479,0.009592131091971488,0.0
10445,10746,memorandum,2,0.7772375345230103,0.5167161460483815,25.0
10446,11653,memorandum,2,0.5292159616947174,0.006790233169800042,0.0
10447,11144,memorandum,2,0.5089551657438278,0.02069275593840837,0.0
10448,10550,memorandum,2,0.4962678402662277,0.007060804219972747,0.0
10449,10735,memorandum,2,0.5674979090690613,0.0,0.0
10450,10636,memorandum,2,0.8284513354301453,0.5785321646354218,45.666666666666664
10451,11120,memorandum,2,0.5488204956054688,0.12399715504982328,0.0
10452,10493,memorandum,2,0.45563556253910065,0.008411307201301895,0.0
10453,11733,memorandum,2,0.5056387186050415,0.007545220430211196,0.0
10454,10526,memorandum,2,0.825459361076355,0.8994800458061577,167.0
10455,10642,memorandum,2,0.6114195287227631,0.015474993425826205,0.0
10456,11733,memorandum,2,0.509059488773346,0.005952300985484396,0.0
10457,10659,memorandum,2,0.48090121150016785,0.007667086430001738,0.0
10458,10754,memorandum,2,0.7727574110031128,0.26698988466124784,28.0
10459,10948,memorandum,2,0.7014786005020142,0.24464118319098013,14.0
10461,11072,memorandum,2,0.5304817259311676,0.011673946013146969,0.0
10462,10725,memorandum,2,0.7768737077713013,0.40597678253632785,28.666666666666668
10463,10655,memorandum,2,0.7229379713535309,0.3049614407503707,5.0
10464,10763,memorandum,2,0.477590411901474,0.004914453001336488,0.0
10465,10883,memorandum,2,0.7931990623474121,0.3290310199097268,14.333333333333334
10466,11507,memorandum,2,0.5330627262592316,0.08417570748745724,0.0
10467,10754,memorandum,2,0.7578016519546509,0.21199949613634828,28.0
10468,10893,memorandum,2,0.7953717112541199,0.8292099562704327,59.0
10469,10893,memorandum,2,0.7911198735237122,0.8283333333090779,59.0
10471,10980,memorandum,2,0.7427640855312347,0.12889233814587733,12.0
10472,10501,memorandum,2,0.7679368257522583,0.8836841645842496,58.0
10473,10726,memorandum,2,0.7087473273277283,0.31741799247089403,4.333333333333333
10474,11327,memorandum,2,0.5236439108848572,0.009900724659047328,0.0
10475,10926,memorandum,2,0.525404691696167,0.05001592227812328,0.0
10476,10665,memorandum,2,0.7910110354423523,0.46778495436591494,32.0
10477,10519,memorandum,2,0.8024406433105469,0.6493821377046743,45.0
10478,10556,memorandum,2,0.8457796573638916,0.694721958249281,39.0
10479,11188,memorandum,2,0.5050363540649414,0.018468329063823216,0.0
10480,10578,memorandum,2,0.5544896423816681,0.026082226334215843,0.0
10481,10687,memorandum,2,0.6344388723373413,0.33477928102308163,20.666666666666668
10482,10883,memorandum,2,0.7104911208152771,0.2164116708323116,14.333333333333334
10483,10581,memorandum,2,0.8254640102386475,0.45048162184910306,14.333333333333334
10484,10760,memorandum,2,0.8384901881217957,0.7584792061934927,143.66666666666666
10485,10844,memorandum,2,0.78774094581604,0.42536665700591775,27.666666666666668
10486,10753,memorandum,2,0.4833848476409912,0.015478157194645082,0.0
10487,10687,memorandum,2,0.7263933420181274,0.4423647328010462,13.0
10488,10555,memorandum,2,0.755991667509079,0.48227718665337727,31.333333333333332
10489,10659,memorandum,2,0.5621035695075989,0.0,0.0
1049,1170,executive_order,2,0.6393064260482788,0.2225445628167258,54.0
10490,10631,memorandum,2,0.8425425887107849,0.8331361710186429,95.0
10491,11704,memorandum,2,0.5068525075912476,0.00929280296858884,0.0
10492,10674,memorandum,2,0.638583779335022,0.8616156844978587,30.0
10493,10763,memorandum,2,0.809624433517456,0.40489388078157834,28.0
10494,11315,memorandum,2,0.5524357557296753,0.026748479370696705,0.0
10498,10893,memorandum,2,0.7067033052444458,0.6128984685585297,38.0
10499,11020,memorandum,2,0.741442084312439,0.5504382673163297,30.0
105,464,executive_order,2,0.5528255105018616,0.04817310072767075,3.3333333333333335
10500,11020,memorandum,2,0.7487809062004089,0.5504382673163297,30.0
10501,11021,memorandum,2,0.7365533113479614,0.6480211050718023,33.0
10502,10883,memorandum,2,0.744862824678421,0.32636757451463366,12.0
10503,11733,memorandum,2,0.5135203301906586,0.007515612768919298,0.0
10504,10843,memorandum,2,0.569645881652832,0.0,0.0
10505,10548,memorandum,2,0.8236286640167236,0.9245982199017769,182.0
10506,10517,memorandum,2,0.5063726305961609,0.01765747930374089,0.0
10507,11364,memorandum,2,0.45003174245357513,0.0068079993402836115,0.0
10508,11608,memorandum,2,0.5302833318710327,0.0,0.0
10509,11620,memorandum,2,0.469960018992424,0.006579943021022017,0.0
10510,10667,memorandum,2,0.4412289261817932,0.01346703150372702,0.0
10511,10707,memorandum,2,0.6538787484169006,0.28806838187543693,28.0
10513,11732,memorandum,2,0.507928341627121,0.007718383572715225,0.0
10514,10622,memorandum,2,0.8119996786117554,0.40986813323414056,39.0
10515,10622,memorandum,2,0.81626957654953,0.6660491216980913,47.0
10516,10741,memorandum,2,0.7223951816558838,0.32489663700167537,29.0
10517,10570,memorandum,2,0.5042061656713486,0.09449581142546182,0.0
10518,10648,memorandum,2,0.503005862236023,0.01915960501458319,0.0
10519,10622,memorandum,2,0.8103585243225098,0.6289913579456343,47.0
1052,1524,executive_order,2,0.5857609808444977,0.17833145525624905,7.0
10521,11477,memorandum,2,0.5150941908359528,0.03565431818974967,0.0
10524,11477,memorandum,2,0.4670614004135132,0.017526194988616635,0.0
10526,10606,memorandum,2,0.8051141500473022,0.812417616995758,126.0
10527,10571,memorandum,2,0.8113667964935303,0.244702278403897,0.0
10528,10864,memorandum,2,0.7881860435009003,0.5702254730084015,27.0
10529,11027,memorandum,2,0.7428016662597656,0.7427005616897029,20.333333333333332
10531,11013,memorandum,2,0.5307784676551819,0.0084937631998764,0.0
10532,11070,memorandum,2,0.5509937405586243,0.031935116499534406,5.0
10533,10671,memorandum,2,0.6895759701728821,0.20307393962715364,10.0
10534,10890,memorandum,2,0.46592850983142853,0.0,0.0
10536,10652,memorandum,2,0.8273507952690125,0.712171826887813,46.0
10537,10606,memorandum,2,0.5919886231422424,0.015094516937179732,0.0
10538,11081,memorandum,2,0.5653016865253448,0.030776368691449438,0.0
10539,10579,memorandum,2,0.5239837169647217,0.0016427075078820636,0.0
10540,10606,memorandum,2,0.5091455578804016,0.0022313928049612743,0.0
10541,11000,memorandum,2,0.5493313372135162,0.0,0.0
10542,11357,memorandum,2,0.44520702958106995,0.005211900436363215,0.0
10543,11357,memorandum,2,0.4685225784778595,0.0053802064003787885,0.0
10544,10633,memorandum,2,0.781408429145813,0.5418346445489723,58.0
10546,11156,memorandum,2,0.536839485168457,0.0,0.0
10547,11115,memorandum,2,0.4081382304430008,0.010725772873684862,0.0
10548,10595,memorandum,2,0.7937877774238586,0.7893361049568443,122.0
10550,10659,memorandum,2,0.5233282148838043,0.007014543402481752,0.0
10551,10833,memorandum,2,0.6624042987823486,0.2282994003211119,5.0
10552,10747,memorandum,2,0.815041720867157,0.5238651284125925,25.0
10553,10893,memorandum,2,0.7020928859710693,0.46830208004508866,15.0
10554,10893,memorandum,2,0.7219595909118652,0.3734206946039779,11.0
10555,10844,memorandum,2,0.7574900686740875,0.47056170500149114,27.333333333333332
10556,10753,memorandum,2,0.6706153154373169,0.2051665345203183,11.0
10557,10722,memorandum,2,0.8464064002037048,0.6652088660565939,50.0
10558,10809,memorandum,2,0.7285244464874268,0.1268789933883437,0.0
10559,10952,memorandum,2,0.7875769734382629,0.6666666666666666,14.666666666666666
10560,10649,memorandum,2,0.44302766025066376,0.002235813833807772,0.0
10561,10907,memorandum,2,0.816473126411438,0.675213028439703,27.0
10562,10842,memorandum,2,0.5690337717533112,0.25811420736865165,14.666666666666666
10563,11479,memorandum,2,0.5471144914627075,0.0,0.0
10564,11519,memorandum,2,0.5032001435756683,0.0059762459197414,0.0
10565,10936,memorandum,2,0.6485446691513062,0.23805875851818997,13.0
10566,11100,memorandum,2,0.7615141570568085,0.1843497868143962,12.666666666666666
10567,10968,memorandum,2,0.45885978639125824,0.018233096648875933,0.0
10569,10595,memorandum,2,0.5273218899965286,0.020482511729734018,0.0
10570,10659,memorandum,2,0.48955927789211273,0.07716875503864191,0.0
10571,10648,memorandum,2,0.8966401815414429,1.0,27.0
10572,10707,memorandum,2,0.49424970149993896,0.0,0.0
10573,10595,memorandum,2,0.8375487327575684,0.902169333157056,126.0
10575,10673,memorandum,2,0.5508328080177307,0.0,0.0
10576,10697,memorandum,2,0.834736168384552,0.8110101368456492,88.0
10577,11033,memorandum,2,0.5640731453895569,0.015372129689100456,0.0
10578,11477,memorandum,2,0.5507556200027466,0.0009394064113285509,0.0
10579,10606,memorandum,2,0.8396474719047546,0.9571918037608647,136.0
10580,11932,memorandum,2,0.5081444978713989,0.0007619829855429964,0.0
10581,10762,memorandum,2,0.7221387922763824,0.09614982629790991,0.0
10582,10769,memorandum,2,0.5654534101486206,0.3659108803052645,21.0
10583,10663,memorandum,2,0.7816819846630096,0.7085539101676512,148.33333333333334
10584,10851,memorandum,2,0.6270087957382202,0.010681962048717204,0.0
10585,10694,memorandum,2,0.8654744029045105,0.3876381008319555,32.0
10586,10730,memorandum,2,0.8682186603546143,0.5324172934429542,31.0
10587,11014,memorandum,2,0.560135543346405,0.005207731682309183,0.0
10588,11645,memorandum,2,0.5793517529964447,0.0013014467269966078,0.0
10589,10772,memorandum,2,0.835955023765564,0.6264088331288503,19.666666666666668
1059,1249,executive_order,2,0.5117843896150589,0.03289161394974677,0.0
10590,10682,memorandum,2,0.5493687391281128,0.19211239211246045,17.0
10591,10799,memorandum,2,0.6518959105014801,0.4681811999050552,10.666666666666666
10592,11662,memorandum,2,0.5482556819915771,0.006453432106475393,0.0
10594,10907,memorandum,2,0.8001999258995056,0.7097358831466746,27.0
10595,10641,memorandum,2,0.8323351740837097,0.8806155220119397,140.0
10596,11231,memorandum,2,0.47421613335609436,0.008831454039864186,0.0
10597,10636,memorandum,2,0.556309312582016,0.017247859395965976,0.0
10599,11360,memorandum,2,0.44421932101249695,0.013093013212874545,0.0
10600,10608,memorandum,2,0.8192462921142578,0.41060389152441346,13.333333333333334
10601,11357,memorandum,2,0.4326164722442627,0.01150724833617168,0.0
10602,10695,memorandum,2,0.7133375406265259,0.3512329576555983,12.666666666666666
10604,11477,memorandum,2,0.5011489242315292,0.006943719522209302,0.0
10605,10649,memorandum,2,0.4464450180530548,0.005785310638069592,0.0
10606,10704,memorandum,2,0.8310493230819702,0.7984424616751821,126.0
10607,11771,memorandum,2,0.5072589665651321,0.004945002165651358,0.0
10608,10971,memorandum,2,0.6978572010993958,0.3182854833498559,12.666666666666666
1061,1741,executive_order,2,0.5518972277641296,0.06650563467109742,0.0
10610,10771,memorandum,2,0.5412489473819733,0.0,0.0
10612,11454,memorandum,2,0.5145155489444733,0.019636997175832897,0.0
10613,10875,memorandum,2,0.8657228350639343,0.8096533313554418,58.0
10615,10709,memorandum,2,0.8966401815414429,1.0,27.0
10616,10710,memorandum,2,0.742957592010498,0.7235900172084547,21.666666666666668
10617,10864,memorandum,2,0.7885192334651947,0.5983963361345208,27.0
10619,10791,memorandum,2,0.6523350477218628,0.9031950713523413,30.0
10620,10770,memorandum,2,0.6246349811553955,0.29355236972139526,12.333333333333334
10621,10743,memorandum,2,0.5420479774475098,0.07399752852277702,0.0
10622,10800,memorandum,2,0.8219228982925415,0.5380830390694994,44.0
10623,10800,memorandum,2,0.8271011114120483,0.5423482515893192,44.0
10624,11303,memorandum,2,0.4913388639688492,0.01929669129055594,3.3333333333333335
10627,11395,memorandum,2,0.518832802772522,0.006682419577323406,0.0
10628,10761,memorandum,2,0.4362664371728897,0.021600878567067536,3.6666666666666665
1063,1188,executive_order,2,0.5298634320497513,0.09755482218715929,3.6666666666666665
10631,10783,memorandum,2,0.8886020183563232,1.0,100.0
10632,10844,memorandum,2,0.7777988910675049,0.48523323098706284,30.666666666666668
10633,10754,memorandum,2,0.7557928562164307,0.279528893963265,37.0
10634,10766,memorandum,2,0.5058286786079407,0.01988703462813639,0.0
10635,10843,memorandum,2,0.836561918258667,0.8245123179508448,60.0
10636,10801,memorandum,2,0.8305809497833252,0.6605765558585565,47.333333333333336
10638,11013,memorandum,2,0.45142875611782074,0.015036458927422988,0.0
10639,10729,memorandum,2,0.8088810443878174,0.547460667914185,18.333333333333332
10641,10742,memorandum,2,0.7927481234073639,0.4174650011161731,54.0
10642,10702,memorandum,2,0.8391147255897522,0.3616145410653621,36.0
10644,11338,memorandum,2,0.5850648880004883,0.025730922487183255,0.0
10645,10890,memorandum,2,0.5978151559829712,0.05226458740153442,0.0
10646,10827,memorandum,2,0.5470835268497467,0.042314354761534105,0.0
10647,11062,memorandum,2,0.45359739661216736,0.016459773706581613,0.0
10648,10753,memorandum,2,0.6945862770080566,0.6815682119539579,25.0
10649,11144,memorandum,2,0.5392394661903381,0.011883689236208193,0.0
10650,11042,memorandum,2,0.532729983329773,0.003365396454892526,0.0
10651,11731,memorandum,2,0.4999600946903229,0.008331230016909452,0.0
10652,11022,memorandum,2,0.6244399547576904,0.09163736957745813,0.0
10653,10844,memorandum,2,0.753109335899353,0.48666711310305555,28.0
10654,10864,memorandum,2,0.49406591057777405,0.0061892956245100435,0.0
10655,10981,memorandum,2,0.7629470825195312,0.43527650367381915,0.0
10656,10724,memorandum,2,0.8407207131385803,0.7499953722753361,43.0
10657,10670,memorandum,2,0.8419951796531677,0.9144187403113697,33.0
10658,10890,memorandum,2,0.6016106605529785,0.06790695078095767,0.0
10659,11281,memorandum,2,0.49371230602264404,0.0,0.0
10660,11320,memorandum,2,0.5090171098709106,0.00823281321708771,0.0
10661,11376,memorandum,2,0.5913487672805786,0.0,0.0
10662,10690,memorandum,2,0.5959991216659546,0.026754157832205035,0.0
10663,10840,memorandum,2,0.7635753750801086,0.42501857735251036,89.33333333333333
10664,10684,memorandum,2,0.6492207050323486,0.2778665196506039,13.0
10665,11115,memorandum,2,0.7756705284118652,0.39754096159209196,29.0
10666,10770,memorandum,2,0.6676858067512512,0.28805327720983476,8.0
10667,10716,memorandum,2,0.8506796956062317,0.4570148019813828,32.0
10668,10799,memorandum,2,0.5458822548389435,0.06885546652591575,3.6666666666666665
10669,10810,memorandum,2,0.7358102798461914,0.4568007476135405,4.333333333333333
1067,2905,executive_order,2,0.47070735692977905,0.028495533956752236,0.0
10670,11033,memorandum,2,0.5691180229187012,0.01305708541097594,0.0
10671,10692,memorandum,2,0.6701990365982056,0.11754896183431428,10.0
10673,10804,memorandum,2,0.6277478635311127,0.06830184531513768,0.0
10674,11056,memorandum,2,0.567910373210907,0.5575213851934977,11.0
10675,10695,memorandum,2,0.7478160858154297,0.4146176827226511,20.333333333333332
10676,10774,memorandum,2,0.49893589317798615,0.007881118687839644,0.0
10678,10702,memorandum,2,0.6929972171783447,0.23802296392640088,28.0
10679,10698,memorandum,2,0.6669418811798096,0.5228785929902157,20.0
10681,10846,memorandum,2,0.8409366011619568,0.6666666666666665,23.333333333333332
10682,10771,memorandum,2,0.5966985523700714,0.07902881081884673,7.5
10683,10948,memorandum,2,0.6899316012859344,0.5368312363640656,28.333333333333332
10684,10729,memorandum,2,0.7723405957221985,0.6789682295642754,24.333333333333332
10686,10770,memorandum,2,0.6103174388408661,0.26241276013940096,8.333333333333334
10687,10971,memorandum,2,0.694902777671814,0.46914842543893065,21.0
10688,11477,memorandum,2,0.49602869153022766,0.010568132601469264,0.0
10689,11313,memorandum,2,0.4997154176235199,0.0036885959777804285,0.0
10690,11017,memorandum,2,0.5601320266723633,0.3942754569228647,76.0
10692,10753,memorandum,2,0.6723476648330688,0.051867971008011035,0.0
10693,11063,memorandum,2,0.6814828813076019,0.09347994437154249,4.333333333333333
10694,10754,memorandum,2,0.8081861734390259,0.27898850651210366,32.0
10695,11066,memorandum,2,0.7241856753826141,0.3912227751310993,16.0
10697,11060,memorandum,2,0.7463808059692383,0.5079659652136528,55.0
10698,10855,memorandum,2,0.6989129185676575,0.453845386869897,16.0
10700,11004,memorandum,2,0.5201840400695801,0.0,0.0
10701,11472,memorandum,2,0.5047390162944794,0.004920814262356685,0.0
10702,10716,memorandum,2,0.7407883405685425,0.3444693662857662,35.0
10703,10754,memorandum,2,0.7426642775535583,0.2753371468145509,35.0
10704,10826,memorandum,2,0.5363461375236511,0.024124890034089855,0.0
10706,10747,memorandum,2,0.8058836460113525,0.6893507045078313,27.0
10707,10828,memorandum,2,0.6540588736534119,0.09118094791856314,0.0
10708,10892,memorandum,2,0.579885721206665,0.00831488250169368,0.0
10709,10794,memorandum,2,0.8114323616027832,0.26944859856017356,0.0
1071,1109,executive_order,2,0.6769008338451385,0.8076891996317396,131.0
10710,11111,memorandum,2,0.7298336327075958,0.6104607732031528,17.666666666666668
10712,11750,memorandum,2,0.673661470413208,0.14308291158223796,20.5
10713,11750,memorandum,2,0.5031237304210663,0.02803550004270518,0.0
10714,10730,memorandum,2,0.5946427881717682,0.10417520417671428,0.0
10716,10818,memorandum,2,0.7625048160552979,0.4645681685903626,38.0
10717,11704,memorandum,2,0.5190160721540451,0.005801978144154424,0.0
10718,11532,memorandum,2,0.5221181511878967,0.008316313728657114,0.0
10719,11364,memorandum,2,0.4378523826599121,0.0038505545902449297,0.0
10721,10828,memorandum,2,0.6494496464729309,0.10621086269292862,0.0
10722,10882,memorandum,2,0.7700843811035156,0.45030708325281116,32.666666666666664
10724,10883,memorandum,2,0.6648269891738892,0.25805299339907656,18.0
10725,10751,memorandum,2,0.7517427802085876,0.4429776564373438,30.666666666666668
10726,10809,memorandum,2,0.6211051642894745,0.03853620438050671,0.0
10727,10799,memorandum,2,0.4951961636543274,0.0,0.0
10728,10746,memorandum,2,0.7687357664108276,0.5360979564214104,25.0
10729,11212,memorandum,2,0.6631536483764648,0.376869659581946,5.666666666666667
10730,10911,memorandum,2,0.7725771069526672,0.48296346369346393,27.666666666666668
10733,11562,memorandum,2,0.545749306678772,0.0,0.0
10734,10746,memorandum,2,0.7600675225257874,0.7187829515813058,27.0
10735,11440,memorandum,2,0.5068821907043457,0.013128291814314706,0.0
10736,11777,memorandum,2,0.5758272111415863,0.004756002244695359,0.0
10737,11692,memorandum,2,0.5154306888580322,0.0022534623071700237,0.0
10739,10828,memorandum,2,0.7162117958068848,0.2539169079414168,34.0
10740,11927,memorandum,2,0.5230561196804047,0.008928807900949135,0.0
10741,10803,memorandum,2,0.7778900861740112,0.10460313797907182,14.0
10742,10826,memorandum,2,0.5346761047840118,0.019915175090051716,0.0
10743,10771,memorandum,2,0.8005252778530121,0.09943667078794749,0.0
10744,10771,memorandum,2,0.5105789303779602,0.023908123034174694,0.0
10745,10826,memorandum,2,0.5834125876426697,0.012609065289700384,0.0
10746,10907,memorandum,2,0.8261240720748901,0.7150166160682102,28.0
10747,10907,memorandum,2,0.8127458691596985,0.7003470796186988,28.0
10748,10753,memorandum,2,0.5457709431648254,0.01153870842372702,0.0
10750,11168,memorandum,2,0.5157054662704468,0.0574086385306515,0.0
10751,10911,memorandum,2,0.7997121810913086,0.46203621913899634,30.333333333333332
10753,10771,memorandum,2,0.6077926158905029,0.07900968620454193,0.0
10754,10849,memorandum,2,0.7823132276535034,0.3806919812549994,29.0
10755,10817,memorandum,2,0.4879198670387268,0.0,0.0
10758,11261,memorandum,2,0.39320361614227295,0.008851671570803485,0.0
10759,11447,memorandum,2,0.5808199644088745,0.0,0.0
10760,10916,memorandum,2,0.7719629108905792,0.500070023341956,91.33333333333333
10761,11570,memorandum,2,0.49396125972270966,0.01984998937155803,0.0
10762,10770,memorandum,2,0.5391834378242493,0.007563715444050637,0.0
10763,11012,memorandum,2,0.7153087854385376,0.2903061174072808,13.0
10764,11159,memorandum,2,0.8827340602874756,0.8398091512132945,58.0
10765,11511,memorandum,2,0.4821971654891968,0.003114106455493504,0.0
10766,11303,memorandum,2,0.5200370848178864,0.002324940557384131,0.0
10767,11513,memorandum,2,0.5520894527435303,0.004745587694062653,0.0
10768,10911,memorandum,2,0.7460030913352966,0.3821496429796393,34.666666666666664
10769,10770,memorandum,2,0.5915654897689819,0.2207059775377067,10.5
1077,1221,executive_order,2,0.8102490901947021,0.6985172211639084,177.0
10770,11032,memorandum,2,0.5891759991645813,0.15369277078462185,0.0
10771,10886,memorandum,2,0.592222273349762,0.08504986153669651,20.0
10772,10919,memorandum,2,0.8409366011619568,0.6666666666666665,23.333333333333332
10773,11306,memorandum,2,0.5205713510513306,0.01040302482821546,0.0
10774,11701,memorandum,2,0.5161588340997696,0.011821122525009525,0.0
10776,10921,memorandum,2,0.6413319110870361,0.5473056153748654,29.0
10777,11062,memorandum,2,0.566132128238678,0.006921370212918043,0.0
10779,10945,memorandum,2,0.6833207011222839,0.33749890060181276,16.0
10780,10950,memorandum,2,0.6325976848602295,0.11640218444510102,22.0
10781,11968,memorandum,2,0.5187771320343018,0.0,0.0
10782,11267,memorandum,2,0.5555969178676605,0.0014477450329899914,0.0
10783,10960,memorandum,2,0.6036956310272217,0.02435320734017693,0.0
10784,10935,memorandum,2,0.6443756818771362,0.0,0.0
10786,11022,memorandum,2,0.5827846527099609,0.024363394053760958,0.0
10787,10876,memorandum,2,0.5581884980201721,0.034519089116543285,0.0
10788,10946,memorandum,2,0.7505111396312714,0.8252906798613074,64.33333333333333
10789,10955,memorandum,2,0.8161320686340332,0.5077181954836252,30.333333333333332
1079,3074,executive_order,2,0.5069862306118011,0.1698312873988669,0.0
10791,10970,memorandum,2,0.654624342918396,0.027067279820195068,0.0
10793,11004,memorandum,2,0.5329353213310242,0.0038895234650909317,0.0
10794,10975,memorandum,2,0.5255824327468872,0.007232197019988611,0.0
10795,10857,memorandum,2,0.7562195062637329,0.4302965769564818,40.0
10796,10932,memorandum,2,0.44051605463027954,0.036446901756490686,0.0
10797,10928,memorandum,2,0.5192297697067261,0.0,0.0
10798,11000,memorandum,2,0.7141133546829224,0.23350181714480764,23.0
10799,10961,memorandum,2,0.5383374392986298,0.11062773133576487,0.0
108,2964,executive_order,2,0.5319352596998215,0.010997178488219806,0.0
1080,1519,executive_order,2,0.5919679403305054,0.22324850148069886,20.0
10800,10949,memorandum,2,0.7102063894271851,0.26931255737597004,25.0
10801,10963,memorandum,2,0.8020203709602356,0.5122679099973494,42.0
10802,10955,memorandum,2,0.6039023697376251,0.20967322246263398,18.0
10803,10819,memorandum,2,0.5761452913284302,0.01926286957867982,0.0
10804,10828,memorandum,2,0.650969922542572,0.09987593766287405,0.0
10806,11435,memorandum,2,0.4892711639404297,0.010921587695952903,0.0
10807,11290,memorandum,2,0.4838602691888809,0.013626269027989102,0.0
10808,11435,memorandum,2,0.5384272933006287,0.006358510103244329,0.0
10809,10954,memorandum,2,0.6916415691375732,0.13326688871269105,0.0
10810,11120,memorandum,2,0.6401894092559814,0.019216408571313577,0.0
10811,11759,memorandum,2,0.5737821459770203,0.002487007733162462,0.0
10812,11161,memorandum,2,0.5444393903017044,0.0025547327730568252,0.0
10813,11142,memorandum,2,0.45991523563861847,0.015565386507864555,0.0
10814,10826,memorandum,2,0.4300779104232788,0.0,0.0
10815,11284,memorandum,2,0.4742710292339325,0.0,0.0
10816,11000,memorandum,2,0.520936906337738,0.0,0.0
10817,11133,memorandum,2,0.5533722639083862,0.02450063793807528,0.0
10818,10956,memorandum,2,0.7454463243484497,0.38065924210810287,47.0
10819,10890,memorandum,2,0.6321918964385986,0.08885836638627173,0.0
10820,10922,memorandum,2,0.6457695662975311,0.38465471694881304,15.5
10821,10921,memorandum,2,0.6511658430099487,0.396116077248549,15.5
10823,11129,memorandum,2,0.7852001190185547,0.3654663694193954,10.333333333333334
10824,10922,memorandum,2,0.6237056851387024,0.36126841698686674,15.5
10825,11129,memorandum,2,0.7691035866737366,0.35708320609139904,10.333333333333334
10826,11022,memorandum,2,0.6528939008712769,0.053658105575569416,0.0
10827,10899,memorandum,2,0.5247009098529816,0.03320903833187819,0.0
10828,11156,memorandum,2,0.6079285740852356,0.0448702728111832,0.0
10829,10855,memorandum,2,0.7593568563461304,0.5436109438616161,27.0
10830,10917,memorandum,2,0.7095026969909668,0.46820520040345953,9.0
10831,11161,memorandum,2,0.4637337177991867,0.006911769072775023,0.0
10832,11812,memorandum,2,0.7094526290893555,0.1837603410583471,0.0
10833,10981,memorandum,2,0.7079944610595703,0.340910598669171,0.0
10838,11355,memorandum,2,0.5389079451560974,0.04868527610903262,0.0
10839,10850,memorandum,2,0.8110940456390381,0.2535590656625894,0.0
1084,1205,executive_order,2,0.45147518813610077,0.036149375251767014,0.0
10840,11105,memorandum,2,0.8016554713249207,0.5415936856110255,70.33333333333333
10841,10883,memorandum,2,0.8673841953277588,0.5531536986502359,21.333333333333332
10842,10998,memorandum,2,0.7599252164363861,0.48996047281917515,25.0
10843,11191,memorandum,2,0.8555938601493835,0.7956376559609504,54.0
10844,10948,memorandum,2,0.7630611062049866,0.3618683349135419,20.0
10845,10949,memorandum,2,0.7637766599655151,0.35394411231623313,13.0
10846,11005,memorandum,2,0.8409366011619568,0.6666666666666665,23.333333333333332
10848,10854,memorandum,2,0.7385449409484863,0.6331301353032169,24.0
10849,10904,memorandum,2,0.8122082948684692,0.42599519214222437,43.0
1085,1359,executive_order,2,0.8389045596122742,0.7981688560135822,55.666666666666664
10850,10851,memorandum,2,0.7742065787315369,0.2848832405399279,24.0
10851,10930,memorandum,2,0.7453303933143616,0.3590974508428478,27.0
10852,10894,memorandum,2,0.7864023447036743,0.8295551281615224,50.0
10853,11434,memorandum,2,0.45896779000759125,0.029058408742392974,0.0
10854,10908,memorandum,2,0.7655209302902222,0.6533656448883096,24.0
10855,10997,memorandum,2,0.6357464790344238,0.503079674613788,22.0
10857,10956,memorandum,2,0.7241933941841125,0.37864955292865027,45.0
10858,10952,memorandum,2,0.7149498462677002,0.32547214446009254,5.0
10859,10932,memorandum,2,0.6941054463386536,0.7487088451814967,32.0
10860,11139,memorandum,2,0.7368485927581787,0.0982640685038688,10.0
10861,10932,memorandum,2,0.6940051317214966,0.6192985025173723,12.0
10863,11030,memorandum,2,0.712464451789856,0.7714532133123936,46.333333333333336
10864,11253,memorandum,2,0.7600199282169342,0.4881559365510739,35.0
10865,10978,memorandum,2,0.7837429046630859,0.7613507580964937,25.0
10866,10891,memorandum,2,0.6243744492530823,0.5218745191273857,13.0
10867,10928,memorandum,2,0.5221174359321594,0.039083384933878314,0.0
10868,10991,memorandum,2,0.7419643998146057,0.6334789275323295,24.0
10869,10970,memorandum,2,0.789707601070404,0.8103298176032075,25.0
10872,10978,memorandum,2,0.7884073257446289,0.7046692929009425,25.0
10873,11421,memorandum,2,0.5482418239116669,0.003884831904108906,0.0
10874,11454,memorandum,2,0.519089549779892,0.004003307372464519,0.0
10875,11024,memorandum,2,0.4254469573497772,0.003916062897154159,0.0
10876,11055,memorandum,2,0.45914770662784576,0.06135219334318567,0.0
10878,10970,memorandum,2,0.7897793054580688,0.7197749038094713,25.0
10879,10899,memorandum,2,0.580162450671196,0.21923065256028915,29.333333333333332
1088,1140,executive_order,2,0.5054332315921783,0.048383830922657155,0.0
10880,11370,memorandum,2,0.5830897688865662,0.08145547217914757,0.0
10881,10947,memorandum,2,0.6890370845794678,0.31954159871449683,47.0
10882,11038,memorandum,2,0.853794276714325,0.7644266250726318,47.333333333333336
10883,11012,memorandum,2,0.7904451489448547,0.46270508101983293,21.0
10885,10954,memorandum,2,0.4806526303291321,0.006323795494310757,0.0
10886,11084,memorandum,2,0.6473857164382935,0.08237304663556835,17.0
10887,10955,memorandum,2,0.4927961379289627,0.01555071138449668,0.0
10889,10980,memorandum,2,0.5059735774993896,0.16743294806949352,15.0
1089,1145,executive_order,2,0.483729749917984,0.05453124841622179,10.0
10890,11230,memorandum,2,0.6094613075256348,0.11988372277403865,0.0
10891,11496,memorandum,2,0.45881398022174835,0.031577207834516695,0.0
10892,10936,memorandum,2,0.5981578230857849,0.09908678373228948,10.0
10893,11021,memorandum,2,0.7302296161651611,0.6375301189568247,34.0
10894,11015,memorandum,2,0.7845377922058105,0.6982954294571624,48.0
10897,11303,memorandum,2,0.4895508289337158,0.019807883633018917,5.0
10899,11022,memorandum,2,0.5035294890403748,0.0,0.0
10900,11047,memorandum,2,0.7624515891075134,0.4809521391257476,0.0
10902,11952,memorandum,2,0.46425943076610565,0.007926679419356462,0.0
10903,10930,memorandum,2,0.7775501012802124,0.34186731869417036,26.0
10904,10934,memorandum,2,0.7596141695976257,0.2751198712308185,25.0
10905,11358,memorandum,2,0.5239729881286621,0.0,0.0
10906,10991,memorandum,2,0.7548953294754028,0.6578073775513773,27.0
10907,10992,memorandum,2,0.7584184408187866,0.6952352356014627,28.0
10908,10991,memorandum,2,0.779464602470398,0.7047504180503494,27.0
10911,11112,memorandum,2,0.6056930720806122,0.16219041177904406,3.6666666666666665
10912,10954,memorandum,2,0.6076660752296448,0.07533776701107409,0.0
10913,10954,memorandum,2,0.72319495677948,0.4325532738395575,34.0
10916,10994,memorandum,2,0.6434825360774994,0.2151803445286722,69.0
10917,10953,memorandum,2,0.7875769734382629,0.6666666666666666,14.666666666666666
10919,11065,memorandum,2,0.8409366011619568,0.6666666666666665,23.333333333333332
10920,10959,memorandum,2,0.7470664381980896,0.41290939651596986,50.0
10921,10992,memorandum,2,0.7526978254318237,0.5447497184425316,12.0
10922,10992,memorandum,2,0.7766692638397217,0.5447497184425316,12.0
10923,11016,memorandum,2,0.8067455291748047,0.7894064307770763,25.0
10925,11351,memorandum,2,0.4487976133823395,0.0,0.0
10926,10932,memorandum,2,0.7268140316009521,0.6244278829901929,25.0
10927,11653,memorandum,2,0.6004403233528137,0.006679737062663581,0.0
10928,10956,memorandum,2,0.4309453070163727,0.057881876004005475,0.0
10929,11193,memorandum,2,0.7279934883117676,0.150094383485298,10.0
10930,11007,memorandum,2,0.7538518309593201,0.33375898459097336,41.0
10931,10968,memorandum,2,0.5555331707000732,0.030984719058552046,0.0
10932,11003,memorandum,2,0.7243532538414001,0.8020908193017969,38.0
10934,10951,memorandum,2,0.8017716407775879,0.3134330171123742,32.0
10935,11053,memorandum,2,0.5060640573501587,0.00835992425218516,0.0
10936,10980,memorandum,2,0.662574291229248,0.46544076073753343,30.0
10938,11253,memorandum,2,0.7459554374217987,0.5295593444177656,20.333333333333332
10939,11100,memorandum,2,0.6862042844295502,0.11443223796526202,4.333333333333333
10940,11111,memorandum,2,0.7478855550289154,0.5100782647932743,13.5
10941,11355,memorandum,2,0.5550664663314819,0.019025774922754764,0.0
10943,11434,memorandum,2,0.5386382341384888,0.03173599917591109,0.0
10944,11156,memorandum,2,0.5924394726753235,0.08527296139421037,0.0
10945,11130,memorandum,2,0.6923017501831055,0.23806185010037792,7.0
10946,11074,memorandum,2,0.6845548152923584,0.9035527172655646,56.0
10947,11002,memorandum,2,0.7535755634307861,0.26224398792551856,20.0
10948,11012,memorandum,2,0.7274957299232483,0.42162228487845127,16.333333333333332
10949,11031,memorandum,2,0.6616281270980835,0.6743450090855572,45.0
10950,11007,memorandum,2,0.8184488415718079,0.3253448361035381,30.0
10951,10956,memorandum,2,0.7627680897712708,0.21636188576455817,38.0
10952,11750,memorandum,2,0.5793477594852448,0.15963300015271467,5.333333333333333
10953,11750,memorandum,2,0.5793477594852448,0.15963300015271467,5.333333333333333
10954,11022,memorandum,2,0.585796058177948,0.06899247014173862,0.0
10955,10998,memorandum,2,0.752641886472702,0.2968902054325568,15.0
10956,10959,memorandum,2,0.718909502029419,0.21161338347398717,40.0
10957,11070,memorandum,2,0.4984740912914276,0.006871530316760188,0.0
10958,11156,memorandum,2,0.45260244607925415,0.0,0.0
10959,11029,memorandum,2,0.7458823919296265,0.25178117698469693,25.0
1096,1135,executive_order,2,0.6211844682693481,0.07039826334788661,0.0
10960,11606,memorandum,2,0.5832167863845825,0.0016933088470303342,0.0
10961,11032,memorandum,2,0.5497782826423645,0.05128275743821284,0.0
10962,11046,memorandum,2,0.36466097831726074,0.020481938989884894,0.0
10963,11077,memorandum,2,0.8482391834259033,0.7140988916333691,39.666666666666664
10965,11120,memorandum,2,0.5393131375312805,0.046619153645761066,0.0
10967,11411,memorandum,2,0.5315312147140503,0.0,0.0
10968,11250,memorandum,2,0.5800481736660004,0.06648567659857965,0.0
10969,10970,memorandum,2,0.780143678188324,0.808954697286367,25.0
10970,11016,memorandum,2,0.7965844869613647,0.7804409023743836,25.0
10971,11210,memorandum,2,0.6840227842330933,0.35426410196800623,18.666666666666668
10972,11032,memorandum,2,0.5556357502937317,0.05153681357469974,0.0
10973,11250,memorandum,2,0.5573742687702179,0.03326072989796778,0.0
10974,11088,memorandum,2,0.5746577978134155,0.042729634924083215,0.0
10975,11064,memorandum,2,0.7573294341564178,0.4901028283889938,68.5
10976,11032,memorandum,2,0.6682205200195312,0.37771980064046196,13.0
10978,11346,memorandum,2,0.7970855236053467,0.7832358244570781,26.0
10979,10980,memorandum,2,0.6227613091468811,0.034086153449435025,0.0
1098,1685,executive_order,2,0.5995948910713196,0.13240610896041144,0.0
10980,11120,memorandum,2,0.6061057448387146,0.08672828889053728,0.0
10981,11103,memorandum,2,0.8082900047302246,0.6666666666666666,6.333333333333333
10983,11230,memorandum,2,0.5579774379730225,0.14595274519356297,0.0
10985,11327,memorandum,2,0.5286448895931244,0.008345273380533173,0.0
10986,11761,memorandum,2,0.47613878548145294,0.011868454802687486,0.0
10988,11023,memorandum,2,0.591756284236908,0.0682247110348847,0.0
10990,11102,memorandum,2,0.8587580919265747,0.6928818344176977,40.0
10991,11204,memorandum,2,0.6544304490089417,0.2276092428697133,6.0
10992,11204,memorandum,2,0.6691321730613708,0.21592138605183384,6.0
10993,11204,memorandum,2,0.4105706214904785,0.013340880986963581,0.0
10994,11105,memorandum,2,0.6888964474201202,0.15250359548405967,46.333333333333336
10995,11117,memorandum,2,0.49194130301475525,0.013181017357574662,0.0
10997,11106,memorandum,2,0.5988980531692505,0.1581115436911478,7.0
10998,11192,memorandum,2,0.6751194000244141,0.15743202527898822,11.0
10999,11246,memorandum,2,0.47868920862674713,0.007881961444310547,0.0
11,28,memorandum,2,0.49807262420654297,0.009711655984066458,0.0
1100,1155,executive_order,2,0.5685295164585114,0.1366207691848234,0.0
11000,11373,memorandum,2,0.5098199397325516,0.0037838949756605535,0.0
11001,11139,memorandum,2,0.7039532363414764,0.13491585019600144,6.5
11002,11007,memorandum,2,0.7495264410972595,0.27470777661113494,12.0
11003,11150,memorandum,2,0.5349910259246826,0.07768248920390185,0.0
11004,11355,memorandum,2,0.5514447689056396,0.05621207826777866,0.0
11005,11138,memorandum,2,0.8409366011619568,0.6666666666666665,23.333333333333332
11006,11017,memorandum,2,0.49123841524124146,0.06762075667684088,6.666666666666667
11007,11029,memorandum,2,0.7137979865074158,0.17372931968314229,26.0
11009,11434,memorandum,2,0.47283387184143066,0.03292086789312006,0.0
11010,11033,memorandum,2,0.5132362842559814,0.005152128527405185,0.0
11011,11155,memorandum,2,0.5148677825927734,0.036180362868679046,0.0
11012,11192,memorandum,2,0.6651095747947693,0.22549723714687145,14.666666666666666
11013,11434,memorandum,2,0.5455315113067627,0.02444988360457908,0.0
11014,11230,memorandum,2,0.5579119920730591,0.08954607746044546,0.0
11015,11115,memorandum,2,0.6267765760421753,0.1770771135877828,16.0
11016,11039,memorandum,2,0.7364943027496338,0.6373710314416363,17.0
11017,11137,memorandum,2,0.4642650783061981,0.005489771427649431,0.0
11019,11326,memorandum,2,0.5374152660369873,0.0,0.0
1102,1221,executive_order,2,0.540079653263092,0.12647111424488783,7.0
11020,11150,memorandum,2,0.7102631032466888,0.49407728131943374,24.5
11021,11086,memorandum,2,0.6910819113254547,0.357428172765338,15.0
11022,11046,memorandum,2,0.47774484753608704,0.09386781898101282,0.0
11023,11122,memorandum,2,0.5703686475753784,0.01476903456648897,0.0
11024,11720,memorandum,2,0.5153012573719025,0.0014685534381750135,0.0
11026,11073,memorandum,2,0.7567717134952545,0.36911484142321005,11.0
11027,11151,memorandum,2,0.7191316783428192,0.6441217244006016,18.0
11028,11079,memorandum,2,0.678067147731781,0.0975763476790256,0.0
11029,11344,memorandum,2,0.6634616851806641,0.08031059164818846,12.0
11030,11164,memorandum,2,0.6984862685203552,0.44211818334110137,39.333333333333336
11031,11045,memorandum,2,0.5578268766403198,0.047607066355610086,0.0
11032,11350,memorandum,2,0.6276108026504517,0.030499919096645574,0.0
11033,11133,memorandum,2,0.5360167026519775,0.04073532781266144,0.0
11034,11120,memorandum,2,0.5873349905014038,0.0,0.0
11035,11070,memorandum,2,0.5116530656814575,0.02612741265462921,0.0
11037,11120,memorandum,2,0.593335747718811,0.043102170350903524,0.0
11038,11116,memorandum,2,0.8413978219032288,0.747148737980344,42.666666666666664
11039,11111,memorandum,2,0.7011319100856781,0.27568160859303437,0.0
11040,11704,memorandum,2,0.5100462436676025,0.005532650671194207,0.0
11041,11099,memorandum,2,0.4998781085014343,0.017467194918548177,0.0
11042,11077,memorandum,2,0.61247718334198,0.1624478304741024,4.666666666666667
11043,11077,memorandum,2,0.61247718334198,0.1624478304741024,4.666666666666667
11044,11053,memorandum,2,0.4577530324459076,0.007838145568883629,0.0
11045,11434,memorandum,2,0.620920717716217,0.11450176160489911,0.0
11046,11172,memorandum,2,0.5249817073345184,0.03165029638024103,0.0
11047,11118,memorandum,2,0.752749502658844,0.3653597919178379,0.0
11048,11355,memorandum,2,0.48689401149749756,0.0027756799995346413,0.0
11049,11061,memorandum,2,0.4857320040464401,0.020575631863357837,0.0
1105,1673,executive_order,2,0.7345900535583496,0.8746602325636847,19.0
11050,11725,memorandum,2,0.49679379165172577,0.003271829556564287,0.0
11051,11355,memorandum,2,0.4587446302175522,0.011136873232579654,0.0
11052,11761,memorandum,2,0.4967324137687683,0.0,0.0
11053,11079,memorandum,2,0.5150058269500732,0.055964008370716474,0.0
11054,11199,memorandum,2,0.4777010679244995,0.015479587571118994,0.0
11055,11152,memorandum,2,0.659530758857727,0.1968467343228588,6.333333333333333
11056,11111,memorandum,2,0.5585554838180542,0.02713470835636967,0.0
11058,11562,memorandum,2,0.5705993473529816,0.035363898239291224,0.0
11059,11126,memorandum,2,0.8663626909255981,0.9999999999999998,33.0
11060,11892,memorandum,2,0.5967133045196533,0.0,0.0
11061,11537,memorandum,2,0.48609501123428345,0.01251849584961402,0.0
11062,11331,memorandum,2,0.5526170134544373,0.03929831963685088,0.0
11063,11230,memorandum,2,0.5543927550315857,0.01921954953457549,0.0
11064,11112,memorandum,2,0.45798780024051666,0.013448936567380571,0.0
11065,11355,memorandum,2,0.731559157371521,0.5,15.0
11066,11210,memorandum,2,0.7211635410785675,0.5165831854453425,26.0
11068,11193,memorandum,2,0.7153971195220947,0.20115038326549056,10.5
11070,11106,memorandum,2,0.6019710302352905,0.03695093072889146,0.0
11071,11265,memorandum,2,0.5336823463439941,0.01480622507824715,0.0
11072,11380,memorandum,2,0.44172944128513336,0.0031755990834348613,0.0
11073,11206,memorandum,2,0.8443757891654968,0.6583763349635013,23.0
11074,11125,memorandum,2,0.5928461253643036,0.28970470897340617,14.666666666666666
11075,11090,memorandum,2,0.541661262512207,0.06116707346904726,0.0
11076,11341,memorandum,2,0.5881539583206177,0.18984004354695957,3.3333333333333335
11077,11355,memorandum,2,0.5649866163730621,0.02187992645819684,0.0
11078,11164,memorandum,2,0.57386115193367,0.17120089932724947,8.0
11079,11112,memorandum,2,0.5101637840270996,0.047854218921278203,0.0
11080,11129,memorandum,2,0.500509649515152,0.004078685222369898,0.0
11081,11327,memorandum,2,0.523508220911026,0.00588645475847161,0.0
11082,11168,memorandum,2,0.5371097326278687,0.03312368312333253,0.0
11083,11347,memorandum,2,0.5014469027519226,0.00822080295080848,0.0
11084,11322,memorandum,2,0.4996798634529114,0.046112676409389076,0.0
11086,11294,memorandum,2,0.6474878191947937,0.41078963103807115,12.0
11088,11242,memorandum,2,0.48418450355529785,0.028769305988766886,0.0
11089,11733,memorandum,2,0.4773271977901459,0.014550743087620246,0.0
11090,11179,memorandum,2,0.8748666644096375,0.9722966739664547,33.0
11099,11230,memorandum,2,0.5092945694923401,0.005513438490302849,0.0
11100,11251,memorandum,2,0.5426923334598541,0.00824339871856542,0.0
11102,11133,memorandum,2,0.514135479927063,0.0,0.0
11103,11172,memorandum,2,0.752749502658844,0.3653597919178379,0.0
11104,11450,memorandum,2,0.692281186580658,0.08191855052176578,0.0
11105,11106,memorandum,2,0.515526533126831,0.04778616424935712,0.0
11106,11341,memorandum,2,0.5557535290718079,0.03940105517419904,0.0
11107,11193,memorandum,2,0.674159586429596,0.39165725968154147,36.0
11109,11134,memorandum,2,0.4901113659143448,0.04150592083706334,0.0
11110,11134,memorandum,2,0.5221791565418243,0.018443575990122908,0.0
11111,11253,memorandum,2,0.8532325029373169,0.6457066319166876,21.333333333333332
11112,11192,memorandum,2,0.6055421233177185,0.06593293352629488,0.0
11113,11205,memorandum,2,0.4177008718252182,0.010139306025987246,0.0
11114,11125,memorandum,2,0.5112840235233307,0.09675568261177575,3.6666666666666665
11115,11355,memorandum,2,0.6161764860153198,0.040407483124128576,0.0
11116,11434,memorandum,2,0.5675698220729828,0.020604045362131108,0.0
11117,11434,memorandum,2,0.5800501704216003,0.020431366770578326,0.0
11118,11344,memorandum,2,0.4955359101295471,0.029127969796103388,0.0
11119,11156,memorandum,2,0.5145936012268066,0.029725470392628166,0.0
1112,1515,executive_order,2,0.6301133632659912,0.24663054840697907,13.0
11120,11133,memorandum,2,0.5292127132415771,0.02569781579916599,0.0
11121,11204,memorandum,2,0.5461587905883789,0.025535325553913506,0.0
11122,11183,memorandum,2,0.6291880011558533,0.05188386026664153,0.0
11123,11873,memorandum,2,0.4522976875305176,0.003877996574876909,0.0
11125,11152,memorandum,2,0.6363468170166016,0.23689684381609533,7.666666666666667
11126,11163,memorandum,2,0.4774355888366699,0.0276508346736574,0.0
11128,11346,memorandum,2,0.5788332521915436,0.011003088140163347,0.0
11129,11372,memorandum,2,0.7927076816558838,0.4782174771583714,8.333333333333334
1113,1637,executive_order,2,0.627265989780426,0.007231114365416072,0.0
11130,11860,memorandum,2,0.5000548362731934,0.015564940480642872,0.0
11131,11133,memorandum,2,0.4718490242958069,0.021632050861903975,0.0
11132,11139,memorandum,2,0.5028585195541382,0.0,0.0
11133,11156,memorandum,2,0.5620195269584656,0.02585496257859794,0.0
11134,11728,memorandum,2,0.49657922983169556,0.0018324482392415656,0.0
11136,11278,memorandum,2,0.5624096393585205,0.025830373072917606,0.0
11137,11434,memorandum,2,0.5019116401672363,0.00800101599374909,0.0
11138,11434,memorandum,2,0.731559157371521,0.5,15.0
11139,11219,memorandum,2,0.7551623582839966,0.35706450780500426,12.0
11142,11207,memorandum,2,0.5647387206554413,0.15645152201735338,11.0
11144,11653,memorandum,2,0.5095668137073517,0.007655376943998688,0.0
11146,11212,memorandum,2,0.4463799446821213,0.02244548885030141,0.0
11147,11154,memorandum,2,0.5761704444885254,0.04180757152881732,0.0
11148,11154,memorandum,2,0.5469149351119995,0.041263123253861674,0.0
11150,11252,memorandum,2,0.8086063265800476,0.4825737228130056,11.333333333333334
11151,11206,memorandum,2,0.8605942726135254,0.6424411696450626,18.0
11152,11201,memorandum,2,0.43861299753189087,0.004684622395841575,0.0
11153,11201,memorandum,2,0.43898943066596985,0.0047890993983713505,0.0
11154,11202,memorandum,2,0.5385801494121552,0.07092346073264218,0.0
11155,11202,memorandum,2,0.5385801494121552,0.07092346073264218,0.0
11156,11230,memorandum,2,0.4811937212944031,0.04709755410743869,0.0
11158,11203,memorandum,2,0.7010076642036438,0.04920803153650988,0.0
11159,11653,memorandum,2,0.41502144932746887,0.0042965777147545466,0.0
11160,11434,memorandum,2,0.5759273767471313,0.1330272753023507,0.0
11161,11459,memorandum,2,0.5157856047153473,0.02367348699333387,0.0
11162,11251,memorandum,2,0.5344399213790894,0.051381145851765675,0.0
11163,11933,memorandum,2,0.511600911617279,0.0198554512617002,0.0
11164,11205,memorandum,2,0.5445184409618378,0.024821797183568837,0.0
11165,11202,memorandum,2,0.531696230173111,0.051266019802393814,0.0
11166,11186,memorandum,2,0.5192533731460571,0.0587853168300824,0.0
11167,11209,memorandum,2,0.5046939849853516,0.018554829704829922,0.0
11168,11202,memorandum,2,0.5329385995864868,0.051266019802393814,0.0
11169,11542,memorandum,2,0.5223467648029327,0.014238943225857989,0.0
11171,11491,memorandum,2,0.5093099176883698,0.006056080579034745,0.0
11172,11860,memorandum,2,0.5322366952896118,0.0,0.0
11173,11242,memorandum,2,0.5001593232154846,0.010726985301247707,0.0
11174,11567,memorandum,2,0.4666570723056793,0.007965494814375076,0.0
11176,11807,memorandum,2,0.5619420856237411,0.09709843907495858,0.0
11179,11816,memorandum,2,0.5011020451784134,0.0,0.0
11180,11186,memorandum,2,0.5709462463855743,0.033759200504355345,0.0
11181,11944,memorandum,2,0.5125830918550491,0.013675312593273632,0.0
11183,11452,memorandum,2,0.4588332772254944,0.017523686841096425,0.0
11184,11344,memorandum,2,0.4985554814338684,0.013091858493473425,0.0
11186,11197,memorandum,2,0.5660711526870728,0.16657592317131562,14.0
11187,11538,memorandum,2,0.49836525321006775,0.001194223925711625,0.0
11188,11537,memorandum,2,0.5726307034492493,0.010027489865603279,0.0
11189,11246,memorandum,2,0.3235238790512085,0.0011189305033671752,0.0
1119,1155,executive_order,2,0.5016172379255295,0.07732128431604098,4.0
11190,11568,memorandum,2,0.5062617063522339,0.005443391483784523,0.0
11191,11355,memorandum,2,0.5811573266983032,0.0,0.0
11192,11210,memorandum,2,0.7684763669967651,0.49112894991407985,25.666666666666668
11193,11370,memorandum,2,0.7216024994850159,0.15412112183505486,0.0
11196,11201,memorandum,2,0.48244136571884155,0.036341835177124956,3.3333333333333335
11197,11203,memorandum,2,0.5453221201896667,0.028407466141484344,0.0
11198,11203,memorandum,2,0.5456415116786957,0.028437078040318753,0.0
11199,11201,memorandum,2,0.4808709919452667,0.03645339523958663,3.3333333333333335
112,276,executive_order,2,0.47618409991264343,0.059234839804712974,16.666666666666668
1120,1850,executive_order,2,0.49893417954444885,0.04325617819835589,0.0
11201,11255,memorandum,2,0.5434389412403107,0.02138729918613479,0.0
11202,11347,memorandum,2,0.5504130125045776,0.01206360345763466,0.0
11203,11347,memorandum,2,0.549669623374939,0.012074762963947697,0.0
11204,11452,memorandum,2,0.5325613617897034,0.04710653520011715,0.0
11205,11293,memorandum,2,0.8571476936340332,0.6669055603108843,23.333333333333332
11206,11293,memorandum,2,0.8571476936340332,0.6669055603108843,23.333333333333332
11207,11267,memorandum,2,0.6087727248668671,0.17644938190415907,19.0
11209,11255,memorandum,2,0.5755245089530945,0.0216835639846623,0.0
11210,11214,memorandum,2,0.5197226852178574,0.01757249985279735,0.0
11211,11212,memorandum,2,0.44289155304431915,0.07659315777767159,0.0
11212,11350,memorandum,2,0.5062281936407089,0.014247187941660033,0.0
11213,11967,memorandum,2,0.551158219575882,0.01064167196529649,0.0
11214,11455,memorandum,2,0.47377412021160126,0.014952137732528216,0.0
11216,11251,memorandum,2,0.4705011397600174,0.02581343572018299,0.0
11217,11432,memorandum,2,0.6764094829559326,0.07723881932607089,10.0
11218,11733,memorandum,2,0.5573008358478546,0.0022680501893615535,0.0
11219,11443,memorandum,2,0.7502622008323669,0.18275489733623043,0.0
11221,11542,memorandum,2,0.5501329004764557,0.01576953885838463,0.0
11222,11347,memorandum,2,0.47139856219291687,0.00716775425894739,0.0
11224,11621,memorandum,2,0.5034725069999695,0.003765549300845631,0.0
11225,11733,memorandum,2,0.6108039915561676,0.010238610681829768,0.0
11228,11499,memorandum,2,0.5406281650066376,0.00707703326061039,0.0
11229,11455,memorandum,2,0.48823535442352295,0.019681239013433566,0.0
11230,11313,memorandum,2,0.5272533893585205,0.09798346077100192,0.0
11231,11459,memorandum,2,0.5153852701187134,0.0,0.0
11233,11785,memorandum,2,0.6654833555221558,0.41958594191401943,0.0
11237,11274,memorandum,2,0.570732593536377,0.4489812799386367,0.0
11238,11868,memorandum,2,0.4366641044616699,0.04024520098145987,0.0
11239,11523,memorandum,2,0.49512243270874023,0.01625036934648545,0.0
11240,11523,memorandum,2,0.4500897526741028,0.0,0.0
11241,11524,memorandum,2,0.4143504947423935,0.0019507137028663744,0.0
11242,11960,memorandum,2,0.5080438256263733,0.03964494188607558,0.0
11243,11271,memorandum,2,0.44668345153331757,0.002859153961223554,0.0
11245,11837,memorandum,2,0.7026490569114685,0.15479461997175076,0.0
11246,11249,memorandum,2,0.560302346944809,0.10256594995958733,5.333333333333333
11247,11611,memorandum,2,0.7719002366065979,0.2628329686652507,0.0
11249,11265,memorandum,2,0.629110723733902,0.20422612384897118,5.0
1125,1686,executive_order,2,0.529577910900116,0.046073133923485464,0.0
11250,11662,memorandum,2,0.48831745982170105,0.02075300802555747,0.0
11251,11313,memorandum,2,0.5150684118270874,0.0,0.0
11252,11448,memorandum,2,0.735844075679779,0.44076592699823586,9.333333333333334
11253,11283,memorandum,2,0.8511140942573547,0.5059278034639846,7.333333333333333
11255,11542,memorandum,2,0.4998995214700699,0.008319490211023345,0.0
11258,11543,memorandum,2,0.5692691206932068,0.007274917241913124,0.0
11259,11277,memorandum,2,0.6279536783695221,0.016212386434735424,0.0
11261,11330,memorandum,2,0.46825337409973145,0.027821054387017718,0.0
11265,11334,memorandum,2,0.6374182999134064,0.11118451429987797,5.0
11266,11496,memorandum,2,0.722307950258255,0.49000286189888204,15.333333333333334
11267,11432,memorandum,2,0.5865604877471924,0.15422202830250442,16.666666666666668
11268,11346,memorandum,2,0.4006838947534561,0.00248957391642228,0.0
11270,11868,memorandum,2,0.5401531457901001,0.004774667711958478,0.0
11271,11538,memorandum,2,0.5015793889760971,0.011988229440986717,0.0
11273,11588,memorandum,2,0.5081968903541565,0.0,0.0
11274,11837,memorandum,2,0.6962076425552368,0.15479461997175076,0.0
11276,11443,memorandum,2,0.5321407318115234,0.01662176551033817,0.0
11277,11482,memorandum,2,0.6549177467823029,0.006742292158757939,0.0
11278,11334,memorandum,2,0.4760557860136032,0.011721741940466233,0.0
11279,11662,memorandum,2,0.5025084912776947,0.0,0.0
11280,11347,memorandum,2,0.43967342376708984,0.003342438962028037,0.0
11281,11662,memorandum,2,0.47709718346595764,0.0017097744632931068,0.0
11283,11449,memorandum,2,0.8531268835067749,0.5687753202862584,19.666666666666668
11284,11374,memorandum,2,0.4649794399738312,0.028441782575089287,0.0
11287,11645,memorandum,2,0.5840749740600586,0.0,0.0
11288,11455,memorandum,2,0.5685560405254364,0.0070850602450607605,0.0
11289,11649,memorandum,2,0.5091026425361633,0.0,0.0
11290,11304,memorandum,2,0.5304194390773773,0.010797037275400982,0.0
11292,11707,memorandum,2,0.7975902557373047,0.6934417756350387,24.0
11293,11374,memorandum,2,0.8539320826530457,0.6259740939493502,20.0
11294,11347,memorandum,2,0.5036563724279404,0.045724869643544275,0.0
11297,11733,memorandum,2,0.5132651627063751,0.007150394994455519,0.0
11298,11359,memorandum,2,0.579782098531723,0.0,0.0
11299,11359,memorandum,2,0.5772627890110016,0.0,0.0
11300,11395,memorandum,2,0.5427397191524506,0.0014113964918970527,0.0
11302,11516,memorandum,2,0.5655644237995148,0.00391697599857076,0.0
11303,11381,memorandum,2,0.4688650071620941,0.0031907393084952326,0.0
11304,11435,memorandum,2,0.5754312872886658,0.010121003413195568,0.0
11305,11388,memorandum,2,0.5813381671905518,0.004400702687335963,0.0
11306,11621,memorandum,2,0.5392730236053467,0.0039199460322342315,0.0
11309,11944,memorandum,2,0.4796503037214279,0.003283754414618062,0.0
1131,1290,executive_order,2,0.6618472933769226,0.5820600868575325,91.66666666666667
11313,11434,memorandum,2,0.45818474888801575,0.013942287173449062,0.0
11314,11360,memorandum,2,0.46850229799747467,0.006489115355755276,0.0
11315,11334,memorandum,2,0.606241375207901,0.051423972070750064,3.3333333333333335
11317,11927,memorandum,2,0.3918200433254242,0.0,0.0
11318,11359,memorandum,2,0.6121537685394287,0.06043239315843412,0.0
11319,11733,memorandum,2,0.5167124271392822,0.0057072795425501255,0.0
1132,2826,executive_order,2,0.5966847240924835,0.024085621487187292,0.0
11320,11642,memorandum,2,0.7846399545669556,0.799841980006174,27.0
11322,11355,memorandum,2,0.5258103758096695,0.028123655562677485,0.0
11324,11563,memorandum,2,0.7084643840789795,0.05276976019285138,0.0
11326,11614,memorandum,2,0.5372296273708344,0.004052932615573315,0.0
11327,11896,memorandum,2,0.5011120289564133,0.010321264620687394,0.0
11330,11520,memorandum,2,0.5153423249721527,0.01588935947383097,0.0
11331,11614,memorandum,2,0.4803113788366318,0.0096112904559573,0.0
11332,11355,memorandum,2,0.492557555437088,0.004474543239871857,0.0
11333,11562,memorandum,2,0.46443115174770355,0.013242540179197565,0.0
11334,11462,memorandum,2,0.5940207242965698,0.15762684662906382,23.0
11335,11385,memorandum,2,0.5723394751548767,0.009297132315304641,0.0
11338,11355,memorandum,2,0.4165479838848114,0.009547543095883664,0.0
11339,11427,memorandum,2,0.6202077865600586,0.1347965591520786,24.666666666666668
1134,1154,executive_order,2,0.5173179507255554,0.2111217332378509,43.333333333333336
11340,11843,memorandum,2,0.5894663333892822,0.07188438744314686,5.0
11341,11344,memorandum,2,0.4920739084482193,0.2199451030867536,11.0
11343,11860,memorandum,2,0.5393032282590866,0.03500939068899248,0.0
11344,11450,memorandum,2,0.6546059846878052,0.17708793743495788,18.5
11345,11570,memorandum,2,0.4636828154325485,0.01046312751562262,0.0
11346,11496,memorandum,2,0.6158435642719269,0.15926564651768405,0.0
11347,11434,memorandum,2,0.5988839864730835,0.06232446504977557,0.0
11348,11371,memorandum,2,0.7942004203796387,0.5110559793794115,73.0
11350,11860,memorandum,2,0.4949334114789963,0.022544513512527255,3.3333333333333335
11351,11530,memorandum,2,0.5035948604345322,0.130114654969705,0.0
11353,11426,memorandum,2,0.6207637786865234,0.0,0.0
11354,11860,memorandum,2,0.5029994994401932,0.005283808632495353,0.0
11355,11433,memorandum,2,0.489397257566452,0.05718949739625248,0.0
11357,11662,memorandum,2,0.5158374756574631,0.007123486547757391,0.0
11358,11771,memorandum,2,0.42781808972358704,0.010880136011835524,0.0
11359,11431,memorandum,2,0.5206856727600098,0.008313170186175242,0.0
11360,11537,memorandum,2,0.48719312250614166,0.01455695627191888,0.0
11361,11524,memorandum,2,0.5191315114498138,0.0,0.0
11362,11534,memorandum,2,0.5233194828033447,0.010054673269529982,0.0
11363,11641,memorandum,2,0.44310256838798523,0.02209011898677089,0.0
11364,11975,memorandum,2,0.4701756238937378,0.009098687211969344,0.0
11365,11532,memorandum,2,0.5081861466169357,0.0,0.0
11366,11459,memorandum,2,0.47923752665519714,0.005827569494312069,0.0
11367,11975,memorandum,2,0.5398970395326614,0.0033835062814092215,0.0
11368,11490,memorandum,2,0.49580472707748413,0.010345702396639338,0.0
11370,11707,memorandum,2,0.7784778475761414,0.46492886266290706,11.0
11371,11381,memorandum,2,0.8281058073043823,0.4819518242192622,62.666666666666664
11372,11452,memorandum,2,0.4969854801893234,0.053377815716043116,0.0
11373,11385,memorandum,2,0.7102323770523071,0.35414363625604556,38.666666666666664
11374,11496,memorandum,2,0.7548113763332367,0.37026116024038447,3.3333333333333335
11375,11675,memorandum,2,0.5006980895996094,0.010411829809359683,0.0
11376,11465,memorandum,2,0.5641275644302368,0.005219897960568235,0.0
11377,11773,memorandum,2,0.44795574247837067,0.013747116192597544,0.0
11380,11544,memorandum,2,0.7421945333480835,0.18889903297564356,0.0
11381,11592,memorandum,2,0.4091271013021469,0.0030328697947179135,0.0
11382,11402,memorandum,2,0.5133655369281769,0.017026545718815355,0.0
11384,11520,memorandum,2,0.577591598033905,0.005302066104090686,0.0
11385,11392,memorandum,2,0.4290028363466263,0.0013902031566659261,0.0
11387,11388,memorandum,2,0.5375427007675171,0.008205093636058937,0.0
11388,11414,memorandum,2,0.5146906971931458,0.003991113824659065,0.0
11389,11673,memorandum,2,0.5217249393463135,0.0055687546055493,0.0
11390,11922,memorandum,2,0.5148607492446899,0.0033545288610691434,0.0
11391,11401,memorandum,2,0.6254224479198456,0.07880725756298101,14.333333333333334
11392,11520,memorandum,2,0.5790969133377075,0.0,0.0
11394,11615,memorandum,2,0.7105070352554321,0.03735970556653048,0.0
11395,11422,memorandum,2,0.5024710595607758,0.011393837112829434,0.0
11399,11658,memorandum,2,0.5126762390136719,0.0,0.0
1140,1220,executive_order,2,0.5288960933685303,0.17658725576853943,4.0
11400,11434,memorandum,2,0.4761928915977478,0.0021418378797987427,0.0
11401,11432,memorandum,2,0.6420497000217438,0.12550693519550293,15.0
11402,11696,memorandum,2,0.5261676609516144,0.011013872065804427,0.0
11403,11475,memorandum,2,0.5261046439409256,0.004059644868893944,0.0
11404,11945,memorandum,2,0.4949089288711548,0.0018587015687867383,0.0
11405,11860,memorandum,2,0.5666154026985168,0.010157824106344115,0.0
11407,11432,memorandum,2,0.6653947830200195,0.11903422181609831,10.333333333333334
11408,11415,memorandum,2,0.41966745257377625,0.04223477221120445,3.3333333333333335
11410,11434,memorandum,2,0.49682462215423584,0.0,0.0
11411,11627,memorandum,2,0.5381633639335632,0.0,0.0
11412,11901,memorandum,2,0.8046491146087646,0.37836600463486925,0.0
11413,11652,memorandum,2,0.5494042038917542,0.0,0.0
11414,11765,memorandum,2,0.5389620065689087,0.019226727828719235,0.0
11415,11670,memorandum,2,0.4724496155977249,0.007522021694451489,0.0
11416,11836,memorandum,2,0.4949157238006592,0.041615048289504346,0.0
11417,11513,memorandum,2,0.454124316573143,0.0031698564478890774,0.0
11420,11427,memorandum,2,0.6276362538337708,0.08903348983236507,10.333333333333334
11421,11516,memorandum,2,0.5282062590122223,0.003431006248449,0.0
11422,11704,memorandum,2,0.5505908131599426,0.016745972172091096,0.0
11424,11621,memorandum,2,0.5417823195457458,0.008732794993587142,0.0
11426,11801,memorandum,2,0.5411598682403564,0.0,0.0
11427,11462,memorandum,2,0.659050703048706,0.1407897659833552,34.333333333333336
11428,11738,memorandum,2,0.5077742338180542,0.004566758495902316,0.0
1143,2095,executive_order,2,0.6016316115856171,0.021768199080253334,0.0
11430,11568,memorandum,2,0.538588285446167,0.0,0.0
11431,11509,memorandum,2,0.6036892235279083,0.0,0.0
11432,11541,memorandum,2,0.6566575169563293,0.16250850210418422,17.0
11433,11452,memorandum,2,0.470794677734375,0.06643249930421463,10.0
11434,11729,memorandum,2,0.4755850285291672,0.04394083908440091,0.0
11435,11678,memorandum,2,0.5588774383068085,0.02145041712377277,0.0
11438,11945,memorandum,2,0.5054049342870712,0.016164518739023834,0.0
11439,11568,memorandum,2,0.5722839832305908,0.0,0.0
1144,3879,executive_order,2,0.8071095943450928,0.3789283992405148,18.333333333333332
11440,11627,memorandum,2,0.5854345560073853,0.003939385782790199,0.0
11441,11714,memorandum,2,0.6330206990242004,0.0280355809117249,0.0
11443,11611,memorandum,2,0.7830783724784851,0.3813892031431547,10.0
11445,11614,memorandum,2,0.4916023761034012,0.012833870878899785,0.0
11446,11648,memorandum,2,0.5087874531745911,0.0,0.0
11447,11504,memorandum,2,0.517462432384491,0.0,0.0
11448,11542,memorandum,2,0.4707389771938324,0.0016123902907220408,0.0
11449,11950,memorandum,2,0.44823548197746277,0.0,0.0
1145,1521,executive_order,2,0.46545645594596863,0.0830844317305434,10.0
11450,11923,memorandum,2,0.502453401684761,0.009637427954285441,0.0
11451,11975,memorandum,2,0.49488936364650726,0.004046521358604558,0.0
11452,11729,memorandum,2,0.4907916933298111,0.00781069569924896,0.0
11453,11459,memorandum,2,0.5248381793498993,0.02050995820160837,0.0
11454,11761,memorandum,2,0.49936558306217194,0.00957813129315683,0.0
11455,11501,memorandum,2,0.6133116185665131,0.02157507615972722,0.0
11457,11638,memorandum,2,0.5370377004146576,0.009248640140096822,0.0
11459,11514,memorandum,2,0.5383161306381226,0.014172763874305095,0.0
11460,11513,memorandum,2,0.43385447561740875,0.0032103116783464562,0.0
11461,11563,memorandum,2,0.8009746670722961,0.1268363595233622,5.0
11462,11543,memorandum,2,0.6219147443771362,0.10027592790775898,15.333333333333334
11465,11759,memorandum,2,0.573573499917984,0.010081646588751433,0.0
11466,11662,memorandum,2,0.4598993808031082,0.0,0.0
11467,11733,memorandum,2,0.5787682831287384,0.0,0.0
11469,11551,memorandum,2,0.6015724241733551,0.03463926967432298,0.0
1147,1287,executive_order,2,0.49917975068092346,0.037928936063439084,3.3333333333333335
11470,11734,memorandum,2,0.5133022964000702,0.031158076516931744,0.0
11472,11653,memorandum,2,0.5912258625030518,0.005638613471013112,0.0
11473,11704,memorandum,2,0.5432021617889404,0.0,0.0
11474,11532,memorandum,2,0.4511910676956177,0.023335675475726153,0.0
11475,11516,memorandum,2,0.5388083457946777,0.0029617426609236824,0.0
11477,11490,memorandum,2,0.47273997962474823,0.01619511643371169,0.0
11479,11491,memorandum,2,0.46681801974773407,0.0,0.0
1148,2083,executive_order,2,0.585002064704895,0.05475528264322271,0.0
11480,11611,memorandum,2,0.7818230390548706,0.3813892031431547,10.0
11482,11897,memorandum,2,0.6014528274536133,0.002613238542346478,0.0
11483,11968,memorandum,2,0.47439636290073395,0.01105934642643601,0.0
11484,11676,memorandum,2,0.5092985928058624,0.0,0.0
11485,11778,memorandum,2,0.5660601854324341,0.017778406531180187,0.0
11488,11655,memorandum,2,0.534766435623169,0.0,0.0
11489,11568,memorandum,2,0.5487634539604187,0.0,0.0
11490,11608,memorandum,2,0.4500541687011719,0.008250576015198156,0.0
11491,11682,memorandum,2,0.5314931869506836,0.011656990549524513,0.0
11492,11733,memorandum,2,0.5367441177368164,0.005846058321633489,0.0
11494,11672,memorandum,2,0.4768815040588379,0.007763747963806887,0.0
11495,11611,memorandum,2,0.40522122383117676,0.045508973622677446,0.0
11496,11950,memorandum,2,0.5243062824010849,0.0,0.0
11498,11507,memorandum,2,0.553729236125946,0.058776094199763464,3.3333333333333335
11499,11696,memorandum,2,0.5302110314369202,0.012611922213037564,0.0
115,3537,executive_order,2,0.515685111284256,0.029770866718111622,0.0
1150,3762,executive_order,2,0.5400380343198776,0.00576755675393419,0.0
11500,11542,memorandum,2,0.5612073242664337,0.08159756942062478,3.3333333333333335
11501,11696,memorandum,2,0.5633196234703064,0.0064491738405746115,0.0
11502,11685,memorandum,2,0.4841833710670471,0.0024692296463419195,0.0
11503,11950,memorandum,2,0.47170454263687134,0.0,0.0
11504,11646,memorandum,2,0.4625396728515625,0.011670093541277172,0.0
11507,11542,memorandum,2,0.5802543759346008,0.09440551191748069,3.3333333333333335
11508,11543,memorandum,2,0.5066491663455963,0.0033769274005613303,0.0
11509,11556,memorandum,2,0.56657475233078,0.0,0.0
11511,11537,memorandum,2,0.5927766561508179,0.03609775849046002,0.0
11513,11682,memorandum,2,0.4906276762485504,0.013925054702854022,0.0
11514,11682,memorandum,2,0.48697711527347565,0.002348019730938769,0.0
11516,11755,memorandum,2,0.49356211721897125,0.006465846530831026,0.0
11517,11696,memorandum,2,0.6290663480758667,0.010569252063761409,0.0
11518,11558,memorandum,2,0.47277534008026123,0.0,0.0
11519,11759,memorandum,2,0.5125601589679718,0.0,0.0
1152,1154,executive_order,2,0.5710238516330719,0.018787037620701493,0.0
11520,11659,memorandum,2,0.5510874688625336,0.008308133958455604,0.0
11523,11723,memorandum,2,0.5098135471343994,0.0,0.0
11524,11701,memorandum,2,0.49286992847919464,0.0028702944477552402,0.0
11529,11781,memorandum,2,0.4716868996620178,0.0,0.0
1153,2993,executive_order,2,0.5694218575954437,0.01870527110236737,0.0
11530,11532,memorandum,2,0.5063891559839249,0.02854198087143417,0.0
11531,11892,memorandum,2,0.4776139557361603,0.02118830657441719,0.0
11532,11975,memorandum,2,0.4772099554538727,0.007433895643054659,0.0
11534,11538,memorandum,2,0.49752357602119446,0.022687473830735803,0.0
11535,11642,memorandum,2,0.7660519480705261,0.1558931351696496,0.0
11537,11573,memorandum,2,0.5418688356876373,0.020738772765555982,0.0
11538,11573,memorandum,2,0.5091319680213928,0.02475028331398378,0.0
1154,3021,executive_order,2,0.6581352651119232,0.1561264411102004,13.333333333333334
11541,11597,memorandum,2,0.44246962666511536,0.0028584843504087173,0.0
11542,11597,memorandum,2,0.47810059785842896,0.0034287181466647835,0.0
11543,11774,memorandum,2,0.46453215181827545,0.012516926826062225,0.0
11544,11563,memorandum,2,0.7788626849651337,0.150412069729291,12.5
11545,11892,memorandum,2,0.4797877222299576,0.0028956829369319727,0.0
11546,11695,memorandum,2,0.5316331386566162,0.019783176565056813,0.0
11547,11675,memorandum,2,0.5175557136535645,0.003496267082742058,0.0
11550,11732,memorandum,2,0.5418681055307388,0.0,0.0
11551,11891,memorandum,2,0.5173254013061523,0.00214847144286923,0.0
11552,11779,memorandum,2,0.5304193496704102,0.012393639023681317,0.0
11553,11585,memorandum,2,0.46146947145462036,0.017370201610959934,0.0
11554,11652,memorandum,2,0.5562443435192108,0.0027452112124282486,0.0
11556,11687,memorandum,2,0.7689331471920013,0.3712293789442877,8.5
11558,11621,memorandum,2,0.5869119763374329,0.012447048110395915,0.0
11559,11968,memorandum,2,0.5614548921585083,0.0,0.0
1156,1209,executive_order,2,0.5956524312496185,0.24082411577579663,37.666666666666664
11560,11950,memorandum,2,0.5265617966651917,0.0,0.0
11562,11591,memorandum,2,0.5674076080322266,0.019118753319303655,0.0
11563,11628,memorandum,2,0.7458037436008453,0.13076523005883883,5.5
11565,11759,memorandum,2,0.5460062026977539,0.0,0.0
11567,11659,memorandum,2,0.593116283416748,0.006649159783383412,0.0
11568,11655,memorandum,2,0.7461932897567749,0.004012550756540007,0.0
11570,11633,memorandum,2,0.6115124821662903,0.010984912015648695,0.0
11573,11620,memorandum,2,0.5858334004878998,0.006388438783497798,0.0
11576,11837,memorandum,2,0.6837079524993896,0.2968993613085284,0.0
11580,11960,memorandum,2,0.47051796317100525,0.008556587315534001,0.0
11584,11655,memorandum,2,0.585848331451416,0.0,0.0
11585,11653,memorandum,2,0.47841088473796844,0.004868390589153042,0.0
11588,11710,memorandum,2,0.5671769380569458,0.05738509639678451,0.0
11589,11659,memorandum,2,0.5114082098007202,0.0,0.0
1159,1191,executive_order,2,0.5300844013690948,0.16319213969497692,21.0
11590,11946,memorandum,2,0.4565165042877197,0.0,0.0
11591,11624,memorandum,2,0.7830158472061157,0.28613550617517886,12.0
11592,11968,memorandum,2,0.5048900544643402,0.005558777757954985,0.0
11593,11801,memorandum,2,0.5628479719161987,0.03523614469179196,0.0
11597,11896,memorandum,2,0.5094121545553207,0.0016704588440249542,0.0
11598,11611,memorandum,2,0.7592803239822388,0.33533831850779056,17.0
1160,4400,executive_order,2,0.6452516317367554,0.04184314191500618,0.0
11602,11897,memorandum,2,0.5833883881568909,0.001506305978750853,0.0
11603,11608,memorandum,2,0.5548982322216034,0.0024874908274377804,0.0
11604,11819,memorandum,2,0.4351770281791687,0.005204546072763685,0.0
11606,11628,memorandum,2,0.4549405127763748,0.03653397055723453,5.5
11607,11675,memorandum,2,0.526641845703125,0.03431521462234708,0.0
11608,11653,memorandum,2,0.6277319192886353,0.007017207333195605,0.0
1161,1378,executive_order,2,0.5721299052238464,0.20568488516475936,0.0
11611,11687,memorandum,2,0.7949708700180054,0.7676989266755457,24.0
11614,11678,memorandum,2,0.4930252283811569,0.0152013933758307,0.0
11615,11932,memorandum,2,0.6079354286193848,0.0,0.0
11620,11704,memorandum,2,0.5766615271568298,0.009205993530994182,0.0
11621,11731,memorandum,2,0.5169953107833862,0.01310386988438971,0.0
11622,11662,memorandum,2,0.4829501211643219,0.0,0.0
11624,11642,memorandum,2,0.7882421612739563,0.5314467819630264,17.0
11625,11761,memorandum,2,0.4765837490558624,0.008499312127547409,0.0
11627,11803,memorandum,2,0.4597644656896591,0.00863383743797234,0.0
11628,11759,memorandum,2,0.5545703768730164,0.02652861661668759,0.0
11629,11666,memorandum,2,0.48248934745788574,0.026031169577255993,0.0
11633,11944,memorandum,2,0.5223365128040314,0.008790099196321982,0.0
11634,11728,memorandum,2,0.47616252303123474,0.009239630440336504,0.0
11637,11848,memorandum,2,0.7136698961257935,0.3565791045180138,0.0
11638,11653,memorandum,2,0.5256600677967072,0.008005319154912536,0.0
11641,11709,memorandum,2,0.5146809369325638,0.011485446220777476,0.0
11642,11707,memorandum,2,0.7821359038352966,0.5754220946705594,22.0
11645,11975,memorandum,2,0.5848153233528137,0.0,0.0
11646,11802,memorandum,2,0.5142228007316589,0.005709454889331053,0.0
11648,11653,memorandum,2,0.5090623199939728,0.0021378438701653716,0.0
11649,11714,memorandum,2,0.526465654373169,0.01034083232113336,0.0
1165,2967,executive_order,2,0.560555100440979,0.044507070106101686,0.0
11650,11696,memorandum,2,0.5613484382629395,0.011865452402787989,0.0
11652,11733,memorandum,2,0.47888925671577454,0.011936537204400716,0.0
11655,11735,memorandum,2,0.5806022882461548,0.0,0.0
11656,11975,memorandum,2,0.5243496298789978,0.00216217239808613,0.0
11657,11845,memorandum,2,0.5854125022888184,0.0,0.0
11658,11733,memorandum,2,0.5683311820030212,0.005877191060482411,0.0
11659,11709,memorandum,2,0.5532332360744476,0.008252453962676914,0.0
11661,11761,memorandum,2,0.45885859429836273,0.015009771406224797,0.0
11662,11761,memorandum,2,0.5442738831043243,0.026742706988425912,0.0
11663,11901,memorandum,2,0.623667299747467,0.12674753876530076,0.0
11666,11759,memorandum,2,0.6281228065490723,0.04572936150438014,0.0
11667,11897,memorandum,2,0.5927831530570984,0.0,0.0
11670,11673,memorandum,2,0.49051862955093384,0.028838228102473374,0.0
11672,11755,memorandum,2,0.5222718715667725,0.009514002144152219,0.0
11673,11701,memorandum,2,0.470963791012764,0.035900529674708914,0.0
11675,11761,memorandum,2,0.5263594388961792,0.017537762706929423,0.0
11676,11706,memorandum,2,0.4839443862438202,0.023027482083180062,0.0
11678,11720,memorandum,2,0.5194120854139328,0.013609971675198377,0.0
11682,11701,memorandum,2,0.48685692250728607,0.02427085244562488,0.0
11684,11738,memorandum,2,0.5200023055076599,0.0035360680187345324,0.0
11685,11968,memorandum,2,0.5179114043712616,0.02800660922104816,0.0
11686,11733,memorandum,2,0.46791401505470276,0.0,0.0
11687,11731,memorandum,2,0.5647668242454529,0.01722188017397655,0.0
11688,11706,memorandum,2,0.5046726763248444,0.007599185871221718,0.0
11689,11861,memorandum,2,0.5028213262557983,0.004236829460381677,0.0
11691,11766,memorandum,2,0.47795502841472626,0.0,0.0
11692,11968,memorandum,2,0.5059749335050583,0.006463062527648961,0.0
11694,11730,memorandum,2,0.8170056939125061,0.32267376690980776,25.0
11695,11706,memorandum,2,0.4913192391395569,0.007613834147339387,0.0
11696,11719,memorandum,2,0.6124379634857178,0.006959597680188938,0.0
1170,2076,executive_order,2,0.7044787406921387,0.1680194053211045,22.0
11700,11766,memorandum,2,0.39813175797462463,0.010689493521422053,0.0
11701,11761,memorandum,2,0.521022766828537,0.05845575202355858,4.0
11704,11773,memorandum,2,0.49139612913131714,0.0454686478144509,0.0
11705,11725,memorandum,2,0.4447172284126282,0.0,0.0
11706,11712,memorandum,2,0.5646421313285828,0.01048008640083614,0.0
11707,11759,memorandum,2,0.5333210825920105,0.029294891860905052,0.0
11708,11801,memorandum,2,0.4427463412284851,0.0,0.0
11709,11773,memorandum,2,0.5234619677066803,0.027633880684810028,0.0
1171,1383,executive_order,2,0.8317467570304871,0.814113915469837,61.0
11710,11803,memorandum,2,0.5028259456157684,0.05630050566518182,0.0
11711,11773,memorandum,2,0.5641434192657471,0.0027530324270663405,0.0
11712,11761,memorandum,2,0.5695194602012634,0.003385273942401813,0.0
11714,11967,memorandum,2,0.5041933655738831,0.008641406035140287,0.0
11718,11926,memorandum,2,0.4690159857273102,0.005979897417587579,0.0
11719,11755,memorandum,2,0.44997864961624146,0.010678077200041993,0.0
11720,11773,memorandum,2,0.5422544628381729,0.018979387937413408,0.0
11721,11801,memorandum,2,0.5360270738601685,0.0,0.0
11723,11761,memorandum,2,0.5862641632556915,0.004069533578575927,0.0
11724,11777,memorandum,2,0.5611488819122314,0.0,0.0
11725,11968,memorandum,2,0.5085225999355316,0.0031224739320341545,0.0
11726,11890,memorandum,2,0.5649799108505249,0.009802300761132974,0.0
11728,11777,memorandum,2,0.5319774746894836,0.018826991121739484,0.0
11729,11843,memorandum,2,0.45386093854904175,0.004259527235937943,0.0
11730,11816,memorandum,2,0.47271279990673065,0.003240669273656052,0.0
11731,11778,memorandum,2,0.49903638660907745,0.03716484575490468,0.0
11732,11968,memorandum,2,0.5531487166881561,0.002675198143053108,0.0
11733,11771,memorandum,2,0.5447912812232971,0.010245937010111256,0.0
11734,11944,memorandum,2,0.5130501687526703,0.015847094936524277,0.0
11735,11801,memorandum,2,0.5244798064231873,0.0011697681615765827,0.0
11737,11755,memorandum,2,0.5195177495479584,0.0,0.0
11738,11761,memorandum,2,0.46163372695446014,0.01042779311077515,0.0
11739,11975,memorandum,2,0.5216544270515442,0.004318490280617048,0.0
11742,11922,memorandum,2,0.46680307388305664,0.0006117685039151281,0.0
11743,11777,memorandum,2,0.5178960263729095,0.006584326652825195,0.0
11747,11967,memorandum,2,0.4844741225242615,0.016956068124975927,0.0
1175,3031,executive_order,2,0.6119012832641602,0.12182948743313787,0.0
11750,11843,memorandum,2,0.583853155374527,0.11456857501114921,5.0
11755,11759,memorandum,2,0.5659772157669067,0.0,0.0
11756,11945,memorandum,2,0.5372920334339142,0.0,0.0
11759,11765,memorandum,2,0.48364025354385376,0.02952100653197816,0.0
1176,2463,executive_order,2,0.6446360945701599,0.030302729890642404,0.0
11760,11779,memorandum,2,0.46814751625061035,0.004278439944672212,0.0
11761,11773,memorandum,2,0.5971327424049377,0.03050085168395444,0.0
11763,11771,memorandum,2,0.5553919970989227,0.010713573070457125,0.0
11765,11778,memorandum,2,0.5004453659057617,0.026200673472964463,0.0
11766,11777,memorandum,2,0.5229362398386002,0.012202171238825226,0.0
11769,11967,memorandum,2,0.4613238573074341,0.02851883418937838,0.0
1177,1577,executive_order,2,0.7102218866348267,0.617977084598208,40.0
11771,11968,memorandum,2,0.5447716116905212,0.02037302514023935,0.0
11773,11944,memorandum,2,0.43525712192058563,0.00884828870660212,0.0
11774,11944,memorandum,2,0.46270938217639923,0.012237011784492496,0.0
11777,11897,memorandum,2,0.44551926851272583,0.01722260108081996,0.0
11778,11926,memorandum,2,0.43922893702983856,0.014510199290266812,0.0
11779,11975,memorandum,2,0.46284228563308716,0.0,0.0
11781,11975,memorandum,2,0.492323637008667,0.014825297653799648,0.0
11782,11899,memorandum,2,0.4053869992494583,0.00445178497704124,0.0
11783,11826,memorandum,2,0.5022121071815491,0.026928945030528714,0.0
11784,11975,memorandum,2,0.4793599247932434,0.002647367595513077,0.0
11785,11812,memorandum,2,0.8018335103988647,0.7214673895535831,0.0
11790,11836,memorandum,2,0.7190693616867065,0.10860610399755047,0.0
1180,1675,executive_order,2,0.7072726488113403,0.2177186859766517,6.0
11801,11968,memorandum,2,0.4953117370605469,0.009174161934416225,0.0
11802,11926,memorandum,2,0.4897984266281128,0.004560976242748119,0.0
11803,11975,memorandum,2,0.4704158902168274,0.0013426483531720158,0.0
11807,11912,memorandum,2,0.8189948797225952,0.7757249380293121,10.0
11809,11823,memorandum,2,0.6976216733455658,0.38352600726122066,5.5
11810,11823,memorandum,2,0.8132452368736267,0.9999999999999999,14.0
11812,11826,memorandum,2,0.8132452368736267,0.9999999999999999,14.0
11816,11860,memorandum,2,0.5115189850330353,0.008275555892308906,0.0
11819,11925,memorandum,2,0.37270742654800415,0.008312634113598366,0.0
1182,1444,executive_order,2,0.5164955854415894,0.27450629215182415,45.0
11823,11835,memorandum,2,0.8132452368736267,0.9999999999999999,14.0
11826,11835,memorandum,2,0.8132452368736267,0.9999999999999999,14.0
1183,1735,executive_order,2,0.5459776520729065,0.023095946463983146,13.0
11833,11901,memorandum,2,0.6558064818382263,0.47526779107020767,10.0
11834,11851,memorandum,2,0.8132452368736267,0.9999999999999999,14.0
11835,11851,memorandum,2,0.8132452368736267,0.9999999999999999,14.0
11836,11883,memorandum,2,0.6856867074966431,0.20612857758628483,0.0
11837,11901,memorandum,2,0.8210912942886353,0.8271455087189906,10.0
1184,3015,executive_order,2,0.5616365075111389,0.06391981818370009,0.0
11840,11949,memorandum,2,0.38257890939712524,0.0,0.0
11843,11957,memorandum,2,0.4756278693675995,0.004482622349816743,0.0
11845,11974,memorandum,2,0.47512713074684143,0.0,0.0
11848,11901,memorandum,2,0.6922043561935425,0.34332575658616044,0.0
1185,1205,executive_order,2,0.6103961765766144,0.17349114501587648,3.3333333333333335
11850,11883,memorandum,2,0.8248070478439331,0.4648468696551409,0.0
11851,11866,memorandum,2,0.7744508981704712,0.674195906719336,10.0
11860,11949,memorandum,2,0.47219422459602356,0.006635204602247036,0.0
11861,11944,memorandum,2,0.3694439083337784,0.010276102422323461,0.0
11863,11956,memorandum,2,0.36120036244392395,0.008940426524222831,0.0
11864,11901,memorandum,2,0.8153184652328491,0.5121443168197628,0.0
11866,11921,memorandum,2,0.8153184652328491,0.5121443168197628,0.0
11868,11901,memorandum,2,0.5491584539413452,0.07463654229507632,0.0
11869,11931,memorandum,2,0.41738729178905487,0.04165757742181699,0.0
11872,11901,memorandum,2,0.5439829230308533,0.04573617757880191,0.0
11873,11909,memorandum,2,0.3721456527709961,0.007692071123431693,0.0
11875,11925,memorandum,2,0.457510769367218,0.034058767687889985,0.0
11876,11957,memorandum,2,0.4027035981416702,0.004751478701243083,0.0
11877,11945,memorandum,2,0.45073463022708893,0.0015593891172221272,0.0
11882,11916,memorandum,2,0.40867574512958527,0.0010051693805225314,0.0
11883,11912,memorandum,2,0.8285989761352539,1.0000000000000002,11.0
11890,11942,memorandum,2,0.6203505992889404,0.1349305712213922,23.0
11891,11925,memorandum,2,0.6383287012577057,0.25893362985028945,56.5
11892,11934,memorandum,2,0.6238824725151062,0.04106705210796154,0.0
11893,11932,memorandum,2,0.4696218967437744,0.0021543205993870486,0.0
11896,11974,memorandum,2,0.4656441956758499,0.0018754129979844044,0.0
11897,11976,memorandum,2,0.4932953119277954,0.0007970724840024521,0.0
11899,11952,memorandum,2,0.4072180837392807,0.0029434907686258947,0.0
11901,11921,memorandum,2,0.8285989761352539,1.0000000000000002,11.0
11903,11909,memorandum,2,0.4567002058029175,0.0,0.0
11908,11921,memorandum,2,0.5708119869232178,0.0755284583302368,0.0
11909,11921,memorandum,2,0.6145734786987305,0.10469120552213493,0.0
11912,11960,memorandum,2,0.550859123468399,0.10608303956794493,0.0
11914,11969,memorandum,2,0.38252459466457367,0.008179336905516376,0.0
11916,11960,memorandum,2,0.40911029279232025,0.04324025218082214,0.0
1192,1606,executive_order,2,0.519266813993454,0.059859411483385895,7.333333333333333
11921,11958,memorandum,2,0.5760520696640015,0.0,0.0
11922,11926,memorandum,2,0.4108316898345947,0.0028257530426039844,0.0
11923,11944,memorandum,2,0.4353529065847397,0.02512900586663806,0.0
11925,11926,memorandum,2,0.47477805614471436,0.0,0.0
11926,11976,memorandum,2,0.472680926322937,0.0027341711705782404,0.0
11927,11957,memorandum,2,0.515357255935669,0.0,0.0
11931,11967,memorandum,2,0.5258836150169373,0.005382976937143835,0.0
11932,11944,memorandum,2,0.3767481744289398,0.0031786929470028133,0.0
11933,11967,memorandum,2,0.398753821849823,0.0039633095017752714,0.0
11934,11976,memorandum,2,0.48492252826690674,0.0,0.0
11938,11958,memorandum,2,0.33633697032928467,0.01317176767412158,0.0
11942,11975,memorandum,2,0.44552791118621826,0.0,0.0
11944,11967,memorandum,2,0.4406200349330902,0.005681073840408535,0.0
11945,11956,memorandum,2,0.39991360902786255,0.010247803266243501,0.0
11946,11956,memorandum,2,0.41045430302619934,0.004051466009379578,0.0
11949,11964,memorandum,2,0.4233873337507248,0.009713324932202672,0.0
1195,1200,executive_order,2,0.6072769463062286,0.45766957651468115,80.33333333333333
11950,11968,memorandum,2,0.45568329095840454,0.0,0.0
11952,11960,memorandum,2,0.40316060185432434,0.02783418772080916,0.0
11956,11976,memorandum,2,0.4486132264137268,0.00593808901033518,0.0
11957,11967,memorandum,2,0.4671991467475891,0.0,0.0
11958,11968,memorandum,2,0.4510936439037323,0.0,0.0
1196,1691,executive_order,2,0.6467671394348145,0.19097935908874467,32.5
11960,11967,memorandum,2,0.43279407918453217,0.0,0.0
11962,11968,memorandum,2,0.3774423599243164,0.0,0.0
11964,11967,memorandum,2,0.47794805467128754,0.025750649948724395,0.0
11965,11968,memorandum,2,0.41780856251716614,0.002548677953311924,0.0
11966,11967,memorandum,2,0.42949338257312775,0.0053979212185740035,0.0
11967,11976,memorandum,2,0.4345759153366089,0.0,0.0
11968,11975,memorandum,2,0.4055795669555664,0.0,0.0
11969,11975,memorandum,2,0.2793591171503067,0.0,0.0
11974,11976,memorandum,2,0.3288155198097229,0.0,0.0
1198,1660,executive_order,2,0.48861779272556305,0.01881764993917294,0.0
11980,15254,proclamation,2,0.6119307279586792,0.039261294476193996,0.0
11982,13049,proclamation,2,0.5338377356529236,0.04166372290366312,0.0
11984,16308,proclamation,2,0.486842542886734,0.03865874231776412,0.0
1199,1647,executive_order,2,0.7068467140197754,0.6264443120164838,11.0
11992,12046,proclamation,2,0.7043567001819611,0.9508413173247487,38.0
12,9704,memorandum,2,0.4853885918855667,0.009814736656705332,0.0
120,159,executive_order,2,0.5026852935552597,0.07900830453124875,25.333333333333332
1200,1462,executive_order,2,0.6302631497383118,0.5866406215060784,63.0
1202,1220,executive_order,2,0.43928463757038116,0.054802656387121534,11.333333333333334
12033,12047,proclamation,2,0.6606059074401855,0.730751460211796,35.0
12037,12070,proclamation,2,0.6172411441802979,0.03646467424345807,0.0
12046,13280,proclamation,2,0.7010234892368317,0.33664594140051457,33.333333333333336
12047,13280,proclamation,2,0.7082327008247375,0.33664594140051457,33.333333333333336
1205,2111,executive_order,2,0.5246463119983673,0.13580915239877256,15.333333333333334
12052,12058,proclamation,2,0.6258286237716675,0.05194042579887107,0.0
12058,12180,proclamation,2,0.5568156242370605,0.02921737269052273,0.0
12067,14058,proclamation,2,0.5923236906528473,0.010096252718135069,0.0
1207,2489,executive_order,2,0.5201689004898071,0.027736405918801128,0.0
12070,12099,proclamation,2,0.6064203977584839,0.03214427001904623,0.0
1208,1521,executive_order,2,0.43175187706947327,0.0767034651790642,9.666666666666666
12088,12274,proclamation,2,0.5335036665201187,0.1320120866758234,23.333333333333332
1209,1402,executive_order,2,0.5757454931735992,0.14213042318175192,10.666666666666666
12090,15774,proclamation,2,0.830361008644104,0.6913382543113101,26.0
12099,16537,proclamation,2,0.656168669462204,0.03618089490633862,0.0
1210,1634,executive_order,2,0.727652907371521,0.22795135576669512,0.0
12113,13720,proclamation,2,0.5703837871551514,0.1940917644638327,0.0
12115,16431,proclamation,2,0.8059126138687134,0.4225124839937873,7.0
12126,15392,proclamation,2,0.4975527822971344,0.006763111932072341,0.0
12129,16459,proclamation,2,0.6076790690422058,0.04229244021951539,0.0
12134,14005,proclamation,2,0.5542612671852112,0.022927688475847193,0.0
1214,3671,executive_order,2,0.6492157876491547,0.19727683280820626,4.666666666666667
12165,13137,proclamation,2,0.737864077091217,0.7149961794478736,98.66666666666667
12167,12413,proclamation,2,0.7405481338500977,0.5506446018396427,126.0
12180,16925,proclamation,2,0.44631311297416687,0.023547450243603267,0.0
12198,16212,proclamation,2,0.4418207108974457,0.05105135563998753,0.0
1220,1398,executive_order,2,0.5507547855377197,0.07379453733762797,0.0
1221,1543,executive_order,2,0.4975290894508362,0.050333349121363634,0.0
1222,2376,executive_order,2,0.6200193762779236,0.025602146761855515,0.0
12227,13720,proclamation,2,0.829293966293335,0.6019314539352467,20.0
1223,1362,executive_order,2,0.5204263478517532,0.011413099421804301,0.0
1224,1290,executive_order,2,0.6368642449378967,0.6682084946149914,49.333333333333336
12258,15106,proclamation,2,0.5316019952297211,0.00867946768068689,0.0
12259,12730,proclamation,2,0.7947749495506287,0.4457444361338896,14.0
1226,4341,executive_order,2,0.447345033288002,0.009661740008851295,0.0
12266,13620,proclamation,2,0.6403517127037048,0.16251277433570263,0.0
1227,1530,executive_order,2,0.4881354570388794,0.1263863743979196,10.333333333333334
12273,12285,proclamation,2,0.590445339679718,0.1098403398697033,26.333333333333332
12274,15630,proclamation,2,0.587087482213974,0.12381706127824889,27.666666666666668
12284,16113,proclamation,2,0.6085173785686493,0.16478605132524002,36.666666666666664
1229,1519,executive_order,2,0.5664452016353607,0.07885347691470297,8.333333333333334
123,4496,executive_order,2,0.49645501375198364,0.03984379871828066,0.0
1230,1297,executive_order,2,0.52080437541008,0.07837345790138585,5.0
1233,1457,executive_order,2,0.5008051097393036,0.0393064629507392,9.666666666666666
12333,16258,proclamation,2,0.6217014491558075,0.193107004762521,4.333333333333333
1234,1828,executive_order,2,0.4781271070241928,0.015359672377597354,0.0
1235,3859,executive_order,2,0.5095906853675842,0.099115686599899,0.0
1238,3554,executive_order,2,0.43636950850486755,0.0065838345513077,0.0
1239,2217,executive_order,2,0.5027281194925308,0.036227790090183926,0.0
124,597,executive_order,2,0.5028457343578339,0.05561120365094594,12.0
1240,3420,executive_order,2,0.5510895848274231,0.014610830032046941,0.0
12411,12680,proclamation,2,0.703541487455368,0.3541153970628773,52.5
12413,13033,proclamation,2,0.6838448643684387,0.33411858027465885,65.33333333333333
12414,13032,proclamation,2,0.753689706325531,0.5442997394127331,59.666666666666664
12418,12680,proclamation,2,0.731572687625885,0.5806961950217845,99.0
12419,12679,proclamation,2,0.7083040177822113,0.5633524063098864,139.66666666666666
1242,2288,executive_order,2,0.5255639851093292,0.04727713233443287,3.3333333333333335
12421,15190,proclamation,2,0.659540593624115,0.054150902231339504,0.0
1245,2968,executive_order,2,0.5738171339035034,0.056688431308179014,4.333333333333333
1247,2083,executive_order,2,0.48212283849716187,0.06439508305409282,0.0
1248,1519,executive_order,2,0.5930962711572647,0.023312166271067664,0.0
12483,12804,proclamation,2,0.725512832403183,0.5014237709938548,115.33333333333333
12485,13137,proclamation,2,0.6648551821708679,0.3362269565445093,37.333333333333336
125,201,executive_order,2,0.4940098077058792,0.05158387808432169,3.6666666666666665
1250,1301,executive_order,2,0.50234055519104,0.02107328619833519,0.0
12501,12680,proclamation,2,0.6908765435218811,0.27034505682856724,80.66666666666667
12505,12828,proclamation,2,0.8364553451538086,0.7641237162943718,30.0
12512,13093,proclamation,2,0.6080573499202728,0.3158271587017454,63.666666666666664
1253,1521,executive_order,2,0.5172032564878464,0.035044926533967104,0.0
1254,2083,executive_order,2,0.5206885933876038,0.04896059605603093,0.0
1255,3432,executive_order,2,0.500850111246109,0.019997258129318716,0.0
12554,13033,proclamation,2,0.7520618438720703,0.4469267295320369,63.333333333333336
1256,1341,executive_order,2,0.5937978029251099,0.052523718438321175,8.0
12581,12846,proclamation,2,0.6897902190685272,0.5860921053385981,82.66666666666667
12582,12679,proclamation,2,0.6892225742340088,0.31177261425793495,83.0
12583,12745,proclamation,2,0.7392672002315521,0.7063330016616938,143.33333333333334
12589,15579,proclamation,2,0.6005292534828186,0.25272981167137676,24.666666666666668
1259,2941,executive_order,2,0.5287083983421326,0.06506742892399343,0.0
12593,15220,proclamation,2,0.6982525587081909,0.07288358196770639,0.0
126,545,executive_order,2,0.4792248457670212,0.06773116068067521,10.0
1261,2305,executive_order,2,0.5462523996829987,0.0355502094678719,0.0
1262,2281,executive_order,2,0.5210357308387756,0.034847016871139336,0.0
1264,1352,executive_order,2,0.40571045875549316,0.023532163952357285,5.666666666666667
12644,13705,proclamation,2,0.699995219707489,0.754572648860841,185.0
1266,1690,executive_order,2,0.5344149768352509,0.0168056258266366,0.0
12674,13134,proclamation,2,0.8052116632461548,0.7599182597159237,30.0
12678,15819,proclamation,2,0.6499029397964478,0.18110158055124,27.333333333333332
12679,12846,proclamation,2,0.6484576165676117,0.3154288458118108,69.33333333333333
1268,1408,executive_order,2,0.49544742703437805,0.027883383735216344,3.6666666666666665
12680,13030,proclamation,2,0.6997480690479279,0.3926395228116255,57.666666666666664
1269,1953,executive_order,2,0.5127889513969421,0.006717490159554127,0.0
1272,1402,executive_order,2,0.6310544610023499,0.3297775937164981,27.333333333333332
1273,1940,executive_order,2,0.5097934454679489,0.057788805787663544,0.0
12730,12828,proclamation,2,0.5695805549621582,0.009126681778305031,0.0
1274,3173,executive_order,2,0.499604269862175,0.19973043801299206,12.0
12743,15822,proclamation,2,0.6338481307029724,0.189576228731412,27.333333333333332
12744,13093,proclamation,2,0.6534964442253113,0.3877908500924067,78.0
12745,12846,proclamation,2,0.636875182390213,0.3367058915811969,85.0
12783,13030,proclamation,2,0.6681322157382965,0.36439956917953875,66.66666666666667
12789,13137,proclamation,2,0.6421850919723511,0.3271107786181568,29.0
1280,3644,executive_order,2,0.48519693315029144,0.010891214541023693,0.0
12813,16388,proclamation,2,0.55757737159729,0.03054624457492798,0.0
12828,13134,proclamation,2,0.8117361068725586,0.7587545698912265,30.0
12832,13057,proclamation,2,0.6287147104740143,0.6293731352034385,71.66666666666667
1284,1578,executive_order,2,0.6387338638305664,0.26064958462747073,0.0
12846,13176,proclamation,2,0.6479686498641968,0.33135094195923964,63.666666666666664
1286,1788,executive_order,2,0.4801992177963257,0.0648333016792117,0.0
12879,13620,proclamation,2,0.5430868566036224,0.026346759632472794,0.0
129,202,executive_order,2,0.4831390827894211,0.037774544274750084,0.0
1290,1441,executive_order,2,0.6437373459339142,0.6012427163662925,124.0
1293,2154,executive_order,2,0.4572136253118515,0.03033090834863904,0.0
1294,1398,executive_order,2,0.576241672039032,0.12823007822500665,23.0
1295,1734,executive_order,2,0.5400134027004242,0.030650396596696036,0.0
1297,2024,executive_order,2,0.49103574454784393,0.07075171235636957,0.0
12977,13283,proclamation,2,0.8059780597686768,0.6809075522462692,30.0
1299,1343,executive_order,2,0.7476584911346436,0.4951358751590957,44.333333333333336
12995,13720,proclamation,2,0.8133663535118103,0.6496292624980371,32.0
13,24,memorandum,2,0.5291929841041565,0.13141198164730555,3.3333333333333335
1300,3202,executive_order,2,0.638243556022644,0.11144245044336089,6.0
1301,2122,executive_order,2,0.5227800011634827,0.04866533516052124,0.0
13030,15842,proclamation,2,0.6523548066616058,0.23042243803844378,36.666666666666664
13031,15817,proclamation,2,0.627267062664032,0.17529751713827235,29.0
13032,15896,proclamation,2,0.6529925465583801,0.27985543082193887,29.333333333333332
13033,15232,proclamation,2,0.6633967161178589,0.20166436902922089,30.666666666666668
13034,15952,proclamation,2,0.6184724569320679,0.2200006004242924,47.333333333333336
13039,13049,proclamation,2,0.5364258289337158,0.03898707507818728,0.0
1304,1344,executive_order,2,0.4923677295446396,0.14694120136447297,6.0
13049,13634,proclamation,2,0.6365653872489929,0.09702461752010876,0.0
13056,15221,proclamation,2,0.6489623188972473,0.24410023254748914,29.666666666666668
13083,13441,proclamation,2,0.6679533421993256,0.16396378656602015,34.333333333333336
1309,1442,executive_order,2,0.49701766669750214,0.10533487158941422,9.0
13093,15843,proclamation,2,0.5996609330177307,0.18749794326170297,29.333333333333332
131,1253,executive_order,2,0.4502306431531906,0.03267621979020309,0.0
13107,15898,proclamation,2,0.7535367906093597,0.22442149670353406,41.333333333333336
1311,1342,executive_order,2,0.750036895275116,0.34741875117754684,0.0
1312,1521,executive_order,2,0.5008717626333237,0.05069766753819568,0.0
13134,13434,proclamation,2,0.8223264813423157,0.6867350650550853,30.0
1314,1735,executive_order,2,0.562770277261734,0.042360387730566405,0.0
13146,16497,proclamation,2,0.5134862065315247,0.030443208038143908,0.0
13176,15819,proclamation,2,0.6616559624671936,0.21749231560063456,33.666666666666664
1318,1639,executive_order,2,0.6184651255607605,0.10614988122003237,29.0
132,270,executive_order,2,0.5250454246997833,0.0540944924793755,10.0
1320,1360,executive_order,2,0.5290509611368179,0.1166952952897229,26.333333333333332
1328,1606,executive_order,2,0.5916667878627777,0.10680074077328029,17.0
13280,15692,proclamation,2,0.6351290047168732,0.30662948015330627,45.0
13283,13578,proclamation,2,0.7692272663116455,0.13023105080378006,0.0
13284,16578,proclamation,2,0.685433030128479,0.3957177603662674,26.333333333333332
1330,1521,executive_order,2,0.43045268952846527,0.0508751974321529,5.666666666666667
1331,1609,executive_order,2,0.6793553233146667,0.40826191759669395,104.66666666666667
1339,1621,executive_order,2,0.6654290556907654,0.899534354286356,18.0
134,583,executive_order,2,0.5713785886764526,0.03788571356974144,0.0
1340,1384,executive_order,2,0.5655441582202911,0.21317401854566378,0.0
1341,2350,executive_order,2,0.5304246842861176,0.08378548185956049,0.0
1343,1692,executive_order,2,0.8380733728408813,0.4706424461905034,37.0
13434,14107,proclamation,2,0.6218122839927673,0.014870239519136559,0.0
13438,13705,proclamation,2,0.7222884297370911,0.7544164043117365,107.0
1344,1844,executive_order,2,0.5981179773807526,0.22331487409630138,18.333333333333332
1346,1347,executive_order,2,0.5202718526124954,0.0673958386273074,4.333333333333333
1347,3308,executive_order,2,0.5296978652477264,0.02471299869467426,0.0
135,466,executive_order,2,0.5134907960891724,0.05939785443337788,0.0
13508,13620,proclamation,2,0.4856487214565277,0.019680841432514983,0.0
1352,1462,executive_order,2,0.6793959736824036,0.6445000075042596,82.66666666666667
13535,16308,proclamation,2,0.49520690739154816,0.034745144148640855,0.0
1356,1367,executive_order,2,0.5491956472396851,0.09629992282746817,0.0
13562,15239,proclamation,2,0.4926505386829376,0.04258655484700233,0.0
13578,19101,proclamation,2,0.5826428234577179,0.004362654889768736,0.0
13580,13759,proclamation,2,0.5653923153877258,0.03068977273182664,0.0
1359,1383,executive_order,2,0.8354383111000061,0.8502194556779686,64.33333333333333
136,394,executive_order,2,0.48960526287555695,0.09373149371686153,0.0
1362,1457,executive_order,2,0.5426743924617767,0.0118744624798214,0.0
13620,15880,proclamation,2,0.5992785096168518,0.022382084909936095,0.0
13634,13759,proclamation,2,0.5667138695716858,0.03338645847408438,0.0
13635,16258,proclamation,2,0.6581014394760132,0.24088866093457564,24.666666666666668
1364,3705,executive_order,2,0.5296636670827866,0.030087773684129415,0.0
13640,15823,proclamation,2,0.5958978831768036,0.15892864411838653,38.333333333333336
13641,15823,proclamation,2,0.6222374439239502,0.20088835495857046,44.666666666666664
13642,15823,proclamation,2,0.6193070709705353,0.1665158986080337,36.0
13645,15470,proclamation,2,0.7385279834270477,0.5396917363583641,87.0
13651,15822,proclamation,2,0.6441549360752106,0.18262048598591973,41.0
1366,1515,executive_order,2,0.5512335300445557,0.2039805388694761,13.0
1368,1940,executive_order,2,0.5146766304969788,0.06916630646135204,3.3333333333333335
13682,19464,proclamation,2,0.5654424428939819,0.02627791658216518,0.0
1369,1891,executive_order,2,0.6600269079208374,0.11039478519099534,15.666666666666666
1370,1422,executive_order,2,0.686775803565979,0.685398729589795,42.0
1372,1554,executive_order,2,0.6268186271190643,0.5285572344797259,54.666666666666664
13720,15431,proclamation,2,0.7955297827720642,0.7487124925856475,32.0
13741,13856,proclamation,2,0.8107200860977173,0.6756490467931426,44.0
13759,15239,proclamation,2,0.7703118324279785,0.24205230041425382,5.0
13764,13943,proclamation,2,0.6956557929515839,0.15809910920509923,47.5
1377,1422,executive_order,2,0.5570485293865204,0.1355846434936457,20.5
138,245,executive_order,2,0.4881444573402405,0.025789893277660236,5.666666666666667
1381,1384,executive_order,2,0.6045905649662018,0.3132593823464597,20.666666666666668
13818,15086,proclamation,2,0.5260207653045654,0.0,0.0
13820,15466,proclamation,2,0.7232252657413483,0.36989513334207724,52.666666666666664
1383,3670,executive_order,2,0.6462314128875732,0.20016513640472264,4.666666666666667
1384,1991,executive_order,2,0.5505367815494537,0.2164099862223873,12.666666666666666
13855,15239,proclamation,2,0.5169810056686401,0.027478807630047963,0.0
13856,15332,proclamation,2,0.8066338896751404,0.6768938110473784,44.0
13871,13875,proclamation,2,0.5483019053936005,0.055422202728559564,0.0
13875,15526,proclamation,2,0.5801801681518555,0.03329336779384828,0.0
139,812,executive_order,2,0.5183606445789337,0.017964079665162964,0.0
1391,1516,executive_order,2,0.5792967081069946,0.0,0.0
1393,1756,executive_order,2,0.832635760307312,0.9203612358966439,50.666666666666664
13943,15225,proclamation,2,0.7613641023635864,0.32261311566570544,96.0
13946,15896,proclamation,2,0.5411331057548523,0.18685700504568425,41.0
13957,15774,proclamation,2,0.835033118724823,0.516721073617955,14.0
13962,15466,proclamation,2,0.7507243752479553,0.42691254571312826,59.333333333333336
13977,15185,proclamation,2,0.7144545316696167,0.3739593453345742,15.0
13979,14928,proclamation,2,0.5018928647041321,0.011189781644532881,0.0
13984,14800,proclamation,2,0.5096853226423264,0.04558506260121228,4.666666666666667
13991,14477,proclamation,2,0.5308555960655212,0.011054826226385844,0.0
140,254,executive_order,2,0.5590115189552307,0.04013923191826909,10.666666666666666
1400,2505,executive_order,2,0.5060008764266968,0.04961471231008385,0.0
14004,15102,proclamation,2,0.7458190321922302,0.32117589505539873,46.0
14005,14762,proclamation,2,0.4590548872947693,0.015854999376573583,0.0
14009,14477,proclamation,2,0.49988365173339844,0.0,0.0
14015,14176,proclamation,2,0.6280096769332886,0.031187387792807008,0.0
14019,14354,proclamation,2,0.5320904552936554,0.04598282428181221,0.0
1402,1818,executive_order,2,0.6655955016613007,0.2895484023290224,32.666666666666664
14028,14237,proclamation,2,0.4987025260925293,0.010220681615597924,0.0
14030,14350,proclamation,2,0.8545677661895752,0.8279392562614833,42.0
14041,14172,proclamation,2,0.7783350348472595,0.36449443356333705,16.0
14050,14107,proclamation,2,0.823188304901123,0.9159976290846252,71.0
14052,14834,proclamation,2,0.5798637866973877,0.01936083708843455,0.0
14058,14736,proclamation,2,0.5700623095035553,0.06973269179900393,4.0
14068,14306,proclamation,2,0.5755624771118164,0.011074744364978262,0.0
1407,1773,executive_order,2,0.8190653920173645,0.7968145428586109,45.0
14070,14719,proclamation,2,0.5403948724269867,0.027885535415511243,0.0
1408,1442,executive_order,2,0.4890119731426239,0.06993698389029972,30.666666666666668
14080,14337,proclamation,2,0.8436914682388306,0.40323124774837693,11.0
14086,14975,proclamation,2,0.5698140859603882,0.010435977372874154,0.0
14088,14538,proclamation,2,0.6100502908229828,0.06504510133429915,11.0
1409,1733,executive_order,2,0.4960269182920456,0.10064995627776713,19.666666666666668
14090,14564,proclamation,2,0.5713857710361481,0.26372960104426596,31.666666666666668
14094,14350,proclamation,2,0.8385905027389526,0.8254417431286202,50.0
14097,14237,proclamation,2,0.7693144381046295,0.3806061375933696,16.0
14099,14253,proclamation,2,0.5571524500846863,0.010162117333714641,0.0
141,243,executive_order,2,0.5007293075323105,0.08728521997630005,11.333333333333334
14107,14241,proclamation,2,0.6834185719490051,0.6340000426592495,65.0
14113,14218,proclamation,2,0.5494622886180878,0.05477475652686351,4.333333333333333
1412,1544,executive_order,2,0.4605129063129425,0.03027109922930213,6.333333333333333
14135,14182,proclamation,2,0.8840898871421814,0.9999999999999997,22.0
14136,14182,proclamation,2,0.8840898871421814,0.9999999999999997,22.0
14137,14480,proclamation,2,0.7741028070449829,0.7168953064610633,12.0
1414,1430,executive_order,2,0.4524194002151489,0.041424148753368945,14.0
14140,15210,proclamation,2,0.45174990594387054,0.0037633067078363044,0.0
14147,14457,proclamation,2,0.8314260244369507,0.2234761446993464,13.0
1415,1416,executive_order,2,0.8415546417236328,0.8754674090650738,67.33333333333333
14156,14350,proclamation,2,0.8550131916999817,0.8994378453277424,51.0
1416,1494,executive_order,2,0.8197641372680664,0.816621245737096,56.333333333333336
14162,14465,proclamation,2,0.5145663172006607,0.01433090997896893,0.0
14166,14412,proclamation,2,0.6359050273895264,0.06215794195144623,0.0
14172,14943,proclamation,2,0.6783514022827148,0.31353267210392854,8.666666666666666
14175,14553,proclamation,2,0.7766408920288086,0.48549318328393193,58.0
14176,14477,proclamation,2,0.5449836254119873,0.007909702690564898,0.0
1418,1704,executive_order,2,0.8194114565849304,0.5810577159616833,23.333333333333332
14182,14332,proclamation,2,0.7820930480957031,0.4809566340358423,12.0
14185,14624,proclamation,2,0.7396557927131653,0.38365873521655497,109.33333333333333
14196,15187,proclamation,2,0.4415024220943451,0.0028863379937778748,0.0
14197,14300,proclamation,2,0.6572863161563873,0.09201750094739762,11.5
142,236,executive_order,2,0.5068768858909607,0.053751035403690604,13.666666666666666
14209,14337,proclamation,2,0.8451736569404602,0.3767654177817073,13.0
14218,14719,proclamation,2,0.4790959060192108,0.009705718995200755,0.0
1422,1524,executive_order,2,0.7007160186767578,0.7523528474002116,46.0
14220,14292,proclamation,2,0.8575119376182556,0.8994378453277424,51.0
14222,15178,proclamation,2,0.49035847187042236,0.02001214760242632,0.0
14223,14295,proclamation,2,0.5937134921550751,0.04250100858058086,0.0
1423,1722,executive_order,2,0.539349377155304,0.08045342835037168,0.0
14236,14391,proclamation,2,0.522507905960083,0.05248247013616539,0.0
14237,14358,proclamation,2,0.7093830108642578,0.2959375051181561,8.0
1424,2502,executive_order,2,0.4399540275335312,0.037171144394754815,0.0
14241,14613,proclamation,2,0.7963951826095581,0.4413831808012573,58.0
14253,15031,proclamation,2,0.4268316775560379,0.01066272566778813,0.0
14262,15194,proclamation,2,0.497932031750679,0.03390752982976889,0.0
14267,14760,proclamation,2,0.5485633015632629,0.2022433366055222,0.0
1427,1560,executive_order,2,0.6402315497398376,0.2629767688912048,44.666666666666664
14271,14457,proclamation,2,0.8364557027816772,0.2786833639366176,15.0
14275,14427,proclamation,2,0.5527524948120117,0.028111194683033882,0.0
14288,14663,proclamation,2,0.6781162023544312,0.5262580009935465,16.0
14292,14412,proclamation,2,0.8079923987388611,0.18276500629618456,0.0
14295,14590,proclamation,2,0.5917927920818329,0.027839336187844302,0.0
143,945,executive_order,2,0.47579525411129,0.031096190073744104,4.333333333333333
1430,1619,executive_order,2,0.5528779923915863,0.11176139452156218,4.0
14301,14420,proclamation,2,0.7825071215629578,0.39181951331135906,6.666666666666667
14306,14553,proclamation,2,0.6827617287635803,0.6171563728703373,57.0
14310,14823,proclamation,2,0.540221780538559,0.0,0.0
14319,14736,proclamation,2,0.8067252039909363,0.2473339958781697,5.666666666666667
1432,4231,executive_order,2,0.622310996055603,0.07992492675230128,0.0
14321,15053,proclamation,2,0.5456967055797577,0.054789356103631504,4.666666666666667
14327,15097,proclamation,2,0.6416699290275574,0.0,0.0
1433,1515,executive_order,2,0.6529263257980347,0.10808391644183725,15.0
14332,14423,proclamation,2,0.7411179542541504,0.39812612867257546,12.0
14333,14350,proclamation,2,0.6296207904815674,0.06875498472011705,0.0
14337,14402,proclamation,2,0.8411425352096558,0.24383704404211887,15.0
14348,14462,proclamation,2,0.5398884117603302,0.0,0.0
14350,14792,proclamation,2,0.5720560550689697,0.03395253497956022,0.0
14354,14760,proclamation,2,0.6317138671875,0.318184358275979,0.0
14357,14391,proclamation,2,0.4740507900714874,0.010557350178760689,0.0
14358,14484,proclamation,2,0.7830163836479187,0.3405223749752935,6.666666666666667
14359,14719,proclamation,2,0.5367195010185242,0.024376277557232217,0.0
14369,14928,proclamation,2,0.5433417558670044,0.005915364899436816,0.0
1437,1686,executive_order,2,0.6944441795349121,0.313393449222377,33.333333333333336
14370,14391,proclamation,2,0.6459518074989319,0.002768301074563384,0.0
14373,14792,proclamation,2,0.5453734993934631,0.021903278923142755,0.0
14382,14461,proclamation,2,0.6218207478523254,0.08411198444707985,0.0
14389,14465,proclamation,2,0.4899042248725891,0.00266390642695157,0.0
14391,15097,proclamation,2,0.5878855288028717,0.018609122263106907,0.0
144,1249,executive_order,2,0.48788632452487946,0.04155883501585686,3.6666666666666665
1440,2067,executive_order,2,0.5589885711669922,0.030790172646035906,0.0
14402,14526,proclamation,2,0.8260424137115479,0.34807493317982674,15.0
14406,14532,proclamation,2,0.7529691457748413,0.08613193499210554,0.0
14407,14474,proclamation,2,0.7514927387237549,0.34574284557095397,26.0
1441,1497,executive_order,2,0.6304865181446075,0.5211775274788107,44.666666666666664
14412,14928,proclamation,2,0.5850982367992401,0.019957475290937474,0.0
14413,14838,proclamation,2,0.5976198613643646,0.03487519835475005,0.0
1442,4216,executive_order,2,0.538756713271141,0.029509297861889175,0.0
14420,14484,proclamation,2,0.770908772945404,0.3644788063952838,9.0
14423,14773,proclamation,2,0.8446773290634155,0.4545413356343991,0.0
14427,14489,proclamation,2,0.7212135791778564,0.387432118456154,18.333333333333332
14429,14461,proclamation,2,0.6094748675823212,0.05881094989721223,7.0
1443,1819,executive_order,2,0.4956042915582657,0.03964531284310408,13.0
14435,14773,proclamation,2,0.6863663196563721,0.09921383445722577,0.0
14437,14561,proclamation,2,0.8022951483726501,0.225142452812061,5.666666666666667
14438,14704,proclamation,2,0.582773894071579,0.1424119491986635,12.0
1444,1528,executive_order,2,0.581802099943161,0.33280642938271193,60.333333333333336
14456,14551,proclamation,2,0.5051693320274353,0.06360349054362585,4.0
14457,14553,proclamation,2,0.5431169271469116,0.04779582846442708,0.0
1446,1722,executive_order,2,0.5664591193199158,0.050285965288881164,0.0
14462,14950,proclamation,2,0.6187701523303986,0.02131296184593923,0.0
14464,14787,proclamation,2,0.7078801095485687,0.22974554962681445,41.333333333333336
14465,15097,proclamation,2,0.5833358466625214,0.029394780106568857,0.0
14467,14537,proclamation,2,0.4792216420173645,0.026245649299500365,0.0
14471,15054,proclamation,2,0.6944799423217773,0.18176469461906092,32.0
14473,14576,proclamation,2,0.48955847322940826,0.005281782847876754,0.0
14477,14928,proclamation,2,0.4984678775072098,0.012430271848072326,0.0
14480,14506,proclamation,2,0.5438080430030823,0.0,0.0
14484,14943,proclamation,2,0.6611295938491821,0.2698518129993014,6.0
14489,14822,proclamation,2,0.7409357726573944,0.22713220287887195,11.0
14491,14846,proclamation,2,0.6762928664684296,0.27952501403896796,27.333333333333332
14497,15176,proclamation,2,0.5695607662200928,0.056459772216699136,0.0
14499,14841,proclamation,2,0.7799614667892456,0.3162919246605934,9.333333333333334
1450,1574,executive_order,2,0.5725494176149368,0.051213911040883964,0.0
14506,15067,proclamation,2,0.5031581968069077,0.052300903098524636,0.0
1452,1764,executive_order,2,0.8221989870071411,0.83091157281395,47.666666666666664
14520,14846,proclamation,2,0.5853233337402344,0.021774260411462024,0.0
14526,14865,proclamation,2,0.5379971265792847,0.05395235511818755,0.0
14529,14930,proclamation,2,0.58159339427948,0.06452308811869277,6.666666666666667
1453,1739,executive_order,2,0.5084254741668701,0.05757722083059036,0.0
14530,15049,proclamation,2,0.5231034457683563,0.024048320111646666,0.0
14532,14561,proclamation,2,0.6455596089363098,0.0635293833896991,0.0
14534,15153,proclamation,2,0.6056504547595978,0.16217174585752103,33.0
14538,14728,proclamation,2,0.635482668876648,0.14820110910456696,30.5
14541,14984,proclamation,2,0.6570514738559723,0.27984663066004545,6.0
14549,14930,proclamation,2,0.649345725774765,0.322349702834321,26.333333333333332
14551,15086,proclamation,2,0.4673719257116318,0.01345610169453079,0.0
14553,14822,proclamation,2,0.8338053226470947,0.46039351410144047,35.0
14554,14683,proclamation,2,0.5526140034198761,0.012359188271660063,0.0
14556,14613,proclamation,2,0.4747009724378586,0.00747423866595319,0.0
1456,1723,executive_order,2,0.5620859861373901,0.23138035830587736,17.0
14560,15190,proclamation,2,0.6355182826519012,0.05545843534248076,0.0
14561,15048,proclamation,2,0.7787483334541321,0.26277808081804915,9.333333333333334
14564,14830,proclamation,2,0.5478631854057312,0.08480174096876004,14.333333333333334
1457,3142,executive_order,2,0.572250634431839,0.011466592630233039,0.0
1458,1951,executive_order,2,0.5519101619720459,0.1653286964397788,25.0
14586,15054,proclamation,2,0.5685657262802124,0.11538478048376959,14.0
14587,14996,proclamation,2,0.6961727142333984,0.047019146849179405,0.0
14592,15160,proclamation,2,0.46096445620059967,0.006345347538163638,0.0
14598,14602,proclamation,2,0.5158619284629822,0.05196599906342627,0.0
14601,14615,proclamation,2,0.8784042000770569,1.0000000000000002,40.0
14602,14980,proclamation,2,0.6292879581451416,0.14864942778546086,11.5
1461,2767,executive_order,2,0.6333810985088348,0.054785340278653054,24.0
14611,15115,proclamation,2,0.7271644473075867,0.06755649308732163,0.0
14613,14822,proclamation,2,0.8461823463439941,0.49178298904120904,38.0
14615,14763,proclamation,2,0.8761295676231384,1.0000000000000002,40.0
14617,14839,proclamation,2,0.6461603939533234,0.40267231871225606,24.333333333333332
1462,1611,executive_order,2,0.6318296194076538,0.3787470894593312,49.666666666666664
14620,14896,proclamation,2,0.8684344291687012,0.9999999999999997,38.0
14621,14675,proclamation,2,0.6888912916183472,0.2446726101491888,16.0
14622,15073,proclamation,2,0.5296894311904907,0.03196853403521159,0.0
14624,15021,proclamation,2,0.7939702272415161,0.5126225270595329,137.66666666666666
14626,15084,proclamation,2,0.6606073677539825,0.06559456762370078,3.3333333333333335
1463,1791,executive_order,2,0.7018148303031921,0.4816893311475819,34.0
14638,15206,proclamation,2,0.4449792206287384,0.013792824478012868,5.5
14640,15040,proclamation,2,0.42946361005306244,0.0014563670571232916,0.0
1465,2333,executive_order,2,0.5999959409236908,0.1385712404683788,9.333333333333334
14656,14956,proclamation,2,0.856177568435669,0.7945152524684952,35.0
1466,1812,executive_order,2,0.47739383578300476,0.037903716725039525,6.666666666666667
14663,14760,proclamation,2,0.6326994299888611,0.026453428868497966,0.0
14666,14865,proclamation,2,0.8319007158279419,0.2219473640077005,14.0
14667,14749,proclamation,2,0.6032650470733643,0.09417662431306957,16.0
14668,15086,proclamation,2,0.4726119041442871,0.0074749582355443395,0.0
14669,15193,proclamation,2,0.49176913499832153,0.02836540458642395,0.0
14670,14846,proclamation,2,0.6671955287456512,0.3525328718207745,27.333333333333332
14671,14788,proclamation,2,0.832440197467804,0.7063303085620057,114.33333333333333
14675,14813,proclamation,2,0.5581983327865601,0.0,0.0
1468,2063,executive_order,2,0.506345584988594,0.048170405938313364,0.0
14681,14711,proclamation,2,0.8641417026519775,0.7359398473137689,40.0
14683,15054,proclamation,2,0.5010615736246109,0.013687984494283429,0.0
14685,15035,proclamation,2,0.5443170666694641,0.0,0.0
14686,15055,proclamation,2,0.6893682777881622,0.20994827624189652,0.0
1469,1862,executive_order,2,0.811849057674408,0.7340538252719394,36.0
14698,14958,proclamation,2,0.46314583718776703,0.04962725220622031,0.0
147,471,executive_order,2,0.5834912657737732,0.057707334867979236,7.666666666666667
14701,14950,proclamation,2,0.5225027501583099,0.02141531666159645,0.0
14704,15053,proclamation,2,0.581696093082428,0.08116011456904963,7.333333333333333
14708,14754,proclamation,2,0.41668665409088135,0.010990872160610954,0.0
14711,14840,proclamation,2,0.8761295676231384,1.0000000000000002,40.0
14719,14928,proclamation,2,0.5098196864128113,0.019982182183414656,0.0
14721,14772,proclamation,2,0.7130259275436401,0.22198277819724332,8.666666666666666
14723,14749,proclamation,2,0.5712689161300659,0.10734843259036542,15.0
14726,15073,proclamation,2,0.6909969449043274,0.2885069615333802,20.333333333333332
14728,14980,proclamation,2,0.6612226963043213,0.17543495672189963,36.0
14736,15190,proclamation,2,0.8095059394836426,0.3072475416835089,11.0
14737,14745,proclamation,2,0.6568608283996582,0.3063855478853971,0.0
14738,15106,proclamation,2,0.6068979799747467,0.0,0.0
1474,1882,executive_order,2,0.5936541557312012,0.14100354520994726,12.333333333333334
14745,14760,proclamation,2,0.6026360988616943,0.3324745412997154,15.0
14749,15054,proclamation,2,0.6201798319816589,0.18417945726651563,33.0
14754,14814,proclamation,2,0.5677931308746338,0.11894484424426745,0.0
14757,15122,proclamation,2,0.6813143789768219,0.07438828939230575,0.0
14760,14814,proclamation,2,0.5707730054855347,0.3878900026201774,15.0
14762,14986,proclamation,2,0.5195502042770386,0.044589318116968535,0.0
14763,14956,proclamation,2,0.8759024739265442,1.0000000000000002,40.0
14765,14870,proclamation,2,0.5992893874645233,0.08610572706552005,0.0
14768,14905,proclamation,2,0.7764466404914856,0.46041352519416906,35.0
14769,15152,proclamation,2,0.5678552389144897,0.01211627046386761,0.0
1477,1799,executive_order,2,0.5661648511886597,0.09573687913157129,0.0
14770,15016,proclamation,2,0.5010406821966171,0.08735716507605214,4.333333333333333
14772,14865,proclamation,2,0.8259658813476562,0.2208646938214605,14.0
14773,15086,proclamation,2,0.4340837895870209,0.0,0.0
14774,15048,proclamation,2,0.6462412476539612,0.178963499782172,6.0
14777,14908,proclamation,2,0.6510151028633118,0.3741173207711857,35.666666666666664
1478,2415,executive_order,2,0.5057912617921829,0.015360242502392327,0.0
14784,14877,proclamation,2,0.6060857772827148,0.3949673398440116,25.333333333333332
14788,14930,proclamation,2,0.7986029088497162,0.8818665461898808,126.66666666666667
14792,14921,proclamation,2,0.7251290082931519,0.1597786254603945,0.0
148,198,executive_order,2,0.6006353795528412,0.07804529296118513,27.0
14800,14908,proclamation,2,0.6839485168457031,0.36910788954885904,29.333333333333332
14803,14985,proclamation,2,0.6819183230400085,0.4406027281845083,56.0
14813,15080,proclamation,2,0.7345148026943207,0.1411252357137116,0.0
14814,15097,proclamation,2,0.6137571334838867,0.031488623852621044,0.0
14822,14912,proclamation,2,0.8467921614646912,0.7995845545264734,71.0
14823,15048,proclamation,2,0.5507799834012985,0.0713479449216621,0.0
1483,2063,executive_order,2,0.52488012611866,0.04148864492795083,0.0
14830,15193,proclamation,2,0.5257400721311569,0.025042795760685042,10.0
14834,14954,proclamation,2,0.5782933235168457,0.18323357097370604,16.0
14835,14870,proclamation,2,0.6381862461566925,0.15973317803701928,3.3333333333333335
14839,15054,proclamation,2,0.6295542120933533,0.10213130233099767,11.0
14840,14896,proclamation,2,0.8667123317718506,0.7945152524684952,35.0
14841,15190,proclamation,2,0.7483073472976685,0.2526594118059758,5.666666666666667
14846,15054,proclamation,2,0.7006497085094452,0.09088367251152896,11.0
1486,2821,executive_order,2,0.562559962272644,0.05025438673215338,0.0
14861,14867,proclamation,2,0.7016774415969849,0.2996788351696659,0.0
14865,14984,proclamation,2,0.4962390512228012,0.01993025516140098,0.0
14867,15045,proclamation,2,0.617599755525589,0.1498787460259321,0.0
1487,1497,executive_order,2,0.5756472051143646,0.12926517277488586,0.0
14870,14919,proclamation,2,0.6384724974632263,0.3417992655806656,13.666666666666666
14871,15087,proclamation,2,0.6299616396427155,0.08086188332245003,0.0
14877,14908,proclamation,2,0.7512502074241638,0.5467720962652171,77.0
14880,14950,proclamation,2,0.8184902667999268,0.25651855288283004,16.0
14890,14983,proclamation,2,0.4968778192996979,0.14002475444229645,0.0
14894,14944,proclamation,2,0.567613959312439,0.21150183937322406,17.333333333333332
14896,14904,proclamation,2,0.819257378578186,0.6326049076443029,35.0
14898,15072,proclamation,2,0.4824467748403549,0.019991593238880574,0.0
1490,1760,executive_order,2,0.760028600692749,0.431439785203351,13.0
14902,15159,proclamation,2,0.6278282403945923,0.2821183660094443,40.0
14903,14930,proclamation,2,0.7426806092262268,0.5142944515460894,70.66666666666667
14904,15127,proclamation,2,0.8282056450843811,0.5535179766675814,34.0
14908,14930,proclamation,2,0.7301598191261292,0.5437832081595037,70.66666666666667
1491,1987,executive_order,2,0.5410153865814209,0.021785980257961374,0.0
14912,15097,proclamation,2,0.4715006947517395,0.06191489016713442,0.0
14913,15097,proclamation,2,0.5240404605865479,0.03026815550507582,0.0
14917,15113,proclamation,2,0.47185710072517395,0.08501521196024664,0.0
14918,15117,proclamation,2,0.5976269841194153,0.027837189913827953,0.0
14919,14992,proclamation,2,0.5902898013591766,0.11293090821506217,7.333333333333333
14921,14943,proclamation,2,0.6464942693710327,0.2443608848023964,5.666666666666667
14925,14996,proclamation,2,0.6592136025428772,0.10473100194452975,0.0
14928,14994,proclamation,2,0.71323162317276,0.22078660360346544,18.333333333333332
1493,2993,executive_order,2,0.46903690695762634,0.005710033153306313,0.0
14930,14959,proclamation,2,0.6101065278053284,0.2643102740554155,24.333333333333332
14937,14944,proclamation,2,0.571698933839798,0.2326266639724542,20.0
1494,1783,executive_order,2,0.7895005345344543,0.6124194707223135,28.0
14943,15038,proclamation,2,0.6487370431423187,0.19722805248896808,7.0
14948,15126,proclamation,2,0.5438052266836166,0.0178246747220265,0.0
14950,15137,proclamation,2,0.6604271233081818,0.11138653676269183,5.666666666666667
14953,14958,proclamation,2,0.4910658597946167,0.09257733000058825,7.333333333333333
14954,15053,proclamation,2,0.6728538274765015,0.26375380369634543,34.0
14956,15186,proclamation,2,0.7560034394264221,0.48394443483728716,29.0
14959,15022,proclamation,2,0.5772022902965546,0.18975078382095525,17.666666666666668
14961,15048,proclamation,2,0.7466723918914795,0.16501316820627143,0.0
14975,14980,proclamation,2,0.5561769902706146,0.035342108553961624,20.0
14976,15103,proclamation,2,0.6486670970916748,0.016292210903571296,0.0
14977,15087,proclamation,2,0.5264077186584473,0.0,0.0
14979,14994,proclamation,2,0.5023002326488495,0.003987998305700133,0.0
14981,15013,proclamation,2,0.5008514374494553,0.0070957023496870135,0.0
14983,15118,proclamation,2,0.5889458358287811,0.2308099873503344,18.666666666666668
14984,15055,proclamation,2,0.6099265515804291,0.2452376596720127,8.0
14985,15159,proclamation,2,0.6997973918914795,0.5118299955893347,107.0
14986,15117,proclamation,2,0.79851233959198,0.8455945096002258,104.0
14987,15083,proclamation,2,0.5131205022335052,0.059074673904010944,6.666666666666667
14989,15183,proclamation,2,0.5450825691223145,0.11566895518857685,5.666666666666667
14994,15001,proclamation,2,0.6818312704563141,0.06747228611772561,0.0
14995,15169,proclamation,2,0.5806862115859985,0.039091073998890453,0.0
14996,15086,proclamation,2,0.7094928026199341,0.06444436845190055,0.0
14999,15103,proclamation,2,0.5832298994064331,0.036236250479174316,0.0
15,20,memorandum,2,0.5259351134300232,0.08233174173807432,0.0
15001,15048,proclamation,2,0.7797824144363403,0.18732141492043375,0.0
1501,1554,executive_order,2,0.6369847357273102,0.40344944906892516,65.33333333333333
15013,15053,proclamation,2,0.5678973197937012,0.14284372030951978,12.666666666666666
15015,15021,proclamation,2,0.7794749736785889,0.566596043296122,146.0
15016,15080,proclamation,2,0.5124382525682449,0.0,0.0
15017,15193,proclamation,2,0.6048311591148376,0.3526235336979709,99.0
15018,15077,proclamation,2,0.5825971066951752,0.2995672151507542,55.333333333333336
15019,15067,proclamation,2,0.6103412806987762,0.1616452772744262,42.666666666666664
15021,15173,proclamation,2,0.5302999913692474,0.1735742675092625,16.666666666666668
15022,15071,proclamation,2,0.5204267799854279,0.053054513312999575,0.0
15025,15184,proclamation,2,0.5277230143547058,0.18722302732318774,16.666666666666668
15028,15029,proclamation,2,0.5055877715349197,0.02836737737768638,0.0
1503,1515,executive_order,2,0.49183470010757446,0.12124816886118912,0.0
15031,15080,proclamation,2,0.4638185054063797,0.0,0.0
15035,15205,proclamation,2,0.48238013684749603,0.017400840498453307,0.0
15038,15055,proclamation,2,0.655318945646286,0.15207328680251617,7.0
1504,2305,executive_order,2,0.513220950961113,0.008669118074993057,0.0
15040,15072,proclamation,2,0.6530274450778961,0.3966262469440533,82.33333333333333
15041,15072,proclamation,2,0.6376037895679474,0.40251729995282887,104.0
15043,15215,proclamation,2,0.5454638004302979,0.025147500988449034,0.0
15044,15179,proclamation,2,0.8193783462047577,0.6988445849016752,52.333333333333336
15045,15067,proclamation,2,0.5413220226764679,0.15790380484954405,0.0
15046,15193,proclamation,2,0.5471985340118408,0.11553308567554242,52.0
15048,15137,proclamation,2,0.6891958713531494,0.13256547589578946,0.0
15053,15193,proclamation,2,0.584568589925766,0.20350532213247857,32.0
15054,15153,proclamation,2,0.5921310782432556,0.35312390505697816,65.0
15055,15190,proclamation,2,0.6784002184867859,0.07921915921151552,0.0
15060,15152,proclamation,2,0.7714850008487701,0.3395553777034199,11.0
15064,15190,proclamation,2,0.4504469037055969,0.010600155306168002,0.0
15066,15126,proclamation,2,0.5778169333934784,0.019191664165623467,0.0
15067,15090,proclamation,2,0.5553101003170013,0.1567653160524235,51.666666666666664
15071,15073,proclamation,2,0.7218364477157593,0.4970811391168568,42.333333333333336
15073,15122,proclamation,2,0.7364834547042847,0.22492687193751607,9.666666666666666
1508,3560,executive_order,2,0.5779343843460083,0.050467874429247585,0.0
15080,15090,proclamation,2,0.5036071091890335,0.0025953058241999206,0.0
15084,15190,proclamation,2,0.7141652405261993,0.0824015471387809,0.0
15085,15169,proclamation,2,0.7047417163848877,0.07044917107382495,0.0
15086,15169,proclamation,2,0.7092269062995911,0.09020131335653872,0.0
15087,15169,proclamation,2,0.6942741274833679,0.08906692430407967,0.0
1509,3292,executive_order,2,0.7475706338882446,0.5757182162978488,62.0
15093,15139,proclamation,2,0.5406454205513,0.027912938093141975,0.0
15097,15148,proclamation,2,0.4216400682926178,0.06956524918616526,0.0
15099,15186,proclamation,2,0.7154396772384644,0.5636386789897441,30.0
151,782,executive_order,2,0.46198153495788574,0.06294812758428109,4.333333333333333
1510,1632,executive_order,2,0.6295814216136932,0.2764081933319545,117.0
15100,15205,proclamation,2,0.7884069383144379,0.22353255054100604,5.5
15102,15180,proclamation,2,0.39651256799697876,0.0032255622574708094,0.0
15106,15190,proclamation,2,0.5536482632160187,0.009193400110315166,0.0
1511,1632,executive_order,2,0.6232396960258484,0.2986793098802724,116.0
15115,15126,proclamation,2,0.6994175910949707,0.06215266444795134,0.0
15117,15140,proclamation,2,0.8114272952079773,0.7770736343349769,101.0
15118,15153,proclamation,2,0.5176062136888504,0.07809637346022684,40.0
15122,15169,proclamation,2,0.5950964689254761,0.021649476549677846,0.0
15127,15171,proclamation,2,0.7356598377227783,0.47928472393160054,23.0
15128,15170,proclamation,2,0.4938247352838516,0.00903105697586581,0.0
1513,3837,executive_order,2,0.46613115072250366,0.03583451447896315,0.0
15131,15159,proclamation,2,0.5149974822998047,0.03904243100062481,0.0
15132,15147,proclamation,2,0.48592324554920197,0.0174458540771744,0.0
15133,15194,proclamation,2,0.4783308357000351,0.024681213824513378,0.0
15135,15197,proclamation,2,0.5549605488777161,0.0,0.0
15137,15185,proclamation,2,0.6180384159088135,0.022965128727951145,0.0
15139,15187,proclamation,2,0.5608712732791901,0.012639589812130203,0.0
1514,3277,executive_order,2,0.6101402938365936,0.030424536555273413,0.0
15140,15187,proclamation,2,0.5413849055767059,0.011994795063659863,0.0
15148,15212,proclamation,2,0.4930579662322998,0.03736253305076169,0.0
1515,3693,executive_order,2,0.7780188918113708,0.23377297019579016,24.0
15152,15169,proclamation,2,0.5564157068729401,0.0,0.0
15153,15206,proclamation,2,0.5535241365432739,0.27680910505218953,64.0
15159,15184,proclamation,2,0.4573955833911896,0.02567042870857168,0.0
15160,15178,proclamation,2,0.55637526512146,0.10913655218666805,8.666666666666666
15161,15194,proclamation,2,0.44493313133716583,0.0031827267366381046,0.0
15162,15173,proclamation,2,0.8507502675056458,0.928157791721535,90.0
15171,15176,proclamation,2,0.34930360317230225,0.013408809735459108,0.0
15173,15213,proclamation,2,0.8474633693695068,0.9181639775827354,89.33333333333333
15176,15188,proclamation,2,0.6699077785015106,0.139161854474368,5.5
15178,15179,proclamation,2,0.4293065816164017,0.005995034489230301,0.0
15179,15187,proclamation,2,0.5186564326286316,0.03336783914550422,0.0
15180,15213,proclamation,2,0.4733920842409134,0.013262132655617572,0.0
15181,15187,proclamation,2,0.42386889457702637,0.0028080925798090526,0.0
15184,15213,proclamation,2,0.8549888134002686,0.9181639775827354,89.33333333333333
15185,15187,proclamation,2,0.42024149000644684,0.014889693551129152,0.0
15186,15188,proclamation,2,0.40445180237293243,0.0,0.0
15190,15212,proclamation,2,0.37759971618652344,0.011345482026324445,0.0
15192,15213,proclamation,2,0.5601741075515747,0.258931553650559,33.666666666666664
15193,15194,proclamation,2,0.4511769115924835,0.00551642568679469,0.0
15194,15206,proclamation,2,0.4700995087623596,0.007614923066071076,0.0
15203,15210,proclamation,2,0.4106278717517853,0.0024342124276756708,0.0
15204,15215,proclamation,2,0.4227832406759262,0.0019865719876720326,0.0
15205,15210,proclamation,2,0.3814815878868103,0.0014573931466485026,0.0
15206,15212,proclamation,2,0.27843284606933594,0.00851001906201888,0.0
15212,15215,proclamation,2,0.25728804618120193,0.005924105470351277,0.0
15213,15215,proclamation,2,0.4405468851327896,0.01491581917778507,0.0
15217,16550,proclamation,2,0.7949380874633789,0.5926344639616828,43.0
1522,3439,executive_order,2,0.5370916426181793,0.017028916469789823,0.0
15220,15590,proclamation,2,0.6992014646530151,0.20582179440175727,43.0
15221,15356,proclamation,2,0.6569555699825287,0.28633674178095775,33.0
1523,3958,executive_order,2,0.5942698121070862,0.014119530678587046,0.0
15230,15470,proclamation,2,0.6913876831531525,0.35620339162258813,108.66666666666667
15232,15053,proclamation,2,0.5730444490909576,0.033418498647266266,0.0
15239,18812,proclamation,2,0.4960569143295288,0.034008931349187074,0.0
1524,3745,executive_order,2,0.7366657853126526,0.49059749000336805,37.0
15245,15470,proclamation,2,0.6593533754348755,0.36628379912896264,103.0
15246,15362,proclamation,2,0.7053811252117157,0.5281929818941861,53.0
1525,3625,executive_order,2,0.7362586259841919,0.3543741697517391,26.0
15254,14337,proclamation,2,0.6754888296127319,0.0171932680981147,0.0
1526,1921,executive_order,2,0.5221041738986969,0.12036723675470469,7.0
1528,1930,executive_order,2,0.5676516592502594,0.05003222921905672,14.333333333333334
15292,16684,proclamation,2,0.45794330537319183,0.00902541112422394,0.0
153,1982,executive_order,2,0.512286975979805,0.0050030222847928935,0.0
15332,16432,proclamation,2,0.8065924048423767,0.5991116980553347,33.0
15356,15890,proclamation,2,0.6128800511360168,0.21857971078828708,12.5
15359,15704,proclamation,2,0.640237957239151,0.32253295333881155,55.666666666666664
15362,15655,proclamation,2,0.7351166605949402,0.49847121227225616,53.666666666666664
1538,1584,executive_order,2,0.5979885458946228,0.373760313841293,76.0
1539,2820,executive_order,2,0.5718366205692291,0.030477728670202302,0.0
15392,15520,proclamation,2,0.7976640462875366,0.42982762072863595,58.666666666666664
1540,4091,executive_order,2,0.6771856546401978,0.20448266010630994,0.0
1541,1751,executive_order,2,0.5762567818164825,0.3568688228023857,17.333333333333332
15415,14560,proclamation,2,0.601142168045044,0.06524213992453823,0.0
15416,15891,proclamation,2,0.8075383305549622,0.9615259035726006,139.66666666666666
15431,15774,proclamation,2,0.8078989386558533,0.5922320202518252,20.0
1544,1807,executive_order,2,0.47281692922115326,0.07218952965046772,7.0
1545,1938,executive_order,2,0.8356512188911438,0.8844840339993841,50.0
15458,15579,proclamation,2,0.6462612748146057,0.4396590510609559,47.0
15466,16486,proclamation,2,0.709524393081665,0.36342899146624075,36.0
15469,16972,proclamation,2,0.6246354579925537,0.08271566477811831,3.3333333333333335
1547,1566,executive_order,2,0.6722545921802521,0.5868489938440458,97.66666666666667
15470,16701,proclamation,2,0.5631303787231445,0.16744545343743986,27.666666666666668
1548,3223,executive_order,2,0.5666143298149109,0.059742259449084296,4.333333333333333
15526,19261,proclamation,2,0.5391317307949066,0.0134468506614601,0.0
15528,16109,proclamation,2,0.7139753699302673,0.9726996789027275,166.0
1553,2288,executive_order,2,0.5004052668809891,0.021669243563145774,0.0
15537,15905,proclamation,2,0.79248046875,0.45455007933310604,16.0
1554,1573,executive_order,2,0.6119418740272522,0.48716269417653885,57.333333333333336
15545,15782,proclamation,2,0.7719888687133789,0.2852089396600564,0.0
1555,1672,executive_order,2,0.5677242875099182,0.09717806737184871,13.0
15559,15815,proclamation,2,0.5889873206615448,0.3124195387716952,57.0
1557,1921,executive_order,2,0.47663991153240204,0.07800957066046134,0.0
15579,15748,proclamation,2,0.6450231075286865,0.3852242584584665,66.33333333333333
1558,1580,executive_order,2,0.6212300658226013,0.29268875684220896,16.333333333333332
15590,16770,proclamation,2,0.595539778470993,0.15676878053933074,28.0
15598,16760,proclamation,2,0.629003494977951,0.04469587266400209,0.0
1560,2967,executive_order,2,0.5898151993751526,0.0641577071185164,3.6666666666666665
1561,3190,executive_order,2,0.5069342702627182,0.03859366489573016,0.0
1562,1743,executive_order,2,0.4769299626350403,0.010748021858461054,0.0
1563,1639,executive_order,2,0.5445398092269897,0.05629735524889056,3.3333333333333335
15630,15714,proclamation,2,0.7260191440582275,0.18377690821689985,19.0
15631,15748,proclamation,2,0.6757907271385193,0.43662204625058076,85.0
1565,3191,executive_order,2,0.5609435737133026,0.07367942951971829,0.0
15665,16723,proclamation,2,0.6066925227642059,0.052414812079941156,0.0
1568,2918,executive_order,2,0.5289443731307983,0.08036442440707399,0.0
15681,15106,proclamation,2,0.598499596118927,0.0,0.0
15687,16113,proclamation,2,0.5986549258232117,0.19441593879121535,43.666666666666664
1569,1708,executive_order,2,0.480229914188385,0.004699963104760088,0.0
15692,15856,proclamation,2,0.7303571701049805,0.4649353224365054,54.333333333333336
1570,3839,executive_order,2,0.5637782216072083,0.02328800425645054,0.0
15704,16575,proclamation,2,0.6222651302814484,0.329156952786682,51.333333333333336
1571,3357,executive_order,2,0.4885339289903641,0.014407682011428223,0.0
15711,16515,proclamation,2,0.5934199094772339,0.25064244278884984,12.0
1574,2819,executive_order,2,0.5285109281539917,0.018020085259232887,0.0
15748,15763,proclamation,2,0.7269993126392365,0.2340191795062216,36.5
1575,1639,executive_order,2,0.5069949328899384,0.023393628155703856,0.0
15752,16308,proclamation,2,0.4797154664993286,0.0270365558108994,0.0
1576,2415,executive_order,2,0.49711014330387115,0.051100734453556174,3.3333333333333335
15763,16208,proclamation,2,0.6384152472019196,0.29598769782554607,104.0
15764,15967,proclamation,2,0.7337801158428192,0.3905325976869318,67.0
15767,16638,proclamation,2,0.7694882750511169,0.42361856519255303,54.666666666666664
1577,3195,executive_order,2,0.7432645559310913,0.5035086205928432,26.0
15774,16212,proclamation,2,0.7945373058319092,0.2430489180891966,0.0
1578,2221,executive_order,2,0.5677363276481628,0.0914380550911082,0.0
15782,19396,proclamation,2,0.6327623128890991,0.10234389060256897,0.0
158,636,executive_order,2,0.5022113770246506,0.03504432479694483,0.0
1580,2748,executive_order,2,0.5626218020915985,0.0386808238872042,0.0
15802,19200,proclamation,2,0.6156100630760193,0.04687315222092474,0.0
1581,2526,executive_order,2,0.4897603988647461,0.034113782731385794,0.0
15814,15843,proclamation,2,0.65442955493927,0.23981822621970458,52.666666666666664
15816,15843,proclamation,2,0.7513817846775055,0.47531344503627926,83.33333333333333
15817,15842,proclamation,2,0.7130979001522064,0.4262734775833561,110.5
15818,15951,proclamation,2,0.6572698354721069,0.407080952992532,57.0
15819,15895,proclamation,2,0.7844399809837341,0.6103966203886045,94.0
1582,1591,executive_order,2,0.5343025773763657,0.012120349840808438,0.0
15821,15898,proclamation,2,0.7448526620864868,0.36536565452658776,90.66666666666667
15822,14088,proclamation,2,0.5830509662628174,0.03720920050678318,7.333333333333333
15823,15952,proclamation,2,0.637800931930542,0.2932715135157083,92.0
15827,16265,proclamation,2,0.6803269386291504,0.2712200874620311,0.0
1584,2564,executive_order,2,0.533720389008522,0.12703099990752714,0.0
15842,16296,proclamation,2,0.6269093453884125,0.2622268568714308,51.0
15856,16578,proclamation,2,0.7580044865608215,0.5908667341322529,67.0
1586,1997,executive_order,2,0.5770742893218994,0.15988552022153002,0.0
15866,19100,proclamation,2,0.6411342620849609,0.03129512871706179,0.0
15880,16198,proclamation,2,0.7965431809425354,0.5707331095133217,44.0
15881,16208,proclamation,2,0.6537694334983826,0.3700342523961803,33.333333333333336
15887,15053,proclamation,2,0.5531251728534698,0.04915863424641297,0.0
15888,18428,proclamation,2,0.6453555226325989,0.2571824980101283,28.0
15890,16797,proclamation,2,0.7261907458305359,0.27420869206917015,0.0
15891,16208,proclamation,2,0.7695308029651642,0.8317457337943429,123.66666666666667
15895,15952,proclamation,2,0.6016587316989899,0.37214894514042396,99.5
15896,15952,proclamation,2,0.6194109320640564,0.2821457428040132,64.0
15905,16412,proclamation,2,0.7825106978416443,0.40289451617740457,13.0
1591,2661,executive_order,2,0.5172675848007202,0.1839928961467718,18.0
1592,1678,executive_order,2,0.6895010471343994,0.26609423121930614,0.0
15921,16296,proclamation,2,0.6147827208042145,0.23661018229651898,64.0
15943,16255,proclamation,2,0.5664705038070679,0.2677365804820118,53.0
15950,19617,proclamation,2,0.6042195558547974,0.10737293800887533,21.0
15951,19617,proclamation,2,0.6298239231109619,0.19249173509318876,42.0
15952,19622,proclamation,2,0.665907621383667,0.26871959024822273,76.0
15953,19616,proclamation,2,0.645288348197937,0.31392696819875093,77.0
15967,16578,proclamation,2,0.7041730880737305,0.40729440523089216,56.333333333333336
1598,2656,executive_order,2,0.5727863311767578,0.0382254434759211,0.0
15995,16297,proclamation,2,0.8466866612434387,0.4068885496435336,38.0
15998,16098,proclamation,2,0.8221536874771118,0.556254316485483,44.0
16,20,memorandum,2,0.5214575827121735,0.05912623735704531,0.0
1600,1825,executive_order,2,0.6330068707466125,0.05615108304019794,0.0
16003,16409,proclamation,2,0.5295369625091553,0.02285039925097205,0.0
16006,19568,proclamation,2,0.5772508680820465,0.07451389008182456,3.6666666666666665
16008,16576,proclamation,2,0.6343988180160522,0.10120487830601771,9.0
1605,1997,executive_order,2,0.593847930431366,0.14208678620856502,0.0
16055,18575,proclamation,2,0.661076009273529,0.37509780539921633,43.0
1606,1730,executive_order,2,0.5424040257930756,0.13317434932602576,11.0
1608,1610,executive_order,2,0.765225350856781,0.6315276002747953,18.0
16092,16194,proclamation,2,0.7533649206161499,0.29479657412905635,18.0
16098,16301,proclamation,2,0.8339968919754028,0.583165444986691,44.0
1610,1621,executive_order,2,0.7141895294189453,0.6935614701509947,18.0
16102,14090,proclamation,2,0.47660815715789795,0.024902365223340175,0.0
16104,14586,proclamation,2,0.41605544090270996,0.0,0.0
16109,16907,proclamation,2,0.6290464103221893,0.5127590365763119,89.0
1611,1696,executive_order,2,0.6390739381313324,0.3262746322825549,71.0
16113,16255,proclamation,2,0.5403946340084076,0.09658830987332966,26.0
1613,1714,executive_order,2,0.4692697077989578,0.020878805875514703,0.0
1615,1729,executive_order,2,0.7246967554092407,0.7144175095080803,41.666666666666664
16154,16258,proclamation,2,0.8099266290664673,0.6252427114814241,48.333333333333336
16156,16467,proclamation,2,0.692256510257721,0.3798972902158962,29.0
1617,1621,executive_order,2,0.7222386598587036,0.6485789596343944,18.0
1618,1876,executive_order,2,0.614847868680954,0.08842379087732789,20.666666666666668
1619,3173,executive_order,2,0.5340800881385803,0.1441060366515248,40.0
16194,17036,proclamation,2,0.8297041058540344,0.39585501188458055,6.666666666666667
16198,16397,proclamation,2,0.6938480734825134,0.21295784888061361,10.0
16208,16770,proclamation,2,0.696864664554596,0.363444875035118,94.0
1621,1674,executive_order,2,0.6937297582626343,0.3239901676710082,0.0
16212,16925,proclamation,2,0.7868059873580933,0.1839594908692095,0.0
1623,1857,executive_order,2,0.7756951451301575,0.6352011206987801,22.666666666666668
16230,16805,proclamation,2,0.7324336469173431,0.34101924513641424,23.333333333333332
16236,16268,proclamation,2,0.6130878329277039,0.11214975296956571,4.666666666666667
1624,1783,executive_order,2,0.7869755625724792,0.6654046410632142,25.0
16248,16497,proclamation,2,0.5350507497787476,0.02855264357777379,0.0
1625,1861,executive_order,2,0.7748921513557434,0.6861233248714527,27.666666666666668
16254,17074,proclamation,2,0.6486441195011139,0.23027591100501196,16.666666666666668
16255,16268,proclamation,2,0.5989023447036743,0.1809069022993206,19.333333333333332
16258,16578,proclamation,2,0.694505363702774,0.47952217986294793,43.0
16261,16358,proclamation,2,0.6245579719543457,0.09541614734666028,13.0
16265,16797,proclamation,2,0.7312532663345337,0.4382175114847569,21.0
1627,1699,executive_order,2,0.5036475658416748,0.17950703291840875,40.0
16273,16971,proclamation,2,0.6708415150642395,0.33946771694638295,33.0
16289,16486,proclamation,2,0.7845131754875183,0.744871547463775,81.0
16293,16760,proclamation,2,0.5752682387828827,0.1855257463988107,12.666666666666666
16296,14090,proclamation,2,0.5669601559638977,0.17157984192163292,18.333333333333332
16297,16882,proclamation,2,0.8419084548950195,0.3278176673627623,14.0
1630,2263,executive_order,2,0.5241117775440216,0.1071282915132134,0.0
16301,16405,proclamation,2,0.6170830130577087,0.13040680872474456,10.0
16308,19566,proclamation,2,0.4690156430006027,0.005784614660860277,0.0
16347,14974,proclamation,2,0.5347896218299866,0.013527696598839081,0.0
1635,2188,executive_order,2,0.6708437204360962,0.17250751930211075,6.5
16358,16903,proclamation,2,0.56938636302948,0.09613796657034533,13.0
16386,20109,proclamation,2,0.4692821800708771,0.015425953701651098,0.0
16388,16435,proclamation,2,0.5548356473445892,0.022414812894373592,0.0
1639,2331,executive_order,2,0.47833989560604095,0.06521187054471599,0.0
16394,16622,proclamation,2,0.645503968000412,0.05820960849524248,0.0
16396,16420,proclamation,2,0.5441093146800995,0.03169538579704239,0.0
16397,16431,proclamation,2,0.6016274094581604,0.02751036598369753,0.0
164,963,executive_order,2,0.48630179464817047,0.04837765801504276,0.0
1640,1695,executive_order,2,0.6615610122680664,0.5101862059865838,92.66666666666667
16400,16663,proclamation,2,0.5352786183357239,0.04514951017670043,0.0
16401,16655,proclamation,2,0.6608459949493408,0.027025797839074002,0.0
16403,16502,proclamation,2,0.6406849324703217,0.5320902178677761,46.0
16405,16515,proclamation,2,0.7316763997077942,0.33010700746498994,12.0
16407,19856,proclamation,2,0.6398649215698242,0.04560720296462358,0.0
16409,16514,proclamation,2,0.5619491934776306,0.032111521499055884,0.0
1641,2274,executive_order,2,0.5252984464168549,0.02951614985114766,0.0
16412,16654,proclamation,2,0.7738208770751953,0.47700611089687356,18.0
16420,19940,proclamation,2,0.47459234297275543,0.03330017437346593,0.0
16424,16535,proclamation,2,0.6987318098545074,0.22911866432734232,4.666666666666667
16425,16435,proclamation,2,0.5886155664920807,0.023194845118651854,0.0
16429,16435,proclamation,2,0.5539246201515198,0.034824328734777886,0.0
16431,18315,proclamation,2,0.6010878086090088,0.0674591097687977,0.0
16432,16671,proclamation,2,0.8046177625656128,0.5982355394265436,32.0
16435,19904,proclamation,2,0.5471110343933105,0.06453124856322336,0.0
16438,16502,proclamation,2,0.7446963787078857,0.6546330615377535,61.0
16440,16911,proclamation,2,0.5993074178695679,0.02358632070452006,0.0
16441,14359,proclamation,2,0.6056396961212158,0.029937991869857433,0.0
16449,16618,proclamation,2,0.6984516382217407,0.5881118630782524,48.333333333333336
16455,14162,proclamation,2,0.628229022026062,0.03214550896828855,0.0
16457,19193,proclamation,2,0.5207504034042358,0.08834873002384694,12.0
16459,16537,proclamation,2,0.6161989569664001,0.052266088955602585,0.0
16467,16486,proclamation,2,0.6522290706634521,0.39216210841270965,39.333333333333336
16468,19940,proclamation,2,0.5330933034420013,0.03926526054739464,0.0
16469,14099,proclamation,2,0.5651340782642365,0.06223965322197963,0.0
1647,1693,executive_order,2,0.7421546578407288,0.29569071082799575,0.0
16476,16915,proclamation,2,0.6205034255981445,0.055171636253307864,8.0
16486,16578,proclamation,2,0.7915852665901184,0.7662659755757927,75.33333333333333
16489,19665,proclamation,2,0.5395925045013428,0.05561949319539282,0.0
1649,1848,executive_order,2,0.5152009129524231,0.02058556671847006,0.0
16490,19552,proclamation,2,0.616502583026886,0.0,0.0
16495,14080,proclamation,2,0.6485484540462494,0.026236483869363548,0.0
16496,14880,proclamation,2,0.6558879911899567,0.09917245186246522,5.666666666666667
16497,16629,proclamation,2,0.7667989432811737,0.33887003450524866,15.0
165,899,executive_order,2,0.41794006526470184,0.031587643360813565,14.0
16502,16618,proclamation,2,0.8156097531318665,0.8191593243343319,57.666666666666664
16503,16925,proclamation,2,0.5762521028518677,0.08638542590905886,0.0
16514,14373,proclamation,2,0.534437894821167,0.0,0.0
16515,19042,proclamation,2,0.5317528545856476,0.08169240535808237,0.0
16525,16925,proclamation,2,0.7501710653305054,0.14520505002593792,0.0
16531,16642,proclamation,2,0.6692039966583252,0.39827602809289836,35.0
16535,19584,proclamation,2,0.6835927665233612,0.1960465341434273,6.0
16537,16925,proclamation,2,0.6084598302841187,0.12386720371051788,0.0
16540,16581,proclamation,2,0.7901080250740051,0.8070384053350691,55.333333333333336
16550,18769,proclamation,2,0.6279593110084534,0.043923011199538654,0.0
16554,18843,proclamation,2,0.43436913192272186,0.0,0.0
1656,1714,executive_order,2,0.5500221252441406,0.11631242586064532,0.0
16563,19193,proclamation,2,0.5254982113838196,0.0630617614168211,0.0
16576,16906,proclamation,2,0.6936072409152985,0.1315170774864823,3.3333333333333335
16578,18404,proclamation,2,0.6856859624385834,0.16617657205329803,22.333333333333332
1658,1825,executive_order,2,0.49433889985084534,0.006662704482708001,0.0
16581,16828,proclamation,2,0.7990444302558899,0.7666763964836013,50.333333333333336
16598,16671,proclamation,2,0.6161590814590454,0.010332290524318218,0.0
1660,2044,executive_order,2,0.5009175390005112,0.03870272393405156,0.0
16601,20181,proclamation,2,0.5581896901130676,0.10838717899031029,0.0
16618,17157,proclamation,2,0.7761871218681335,0.6870504005729523,45.333333333333336
16622,14337,proclamation,2,0.6544224321842194,0.03385968463349551,0.0
16629,16742,proclamation,2,0.8322319984436035,0.38539661857584434,32.0
16631,16993,proclamation,2,0.6922163367271423,0.3617791112907901,28.0
16638,16909,proclamation,2,0.7991528511047363,0.6299754756357788,73.0
16639,18315,proclamation,2,0.48927950859069824,0.013351915194075636,0.0
16642,18716,proclamation,2,0.6326682865619659,0.04147671959129242,0.0
16654,16925,proclamation,2,0.7635092735290527,0.14460085265730424,0.0
16655,14306,proclamation,2,0.6038899421691895,0.0,0.0
16663,14532,proclamation,2,0.7225025296211243,0.21973877361666685,0.0
16671,19396,proclamation,2,0.6303171813488007,0.03802353569589274,0.0
1668,4226,executive_order,2,0.4657088667154312,0.009515464321289718,0.0
16684,14999,proclamation,2,0.5670998096466064,0.01780217970458079,0.0
16696,16906,proclamation,2,0.6538930237293243,0.3038454789309858,36.333333333333336
16697,14977,proclamation,2,0.5787578821182251,0.01658472687919496,0.0
167,461,executive_order,2,0.45636309683322906,0.04492572377217485,7.333333333333333
1670,3035,executive_order,2,0.5566970705986023,0.15823379949350802,0.0
16706,16791,proclamation,2,0.729456216096878,0.4347146853788079,35.666666666666664
1672,1719,executive_order,2,0.5609379708766937,0.1325184774701484,34.0
16723,16748,proclamation,2,0.6842126250267029,0.084479293842256,0.0
16728,15097,proclamation,2,0.5790604948997498,0.0,0.0
1673,1674,executive_order,2,0.7273864150047302,0.8722260833461628,19.0
16738,18315,proclamation,2,0.5031990706920624,0.011498507503040052,0.0
1674,1693,executive_order,2,0.7332421541213989,0.793526148974672,19.0
16742,17036,proclamation,2,0.7731477618217468,0.24357428855203608,16.0
16748,18267,proclamation,2,0.5463789701461792,0.033531918328143395,0.0
1675,4226,executive_order,2,0.6563109755516052,0.16989188456577864,0.0
16752,19261,proclamation,2,0.5542774498462677,0.03682948008087318,0.0
16759,15053,proclamation,2,0.4903017580509186,0.010582357088490535,0.0
16760,16827,proclamation,2,0.6343163251876831,0.30591604137824296,20.333333333333332
16761,16789,proclamation,2,0.6926955282688141,0.2460219778751718,26.666666666666668
16767,17041,proclamation,2,0.8088350892066956,0.645442415602808,74.66666666666667
16769,16907,proclamation,2,0.6966524124145508,0.6481991715334313,132.33333333333334
1677,1793,executive_order,2,0.5869018137454987,0.03197575267293064,0.0
16770,17054,proclamation,2,0.8360083401203156,0.7199843139835737,120.0
16771,17041,proclamation,2,0.6183749288320541,0.6308593432197084,72.66666666666667
16779,18262,proclamation,2,0.7366973161697388,0.11380823235228557,0.0
16789,16906,proclamation,2,0.7373830676078796,0.21831740352561088,28.333333333333332
1679,1717,executive_order,2,0.7763939499855042,0.6508253268972191,14.0
16790,14136,proclamation,2,0.87939453125,0.8208910041404515,22.0
16791,17054,proclamation,2,0.77729731798172,0.3976400594338039,35.666666666666664
16797,17041,proclamation,2,0.6277656257152557,0.14356516621557752,8.0
16803,18575,proclamation,2,0.7148967385292053,0.3560408684994008,23.5
16805,16827,proclamation,2,0.7290509343147278,0.4283280205029499,34.0
1682,1991,executive_order,2,0.5585792362689972,0.14017734436075233,26.666666666666668
16827,17157,proclamation,2,0.7718539237976074,0.6575679220932068,43.0
16828,16934,proclamation,2,0.6903481483459473,0.4358794986967571,38.333333333333336
16864,16909,proclamation,2,0.7881128787994385,0.602009870866213,72.0
1687,3195,executive_order,2,0.7123219966888428,0.2943829698011905,26.0
16882,18713,proclamation,2,0.7197581231594086,0.18751100111894062,8.0
16896,17041,proclamation,2,0.7866207957267761,0.5340825267911726,71.33333333333333
1690,3235,executive_order,2,0.5786517560482025,0.0528695676344715,0.0
16906,16907,proclamation,2,0.6401641368865967,0.33163093345657263,65.33333333333333
16908,19673,proclamation,2,0.6846432089805603,0.26807386262308464,21.0
16909,19864,proclamation,2,0.6918134093284607,0.2176418489254555,19.333333333333332
1691,1814,executive_order,2,0.6527676582336426,0.1744401767069192,15.0
16911,19239,proclamation,2,0.5807256698608398,0.14065735641604893,4.333333333333333
1692,3944,executive_order,2,0.6197899580001831,0.04024948300402186,0.0
16925,14140,proclamation,2,0.7004011273384094,0.1116217890622939,0.0
1693,2565,executive_order,2,0.7364145517349243,0.5783149301284252,14.0
16934,18446,proclamation,2,0.6467194557189941,0.673432031121905,133.66666666666666
1696,1806,executive_order,2,0.6230051815509796,0.1716010072673558,34.333333333333336
16972,18428,proclamation,2,0.6294796466827393,0.3336274034339361,27.333333333333332
16988,17065,proclamation,2,0.5526261627674103,0.06670441279609646,5.333333333333333
1699,1951,executive_order,2,0.5693520605564117,0.1977745360383083,22.333333333333332
16993,18775,proclamation,2,0.6292740702629089,0.15188698823996782,3.6666666666666665
17,20,memorandum,2,0.5112382918596268,0.10886247113180576,10.333333333333334
170,899,executive_order,2,0.5060293972492218,0.05320129034633848,0.0
1700,1926,executive_order,2,0.5555103719234467,0.077149504564636,3.3333333333333335
1701,2356,executive_order,2,0.5603267550468445,0.1189533240106684,16.666666666666668
17036,18877,proclamation,2,0.7933803796768188,0.3304055928819018,6.0
1704,1783,executive_order,2,0.7809435725212097,0.6596499274302737,34.333333333333336
17041,19864,proclamation,2,0.6941437721252441,0.2165445453097249,19.333333333333332
1705,3341,executive_order,2,0.5248046219348907,0.009402708906600615,0.0
17054,18236,proclamation,2,0.7057421505451202,0.35444244189520085,69.66666666666667
17058,19101,proclamation,2,0.5295047760009766,0.03413074368975363,0.0
1706,2045,executive_order,2,0.5796475410461426,0.03768489258592856,0.0
17074,17186,proclamation,2,0.6755728721618652,0.18610185150083544,5.0
1708,2247,executive_order,2,0.521316647529602,0.046348156557610085,0.0
1710,1880,executive_order,2,0.6507014036178589,0.05990288871405199,0.0
17111,14640,proclamation,2,0.7635563611984253,0.20853696815399073,45.0
17113,18781,proclamation,2,0.5775119066238403,0.13279593590106778,15.333333333333334
17157,18543,proclamation,2,0.6146380603313446,0.4580636006004779,32.0
1716,2256,executive_order,2,0.5597466230392456,0.15367683859638892,0.0
1717,2907,executive_order,2,0.48064368963241577,0.03707721758819807,0.0
17188,15055,proclamation,2,0.6482948958873749,0.08266221752606741,0.0
17189,19976,proclamation,2,0.49118635058403015,0.0,0.0
1719,1951,executive_order,2,0.5724597573280334,0.20068318067487453,20.333333333333332
17193,14136,proclamation,2,0.8840898871421814,0.9999999999999997,22.0
17198,19637,proclamation,2,0.5369384288787842,0.05918164659977321,0.0
1720,2415,executive_order,2,0.5253579765558243,0.01497857157228591,0.0
17205,17212,proclamation,2,0.4583098292350769,0.05329013898884834,0.0
17206,19480,proclamation,2,0.5829843282699585,0.02278176916548196,0.0
1721,1841,executive_order,2,0.802116870880127,0.3243454288909365,52.333333333333336
17212,15097,proclamation,2,0.6388577818870544,0.015567117229116509,0.0
17213,14902,proclamation,2,0.6071088314056396,0.06873227946084871,0.0
17218,17330,proclamation,2,0.46296079456806183,0.005353681932171493,0.0
17219,17996,proclamation,2,0.4145353436470032,0.007871271451975297,0.0
17220,17321,proclamation,2,0.6034264862537384,0.009530924083346966,0.0
17221,17249,proclamation,2,0.5644327700138092,0.2641207800352705,50.666666666666664
17224,16008,proclamation,2,0.543333575129509,0.037915314732320515,0.0
17228,16248,proclamation,2,0.6250973641872406,0.09912946030712264,0.0
1723,1951,executive_order,2,0.6003829836845398,0.21037656622109713,21.0
17231,17271,proclamation,2,0.5914030969142914,0.4900299185167221,88.0
17232,12274,proclamation,2,0.5303300023078918,0.2485857330703918,45.666666666666664
17240,17275,proclamation,2,0.7833585739135742,0.41505341974216986,49.0
17245,16697,proclamation,2,0.5752081274986267,0.02628346773484754,5.0
1725,2517,executive_order,2,0.6440083384513855,0.025827023950068834,0.0
17260,18218,proclamation,2,0.5277944207191467,0.11518288368808195,8.333333333333334
17261,17609,proclamation,2,0.8093493580818176,0.3240048648750617,5.333333333333333
17266,12198,proclamation,2,0.8114867806434631,0.4311539127667177,10.333333333333334
17269,19889,proclamation,2,0.5208049416542053,0.022642127799558247,0.0
17275,19568,proclamation,2,0.5052775293588638,0.011209308852675742,0.0
17276,12268,proclamation,2,0.5068687796592712,0.016521675657745382,0.0
17277,17453,proclamation,2,0.4613306373357773,0.020053707769332435,0.0
17278,13039,proclamation,2,0.553179144859314,0.05933906981533999,0.0
1728,1891,executive_order,2,0.5458157658576965,0.1781327842204775,34.666666666666664
17284,12333,proclamation,2,0.6925360858440399,0.4947207974258019,169.66666666666666
17285,18184,proclamation,2,0.6290424168109894,0.3688618737830063,39.666666666666664
17287,13039,proclamation,2,0.4955005943775177,0.025773658165451106,0.0
17288,12227,proclamation,2,0.8100812435150146,0.16858563371042629,0.0
1729,3015,executive_order,2,0.741805225610733,0.5400756433022206,20.333333333333332
17298,19368,proclamation,2,0.5688232183456421,0.04056810480647363,0.0
1730,2050,executive_order,2,0.5721040964126587,0.2789612354979885,9.0
1731,2681,executive_order,2,0.5264458656311035,0.010774372109307484,0.0
17316,16431,proclamation,2,0.8202739953994751,0.4215302466789816,7.0
17318,17321,proclamation,2,0.587000697851181,0.11701491587632418,0.0
17319,17905,proclamation,2,0.47071950137615204,0.011829739165819914,0.0
17321,16425,proclamation,2,0.5309565663337708,0.02102640657855175,0.0
1733,1818,executive_order,2,0.5549806952476501,0.26751198256271597,39.0
17330,16156,proclamation,2,0.5533607006072998,0.06771745177742564,0.0
17335,13146,proclamation,2,0.5951746106147766,0.04140662335272778,0.0
1734,1823,executive_order,2,0.6860964000225067,0.09797466068327824,5.5
17347,13284,proclamation,2,0.6096628904342651,0.09290822815840794,3.3333333333333335
17348,17544,proclamation,2,0.5383719503879547,0.0427359033260206,0.0
1735,2394,executive_order,2,0.6132347285747528,0.03999064787696627,5.0
17352,17486,proclamation,2,0.7416318655014038,0.9258150485594521,82.33333333333333
17361,12413,proclamation,2,0.6535332202911377,0.2712760835607045,61.0
1737,4411,executive_order,2,0.5178975164890289,0.04782778468252032,0.0
17376,18099,proclamation,2,0.6451507210731506,0.5543549190461777,72.0
1740,3003,executive_order,2,0.702443540096283,0.06946189891622317,0.0
1741,2433,executive_order,2,0.5748705565929413,0.01194719287274757,0.0
17418,18154,proclamation,2,0.8180294036865234,0.3575456289389751,7.0
17424,13562,proclamation,2,0.6675072908401489,0.025901795548792187,0.0
17452,17544,proclamation,2,0.6228896975517273,0.05228469893769561,3.3333333333333335
17459,18089,proclamation,2,0.6303213834762573,0.6021032842672728,19.666666666666668
1751,2084,executive_order,2,0.5408057272434235,0.4355023438885996,26.0
1752,1872,executive_order,2,0.5196466445922852,0.021780929718461822,0.0
1756,1927,executive_order,2,0.8333408236503601,0.9306471218265661,52.666666666666664
1757,4420,executive_order,2,0.48796769976615906,0.006244398433734417,0.0
176,4196,executive_order,2,0.5274017453193665,0.03185965387716611,0.0
1760,2184,executive_order,2,0.5995883345603943,0.05952674579958742,0.0
17609,16194,proclamation,2,0.7948397397994995,0.24112630070697624,4.333333333333333
1762,2217,executive_order,2,0.5731427669525146,0.20423186726666623,35.0
17626,17756,proclamation,2,0.6487809717655182,0.476335370058137,42.666666666666664
17630,13093,proclamation,2,0.6317687928676605,0.35614414722295895,72.66666666666667
1764,1928,executive_order,2,0.8465291857719421,0.9306471218265661,53.0
1765,1795,executive_order,2,0.630165159702301,0.1444081847710955,11.333333333333334
17675,12828,proclamation,2,0.5244399607181549,0.03643609989815944,0.0
1768,2488,executive_order,2,0.6097224950790405,0.03140765188663232,0.0
1769,1775,executive_order,2,0.8448842167854309,0.9082498161480391,52.666666666666664
17698,12680,proclamation,2,0.6423662006855011,0.28458090743329884,86.66666666666667
17699,12846,proclamation,2,0.6403691470623016,0.29586340010422646,44.666666666666664
177,228,executive_order,2,0.5267429649829865,0.050857140872915985,6.0
1771,2948,executive_order,2,0.6212288439273834,0.04306016143264627,0.0
17725,12813,proclamation,2,0.4791610538959503,0.007827955825185563,0.0
1773,1938,executive_order,2,0.8409529328346252,0.8247045436870191,47.0
1774,1835,executive_order,2,0.5607714653015137,0.10746391941289186,0.0
1775,1862,executive_order,2,0.8409824371337891,0.8594508847354887,51.666666666666664
17756,12419,proclamation,2,0.6170474588871002,0.3380979448884793,79.33333333333333
17764,14977,proclamation,2,0.5809073150157928,0.00432185777378795,0.0
1777,3644,executive_order,2,0.6301666498184204,0.044091099029365775,0.0
1778,3549,executive_order,2,0.6049164533615112,0.35105707902600247,0.0
17806,13134,proclamation,2,0.8482862710952759,0.34928296381223467,10.0
1781,2721,executive_order,2,0.685542106628418,0.1360956966537052,5.5
17812,16906,proclamation,2,0.6848994195461273,0.08737722397254956,3.6666666666666665
17818,20208,proclamation,2,0.4543020874261856,0.027678387972629254,0.0
1783,1938,executive_order,2,0.8423052430152893,0.8414012731988182,49.333333333333336
1784,1875,executive_order,2,0.6274303495883942,0.18123233770187497,21.666666666666668
1785,1849,executive_order,2,0.6197296679019928,0.09464133811666355,4.333333333333333
1788,3151,executive_order,2,0.4976084232330322,0.0484580935639369,4.0
1789,1921,executive_order,2,0.5264926254749298,0.1188649276726121,16.666666666666668
1791,3195,executive_order,2,0.6831346750259399,0.32625481995988853,26.0
1792,1835,executive_order,2,0.6191805005073547,0.07066415125970832,0.0
17923,12047,proclamation,2,0.7601481974124908,1.0000000000000002,54.333333333333336
1793,2263,executive_order,2,0.5713762640953064,0.26105597902256755,4.0
17949,16629,proclamation,2,0.6051886081695557,0.027345241980295656,0.0
1795,2011,executive_order,2,0.5470640659332275,0.036188469645121145,0.0
17996,12977,proclamation,2,0.8168066143989563,0.7268354669235275,29.0
18,19,memorandum,2,0.4561365991830826,0.04835614309296124,11.0
1803,3015,executive_order,2,0.67716845870018,0.3948785212553006,20.333333333333332
1804,2392,executive_order,2,0.49013595283031464,0.03890686335148039,10.0
18043,11981,proclamation,2,0.8172689080238342,1.0,188.66666666666666
1805,2084,executive_order,2,0.5692324638366699,0.41726382278537893,29.666666666666668
1806,1968,executive_order,2,0.5605417490005493,0.0914244658967532,0.0
1810,1838,executive_order,2,0.5888940095901489,0.20216844440486462,3.6666666666666665
18102,16388,proclamation,2,0.511387050151825,0.009162451420028429,0.0
18108,15086,proclamation,2,0.4972807466983795,0.0714193683193885,0.0
18118,12037,proclamation,2,0.5532539486885071,0.05114838047866552,0.0
1812,1921,executive_order,2,0.48892155289649963,0.16799204246864055,10.0
18123,13438,proclamation,2,0.7458970844745636,0.6815143117379208,72.0
1814,2205,executive_order,2,0.6371148228645325,0.05541591386443606,0.0
18141,12180,proclamation,2,0.7421225309371948,0.19707795446720358,0.0
18154,16497,proclamation,2,0.805596113204956,0.23794930895052654,4.333333333333333
1818,1929,executive_order,2,0.5431825518608093,0.2374515651046365,37.333333333333336
18184,18191,proclamation,2,0.684516191482544,0.9203369093531037,84.66666666666667
1819,2063,executive_order,2,0.44938571751117706,0.03567160377200862,0.0
18190,11981,proclamation,2,0.5663923621177673,0.16342932384346318,15.666666666666666
18198,15774,proclamation,2,0.8207404613494873,0.6107218121517218,23.0
1820,3288,executive_order,2,0.489624559879303,0.030379092563087073,0.0
18217,12227,proclamation,2,0.5529625415802002,0.16328105170560325,0.0
18223,13741,proclamation,2,0.8210834264755249,0.6741152845538076,44.0
18225,16431,proclamation,2,0.7867790460586548,0.418045937593104,7.0
1823,2162,executive_order,2,0.6624301671981812,0.27204506949367535,9.0
18236,18320,proclamation,2,0.6732904016971588,0.2881180482358066,20.0
1824,2118,executive_order,2,0.5233165919780731,0.03980463067107481,0.0
1825,3441,executive_order,2,0.6016678214073181,0.01411895478778336,0.0
18254,18837,proclamation,2,0.5456169843673706,0.026404425882740695,0.0
18255,18320,proclamation,2,0.6245278418064117,0.10906897804652711,7.333333333333333
18262,14745,proclamation,2,0.5894680023193359,0.0,0.0
18267,19396,proclamation,2,0.631669819355011,0.07586646741745191,0.0
1828,3901,executive_order,2,0.5234041512012482,0.010528774625000438,0.0
18296,19200,proclamation,2,0.5880200266838074,0.09245014924352418,0.0
183,638,executive_order,2,0.5716034471988678,0.03091047442909868,3.6666666666666665
1830,1953,executive_order,2,0.560650110244751,0.030806735084452305,0.0
1831,2137,executive_order,2,0.5742854475975037,0.039917283312289754,0.0
18310,18868,proclamation,2,0.5887142419815063,0.10144769289695,26.666666666666668
18315,19205,proclamation,2,0.522709310054779,0.011126120611856407,0.0
18324,18617,proclamation,2,0.5580832958221436,0.16322717292574698,25.666666666666668
18348,18602,proclamation,2,0.5988723337650299,0.42741511467236526,46.333333333333336
1837,3944,executive_order,2,0.531038761138916,0.004398100397947356,0.0
18383,14721,proclamation,2,0.5677939355373383,0.03420338637785256,0.0
18395,14196,proclamation,2,0.5067447423934937,0.1806681173252734,6.0
18397,19329,proclamation,2,0.5889238715171814,0.048635431694218655,0.0
184,413,executive_order,2,0.4684593081474304,0.005925183142092428,0.0
18404,18716,proclamation,2,0.6490390300750732,0.03899627456824178,0.0
18428,18446,proclamation,2,0.6851169168949127,0.21439001527805737,48.0
1843,2151,executive_order,2,0.6423108577728271,0.10069128620367934,0.0
1844,2449,executive_order,2,0.5963587760925293,0.23092761890537775,9.666666666666666
1847,3819,executive_order,2,0.5454387664794922,0.02524891136600769,0.0
18472,14465,proclamation,2,0.5091792345046997,0.014391291853104884,0.0
18475,18785,proclamation,2,0.6324295997619629,0.8374483147417072,59.666666666666664
18476,18574,proclamation,2,0.6483352482318878,0.17586582167552936,16.0
1848,2256,executive_order,2,0.5297647714614868,0.07984516865625278,0.0
18485,14136,proclamation,2,0.8770252466201782,0.8470776278766636,21.0
1849,2030,executive_order,2,0.5149358808994293,0.0310868290904376,0.0
18491,14420,proclamation,2,0.5358749330043793,0.0,0.0
18496,19428,proclamation,2,0.7597732245922089,0.44385047151306006,84.33333333333333
185,735,executive_order,2,0.5751425325870514,0.14731900182005506,4.333333333333333
18506,19520,proclamation,2,0.651133269071579,0.08862910660977484,11.333333333333334
18514,19722,proclamation,2,0.6524979770183563,0.5373019316178311,35.0
18521,18753,proclamation,2,0.5641837120056152,0.09084213997542018,5.666666666666667
1853,2223,executive_order,2,0.5147801637649536,0.1038457606100674,14.0
18552,19396,proclamation,2,0.5919208228588104,0.04327302683188466,0.0
1857,1888,executive_order,2,0.8150041699409485,0.750775179310624,39.333333333333336
18575,14985,proclamation,2,0.6000036001205444,0.08273886815001616,0.0
18602,18753,proclamation,2,0.5860540866851807,0.339922847695253,62.0
1861,1933,executive_order,2,0.8239962458610535,0.7207062424472278,38.666666666666664
18617,18775,proclamation,2,0.6184320449829102,0.27358424932207154,45.0
1862,1933,executive_order,2,0.8378345966339111,0.9075280368025722,53.0
18626,18757,proclamation,2,0.48189684748649597,0.0072750278672211064,0.0
1863,2151,executive_order,2,0.6042506694793701,0.05252811534297005,0.0
18638,18785,proclamation,2,0.5661372542381287,0.4610510314621728,61.0
1864,3862,executive_order,2,0.5929928123950958,0.11128443825715169,13.666666666666666
18644,19527,proclamation,2,0.5544143319129944,0.0,0.0
18658,18757,proclamation,2,0.5354285836219788,0.01366818239596739,0.0
18669,19699,proclamation,2,0.5724857151508331,0.12775765780073045,5.0
1867,2392,executive_order,2,0.5035802572965622,0.0460979064274927,13.333333333333334
18670,19193,proclamation,2,0.5788372755050659,0.031648321041087224,0.0
1871,3313,executive_order,2,0.40943166613578796,0.005866875486477696,0.0
18713,19042,proclamation,2,0.8397847414016724,0.576567285580342,17.333333333333332
18716,14530,proclamation,2,0.5060600191354752,0.02073153163594747,0.0
1873,2289,executive_order,2,0.6009868085384369,0.1323993004721098,12.666666666666666
18735,19160,proclamation,2,0.6005128026008606,0.3488072892345211,43.333333333333336
18748,19099,proclamation,2,0.5610571205615997,0.06978169876550325,0.0
18753,18870,proclamation,2,0.597062736749649,0.2055854966352064,21.0
18757,14561,proclamation,2,0.6122473478317261,0.006382505621003767,0.0
1876,1975,executive_order,2,0.6104189455509186,0.137214703288526,4.333333333333333
18769,19042,proclamation,2,0.5759334564208984,0.07092920268523052,0.0
1877,1890,executive_order,2,0.5191579461097717,0.11546288727680305,0.0
18775,18868,proclamation,2,0.6187203228473663,0.10795244855722047,8.666666666666666
18785,18870,proclamation,2,0.5680276453495026,0.27627827377020253,23.0
18789,19193,proclamation,2,0.5488983988761902,0.03371827615393198,0.0
18796,19329,proclamation,2,0.6447019577026367,0.08243143173888083,6.666666666666667
1880,1979,executive_order,2,0.5747436285018921,0.03739272050061871,0.0
1881,3659,executive_order,2,0.530997022986412,0.023481305595824606,0.0
18810,19329,proclamation,2,0.5771277844905853,0.06753267176477044,6.666666666666667
18812,18837,proclamation,2,0.5461156368255615,0.012893064373980256,0.0
18823,19503,proclamation,2,0.47843262553215027,0.0,0.0
18837,18877,proclamation,2,0.5571793913841248,0.010208392329503164,0.0
18843,18877,proclamation,2,0.49760445952415466,0.011531754232072844,0.0
18858,14974,proclamation,2,0.5054355263710022,0.021919910585223492,0.0
1887,3000,executive_order,2,0.623518705368042,0.5219152053187917,9.333333333333334
18877,19281,proclamation,2,0.6519706845283508,0.10499685417756144,0.0
18879,19439,proclamation,2,0.5399907827377319,0.07572289894810569,6.333333333333333
1888,2567,executive_order,2,0.7073434293270111,0.38647662765937235,21.666666666666668
189,592,executive_order,2,0.48009686172008514,0.046493707225759955,0.0
1890,2013,executive_order,2,0.6069817245006561,0.21634590492093805,0.0
1891,2123,executive_order,2,0.6590030193328857,0.2676946455391003,25.333333333333332
18936,19346,proclamation,2,0.7662927806377411,0.5031582631044513,42.0
18949,14370,proclamation,2,0.42579197883605957,0.01599981607931233,0.0
1896,1930,executive_order,2,0.5194768905639648,0.1886755583250882,38.0
1899,4316,executive_order,2,0.5343946218490601,0.09653512149744659,0.0
19,21,memorandum,2,0.5119078755378723,0.053714990444219325,12.0
19004,19307,proclamation,2,0.5169471502304077,0.0,0.0
19018,19605,proclamation,2,0.8083756566047668,0.6910400795975021,25.0
1902,2091,executive_order,2,0.6012160181999207,0.042801558695643414,0.0
1904,3929,executive_order,2,0.7479910850524902,0.28069702577128486,136.0
19042,19307,proclamation,2,0.5432597398757935,0.17351124563404527,8.0
19058,19099,proclamation,2,0.5684107542037964,0.1328054970940152,0.0
1906,1975,executive_order,2,0.6141001284122467,0.1369680362511344,4.333333333333333
1907,2389,executive_order,2,0.5583688318729401,0.06673633808579923,3.6666666666666665
19076,14070,proclamation,2,0.6635991632938385,0.41192063826408964,16.333333333333332
1908,2090,executive_order,2,0.49273158609867096,0.1561279348893053,32.0
19099,19940,proclamation,2,0.5107417404651642,0.08588127174940739,0.0
1910,1980,executive_order,2,0.47952376306056976,0.11167756668016472,11.666666666666666
19100,19767,proclamation,2,0.5295127928256989,0.04479841713122462,3.3333333333333335
19101,19415,proclamation,2,0.5436976850032806,0.035265581321769476,0.0
1911,2013,executive_order,2,0.6079521477222443,0.2617413575041184,3.6666666666666665
19114,14094,proclamation,2,0.8220140933990479,0.5899431355035574,24.0
1912,3745,executive_order,2,0.7427963018417358,0.49160033266715014,26.0
1914,3746,executive_order,2,0.7104983329772949,0.03999926291831472,0.0
1916,2420,executive_order,2,0.5612594187259674,0.3468566455761121,20.333333333333332
19160,19625,proclamation,2,0.6477830410003662,0.40369914834931064,42.666666666666664
19162,19292,proclamation,2,0.6460886001586914,0.3610810741318528,61.333333333333336
1917,2050,executive_order,2,0.5185931473970413,0.11813211754394635,10.666666666666666
19193,19266,proclamation,2,0.5813493728637695,0.10629285757121663,0.0
1920,2090,executive_order,2,0.5402384400367737,0.11169368696381927,21.666666666666668
19200,14175,proclamation,2,0.5033876299858093,0.032411952435967784,0.0
19203,15117,proclamation,2,0.49107664823532104,0.013635257542298265,0.0
19204,14306,proclamation,2,0.5789423286914825,0.0059551704621547946,0.0
19205,19904,proclamation,2,0.4909120947122574,0.03201699842958395,0.0
1921,2375,executive_order,2,0.5816690623760223,0.05339814925572711,0.0
19211,19525,proclamation,2,0.5864651799201965,0.07828887743469073,8.0
19214,14389,proclamation,2,0.49894601106643677,0.0050594582040272805,0.0
19223,20209,proclamation,2,0.5367414057254791,0.037104865351225744,0.0
19232,19760,proclamation,2,0.8247439861297607,0.6691748479281362,35.0
19239,20232,proclamation,2,0.6020088791847229,0.017893382479708946,0.0
19241,20044,proclamation,2,0.5598036348819733,0.020432058248681412,0.0
19247,19282,proclamation,2,0.6090812087059021,0.0712053929531178,0.0
19261,19985,proclamation,2,0.6897305548191071,0.1156716577854256,6.666666666666667
19266,19285,proclamation,2,0.5708228945732117,0.016817614104328867,0.0
1927,1938,executive_order,2,0.766532689332962,0.7039374300505031,25.666666666666668
19270,19450,proclamation,2,0.6319701075553894,0.1043871416815072,0.0
19276,19653,proclamation,2,0.5180553495883942,0.0,0.0
1928,1938,executive_order,2,0.766532689332962,0.7039374300505031,25.666666666666668
19281,13977,proclamation,2,0.6102904379367828,0.012413103693062057,0.0
19282,20232,proclamation,2,0.6062754392623901,0.0,0.0
19285,19397,proclamation,2,0.45384953916072845,0.01631149429716078,0.0
19287,14526,proclamation,2,0.5773961544036865,0.024506279819337055,0.0
1929,2084,executive_order,2,0.5760864317417145,0.23168898609376568,28.333333333333332
19292,19696,proclamation,2,0.644158810377121,0.5631735232830144,77.0
19298,14175,proclamation,2,0.514514833688736,0.003966592186765563,0.0
19300,19403,proclamation,2,0.605094701051712,0.24042026290789467,7.0
19307,19442,proclamation,2,0.5343161523342133,0.020658382575854964,0.0
19327,14288,proclamation,2,0.8251798152923584,0.6254128134071872,24.0
1933,1939,executive_order,2,0.8419497609138489,0.9222873591116354,53.666666666666664
1934,2147,executive_order,2,0.562659740447998,0.10107253883824299,0.0
19368,15139,proclamation,2,0.5186630487442017,0.0,0.0
19369,14556,proclamation,2,0.61436727643013,0.009967059301328206,0.0
1938,2014,executive_order,2,0.7176437973976135,0.4055752719231338,29.333333333333332
19380,19545,proclamation,2,0.5759161114692688,0.012086321417065962,0.0
1939,2014,executive_order,2,0.7173328697681427,0.40852963216643995,29.333333333333332
19396,14928,proclamation,2,0.5486955642700195,0.0230060289187116,0.0
194,385,executive_order,2,0.5006037950515747,0.06932972709189165,7.333333333333333
1940,2344,executive_order,2,0.6089141070842743,0.0720420747160569,0.0
19403,19584,proclamation,2,0.7253831028938293,0.5081002652442612,12.0
1941,4465,executive_order,2,0.5754794180393219,0.022156857981014008,0.0
19415,19940,proclamation,2,0.5247403383255005,0.007206996116850583,0.0
19418,19545,proclamation,2,0.5636947453022003,0.034526353080016135,0.0
1943,1962,executive_order,2,0.6765410900115967,0.13622809315889295,0.0
19430,14686,proclamation,2,0.4951050132513046,0.01297840400346098,0.0
19431,20209,proclamation,2,0.8266912698745728,0.3427286030598664,21.0
19432,19520,proclamation,2,0.7150987386703491,0.39418550752318554,60.0
19442,14484,proclamation,2,0.6718112826347351,0.09616652343210641,4.0
19450,14556,proclamation,2,0.6428678035736084,0.030970843020196866,0.0
19458,19904,proclamation,2,0.5521045923233032,0.09373673806433713,0.0
19461,15040,proclamation,2,0.580037534236908,0.034160092272244924,0.0
19480,19637,proclamation,2,0.5514205098152161,0.032870012332805155,0.0
19491,19973,proclamation,2,0.6397267282009125,0.16205823237715944,4.0
19492,14306,proclamation,2,0.5971065759658813,0.0,0.0
19498,19985,proclamation,2,0.4744305908679962,0.002229781066537009,0.0
195,464,executive_order,2,0.47902853786945343,0.04781954772147933,13.333333333333334
19500,19813,proclamation,2,0.6757649481296539,0.21359512648565498,5.0
19503,14015,proclamation,2,0.5219725966453552,0.015652874814182982,0.0
19504,14262,proclamation,2,0.41577792167663574,0.034688442187399776,0.0
19505,15016,proclamation,2,0.4425864517688751,0.027660491012429827,0.0
1951,1992,executive_order,2,0.618072509765625,0.219333136919485,42.333333333333336
19514,14209,proclamation,2,0.5473779439926147,0.03520721984049152,0.0
19519,19568,proclamation,2,0.60619056224823,0.16554692654932626,10.666666666666666
1952,3195,executive_order,2,0.6486415863037109,0.20718673878591526,18.0
19520,19625,proclamation,2,0.7237857282161713,0.35492164708814905,48.333333333333336
19522,19539,proclamation,2,0.6434253752231598,0.3913191801066396,68.33333333333333
19526,20207,proclamation,2,0.5905869901180267,0.28387061995775176,12.0
19527,15097,proclamation,2,0.5433530807495117,0.0,0.0
19532,15102,proclamation,2,0.7764440178871155,0.28281582936863003,35.0
19535,20209,proclamation,2,0.8559667468070984,0.7519248014765326,41.0
19536,19864,proclamation,2,0.6734523773193359,0.2476881856453825,23.0
19539,14155,proclamation,2,0.6268869340419769,0.20226979896567396,5.0
19540,14686,proclamation,2,0.49962057173252106,0.01226647762300151,0.0
19545,19985,proclamation,2,0.6952044665813446,0.09316201756414018,4.666666666666667
19552,19566,proclamation,2,0.47664347290992737,0.0,0.0
19562,14484,proclamation,2,0.46893487870693207,0.009702579397386253,0.0
19566,14698,proclamation,2,0.42952463030815125,0.11821915882425783,3.6666666666666665
1957,2229,executive_order,2,0.5585383474826813,0.07323108508048565,13.0
1958,3018,executive_order,2,0.5397409200668335,0.026313554201364213,0.0
19584,14532,proclamation,2,0.7597442865371704,0.1628735965710804,0.0
19593,19722,proclamation,2,0.6036989688873291,0.6616085513320247,39.666666666666664
19594,14050,proclamation,2,0.6201843023300171,0.02688936032209041,0.0
19595,14402,proclamation,2,0.5290350914001465,0.013764191110930534,0.0
19605,14663,proclamation,2,0.7042011022567749,0.5439933752087979,16.0
19606,14090,proclamation,2,0.6011023819446564,0.07132042747432336,8.666666666666666
19607,19914,proclamation,2,0.5796385407447815,0.07497991617025318,5.333333333333333
19608,19886,proclamation,2,0.5999698042869568,0.10549884692124974,28.666666666666668
19609,19886,proclamation,2,0.6331386566162109,0.04712467832608511,5.333333333333333
19610,19886,proclamation,2,0.6073123812675476,0.04724937809614963,5.333333333333333
19612,14090,proclamation,2,0.5920082032680511,0.06952109923240174,5.333333333333333
19613,19886,proclamation,2,0.6228807270526886,0.04598829979823296,5.333333333333333
19614,14538,proclamation,2,0.5975452661514282,0.05495780256409728,5.0
19615,14089,proclamation,2,0.6140387654304504,0.04458033533894012,8.666666666666666
19616,14090,proclamation,2,0.5848152935504913,0.07216958906362932,8.666666666666666
19617,19914,proclamation,2,0.6016075611114502,0.07676916274805944,5.333333333333333
19618,14090,proclamation,2,0.5689696073532104,0.13940532439343742,28.333333333333332
19619,14089,proclamation,2,0.5988203287124634,0.1468089649439814,28.333333333333332
19620,19914,proclamation,2,0.593298465013504,0.07807855564717485,5.333333333333333
19622,14090,proclamation,2,0.5981560349464417,0.07254430611415574,8.666666666666666
19625,19788,proclamation,2,0.5462038218975067,0.21907631552950887,21.0
19628,14009,proclamation,2,0.5627093315124512,0.0,0.0
19633,14916,proclamation,2,0.6411511898040771,0.02655654620400783,0.0
19637,14477,proclamation,2,0.5147416740655899,0.02350632625701582,0.0
19653,15152,proclamation,2,0.5528109967708588,0.0175638325048188,0.0
19656,13984,proclamation,2,0.6543861627578735,0.30135279468585546,20.0
1966,2045,executive_order,2,0.5918208956718445,0.10494034850364237,16.0
19665,14986,proclamation,2,0.5259004831314087,0.010638799422163848,0.0
19672,19797,proclamation,2,0.546912282705307,0.05568635973327939,0.0
19673,15104,proclamation,2,0.5585743486881256,0.026227982332723766,0.0
19692,19760,proclamation,2,0.8559621572494507,0.8994378453277424,51.0
19696,14106,proclamation,2,0.6121977269649506,0.4617523691984197,17.666666666666668
19699,15126,proclamation,2,0.5942934453487396,0.0037467554428267185,0.0
197,2467,executive_order,2,0.5022938251495361,0.04853097717665905,3.3333333333333335
1971,4116,executive_order,2,0.49703508615493774,0.044414271963962575,0.0
19721,14412,proclamation,2,0.5976912379264832,0.03534094428841092,0.0
19722,19788,proclamation,2,0.7253755033016205,0.5540178255951886,33.333333333333336
19723,14874,proclamation,2,0.5321397483348846,0.05301381313591985,3.6666666666666665
1973,2273,executive_order,2,0.6005461513996124,0.07676092026408193,0.0
19748,14468,proclamation,2,0.4029994159936905,0.01563133885912037,0.0
19750,19920,proclamation,2,0.5028299242258072,0.03873813033178089,0.0
19760,20209,proclamation,2,0.8540699481964111,0.8994378453277424,51.0
19764,20196,proclamation,2,0.6594439148902893,0.5656954234239578,51.666666666666664
19768,14300,proclamation,2,0.49571259319782257,0.01168463000352892,0.0
19787,14950,proclamation,2,0.5190740823745728,0.010296550777722692,0.0
19788,14874,proclamation,2,0.5288296937942505,0.05238202505295361,3.6666666666666665
19790,20157,proclamation,2,0.575939267873764,0.043439936518712474,5.333333333333333
19797,20044,proclamation,2,0.6684494316577911,0.06943446963249393,4.0
198,401,executive_order,2,0.5277341604232788,0.09036476971273964,0.0
1980,2090,executive_order,2,0.5837339460849762,0.29623283683557844,46.333333333333336
1981,2698,executive_order,2,0.5381947159767151,0.012708301590099344,0.0
19810,20207,proclamation,2,0.6489015817642212,0.45496851609354166,74.33333333333333
19813,14532,proclamation,2,0.7082221806049347,0.21017890236997872,0.0
19816,14470,proclamation,2,0.5932719707489014,0.018716126828732603,0.0
19829,14292,proclamation,2,0.8498132228851318,0.8349583872621428,47.0
1983,2810,executive_order,2,0.492971733212471,0.058442378515674166,0.0
19830,20109,proclamation,2,0.4646754115819931,0.011675305506585947,0.0
19856,14928,proclamation,2,0.6571274399757385,0.0825982255481592,6.0
1986,2084,executive_order,2,0.5870057642459869,0.39464853489355217,53.666666666666664
19864,15113,proclamation,2,0.5514593720436096,0.03912464324748868,0.0
1987,2793,executive_order,2,0.6476209759712219,0.0387542726357648,0.0
1988,2009,executive_order,2,0.5907105803489685,0.11459079563423917,0.0
19884,14640,proclamation,2,0.6666210889816284,0.13258358905032328,17.0
19887,14846,proclamation,2,0.449145182967186,0.006318120364578703,0.0
19897,14350,proclamation,2,0.8443379402160645,0.6865534622543318,33.0
19898,19959,proclamation,2,0.5433347821235657,0.039138430951057415,3.6666666666666665
19904,20232,proclamation,2,0.574752688407898,0.028560156717521264,0.0
1991,2050,executive_order,2,0.639986664056778,0.35182375562933893,32.333333333333336
19910,14237,proclamation,2,0.7047519683837891,0.29594646523204476,4.666666666666667
1992,2123,executive_order,2,0.5836076140403748,0.200523335285382,19.0
19920,14977,proclamation,2,0.522901862859726,0.007569214613958339,0.0
19927,14477,proclamation,2,0.4349166601896286,0.016961828726510687,0.0
1993,2229,executive_order,2,0.6549107134342194,0.14615504291050663,15.0
19935,14106,proclamation,2,0.5448766350746155,0.3056991478716224,20.666666666666668
1994,3195,executive_order,2,0.6559175252914429,0.15513667332121153,13.0
19940,14666,proclamation,2,0.5496922433376312,0.01143017701244607,0.0
1995,2017,executive_order,2,0.5799302458763123,0.12183424087561216,0.0
19953,14701,proclamation,2,0.7690877914428711,0.3892297360789621,15.666666666666666
19958,14009,proclamation,2,0.5070012956857681,0.017324892126710695,0.0
19959,20003,proclamation,2,0.7282475233078003,0.5519882625609663,38.666666666666664
19961,14172,proclamation,2,0.7832954525947571,0.4003185710245077,9.0
19962,20196,proclamation,2,0.8332945704460144,0.9042526677578383,61.666666666666664
1997,2978,executive_order,2,0.6109520494937897,0.10475501365547707,0.0
19973,20003,proclamation,2,0.6220260262489319,0.3458809499290996,15.333333333333334
19974,14359,proclamation,2,0.5345690846443176,0.013805342060833045,0.0
19975,20003,proclamation,2,0.7383620142936707,0.6357523877651815,58.666666666666664
19976,14350,proclamation,2,0.8424755334854126,0.7414874188072033,33.0
19980,20003,proclamation,2,0.6599634885787964,0.36852614141387335,53.333333333333336
19985,14097,proclamation,2,0.6835005879402161,0.29384319854448226,4.666666666666667
19987,14050,proclamation,2,0.5294417142868042,0.0,0.0
19995,20017,proclamation,2,0.8438703417778015,0.7349870272452125,101.66666666666667
2,8908,memorandum,2,0.49796758592128754,0.04597143567832218,3.3333333333333335
20,24,memorandum,2,0.5489624440670013,0.09671158648193356,17.666666666666668
200,264,executive_order,2,0.5384766608476639,0.024923081951463644,0.0
20003,20056,proclamation,2,0.7776143848896027,0.5401108531389051,75.33333333333333
2001,2458,executive_order,2,0.5874885320663452,0.1456006047020596,23.0
20017,14106,proclamation,2,0.6317927241325378,0.4130235470525969,29.333333333333332
20020,20207,proclamation,2,0.6210847496986389,0.36817024491254896,36.666666666666664
20022,14412,proclamation,2,0.5251466631889343,0.0,0.0
20024,14306,proclamation,2,0.5643389821052551,0.024778354961262922,0.0
20048,20119,proclamation,2,0.8266811370849609,0.9158020087425646,62.0
2005,2334,executive_order,2,0.7225856482982635,0.2889938645078736,14.0
20059,14350,proclamation,2,0.849344789981842,0.8329620233761542,50.0
2008,2347,executive_order,2,0.6513284742832184,0.017928269431123914,0.0
20085,14760,proclamation,2,0.5847402811050415,0.24705271580396584,10.0
20102,14560,proclamation,2,0.7941173911094666,0.4796352325320316,16.666666666666668
20109,15126,proclamation,2,0.4932452142238617,0.010231541071949183,0.0
20119,13984,proclamation,2,0.8031975626945496,0.8842507817221019,62.666666666666664
2013,2102,executive_order,2,0.5875198841094971,0.125459725083049,0.0
20136,20209,proclamation,2,0.857224702835083,0.7300077100197803,40.0
2014,2237,executive_order,2,0.7886800765991211,0.42629444296220126,33.0
20159,14429,proclamation,2,0.522349938750267,0.05233415875250228,4.0
20163,14041,proclamation,2,0.5569812059402466,0.11697677806702589,3.6666666666666665
20169,15185,proclamation,2,0.691267192363739,0.2893481918139867,15.0
2018,2109,executive_order,2,0.5675852596759796,0.1413273175778846,32.0
20181,15205,proclamation,2,0.5687837600708008,0.05866590717876456,0.0
20196,14549,proclamation,2,0.513320580124855,0.05219639838216214,3.3333333333333335
20202,15147,proclamation,2,0.4826849400997162,0.01241303681288504,0.0
20209,14292,proclamation,2,0.8505072593688965,0.8994378453277424,51.0
20221,14237,proclamation,2,0.7360971570014954,0.2258092330025067,5.666666666666667
20232,14107,proclamation,2,0.7820515632629395,0.9159976290846252,71.0
2024,2111,executive_order,2,0.5609025955200195,0.27095674848089135,46.333333333333336
2026,2034,executive_order,2,0.7074121534824371,0.5093702585590963,23.666666666666668
2028,3854,executive_order,2,0.5356917381286621,0.011366467135164197,0.0
203,642,executive_order,2,0.5205596089363098,0.04048376353505009,3.6666666666666665
2030,2151,executive_order,2,0.6493715643882751,0.09864308332826739,0.0
2032,2478,executive_order,2,0.8216232061386108,0.47920779248763923,61.666666666666664
2033,2334,executive_order,2,0.6595993936061859,0.24969853094447259,15.0
2034,2334,executive_order,2,0.6595993936061859,0.24969853094447259,15.0
2037,4126,executive_order,2,0.5793207883834839,0.02636694243220425,0.0
204,344,executive_order,2,0.4347960501909256,0.052455920895121466,0.0
2045,2058,executive_order,2,0.5782378613948822,0.0982137583079738,0.0
2047,2097,executive_order,2,0.5552157461643219,0.03538262455733914,6.666666666666667
2049,2237,executive_order,2,0.7242182493209839,0.3574030580563179,33.666666666666664
205,1560,executive_order,2,0.5801056623458862,0.13562663207180467,14.0
2050,2090,executive_order,2,0.5490196347236633,0.15624090478013364,41.0
2052,2090,executive_order,2,0.5372369289398193,0.08811778529446818,19.666666666666668
2053,3008,executive_order,2,0.6569972634315491,0.06081613166361634,0.0
2057,2162,executive_order,2,0.553948312997818,0.10113936014180218,9.0
2058,3191,executive_order,2,0.6198823750019073,0.08740968440109738,0.0
2059,2111,executive_order,2,0.579448014497757,0.21336553130705438,32.0
206,419,executive_order,2,0.5640257298946381,0.04460445290435322,6.666666666666667
2060,4290,executive_order,2,0.7178893685340881,0.312950308092407,15.0
2061,2341,executive_order,2,0.48963452875614166,0.14042371516196706,7.666666666666667
2063,3921,executive_order,2,0.5840188264846802,0.0654509174357751,4.0
2067,2346,executive_order,2,0.48094215989112854,0.017450413876675775,0.0
207,635,executive_order,2,0.4841626137495041,0.05344762304438588,9.333333333333334
2075,3799,executive_order,2,0.5331292450428009,0.032704883119689845,0.0
2076,2932,executive_order,2,0.7090117931365967,0.38341553487175595,52.0
208,1883,executive_order,2,0.6161098480224609,0.02002437184412702,0.0
2084,2109,executive_order,2,0.5523056089878082,0.23137520361333608,42.0
2085,2959,executive_order,2,0.6277643144130707,0.07668332110433036,8.333333333333334
2086,2514,executive_order,2,0.6944634318351746,0.19106654075537163,86.33333333333333
2088,2959,executive_order,2,0.5747538506984711,0.203532184105647,19.333333333333332
2090,2123,executive_order,2,0.557945042848587,0.1729991368161237,27.333333333333332
2091,2205,executive_order,2,0.6067659854888916,0.028780257801027716,0.0
2092,3976,executive_order,2,0.47439737617969513,0.012792196030625655,0.0
2094,2130,executive_order,2,0.502076268196106,0.1857123611083319,50.666666666666664
2095,2458,executive_order,2,0.4738316684961319,0.06889062082860221,12.0
21,24,memorandum,2,0.5266097784042358,0.03869250902598859,0.0
2106,3588,executive_order,2,0.5482529401779175,0.006756437598947732,0.0
2109,3054,executive_order,2,0.5524669289588928,0.08087366503663708,3.3333333333333335
2111,2358,executive_order,2,0.487967386841774,0.08485027176313538,12.0
2118,2344,executive_order,2,0.6130044162273407,0.09885421040774706,0.0
2119,2398,executive_order,2,0.5956883132457733,0.07727129676218364,0.0
212,1197,executive_order,2,0.4867416173219681,0.008855494605397897,0.0
2122,2151,executive_order,2,0.6327365040779114,0.10434145950512214,0.0
2123,2455,executive_order,2,0.6416427493095398,0.11911707769222664,4.333333333333333
2126,3156,executive_order,2,0.5508823990821838,0.11461839117682378,4.666666666666667
213,327,executive_order,2,0.5703879296779633,0.010389307796922261,0.0
2130,2465,executive_order,2,0.5718036592006683,0.030522167776481562,0.0
2133,2184,executive_order,2,0.5992357134819031,0.055918155477373256,0.0
2136,2446,executive_order,2,0.5746627151966095,0.3357730820285835,28.666666666666668
2144,2344,executive_order,2,0.4961843937635422,0.03378390057650504,0.0
2147,2465,executive_order,2,0.5027353763580322,0.0683987917504274,11.0
2148,3084,executive_order,2,0.5346411168575287,0.015224756778619756,0.0
215,1887,executive_order,2,0.5025502592325211,0.05278875499477675,0.0
2151,2188,executive_order,2,0.5878548622131348,0.13691592604046535,7.5
2154,3363,executive_order,2,0.523575484752655,0.04300861394567276,0.0
2155,2229,executive_order,2,0.607084333896637,0.19950151110729633,17.0
2156,3345,executive_order,2,0.6172099709510803,0.26159097793901825,0.0
2157,2344,executive_order,2,0.5448663979768753,0.20083195382135421,21.0
2158,2177,executive_order,2,0.4702211171388626,0.03671900804948376,0.0
2159,2573,executive_order,2,0.5420312285423279,0.044660790045294475,0.0
216,525,executive_order,2,0.7524190545082092,0.9439906972602411,126.66666666666667
2162,3218,executive_order,2,0.626012772321701,0.11627271486624297,0.0
2163,3758,executive_order,2,0.4563966393470764,0.009714792606206706,0.0
2164,2528,executive_order,2,0.7881548404693604,0.20002623711578676,10.0
2165,2284,executive_order,2,0.4723770320415497,0.06438076957365861,4.666666666666667
217,521,executive_order,2,0.6213976144790649,0.1674421007802944,0.0
2172,2344,executive_order,2,0.5049723386764526,0.09696066397679771,3.3333333333333335
2173,3386,executive_order,2,0.523158073425293,0.08453494609936663,0.0
2177,2184,executive_order,2,0.5511231124401093,0.10578313647104855,5.333333333333333
2178,2271,executive_order,2,0.6395341455936432,0.14192755966287718,0.0
218,1448,executive_order,2,0.5596408247947693,0.0,0.0
2181,2457,executive_order,2,0.7519547343254089,0.46344557435188083,19.0
2182,2351,executive_order,2,0.5886051654815674,0.07874904529770782,0.0
2183,2384,executive_order,2,0.7081403136253357,0.058635315982650135,0.0
2184,2188,executive_order,2,0.6367254853248596,0.1316949590935544,13.0
2187,3235,executive_order,2,0.5134643167257309,0.01927782374034527,0.0
2189,3216,executive_order,2,0.5913673639297485,0.1418909477346674,0.0
2190,2262,executive_order,2,0.5820378661155701,0.13538842145322852,22.0
2195,3191,executive_order,2,0.6058860719203949,0.034623392410282026,0.0
22,25,memorandum,2,0.5558996498584747,0.06725059442980148,0.0
220,268,executive_order,2,0.5099195539951324,0.029720773364734932,3.3333333333333335
2207,2285,executive_order,2,0.607321560382843,0.14522231626937485,6.666666666666667
221,647,executive_order,2,0.4571883827447891,0.021917618036025256,0.0
2211,2282,executive_order,2,0.513090655207634,0.05581372392610304,0.0
2212,2237,executive_order,2,0.7961118221282959,0.6051795207779906,42.333333333333336
2214,3032,executive_order,2,0.477252334356308,0.07893133594141533,16.666666666666668
2217,2284,executive_order,2,0.5665725767612457,0.1970960178920059,29.0
2218,3244,executive_order,2,0.5260971486568451,0.15334505828174338,0.0
222,225,executive_order,2,0.530225083231926,0.19322192252270823,24.333333333333332
2221,3010,executive_order,2,0.5981082916259766,0.10853411059141253,0.0
2222,2273,executive_order,2,0.5212287902832031,0.06296037614583405,18.666666666666668
2224,2341,executive_order,2,0.5514023452997208,0.24160491779371104,8.333333333333334
2225,2344,executive_order,2,0.5949133634567261,0.0956459972375819,5.333333333333333
2226,2262,executive_order,2,0.5479975342750549,0.20022295630324602,31.0
2227,3286,executive_order,2,0.5471111536026001,0.0,0.0
2229,2284,executive_order,2,0.5570890605449677,0.17959605420325017,12.333333333333334
2234,2507,executive_order,2,0.5133138298988342,0.03880400180324111,0.0
2235,2446,executive_order,2,0.5144325345754623,0.03188408327463521,0.0
2237,2287,executive_order,2,0.8009950518608093,0.5808682982447456,42.0
2240,2726,executive_order,2,0.7110025882720947,0.09761456258751693,0.0
2241,2879,executive_order,2,0.6206932365894318,0.05250310597678751,3.6666666666666665
2243,2950,executive_order,2,0.6585437059402466,0.0289772728513938,0.0
2244,2406,executive_order,2,0.5075849145650864,0.031718137909567255,0.0
2246,4316,executive_order,2,0.5834109783172607,0.0611038835412126,0.0
2247,2659,executive_order,2,0.5085310339927673,0.04096706815210508,0.0
2248,3517,executive_order,2,0.5361937582492828,0.009429832296143295,0.0
2250,2358,executive_order,2,0.5177339911460876,0.1390339987719145,13.0
2253,2918,executive_order,2,0.5552254021167755,0.031491438543457755,0.0
2258,2907,executive_order,2,0.5313434600830078,0.07210529407283829,0.0
226,568,executive_order,2,0.5443096458911896,0.5431450801493282,22.666666666666668
2260,2287,executive_order,2,0.7882834672927856,0.5051694012298704,40.0
2262,2344,executive_order,2,0.5810266435146332,0.11405949203781222,7.666666666666667
2267,3767,executive_order,2,0.5698977410793304,0.0860523934949523,0.0
227,642,executive_order,2,0.5420684814453125,0.07592134408842705,10.666666666666666
2272,3961,executive_order,2,0.5576111972332001,0.0,0.0
2274,2330,executive_order,2,0.47664855420589447,0.0642885150607966,8.0
2276,2392,executive_order,2,0.6416774392127991,0.3131103618152056,16.333333333333332
228,555,executive_order,2,0.5257027447223663,0.04859527193161483,8.0
2281,2949,executive_order,2,0.5177401751279831,0.07983212778646942,4.0
2287,2542,executive_order,2,0.7976541519165039,0.4869376179474168,31.0
2289,2446,executive_order,2,0.5952658951282501,0.22957906707753759,7.333333333333333
2292,2379,executive_order,2,0.6277340650558472,0.05738435207853235,15.0
2294,3844,executive_order,2,0.5633659362792969,0.06134308676337235,0.0
2298,3236,executive_order,2,0.49316340684890747,0.10431036718445226,0.0
23,26,memorandum,2,0.5127081125974655,0.1474653955772712,15.333333333333334
2303,3506,executive_order,2,0.5436874628067017,0.0011249485455459179,0.0
2304,4366,executive_order,2,0.5042200088500977,0.01127106150984325,0.0
2305,2845,executive_order,2,0.5068639069795609,0.030418907865881705,0.0
2306,3507,executive_order,2,0.5349408686161041,0.010372919091924011,0.0
2307,4076,executive_order,2,0.5636737942695618,0.033392988309780915,0.0
2310,3500,executive_order,2,0.5682918429374695,0.009265040543569471,0.0
2318,3125,executive_order,2,0.5991689562797546,0.06150815232179695,5.5
2319,2759,executive_order,2,0.5434059798717499,0.023429206356515464,0.0
232,255,executive_order,2,0.4973236173391342,0.05430321370563298,18.666666666666668
2324,3445,executive_order,2,0.6482595205307007,0.2569551626624982,13.0
2326,2357,executive_order,2,0.5422779619693756,0.2657398725763855,17.666666666666668
2327,2638,executive_order,2,0.5283104330301285,0.03736560931247763,0.0
2330,2967,executive_order,2,0.5365582406520844,0.02993869124857069,0.0
2334,2567,executive_order,2,0.7657007575035095,0.4507046648957515,30.666666666666668
2335,2356,executive_order,2,0.5635797083377838,0.24419610243130727,48.333333333333336
234,940,executive_order,2,0.4428613632917404,0.01207418914068366,0.0
2342,2408,executive_order,2,0.6927521228790283,0.29999867776305367,0.0
2344,2926,executive_order,2,0.5458855628967285,0.050301569643016686,0.0
2345,2879,executive_order,2,0.5240074694156647,0.06250435456850535,0.0
2346,2718,executive_order,2,0.5282840132713318,0.024425468723947522,0.0
2349,2397,executive_order,2,0.5856913924217224,0.010168958368671977,0.0
2350,2505,executive_order,2,0.5047408044338226,0.07098910124161034,0.0
2351,2920,executive_order,2,0.6303337812423706,0.07732407339751284,0.0
2353,3811,executive_order,2,0.5618401765823364,0.01389480568475871,0.0
2355,2448,executive_order,2,0.6477659940719604,0.4838585607519123,47.0
2356,2448,executive_order,2,0.6535010635852814,0.48302456513789843,47.0
2357,2358,executive_order,2,0.5440258979797363,0.13127405890485014,3.3333333333333335
2358,2862,executive_order,2,0.5522805005311966,0.1452767960759797,0.0
2365,4328,executive_order,2,0.5828022360801697,0.19376750950282887,4.333333333333333
2371,2392,executive_order,2,0.6005925834178925,0.4397665103796025,23.0
2374,3258,executive_order,2,0.5224566161632538,0.028117189542660417,0.0
2376,2580,executive_order,2,0.6410419046878815,0.032341540752364645,0.0
2377,3880,executive_order,2,0.700843870639801,0.25619535552969064,4.333333333333333
2379,2392,executive_order,2,0.593151718378067,0.19328254039755424,8.666666666666666
238,2262,executive_order,2,0.5227672457695007,0.07827329668019499,7.0
2383,2434,executive_order,2,0.5741596519947052,0.12503190132369132,10.666666666666666
2388,2408,executive_order,2,0.704264223575592,0.20215634855169234,0.0
239,463,executive_order,2,0.5009494721889496,0.06191717877401698,0.0
2391,2392,executive_order,2,0.5432679057121277,0.25641133722326637,23.0
2394,4299,executive_order,2,0.5409902632236481,0.023177717891096804,0.0
2395,3054,executive_order,2,0.5237519443035126,0.05345286590174656,7.666666666666667
2397,2526,executive_order,2,0.7052305042743683,0.08236884886911813,3.3333333333333335
2398,3105,executive_order,2,0.5641440153121948,0.03716362501005579,0.0
2399,3566,executive_order,2,0.451037734746933,0.015683907226224245,0.0
24,11892,memorandum,2,0.48695364594459534,0.009456443230091031,0.0
2407,2577,executive_order,2,0.5367408692836761,0.005609329565015235,0.0
241,379,executive_order,2,0.5713281631469727,0.035767041642428235,6.666666666666667
2410,2879,executive_order,2,0.5368150472640991,0.02750478992724957,0.0
2411,3105,executive_order,2,0.5561128556728363,0.2060981662067327,4.333333333333333
2413,2662,executive_order,2,0.6933151483535767,0.1284565322264944,0.0
2414,2453,executive_order,2,0.6330605745315552,0.10906560157018415,15.0
2420,3131,executive_order,2,0.5960319340229034,0.1212251539107585,0.0
2426,2790,executive_order,2,0.5477833151817322,0.027930172484715382,0.0
2432,2437,executive_order,2,0.6535963118076324,0.11052605303702791,4.0
244,650,executive_order,2,0.47816964983940125,0.037407307918813054,7.333333333333333
2446,3131,executive_order,2,0.6224932968616486,0.40934386449153304,15.666666666666666
2447,2862,executive_order,2,0.5335746705532074,0.01706212110958354,0.0
2448,3007,executive_order,2,0.5909773111343384,0.1354531288779313,8.666666666666666
2449,2862,executive_order,2,0.5805282592773438,0.11434558408497374,0.0
2450,2489,executive_order,2,0.580123245716095,0.06718349067858102,0.0
2455,2610,executive_order,2,0.5414908230304718,0.08525978558225548,6.666666666666667
2458,3181,executive_order,2,0.5571719706058502,0.029634334119356162,0.0
2459,3862,executive_order,2,0.556932121515274,0.12830614183563027,3.3333333333333335
2464,3218,executive_order,2,0.6821016073226929,0.2555683238106194,5.0
2465,2945,executive_order,2,0.4398779273033142,0.015933375108962464,0.0
2468,2945,executive_order,2,0.4650998115539551,0.013776835454045434,0.0
247,298,executive_order,2,0.46302568912506104,0.035132403224245635,0.0
2477,2744,executive_order,2,0.7052270174026489,0.10874632561111341,0.0
248,499,executive_order,2,0.506345123052597,0.19960615351118516,8.333333333333334
2484,3958,executive_order,2,0.6103677749633789,0.019855041021224557,0.0
2488,2730,executive_order,2,0.6113144159317017,0.048912992820823925,0.0
249,430,executive_order,2,0.49700765311717987,0.031538247113048715,4.0
2491,2662,executive_order,2,0.6761419773101807,0.1240801246752947,0.0
25,10638,memorandum,2,0.5260278582572937,0.029994207161984223,0.0
2501,2918,executive_order,2,0.5407561957836151,0.017851513836788725,0.0
2505,2654,executive_order,2,0.5348790884017944,0.08775947130647167,0.0
2509,2952,executive_order,2,0.5461491346359253,0.06145551766236179,0.0
2510,2593,executive_order,2,0.6698286533355713,0.20040863021254873,0.0
2516,3579,executive_order,2,0.5081076622009277,0.05229255777613617,10.0
2520,3192,executive_order,2,0.580195426940918,0.117653940571678,9.0
2524,3778,executive_order,2,0.5881708860397339,0.07777230292685126,0.0
253,384,executive_order,2,0.5430919528007507,0.028707063595094725,0.0
2532,2902,executive_order,2,0.6197990775108337,0.03327335396690493,0.0
2533,2870,executive_order,2,0.7202938795089722,1.0,0.0
2542,2974,executive_order,2,0.8671150207519531,0.5326410316617297,29.666666666666668
2544,3487,executive_order,2,0.5578347444534302,0.002821991043807413,0.0
2545,2575,executive_order,2,0.5781407356262207,0.07690517319653928,16.0
2549,2816,executive_order,2,0.5831597447395325,0.07550422191663991,0.0
2550,2663,executive_order,2,0.69159996509552,0.19976081704249837,0.0
2552,2873,executive_order,2,0.5586105287075043,0.1313712551210152,4.0
2553,2823,executive_order,2,0.7182146310806274,0.5979917558152298,56.0
2559,2939,executive_order,2,0.5991216897964478,0.16723577715588667,0.0
2560,3164,executive_order,2,0.48973752558231354,0.05213100825758893,0.0
2562,2806,executive_order,2,0.5179018974304199,0.027568787869117695,0.0
2565,4330,executive_order,2,0.4586468040943146,0.0,0.0
2567,2975,executive_order,2,0.8665606379508972,0.5474387509730646,32.0
2568,3312,executive_order,2,0.6021772027015686,0.03712893164045859,0.0
2569,3015,executive_order,2,0.5339100360870361,0.06793273326281958,0.0
2574,3678,executive_order,2,0.46936576068401337,0.009711330543104564,0.0
2575,2673,executive_order,2,0.6390511989593506,0.07944454566404784,0.0
2579,3126,executive_order,2,0.4659257233142853,0.02024882245533452,0.0
258,4085,executive_order,2,0.5055939704179764,0.011054481877849668,0.0
2580,3982,executive_order,2,0.5920803248882294,0.029752784547512238,0.0
2583,2881,executive_order,2,0.5223495960235596,0.024303458801961858,0.0
2586,3749,executive_order,2,0.6703092753887177,0.32633432215120783,40.666666666666664
2587,3025,executive_order,2,0.5568913817405701,0.16888684306834978,16.0
2589,2973,executive_order,2,0.5777472257614136,0.07837961047768753,0.0
259,494,executive_order,2,0.5318011939525604,0.009647481788420944,0.0
2590,3078,executive_order,2,0.45787493884563446,0.0515424702232272,0.0
2591,3079,executive_order,2,0.6390425562858582,0.5289060336928872,28.666666666666668
2593,2595,executive_order,2,0.71211838722229,0.12718546031433586,0.0
2597,2932,executive_order,2,0.6631206572055817,0.21445124754500053,28.5
2598,2724,executive_order,2,0.4574679583311081,0.053827055536148756,0.0
26,11570,memorandum,2,0.5247589498758316,0.0189193554869895,0.0
260,604,executive_order,2,0.6555225253105164,0.07371949232488102,30.0
2602,3746,executive_order,2,0.558470606803894,0.014449290909084927,0.0
2605,2631,executive_order,2,0.492754802107811,0.15580348823831358,14.333333333333334
261,949,executive_order,2,0.4982970207929611,0.041006115791923585,0.0
2611,3264,executive_order,2,0.5365771949291229,0.054124767109040885,3.3333333333333335
2615,2796,executive_order,2,0.5867546796798706,0.02224258488294014,0.0
2616,3662,executive_order,2,0.5308890640735626,0.038540665176383,0.0
2619,4299,executive_order,2,0.6108595430850983,0.030166871684041387,0.0
262,3470,executive_order,2,0.49407514929771423,0.05554151899843712,0.0
2622,3398,executive_order,2,0.49372442066669464,0.009807951666929056,0.0
2624,2844,executive_order,2,0.6002902686595917,0.2667481455296702,57.666666666666664
263,585,executive_order,2,0.5274556279182434,0.3649647602726544,6.666666666666667
2630,2631,executive_order,2,0.48697084188461304,0.07245641527408435,0.0
2633,2884,executive_order,2,0.6277316510677338,0.2912101444013225,33.5
2636,2976,executive_order,2,0.8714510202407837,0.4898533433335533,30.0
2637,3308,executive_order,2,0.5720426440238953,0.022211240504119056,0.0
2647,3959,executive_order,2,0.5727611184120178,0.06849025632497059,0.0
2650,3386,executive_order,2,0.45916464924812317,0.09415804470970514,0.0
2651,3171,executive_order,2,0.6370917558670044,0.09351744439366254,12.0
2652,4195,executive_order,2,0.7131953239440918,0.42479793728760834,13.0
2657,2873,executive_order,2,0.6432484686374664,0.41864143913286606,17.666666666666668
2659,2830,executive_order,2,0.547394871711731,0.09198431719560726,18.0
266,475,executive_order,2,0.48965729773044586,0.023410199813983016,0.0
2661,3870,executive_order,2,0.5649750530719757,0.16517697110388146,10.0
2662,4272,executive_order,2,0.7206315994262695,0.1020972280497775,0.0
2663,4089,executive_order,2,0.684725284576416,0.04768940547283608,0.0
2664,4057,executive_order,2,0.4894729256629944,0.0133202246901953,0.0
2668,4507,executive_order,2,0.5105631053447723,0.01669647150383713,0.0
2673,2830,executive_order,2,0.5377362966537476,0.09886586748745235,16.0
2674,3546,executive_order,2,0.8689760565757751,0.5810744178094106,33.0
2678,3560,executive_order,2,0.524562656879425,0.003140283936893669,0.0
2679,2843,executive_order,2,0.7690140008926392,0.3988074610988723,9.666666666666666
2680,2842,executive_order,2,0.7940100431442261,0.4098423648990106,58.333333333333336
2683,3010,executive_order,2,0.697955846786499,0.2397066111095655,12.333333333333334
269,3213,executive_order,2,0.4701967388391495,0.0321701788745247,0.0
2693,2820,executive_order,2,0.4634130150079727,0.12357766225810728,7.333333333333333
2697,2954,executive_order,2,0.8543293476104736,0.6658188153395852,84.0
2699,2708,executive_order,2,0.8448117971420288,0.5838396509511656,82.0
270,406,executive_order,2,0.5360916554927826,0.1200307854134464,11.0
2700,3049,executive_order,2,0.8402385115623474,0.646410917239197,95.0
2705,2877,executive_order,2,0.6570443511009216,0.2182528834940566,6.0
2708,3226,executive_order,2,0.8431165218353271,0.8293718549883333,107.0
2710,2770,executive_order,2,0.7074241638183594,0.21027325778150643,19.0
2713,3214,executive_order,2,0.7909780740737915,0.5488413557975709,61.0
2716,3699,executive_order,2,0.5091647654771805,0.032412867505918014,0.0
272,3174,executive_order,2,0.4872134029865265,0.02608051229075879,0.0
2721,4085,executive_order,2,0.4886535257101059,0.019714642835097215,0.0
2722,3219,executive_order,2,0.7141662836074829,0.0831678410238156,20.0
2725,2755,executive_order,2,0.8329744338989258,0.47341287162448853,31.0
2726,2957,executive_order,2,0.6620569229125977,0.5005721539638577,71.0
2727,2782,executive_order,2,0.782116174697876,0.564615543273931,9.666666666666666
2728,3005,executive_order,2,0.7441830635070801,0.11987771763107463,43.666666666666664
273,328,executive_order,2,0.4734470099210739,0.03071058801716332,0.0
2730,2790,executive_order,2,0.4467136859893799,0.013233792395149496,0.0
2732,3230,executive_order,2,0.545738935470581,0.1667363741738308,0.0
2737,3511,executive_order,2,0.7136335670948029,0.23976731108569918,8.5
2738,2758,executive_order,2,0.732010006904602,0.1613849231915962,0.0
2740,3077,executive_order,2,0.869098424911499,0.5206652234275668,32.666666666666664
2741,2827,executive_order,2,0.6297864317893982,0.05747271452872143,0.0
2744,4093,executive_order,2,0.7178094387054443,0.09681105440703928,0.0
2746,2816,executive_order,2,0.524634912610054,0.10181074329594501,0.0
2747,4376,executive_order,2,0.4230680465698242,0.01202868442841251,0.0
2749,4048,executive_order,2,0.5102249681949615,0.012841581136389802,0.0
275,670,executive_order,2,0.644409567117691,0.45808621475008254,58.0
2752,2947,executive_order,2,0.5035470724105835,0.0753632949682705,0.0
2753,3116,executive_order,2,0.5332494080066681,0.015567640773229302,0.0
2755,3393,executive_order,2,0.8519681692123413,0.4473778655423882,28.666666666666668
2756,2975,executive_order,2,0.8790431022644043,0.6070310440160597,33.666666666666664
276,302,executive_order,2,0.4842314124107361,0.13641943633522843,21.333333333333332
2760,2852,executive_order,2,0.6837841272354126,0.23089884252608847,0.0
2761,3061,executive_order,2,0.7191376686096191,0.6654347080531274,45.666666666666664
2763,3088,executive_order,2,0.8757555484771729,0.8268110864635232,110.0
2764,2958,executive_order,2,0.7940104007720947,0.5199880918998459,74.0
2766,2777,executive_order,2,0.703248143196106,0.2840584745651504,0.0
2769,4408,executive_order,2,0.5068806111812592,0.05275869717365799,0.0
2770,3513,executive_order,2,0.8143728375434875,0.4371258664779862,53.0
2772,2963,executive_order,2,0.5078535079956055,0.1614417810110013,21.0
2773,2881,executive_order,2,0.581686794757843,0.08954798590085322,0.0
2774,4069,executive_order,2,0.4486192613840103,0.026365367953142673,0.0
2776,3642,executive_order,2,0.48763716220855713,0.014947143627455419,0.0
2782,2842,executive_order,2,0.6355275213718414,0.06912897925982547,0.0
2788,2958,executive_order,2,0.8186507225036621,0.6540309837677228,95.0
2790,3191,executive_order,2,0.5150673091411591,0.08236007540969648,0.0
2795,2965,executive_order,2,0.8227490186691284,0.5177023926726535,76.0
2796,4418,executive_order,2,0.5107241868972778,0.02248797950953298,0.0
2798,3239,executive_order,2,0.7930191159248352,0.6343107839751195,24.666666666666668
28,11966,memorandum,2,0.41801345348358154,0.020539766654261587,0.0
2804,3071,executive_order,2,0.47886642813682556,0.14964482496274267,15.666666666666666
2807,3485,executive_order,2,0.8114145994186401,0.635508816892057,87.0
2811,3066,executive_order,2,0.5763872861862183,0.08702374429532955,16.0
2819,2905,executive_order,2,0.49214649200439453,0.03944062865931628,0.0
282,1049,executive_order,2,0.6798189282417297,0.2952341484220149,71.0
2820,2963,executive_order,2,0.4911686033010483,0.06321590647035148,0.0
2821,3218,executive_order,2,0.4800003468990326,0.06293767210348489,0.0
2822,2829,executive_order,2,0.582209587097168,0.034400687289965926,0.0
2823,3651,executive_order,2,0.6775098443031311,0.5778365755667416,54.0
2826,3507,executive_order,2,0.47048966586589813,0.019719050905276703,0.0
2827,3892,executive_order,2,0.5311854183673859,0.10107460743285335,12.333333333333334
2831,4034,executive_order,2,0.5080597400665283,0.016843874558336806,0.0
2833,4221,executive_order,2,0.60257488489151,0.170386560903199,13.0
2834,3096,executive_order,2,0.8663802742958069,0.5729743520995809,33.333333333333336
2835,2965,executive_order,2,0.8418063521385193,0.8148744655681566,99.0
2841,3061,executive_order,2,0.6608176529407501,0.6525862335645652,44.666666666666664
2842,3005,executive_order,2,0.7303363084793091,0.09334880860597101,35.0
2843,3122,executive_order,2,0.5517288446426392,0.03541831140593943,0.0
2845,2871,executive_order,2,0.5042481124401093,0.04234707650433236,0.0
2848,3040,executive_order,2,0.6181498765945435,0.25182824434215834,22.0
2850,3706,executive_order,2,0.577066957950592,0.3343081842780173,29.0
2851,2951,executive_order,2,0.6086764931678772,0.014099743867591509,0.0
2852,3396,executive_order,2,0.6921803951263428,0.21590122983620413,0.0
2855,3811,executive_order,2,0.5743207931518555,0.13902108372577743,0.0
2858,3450,executive_order,2,0.5242162942886353,0.08309483739297856,0.0
2859,2915,executive_order,2,0.6388535499572754,0.09881906935737715,0.0
2860,3096,executive_order,2,0.8682965040206909,0.6077508164432386,35.333333333333336
2865,3559,executive_order,2,0.5681780278682709,0.07474671827000946,0.0
2871,2881,executive_order,2,0.5672363042831421,0.04307710218575603,0.0
2873,3054,executive_order,2,0.6195560991764069,0.25071320161636373,10.333333333333334
2876,2975,executive_order,2,0.8781294822692871,0.6503509336595905,38.0
2880,3312,executive_order,2,0.6351720988750458,0.08466748944563827,0.0
2881,3312,executive_order,2,0.6089989244937897,0.044331441335472906,0.0
2883,3054,executive_order,2,0.7008233070373535,0.3809026308169572,21.333333333333332
2884,2954,executive_order,2,0.8210422992706299,0.35905163630341985,70.0
2885,3748,executive_order,2,0.4657104164361954,0.028241036928283152,0.0
2893,2926,executive_order,2,0.5693255364894867,0.13513527290396735,9.0
2895,3005,executive_order,2,0.6611256003379822,0.09317781647362273,32.333333333333336
2900,3302,executive_order,2,0.7247584462165833,0.8393676263703261,45.0
2901,3919,executive_order,2,0.4837646633386612,0.03362851171067652,0.0
2918,3528,executive_order,2,0.5857505202293396,0.13109562291026713,9.333333333333334
292,769,executive_order,2,0.4501426964998245,0.0547439765896554,21.666666666666668
2923,3447,executive_order,2,0.5193271636962891,0.0046074962207993415,0.0
2924,3995,executive_order,2,0.5733410865068436,0.07158342331772015,8.666666666666666
2926,2966,executive_order,2,0.6284089684486389,0.4916432791998824,58.333333333333336
2928,3173,executive_order,2,0.5285715460777283,0.04329417299786518,0.0
2933,2975,executive_order,2,0.8789777755737305,0.6330985606966438,37.666666666666664
2935,3625,executive_order,2,0.7161654233932495,0.4722834662567784,53.0
2937,3370,executive_order,2,0.4629056751728058,0.00833952091874957,0.0
294,1010,executive_order,2,0.8521571159362793,0.8326366315954417,60.666666666666664
2942,3441,executive_order,2,0.5212792158126831,0.012408377877436441,0.0
2943,4404,executive_order,2,0.7757263779640198,0.4183845493274658,55.0
2945,4463,executive_order,2,0.5332135558128357,0.01541196824206293,0.0
2948,3120,executive_order,2,0.564159095287323,0.01114930158493062,0.0
2949,2966,executive_order,2,0.529509425163269,0.2784737927540111,35.333333333333336
2952,3959,executive_order,2,0.4881621152162552,0.07147652703493337,6.666666666666667
2953,3654,executive_order,2,0.5344849228858948,0.09270286930707042,0.0
2954,3605,executive_order,2,0.8166700601577759,0.6157913496690293,93.0
2955,3116,executive_order,2,0.5308073461055756,0.02496712157778848,8.0
2957,4004,executive_order,2,0.6507710218429565,0.13996208603236934,0.0
2958,3321,executive_order,2,0.8721700310707092,0.7829425546774573,118.0
2960,3181,executive_order,2,0.5469987988471985,0.012327925068260685,0.0
2962,3219,executive_order,2,0.884350061416626,0.9015115451285449,125.0
2964,4095,executive_order,2,0.5975700616836548,0.02559800905615119,0.0
2965,3226,executive_order,2,0.8890949487686157,0.8770339305428951,121.0
2966,3288,executive_order,2,0.5735958516597748,0.0675790034881067,4.333333333333333
2967,3748,executive_order,2,0.5345812439918518,0.0968019053470115,4.333333333333333
2968,3223,executive_order,2,0.5354685336351395,0.10841692463109305,9.333333333333334
2969,4134,executive_order,2,0.5688399076461792,0.02060634648856395,0.0
2973,3075,executive_order,2,0.5571447014808655,0.07239708506045749,0.0
2974,3096,executive_order,2,0.8747342824935913,0.6503509336595905,38.0
2975,3096,executive_order,2,0.8747342824935913,0.6503509336595905,38.0
2976,3096,executive_order,2,0.8746732473373413,0.6208207125365854,37.666666666666664
2977,3546,executive_order,2,0.8565590381622314,0.40550924545277506,26.333333333333332
2979,3725,executive_order,2,0.4669775366783142,0.015932779223448722,0.0
2981,3821,executive_order,2,0.5868159532546997,0.06516207312633236,0.0
2983,3069,executive_order,2,0.5824247598648071,0.1778062687419502,0.0
2984,4069,executive_order,2,0.6543693542480469,0.023753243370234985,0.0
2988,3366,executive_order,2,0.7947087287902832,0.6715019232051117,28.0
2989,4398,executive_order,2,0.6479759812355042,0.119475526136636,55.0
2993,3333,executive_order,2,0.5429931282997131,0.06947258193832771,0.0
2999,3151,executive_order,2,0.5106612294912338,0.09704864185114508,3.3333333333333335
3005,3768,executive_order,2,0.5107223987579346,0.015311845698867958,0.0
3007,3079,executive_order,2,0.6846201717853546,0.3089937858608636,17.333333333333332
3011,3212,executive_order,2,0.582019180059433,0.011376462570692986,0.0
3012,3993,executive_order,2,0.5923158228397369,0.05498210439798844,0.0
3014,3016,executive_order,2,0.8263378739356995,0.9990108718491616,50.666666666666664
3015,3016,executive_order,2,0.8263378739356995,0.9990108718491616,50.666666666666664
3016,3302,executive_order,2,0.7403507232666016,0.5769921362901296,36.333333333333336
3018,4295,executive_order,2,0.6357963681221008,0.19177313729310205,0.0
3020,3223,executive_order,2,0.645862340927124,0.14160269484528706,30.666666666666668
3022,3540,executive_order,2,0.6766389310359955,0.05479882471818577,0.0
3023,3398,executive_order,2,0.5331136286258698,0.03319497577978059,0.0
3025,3141,executive_order,2,0.5789255499839783,0.2117956742198647,14.333333333333334
3027,3944,executive_order,2,0.5816817283630371,0.012797453246364715,0.0
3030,3917,executive_order,2,0.6455686688423157,0.08413734450001968,28.666666666666668
3032,4435,executive_order,2,0.5790768265724182,0.018062780526265972,0.0
3036,3088,executive_order,2,0.8070344924926758,0.5450501663621464,101.0
304,381,executive_order,2,0.7870444655418396,0.935732601142762,191.33333333333334
3040,4295,executive_order,2,0.5012302398681641,0.24003239959805267,0.0
3042,4094,executive_order,2,0.522119790315628,0.01738807934880871,0.0
3045,3391,executive_order,2,0.43639543652534485,0.0,0.0
3046,3767,executive_order,2,0.5656513571739197,0.0828683699469678,3.6666666666666665
3047,4290,executive_order,2,0.6339491605758667,0.33262736710605717,15.0
3048,3089,executive_order,2,0.7560608685016632,0.9566640110245249,75.33333333333333
3049,3217,executive_order,2,0.8697617650032043,0.7754336279565497,118.0
3054,3131,executive_order,2,0.6391496360301971,0.5480893413747211,21.666666666666668
3055,3309,executive_order,2,0.7817836999893188,0.8014232875538178,41.0
3056,4195,executive_order,2,0.7609701752662659,0.42202583768458823,13.0
3058,3188,executive_order,2,0.8169617056846619,0.7363185983151732,42.0
3060,3159,executive_order,2,0.601759672164917,0.05823554258286165,0.0
3061,3074,executive_order,2,0.7411665320396423,0.9346889604854014,79.0
3062,3311,executive_order,2,0.8993583917617798,0.8450254795793322,130.0
3063,4183,executive_order,2,0.47079724073410034,0.061100628278128635,0.0
3064,3096,executive_order,2,0.8727554678916931,0.593593342371583,36.333333333333336
3066,3223,executive_order,2,0.578232005238533,0.10094291424379498,11.666666666666666
3069,3694,executive_order,2,0.8067272901535034,0.5561793452569787,43.0
3074,4105,executive_order,2,0.5377772152423859,0.09714524514825791,0.0
3076,3239,executive_order,2,0.8076112270355225,0.38114583347390774,14.333333333333334
3077,3405,executive_order,2,0.837197482585907,0.5985696460623781,34.0
3079,3184,executive_order,2,0.6160742044448853,0.28503104661215417,26.0
3080,3401,executive_order,2,0.5254074335098267,0.0,0.0
3083,3088,executive_order,2,0.8872637748718262,0.8698113971697794,121.0
3084,4458,executive_order,2,0.5397895872592926,0.05010235909979817,0.0
3087,3694,executive_order,2,0.6951279640197754,0.09901231508190424,0.0
3088,3226,executive_order,2,0.8902871608734131,0.8519953739593181,111.0
3089,3270,executive_order,2,0.5067040175199509,0.08963451758176455,3.3333333333333335
3090,3748,executive_order,2,0.6470346450805664,0.220473904093789,5.333333333333333
3091,3366,executive_order,2,0.7909608483314514,0.5279482352799653,19.666666666666668
3093,3944,executive_order,2,0.6997872292995453,0.0426733854641809,0.0
3095,4002,executive_order,2,0.5572307258844376,0.08966830670676706,30.333333333333332
3096,3252,executive_order,2,0.8626163005828857,0.6069943398757854,35.333333333333336
3099,3366,executive_order,2,0.7604411244392395,0.5138008654975584,19.666666666666668
3101,4408,executive_order,2,0.5221381038427353,0.06150530413937859,0.0
3102,4195,executive_order,2,0.6305022239685059,0.15688782887678396,0.0
3105,3982,executive_order,2,0.6150104105472565,0.138397055502501,14.333333333333334
3107,3366,executive_order,2,0.733606368303299,0.5488119285578428,17.666666666666668
3108,3508,executive_order,2,0.6027752459049225,0.029924774596521007,0.0
3109,3528,executive_order,2,0.5686779618263245,0.06671235318227196,0.0
311,1563,executive_order,2,0.4951474964618683,0.030543384159297016,0.0
3110,3417,executive_order,2,0.6089231669902802,0.26358446871396796,75.33333333333333
3112,3501,executive_order,2,0.858851432800293,0.6124114206090097,35.666666666666664
3114,3141,executive_order,2,0.6716123521327972,0.761364977669738,94.33333333333333
3119,3164,executive_order,2,0.6813815534114838,0.7326723582516285,76.33333333333333
312,1691,executive_order,2,0.5259440541267395,0.008796485946889447,0.0
3120,3263,executive_order,2,0.6557805240154266,0.06111900543813811,5.0
3122,3381,executive_order,2,0.5093079805374146,0.0,0.0
3123,3234,executive_order,2,0.4976969361305237,0.09826236684990931,11.666666666666666
3124,3837,executive_order,2,0.4943976551294327,0.027864054711372124,0.0
3125,3519,executive_order,2,0.5686792433261871,0.061799022479999625,6.666666666666667
3129,3299,executive_order,2,0.8397777080535889,0.5681218236629384,34.333333333333336
313,3799,executive_order,2,0.6568208336830139,0.19291850328933624,26.0
3131,3141,executive_order,2,0.6345036923885345,0.26057499647719123,13.333333333333334
3136,3269,executive_order,2,0.6150089502334595,0.21196829234574435,0.0
3137,4195,executive_order,2,0.7287487983703613,0.18827232591227083,0.0
314,725,executive_order,2,0.5606832206249237,0.48327156005515753,39.666666666666664
3140,3268,executive_order,2,0.610147088766098,0.11333403064999827,8.333333333333334
3141,3184,executive_order,2,0.6213508248329163,0.12075940640195282,8.666666666666666
3143,3195,executive_order,2,0.5635293424129486,0.1188419216873089,0.0
3144,3387,executive_order,2,0.8208627104759216,0.485894602505412,30.0
3150,3805,executive_order,2,0.7462469339370728,0.34238278832318547,25.0
3153,3778,executive_order,2,0.6032289266586304,0.012062942882793458,0.0
3155,3821,executive_order,2,0.6273913383483887,0.033174714082490564,0.0
3165,4226,executive_order,2,0.5740028023719788,0.05487386631232526,6.5
3166,3352,executive_order,2,0.5101201832294464,0.013836309816902611,0.0
317,1299,executive_order,2,0.7347472906112671,0.35869035064696386,36.0
3176,4095,executive_order,2,0.5431264936923981,0.03914077585975651,0.0
3177,3370,executive_order,2,0.864439070224762,0.5302859375058356,30.666666666666668
3180,4493,executive_order,2,0.5319940447807312,0.0255578205231427,0.0
3182,3212,executive_order,2,0.4933416247367859,0.0174915883025572,0.0
3184,3344,executive_order,2,0.6245202422142029,0.17650676643161436,16.333333333333332
3186,4216,executive_order,2,0.5500227510929108,0.20107561646051753,6.0
3188,3269,executive_order,2,0.7404403686523438,0.18317998790880746,0.0
3191,3528,executive_order,2,0.6164591312408447,0.1270836537395316,3.3333333333333335
3193,3625,executive_order,2,0.7088824510574341,0.3643403818970466,46.0
3195,3745,executive_order,2,0.718367338180542,0.5104040390729389,40.0
3199,3203,executive_order,2,0.5532070994377136,0.08536098853288106,4.0
3200,4343,executive_order,2,0.6829490661621094,0.041711456244915845,0.0
3201,3392,executive_order,2,0.5227639377117157,0.043076968480501465,5.0
3202,3836,executive_order,2,0.623648464679718,0.07778380648489915,0.0
3204,3485,executive_order,2,0.898788571357727,0.7551319349643006,119.0
3205,3211,executive_order,2,0.5348769128322601,0.10885351814956527,10.333333333333334
3207,3222,executive_order,2,0.7225861251354218,0.20370771754126413,13.0
3208,4248,executive_order,2,0.5667735934257507,0.0412191957056468,0.0
3211,3344,executive_order,2,0.5179716646671295,0.2304410026018843,16.0
3213,3309,executive_order,2,0.8196365237236023,0.8450137455238008,41.0
3214,3318,executive_order,2,0.7802712917327881,0.22562701848964273,33.0
3216,3540,executive_order,2,0.6425333023071289,0.07779186072186513,0.0
3217,3472,executive_order,2,0.8738383054733276,0.6921056486985876,96.0
3218,3540,executive_order,2,0.5893753468990326,0.04619960301088228,0.0
3219,3454,executive_order,2,0.8964431285858154,0.8129361489260676,111.0
322,1196,executive_order,2,0.6795788109302521,0.1345314496438364,14.5
3221,3859,executive_order,2,0.5286172926425934,0.12374341387248282,0.0
3223,3285,executive_order,2,0.5323197543621063,0.1746614956995657,18.0
3226,3614,executive_order,2,0.8870559930801392,0.8281576895150612,116.0
3228,3321,executive_order,2,0.7957478165626526,0.42664575520629405,83.0
3231,3258,executive_order,2,0.5377539098262787,0.007319587969245407,0.0
3233,4266,executive_order,2,0.5976637303829193,0.07850260544644998,5.0
3234,3270,executive_order,2,0.591362327337265,0.2532189277764127,36.0
3235,3748,executive_order,2,0.512264758348465,0.0928650709827088,4.333333333333333
3237,3833,executive_order,2,0.5446656942367554,0.06400533792001926,0.0
3239,3578,executive_order,2,0.7809114456176758,0.6225253199598809,24.666666666666668
324,388,executive_order,2,0.45118972659111023,0.10077190676107918,0.0
3240,3249,executive_order,2,0.8758301734924316,0.6666666666666666,38.0
3243,4121,executive_order,2,0.504252016544342,0.010809941729013547,0.0
3244,3814,executive_order,2,0.630871593952179,0.18701480205766824,36.0
3245,4005,executive_order,2,0.5502534210681915,0.10417408201525619,5.5
3248,3253,executive_order,2,0.6823073029518127,0.34436194122329816,29.333333333333332
3249,3284,executive_order,2,0.8505256772041321,0.5688730441717701,35.0
3251,3284,executive_order,2,0.8505256772041321,0.5688730441717701,35.0
3252,3284,executive_order,2,0.8484398126602173,0.5688730441717701,35.0
3253,3755,executive_order,2,0.5981906056404114,0.16697833730212894,0.0
3254,3709,executive_order,2,0.5403569489717484,0.02866241949146378,3.6666666666666665
3255,4429,executive_order,2,0.5638121366500854,0.08709081834681563,25.666666666666668
3259,3634,executive_order,2,0.5792260766029358,0.11392438876694878,0.0
3260,4301,executive_order,2,0.5417675971984863,0.12441898241257975,11.666666666666666
3263,3834,executive_order,2,0.6785959005355835,0.044561408898780824,0.0
3264,3288,executive_order,2,0.5653817355632782,0.09379152421215749,3.6666666666666665
3265,3703,executive_order,2,0.5462569296360016,0.013908367477574714,0.0
3267,3571,executive_order,2,0.7972352504730225,0.6331158398013979,81.0
3268,3502,executive_order,2,0.6219903528690338,0.061670970863567015,3.3333333333333335
3269,3733,executive_order,2,0.7039896845817566,0.03279218383354464,0.0
327,490,executive_order,2,0.4508119970560074,0.04451131891460522,0.0
3270,3298,executive_order,2,0.5120797455310822,0.06665866269508887,3.3333333333333335
3271,3618,executive_order,2,0.6171526312828064,0.1037083111522209,11.333333333333334
3273,3319,executive_order,2,0.8515413403511047,0.5950494642682024,36.666666666666664
3275,3502,executive_order,2,0.5033804476261139,0.07356575559894364,8.0
3276,3584,executive_order,2,0.5363421142101288,0.02542366801414914,0.0
3284,3405,executive_order,2,0.8625273704528809,0.5565025079563902,34.333333333333336
3287,3321,executive_order,2,0.7927748560905457,0.5525511442393894,97.0
3288,3298,executive_order,2,0.4855542331933975,0.12538976647625064,13.333333333333334
3289,3299,executive_order,2,0.8430091142654419,0.4932965414641269,30.0
3290,3592,executive_order,2,0.4960469901561737,0.11164959981112574,0.0
3291,4216,executive_order,2,0.49465399980545044,0.025054728227098425,0.0
3292,3628,executive_order,2,0.5751715898513794,0.11748259958762039,11.0
3293,3546,executive_order,2,0.8334846496582031,0.5619787636653588,34.333333333333336
3295,3886,executive_order,2,0.5705317258834839,0.023017578074442997,0.0
3299,3548,executive_order,2,0.8417317867279053,0.6148307951935983,35.666666666666664
3302,3367,executive_order,2,0.7413950860500336,0.8279259741532331,45.666666666666664
3305,3393,executive_order,2,0.8413792848587036,0.4581462607383247,32.666666666666664
3308,3398,executive_order,2,0.5554450750350952,0.06778218051602226,8.666666666666666
3309,3690,executive_order,2,0.7357930541038513,0.6935666758646571,36.0
3311,3605,executive_order,2,0.8649255037307739,0.704756063008041,115.0
3312,3345,executive_order,2,0.5035910308361053,0.05877032152741741,0.0
3313,3668,executive_order,2,0.5344367623329163,0.024925865006054135,0.0
3317,3540,executive_order,2,0.6425065100193024,0.0379881359412572,0.0
3318,3458,executive_order,2,0.7479215264320374,0.40151318331288666,81.0
3319,3412,executive_order,2,0.8354671597480774,0.5276312792588566,37.0
3320,3344,executive_order,2,0.6263731420040131,0.404878122687285,47.333333333333336
3321,3338,executive_order,2,0.7835264205932617,0.5378518786142471,81.0
3327,3415,executive_order,2,0.5817185044288635,0.24738535337638692,67.66666666666667
3329,3417,executive_order,2,0.625911146402359,0.48877649323616135,70.66666666666667
3330,3423,executive_order,2,0.6442556083202362,0.3150217249999712,107.0
3332,3416,executive_order,2,0.6185267865657806,0.4964018676426389,86.66666666666667
3338,3504,executive_order,2,0.9010460376739502,0.725917031351111,102.0
3340,3438,executive_order,2,0.8283854722976685,0.47296559578511904,86.0
3341,4374,executive_order,2,0.5739101767539978,0.05406247861602261,0.0
3343,3528,executive_order,2,0.5360706299543381,0.1284908804069488,21.0
3344,4328,executive_order,2,0.59232097864151,0.2122966665246345,3.3333333333333335
3348,3570,executive_order,2,0.6116280555725098,0.09818997153401658,27.0
3349,3447,executive_order,2,0.5577513575553894,0.005379568190816542,0.0
3352,4006,executive_order,2,0.8019093871116638,0.3724606348806001,20.0
3355,3399,executive_order,2,0.807188868522644,0.5423100861573581,104.0
3357,4114,executive_order,2,0.5156395435333252,0.06454866021433571,0.0
3360,3654,executive_order,2,0.4859001636505127,0.034125084946218576,0.0
3361,3625,executive_order,2,0.7255292236804962,0.25238284329616983,20.0
3362,3762,executive_order,2,0.5970841646194458,0.07750235288810041,0.0
3364,3616,executive_order,2,0.6272178888320923,0.014210732101035647,0.0
3365,3454,executive_order,2,0.7424363493919373,0.40626995800642474,85.0
3366,4437,executive_order,2,0.7803252637386322,0.4463513138904395,19.666666666666668
3367,4152,executive_order,2,0.6432470977306366,0.06652035808172756,0.0
3368,3666,executive_order,2,0.5739574432373047,0.017127894517935286,0.0
3370,3546,executive_order,2,0.8142133951187134,0.5179404944597393,32.666666666666664
3371,3705,executive_order,2,0.5156338810920715,0.03194286515510126,0.0
3372,4015,executive_order,2,0.5677226483821869,0.04316815611679701,0.0
3376,3945,executive_order,2,0.4859191030263901,0.027893585155969375,0.0
3377,3548,executive_order,2,0.7188595235347748,0.5428959319626943,35.666666666666664
3378,3380,executive_order,2,0.8195866346359253,0.5945939982996213,36.0
3380,3730,executive_order,2,0.844290018081665,0.4320045429152544,30.666666666666668
3383,3934,executive_order,2,0.5411446988582611,0.07418080773414538,0.0
3385,3764,executive_order,2,0.4806884378194809,0.015670858249945064,0.0
3387,3501,executive_order,2,0.8364165425300598,0.5123095117104631,33.333333333333336
3388,3666,executive_order,2,0.5677305161952972,0.019731255368672315,0.0
339,817,executive_order,2,0.4741092622280121,0.03824966472081157,7.0
3390,3941,executive_order,2,0.5740799605846405,0.028030854700795194,0.0
3393,3552,executive_order,2,0.8507970571517944,0.4968180800934319,30.0
3395,3879,executive_order,2,0.8163070678710938,0.36488928819770367,19.0
3396,4089,executive_order,2,0.7645450830459595,0.5048007537387683,11.0
3397,3917,executive_order,2,0.5664078891277313,0.24191597899240289,33.666666666666664
3398,3480,executive_order,2,0.46256907284259796,0.11132280213732586,9.333333333333334
3399,3614,executive_order,2,0.8316564559936523,0.5246889902200056,88.0
340,344,executive_order,2,0.46724170446395874,0.034158387079446434,0.0
3403,3613,executive_order,2,0.5038438439369202,0.07323964179231714,4.0
3405,3542,executive_order,2,0.8264878988265991,0.48457888265551974,33.0
3406,3448,executive_order,2,0.4979146420955658,0.09906305659813187,0.0
3409,3501,executive_order,2,0.8444275259971619,0.6131880421104828,35.666666666666664
3412,3728,executive_order,2,0.8524867296218872,0.4908453763555998,32.666666666666664
3413,3696,executive_order,2,0.4826762229204178,0.009348528088007372,0.0
3414,3455,executive_order,2,0.8255475759506226,0.5984249960838657,35.333333333333336
342,1415,executive_order,2,0.8335607051849365,0.727489047442138,48.333333333333336
3427,4048,executive_order,2,0.5484726428985596,0.0596537794549594,0.0
3432,3970,executive_order,2,0.5094722658395767,0.05008282463928737,0.0
3433,3972,executive_order,2,0.4809428006410599,0.12034840085678228,5.0
3438,3612,executive_order,2,0.8648241758346558,0.685712857727531,97.0
3439,3646,executive_order,2,0.5374080836772919,0.06268912410078385,0.0
3440,3833,executive_order,2,0.5391979217529297,0.06936725682045412,3.3333333333333335
3444,4172,executive_order,2,0.6666654348373413,0.20542782210004618,0.0
3445,3548,executive_order,2,0.8618811368942261,0.6069607540367136,34.333333333333336
3446,3833,executive_order,2,0.5773225724697113,0.1160228763387491,0.0
3449,3501,executive_order,2,0.8233016729354858,0.5533585681278982,33.333333333333336
3451,3468,executive_order,2,0.8223758339881897,0.5770843141216021,30.666666666666668
3453,4159,executive_order,2,0.4917244613170624,0.049299071955262556,0.0
3454,3614,executive_order,2,0.8778396248817444,0.7924376006131528,93.0
3455,3548,executive_order,2,0.8432459831237793,0.5927180526475496,31.0
3457,3542,executive_order,2,0.8338990211486816,0.412204351158147,28.666666666666668
3458,3514,executive_order,2,0.71042799949646,0.27127210440950694,49.0
3461,4202,executive_order,2,0.6742680668830872,0.32789536895774674,0.0
3465,3862,executive_order,2,0.5690788924694061,0.08390720933839513,0.0
3468,3558,executive_order,2,0.8402173519134521,0.544515042873315,34.0
3469,3494,executive_order,2,0.7097640037536621,0.08800296134919162,0.0
3470,4124,executive_order,2,0.5704105198383331,0.06453882700626258,0.0
3472,3614,executive_order,2,0.8057324290275574,0.5345773908446301,85.0
3477,3728,executive_order,2,0.7212319374084473,0.44396465551905945,31.666666666666668
3479,3629,executive_order,2,0.7032433748245239,0.14682787280589424,14.333333333333334
3480,3748,executive_order,2,0.597118616104126,0.1778905751114699,7.333333333333333
3481,3972,executive_order,2,0.4118164926767349,0.03144487022504914,0.0
3484,4178,executive_order,2,0.415273055434227,0.03060721087549921,0.0
3485,3793,executive_order,2,0.8755303621292114,0.7214903895507443,103.0
3486,3748,executive_order,2,0.5220528244972229,0.11939240122105589,19.0
3491,3503,executive_order,2,0.5469121634960175,0.07136853607399533,0.0
3497,3548,executive_order,2,0.8246560096740723,0.5249048424406882,33.333333333333336
3498,3671,executive_order,2,0.501227468252182,0.0,0.0
3501,3609,executive_order,2,0.870286762714386,0.6666666666666666,37.0
3502,4257,executive_order,2,0.5272594690322876,0.07087086854108368,6.666666666666667
3504,3721,executive_order,2,0.8412280678749084,0.7469902013054673,86.0
3506,4458,executive_order,2,0.46515658497810364,0.02301082934102336,0.0
3511,3878,executive_order,2,0.6661406755447388,0.2544678537424617,12.0
3513,3614,executive_order,2,0.7004803419113159,0.13478674596040904,23.0
3514,3614,executive_order,2,0.6880269646644592,0.21825820835359214,24.0
3516,3546,executive_order,2,0.8295164704322815,0.563670304953515,34.0
352,783,executive_order,2,0.4351080656051636,0.088913839679836,26.666666666666668
3524,4074,executive_order,2,0.5478251576423645,0.008713388984568528,0.0
3526,3781,executive_order,2,0.5696848630905151,0.09720370043866298,0.0
3529,4310,executive_order,2,0.535738617181778,0.02984870399080108,0.0
3530,4377,executive_order,2,0.6412797570228577,0.1173830674110916,9.333333333333334
3532,3552,executive_order,2,0.8292114734649658,0.5442381562254607,32.333333333333336
3534,3805,executive_order,2,0.7352991104125977,0.31908223548724923,25.0
3540,3844,executive_order,2,0.6301567852497101,0.06716122257727906,3.3333333333333335
3542,3546,executive_order,2,0.8304729461669922,0.5466154559197925,34.0
3543,4478,executive_order,2,0.8652101755142212,0.495926664861845,28.0
3545,3911,executive_order,2,0.8454771041870117,0.44380460088067863,31.0
3546,3558,executive_order,2,0.8426010608673096,0.5361707182190928,33.333333333333336
3547,3651,executive_order,2,0.6846848726272583,0.5707157139011677,54.0
3548,3671,executive_order,2,0.8441284894943237,0.48072600491724415,31.666666666666668
3549,3596,executive_order,2,0.5645449161529541,0.08551539363529102,0.0
3552,4276,executive_order,2,0.8510045409202576,0.5145079805261528,33.666666666666664
3553,4337,executive_order,2,0.7693023681640625,0.566171429501014,41.0
3554,3972,executive_order,2,0.5000666081905365,0.05222720936168887,0.0
3555,4233,executive_order,2,0.5236314535140991,0.09453923158356764,0.0
3556,3625,executive_order,2,0.5969573855400085,0.1779048860103765,19.0
3557,4435,executive_order,2,0.5604349374771118,0.015021045795455415,0.0
3558,3730,executive_order,2,0.8511991500854492,0.4515974716379212,32.333333333333336
3559,3733,executive_order,2,0.7140751779079437,0.2325676029040374,11.0
356,925,executive_order,2,0.517165869474411,0.13880717573801998,9.666666666666666
3560,3622,executive_order,2,0.5140811055898666,0.028953167785453246,6.666666666666667
3562,3781,executive_order,2,0.4653846323490143,0.0888832051169159,9.666666666666666
3565,3977,executive_order,2,0.6293753683567047,0.03676224481517065,8.0
3569,3579,executive_order,2,0.5575618743896484,0.01196161179083132,0.0
3570,4048,executive_order,2,0.5873146951198578,0.05743169657343453,4.333333333333333
3571,3708,executive_order,2,0.8089323043823242,0.6054380942401402,85.0
3573,3666,executive_order,2,0.5419059693813324,0.04850313719698001,0.0
3575,3605,executive_order,2,0.8140425086021423,0.5402514283504678,91.0
3576,3880,executive_order,2,0.8119293451309204,0.4036247694371486,20.0
3578,4140,executive_order,2,0.7856130003929138,0.47643279179512343,19.666666666666668
3579,3678,executive_order,2,0.5408225059509277,0.03703799395105862,0.0
3580,3634,executive_order,2,0.5481745898723602,0.05532296992065897,0.0
3587,4003,executive_order,2,0.5245195925235748,0.09558352688067556,7.666666666666667
3588,3859,executive_order,2,0.6156182885169983,0.215081826843596,0.0
3592,4302,executive_order,2,0.4903767704963684,0.0,0.0
3596,3636,executive_order,2,0.5614418983459473,0.06361262792500998,0.0
3605,3718,executive_order,2,0.8783848881721497,0.7325317253581352,105.0
3606,4334,executive_order,2,0.6344703733921051,0.15357222514934932,15.5
3608,3928,executive_order,2,0.5978496074676514,0.09871238192959729,5.666666666666667
3609,3670,executive_order,2,0.8431074619293213,0.48072600491724415,31.666666666666668
3612,3708,executive_order,2,0.860420286655426,0.6126351917208424,99.0
3614,3815,executive_order,2,0.862710177898407,0.7226584503440289,94.0
3618,3696,executive_order,2,0.4595862179994583,0.059500674215562245,4.0
3620,3970,executive_order,2,0.5268459022045135,0.05451531300334927,0.0
3622,4408,executive_order,2,0.5009229630231857,0.012492704320328861,0.0
3625,3745,executive_order,2,0.7242101430892944,0.5952606772288066,52.0
3627,3634,executive_order,2,0.5407527387142181,0.09398158318429721,3.6666666666666665
3629,4267,executive_order,2,0.5607295632362366,0.19343837300877997,7.666666666666667
3632,3854,executive_order,2,0.8681856393814087,0.834093201816009,73.0
3634,3636,executive_order,2,0.521760880947113,0.09655879202250321,4.0
3639,3955,executive_order,2,0.6666699647903442,0.08691160409707503,12.5
3640,3788,executive_order,2,0.69617560505867,0.1289365182545481,12.5
3641,3998,executive_order,2,0.6415855884552002,0.20386846691255436,0.0
3642,3678,executive_order,2,0.4037126451730728,0.006415560509885722,0.0
3644,3762,executive_order,2,0.6911461651325226,0.0677093117417089,0.0
3646,3798,executive_order,2,0.4995092451572418,0.02594796260645164,8.0
3650,4258,executive_order,2,0.8283243775367737,0.5485381072791575,34.666666666666664
3651,4337,executive_order,2,0.7398186922073364,0.59005015451151,38.0
3654,4242,executive_order,2,0.5616503953933716,0.06545188004490585,0.0
3657,4172,executive_order,2,0.7180845737457275,0.4852395185616662,33.666666666666664
3660,3670,executive_order,2,0.8485584259033203,0.6316881009549135,37.0
3663,3843,executive_order,2,0.8597062826156616,0.5814454282201696,35.333333333333336
3665,4348,executive_order,2,0.5894975364208221,0.05073824716096567,0.0
367,412,executive_order,2,0.4441945105791092,0.07376648407729103,0.0
3670,3724,executive_order,2,0.814201831817627,0.565640981946618,34.666666666666664
3671,3724,executive_order,2,0.8159606456756592,0.565640981946618,34.666666666666664
3672,4111,executive_order,2,0.5585565567016602,0.20916678942848996,13.0
3676,3694,executive_order,2,0.4598768353462219,0.07489694105596582,0.0
3690,3762,executive_order,2,0.6329862475395203,0.05028617006159469,0.0
3692,4257,executive_order,2,0.5284393727779388,0.061591388614608555,0.0
3693,4400,executive_order,2,0.6599063873291016,0.3369252201227163,52.0
3695,3779,executive_order,2,0.8676207065582275,0.9128202762275585,83.0
3696,3833,executive_order,2,0.5369919240474701,0.08366095107597792,0.0
3697,4293,executive_order,2,0.8316217660903931,0.4989456388077447,35.666666666666664
37,270,executive_order,2,0.5539683401584625,0.04396853352477386,3.3333333333333335
3702,3798,executive_order,2,0.5438193678855896,0.02519773571191723,0.0
3703,4206,executive_order,2,0.5524308085441589,0.024554931115294644,0.0
3704,4355,executive_order,2,0.7262725234031677,1.0,0.0
3705,3862,executive_order,2,0.5718249380588531,0.1562618226540089,17.333333333333332
3707,4123,executive_order,2,0.49275270104408264,0.04084728276616644,0.0
3708,3721,executive_order,2,0.8583806157112122,0.6811301942402368,101.0
3709,4429,executive_order,2,0.6991639733314514,0.27639226577225917,107.0
3710,3880,executive_order,2,0.8432779908180237,0.6304308870678134,31.666666666666668
3711,4285,executive_order,2,0.8525005578994751,0.6106069744247935,36.0
3714,3717,executive_order,2,0.8366999626159668,0.6153732207403105,97.0
3715,3868,executive_order,2,0.5836228132247925,0.07396390972625061,0.0
3717,3718,executive_order,2,0.8332700729370117,0.5357044502805833,103.0
3718,3721,executive_order,2,0.8287932872772217,0.5326731177037896,92.0
3721,3814,executive_order,2,0.8585827350616455,0.7123802143951047,103.0
3723,4116,executive_order,2,0.48241254687309265,0.022396799574011448,0.0
3724,3786,executive_order,2,0.8459483981132507,0.5840585493490701,35.333333333333336
3725,3825,executive_order,2,0.5799707472324371,0.032883329285506316,0.0
3727,4014,executive_order,2,0.5167112052440643,0.03319700921337878,5.0
3728,3806,executive_order,2,0.8272803425788879,0.4913948069578975,34.333333333333336
3729,4062,executive_order,2,0.5425592660903931,0.030479653652926143,0.0
373,386,executive_order,2,0.7373387515544891,0.8782026781880014,151.33333333333334
3730,3792,executive_order,2,0.8308802843093872,0.5861436481842781,36.666666666666664
3731,3854,executive_order,2,0.8686907887458801,0.9748957489128723,86.0
3732,4140,executive_order,2,0.8266234993934631,0.43627358891210677,22.333333333333332
3733,3788,executive_order,2,0.6966577768325806,0.057378735758258595,0.0
3734,4012,executive_order,2,0.6300281584262848,0.07083560911496882,3.6666666666666665
3741,4337,executive_order,2,0.6684179306030273,0.4117289691296815,36.0
3742,3749,executive_order,2,0.6051638424396515,0.44337869881635666,24.666666666666668
3743,4358,executive_order,2,0.5016064047813416,0.10033035763637366,0.0
3745,4337,executive_order,2,0.7183952331542969,0.7277858973039512,60.0
3748,4257,executive_order,2,0.5031646490097046,0.08044310366839427,0.0
3749,4413,executive_order,2,0.4424245059490204,0.08887495137050411,0.0
3753,4229,executive_order,2,0.4697970747947693,0.025430541732739353,0.0
3755,3810,executive_order,2,0.6910387873649597,0.08399393397860674,25.0
3756,3773,executive_order,2,0.6743428707122803,0.15387724211948145,120.5
3757,3968,executive_order,2,0.6771746873855591,0.21864591316335527,33.0
3761,3942,executive_order,2,0.5317750573158264,0.13731967630879585,3.3333333333333335
3764,4178,executive_order,2,0.4512042999267578,0.03515040013141344,4.333333333333333
3765,4030,executive_order,2,0.5266803503036499,0.03798898243697083,4.0
3767,3862,executive_order,2,0.5655279755592346,0.0803670493854167,4.0
377,713,executive_order,2,0.5642709136009216,0.32994386680831334,70.66666666666667
3770,3944,executive_order,2,0.5005639046430588,0.017759764387021877,0.0
3771,3905,executive_order,2,0.8299059271812439,0.9856253196793677,97.0
3776,3891,executive_order,2,0.5346455574035645,0.0,0.0
3777,3806,executive_order,2,0.7967055439949036,0.5170809704727737,35.0
3778,4178,executive_order,2,0.5302391052246094,0.022042589659101594,0.0
3779,4112,executive_order,2,0.8683308959007263,1.0000000000000009,95.0
3780,3958,executive_order,2,0.5289444923400879,0.018747508066218277,0.0
3781,4257,executive_order,2,0.5462115108966827,0.0487500250329606,0.0
3782,4005,executive_order,2,0.6579916477203369,0.04422567153598103,0.0
3783,3942,executive_order,2,0.5800363570451736,0.06611653366927199,0.0
3785,4134,executive_order,2,0.6179189682006836,0.22529665293015144,67.0
3786,3913,executive_order,2,0.8356665968894958,0.5909909888618087,36.333333333333336
3787,4142,executive_order,2,0.49221938848495483,0.050745482126707236,0.0
3788,3805,executive_order,2,0.7103627920150757,0.22881771415790503,26.0
3790,3994,executive_order,2,0.5355613231658936,0.038088688822952674,0.0
3791,4278,executive_order,2,0.6167620420455933,0.0280844465219541,0.0
3792,3913,executive_order,2,0.8301085233688354,0.5748769127680021,36.333333333333336
3793,3814,executive_order,2,0.8064857125282288,0.5501583684730882,90.0
3797,3945,executive_order,2,0.5302524715662003,0.06546290470860182,3.3333333333333335
3799,3923,executive_order,2,0.6012093722820282,0.08830040860783551,10.0
38,229,executive_order,2,0.46164821088314056,0.042306396217803494,0.0
3801,3815,executive_order,2,0.799220621585846,0.4473190746912742,86.0
3802,3815,executive_order,2,0.6706387996673584,0.22807046134800282,33.0
3803,3907,executive_order,2,0.7792076468467712,0.10712688194411332,0.0
3805,3876,executive_order,2,0.8840901851654053,0.42643974395415396,28.0
3806,3845,executive_order,2,0.8591420650482178,0.6375218030756962,36.0
3807,3916,executive_order,2,0.5071495175361633,0.041392165630067514,3.6666666666666665
3809,3939,executive_order,2,0.5774471163749695,0.050404676513072455,0.0
3810,4009,executive_order,2,0.6110842823982239,0.14619160939803413,25.0
3811,3964,executive_order,2,0.5935287177562714,0.41207189903965397,21.333333333333332
3814,3987,executive_order,2,0.8712775111198425,0.491389043376234,55.0
3815,4097,executive_order,2,0.8793579339981079,0.515096984393297,71.0
3816,3892,executive_order,2,0.5687298774719238,0.06212315581894443,0.0
3819,3897,executive_order,2,0.5097419619560242,0.036512159260424344,0.0
382,432,executive_order,2,0.4361080676317215,0.0488015760924315,0.0
3821,3869,executive_order,2,0.5583699941635132,0.041879907321077096,0.0
3822,4111,executive_order,2,0.8452591896057129,0.87361538713937,80.0
3825,3859,executive_order,2,0.6131341457366943,0.11819333954743975,0.0
3830,4103,executive_order,2,0.5617497563362122,0.0,0.0
3833,4031,executive_order,2,0.6075498759746552,0.38158086122201823,35.666666666666664
3834,4169,executive_order,2,0.5204959362745285,0.05864158190606907,0.0
3837,4069,executive_order,2,0.454592302441597,0.06809097211010467,0.0
3839,3934,executive_order,2,0.4640369266271591,0.02311795564168602,0.0
3840,3888,executive_order,2,0.57527294754982,0.23072933595591927,0.0
3842,4416,executive_order,2,0.4149215370416641,0.01877607696262597,0.0
3843,4306,executive_order,2,0.8361703157424927,0.572983770897454,34.333333333333336
3845,3973,executive_order,2,0.8259806036949158,0.5955043785854547,34.333333333333336
3850,3987,executive_order,2,0.8362566828727722,0.4123153236833882,60.0
3851,4212,executive_order,2,0.7309802770614624,0.06566100199526623,72.0
3852,4478,executive_order,2,0.8438996076583862,0.6200700050324947,35.666666666666664
3854,4333,executive_order,2,0.8659718036651611,0.8975431828993103,81.0
3856,4054,executive_order,2,0.6497485041618347,0.6069892199866654,110.0
3857,3871,executive_order,2,0.8051934242248535,0.36765611551382643,64.0
3861,4473,executive_order,2,0.5342616736888885,0.01739528964423426,0.0
3864,3884,executive_order,2,0.5244841575622559,0.04447784711877139,0.0
3869,4374,executive_order,2,0.6374577283859253,0.0462661362142076,0.0
3870,3917,executive_order,2,0.5645066499710083,0.03802034089948793,6.666666666666667
3871,3967,executive_order,2,0.8039613366127014,0.43592608085028633,63.0
3874,4152,executive_order,2,0.5972608327865601,0.024186453103461136,5.333333333333333
3877,4207,executive_order,2,0.5758841037750244,0.0019437444353616168,0.0
3878,4011,executive_order,2,0.6622022390365601,0.2154379125112443,20.0
3879,4006,executive_order,2,0.8377283811569214,0.6312357537045585,31.666666666666668
3880,4006,executive_order,2,0.8377283811569214,0.6312357537045585,31.666666666666668
3881,4249,executive_order,2,0.5351042747497559,0.022004124805100948,0.0
3886,4338,executive_order,2,0.561083197593689,0.03344387994443267,0.0
3888,4056,executive_order,2,0.4784655123949051,0.06211431200035355,0.0
3889,4453,executive_order,2,0.7491887807846069,0.2950133004196441,17.0
3890,4164,executive_order,2,0.38976913690567017,0.02865371083659138,0.0
3892,3960,executive_order,2,0.5608391165733337,0.07938213006420815,4.333333333333333
3893,4181,executive_order,2,0.5881234109401703,0.018753685343210695,0.0
3895,3987,executive_order,2,0.8040591478347778,0.27912526342759947,36.0
3896,4211,executive_order,2,0.5486431121826172,0.1247893893204019,0.0
3898,4154,executive_order,2,0.6216312646865845,0.028861538878426966,0.0
39,465,executive_order,2,0.5267588794231415,0.030031406853479728,3.3333333333333335
3900,3946,executive_order,2,0.6223893165588379,0.09089277445594153,0.0
3901,3942,executive_order,2,0.4836989790201187,0.01786798175393845,0.0
3902,4377,executive_order,2,0.6707815825939178,0.06717546247213083,28.333333333333332
3904,3980,executive_order,2,0.7301192879676819,0.1625653135666345,0.0
3905,4326,executive_order,2,0.8168662190437317,0.5511717035272761,43.0
3910,3956,executive_order,2,0.5451494455337524,0.019911689806778755,0.0
3911,3973,executive_order,2,0.8236643075942993,0.4986437801880215,31.333333333333332
3913,4478,executive_order,2,0.8433136940002441,0.6191716119631342,36.0
3919,4053,executive_order,2,0.5402849018573761,0.08297629104793379,0.0
3923,3957,executive_order,2,0.6030476987361908,0.023858921786342458,0.0
3924,4176,executive_order,2,0.590630292892456,0.043885916341190295,0.0
3926,4155,executive_order,2,0.6943435668945312,0.13072842899795392,13.0
3927,3942,executive_order,2,0.5193353295326233,0.08551474467246513,6.666666666666667
3928,4062,executive_order,2,0.5049285888671875,0.005112840281349149,0.0
3932,4437,executive_order,2,0.832440972328186,0.628985031576964,32.0
3934,4465,executive_order,2,0.5281673967838287,0.019114844370563027,0.0
3936,3960,executive_order,2,0.5507107973098755,0.037039502016982,0.0
3938,4412,executive_order,2,0.4920835793018341,0.033330592126979426,0.0
3939,4495,executive_order,2,0.554287314414978,0.025586083121695868,0.0
3944,3983,executive_order,2,0.5950160026550293,0.04346179551070103,13.0
3949,4005,executive_order,2,0.588919460773468,0.016186515441887515,0.0
395,525,executive_order,2,0.7436943352222443,0.9999999999999997,202.66666666666666
3950,4257,executive_order,2,0.5098877251148224,0.04183391298654745,0.0
3954,4465,executive_order,2,0.4775855392217636,0.006088969201335072,0.0
3956,4026,executive_order,2,0.6795161962509155,0.5159567486518649,67.0
3957,3984,executive_order,2,0.6450610160827637,0.05053554506479354,0.0
3959,4056,executive_order,2,0.5959945917129517,0.1122662685999015,7.333333333333333
396,1402,executive_order,2,0.5900112092494965,0.16449794725517408,7.333333333333333
3960,4130,executive_order,2,0.6266646385192871,0.02174986324101691,0.0
3965,4127,executive_order,2,0.5939107537269592,0.05087211873404764,0.0
3966,4207,executive_order,2,0.5251428484916687,0.027542036458421938,0.0
3967,4097,executive_order,2,0.8474583625793457,0.6749408709791567,84.0
3970,4166,executive_order,2,0.5080244690179825,0.014965426418096844,0.0
3971,3980,executive_order,2,0.7690814733505249,0.3947737504575462,38.0
3973,4293,executive_order,2,0.8387032151222229,0.5919558763209721,35.333333333333336
3975,3980,executive_order,2,0.8395631909370422,0.4455007864812965,51.0
3977,4248,executive_order,2,0.5568227767944336,0.00820589089563393,0.0
3978,3983,executive_order,2,0.6323612034320831,0.015853442568913148,0.0
3979,4141,executive_order,2,0.7256655097007751,0.4334621738742927,31.333333333333332
3980,3987,executive_order,2,0.8385179042816162,0.5936903867596032,75.0
3981,4161,executive_order,2,0.5561733841896057,0.0197035151107265,0.0
3983,3993,executive_order,2,0.6394237577915192,0.027444537711957297,0.0
3985,4012,executive_order,2,0.5276153385639191,0.04277615716521263,0.0
3986,4233,executive_order,2,0.766415536403656,0.5403667734373836,39.0
3987,4011,executive_order,2,0.8316150903701782,0.4909038248782703,61.0
3988,4058,executive_order,2,0.47076889872550964,0.008525581853240137,0.0
399,1259,executive_order,2,0.5182450711727142,0.06479544070659064,0.0
3992,4202,executive_order,2,0.6382447481155396,0.249281335231181,0.0
3993,4231,executive_order,2,0.5846909880638123,0.03198840400452229,0.0
3994,4176,executive_order,2,0.5912373065948486,0.11597412179128158,0.0
3995,4201,executive_order,2,0.5093607902526855,0.13068828575463856,0.0
3997,4160,executive_order,2,0.507617712020874,0.048180038956873984,0.0
3998,4202,executive_order,2,0.5513575077056885,0.11923324537669658,0.0
4,15,memorandum,2,0.5190490186214447,0.08007748217870869,10.0
40,226,executive_order,2,0.5882137715816498,0.1933452511863006,18.0
4000,4144,executive_order,2,0.4763704240322113,0.05175008405372387,10.0
4001,4223,executive_order,2,0.4906481206417084,0.07099310768722998,0.0
4003,4302,executive_order,2,0.5492531210184097,0.05709652459466452,15.333333333333334
4004,4473,executive_order,2,0.47343599796295166,0.006523650298110234,0.0
4006,4317,executive_order,2,0.8518691062927246,0.6193865644701911,31.333333333333332
4009,4501,executive_order,2,0.7131750583648682,0.12399428853270364,13.0
4010,4019,executive_order,2,0.5561343282461166,0.07212301795981005,0.0
4011,4081,executive_order,2,0.8347702026367188,0.4188885150361311,70.0
4012,4155,executive_order,2,0.6357607245445251,0.1469143487094275,14.0
4013,4123,executive_order,2,0.46643127501010895,0.026325024213180854,0.0
4014,4374,executive_order,2,0.49212706089019775,0.04183272142026575,0.0
4017,4463,executive_order,2,0.5001066774129868,0.007911468411034423,0.0
4018,4104,executive_order,2,0.8364174365997314,0.576708881953559,35.333333333333336
4019,4429,executive_order,2,0.657684862613678,0.06505660444807307,4.333333333333333
4020,4248,executive_order,2,0.5337493717670441,0.027561967672041096,0.0
4021,4123,executive_order,2,0.49713048338890076,0.019087023070021553,0.0
4022,4420,executive_order,2,0.6419922709465027,0.06194402755928317,3.3333333333333335
4025,4056,executive_order,2,0.5107121467590332,0.025871107630229127,0.0
4026,4161,executive_order,2,0.5634645223617554,0.0062472959444391666,0.0
4027,4139,executive_order,2,0.6051618456840515,0.43627713481856817,56.0
4030,4199,executive_order,2,0.5181547701358795,0.05168708722871021,0.0
4031,4105,executive_order,2,0.6004565954208374,0.2807570062905071,33.666666666666664
4033,4429,executive_order,2,0.682135820388794,0.11176505147955981,0.0
4034,4046,executive_order,2,0.6518703997135162,0.07902701777839133,14.0
4035,4330,executive_order,2,0.7085356116294861,0.5422349180111509,0.0
4036,4173,executive_order,2,0.4467146098613739,0.12477508225337967,0.0
4037,4097,executive_order,2,0.6298505067825317,0.1437563378461589,6.5
4038,4139,executive_order,2,0.7088273167610168,0.12806442648535196,0.0
4039,4501,executive_order,2,0.6436553597450256,0.15818141946258252,20.0
4040,4376,executive_order,2,0.6609899997711182,0.17377453925698574,20.0
4041,4056,executive_order,2,0.5312424004077911,0.03809023182592123,0.0
4042,4228,executive_order,2,0.6518347263336182,0.10138694975717781,11.666666666666666
4043,4157,executive_order,2,0.6423151791095734,0.029756324136113853,0.0
4046,4130,executive_order,2,0.5411180555820465,0.056085798356931414,0.0
4048,4370,executive_order,2,0.503044068813324,0.04384962989556563,0.0
4049,4155,executive_order,2,0.6450573801994324,0.10351927200859268,20.0
4052,4104,executive_order,2,0.8215043544769287,0.4941295756126675,27.666666666666668
4053,4242,executive_order,2,0.5358267575502396,0.018186798693940357,0.0
4054,4162,executive_order,2,0.7481021285057068,0.6260360260037579,80.0
4057,4059,executive_order,2,0.5557979345321655,0.18636905984640476,17.666666666666668
4060,4089,executive_order,2,0.7640844583511353,0.5857194895419148,11.0
4062,4130,executive_order,2,0.5178393423557281,0.09486090039564966,0.0
4063,4124,executive_order,2,0.49512627720832825,0.023485350747803415,0.0
4064,4172,executive_order,2,0.46461768448352814,0.003495036204324732,0.0
4065,4223,executive_order,2,0.576178640127182,0.1422497615497296,0.0
4066,4212,executive_order,2,0.6841003894805908,0.04981160845235658,37.0
4069,4173,executive_order,2,0.5695212483406067,0.058181930055990094,4.0
4070,4261,executive_order,2,0.5796886086463928,0.16925243220031683,0.0
4072,4316,executive_order,2,0.5564097762107849,0.008964366266456412,0.0
4075,4144,executive_order,2,0.5638478994369507,0.05816300514728153,0.0
4076,4110,executive_order,2,0.5236037373542786,0.014984683966224278,0.0
4080,4365,executive_order,2,0.6430814266204834,0.1265245321167952,11.0
4081,4102,executive_order,2,0.8132273554801941,0.3879561127842186,58.0
4082,4268,executive_order,2,0.5205574929714203,0.15039401850695275,10.666666666666666
4083,4316,executive_order,2,0.5110306143760681,0.0,0.0
4088,4195,executive_order,2,0.727174699306488,0.5197249491552723,18.0
4089,4272,executive_order,2,0.719886064529419,0.5857194895419148,11.0
409,1015,executive_order,2,0.49577485024929047,0.07546770818832059,0.0
4091,4275,executive_order,2,0.5208019018173218,0.057292249791082064,0.0
4092,4102,executive_order,2,0.7729752659797668,0.31505161567185097,30.0
4093,4224,executive_order,2,0.722341001033783,0.43028982414985667,11.0
4095,4110,executive_order,2,0.4961032271385193,0.017543211498666025,0.0
4096,4436,executive_order,2,0.5771817266941071,0.07829864015882244,27.666666666666668
4097,4102,executive_order,2,0.8542577028274536,0.4606409471668016,61.0
4099,4338,executive_order,2,0.4239867925643921,0.016578673592570994,0.0
4100,4123,executive_order,2,0.5118910372257233,0.11064956603922886,14.0
4102,4119,executive_order,2,0.7631837129592896,0.46086524849588983,64.0
4103,4194,executive_order,2,0.6924136281013489,0.4079814304950962,12.0
4104,4467,executive_order,2,0.8342298865318298,0.5985108490577583,36.666666666666664
4105,4216,executive_order,2,0.5665736496448517,0.20301632751309442,19.333333333333332
4106,4143,executive_order,2,0.7823662757873535,0.40455490804348804,53.0
4107,4216,executive_order,2,0.5733398497104645,0.3430283851803,39.666666666666664
4108,4224,executive_order,2,0.6957027912139893,0.6010363598231706,27.0
4109,4467,executive_order,2,0.8201450109481812,0.5880905882868589,36.333333333333336
4111,4387,executive_order,2,0.7460788488388062,0.5347591385200553,38.0
4112,4246,executive_order,2,0.8632805347442627,0.8396472869540027,80.0
4113,4180,executive_order,2,0.5292361378669739,0.014128080414339113,0.0
4114,4257,executive_order,2,0.5234620571136475,0.10656932697848644,0.0
4115,4429,executive_order,2,0.5551612377166748,0.07547651519843883,32.0
4116,4412,executive_order,2,0.5752862691879272,0.03545101948020641,0.0
4119,4148,executive_order,2,0.7329334020614624,0.3621561898923036,58.0
412,619,executive_order,2,0.4631100594997406,0.09525675742469235,16.333333333333332
4121,4325,executive_order,2,0.48832425475120544,0.024216101855000626,0.0
4122,4411,executive_order,2,0.4523516446352005,0.08497498559098836,6.0
4125,4129,executive_order,2,0.6937353014945984,0.5539765438825832,80.0
4126,4507,executive_order,2,0.5137516111135483,0.020892556241284565,0.0
4127,4130,executive_order,2,0.5370986461639404,0.09570099378269731,3.6666666666666665
4129,4142,executive_order,2,0.5936067402362823,0.10904506641636229,0.0
413,490,executive_order,2,0.454250231385231,0.010331201317662643,0.0
4131,4296,executive_order,2,0.6443458199501038,0.11314651477896723,71.0
4133,4142,executive_order,2,0.40811480581760406,0.01278072976351065,0.0
4134,4236,executive_order,2,0.5110373795032501,0.03916469579293564,0.0
4137,4478,executive_order,2,0.8176888227462769,0.5058436344615248,28.666666666666668
4138,4330,executive_order,2,0.5915015339851379,0.05357705789077896,0.0
4139,4231,executive_order,2,0.4092862904071808,0.005742283760035903,0.0
414,4464,executive_order,2,0.5035696625709534,0.022649568799844717,0.0
4140,4492,executive_order,2,0.8370667695999146,0.5858163211768788,31.0
4141,4455,executive_order,2,0.6681974530220032,0.30680008732408226,20.666666666666668
4145,4370,executive_order,2,0.5479424744844437,0.03384514595698424,0.0
4147,4236,executive_order,2,0.5905469655990601,0.011096848427818013,0.0
4148,4334,executive_order,2,0.669241189956665,0.13764582914242013,18.0
4150,4272,executive_order,2,0.7189596891403198,0.4074263188831154,11.0
4151,4278,executive_order,2,0.572799801826477,0.011775222929826664,0.0
4152,4242,executive_order,2,0.5853487551212311,0.0297759072675635,0.0
4154,4488,executive_order,2,0.5074769258499146,0.03046739301530056,0.0
4155,4308,executive_order,2,0.6309283971786499,0.09559870230285614,30.0
4156,4212,executive_order,2,0.7170071601867676,0.035175692727855,44.0
4157,4498,executive_order,2,0.589114785194397,0.027865332465262682,0.0
4158,4183,executive_order,2,0.6176334619522095,0.08639615871807678,0.0
4159,4287,executive_order,2,0.558944046497345,0.029863614286071444,0.0
4160,4178,executive_order,2,0.5151486098766327,0.03565787885209005,0.0
4161,4431,executive_order,2,0.5531677305698395,0.021938516444613924,0.0
4162,4192,executive_order,2,0.5772910714149475,0.02867757053384699,0.0
4166,4380,executive_order,2,0.48388025164604187,0.06256417933623369,0.0
4168,4329,executive_order,2,0.7053660750389099,0.2548428961352522,0.0
4169,4178,executive_order,2,0.5367738306522369,0.026622203835330777,0.0
417,425,executive_order,2,0.5122947841882706,0.03038100249387433,0.0
4171,4316,executive_order,2,0.55088871717453,0.2006541310519087,0.0
4173,4236,executive_order,2,0.5112267732620239,0.06553610588836951,0.0
4175,4399,executive_order,2,0.5215421915054321,0.006414676934843854,0.0
4177,4212,executive_order,2,0.57265904545784,0.039450573704706386,5.0
4178,4435,executive_order,2,0.5238811075687408,0.02609910913044944,0.0
4179,4294,executive_order,2,0.5080825388431549,0.14587233816533848,14.333333333333334
418,913,executive_order,2,0.5190202593803406,0.4741228932730647,15.0
4181,4218,executive_order,2,0.5649951100349426,0.10690409811264669,12.666666666666666
4182,4206,executive_order,2,0.5263048410415649,0.06382581434299571,10.0
4186,4299,executive_order,2,0.5119701325893402,0.02716936534795482,0.0
4189,4377,executive_order,2,0.679396390914917,0.32362538837767046,79.66666666666667
419,1742,executive_order,2,0.5062446743249893,0.037799750133049474,0.0
4194,4350,executive_order,2,0.6949462890625,0.23727312163639475,0.0
4195,4337,executive_order,2,0.7410544157028198,0.49310224147854387,18.0
4197,4316,executive_order,2,0.4937715083360672,0.013568333864770243,0.0
4199,4223,executive_order,2,0.473815456032753,0.050178100619213385,0.0
420,2223,executive_order,2,0.4791311025619507,0.05133279695621703,0.0
4201,4358,executive_order,2,0.5421196818351746,0.01595829154691128,0.0
4202,4383,executive_order,2,0.5516116619110107,0.061460074127130615,0.0
4204,4297,executive_order,2,0.6758136749267578,0.1698158975757591,56.0
4209,4398,executive_order,2,0.5752623975276947,0.0676050881820547,34.666666666666664
421,426,executive_order,2,0.573714941740036,0.08328986220047822,11.0
4210,4325,executive_order,2,0.4948292672634125,0.012570611540663842,0.0
4211,4403,executive_order,2,0.5498629808425903,0.034076973988823187,24.0
4212,4429,executive_order,2,0.7476832866668701,0.010885212829771564,0.0
4213,4483,executive_order,2,0.5031221210956573,0.03027543321330271,0.0
4214,4494,executive_order,2,0.5520054996013641,0.04720512398400407,5.0
4215,4465,executive_order,2,0.6521419584751129,0.05633930513271876,0.0
4216,4443,executive_order,2,0.57547727227211,0.21922602149428447,5.666666666666667
422,428,executive_order,2,0.5283615738153458,0.17559939427032203,9.0
4220,4280,executive_order,2,0.8376365900039673,0.6153710010173619,36.0
4222,4442,executive_order,2,0.44751912355422974,0.07065135998480095,0.0
4224,4272,executive_order,2,0.708394467830658,0.4132905223113489,11.0
4225,4458,executive_order,2,0.5258599519729614,0.02565342745049916,0.0
4226,4231,executive_order,2,0.5010357350111008,0.0,0.0
4227,4259,executive_order,2,0.5659826695919037,0.06706903876981864,0.0
4229,4264,executive_order,2,0.5028383135795593,0.037373957010827005,0.0
423,619,executive_order,2,0.45808467268943787,0.05722747095343093,11.0
4230,4238,executive_order,2,0.45789769291877747,0.050713240370810625,0.0
4232,4506,executive_order,2,0.866182804107666,0.9019646989919473,94.0
4233,4326,executive_order,2,0.7849575877189636,0.8914023800996635,62.0
4234,4325,executive_order,2,0.5211831331253052,0.0051651847173597104,0.0
4235,4404,executive_order,2,0.5151122212409973,0.007762622448587863,0.0
4238,4242,executive_order,2,0.5126350820064545,0.028395179138529753,0.0
4239,4406,executive_order,2,0.5410193204879761,0.01842240920050574,0.0
424,510,executive_order,2,0.5750260949134827,0.04725325578449599,0.0
4240,4445,executive_order,2,0.49208588898181915,0.01812649606157685,0.0
4241,4287,executive_order,2,0.48274022340774536,0.01780955637159152,0.0
4242,4253,executive_order,2,0.5348791480064392,0.009053940418025132,0.0
4243,4493,executive_order,2,0.5853210389614105,0.03647201423152861,0.0
4245,4345,executive_order,2,0.5278436541557312,0.03775505553590033,0.0
4246,4384,executive_order,2,0.7646920680999756,0.5432272330612429,66.0
4247,4494,executive_order,2,0.6105641722679138,0.03652298588929351,5.0
425,428,executive_order,2,0.567627340555191,0.0799746350958243,11.666666666666666
4250,4274,executive_order,2,0.43427447974681854,0.0022695772939987546,0.0
4253,4495,executive_order,2,0.5423473715782166,0.0069254440210013545,0.0
4255,4299,executive_order,2,0.5763885378837585,0.05626697988385948,4.666666666666667
4256,4411,executive_order,2,0.5898679792881012,0.054431170471329476,6.0
4257,4443,executive_order,2,0.5936492681503296,0.06554948214321181,3.3333333333333335
4258,4367,executive_order,2,0.8410452604293823,0.5897502331937661,35.666666666666664
4259,4473,executive_order,2,0.52033531665802,0.011461771456218102,0.0
426,454,executive_order,2,0.5127240717411041,0.04025618758075566,0.0
4261,4281,executive_order,2,0.5053514242172241,0.03517940349554946,0.0
4263,4268,executive_order,2,0.37067633867263794,0.005411559185821033,0.0
4264,4465,executive_order,2,0.5526198148727417,0.01773116829842554,0.0
4266,4383,executive_order,2,0.6465604305267334,0.05125857525142563,0.0
4267,4457,executive_order,2,0.6049373745918274,0.17906742018662003,0.0
4268,4282,executive_order,2,0.8161635398864746,0.6787991849395648,136.0
4269,4458,executive_order,2,0.6623121500015259,0.14697647339194378,0.0
4270,4305,executive_order,2,0.4768103361129761,0.032977087267993456,0.0
4271,4364,executive_order,2,0.5396330952644348,0.056332438873936574,17.333333333333332
4272,4402,executive_order,2,0.7480481863021851,0.30484432476374623,0.0
4275,4458,executive_order,2,0.5923309326171875,0.22687585898753898,0.0
4276,4478,executive_order,2,0.8429960012435913,0.5983046913154273,36.0
4278,4473,executive_order,2,0.5458455085754395,0.010275398054670832,0.0
4280,4485,executive_order,2,0.8262948393821716,0.5948090506456041,36.0
4281,4343,executive_order,2,0.5490427017211914,0.042732499785047624,0.0
4282,4321,executive_order,2,0.4534865468740463,0.017373723337198967,0.0
4283,4356,executive_order,2,0.8268402218818665,0.6369371881193043,36.666666666666664
4284,4318,executive_order,2,0.8356208801269531,0.6081197075551841,36.666666666666664
4285,4433,executive_order,2,0.8262103199958801,0.6202801378232451,36.666666666666664
4290,4337,executive_order,2,0.7459618449211121,0.5009402782885022,18.0
4291,4334,executive_order,2,0.674790620803833,0.12206392315997404,0.0
4293,4356,executive_order,2,0.8358319997787476,0.6342656204615333,37.0
4294,4492,executive_order,2,0.5137405544519424,0.018571317262880232,0.0
4295,4474,executive_order,2,0.4497554898262024,0.052988378777206996,0.0
4296,4331,executive_order,2,0.48973412811756134,0.027270680055830814,5.0
4297,4487,executive_order,2,0.49493324756622314,0.011348627147114597,0.0
4298,4318,executive_order,2,0.8421592712402344,0.6091807641417954,36.666666666666664
4299,4305,executive_order,2,0.5137151479721069,0.03351710733755397,0.0
430,923,executive_order,2,0.5796338021755219,0.025158789560511152,0.0
4301,4338,executive_order,2,0.48955003917217255,0.013993355638604286,0.0
4302,4308,executive_order,2,0.6448612809181213,0.29678420989069343,76.0
4303,4385,executive_order,2,0.8614955544471741,0.590751295960813,40.0
4305,4323,executive_order,2,0.5314954519271851,0.016069734249551,0.0
4306,4433,executive_order,2,0.8313734531402588,0.5891971130960189,35.666666666666664
4308,4501,executive_order,2,0.6742635369300842,0.1712076145559134,13.0
4309,4367,executive_order,2,0.8473773002624512,0.6058323110146581,36.333333333333336
4310,4433,executive_order,2,0.8205744028091431,0.5350918169747588,35.333333333333336
4314,4318,executive_order,2,0.8287171125411987,0.45662106662562785,31.333333333333332
4315,4360,executive_order,2,0.5602533221244812,0.019262659518028656,0.0
4316,4474,executive_order,2,0.542352557182312,0.16538925109011268,0.0
4317,4456,executive_order,2,0.8386708498001099,0.629131143913107,31.333333333333332
4318,4344,executive_order,2,0.8408665657043457,0.620254981445716,37.0
4321,4384,executive_order,2,0.48719531297683716,0.02109317878181383,0.0
4322,4384,executive_order,2,0.5307116508483887,0.011778754665877024,0.0
4324,4412,executive_order,2,0.5121655911207199,0.03298147816905369,0.0
4326,4457,executive_order,2,0.5335996150970459,0.012293953966218614,0.0
4328,4411,executive_order,2,0.43972814083099365,0.021652739406308602,0.0
4329,4402,executive_order,2,0.6674560904502869,0.24671214881011616,0.0
433,716,executive_order,2,0.46407127380371094,0.046951338995461465,11.0
4330,4340,executive_order,2,0.5885871052742004,0.0,0.0
4331,4377,executive_order,2,0.4237726777791977,0.03657278501341757,0.0
4332,4396,executive_order,2,0.8644824624061584,0.8618454856127998,91.0
4333,4426,executive_order,2,0.6179270148277283,0.2560838852733646,10.5
4334,4442,executive_order,2,0.5011038184165955,0.03319219575548846,0.0
4336,4349,executive_order,2,0.4419797658920288,0.010783322601839108,0.0
4337,4400,executive_order,2,0.703576922416687,0.33629724732040217,34.0
4339,4404,executive_order,2,0.4962422251701355,0.019017405867006024,0.0
434,649,executive_order,2,0.7949079871177673,0.7466887089163728,452.6666666666667
4340,4355,executive_order,2,0.6227453947067261,0.0,0.0
4342,4457,executive_order,2,0.568993091583252,0.0712224699508622,0.0
4343,4493,executive_order,2,0.6242502331733704,0.02935769844625509,0.0
4344,4433,executive_order,2,0.8451436161994934,0.6199110223502061,36.666666666666664
4345,4346,executive_order,2,0.4893617331981659,0.021965901775597402,0.0
4346,4465,executive_order,2,0.4985075145959854,0.007403526312025419,0.0
4347,4420,executive_order,2,0.39500369131565094,0.0031703943306838895,0.0
4348,4447,executive_order,2,0.5204541981220245,0.015565525274306574,0.0
4349,4447,executive_order,2,0.69386887550354,0.4319434250641851,41.0
435,1385,executive_order,2,0.4727185219526291,0.0170724468668342,0.0
4350,4402,executive_order,2,0.7028761506080627,0.23691744410168625,0.0
4351,4443,executive_order,2,0.5145009458065033,0.01495923429959268,0.0
4352,4356,executive_order,2,0.841344952583313,0.6062671346519668,35.666666666666664
4354,4428,executive_order,2,0.6251268982887268,0.030657368504202084,0.0
4355,4414,executive_order,2,0.5010324716567993,0.0,0.0
4356,4367,executive_order,2,0.838810920715332,0.6141453546805145,36.333333333333336
4357,4388,executive_order,2,0.45026084780693054,0.010737613258912078,0.0
4358,4421,executive_order,2,0.44922640919685364,0.10324068748746036,0.0
4360,4465,executive_order,2,0.5279577970504761,0.0653627920440687,0.0
4361,4443,executive_order,2,0.46563006937503815,0.016504642172869094,0.0
4362,4501,executive_order,2,0.598351001739502,0.03926599241035915,11.0
4364,4451,executive_order,2,0.4685802757740021,0.01974919498991502,0.0
4365,4429,executive_order,2,0.6849018335342407,0.029444485992300234,24.0
4366,4447,executive_order,2,0.4317827820777893,0.013447318351397092,0.0
4367,4478,executive_order,2,0.8551069498062134,0.6216341143079277,36.333333333333336
4368,4464,executive_order,2,0.4880087971687317,0.0,0.0
4369,4428,executive_order,2,0.5672692060470581,0.022709461681645518,0.0
4370,4388,executive_order,2,0.5265320837497711,0.013109343002927104,0.0
4371,4477,executive_order,2,0.4633100926876068,0.012580662676163902,0.0
4373,4478,executive_order,2,0.8277705311775208,0.5180160712285746,32.333333333333336
4374,4412,executive_order,2,0.5225250720977783,0.03503224134682882,0.0
4375,4478,executive_order,2,0.8261525630950928,0.5395133466614722,34.333333333333336
4376,4382,executive_order,2,0.6214603781700134,0.07033722959247056,10.0
4377,4399,executive_order,2,0.4799039363861084,0.013657753356913877,0.0
4378,4414,executive_order,2,0.4411868751049042,0.01247366995631183,0.0
4381,4447,executive_order,2,0.4309406876564026,0.0035916764892215515,0.0
4382,4429,executive_order,2,0.7069616913795471,0.04098313278620622,23.0
4383,4452,executive_order,2,0.5756188035011292,0.026537899177962107,0.0
4385,4433,executive_order,2,0.8289288282394409,0.5127023307618336,35.0
4386,4478,executive_order,2,0.8237332105636597,0.5876066084588596,36.0
4387,4458,executive_order,2,0.47848206758499146,0.026338131855649434,0.0
4388,4487,executive_order,2,0.49126091599464417,0.03823878098068209,0.0
4389,4473,executive_order,2,0.43359676003456116,0.002312069799277639,0.0
439,499,executive_order,2,0.4851699322462082,0.041087698139134106,11.666666666666666
4390,4481,executive_order,2,0.4487479031085968,0.012434344094358623,0.0
4391,4497,executive_order,2,0.8329077959060669,0.372012448759492,42.333333333333336
4392,4443,executive_order,2,0.497296467423439,0.029190626974943845,0.0
4395,4436,executive_order,2,0.4090857058763504,0.011322796206349642,0.0
4396,4442,executive_order,2,0.6329920887947083,0.03640831044651317,0.0
4398,4500,executive_order,2,0.5172238349914551,0.12713653628362875,0.0
4399,4451,executive_order,2,0.5178223848342896,0.006912186924697963,0.0
44,660,executive_order,2,0.694930911064148,0.5922331211411525,69.0
4400,4476,executive_order,2,0.5109600722789764,0.030856037829657405,0.0
4403,4474,executive_order,2,0.3559519350528717,0.011619089533861354,0.0
4404,4451,executive_order,2,0.4892147481441498,0.003712073412593735,0.0
4406,4501,executive_order,2,0.3912070691585541,0.005027587002906071,0.0
4407,4464,executive_order,2,0.5429090261459351,0.0,0.0
4408,4428,executive_order,2,0.4398847222328186,0.0059622344555762645,0.0
441,528,executive_order,2,0.45986634492874146,0.12840888542130932,51.666666666666664
4410,4447,executive_order,2,0.42302370071411133,0.0,0.0
4411,4417,executive_order,2,0.471569761633873,0.019615383818866374,0.0
4413,4451,executive_order,2,0.47344769537448883,0.007989495440728139,0.0
4414,4493,executive_order,2,0.47001661360263824,0.04019746220143218,0.0
4415,4478,executive_order,2,0.7266144156455994,0.328760359622468,34.666666666666664
4417,4473,executive_order,2,0.44797827303409576,0.014755000481621223,0.0
4418,4447,executive_order,2,0.43179458379745483,0.008675444459189099,0.0
442,490,executive_order,2,0.5059878826141357,0.08367745150125937,4.666666666666667
4420,4507,executive_order,2,0.4985474795103073,0.019784233964225715,0.0
4421,4443,executive_order,2,0.47671864926815033,0.005764889856784223,0.0
4423,4445,executive_order,2,0.5238785743713379,0.12209133352923247,16.0
4425,4470,executive_order,2,0.47162263095378876,0.024521973228799305,0.0
4426,4465,executive_order,2,0.46247315406799316,0.026753034215539807,0.0
4427,4433,executive_order,2,0.827562153339386,0.5908078442083909,36.333333333333336
4428,4494,executive_order,2,0.5774982571601868,0.054600653132666,5.0
4429,4487,executive_order,2,0.5554560422897339,0.00019045906625346238,0.0
4431,4498,executive_order,2,0.5567816197872162,0.022193925811404402,0.0
4433,4504,executive_order,2,0.8361892700195312,0.5700623557764668,35.666666666666664
4435,4505,executive_order,2,0.4948666840791702,0.02107496379044499,0.0
4436,4470,executive_order,2,0.4316990524530411,0.008315003688931932,0.0
4440,4449,executive_order,2,0.468923956155777,0.016778073943368357,0.0
4442,4498,executive_order,2,0.5271652340888977,0.0288542773881112,0.0
4443,4500,executive_order,2,0.432251438498497,0.026965818181757233,0.0
4444,4485,executive_order,2,0.4758736491203308,0.003194117099013087,0.0
4445,4464,executive_order,2,0.4772205501794815,0.02550361213672091,0.0
4446,4506,executive_order,2,0.43214619159698486,0.020394039500929394,0.0
4447,4465,executive_order,2,0.4414110779762268,0.004800790562568952,0.0
4449,4494,executive_order,2,0.575725257396698,0.011343551734290318,0.0
4452,4464,executive_order,2,0.6349819898605347,0.08292221845177544,3.3333333333333335
4453,4476,executive_order,2,0.5529032349586487,0.010778461815655088,0.0
4455,4463,executive_order,2,0.4636007845401764,0.014660035452607169,0.0
4457,4465,executive_order,2,0.4810810983181,0.005464246666381175,0.0
4458,4507,executive_order,2,0.4281313121318817,0.018224557919967896,0.0
4460,4492,executive_order,2,0.7643489241600037,0.4932772206361302,31.0
4463,4500,executive_order,2,0.4622066617012024,0.00991955078060604,0.0
4464,4473,executive_order,2,0.6038581132888794,0.008245700101172275,0.0
4465,4483,executive_order,2,0.4420003294944763,0.014741219834588636,0.0
4466,4491,executive_order,2,0.8463526964187622,0.593879471153266,30.333333333333332
4467,4478,executive_order,2,0.8124209642410278,0.5990014744551427,34.666666666666664
4468,4473,executive_order,2,0.44656994938850403,0.010858314234065023,0.0
4470,4488,executive_order,2,0.3739812970161438,0.032560046893195534,0.0
4472,4495,executive_order,2,0.43466895818710327,0.00396313777672857,0.0
4473,4476,executive_order,2,0.49499133229255676,0.012850657016723539,0.0
4474,4476,executive_order,2,0.44659869372844696,0.024813768705838866,0.0
4476,4494,executive_order,2,0.45549654960632324,0.008389322822397937,0.0
4477,4507,executive_order,2,0.3832886666059494,0.00399770375056139,0.0
4478,4489,executive_order,2,0.8130872249603271,0.5818805888833997,36.0
4479,4489,executive_order,2,0.8298155069351196,0.5221137266982064,35.0
448,816,executive_order,2,0.45481009781360626,0.035887199471842525,3.3333333333333335
4481,4496,executive_order,2,0.44167815148830414,0.024803755675326156,0.0
4482,4493,executive_order,2,0.4396809935569763,0.001276752487738826,0.0
4483,4495,executive_order,2,0.4346223920583725,0.02368427309278481,0.0
4485,4489,executive_order,2,0.8143662214279175,0.5647037862194095,34.333333333333336
4486,4492,executive_order,2,0.8527308106422424,0.6314237822798475,31.666666666666668
4487,4501,executive_order,2,0.407737135887146,0.0050388381759374976,0.0
4488,4505,executive_order,2,0.5293827056884766,0.015581661294459172,0.0
4489,4497,executive_order,2,0.8129230737686157,0.36109315921804974,35.0
4490,4494,executive_order,2,0.4020625352859497,0.006565523728821393,0.0
4491,4504,executive_order,2,0.5849716067314148,0.026686900693521743,0.0
4492,4497,executive_order,2,0.5550469160079956,0.023247509489067578,0.0
4493,4507,executive_order,2,0.43042372167110443,0.0067990768027620515,0.0
4494,4500,executive_order,2,0.43550150096416473,0.0023599209682412785,0.0
4495,4500,executive_order,2,0.4779168367385864,0.02275443488821579,0.0
4496,4500,executive_order,2,0.49327030777931213,0.0,0.0
4497,4507,executive_order,2,0.3625058978796005,0.002554453784689691,0.0
4498,4500,executive_order,2,0.5924851894378662,0.0,0.0
450,510,executive_order,2,0.39039111137390137,0.02485224477127601,0.0
4500,4504,executive_order,2,0.3404044210910797,0.0008551984440068085,0.0
4501,4505,executive_order,2,0.2930898666381836,0.0,0.0
4504,4506,executive_order,2,0.27613117545843124,0.002456311088893601,0.0
4505,4507,executive_order,2,0.3473307639360428,0.001002813901117859,0.0
4508,5409,letter,2,0.45056748390197754,0.002991803678480015,0.0
4509,6787,letter,2,0.38752126693725586,0.005131136552636739,0.0
451,3211,executive_order,2,0.4653484970331192,0.049215087535327044,4.333333333333333
4511,4568,letter,2,0.7029486298561096,0.32142934803401463,31.666666666666668
4517,5283,letter,2,0.8622675538063049,0.6959675493941364,40.0
4519,4551,letter,2,0.8243318796157837,0.4814219597761859,18.333333333333332
452,539,executive_order,2,0.4226835370063782,0.009390092011980829,0.0
4520,4549,letter,2,0.7327253818511963,0.8693470043702923,246.33333333333334
4521,4720,letter,2,0.8801974058151245,0.9999999999999998,25.0
4523,5761,letter,2,0.6403527855873108,0.07887475886566328,0.0
4524,4670,letter,2,0.8303942084312439,0.9384153866865083,35.0
4526,4669,letter,2,0.8709665536880493,0.8384424945086228,19.0
4527,4618,letter,2,0.8391995429992676,0.7665062380973893,20.0
4528,4582,letter,2,0.6400061845779419,0.21392682986481784,4.333333333333333
4529,4672,letter,2,0.8658290505409241,1.0,27.0
4530,4842,letter,2,0.8494113683700562,0.8445946534418994,32.0
4531,4624,letter,2,0.8735653162002563,1.0,27.0
4532,5369,letter,2,0.598716139793396,0.009510800261783907,0.0
4533,4554,letter,2,0.7971315383911133,0.527622905661317,18.333333333333332
4535,4625,letter,2,0.8887774348258972,1.0000000000000002,20.0
4536,4678,letter,2,0.8180892467498779,0.6996008971339238,17.333333333333332
4539,8186,letter,2,0.6118528544902802,0.13656577601068845,10.0
4540,4701,letter,2,0.7089271545410156,0.3027131139834929,19.0
4541,4861,letter,2,0.8765275478363037,0.8458773822924848,19.0
4544,4701,letter,2,0.7067549228668213,0.425332678537865,19.0
4545,4683,letter,2,0.863063633441925,0.6794251970765549,22.0
4546,4633,letter,2,0.8937922716140747,0.9999999999999996,23.0
4547,4932,letter,2,0.389744371175766,0.006112455276457108,0.0
4549,4594,letter,2,0.7187591791152954,0.8213718442629035,220.66666666666666
455,1253,executive_order,2,0.47380495071411133,0.039173816733562426,0.0
4551,4897,letter,2,0.8074082136154175,0.43753486204686126,17.333333333333332
4552,4763,letter,2,0.8819345235824585,1.0,24.0
4553,4762,letter,2,0.8682069182395935,1.0,21.0
4554,4913,letter,2,0.8043041229248047,0.5242379949265347,17.333333333333332
4555,4725,letter,2,0.7703896164894104,0.545087753282675,15.0
4556,4946,letter,2,0.5768493115901947,0.22945186044256194,15.666666666666666
4557,4812,letter,2,0.8661290407180786,1.0000000000000002,20.0
4559,4566,letter,2,0.8453062176704407,0.8859814314645872,57.666666666666664
4560,4656,letter,2,0.8802170753479004,1.0,20.0
4561,4818,letter,2,0.8459845781326294,0.9075936436381369,42.0
4562,4566,letter,2,0.8466333746910095,0.7771519258697545,47.666666666666664
4563,4575,letter,2,0.8162997364997864,0.6982469927127916,43.666666666666664
4565,4577,letter,2,0.8297088146209717,0.7511714345096371,43.666666666666664
4566,4582,letter,2,0.8227870464324951,0.776961806925412,43.666666666666664
4567,4575,letter,2,0.7618391513824463,0.5643314633779237,32.0
4568,4577,letter,2,0.8342454433441162,0.920213331031503,56.0
4569,4851,letter,2,0.7301400899887085,0.16765748064335292,55.0
457,510,executive_order,2,0.5391240119934082,0.08339895660719543,0.0
4571,4832,letter,2,0.8515876531600952,0.908216325596084,24.0
4572,4594,letter,2,0.7424197196960449,0.8340878193417437,269.6666666666667
4575,4582,letter,2,0.8310339450836182,0.9038200481415072,55.666666666666664
4576,4776,letter,2,0.8801974058151245,0.9999999999999998,25.0
4577,4578,letter,2,0.8431065678596497,0.9712206105209135,54.666666666666664
4578,4601,letter,2,0.8259662985801697,0.879642574536848,52.666666666666664
4579,4841,letter,2,0.8391995429992676,0.7665062380973893,20.0
4580,5004,letter,2,0.7082563638687134,0.11784754831690245,75.0
4581,4839,letter,2,0.7341234683990479,0.3255245512109698,29.0
4582,4630,letter,2,0.8113730549812317,0.7906264381691237,51.666666666666664
4583,4673,letter,2,0.8735653162002563,1.0,27.0
4584,4955,letter,2,0.8439527153968811,0.7358566749480475,17.0
4585,4677,letter,2,0.8226025104522705,1.0000000000000004,33.0
4586,4942,letter,2,0.7420608997344971,0.8484040937597693,19.0
4587,4735,letter,2,0.8372820615768433,0.9316427465579642,29.0
4588,4629,letter,2,0.8197686076164246,0.662194292353337,26.333333333333332
4590,4687,letter,2,0.636705070734024,0.0784588279888732,7.666666666666667
4591,4723,letter,2,0.7286790013313293,0.74897237732034,21.0
4593,6601,letter,2,0.5286484807729721,0.004536507491873997,0.0
4594,4689,letter,2,0.7209032475948334,0.9061649480652263,230.33333333333334
4596,4694,letter,2,0.8483216762542725,0.8256279840203438,100.0
4597,4981,letter,2,0.5579469501972198,0.13442229875989586,21.666666666666668
4598,4988,letter,2,0.7257884740829468,0.3495999109217558,10.333333333333334
4599,4760,letter,2,0.8910802602767944,1.0000000000000002,20.0
46,802,executive_order,2,0.6422349214553833,0.5085757252585897,43.0
460,808,executive_order,2,0.6322555840015411,0.5595490051335642,58.666666666666664
4600,4692,letter,2,0.7269001603126526,0.5894295138017184,19.0
4601,4685,letter,2,0.8139412999153137,0.8499101978303106,59.0
4603,6094,letter,2,0.42918485403060913,0.004043106772048188,0.0
4604,5126,letter,2,0.8043981790542603,0.7405686336241902,25.0
4606,4710,letter,2,0.8802170753479004,1.0,20.0
4608,4942,letter,2,0.6222807168960571,0.3411643149534086,16.0
4609,4699,letter,2,0.7196903824806213,0.8682392845865642,19.0
461,798,executive_order,2,0.5587524175643921,0.17993552433325744,24.0
4610,4942,letter,2,0.7058154940605164,0.4619946752077656,19.0
4611,4663,letter,2,0.7489562630653381,0.8684130604937454,232.66666666666666
4614,4634,letter,2,0.6879913806915283,0.3646048746682699,16.0
4615,4724,letter,2,0.8709665536880493,0.8384424945086228,19.0
4618,4942,letter,2,0.854609489440918,0.7368635488791231,16.0
4619,4873,letter,2,0.6186923980712891,0.18358347530137395,0.0
462,3844,executive_order,2,0.549062192440033,0.2941725225765361,54.666666666666664
4620,5079,letter,2,0.5375040471553802,0.08477493728418706,16.666666666666668
4622,4943,letter,2,0.8494113683700562,0.8445946534418994,32.0
4623,4732,letter,2,0.8658290505409241,1.0,27.0
4624,4733,letter,2,0.8735653162002563,1.0,27.0
4625,5021,letter,2,0.7420608997344971,0.8484040937597693,19.0
4627,4701,letter,2,0.6840614080429077,0.40331855762898755,19.0
4629,4784,letter,2,0.768291711807251,0.5238988654692024,12.666666666666666
463,996,executive_order,2,0.49164821207523346,0.35188567109739033,6.333333333333333
4630,4707,letter,2,0.7232463955879211,0.5126924410051629,26.333333333333332
4631,5228,letter,2,0.7274515628814697,0.6757137205976309,114.0
4633,4939,letter,2,0.7286790013313293,0.74897237732034,21.0
4634,4643,letter,2,0.6878154873847961,0.7131714202678986,19.0
4638,4834,letter,2,0.8556458950042725,0.7336624465893528,503.0
4642,4764,letter,2,0.4638308733701706,0.00525226442632213,0.0
4643,4864,letter,2,0.8805786371231079,0.8443922221545274,19.0
4644,4753,letter,2,0.8174529671669006,0.5999128054380785,81.0
4645,4750,letter,2,0.8588794469833374,0.9999999999999999,23.0
4646,4999,letter,2,0.8774604797363281,0.8716283591550065,22.0
4647,5365,letter,2,0.55082106590271,0.020128863264126443,0.0
4649,5060,letter,2,0.6313930451869965,0.0525443940161927,0.0
465,770,executive_order,2,0.5096988081932068,0.07406985969345985,3.6666666666666665
4650,4706,letter,2,0.7117111682891846,0.5914051348297477,19.0
4652,5014,letter,2,0.6812080144882202,0.1314910015293592,80.0
4656,4789,letter,2,0.8021563291549683,0.7185457295906903,18.0
4657,5059,letter,2,0.6641407608985901,0.21041181296333478,66.5
4659,5059,letter,2,0.5954160690307617,0.05718566387819523,7.333333333333333
4661,4942,letter,2,0.673173189163208,0.647961579373603,19.0
4662,4809,letter,2,0.5694107413291931,0.11055931633586431,3.3333333333333335
4663,4749,letter,2,0.6882540881633759,0.43453848343062423,220.0
4664,5549,letter,2,0.8587279319763184,0.6037455797456873,29.333333333333332
4665,5549,letter,2,0.8587279319763184,0.6037455797456873,29.333333333333332
4666,5549,letter,2,0.7173649668693542,0.29565344132605,0.0
4667,5549,letter,2,0.7173649668693542,0.29565344132605,0.0
4669,4837,letter,2,0.8646262288093567,0.9999999999999998,22.0
467,2505,executive_order,2,0.47131791710853577,0.0449102093463169,0.0
4670,4706,letter,2,0.6361083984375,0.4060735927849933,16.0
4672,4844,letter,2,0.8658290505409241,1.0,27.0
4673,4942,letter,2,0.7634972333908081,0.6523319707034433,19.0
4674,5547,letter,2,0.6096228957176208,0.09350982021528077,23.0
4675,4950,letter,2,0.8215929269790649,0.9114745058774127,30.0
4676,5032,letter,2,0.8528420329093933,0.7333950466886348,17.0
4677,4930,letter,2,0.6671336889266968,0.4997482132998842,19.0
4678,4900,letter,2,0.7564272880554199,0.455485947869001,18.0
4679,5059,letter,2,0.6152569651603699,0.19893954296311897,41.333333333333336
4680,5059,letter,2,0.6839625239372253,0.13484696571190305,34.0
4683,4792,letter,2,0.79109126329422,0.40484172487043174,15.0
4684,4939,letter,2,0.6820364594459534,0.7015591665472515,21.0
4685,4945,letter,2,0.62015101313591,0.19804014475142315,11.0
4687,4740,letter,2,0.5909309089183807,0.11031102203083688,14.0
4688,5060,letter,2,0.6284346580505371,0.12160864773656145,39.666666666666664
4689,4801,letter,2,0.7027470767498016,0.29540540434124074,187.0
4690,4907,letter,2,0.4561864137649536,0.016489455621739885,0.0
4691,5115,letter,2,0.7890881896018982,0.4854329940463811,19.0
4692,4812,letter,2,0.7497580051422119,0.8502748324104515,19.0
4693,5060,letter,2,0.6086851358413696,0.11939121899326598,7.333333333333333
4694,4910,letter,2,0.7985929846763611,0.40867823308794016,39.0
4695,4724,letter,2,0.8013728260993958,0.6283588357081398,18.0
4698,5547,letter,2,0.6154390871524811,0.08480503029644859,9.666666666666666
4699,4872,letter,2,0.8910802602767944,1.0000000000000002,20.0
47,924,executive_order,2,0.4994051158428192,0.028653285333300364,0.0
4700,4875,letter,2,0.868724524974823,0.8584319067304391,20.0
4701,4971,letter,2,0.8819345235824585,1.0,24.0
4702,5008,letter,2,0.8105974197387695,0.7572385236628169,30.0
4704,4926,letter,2,0.7393783330917358,0.5534485987478031,12.0
4705,4973,letter,2,0.8811832666397095,0.8734334808636904,22.0
4706,4882,letter,2,0.8661290407180786,1.0000000000000002,20.0
4707,4917,letter,2,0.5909628868103027,0.1244797399557422,11.0
4708,4971,letter,2,0.7217645645141602,0.47627393659234046,16.0
4709,4923,letter,2,0.8493053913116455,0.8024956873867164,39.0
471,481,executive_order,2,0.5883246958255768,0.026563806819877172,3.3333333333333335
4710,4861,letter,2,0.8021563291549683,0.7185457295906903,18.0
4711,6110,letter,2,0.6182687282562256,0.03872512295075366,0.0
4712,4981,letter,2,0.7022418081760406,0.27318634931699615,170.5
4715,5004,letter,2,0.6222148537635803,0.06986405927543256,34.0
4717,4933,letter,2,0.4874119162559509,0.042493680545677336,22.0
4719,5063,letter,2,0.8214709758758545,0.5434356917161102,19.0
4720,4875,letter,2,0.7303539514541626,0.7653048052980164,21.0
4721,5014,letter,2,0.5666969418525696,0.08816982999195754,69.0
4723,4842,letter,2,0.748478353023529,0.6884604572002452,24.0
4724,4941,letter,2,0.8646262288093567,0.9999999999999998,22.0
4725,4988,letter,2,0.6989859938621521,0.3445299389937167,11.0
4726,4888,letter,2,0.6766422688961029,0.32024933387729965,5.666666666666667
473,507,executive_order,2,0.4627166986465454,0.06434256340447725,0.0
4732,4893,letter,2,0.8658290505409241,1.0,27.0
4733,5021,letter,2,0.7634972333908081,0.6523319707034433,19.0
4735,4852,letter,2,0.7622846364974976,0.7668278372244074,24.0
4736,5241,letter,2,0.7942154407501221,0.20411224832303007,11.0
4739,5004,letter,2,0.6129025816917419,0.08158777961457825,42.0
4740,5079,letter,2,0.5473828315734863,0.10041796263010769,31.0
4741,5010,letter,2,0.5899550020694733,0.18840556659319413,83.5
4742,7559,letter,2,0.43762528896331787,0.002048639956745382,0.0
4744,5115,letter,2,0.8064020872116089,0.4356161877055606,12.0
4746,4776,letter,2,0.7298630475997925,0.7557423356913785,21.0
4747,4882,letter,2,0.7145043611526489,0.5716322836399934,19.0
4748,5010,letter,2,0.6083400845527649,0.16217094122257253,53.5
4749,4834,letter,2,0.7588592767715454,0.26913824953890536,192.66666666666666
4750,4837,letter,2,0.8013728260993958,0.6283588357081398,18.0
4753,4967,letter,2,0.8205086588859558,0.5729974540405456,83.0
4755,4912,letter,2,0.8805786371231079,0.8443922221545274,19.0
4756,5079,letter,2,0.6348138451576233,0.08238221358994631,45.0
4757,5023,letter,2,0.7126765251159668,0.2273653651206292,12.0
4758,4768,letter,2,0.7983297109603882,0.44836824226714184,16.666666666666668
4760,4942,letter,2,0.7949062585830688,0.8676666362523808,19.0
4762,4970,letter,2,0.868724524974823,0.8584319067304391,20.0
4763,4874,letter,2,0.8749221563339233,0.8812926309750526,16.0
4764,4786,letter,2,0.44114381074905396,0.0071008993854492315,0.0
4765,4887,letter,2,0.7768350839614868,0.4486748812191313,13.333333333333334
4766,5409,letter,2,0.6298418045043945,0.036582924527281194,0.0
4768,5015,letter,2,0.7721541523933411,0.44138481412286473,13.333333333333334
4769,8530,letter,2,0.5635522603988647,0.013538589888306066,0.0
4770,4925,letter,2,0.8839414119720459,0.7067043113098098,12.0
4772,4897,letter,2,0.811375617980957,0.4412250848307376,13.666666666666666
4773,5091,letter,2,0.8190661668777466,0.5040393563005734,18.333333333333332
4776,4939,letter,2,0.6973491907119751,0.8893907289491599,24.0
4778,5681,letter,2,0.5965275466442108,0.04284551189764841,0.0
478,606,executive_order,2,0.5184403955936432,0.0202499874582773,7.0
4780,4851,letter,2,0.6818891167640686,0.09169886309625805,52.0
4781,5063,letter,2,0.8248492479324341,0.5041423366434653,15.666666666666666
4782,4934,letter,2,0.7787322402000427,0.32909545921110733,10.666666666666666
4784,5034,letter,2,0.7333313822746277,0.43132837252699074,16.0
4786,6904,letter,2,0.5085637271404266,0.0048039521846464355,0.0
4787,5079,letter,2,0.5680316388607025,0.10494445029478244,16.5
4789,4903,letter,2,0.8713908195495605,1.0,22.0
479,654,executive_order,2,0.44141368567943573,0.017277254874027557,5.5
4790,5055,letter,2,0.6087976694107056,0.05599290593898857,65.0
4792,5081,letter,2,0.8590712547302246,0.8841678589463362,21.0
4798,4887,letter,2,0.7923327684402466,0.4553903541988271,13.333333333333334
480,654,executive_order,2,0.49033844470977783,0.010525543759382328,0.0
4801,4862,letter,2,0.9015481472015381,0.8654129453148732,697.0
4803,4891,letter,2,0.8309321403503418,0.45211701229412427,11.333333333333334
4804,4869,letter,2,0.45550721883773804,0.010162182273427871,0.0
4809,4895,letter,2,0.6626486778259277,0.19046295432198693,8.666666666666666
481,2117,executive_order,2,0.4382581114768982,0.005600726806175509,0.0
4812,4930,letter,2,0.8661290407180786,1.0000000000000002,20.0
4813,5523,letter,2,0.7303425073623657,0.441263476369011,16.0
4815,5248,letter,2,0.6462855637073517,0.015334601609929702,0.0
4817,5011,letter,2,0.8798285126686096,0.7901276075836932,12.0
4818,4883,letter,2,0.8277440071105957,0.7718491838912375,42.0
482,654,executive_order,2,0.46961577236652374,0.009945408307499026,0.0
4820,4848,letter,2,0.7742207050323486,0.3480849040882374,10.666666666666666
4821,5133,letter,2,0.8170230388641357,0.5336272489114396,18.333333333333332
483,725,executive_order,2,0.7099491357803345,0.9348408681416528,142.66666666666666
4832,5021,letter,2,0.6631416082382202,0.5587610752039955,18.0
4834,4907,letter,2,0.8811618089675903,0.4129868570315151,260.0
4837,4984,letter,2,0.8646262288093567,0.9999999999999998,22.0
4839,4986,letter,2,0.599459320306778,0.11538755259050315,0.0
4841,5021,letter,2,0.854609489440918,0.7368635488791231,16.0
4842,5022,letter,2,0.857465922832489,1.0,34.0
4844,4944,letter,2,0.8658290505409241,1.0,27.0
4847,4913,letter,2,0.6773111820220947,0.3068761620983485,10.666666666666666
4848,4887,letter,2,0.7163469195365906,0.30751769017284136,13.333333333333334
4849,4877,letter,2,0.790443480014801,0.4667133444474935,19.0
4850,5016,letter,2,0.7876924872398376,0.457320400235173,15.0
4851,5014,letter,2,0.5924752950668335,0.15275446223386577,69.0
4852,4950,letter,2,0.784317135810852,0.8442416536410231,30.0
4853,5295,letter,2,0.7935084104537964,0.20411224832303007,11.0
4854,6471,letter,2,0.6862215995788574,0.005430275673039993,0.0
4855,4991,letter,2,0.7657968401908875,0.4953153909662508,16.0
4859,5106,letter,2,0.6826547384262085,0.12458723251414278,54.666666666666664
486,621,executive_order,2,0.49676188826560974,0.02126613701953478,0.0
4861,5080,letter,2,0.8713908195495605,1.0,22.0
4862,4997,letter,2,0.8138399124145508,0.19507954084657803,126.0
4864,5056,letter,2,0.8743804097175598,1.0,22.0
4869,5036,letter,2,0.5741087198257446,0.15619464247934478,43.0
487,857,executive_order,2,0.5643739998340607,0.020379001307354084,0.0
4872,5021,letter,2,0.7949062585830688,0.8676666362523808,19.0
4873,6368,letter,2,0.552497386932373,0.017433194870877973,0.0
4874,4959,letter,2,0.6896907091140747,0.5627148444842935,16.0
4875,4942,letter,2,0.8494662642478943,0.6869536021569963,18.0
4876,5015,letter,2,0.7358783483505249,0.3066727982878199,10.666666666666666
4877,5016,letter,2,0.8318614363670349,0.5794732708119431,21.0
4879,5126,letter,2,0.8318958282470703,0.8201184301661619,26.0
4880,5102,letter,2,0.7789916396141052,0.2892299883650515,0.0
4882,4942,letter,2,0.7076009511947632,0.8632812112819828,19.0
4883,4966,letter,2,0.6367615461349487,0.17972921248020032,13.0
4884,5762,letter,2,0.6399733424186707,0.014028432888703568,0.0
4887,4934,letter,2,0.8160895705223083,0.5290258234277673,16.0
4888,6238,letter,2,0.6045252680778503,0.040708580641984966,0.0
489,1374,executive_order,2,0.47515858709812164,0.030246516384729822,3.3333333333333335
4891,4913,letter,2,0.8175184726715088,0.45789131629622926,14.0
4893,4987,letter,2,0.8658290505409241,1.0,27.0
4895,5143,letter,2,0.5764540731906891,0.21802814444753502,123.0
4896,4955,letter,2,0.763269305229187,0.23315197390328155,12.0
4897,4934,letter,2,0.813489556312561,0.4889743318082125,14.0
4898,4935,letter,2,0.8303982019424438,0.5346080456438754,20.0
4899,5035,letter,2,0.7669212818145752,0.5365436876835746,16.0
490,523,executive_order,2,0.5061230212450027,0.047928230957912134,3.3333333333333335
4900,5034,letter,2,0.7982967495918274,0.6843247485075699,19.0
4901,5010,letter,2,0.7019650936126709,0.11868014267496543,54.0
4903,4958,letter,2,0.8693903088569641,0.781773242011301,17.0
4907,5360,letter,2,0.7199070453643799,0.07307373986644061,47.0
4909,7198,letter,2,0.5476068258285522,0.0,0.0
491,725,executive_order,2,0.7536566257476807,0.9348408681416528,136.33333333333334
4910,5000,letter,2,0.8275436162948608,0.8261129654845508,106.0
4912,5088,letter,2,0.8743804097175598,1.0,22.0
4913,4947,letter,2,0.7715103626251221,0.5116128040111229,17.0
4917,5825,letter,2,0.541597306728363,0.20827058946126137,22.0
492,552,executive_order,2,0.4812663197517395,0.07649198303600997,20.0
4923,4999,letter,2,0.6422351598739624,0.2040075486258013,13.0
4924,5062,letter,2,0.8295812606811523,0.8579321720346816,33.0
4925,5061,letter,2,0.8499059081077576,0.8944179453126541,17.0
4926,5523,letter,2,0.7554115056991577,0.3772683957667513,12.0
4928,5374,letter,2,0.5336547046899796,0.07596853866718857,9.333333333333334
4929,4939,letter,2,0.7018024921417236,0.8839653976969892,24.0
4930,5021,letter,2,0.7076009511947632,0.8632812112819828,19.0
4931,5008,letter,2,0.8294774293899536,0.8338188625755079,30.0
4932,6562,letter,2,0.3782395273447037,0.009930690403199627,0.0
4933,5143,letter,2,0.6245886087417603,0.30591379983885847,133.0
4934,5095,letter,2,0.788615882396698,0.42393407985792203,11.666666666666666
4935,4948,letter,2,0.8022812604904175,0.485986628601047,19.333333333333332
4939,4943,letter,2,0.748478353023529,0.6884604572002452,24.0
494,1789,executive_order,2,0.4370827376842499,0.04125745526277246,3.3333333333333335
4941,5056,letter,2,0.7221685647964478,0.8919777967886393,21.0
4942,4970,letter,2,0.8207736015319824,0.6869536021569963,18.0
4943,5071,letter,2,0.857465922832489,1.0,34.0
4944,5024,letter,2,0.8658290505409241,1.0,27.0
4945,5887,letter,2,0.6192475855350494,0.38066961714673875,7.333333333333333
4946,4998,letter,2,0.6200320720672607,0.22851359050735254,18.333333333333332
4947,5091,letter,2,0.7198746204376221,0.43109670601501665,12.333333333333334
4948,5028,letter,2,0.7996634244918823,0.5051900958895638,19.666666666666668
4950,5088,letter,2,0.7056726217269897,0.611387013563949,21.0
4952,5007,letter,2,0.5265022069215775,0.026694777083143773,0.0
4953,5034,letter,2,0.7815406918525696,0.6871410804610227,22.333333333333332
4954,5035,letter,2,0.7731703519821167,0.5437174172926934,16.0
4955,5170,letter,2,0.8320505023002625,0.7383265656217137,17.0
4958,5011,letter,2,0.7850992679595947,0.4256677524330059,12.0
4959,5081,letter,2,0.861413836479187,0.7102817247186117,19.0
496,501,executive_order,2,0.6692035794258118,0.26865973342428556,27.0
4960,7202,letter,2,0.370394229888916,0.01044456134152755,0.0
4964,5043,letter,2,0.8346318006515503,0.8064070906191818,83.0
4966,4970,letter,2,0.7227591276168823,0.7657594279408018,21.0
4967,5147,letter,2,0.7839447855949402,0.5617151007332482,77.0
4969,5102,letter,2,0.7869876623153687,0.4191163199607877,12.0
4970,5056,letter,2,0.716982901096344,0.838403791757545,21.0
4971,5041,letter,2,0.6986725330352783,0.601228687817954,19.0
4973,5088,letter,2,0.723441481590271,0.7951712153127384,21.0
4976,5096,letter,2,0.8295812606811523,0.8579321720346816,33.0
4977,5143,letter,2,0.5191636085510254,0.09093708501205097,55.5
4979,5095,letter,2,0.648207426071167,0.23121976026636556,9.0
4981,5060,letter,2,0.6686978340148926,0.35047337728893924,98.0
4984,5088,letter,2,0.7221685647964478,0.8919777967886393,21.0
4986,6626,letter,2,0.4788794368505478,0.014623983293515367,0.0
4987,4999,letter,2,0.646820068359375,0.6495346916882472,21.0
4988,5031,letter,2,0.5697275698184967,0.21993766643059662,21.0
499,953,executive_order,2,0.5686980485916138,0.33794422116134587,36.0
4990,5077,letter,2,0.7365670204162598,0.41321153320314236,11.666666666666666
4991,5076,letter,2,0.7710664868354797,0.664922738935669,20.333333333333332
4995,5260,letter,2,0.6498472690582275,0.1478488146908541,16.0
4996,5022,letter,2,0.7063874006271362,0.4468176959166334,15.0
4997,5360,letter,2,0.7199510335922241,0.12318147458324206,47.0
4998,5374,letter,2,0.5976139008998871,0.16818392284085817,8.666666666666666
4999,5088,letter,2,0.6898835897445679,0.8005268365679556,21.0
5,6,memorandum,2,0.46199172735214233,0.16362617704188295,15.666666666666666
50,474,executive_order,2,0.4196110665798187,0.04073152235048511,0.0
500,1437,executive_order,2,0.6233625411987305,0.15505863700580214,10.5
5000,5343,letter,2,0.7022775411605835,0.18740260660777425,17.0
5002,5145,letter,2,0.7321868538856506,0.5608543485796083,18.0
5004,5014,letter,2,0.6305779218673706,0.2558324144698626,227.0
5006,7944,letter,2,0.6466989517211914,0.009083125074814572,0.0
5007,7944,letter,2,0.6466989517211914,0.009083125074814572,0.0
5008,5229,letter,2,0.7565865516662598,0.32388376707398014,16.0
501,512,executive_order,2,0.6462807059288025,0.2705516984860383,22.333333333333332
5010,5014,letter,2,0.62407386302948,0.3159427017479594,252.0
5011,5127,letter,2,0.8785672187805176,1.0,17.0
5013,5059,letter,2,0.654255211353302,0.20980521150293915,85.66666666666667
5014,5060,letter,2,0.7075099945068359,0.2662560233984739,113.0
5015,5091,letter,2,0.7177278995513916,0.4048709112985167,7.333333333333333
5016,5063,letter,2,0.8108340501785278,0.49438210148136214,16.333333333333332
5018,5176,letter,2,0.5405895709991455,0.11994725058977268,17.0
5021,5056,letter,2,0.7229424715042114,0.7181430276118194,18.0
5022,5056,letter,2,0.6781929731369019,0.6193047147240693,21.0
5023,5404,letter,2,0.5800162553787231,0.024532131687676886,0.0
5024,5081,letter,2,0.704352855682373,0.5028377276760397,18.0
5027,5036,letter,2,0.6426327228546143,0.2036552095770508,56.0
5028,5133,letter,2,0.7956634163856506,0.4422540037558195,15.666666666666666
503,507,executive_order,2,0.5646864175796509,0.058127859511226725,0.0
5031,5865,letter,2,0.704635888338089,0.09989265227014882,9.0
5032,5295,letter,2,0.8224851489067078,0.7333950466886348,17.0
5034,5110,letter,2,0.7375670671463013,0.42728946785932814,15.666666666666666
5035,5076,letter,2,0.606685996055603,0.2744031027067511,4.0
5036,5865,letter,2,0.6403882205486298,0.09299028912598742,9.0
5039,5072,letter,2,0.609081506729126,0.20226576607810878,7.333333333333333
5041,5071,letter,2,0.6876029968261719,0.4378940139732082,18.0
5043,5154,letter,2,0.7750114500522614,0.475819716560825,32.0
505,1053,executive_order,2,0.4756040424108505,0.060220358592118134,3.3333333333333335
5051,5356,letter,2,0.6300843358039856,0.18623159715170856,41.666666666666664
5053,5088,letter,2,0.7376430034637451,0.40890608734683653,12.0
5054,5145,letter,2,0.812391996383667,0.5989474769246129,19.0
5055,5060,letter,2,0.61066934466362,0.18068940470700118,132.0
5056,5080,letter,2,0.7263915538787842,0.8725426535653569,21.0
5059,5121,letter,2,0.668104350566864,0.19817511381499378,73.33333333333333
5060,5152,letter,2,0.6516969799995422,0.3139693591683717,64.33333333333333
5061,5080,letter,2,0.8103103637695312,0.48687005727579347,12.0
5062,5130,letter,2,0.840516209602356,0.9585617480568283,41.0
5063,5072,letter,2,0.8167949318885803,0.5235164183535251,17.666666666666668
5064,6259,letter,2,0.5816770792007446,0.008085636003592682,0.0
5071,5089,letter,2,0.6607718467712402,0.481846527292766,15.0
5072,5091,letter,2,0.8260879516601562,0.4961021125530907,15.333333333333334
5074,7877,letter,2,0.5337316989898682,0.0,0.0
5076,5264,letter,2,0.6007434725761414,0.08220593345139861,8.333333333333334
5077,5110,letter,2,0.5405442714691162,0.08599444745089631,4.0
5079,5146,letter,2,0.6047726273536682,0.21866516160987565,62.5
508,890,executive_order,2,0.6235427260398865,0.12155338412741451,22.0
5080,5127,letter,2,0.7771665453910828,0.48687005727579347,12.0
5081,5163,letter,2,0.6376153230667114,0.32570832876577827,14.0
5083,5523,letter,2,0.6835694313049316,0.34637757276116177,15.0
5088,5104,letter,2,0.6744628548622131,0.3582897205157061,15.0
5089,5104,letter,2,0.670712947845459,0.3845368307084512,15.0
5091,5107,letter,2,0.798149585723877,0.37746179523281503,11.0
5093,5825,letter,2,0.5502455830574036,0.1824982648287648,11.0
5095,5133,letter,2,0.69698566198349,0.3631355877836105,7.333333333333333
5096,5260,letter,2,0.8430938720703125,0.9067879430302122,41.0
5097,5222,letter,2,0.8805992603302002,0.9103423769092874,68.0
5101,5161,letter,2,0.861148476600647,0.9167412130693873,27.0
5102,5362,letter,2,0.8555459380149841,0.86553157606887,23.0
5104,5234,letter,2,0.8370022177696228,1.0,37.0
5105,5292,letter,2,0.8938827514648438,1.0000000000000004,59.0
5106,5143,letter,2,0.5677450895309448,0.17128566901251946,129.0
5107,5548,letter,2,0.6192786395549774,0.11374551622322515,0.0
5108,6428,letter,2,0.5126504302024841,0.053569918969205294,0.0
511,1662,executive_order,2,0.5148265063762665,0.06151741021305884,3.3333333333333335
5110,5264,letter,2,0.6237710118293762,0.058317640549410625,4.666666666666667
5112,5210,letter,2,0.8756160736083984,0.9085326994482682,68.0
5113,5171,letter,2,0.5769956707954407,0.07523214864097796,42.666666666666664
5115,5231,letter,2,0.746083676815033,0.4843602623014772,16.0
5117,5234,letter,2,0.7942588925361633,0.6518656677714779,26.0
512,3288,executive_order,2,0.523631364107132,0.03443391191925727,0.0
5120,5143,letter,2,0.5986013412475586,0.1309334331044931,69.0
5121,5146,letter,2,0.650159478187561,0.17981592890914466,61.333333333333336
5123,5234,letter,2,0.7456780672073364,0.5800731887290299,25.0
5124,5315,letter,2,0.7378393411636353,0.5290037159454343,35.5
5126,5231,letter,2,0.7359405755996704,0.4861653495328515,16.0
5127,5505,letter,2,0.780895471572876,0.37655496656733833,12.0
5130,5317,letter,2,0.8505357503890991,0.9484875367922796,44.0
5132,5604,letter,2,0.5507429838180542,0.0,0.0
5133,5507,letter,2,0.5666020512580872,0.21343336789131717,5.666666666666667
5139,5210,letter,2,0.8723493814468384,0.9106707242818032,68.0
514,675,executive_order,2,0.5327491462230682,0.08836832243818728,31.333333333333332
5143,5152,letter,2,0.6161506772041321,0.20605266409559567,70.0
5144,5536,letter,2,0.5675444006919861,0.06560756880256374,12.0
5145,5505,letter,2,0.7236547470092773,0.3667936997398545,12.0
5146,5171,letter,2,0.5690711140632629,0.18867825325538237,99.0
5147,5523,letter,2,0.6820648908615112,0.16721998740027078,12.0
515,650,executive_order,2,0.49812544882297516,0.0696534592512471,0.0
5152,5460,letter,2,0.5885634422302246,0.11500655976744044,11.666666666666666
5154,5584,letter,2,0.7694774866104126,0.596525828168266,35.0
5157,5222,letter,2,0.872684121131897,0.9124846604066607,68.0
5158,6904,letter,2,0.4932664781808853,0.001911341228458208,0.0
5161,5229,letter,2,0.8723379373550415,0.9167412130693873,27.0
5163,5362,letter,2,0.855028510093689,0.8245278756321334,22.0
5165,5258,letter,2,0.7233534455299377,0.5992639932062713,25.0
5167,5579,letter,2,0.7460952997207642,0.24968488499129202,24.0
5170,5295,letter,2,0.8323524594306946,0.7358566749480475,17.0
5171,5374,letter,2,0.5570255517959595,0.0909004988393093,34.0
5174,5210,letter,2,0.8753200769424438,0.9106707242818032,68.0
5176,5178,letter,2,0.8773709535598755,0.5159235068738612,22.0
5177,5443,letter,2,0.5505567193031311,0.23687295176526244,22.0
5178,5308,letter,2,0.8184665441513062,0.39346534440517267,0.0
5185,5369,letter,2,0.6377044916152954,0.061399565633602736,22.0
5190,5413,letter,2,0.8193031549453735,0.4528482188285866,17.0
5191,5829,letter,2,0.5363911390304565,0.01011675903497563,0.0
52,251,executive_order,2,0.5308741331100464,0.031169730045614435,0.0
520,650,executive_order,2,0.4830363690853119,0.06066871307113445,0.0
5200,5283,letter,2,0.8770720958709717,0.9124846604066607,68.0
5202,5264,letter,2,0.795351505279541,0.2997843382600139,66.33333333333333
5203,5536,letter,2,0.6294755339622498,0.2710593830164187,16.0
5204,5564,letter,2,0.6253868937492371,0.005642794966571729,0.0
5205,5286,letter,2,0.7670084536075592,0.3616824884465983,75.0
5209,5369,letter,2,0.5456064939498901,0.00555015211316005,0.0
521,735,executive_order,2,0.5929439961910248,0.14383812545287786,0.0
5210,5301,letter,2,0.8747274875640869,0.9085326994482682,68.0
5216,8231,letter,2,0.49183857440948486,0.008222710976194626,0.0
5222,5283,letter,2,0.8727124929428101,0.9143022096533379,68.0
5223,5455,letter,2,0.5527191162109375,0.05658199652046277,0.0
5227,5479,letter,2,0.6201479434967041,0.016634958364438856,0.0
5228,5479,letter,2,0.6283467710018158,0.016586489667388654,0.0
5229,5260,letter,2,0.5507192015647888,0.24331776335895874,16.0
523,3184,executive_order,2,0.6175586581230164,0.12200690171811912,0.0
5231,5523,letter,2,0.8521708250045776,0.9444901500572522,31.0
5232,5802,letter,2,0.5656079947948456,0.002400712406392621,0.0
5233,5287,letter,2,0.7683637142181396,0.5611689152919102,69.0
5234,5295,letter,2,0.7027391791343689,0.2094390826207335,12.0
5236,5363,letter,2,0.8904832601547241,0.7941230904952726,51.0
5237,5604,letter,2,0.5082776546478271,0.0,0.0
5240,5371,letter,2,0.7855467796325684,0.33148616654962804,69.0
5241,5289,letter,2,0.5962490439414978,0.18104542662660864,0.0
5245,5579,letter,2,0.5236193537712097,0.014653192974124547,0.0
5246,5272,letter,2,0.863974928855896,0.9142323944225413,68.0
5247,6515,letter,2,0.7075179815292358,0.0936489553356317,13.0
5248,5311,letter,2,0.6018636226654053,0.02770690329357535,0.0
525,537,executive_order,2,0.7293623685836792,0.9717065898482441,162.66666666666666
5255,5413,letter,2,0.8871550559997559,0.6564423605039391,31.0
5257,7904,letter,2,0.4500557482242584,0.013194697493146819,0.0
5258,5499,letter,2,0.6361041069030762,0.19823642475312758,15.0
526,1581,executive_order,2,0.5705330073833466,0.020342687833370576,0.0
5260,5349,letter,2,0.8559785485267639,1.0,45.0
5261,5443,letter,2,0.7395401000976562,0.16044564389682814,16.0
5262,5283,letter,2,0.867210328578949,0.9153130350628995,68.0
5264,5424,letter,2,0.7649663984775543,0.31950649588720753,58.333333333333336
5266,5413,letter,2,0.8115720748901367,0.4928081745380776,31.0
5269,5443,letter,2,0.7802585959434509,0.44850448818504335,31.0
527,1147,executive_order,2,0.5232085585594177,0.018229429090375754,0.0
5271,6715,letter,2,0.6295631527900696,0.15954949643457964,0.0
5272,5301,letter,2,0.8721705079078674,0.9092676047478039,68.0
5273,6060,letter,2,0.7130650281906128,0.1364159283213684,10.0
528,627,executive_order,2,0.515914797782898,0.030639417663970398,5.666666666666667
5283,5350,letter,2,0.8714340925216675,0.9124846604066607,68.0
5286,5512,letter,2,0.7989149689674377,0.41683461544249667,68.66666666666667
5287,5371,letter,2,0.8097048997879028,0.34308798048024597,70.0
5289,5523,letter,2,0.8205662965774536,0.2986603512224796,12.0
5290,5323,letter,2,0.5549818575382233,0.04574504644268748,25.5
5291,5295,letter,2,0.7619240880012512,0.03992165495940844,0.0
5292,5975,letter,2,0.8815189599990845,0.7114166419488945,39.0
5293,5404,letter,2,0.5786387920379639,0.029664864177127746,5.0
5295,5362,letter,2,0.6251522302627563,0.13747072051439402,0.0
5298,5338,letter,2,0.8041729927062988,0.24450941724744454,71.0
53,89,executive_order,2,0.41099874675273895,0.016770061408924095,4.333333333333333
5301,5403,letter,2,0.8672822117805481,0.869385147552982,66.0
5302,5335,letter,2,0.6304675340652466,0.10380484489783927,17.0
5306,5443,letter,2,0.7959356307983398,0.4369119659678437,14.0
5308,5443,letter,2,0.869053304195404,0.5749839772003369,14.0
5310,5392,letter,2,0.5144089460372925,0.17805758239555686,0.0
5311,5712,letter,2,0.6507927775382996,0.39436251775714437,13.0
5313,5443,letter,2,0.8481785655021667,0.30355456854233165,17.0
5314,5420,letter,2,0.7729907035827637,0.4130963357335518,36.0
5315,5660,letter,2,0.7588462233543396,0.4704828798494313,34.666666666666664
5316,5443,letter,2,0.629799485206604,0.11471217719836155,16.0
5317,5402,letter,2,0.8559785485267639,1.0,45.0
532,558,executive_order,2,0.5008751302957535,0.0973356644221987,15.333333333333334
5321,5415,letter,2,0.6314498782157898,0.3129206149357933,22.0
5323,5547,letter,2,0.5196459293365479,0.07421761448076254,24.0
5324,5443,letter,2,0.8204846978187561,0.3280487869424986,17.0
5325,5328,letter,2,0.695505827665329,0.13219435671755486,27.5
5328,5369,letter,2,0.7679247558116913,0.1926823031646832,22.0
5329,5367,letter,2,0.7342472970485687,0.0934665257471527,8.5
5332,5403,letter,2,0.8653438687324524,0.8714310475371037,66.0
5334,5413,letter,2,0.5702879428863525,0.19767822287487707,17.0
5335,5443,letter,2,0.4997643232345581,0.11592578612716425,17.0
5338,6515,letter,2,0.5396620035171509,0.09242539417515308,0.0
5343,5349,letter,2,0.6795902252197266,0.25354782489545463,12.0
5348,5413,letter,2,0.8320142030715942,0.5005719896745048,31.0
5349,5497,letter,2,0.8559785485267639,1.0,45.0
5350,5376,letter,2,0.8690787553787231,0.8412335030742927,65.0
5353,5443,letter,2,0.6358288526535034,0.09587388180646458,11.0
5356,5422,letter,2,0.622221052646637,0.11725435214387443,42.333333333333336
5357,5512,letter,2,0.7897214889526367,0.24699968739023007,40.333333333333336
5358,5443,letter,2,0.7783676385879517,0.23506397609234908,17.0
5360,6027,letter,2,0.6712611317634583,0.06354138305578798,29.0
5361,5523,letter,2,0.624821662902832,0.01709971204432783,0.0
5362,5505,letter,2,0.7454341650009155,0.6169461810240753,16.0
5363,6043,letter,2,0.8822242617607117,0.5587345860803711,25.0
5364,5367,letter,2,0.7501107156276703,0.21638325625519506,24.0
5365,5413,letter,2,0.6658076047897339,0.11734438607270423,13.5
5367,5443,letter,2,0.7545763850212097,0.3646483808815534,32.0
5369,5443,letter,2,0.6679109930992126,0.12729832480402972,17.0
537,707,executive_order,2,0.7967286705970764,1.0,169.0
5371,5950,letter,2,0.5139234066009521,0.0016492848567229385,0.0
5374,5460,letter,2,0.5666985809803009,0.10253652532803952,19.666666666666668
5375,5404,letter,2,0.661889910697937,0.059530725309144925,10.0
5376,5441,letter,2,0.8701116442680359,0.7873053794077121,59.0
5386,8074,letter,2,0.5610789656639099,0.0018484811599463018,0.0
5387,6096,letter,2,0.6532003879547119,0.08254954800625776,0.0
5389,5413,letter,2,0.5899252891540527,0.19960482450001804,17.0
539,2163,executive_order,2,0.5349286198616028,0.017649665621070135,0.0
5392,5757,letter,2,0.8522059917449951,0.8629372347799125,19.0
5398,5772,letter,2,0.8394216895103455,0.763839856210867,82.0
5402,5574,letter,2,0.8526898622512817,0.9175290889263137,44.0
5403,5670,letter,2,0.8372307419776917,0.7107606960706181,48.0
5404,5409,letter,2,0.6245708465576172,0.14844741026786554,10.0
5405,5468,letter,2,0.6724293828010559,0.2722531130114059,7.333333333333333
5406,5582,letter,2,0.8338212370872498,0.5401299446293811,24.0
5407,5507,letter,2,0.6056673526763916,0.28494074645039896,11.666666666666666
5408,5413,letter,2,0.6295780539512634,0.10090115048442833,8.5
5409,6340,letter,2,0.6311160326004028,0.0609815140511938,0.0
541,817,executive_order,2,0.5263089537620544,0.19307913402279028,16.0
5413,5548,letter,2,0.7434531450271606,0.2287697145090697,8.5
5415,5472,letter,2,0.5633414685726166,0.20549238356532976,11.0
5416,5443,letter,2,0.6433432996273041,0.07651021494823543,8.5
5420,5548,letter,2,0.704754114151001,0.15200313233638588,8.5
5422,5984,letter,2,0.5475782155990601,0.059679455922657706,58.0
5424,5983,letter,2,0.6868039965629578,0.15239463368899156,35.666666666666664
5427,5726,letter,2,0.71239373087883,0.18780401041590364,12.5
5434,5443,letter,2,0.46038663387298584,0.21225077169158188,17.0
5436,5889,letter,2,0.521112859249115,0.043755640662572516,0.0
5437,6122,letter,2,0.5425556302070618,0.005174565131917944,0.0
5438,5460,letter,2,0.5139974653720856,0.15263495413249376,37.333333333333336
544,2592,executive_order,2,0.6181900501251221,0.011757828245381843,0.0
5441,5896,letter,2,0.835041880607605,0.64482699369914,42.0
5443,5558,letter,2,0.7142772972583771,0.17370136688333168,11.0
5448,5624,letter,2,0.5781621634960175,0.08166915729759867,0.0
545,760,executive_order,2,0.4907217472791672,0.04046946026608154,3.3333333333333335
5455,5824,letter,2,0.5887569785118103,0.06618111329267407,3.6666666666666665
5459,5820,letter,2,0.7517820000648499,0.825475991197174,78.0
5460,6372,letter,2,0.6053807735443115,0.12201254047222394,0.0
5462,5543,letter,2,0.7966530323028564,0.6873698733592403,25.0
5468,5560,letter,2,0.7828564643859863,0.6015537735318478,26.666666666666668
5472,5548,letter,2,0.6065360307693481,0.18984712438091486,8.0
5476,5559,letter,2,0.7536526918411255,0.6413142864182965,15.333333333333334
5479,5719,letter,2,0.5622375011444092,0.0,0.0
5482,5484,letter,2,0.582629919052124,0.11983855886219531,23.0
5484,6462,letter,2,0.5344010591506958,0.011020686535391977,0.0
5492,5517,letter,2,0.8037680983543396,0.7215083030614201,18.666666666666668
5497,5523,letter,2,0.7487180233001709,0.4153346441020747,19.0
5499,5505,letter,2,0.760295033454895,0.3293179317162299,19.0
55,900,executive_order,2,0.5132991522550583,0.021829389153301473,0.0
5500,5770,letter,2,0.9011764526367188,0.8699772586352029,48.0
5502,6218,letter,2,0.6833734810352325,0.25091450843090035,7.5
5505,5523,letter,2,0.7588894367218018,0.6813440573850035,19.0
5507,5559,letter,2,0.8059372901916504,0.7138426208918099,18.333333333333332
5512,6106,letter,2,0.7022341191768646,0.13009800593534007,28.666666666666668
5513,5818,letter,2,0.5534460544586182,0.006148258358460932,0.0
5517,5534,letter,2,0.6656360030174255,0.3440440517440381,8.0
552,612,executive_order,2,0.5005125999450684,0.029250198672134877,10.0
5523,5574,letter,2,0.6598476767539978,0.4532216711469516,19.0
5525,7613,letter,2,0.7771506309509277,0.38422887448774173,12.666666666666666
5531,5855,letter,2,0.8666197061538696,0.8571283969701449,95.0
5534,5543,letter,2,0.7111498713493347,0.4996939724982519,7.0
5536,5582,letter,2,0.6270254850387573,0.3719534814876032,19.0
5540,5722,letter,2,0.892724871635437,0.8673882724689436,48.0
5543,5548,letter,2,0.6862269937992096,0.17504924629138385,3.3333333333333335
5547,5656,letter,2,0.5520163774490356,0.08897889702483125,6.0
5548,5560,letter,2,0.6469814479351044,0.2414188658260293,7.666666666666667
5549,7238,letter,2,0.5394477844238281,0.03823970983993115,0.0
5554,5738,letter,2,0.6734558939933777,0.4874689460379275,3.6666666666666665
5556,5582,letter,2,0.5601321756839752,0.16068359624095335,6.5
5558,5564,letter,2,0.6994194686412811,0.16769040436887953,8.0
5559,5602,letter,2,0.5881337225437164,0.15497371033572244,9.666666666666666
5560,5602,letter,2,0.5560440272092819,0.12491553489450909,8.0
5563,6261,letter,2,0.6188871264457703,0.04108401248836424,12.5
5564,5602,letter,2,0.5842413008213043,0.059558697002968584,8.0
5574,5659,letter,2,0.6741496324539185,0.4443619791556797,22.0
5576,5770,letter,2,0.8968933820724487,0.8673882724689436,48.0
5578,5727,letter,2,0.6162165403366089,0.22200955167327052,11.0
5579,5671,letter,2,0.5705620646476746,0.06007389659767688,7.0
558,794,executive_order,2,0.5794779062271118,0.10594284415652701,6.666666666666667
5582,5911,letter,2,0.6132986545562744,0.2243400544069747,11.0
5584,5707,letter,2,0.7593101859092712,0.39727141874989086,31.0
5588,5602,letter,2,0.4652145504951477,0.12523261495147073,24.0
559,3983,executive_order,2,0.5050980597734451,0.0061040685181555495,0.0
5590,6261,letter,2,0.5351651906967163,0.06868550467457939,11.0
5592,5789,letter,2,0.7544606626033783,0.31706620058701845,129.66666666666666
560,1308,executive_order,2,0.4812891334295273,0.04699313639527653,0.0
5600,5628,letter,2,0.49411678314208984,0.03150289443284145,0.0
5602,6261,letter,2,0.5728360414505005,0.07268005888626283,20.0
5604,6131,letter,2,0.5442305505275726,0.0,0.0
5607,6461,letter,2,0.5854244232177734,0.023834737182583107,0.0
5610,5722,letter,2,0.8928998708724976,0.7982489560585052,32.0
5613,5821,letter,2,0.708344429731369,0.1419736246368708,0.0
5616,5716,letter,2,0.43732768297195435,0.24625431686585572,12.0
5621,5667,letter,2,0.8736827969551086,0.8096809441622903,111.0
5622,5736,letter,2,0.7185022830963135,0.8369116328104723,41.0
5624,5656,letter,2,0.43017011880874634,0.015524439444094656,0.0
5628,5719,letter,2,0.8120274543762207,0.43437836652334194,29.0
564,1092,executive_order,2,0.46429163217544556,0.010628573511402235,6.0
5641,5841,letter,2,0.8565047383308411,1.0,21.0
5654,5959,letter,2,0.5888583660125732,0.04163153658071272,7.666666666666667
5656,6372,letter,2,0.6135744452476501,0.10501985425637884,4.333333333333333
5659,5851,letter,2,0.8377004265785217,0.8836036171866406,30.0
5660,5763,letter,2,0.8067737221717834,0.37069795132283234,34.0
5663,5857,letter,2,0.9024581909179688,0.9292979815721983,174.0
5667,6021,letter,2,0.4470941722393036,0.04928748775115861,0.0
5670,5854,letter,2,0.8855498433113098,0.8697182529376338,48.0
5671,5735,letter,2,0.47682201862335205,0.230819447240265,5.0
5676,5862,letter,2,0.7252151966094971,0.39477081875635855,15.0
5677,6601,letter,2,0.6336126923561096,0.009262778172375074,0.0
568,707,executive_order,2,0.7889418303966522,0.9999999999999999,163.0
5681,6434,letter,2,0.5951142013072968,0.04138720125667935,0.0
5683,6434,letter,2,0.6263377070426941,0.10363868463337714,6.0
5684,6106,letter,2,0.7287973761558533,0.22941698204394043,40.666666666666664
5692,5972,letter,2,0.7049583494663239,0.23980425678547088,42.0
5695,6041,letter,2,0.5215184688568115,0.004615412313696539,0.0
57,560,executive_order,2,0.5545233190059662,0.05778521532716441,6.666666666666667
5707,5810,letter,2,0.6915509402751923,0.22010330283726098,48.0
5710,6434,letter,2,0.53684201836586,0.030181329431293383,0.0
5712,6218,letter,2,0.679812490940094,0.36067658733281754,8.5
5715,5892,letter,2,0.8849862813949585,1.0,25.0
5716,5862,letter,2,0.6880266666412354,0.6332548445979664,22.0
5719,6105,letter,2,0.5015504360198975,0.0,0.0
572,2718,executive_order,2,0.454514279961586,0.04835961708688591,0.0
5722,5896,letter,2,0.8810622692108154,0.8699772586352029,48.0
5724,5841,letter,2,0.49726060032844543,0.014440223061567099,0.0
5726,5863,letter,2,0.8163928985595703,0.6430535359534559,51.333333333333336
5727,5876,letter,2,0.43958979845046997,0.34525501361482036,14.0
5728,5844,letter,2,0.43150222301483154,0.012183653951061933,0.0
5735,6123,letter,2,0.7751504182815552,0.5016352858369703,39.0
5736,6061,letter,2,0.7035451531410217,0.4198754025977684,35.0
5737,6060,letter,2,0.7424449920654297,0.7796661743603068,83.0
5738,6362,letter,2,0.4499618858098984,0.0047748961473133055,0.0
5757,5934,letter,2,0.8565047383308411,1.0,21.0
576,3958,executive_order,2,0.6893044710159302,0.23536132330774853,16.333333333333332
5761,5814,letter,2,0.7537819147109985,0.7801127756813755,24.0
5762,5892,letter,2,0.5428478717803955,0.0,0.0
5763,6274,letter,2,0.45704182982444763,0.008144275883809029,0.0
5764,6174,letter,2,0.5492362976074219,0.04804692751850263,0.0
5769,5943,letter,2,0.8377004265785217,0.8836036171866406,30.0
577,2189,executive_order,2,0.6798425316810608,0.21225941213566238,7.0
5770,5946,letter,2,0.8838013410568237,0.8673882724689436,48.0
5772,5954,letter,2,0.909119188785553,0.9999999999999978,102.0
5777,5816,letter,2,0.7539995908737183,0.5367863123806282,42.666666666666664
578,651,executive_order,2,0.5365219116210938,0.028940677364060845,0.0
5781,5824,letter,2,0.477694496512413,0.05908163427030503,5.5
5783,5957,letter,2,0.6384183168411255,0.2854257896770698,46.0
5789,5866,letter,2,0.7080020904541016,0.15467331276348975,56.0
579,2336,executive_order,2,0.5306364446878433,0.07202613106044192,0.0
5791,6261,letter,2,0.5821260213851929,0.00286262499054625,0.0
5793,8472,letter,2,0.46508726477622986,0.0,0.0
5795,6096,letter,2,0.5760607123374939,0.07471241212573629,10.5
5802,6377,letter,2,0.5794088840484619,0.013161947692358733,0.0
5807,5986,letter,2,0.8830090761184692,0.7996368508189876,16.0
5809,6195,letter,2,0.47694069147109985,0.013214265579556213,0.0
581,2928,executive_order,2,0.4594213664531708,0.04294362338784783,0.0
5810,7077,letter,2,0.46738964319229126,0.006660912904698775,0.0
5813,5896,letter,2,0.896685004234314,0.868924944612767,48.0
5814,5854,letter,2,0.4537927508354187,0.009449697236901469,0.0
5815,5990,letter,2,0.6528205871582031,0.0604252672090586,40.0
5816,5863,letter,2,0.7875756621360779,0.5176691336139503,41.666666666666664
5817,6161,letter,2,0.6468736529350281,0.16993913691095197,28.0
5818,5838,letter,2,0.6170122623443604,0.08293674947871182,42.666666666666664
5819,6123,letter,2,0.8410520553588867,0.8533509721555823,86.0
5820,6123,letter,2,0.7603597640991211,0.6925905688869466,60.0
5821,6123,letter,2,0.7733418941497803,0.7076499330330331,80.0
5824,5957,letter,2,0.5211469531059265,0.07391091070779156,6.0
5825,6105,letter,2,0.6933332085609436,0.16515326715686438,21.0
5829,5954,letter,2,0.5385441780090332,0.15480676407560232,12.0
583,2311,executive_order,2,0.4875310957431793,0.017618562640349306,0.0
5833,6836,letter,2,0.5215975046157837,0.03309548932207848,0.0
5838,5865,letter,2,0.48974667489528656,0.03937139638462988,0.0
5840,5885,letter,2,0.44542086124420166,0.01935111717384298,0.0
5841,6078,letter,2,0.8565047383308411,1.0,21.0
5844,5957,letter,2,0.5413907170295715,0.009745299359336702,0.0
5851,6086,letter,2,0.8397049903869629,0.9999999999999999,39.0
5854,5896,letter,2,0.8920692801475525,0.8096081864419458,46.0
5855,5957,letter,2,0.6973552703857422,0.46829884595038956,51.0
5857,5954,letter,2,0.6297998428344727,0.251382273060908,46.0
5859,8491,letter,2,0.47510749101638794,0.0,0.0
5861,5948,letter,2,0.8814118504524231,0.5792820957822159,565.0
5862,6026,letter,2,0.8550164699554443,0.9999999999999997,35.0
5863,5953,letter,2,0.7268052995204926,0.4247808449049207,30.666666666666668
5864,5934,letter,2,0.5479544401168823,0.01557222757911935,0.0
5865,5887,letter,2,0.530432939529419,0.1983647785669053,11.333333333333334
5866,6082,letter,2,0.7243800461292267,0.1667341160039785,35.666666666666664
5868,5960,letter,2,0.8834546804428101,0.671317366723998,384.3333333333333
587,1466,executive_order,2,0.49774402379989624,0.044016932565205634,0.0
5870,6037,letter,2,0.869766354560852,0.3262036290522936,328.0
5871,6246,letter,2,0.6269664466381073,0.0230706986586102,0.0
5872,6466,letter,2,0.7264505624771118,0.4747946690183422,30.0
5874,5922,letter,2,0.7508472204208374,0.1575590112278647,107.0
5876,6026,letter,2,0.6626251935958862,0.6310294832423795,22.0
5877,5959,letter,2,0.8083535432815552,0.22308121639239842,177.0
5879,5987,letter,2,0.8881196975708008,0.586249756769512,837.0
5885,5993,letter,2,0.7120984196662903,0.10890700864124828,68.0
5887,6105,letter,2,0.5391350090503693,0.09517495404745317,8.0
5888,6020,letter,2,0.6184095144271851,0.09469740765964232,12.0
5889,6005,letter,2,0.7098057270050049,0.09790512636432895,34.0
5891,5899,letter,2,0.6334972381591797,0.10611640513988449,100.0
5892,6051,letter,2,0.8830090761184692,0.7996368508189876,16.0
5896,5991,letter,2,0.884319007396698,0.8699772586352029,48.0
5898,5995,letter,2,0.8056348562240601,0.4238624119652806,34.0
5899,6023,letter,2,0.841539740562439,0.572090753492125,578.0
5909,6461,letter,2,0.43378351628780365,0.0030030972854459977,0.0
5911,5951,letter,2,0.39997047185897827,0.2873449709706428,14.0
5912,6005,letter,2,0.5338232815265656,0.07625211948424596,50.5
5916,8324,letter,2,0.524405837059021,0.0054303093454513,0.0
5920,6454,letter,2,0.5077069103717804,0.05106869576693887,0.0
5922,5967,letter,2,0.6261485815048218,0.20794012306499698,291.0
5924,6527,letter,2,0.4469537287950516,0.0,0.0
593,859,executive_order,2,0.5113677978515625,0.1292446898036174,5.666666666666667
5932,5998,letter,2,0.4890730082988739,0.004883891804263903,0.0
5934,6013,letter,2,0.8531138300895691,1.0,21.0
5939,7685,letter,2,0.5073525905609131,0.0,0.0
5943,5951,letter,2,0.6209460496902466,0.3704860293788038,19.0
5944,6114,letter,2,0.7233296632766724,0.3490799072243944,23.0
5945,6153,letter,2,0.7677051424980164,0.5741986692491124,50.0
5946,6025,letter,2,0.8874669075012207,0.7896799325919924,39.0
5948,6263,letter,2,0.8234606385231018,0.2717519926724431,293.0
5950,6500,letter,2,0.548067033290863,0.015549468744086522,0.0
5951,6240,letter,2,0.8550164699554443,0.9999999999999997,35.0
5953,6153,letter,2,0.794802188873291,0.42336421571256905,30.333333333333332
5954,6038,letter,2,0.5843018293380737,0.05502651500913728,20.0
5957,6246,letter,2,0.48418988287448883,0.0028800467847200175,0.0
5959,6600,letter,2,0.5481700301170349,0.037314276758602494,0.0
5960,6595,letter,2,0.5321806371212006,0.06380031280807028,24.0
5962,6273,letter,2,0.7350744009017944,0.3441660793269515,14.333333333333334
5963,6377,letter,2,0.5431073307991028,0.02023417868193458,0.0
5964,6062,letter,2,0.7742669582366943,0.6055489095208838,343.0
5966,5970,letter,2,0.8345780372619629,0.44704482916507865,13.333333333333334
5967,6068,letter,2,0.7302445769309998,0.07732129293102744,76.0
5968,6162,letter,2,0.8799057602882385,0.20437845253249934,176.0
5969,5978,letter,2,0.853467583656311,0.5128195916299736,24.0
597,901,executive_order,2,0.5228500366210938,0.04428843320034378,0.0
5970,5974,letter,2,0.830008864402771,0.5841956113864595,24.333333333333332
5972,6082,letter,2,0.7515473663806915,0.5524278184810484,56.666666666666664
5974,5976,letter,2,0.8606448173522949,0.4131925908250675,13.333333333333334
5975,6026,letter,2,0.586249828338623,0.3241889107734582,19.0
5976,5988,letter,2,0.7028519809246063,0.32176226503249666,13.333333333333334
5977,6041,letter,2,0.8730801343917847,0.588631423761389,852.0
5978,6573,letter,2,0.5369694828987122,0.022252689081219017,0.0
5980,6001,letter,2,0.6770989000797272,0.21136414312576518,166.0
5983,6035,letter,2,0.7751054763793945,0.22713626545940857,40.0
5984,6478,letter,2,0.5922791361808777,0.11381822279057813,36.0
5986,6110,letter,2,0.8877032995223999,1.0000000000000004,25.0
5987,6052,letter,2,0.6226749420166016,0.23102559581301063,219.0
5988,8071,letter,2,0.4865988492965698,0.002262574083878069,0.0
5990,6052,letter,2,0.8643926382064819,0.8983830046672527,939.0
5991,6515,letter,2,0.5665678977966309,0.010433197282142762,0.0
5993,6012,letter,2,0.6635794639587402,0.1917563411935295,95.0
5995,6114,letter,2,0.7406266331672668,0.6703051381347709,52.0
5998,7685,letter,2,0.5436667203903198,0.0,0.0
6,26,memorandum,2,0.4946294277906418,0.06908492403935686,0.0
60,324,executive_order,2,0.4871763736009598,0.029155169269464255,0.0
6001,6068,letter,2,0.7334257364273071,0.07404188891720616,50.0
6004,7745,letter,2,0.516804575920105,0.004234752745481866,0.0
6005,6362,letter,2,0.6452035307884216,0.09521220125838102,74.0
6012,6080,letter,2,0.7173686027526855,0.11617495554333444,50.0
6013,6135,letter,2,0.8445054292678833,1.0,21.0
6015,6528,letter,2,0.5200281143188477,0.0,0.0
6019,7139,letter,2,0.47356587648391724,0.0,0.0
602,759,executive_order,2,0.7547061443328857,0.959720762709217,161.66666666666666
6020,6041,letter,2,0.5956335663795471,0.23509024279113003,237.0
6021,6135,letter,2,0.5637928247451782,0.019503549633188334,0.0
6023,6362,letter,2,0.8598037958145142,0.20451081542889274,199.0
6025,6955,letter,2,0.5071628093719482,0.005651238653685319,0.0
6026,6329,letter,2,0.8550164699554443,0.9999999999999997,35.0
6027,6105,letter,2,0.5705205202102661,0.1126637665902749,19.0
6029,6362,letter,2,0.6116651296615601,0.08714783344331446,61.0
6031,6161,letter,2,0.5110208988189697,0.0739622171239193,24.0
6033,6145,letter,2,0.6659282147884369,0.13751705223001157,26.0
6035,6180,letter,2,0.6566278338432312,0.049890321400159296,14.5
6036,6051,letter,2,0.5782843828201294,0.016815452765900313,0.0
6037,6460,letter,2,0.869827926158905,0.15033620050002552,165.0
6038,6246,letter,2,0.7876838147640228,0.0834004956901532,38.5
6040,6080,letter,2,0.6705780029296875,0.14006529727309636,39.0
6041,6362,letter,2,0.5885668992996216,0.10344577728108369,105.0
6042,6369,letter,2,0.6049050390720367,0.30181963149640595,0.0
6043,6329,letter,2,0.586249828338623,0.3241889107734582,19.0
6044,6110,letter,2,0.6061859428882599,0.025371473936549465,0.0
6045,7361,letter,2,0.4916144907474518,0.0,0.0
6050,6395,letter,2,0.5757893323898315,0.09438946356534299,76.0
6051,6340,letter,2,0.608702540397644,0.028219426649967065,0.0
6052,6086,letter,2,0.5825802683830261,0.13216333331378066,0.0
606,912,executive_order,2,0.4416956156492233,0.03420236614151587,0.0
6060,6198,letter,2,0.7965881824493408,0.6520676926471706,67.0
6061,6122,letter,2,0.7566306591033936,0.5914737903365562,70.0
6062,6063,letter,2,0.5615644454956055,0.23945543879180542,51.0
6063,6329,letter,2,0.6423054933547974,0.2767971075825727,19.0
6068,6211,letter,2,0.6840521693229675,0.047923655099671544,0.0
6078,6411,letter,2,0.5189566016197205,0.07348464306659579,0.0
6080,6196,letter,2,0.6699482202529907,0.04025216423774309,0.0
6081,6842,letter,2,0.44002091884613037,0.0,0.0
6082,6259,letter,2,0.46202170848846436,0.003650598771604313,0.0
6084,6157,letter,2,0.48398298025131226,0.032031063263722695,0.0
6086,6329,letter,2,0.6209460496902466,0.3704860293788038,19.0
6091,6105,letter,2,0.7459594309329987,0.20905697430175216,23.5
6094,6105,letter,2,0.6349248886108398,0.004370958324053393,0.0
6096,6161,letter,2,0.7942638993263245,0.3286985264540213,35.0
610,923,executive_order,2,0.6965309977531433,0.0811434460510443,0.0
6105,6155,letter,2,0.598198652267456,0.10713841622398013,11.0
6106,6529,letter,2,0.6724881529808044,0.06066764127474551,17.0
6110,6335,letter,2,0.46516692638397217,0.10090230211777465,0.0
6114,6153,letter,2,0.7683154344558716,0.710761535241813,61.0
6121,6377,letter,2,0.4817036986351013,0.07261209078470277,0.0
6122,6274,letter,2,0.8378814458847046,0.6544217762820154,56.0
6123,6275,letter,2,0.7766648530960083,0.3806623192820326,46.0
6125,6153,letter,2,0.6286987662315369,0.06050762116512388,0.0
6128,6425,letter,2,0.6442103087902069,0.02329586737068359,0.0
613,1500,executive_order,2,0.5047232210636139,0.040618894984776735,0.0
6131,6289,letter,2,0.5778526067733765,0.1860213674984145,8.666666666666666
6135,6195,letter,2,0.4926217198371887,0.15738079731310417,0.0
6138,6551,letter,2,0.5717662870883942,0.006430250345816704,0.0
614,1992,executive_order,2,0.5877549052238464,0.0988027360952941,3.6666666666666665
6145,6173,letter,2,0.4817364811897278,0.00678883255089712,0.0
6152,6413,letter,2,0.6745378971099854,0.4324530862910782,26.0
6153,6273,letter,2,0.6287194788455963,0.05875643438540616,0.0
6155,6271,letter,2,0.5841304063796997,0.08495045916273652,10.0
6157,6494,letter,2,0.41597673296928406,0.0,0.0
6160,6529,letter,2,0.5395385026931763,0.007373779808799034,0.0
6161,6189,letter,2,0.4969516396522522,0.06500352017967087,10.0
6162,6460,letter,2,0.8876579403877258,0.2816010307663547,297.0
6167,6572,letter,2,0.877070426940918,0.8814553739421397,40.0
6172,6372,letter,2,0.5063762068748474,0.04041410099420812,5.333333333333333
6173,6544,letter,2,0.5732520520687103,0.019805703267751176,10.0
6174,6394,letter,2,0.5646181702613831,0.0,0.0
6176,6448,letter,2,0.6516036987304688,0.05349387149587325,0.0
618,827,executive_order,2,0.48868852853775024,0.09069957299457215,10.333333333333334
6180,6475,letter,2,0.709582507610321,0.07113926862801487,27.0
6181,8418,letter,2,0.49843326210975647,0.0,0.0
6189,6795,letter,2,0.5272939801216125,0.06083056968418208,0.0
6191,7174,letter,2,0.39578641951084137,0.012483354441307689,0.0
6195,6411,letter,2,0.49891161918640137,0.09521474613739545,0.0
6196,6429,letter,2,0.5450198650360107,0.011549997754947748,0.0
6197,6410,letter,2,0.6462709307670593,0.1878774808510462,12.0
6198,6275,letter,2,0.7315577268600464,0.3158700930498874,25.0
620,1818,executive_order,2,0.5246600806713104,0.1336957379770771,7.333333333333333
621,627,executive_order,2,0.4392177015542984,0.021739561948933183,6.333333333333333
6210,6354,letter,2,0.48802368342876434,0.0047926806515076244,0.0
6211,6448,letter,2,0.4867873787879944,0.020642826310617302,0.0
6214,6979,letter,2,0.6306476891040802,0.0056335634800332435,0.0
6218,6327,letter,2,0.7613803148269653,0.48768107580775705,12.666666666666666
623,818,executive_order,2,0.5537188649177551,0.02911939047089898,0.0
6230,6295,letter,2,0.7923988103866577,0.45308996208598956,38.333333333333336
6238,6352,letter,2,0.7963110208511353,0.47671634085902453,13.333333333333334
6240,6396,letter,2,0.8550164699554443,0.9999999999999997,35.0
6246,6461,letter,2,0.6326908767223358,0.03419907107702925,0.0
6247,7107,letter,2,0.48356568813323975,0.0,0.0
625,1560,executive_order,2,0.5098042190074921,0.06470846248147268,0.0
6255,6433,letter,2,0.48974311351776123,0.005051924197409113,0.0
6259,6327,letter,2,0.524216890335083,0.012317218035914809,0.0
6261,7628,letter,2,0.4910680502653122,0.0013079015388852565,0.0
6263,6395,letter,2,0.8313115239143372,0.24498879067155618,236.0
6269,6327,letter,2,0.5364098846912384,0.07470265784463187,0.0
627,3235,executive_order,2,0.49977177381515503,0.021223784130646735,0.0
6270,8324,letter,2,0.5245451927185059,0.004656955931735021,0.0
6271,6462,letter,2,0.4752582013607025,0.024659796984875606,0.0
6273,6422,letter,2,0.596802145242691,0.0560977812440944,0.0
6274,6275,letter,2,0.6727209091186523,0.16100767877538583,0.0
6275,6477,letter,2,0.6523253321647644,0.13075359555095262,6.0
6279,6600,letter,2,0.6519308686256409,0.07132854743327026,0.0
628,1412,executive_order,2,0.5435808897018433,0.04115184745695531,0.0
6286,6383,letter,2,0.8660734295845032,0.6401128826950749,44.333333333333336
6289,6340,letter,2,0.49296754598617554,0.0,0.0
6290,7502,letter,2,0.4665108323097229,0.00323319992328534,0.0
6295,8102,letter,2,0.45790544152259827,0.003787994376809218,0.0
6302,6610,letter,2,0.5542374849319458,0.041229975815341685,0.0
631,1758,executive_order,2,0.46212753653526306,0.0664873158120738,20.0
6312,8421,letter,2,0.46378645300865173,0.003543018528720788,0.0
6316,6610,letter,2,0.4902043342590332,0.07309389462483959,0.0
632,1142,executive_order,2,0.5208278447389603,0.032584209115739525,0.0
6320,8530,letter,2,0.48235929012298584,0.0,0.0
6322,6395,letter,2,0.7930889129638672,0.3261213176243427,218.0
6327,6389,letter,2,0.6835708618164062,0.3470482953770255,10.333333333333334
6329,6453,letter,2,0.8550164699554443,0.9999999999999997,35.0
6331,6394,letter,2,0.6275968551635742,0.27399446373237385,0.0
6335,6904,letter,2,0.46665941178798676,0.002049479929233891,0.0
6336,6425,letter,2,0.7800416350364685,0.3134679056423401,221.0
634,650,executive_order,2,0.4538649767637253,0.057411322352120285,0.0
6340,6372,letter,2,0.5663060247898102,0.04750664455405027,5.0
6342,6425,letter,2,0.48459023237228394,0.03716787978879404,0.0
6344,6728,letter,2,0.5552435219287872,0.013299406707905722,0.0
635,993,executive_order,2,0.5515637695789337,0.251290740904098,39.0
6352,6508,letter,2,0.6932373642921448,0.2722315387723346,8.5
6354,6393,letter,2,0.6271176338195801,0.17400350264784892,0.0
6356,7333,letter,2,0.4833844006061554,0.0,0.0
6362,6561,letter,2,0.8083614110946655,0.19530915020276854,166.0
6368,6421,letter,2,0.7728855609893799,0.7269439380623544,64.0
6369,6443,letter,2,0.5747359097003937,0.05289521266915496,0.0
6372,6695,letter,2,0.6077435910701752,0.023310643774700678,5.5
6377,6490,letter,2,0.46976369619369507,0.016485540104171855,0.0
638,899,executive_order,2,0.5266203135251999,0.03930252128620635,11.0
6383,6500,letter,2,0.8691742420196533,0.6260810295520963,44.333333333333336
6386,7225,letter,2,0.5320632457733154,0.027539419243987354,0.0
6389,6525,letter,2,0.6700523793697357,0.26908847073903897,6.0
6393,6654,letter,2,0.47622770071029663,0.025463638158122946,0.0
6394,6601,letter,2,0.511125460267067,0.0013105905844575272,0.0
6395,6613,letter,2,0.789771318435669,0.18955899490639702,153.0
6396,6509,letter,2,0.8550164699554443,0.9999999999999997,35.0
6401,6800,letter,2,0.6073914766311646,0.009313628097821545,0.0
641,2845,executive_order,2,0.5004464089870453,0.012655652298033676,0.0
6410,6454,letter,2,0.6962004899978638,0.46233776930168563,35.666666666666664
6411,6490,letter,2,0.5532030463218689,0.021463822001099055,0.0
6413,6525,letter,2,0.5383936166763306,0.0,0.0
6421,6967,letter,2,0.6214263439178467,0.0880532258677214,13.0
6422,6967,letter,2,0.6012215614318848,0.09353250204018612,13.0
6424,6454,letter,2,0.6953235268592834,0.26575647140761766,26.0
6425,6742,letter,2,0.6721574664115906,0.0917980948107085,45.0
6428,6574,letter,2,0.48530760407447815,0.0,0.0
6429,6462,letter,2,0.5956830978393555,0.009182099285815534,0.0
643,1539,executive_order,2,0.5603143870830536,0.011129792617463477,0.0
6430,8472,letter,2,0.45786648988723755,0.0,0.0
6433,6471,letter,2,0.5289832353591919,0.009313475146241153,0.0
6434,6614,letter,2,0.663669615983963,0.28172385811918443,17.0
6437,6550,letter,2,0.8512920141220093,0.5498748640667134,36.0
6438,6504,letter,2,0.5149382948875427,0.0349870752132837,0.0
644,1615,executive_order,2,0.463421031832695,0.015641009080458047,0.0
6443,6614,letter,2,0.6832885146141052,0.14789268253119,10.0
6444,6487,letter,2,0.7044305205345154,0.14759595647057727,12.0
6448,6836,letter,2,0.49101898074150085,0.0362797938594328,0.0
6453,6566,letter,2,0.8550164699554443,0.9999999999999997,35.0
6454,6967,letter,2,0.647804856300354,0.10950308206367251,15.0
6455,6515,letter,2,0.4671747386455536,0.007854988192364007,0.0
6458,7145,letter,2,0.5108948349952698,0.0,0.0
6460,6613,letter,2,0.5578223466873169,0.051298723569032326,34.0
6461,6571,letter,2,0.48817840218544006,0.006378829816995717,11.0
6462,6836,letter,2,0.5430397987365723,0.026085389759434738,0.0
6466,6572,letter,2,0.8809401988983154,0.9795596853272891,42.0
6469,6543,letter,2,0.5433712005615234,0.01512091328500805,0.0
647,3151,executive_order,2,0.4901268780231476,0.02777777759057345,0.0
6471,6504,letter,2,0.5021417737007141,0.007206534322956672,0.0
6473,6967,letter,2,0.5021676421165466,0.1228807147278381,13.0
6474,8490,letter,2,0.4954386204481125,0.0,0.0
6475,6577,letter,2,0.7481613755226135,0.42246195225423927,105.0
6477,6486,letter,2,0.6979556381702423,0.04172130217811067,0.0
6478,6600,letter,2,0.4287096858024597,0.016222516010931762,0.0
648,997,executive_order,2,0.5300828218460083,0.062114843764720894,0.0
6482,6487,letter,2,0.6697089672088623,0.08391990619082154,12.0
6486,6946,letter,2,0.509178876876831,0.0,0.0
6487,6546,letter,2,0.795217752456665,0.3975415565311404,23.0
6490,6499,letter,2,0.41757917404174805,0.03033617920010294,0.0
6494,7964,letter,2,0.4901118576526642,0.0,0.0
6499,8474,letter,2,0.5021263360977173,0.01418093638580655,0.0
650,852,executive_order,2,0.4907176345586777,0.05904827026938539,4.0
6500,6642,letter,2,0.8514981269836426,0.48087980097680205,31.333333333333332
6504,8231,letter,2,0.49269944429397583,0.001150206395204939,0.0
6507,7179,letter,2,0.4901809096336365,0.0,0.0
6508,6660,letter,2,0.4933475852012634,0.10969438010448557,10.0
6509,6655,letter,2,0.8550164699554443,0.9999999999999997,35.0
651,1143,executive_order,2,0.5444311797618866,0.018532588250570494,0.0
6510,6726,letter,2,0.5410447120666504,0.010903177297216338,0.0
6515,6967,letter,2,0.5639101266860962,0.024331188066548676,0.0
6516,6971,letter,2,0.532568097114563,0.014440820041959708,0.0
6521,6596,letter,2,0.47104859352111816,0.006696382260646235,0.0
6525,6594,letter,2,0.5367713272571564,0.005885188435930131,0.0
6527,7139,letter,2,0.4150271862745285,0.0011568544494577413,0.0
6528,7661,letter,2,0.5300338417291641,0.0,0.0
6529,7112,letter,2,0.4951423704624176,0.022432051779519915,0.0
653,815,executive_order,2,0.559733510017395,0.014178505933092908,0.0
6531,8123,letter,2,0.5095510482788086,0.0034188248583357766,0.0
654,912,executive_order,2,0.4546045958995819,0.0254801577899471,0.0
6540,6684,letter,2,0.7501959204673767,0.12443911795432913,0.0
6543,6572,letter,2,0.5692161321640015,0.5579445062905845,25.0
6544,6595,letter,2,0.8850814700126648,0.32463992332113945,331.0
6546,6594,letter,2,0.6210704445838928,0.15593740922997795,0.0
6550,6604,letter,2,0.8673528432846069,0.6588046416240124,44.0
6551,6982,letter,2,0.5900110006332397,0.015581454349060418,0.0
6561,6595,letter,2,0.5429438352584839,0.12309673904794788,119.0
6562,7365,letter,2,0.4784798175096512,0.007316714365033641,0.0
6563,6577,letter,2,0.5184594392776489,0.007381010538245824,0.0
6566,6741,letter,2,0.5319477319717407,0.20750602959901374,14.0
6571,6659,letter,2,0.7916455268859863,0.21552855760778672,174.0
6572,6742,letter,2,0.44231265783309937,0.008693784212210167,0.0
6573,8071,letter,2,0.49696749448776245,0.0002984661383940928,0.0
6574,8118,letter,2,0.4530627876520157,0.0,0.0
6577,7112,letter,2,0.4915907382965088,0.01750742193483529,0.0
6588,8434,letter,2,0.5523540377616882,0.011897558404175125,0.0
6594,6660,letter,2,0.5628061592578888,0.008301945334335172,0.0
6595,6613,letter,2,0.5956407785415649,0.13147354240156178,82.0
6596,7197,letter,2,0.3938361406326294,0.018704111951295597,0.0
6599,6639,letter,2,0.6986715793609619,0.3368240868443319,52.0
66,1462,executive_order,2,0.4620335251092911,0.023719919983984806,0.0
660,1912,executive_order,2,0.7158598899841309,0.4271883722395582,32.0
6600,6697,letter,2,0.47188518941402435,0.0391729468775434,23.0
6601,7785,letter,2,0.4252825975418091,0.002092350762723552,0.0
6604,6642,letter,2,0.8660893440246582,0.5888691531854612,40.666666666666664
6607,6647,letter,2,0.6344332695007324,0.0017925646174838472,0.0
6608,6955,letter,2,0.4860149025917053,0.006743342376003645,0.0
6610,8325,letter,2,0.4692392945289612,0.0036623261000488564,0.0
6612,7065,letter,2,0.6464032232761383,0.014542750794584072,0.0
6613,6695,letter,2,0.606966495513916,0.03648585271598283,0.0
6614,6723,letter,2,0.5760195851325989,0.002586682776203364,0.0
6616,6810,letter,2,0.44267988204956055,0.0009472082169764104,0.0
6626,6659,letter,2,0.4176734834909439,0.002615807232297726,0.0
6628,7225,letter,2,0.5814524590969086,0.028529849160471972,0.0
6630,6728,letter,2,0.6247028410434723,0.02486735243933508,0.0
6639,6726,letter,2,0.7223621606826782,0.41567941466033664,73.0
6642,6690,letter,2,0.8693574666976929,0.6265579060083261,42.666666666666664
6647,7198,letter,2,0.5383545160293579,0.03640179936244407,0.0
6653,8173,letter,2,0.427843913435936,0.004933653617870366,0.0
6654,7196,letter,2,0.48917287588119507,0.0036475710212037953,0.0
6655,6695,letter,2,0.5647817850112915,0.05006674109832304,0.0
6659,6971,letter,2,0.5133053064346313,0.00803571104423114,0.0
6660,7174,letter,2,0.5220672488212585,0.003972445487085531,0.0
667,1781,executive_order,2,0.5722505748271942,0.06728425058813557,0.0
6675,7296,letter,2,0.607893705368042,0.008834466111279997,0.0
6676,8354,letter,2,0.45044881105422974,0.006494025503758272,0.0
6677,6715,letter,2,0.4527420997619629,0.012338552738488216,0.0
6684,6760,letter,2,0.677075207233429,0.4183203472058228,39.0
6688,6800,letter,2,0.6198365390300751,0.018764999624310427,0.0
669,741,executive_order,2,0.6221209168434143,0.12223237372875269,0.0
6690,6814,letter,2,0.8438315391540527,0.569438640842523,35.333333333333336
6695,6845,letter,2,0.4167441129684448,0.014665988062931732,0.0
6697,6950,letter,2,0.40515853464603424,0.003196534395526862,0.0
6705,7817,letter,2,0.5350749492645264,0.0,0.0
6706,7017,letter,2,0.5796725749969482,0.015360815582135545,0.0
6715,7238,letter,2,0.5492250025272369,0.0,0.0
672,796,executive_order,2,0.4667530059814453,0.047230535885060265,12.333333333333334
6723,7155,letter,2,0.5242409408092499,0.008400669888982549,0.0
6725,6982,letter,2,0.6017420887947083,0.04297186032953069,0.0
6726,6741,letter,2,0.4649617075920105,0.005528291148343805,0.0
6728,7222,letter,2,0.5847261250019073,0.010611417913346268,0.0
673,685,executive_order,2,0.48800039291381836,0.03679090912984118,0.0
6731,7161,letter,2,0.6122614741325378,0.025027049247235082,0.0
6732,6867,letter,2,0.4413771629333496,0.0005526855745009368,0.0
6734,7900,letter,2,0.5758024454116821,0.0,0.0
674,737,executive_order,2,0.5416595339775085,0.03347044866315887,0.0
6740,6882,letter,2,0.47813481092453003,0.033756719494480655,0.0
6741,6742,letter,2,0.4490509629249573,0.008875196011466528,0.0
6742,7661,letter,2,0.460425928235054,0.0027073066346647028,0.0
6748,6960,letter,2,0.468456506729126,0.026890097845578664,7.0
6749,6830,letter,2,0.4980171471834183,0.006962749280153991,0.0
6752,7014,letter,2,0.5658494681119919,0.015240803561417465,0.0
6755,7963,letter,2,0.5598996877670288,0.04055849364152368,0.0
6756,7009,letter,2,0.5411667823791504,0.010537705672178318,0.0
6760,6856,letter,2,0.4022831320762634,0.0,0.0
6762,6836,letter,2,0.6506838202476501,0.06745591535828403,6.5
6767,6904,letter,2,0.8228298425674438,0.4971635100629166,29.666666666666668
6774,7361,letter,2,0.5068798661231995,0.013799985616941172,0.0
6778,6845,letter,2,0.5671471357345581,0.03244208687828013,0.0
6781,7217,letter,2,0.6618285179138184,0.0067829182328443816,0.0
6786,7205,letter,2,0.46943986415863037,0.026143000605310343,0.0
6787,7120,letter,2,0.43154408037662506,0.0022749033162621324,0.0
6789,7205,letter,2,0.5213884115219116,0.0,0.0
6795,6866,letter,2,0.56255042552948,0.08285662752146392,32.0
68,650,executive_order,2,0.4715797156095505,0.07628066086330997,0.0
6800,6858,letter,2,0.5673190653324127,0.03449675963610809,0.0
6810,7912,letter,2,0.5797029733657837,0.0,0.0
6814,6946,letter,2,0.7820356488227844,0.25039956348400905,11.0
6821,7222,letter,2,0.5841253995895386,0.052368969143855165,0.0
6823,7161,letter,2,0.650973916053772,0.026889606006379192,0.0
6824,8472,letter,2,0.4239651560783386,0.00183872449548392,0.0
6825,7242,letter,2,0.5910137295722961,0.05103983062665128,0.0
6830,7976,letter,2,0.45482876896858215,0.004407881412604363,0.0
6833,8069,letter,2,0.45985984802246094,0.0016650649578271181,0.0
6836,6866,letter,2,0.6257096529006958,0.11435141834563928,55.0
6841,7182,letter,2,0.4145636111497879,0.005579546546739982,0.0
6842,7235,letter,2,0.510645866394043,0.0,0.0
6845,6998,letter,2,0.4403054714202881,0.0039104181761509885,0.0
6856,7900,letter,2,0.559166431427002,0.0,0.0
6858,7222,letter,2,0.5999629497528076,0.05910503372279909,0.0
6861,7920,letter,2,0.45591872930526733,0.002352127097124095,0.0
6866,8354,letter,2,0.4583163261413574,0.0066528711673018385,0.0
6867,7155,letter,2,0.5285005271434784,0.023943558582108646,0.0
687,1191,executive_order,2,0.46263016760349274,0.06743203334317695,0.0
6870,7628,letter,2,0.4601583778858185,0.0007131056689117641,0.0
6872,7285,letter,2,0.5505504608154297,0.005592289344373439,0.0
6874,8074,letter,2,0.428908109664917,0.02288737999567349,0.0
6876,7222,letter,2,0.5931037664413452,0.016205824024314808,0.0
688,842,executive_order,2,0.5435177385807037,0.18431124643210298,10.0
6882,7198,letter,2,0.6626936197280884,0.09256971422261202,0.0
69,342,executive_order,2,0.8342199325561523,0.8777511788585897,62.0
6901,7196,letter,2,0.5906471014022827,0.011561588095150403,0.0
6904,8186,letter,2,0.5013460218906403,0.018788108277905217,0.0
6909,8184,letter,2,0.4576582908630371,0.006348713017215,0.0
691,796,executive_order,2,0.48919734358787537,0.07996806602339838,0.0
6910,7258,letter,2,0.42012819647789,0.0038544683739448384,0.0
6919,8491,letter,2,0.5580960512161255,0.10139178109163974,0.0
692,1560,executive_order,2,0.48875853419303894,0.04144977584449809,0.0
693,756,executive_order,2,0.7880810797214508,1.0,149.66666666666666
6930,8421,letter,2,0.4772307723760605,0.001460313653029908,0.0
694,2259,executive_order,2,0.49159474670886993,0.016336434838087974,0.0
6942,7139,letter,2,0.4915282726287842,0.0009348533550532466,0.0
6943,8152,letter,2,0.4287508726119995,0.0,0.0
6946,6950,letter,2,0.502017468214035,0.019018127421960893,0.0
6950,6971,letter,2,0.4949772208929062,0.012575897839434635,0.0
6951,7645,letter,2,0.4776373505592346,0.0,0.0
6954,7482,letter,2,0.5814759135246277,0.00496095658351266,0.0
6955,7107,letter,2,0.47477245330810547,0.020105999910994612,0.0
6956,7040,letter,2,0.5507400035858154,0.018877061133642063,0.0
6960,7014,letter,2,0.5653516054153442,0.05967699853775663,29.0
6967,6971,letter,2,0.43144139647483826,0.0028993572269144577,0.0
6971,7139,letter,2,0.5392429828643799,0.01139816854670308,0.0
6974,8474,letter,2,0.5856926441192627,0.04921546264192153,0.0
6975,7661,letter,2,0.5585916936397552,0.0,0.0
6978,7238,letter,2,0.6089891195297241,0.01209987895923444,0.0
6979,7963,letter,2,0.5160927623510361,0.01721636500148163,0.0
6982,6997,letter,2,0.5116510838270187,0.0033325838671194098,0.0
6983,7139,letter,2,0.4940016269683838,0.0,0.0
6984,6986,letter,2,0.5674448609352112,0.007482264015932721,0.0
6985,7162,letter,2,0.5726994276046753,0.006619654168976244,0.0
6986,7900,letter,2,0.5697941780090332,0.0046782994811089594,0.0
6988,7097,letter,2,0.42110294103622437,0.0013652269355450325,0.0
699,1142,executive_order,2,0.5676100552082062,0.31185324589462876,32.0
6990,7645,letter,2,0.48143303394317627,0.019465332302858927,0.0
6993,7873,letter,2,0.49771158397197723,0.0,0.0
6997,8103,letter,2,0.48323240876197815,0.00998766588863917,0.0
6998,7131,letter,2,0.5074364542961121,0.004968113100158547,0.0
7,9786,memorandum,2,0.5165342688560486,0.05819999975441296,3.3333333333333335
7003,7007,letter,2,0.5452376306056976,0.029718348498103495,8.5
7004,8064,letter,2,0.43463657796382904,0.00259383616503368,0.0
7007,7050,letter,2,0.622444361448288,0.04016825144131993,0.0
7009,7162,letter,2,0.513250470161438,0.014441947916150201,0.0
701,1818,executive_order,2,0.5285565108060837,0.10419710500628478,7.0
7010,7050,letter,2,0.5792008936405182,0.02667679321721732,5.0
7011,8353,letter,2,0.49403704702854156,0.0,0.0
7013,7014,letter,2,0.5148340463638306,0.03693829472008461,10.0
7014,7050,letter,2,0.6714407205581665,0.10157953954885834,41.0
7017,7040,letter,2,0.5688425898551941,0.042284305447773486,12.0
7019,7920,letter,2,0.4170672595500946,0.010116165546931554,0.0
7024,8474,letter,2,0.2941856384277344,0.0,0.0
7025,7139,letter,2,0.5426863431930542,0.005327774150674982,0.0
7028,7225,letter,2,0.5267642736434937,0.008885305156807194,0.0
7038,7234,letter,2,0.4911717176437378,0.0,0.0
7040,7247,letter,2,0.6187615394592285,0.0027918615067586473,0.0
7045,8540,letter,2,0.6971310973167419,0.28886128355531787,15.0
7050,7084,letter,2,0.5100766569375992,0.020711228546702962,0.0
7057,7069,letter,2,0.433992862701416,0.0,0.0
7059,7225,letter,2,0.49870137870311737,0.008229835659216206,0.0
7065,7143,letter,2,0.6195162534713745,0.0,0.0
7069,7515,letter,2,0.5047574490308762,0.006503760963130009,0.0
707,759,executive_order,2,0.8105234205722809,1.0000000000000002,175.0
7071,7718,letter,2,0.493624210357666,0.0341407349201022,0.0
7077,8314,letter,2,0.5606558322906494,0.005278038915494852,0.0
7078,8173,letter,2,0.48183438181877136,0.0,0.0
7079,7806,letter,2,0.4802839756011963,0.015133057727131949,0.0
7080,8373,letter,2,0.37788844108581543,0.005870077093117156,0.0
7083,7295,letter,2,0.4665775001049042,0.007826197165635327,0.0
7084,7247,letter,2,0.4986933320760727,0.002124226779627658,0.0
7085,7247,letter,2,0.464274138212204,0.00524391027028718,0.0
7090,8421,letter,2,0.5001358985900879,0.003691014238259459,0.0
7094,7877,letter,2,0.5221148282289505,0.0,0.0
7095,8494,letter,2,0.5247424840927124,0.003601662777305832,0.0
7097,7348,letter,2,0.4220297634601593,0.013864688968484175,0.0
7107,8443,letter,2,0.46943941712379456,0.011466615395020356,0.0
7109,7258,letter,2,0.4366513639688492,0.004491912652059983,0.0
7112,7376,letter,2,0.490432471036911,0.0013994657833973597,0.0
7113,7661,letter,2,0.489752858877182,0.013581816066560493,0.0
7115,8019,letter,2,0.5877629518508911,0.0018224296864217723,0.0
7116,7397,letter,2,0.49754798412323,0.004221453188961666,0.0
7117,8095,letter,2,0.47790437936782837,0.004184501142056173,0.0
7118,8320,letter,2,0.3906554579734802,0.003235393461411931,0.0
7119,7502,letter,2,0.45156823098659515,0.0032953309557076428,0.0
7120,8444,letter,2,0.5367436707019806,0.0,0.0
7121,7502,letter,2,0.4477134197950363,0.004488632246004299,0.0
7128,7731,letter,2,0.5452030301094055,0.0,0.0
7131,8329,letter,2,0.5316991806030273,0.003384012287599623,0.0
7135,8118,letter,2,0.6045258045196533,0.003884997760969179,0.0
7139,7920,letter,2,0.5293538570404053,0.0,0.0
714,1577,executive_order,2,0.7715288996696472,0.460329679174239,25.0
7140,8443,letter,2,0.39999890327453613,0.0036758777196587693,0.0
7143,7361,letter,2,0.4976359009742737,0.0029456375688971114,0.0
7145,7877,letter,2,0.572131872177124,0.0,0.0
7146,7198,letter,2,0.6429815292358398,0.037628841369031066,0.0
715,2771,executive_order,2,0.5041258335113525,0.05366399147176715,0.0
7153,8232,letter,2,0.5549777448177338,0.007709727258435097,0.0
7154,7198,letter,2,0.4968107342720032,0.020583506928593523,0.0
7155,8329,letter,2,0.39041125774383545,0.007752990972705637,0.0
7157,7920,letter,2,0.47419196367263794,0.017844189981247476,0.0
7161,7222,letter,2,0.7221367359161377,0.04090813485996545,0.0
7162,7217,letter,2,0.5976244211196899,0.0602743839021163,0.0
7174,8231,letter,2,0.41931121051311493,0.0058097690504353375,0.0
7179,8222,letter,2,0.5271549224853516,0.0,0.0
718,2472,executive_order,2,0.5587055087089539,0.08363498714136348,0.0
7180,7846,letter,2,0.5093047022819519,0.0034069189474915875,0.0
7182,8019,letter,2,0.5811247825622559,0.004284465012472118,0.0
7183,7315,letter,2,0.38635051250457764,0.0037453483017875714,0.0
7187,7534,letter,2,0.4816886782646179,0.0049401233944379175,0.0
719,765,executive_order,2,0.8418490290641785,0.9133938483848363,64.33333333333333
7190,8071,letter,2,0.4513009190559387,0.0060495345974670095,0.0
7192,8329,letter,2,0.5032532811164856,0.01135206776477485,0.0
7196,8329,letter,2,0.36206889152526855,0.004611050889509512,0.0
7197,8514,letter,2,0.512653112411499,0.0024621118913017623,0.0
7198,7222,letter,2,0.5550372004508972,0.10627421787094585,0.0
7202,7242,letter,2,0.45968371629714966,0.034522537881788586,0.0
7203,8149,letter,2,0.5419662594795227,0.004245812350750443,0.0
7205,7920,letter,2,0.45500585436820984,0.013655502497214839,0.0
7207,7225,letter,2,0.5909947752952576,0.1064698390596496,0.0
721,926,executive_order,2,0.5478569567203522,0.06694513718906116,0.0
7217,7935,letter,2,0.5876584053039551,0.02984484236259904,0.0
7222,7242,letter,2,0.6408653259277344,0.06267846056335974,0.0
7224,7333,letter,2,0.6314516663551331,0.01750347633735268,0.0
7225,7333,letter,2,0.6038826107978821,0.02436886349986244,0.0
7230,7263,letter,2,0.48529964685440063,0.0,0.0
7233,7490,letter,2,0.5409427881240845,0.0,0.0
7234,8222,letter,2,0.5374802350997925,0.0,0.0
7235,8015,letter,2,0.524325966835022,0.0,0.0
7238,7900,letter,2,0.5447221994400024,0.0,0.0
7239,7935,letter,2,0.5305262804031372,0.03779443887453923,0.0
7242,7935,letter,2,0.6280161142349243,0.02072361656502182,0.0
7247,7360,letter,2,0.5041182935237885,0.00935562496994271,0.0
725,752,executive_order,2,0.7813443839550018,1.0000000000000002,163.0
7255,8231,letter,2,0.4197840094566345,0.008310247969919256,0.0
7258,8232,letter,2,0.5687739849090576,0.005218589042145016,0.0
7259,8080,letter,2,0.44796186685562134,0.07055447564975988,0.0
7262,8458,letter,2,0.6539385318756104,0.0,0.0
7263,7408,letter,2,0.47697222232818604,0.0,0.0
727,758,executive_order,2,0.7274205982685089,0.9654559988201621,172.66666666666666
7272,7408,letter,2,0.4410153031349182,0.0204258461840696,0.0
7273,8443,letter,2,0.46343693137168884,0.007455291039057601,0.0
7274,8447,letter,2,0.5397903323173523,0.0,0.0
7281,7365,letter,2,0.490865021944046,0.0012369233674719466,0.0
7285,7369,letter,2,0.5284305810928345,0.04762721108259018,0.0
7295,7428,letter,2,0.45703867077827454,0.0013638141701428172,0.0
7296,8422,letter,2,0.4857131540775299,0.013573852736171902,0.0
73,1777,executive_order,2,0.5264082849025726,0.02651598542279671,0.0
730,1053,executive_order,2,0.5657825767993927,0.0795833682085893,0.0
7301,8320,letter,2,0.4398219883441925,0.004822906248297698,0.0
7304,8012,letter,2,0.5552420616149902,0.003055102353439925,0.0
7305,8359,letter,2,0.4013359546661377,0.0,0.0
7312,7348,letter,2,0.4857141822576523,0.0026951504774459546,0.0
7314,7900,letter,2,0.532741367816925,0.032541084724284464,0.0
7315,7940,letter,2,0.7936505675315857,0.4635875489447834,18.333333333333332
7325,7931,letter,2,0.44544076919555664,0.0,0.0
7332,8495,letter,2,0.5162137746810913,0.08287773415948357,10.0
7333,8495,letter,2,0.6273539066314697,0.01830446694095649,0.0
7334,7517,letter,2,0.5182417333126068,0.0007753699888765727,0.0
7337,8529,letter,2,0.5065598487854004,0.002959803211190184,0.0
7344,8049,letter,2,0.4001163840293884,0.0061953779615630655,0.0
7348,7920,letter,2,0.49798446893692017,0.008086451214894532,0.0
735,2059,executive_order,2,0.6434549987316132,0.21658965371950423,4.0
7360,7397,letter,2,0.5397595167160034,0.006357058325247904,0.0
7361,7606,letter,2,0.48096078634262085,0.0,0.0
7365,8071,letter,2,0.49126268923282623,0.007075057690133876,0.0
7367,8458,letter,2,0.3708023130893707,0.004234731297757189,0.0
7369,8444,letter,2,0.6517111659049988,0.025843713021548084,0.0
7376,8095,letter,2,0.5315650403499603,0.0,0.0
738,777,executive_order,2,0.4502905011177063,0.0571760020122661,5.0
7381,7963,letter,2,0.537409782409668,0.01127075229345651,0.0
7389,8193,letter,2,0.453637957572937,0.016807000376555505,0.0
7397,8231,letter,2,0.48003435134887695,0.02476021181303254,0.0
7405,8227,letter,2,0.5079936981201172,0.019716650497150073,0.0
7408,8184,letter,2,0.48055024445056915,0.0031605394361440705,0.0
7409,8246,letter,2,0.5101944208145142,0.0,0.0
741,1823,executive_order,2,0.7096717357635498,0.34336711254516783,11.0
7411,7497,letter,2,0.4956737160682678,0.006684673472218117,0.0
7418,7559,letter,2,0.4858155846595764,0.005057607051785635,0.0
7419,8359,letter,2,0.46964502334594727,0.0015836910165321894,0.0
7420,7582,letter,2,0.4616316705942154,0.00742478946752127,0.0
7428,8231,letter,2,0.5302551537752151,0.004930806173897974,0.0
743,875,executive_order,2,0.49577057361602783,0.07255032365991944,4.0
7430,8490,letter,2,0.5843740701675415,0.012904311987757171,0.0
7441,8472,letter,2,0.5165882110595703,0.0,0.0
7444,8060,letter,2,0.4607407748699188,0.006066400534214116,0.0
7445,7731,letter,2,0.5515484809875488,0.0,0.0
7453,8404,letter,2,0.488143652677536,0.009671742857599546,0.0
7456,8184,letter,2,0.4333638697862625,0.004195809027995001,0.0
7458,8474,letter,2,0.516704797744751,0.007133283189678953,0.0
7459,8280,letter,2,0.5630465745925903,0.0,0.0
7465,7490,letter,2,0.4335329383611679,0.0008572947983140232,0.0
7468,8459,letter,2,0.4014054089784622,0.005903045095747163,0.0
7473,7535,letter,2,0.5588338375091553,0.0,0.0
7476,7742,letter,2,0.8483586311340332,0.3940731575252681,17.666666666666668
7482,8439,letter,2,0.5291641056537628,0.014047935771768697,0.0
7483,8123,letter,2,0.5050125122070312,0.0,0.0
749,1002,executive_order,2,0.847095787525177,0.9020546907307135,62.0
7490,8414,letter,2,0.47653400897979736,0.0014204446486289714,0.0
7493,7745,letter,2,0.4539334774017334,0.002202184796194037,0.0
7497,7586,letter,2,0.42825770378112793,0.003956301973054353,0.0
7502,8149,letter,2,0.43519870936870575,0.0031490830739973243,0.0
7510,8404,letter,2,0.4572841227054596,0.006471538410850296,0.0
7511,8140,letter,2,0.47300899028778076,0.0,0.0
7515,8152,letter,2,0.6349451541900635,0.016882014037920202,0.0
7517,7877,letter,2,0.4764639139175415,0.05261280089167918,0.0
7519,7557,letter,2,0.628218412399292,0.017808788524877852,0.0
752,759,executive_order,2,0.7917711138725281,0.9999999999999999,144.33333333333334
7520,8103,letter,2,0.4372045248746872,0.005026347965991645,0.0
7522,7925,letter,2,0.46521078050136566,0.0,0.0
7523,8118,letter,2,0.4635206460952759,0.009500091751475835,0.0
7534,8060,letter,2,0.4496783912181854,0.01212464476372229,0.0
7535,7947,letter,2,0.5301131010055542,0.0,0.0
7543,7944,letter,2,0.4947115480899811,0.0,0.0
755,758,executive_order,2,0.7641317844390869,1.0000000000000002,129.33333333333334
7556,8200,letter,2,0.5008370131254196,0.010618988110515435,0.0
7557,8074,letter,2,0.5551878809928894,0.03172166081593658,0.0
7559,8171,letter,2,0.535057321190834,0.0032760309455634427,0.0
7567,8483,letter,2,0.5316937565803528,0.007467208125966347,0.0
7571,8184,letter,2,0.4771225303411484,0.008901669749346268,0.0
7582,7894,letter,2,0.4172726571559906,0.0016064002714142698,0.0
7583,8444,letter,2,0.5444978773593903,0.015089667599150518,0.0
7586,7628,letter,2,0.4395548552274704,0.0036326772821114765,0.0
759,847,executive_order,2,0.7392996847629547,1.0000000000000002,150.0
7596,7638,letter,2,0.5061812400817871,0.003928805394452392,0.0
7602,7826,letter,2,0.6139567196369171,0.03110566150502876,0.0
7603,8019,letter,2,0.5798367261886597,0.00457113915322743,0.0
7604,8231,letter,2,0.4756043255329132,0.01260515618824521,0.0
7606,8502,letter,2,0.4714971333742142,0.005951197880608812,0.0
761,924,executive_order,2,0.5277600288391113,0.08468107458863738,9.666666666666666
7613,7819,letter,2,0.8559116721153259,0.591608933033354,24.666666666666668
7614,7912,letter,2,0.46744686365127563,0.0053281083503405,0.0
7615,7817,letter,2,0.5053357481956482,0.0406379108686192,0.0
7616,8060,letter,2,0.5879097580909729,0.008917295923424415,0.0
762,3984,executive_order,2,0.5510185956954956,0.02376865970011327,0.0
7625,8060,letter,2,0.47470615804195404,0.006721501348423298,0.0
7628,8071,letter,2,0.528270423412323,0.003832574257756858,0.0
7629,7680,letter,2,0.47082996368408203,0.002700527271796166,0.0
7638,8171,letter,2,0.5675120651721954,0.004607366143921177,0.0
7645,8039,letter,2,0.5121744871139526,0.009799253188116402,0.0
765,833,executive_order,2,0.8453790545463562,0.8170157071676577,58.333333333333336
7654,7873,letter,2,0.4480511248111725,0.01740367617053831,0.0
7661,7723,letter,2,0.5169652104377747,0.03290809590141082,0.0
7663,7785,letter,2,0.5365222990512848,0.00772030628905844,0.0
7670,8269,letter,2,0.3845473378896713,0.00741923579266884,0.0
7671,8359,letter,2,0.4769340753555298,0.005464791975443038,0.0
7673,8320,letter,2,0.48476843535900116,0.0015813433242003975,0.0
7680,7910,letter,2,0.4617091715335846,0.015770314038606813,0.0
7685,8319,letter,2,0.3960571140050888,0.005177632323400313,0.0
769,980,executive_order,2,0.49783211946487427,0.0659730928575976,0.0
77,264,executive_order,2,0.4442497491836548,0.06110377333297623,26.333333333333332
770,796,executive_order,2,0.48318226635456085,0.16623739565830686,10.0
7700,8012,letter,2,0.41115039587020874,0.012700121039094259,0.0
7706,7819,letter,2,0.842144250869751,0.5171495630927564,21.0
771,900,executive_order,2,0.5543506443500519,0.1222556085371815,0.0
7716,8026,letter,2,0.4920901209115982,0.009587184542674322,0.0
7718,8171,letter,2,0.47646524012088776,0.005776497042385573,0.0
7719,8530,letter,2,0.44637803733348846,0.0049708569225165875,0.0
7720,8199,letter,2,0.4365367889404297,0.007756788947233548,0.0
7723,8474,letter,2,0.6121996343135834,0.056694399355577234,0.0
773,964,executive_order,2,0.7812636494636536,0.8534020031060777,96.33333333333333
7731,8222,letter,2,0.4841298758983612,0.0,0.0
7733,8481,letter,2,0.5481035709381104,0.010952456292800812,0.0
7740,8227,letter,2,0.4563582092523575,0.007060042828460799,0.0
7742,7940,letter,2,0.849542498588562,0.48014872758618116,17.333333333333332
7745,8426,letter,2,0.35587698221206665,0.005015537202795069,0.0
7749,8439,letter,2,0.5017108470201492,0.0029847773705738534,0.0
7756,8547,letter,2,0.41332510113716125,0.015597506793271798,0.0
7762,8439,letter,2,0.4121745228767395,0.00564788526191164,0.0
7765,8231,letter,2,0.47459936141967773,0.009980888125459577,0.0
7766,7976,letter,2,0.4313137084245682,0.015555320219224612,0.0
777,1038,executive_order,2,0.5002458393573761,0.03386593200858231,0.0
7774,7920,letter,2,0.4808807671070099,0.005346768335536227,0.0
7780,8472,letter,2,0.3987131416797638,0.0038254465599431705,0.0
7782,8280,letter,2,0.4777599275112152,0.0,0.0
7785,7904,letter,2,0.4464668035507202,0.013193866289026128,0.0
780,1929,executive_order,2,0.5529863238334656,0.13875947622263965,16.333333333333332
7806,8421,letter,2,0.4687730669975281,0.007794389329638502,0.0
7807,8149,letter,2,0.4715140461921692,0.0025463232032750627,0.0
7817,8257,letter,2,0.47583118081092834,0.0,0.0
7819,8540,letter,2,0.7413902878761292,0.3882586381917046,21.5
7823,8171,letter,2,0.4781496226787567,0.004558593829312586,0.0
7826,8359,letter,2,0.49425840377807617,0.004413053415659388,0.0
7828,8184,letter,2,0.5870254039764404,0.01867262036219991,0.0
7837,7926,letter,2,0.5440374612808228,0.027369491778634257,0.0
7838,8460,letter,2,0.4797714501619339,0.004240079999373754,0.0
7846,8443,letter,2,0.534468412399292,0.013250151595864786,0.0
7847,7873,letter,2,0.3919643610715866,0.0030450511873723433,0.0
7849,8249,letter,2,0.3962589353322983,0.003916041780595903,0.0
785,1445,executive_order,2,0.6136481761932373,0.047470277904937234,0.0
7873,8250,letter,2,0.4357915073633194,0.0033669857333517212,0.0
7874,8171,letter,2,0.5143884718418121,0.004147887814006163,0.0
7877,7935,letter,2,0.471662700176239,0.0,0.0
7894,8140,letter,2,0.5172547698020935,0.008650894417251828,0.0
7895,8257,letter,2,0.500990092754364,0.0,0.0
790,2344,executive_order,2,0.5684317946434021,0.0314004980331428,0.0
7900,7935,letter,2,0.5639846324920654,0.0,0.0
7904,7935,letter,2,0.5145774483680725,0.004343905651127851,0.0
7905,8193,letter,2,0.5224741995334625,0.0037268085859296883,0.0
7910,7947,letter,2,0.36994609236717224,0.017661560382631673,0.0
7912,8257,letter,2,0.4883769154548645,0.025680163244287124,0.0
7919,8501,letter,2,0.4058869332075119,0.029433069929029155,0.0
7920,8324,letter,2,0.4670617878437042,0.017467594200781256,0.0
7922,8443,letter,2,0.4593020975589752,0.0022638035322495136,0.0
7925,8140,letter,2,0.4807946979999542,0.0,0.0
7926,8550,letter,2,0.5046200752258301,0.018218858328664607,0.0
7928,8117,letter,2,0.46930305659770966,0.023039526418200264,0.0
7931,8429,letter,2,0.691590428352356,0.13121935032685975,0.0
7935,8481,letter,2,0.5621105432510376,0.0441071618831767,0.0
794,993,executive_order,2,0.5243553221225739,0.07261187065728907,0.0
7940,8069,letter,2,0.6589804887771606,0.4518946848970272,27.5
7944,8325,letter,2,0.4821932464838028,0.012686721093777324,0.0
7947,8140,letter,2,0.6230385601520538,0.0,0.0
7951,8474,letter,2,0.6298443078994751,0.02690856530708879,0.0
7957,8184,letter,2,0.47557321190834045,0.003301416367784992,0.0
7958,8039,letter,2,0.46181394159793854,0.007113883749952932,0.0
796,1364,executive_order,2,0.5355857908725739,0.05913162935520753,3.3333333333333335
7960,8434,letter,2,0.46430763602256775,0.009054352278689401,0.0
7963,8495,letter,2,0.5328134298324585,0.020697501933172425,0.0
7964,8140,letter,2,0.5149421989917755,0.0,0.0
7966,8530,letter,2,0.5383040606975555,0.005205131864241772,0.0
7967,8222,letter,2,0.4676642417907715,0.0,0.0
7976,8435,letter,2,0.5387677550315857,0.0032832164383115228,0.0
7977,8271,letter,2,0.43299050629138947,0.00936258740942147,0.0
7987,8495,letter,2,0.4499574601650238,0.0,0.0
7993,8227,letter,2,0.38751786947250366,0.005718497227306593,0.0
7998,8266,letter,2,0.4984366297721863,0.001717854385500124,0.0
80,442,executive_order,2,0.4740958660840988,0.036238904159815954,12.666666666666666
8012,8060,letter,2,0.4844636917114258,0.009937048792814146,0.0
8015,8444,letter,2,0.4860161542892456,0.0,0.0
8019,8459,letter,2,0.45521003007888794,0.0,0.0
8023,8028,letter,2,0.44977426528930664,0.01093363861238002,0.0
8026,8459,letter,2,0.4524861127138138,0.04725508205309966,0.0
8028,8080,letter,2,0.509346067905426,0.02887587694956027,0.0
8033,8246,letter,2,0.4212305545806885,0.003949190297233401,0.0
8039,8422,letter,2,0.5829935073852539,0.028171738306898883,0.0
8049,8280,letter,2,0.46953779458999634,0.006550372248878604,0.0
8060,8171,letter,2,0.6096009910106659,0.020201260096116263,0.0
8063,8502,letter,2,0.5767419338226318,0.010211385559877733,0.0
8064,8324,letter,2,0.46085481345653534,0.015636034057486953,0.0
8069,8218,letter,2,0.7144433856010437,0.3165149372698955,34.5
8071,8460,letter,2,0.435827299952507,0.008876345293680483,0.0
8074,8269,letter,2,0.4935651272535324,0.006039810857573124,0.0
808,846,executive_order,2,0.7469798922538757,1.0000000000000002,156.66666666666666
8080,8495,letter,2,0.4223170876502991,0.029562768712360472,0.0
8089,8218,letter,2,0.7574593424797058,0.5533178449902764,18.666666666666668
8095,8359,letter,2,0.45708058774471283,0.002288161123871514,0.0
81,254,executive_order,2,0.47493165731430054,0.01343494767804989,0.0
8102,8171,letter,2,0.4230727404356003,0.0022258232463569076,0.0
8103,8329,letter,2,0.6019478738307953,0.009122320773017598,0.0
8113,8227,letter,2,0.48730313777923584,0.01457303810442751,0.0
8114,8199,letter,2,0.5945039391517639,0.010308292793111,0.0
8117,8249,letter,2,0.5260210633277893,0.045871979448975614,0.0
8118,8171,letter,2,0.5542692542076111,0.016400304665906064,0.0
812,2187,executive_order,2,0.48682110011577606,0.061549955494699556,0.0
8123,8425,letter,2,0.49096977710723877,0.008521149799041611,0.0
814,1067,executive_order,2,0.543965756893158,0.01398323721412396,0.0
8140,8171,letter,2,0.5535254776477814,0.021429343449528904,0.0
8148,8269,letter,2,0.48051753640174866,0.006000371765632779,0.0
8149,8459,letter,2,0.46584436297416687,0.03807776761855425,0.0
8152,8550,letter,2,0.42840611934661865,0.012377189133025322,0.0
8154,8423,letter,2,0.5378630459308624,0.004763734786111277,0.0
8167,8447,letter,2,0.5114829540252686,0.0,0.0
817,859,executive_order,2,0.5049271285533905,0.08854139761514775,4.333333333333333
8171,8200,letter,2,0.49858590960502625,0.03139288729665412,4.666666666666667
8173,8249,letter,2,0.6166789531707764,0.05959540328942646,0.0
818,854,executive_order,2,0.5441466569900513,0.09675707835111179,10.0
8181,8314,letter,2,0.4703655391931534,0.014474181972916014,0.0
8184,8200,letter,2,0.4901217520236969,0.010450658591431128,0.0
8186,8371,letter,2,0.49220193922519684,0.033426277398069935,0.0
8189,8227,letter,2,0.5219046622514725,0.0,0.0
819,964,executive_order,2,0.6465503871440887,0.2629203023614332,21.666666666666668
8193,8478,letter,2,0.4400930553674698,0.002000979853440694,0.0
8194,8199,letter,2,0.5660414099693298,0.01080783237042492,0.0
8196,8501,letter,2,0.4035531133413315,0.0016809351934647518,0.0
8198,8320,letter,2,0.44862455129623413,0.002985488605521776,0.0
8199,8200,letter,2,0.6731191575527191,0.050847433755727464,0.0
82,154,executive_order,2,0.43854178488254547,0.10569419688476313,36.333333333333336
8200,8213,letter,2,0.4670916348695755,0.022155895897666863,0.0
8204,8257,letter,2,0.438076376914978,0.016751863642218874,0.0
8208,8227,letter,2,0.47107286751270294,0.005677523679178478,0.0
821,1814,executive_order,2,0.6100215911865234,0.04773900149998308,10.0
8213,8227,letter,2,0.5332527160644531,0.008050248397230904,0.0
8215,8230,letter,2,0.5385138988494873,0.023247060563657492,0.0
8218,8380,letter,2,0.7583982944488525,0.473689443377553,11.333333333333334
822,1015,executive_order,2,0.5049188286066055,0.036807683628998035,0.0
8222,8255,letter,2,0.4891992211341858,0.01117841393619619,0.0
8224,8495,letter,2,0.5511033535003662,0.01170641935489324,0.0
8227,8230,letter,2,0.4838760048151016,0.10533256105456769,9.666666666666666
8230,8439,letter,2,0.5140609294176102,0.007052544832279996,0.0
8231,8318,letter,2,0.46965642273426056,0.0054384683826370584,0.0
8232,8373,letter,2,0.39835792779922485,0.006698088031881776,0.0
8237,8366,letter,2,0.44904017448425293,0.06442784598835713,0.0
8238,8443,letter,2,0.44833533465862274,0.00447579714766687,0.0
8243,8315,letter,2,0.49737849831581116,0.005344146719373928,0.0
8246,8472,letter,2,0.5325350761413574,0.0015976093216142073,0.0
8249,8414,letter,2,0.5171014368534088,0.027851319189670282,0.0
825,3939,executive_order,2,0.5328864753246307,0.010246049287734925,0.0
8250,8423,letter,2,0.3667701929807663,0.004937801811065748,0.0
8251,8476,letter,2,0.7970518469810486,0.5424550894778479,14.333333333333334
8255,8409,letter,2,0.4788075089454651,0.002343370885628988,0.0
8257,8289,letter,2,0.45977354049682617,0.010925727005960164,0.0
8266,8318,letter,2,0.5157015174627304,0.009694740956312215,0.0
8269,8329,letter,2,0.44495685398578644,0.004574936276272207,0.0
8270,8550,letter,2,0.4884001910686493,0.006121995594487767,0.0
8271,8429,letter,2,0.4576585590839386,0.004447417305204002,0.0
8280,8342,letter,2,0.4991968274116516,0.0,0.0
8289,8366,letter,2,0.4862046241760254,0.012373556785824623,0.0
8297,8474,letter,2,0.5209150314331055,0.0,0.0
8309,8447,letter,2,0.5398789644241333,0.0,0.0
831,1539,executive_order,2,0.4378756731748581,0.007526196366511998,0.0
8314,8490,letter,2,0.382842019200325,0.0031720125413141737,0.0
8315,8528,letter,2,0.530662328004837,0.005349887092400605,0.0
8318,8458,letter,2,0.5702701508998871,0.004158178377974831,0.0
8319,8325,letter,2,0.470201313495636,0.009387618825389415,0.0
8320,8447,letter,2,0.44953636825084686,0.016922191154961116,0.0
8323,8435,letter,2,0.5165217518806458,0.010480970822442433,0.0
8324,8422,letter,2,0.49331605434417725,0.011535229069404004,0.0
8325,8483,letter,2,0.4970995634794235,0.014822880812825961,0.0
8327,8421,letter,2,0.47879743576049805,0.0,0.0
8328,8397,letter,2,0.41034936904907227,0.02600049634342414,0.0
8329,8371,letter,2,0.5845942497253418,0.04050848943006624,0.0
833,1418,executive_order,2,0.8304200768470764,0.7236109599187183,48.333333333333336
8333,8472,letter,2,0.4049816429615021,0.005882065192100088,0.0
8342,8376,letter,2,0.49666130542755127,0.02983514176249482,0.0
8346,8364,letter,2,0.3825611472129822,0.02199543816451191,0.0
835,1065,executive_order,2,0.5370285511016846,0.02988685457710935,0.0
8353,8490,letter,2,0.4576317071914673,0.01040012663760266,0.0
8354,8434,letter,2,0.3990412950515747,0.009919517652063744,0.0
8359,8472,letter,2,0.38021591305732727,0.011294959130216374,0.0
8360,8439,letter,2,0.4553883224725723,0.006531301418539536,0.0
8363,8550,letter,2,0.4080771207809448,0.0,0.0
8364,8371,letter,2,0.42855487763881683,0.014340818882883341,0.0
8365,8376,letter,2,0.6609264612197876,0.15523817345456317,35.0
8366,8423,letter,2,0.47150225937366486,0.0077248511777710535,0.0
8371,8434,letter,2,0.5826994776725769,0.06264157323592884,0.0
8373,8514,letter,2,0.4252748042345047,0.012651547509303853,0.0
8376,8383,letter,2,0.68348228931427,0.7353766708960598,99.0
838,978,executive_order,2,0.761901319026947,0.9879938327560455,127.66666666666667
8380,8525,letter,2,0.7972671985626221,0.4846604553117208,11.333333333333334
8383,8491,letter,2,0.5962740182876587,0.06558277446125915,0.0
839,2270,executive_order,2,0.5046229958534241,0.05265460761596444,0.0
8391,8474,letter,2,0.6586427092552185,0.02504931633201974,0.0
8393,8530,letter,2,0.45717521011829376,0.0,0.0
8394,8443,letter,2,0.4316631555557251,0.0,0.0
8397,8439,letter,2,0.5090085119009018,0.002189459472318983,0.0
8404,8530,letter,2,0.4683310240507126,0.004346851031357673,0.0
8409,8459,letter,2,0.42697907984256744,0.011186770967895525,0.0
8410,8547,letter,2,0.3922153115272522,0.015302123568592337,0.0
8413,8430,letter,2,0.47457563877105713,0.00618430864526133,0.0
8414,8459,letter,2,0.4561898410320282,0.005680955034315045,0.0
8416,8528,letter,2,0.5009387731552124,0.005871635023523825,0.0
8418,8528,letter,2,0.4176168739795685,0.00562279864458824,0.0
842,1080,executive_order,2,0.5491175055503845,0.061791308119630795,0.0
8421,8530,letter,2,0.5040000975131989,0.007207901634010125,0.0
8422,8494,letter,2,0.38018152117729187,0.004114695777344955,0.0
8423,8459,letter,2,0.46115022897720337,0.014535912998959755,0.0
8425,8459,letter,2,0.46525920927524567,0.013550589841910807,0.0
8426,8443,letter,2,0.4922425150871277,0.0,0.0
8429,8481,letter,2,0.39432480931282043,0.020244481260007743,0.0
843,2050,executive_order,2,0.5210534334182739,0.07399914220905857,0.0
8430,8443,letter,2,0.4241713881492615,0.010137669912254897,0.0
8434,8459,letter,2,0.3885658383369446,0.007263442680405245,0.0
8435,8459,letter,2,0.4787061810493469,0.012632759330167366,0.0
8439,8530,letter,2,0.5435507595539093,0.011059730589370674,0.0
844,3113,executive_order,2,0.5782172679901123,0.10036625900123604,0.0
8443,8472,letter,2,0.5101853013038635,0.0025147911289224198,0.0
8444,8458,letter,2,0.4592331051826477,0.01087725518855554,0.0
8447,8458,letter,2,0.4772280752658844,0.006963984014351842,0.0
8458,8514,letter,2,0.4219065308570862,0.01199281863079448,0.0
8459,8483,letter,2,0.41038259863853455,0.028723529107095244,0.0
8460,8474,letter,2,0.4243776202201843,0.01971113073956524,0.0
8468,8514,letter,2,0.4614567160606384,0.0018875808140186479,0.0
8472,8530,letter,2,0.4666944593191147,0.0061493653963233304,0.0
8474,8490,letter,2,0.6347849071025848,0.01751187459347896,0.0
8476,8540,letter,2,0.7274936735630035,0.5366320639019848,22.5
8477,8530,letter,2,0.43540987372398376,0.0017110378452063486,0.0
8478,8483,letter,2,0.44623082876205444,0.005677289789660055,0.0
8481,8507,letter,2,0.4525304436683655,0.0,0.0
8483,8502,letter,2,0.37486232817173004,0.024340392118440732,0.0
8490,8491,letter,2,0.5792940855026245,0.038973925146224185,0.0
8491,8530,letter,2,0.4197319746017456,0.0018778341763067883,0.0
8494,8514,letter,2,0.3831845670938492,0.01070200748337064,0.0
8495,8550,letter,2,0.4104739725589752,0.0029564756713115386,0.0
8498,8525,letter,2,0.36303092539310455,0.005313403197118962,0.0
85,1230,executive_order,2,0.47418731451034546,0.11115816076495867,0.0
8501,8530,letter,2,0.41168108582496643,0.006073921682293519,0.0
8502,8530,letter,2,0.38664157688617706,0.008301959640604388,0.0
8506,8537,letter,2,0.39269334077835083,0.004584453168706759,0.0
8507,8547,letter,2,0.34751421213150024,0.008575961558849283,0.0
851,1422,executive_order,2,0.5282599925994873,0.13767813512852078,13.0
8514,8547,letter,2,0.37100552022457123,0.0015445867696088143,0.0
8525,8530,letter,2,0.37188485264778137,0.0,0.0
8528,8530,letter,2,0.3862645626068115,0.005073703975555345,0.0
8529,8550,letter,2,0.3087753355503082,0.0022879793855090837,0.0
8530,8547,letter,2,0.352212518453598,0.0018677504355643628,0.0
8537,8550,letter,2,0.2645140737295151,0.0011021340772987532,0.0
854,1442,executive_order,2,0.5068699419498444,0.050126679283743376,0.0
8540,8550,letter,2,0.2569786310195923,0.0,0.0
8554,8754,memorandum,2,0.7138766944408417,0.37038513972395776,5.333333333333333
8555,8556,memorandum,2,0.6657379865646362,0.6465699694552525,19.0
8556,9928,memorandum,2,0.7214957475662231,0.7324012710025286,18.0
8557,9143,memorandum,2,0.49260683357715607,0.009050762161932811,0.0
8559,9862,memorandum,2,0.526750847697258,0.09169132794800332,14.333333333333334
856,997,executive_order,2,0.535669595003128,0.024652037903497653,0.0
8560,9342,memorandum,2,0.5057800710201263,0.001805777261569493,0.0
8561,8625,memorandum,2,0.440679669380188,0.042350819257668856,0.0
8562,8783,memorandum,2,0.8018665611743927,0.9138774595517133,154.66666666666666
8564,9243,memorandum,2,0.8671070337295532,0.8937488889969317,58.0
8565,9896,memorandum,2,0.5455625057220459,0.004022378952393152,0.0
8566,12,memorandum,2,0.546819418668747,0.04551213372645546,0.0
8567,8577,memorandum,2,0.6016327738761902,0.043756395182943615,0.0
8568,8863,memorandum,2,0.5522885918617249,0.009725636243709172,0.0
8569,8727,memorandum,2,0.6009462177753448,0.05007093592627377,9.333333333333334
8570,25,memorandum,2,0.5059759616851807,0.03381430081312204,0.0
8572,9196,memorandum,2,0.5274665653705597,0.07564611512160123,3.3333333333333335
8573,10812,memorandum,2,0.5076284408569336,0.0,0.0
8574,8995,memorandum,2,0.8526378273963928,0.30863728411941166,64.33333333333333
8575,8734,memorandum,2,0.8867945671081543,1.0000000000000004,28.0
8576,9587,memorandum,2,0.544039785861969,0.04508456791827629,0.0
8577,8972,memorandum,2,0.5622076392173767,0.017891080818387545,0.0
8578,11433,memorandum,2,0.4795721471309662,0.0,0.0
8579,9926,memorandum,2,0.842073917388916,0.6067442194158635,24.333333333333332
858,936,executive_order,2,0.8356128931045532,0.5712634020792807,96.33333333333333
8580,11281,memorandum,2,0.504025936126709,0.014043537150107942,0.0
8581,8735,memorandum,2,0.912861704826355,0.999999999999999,92.0
8582,8859,memorandum,2,0.8310454487800598,0.44565162845926504,16.0
8583,9252,memorandum,2,0.648161768913269,0.06102756160243747,0.0
8585,8637,memorandum,2,0.6990686655044556,0.2988526123161821,47.666666666666664
8586,9450,memorandum,2,0.5064114183187485,0.026184852323149103,0.0
8587,9585,memorandum,2,0.5511815249919891,0.010710536283475444,0.0
8589,9074,memorandum,2,0.5352532863616943,0.039972833585291,0.0
859,964,executive_order,2,0.6509603261947632,0.3029669026328862,20.666666666666668
8591,9031,memorandum,2,0.4744826555252075,0.0,0.0
8592,8754,memorandum,2,0.7196249961853027,0.3922084042183869,5.0
8593,8750,memorandum,2,0.7120839655399323,0.25993038702334387,5.5
8594,8709,memorandum,2,0.8643679618835449,0.9423271917887254,61.0
8595,9450,memorandum,2,0.5515961647033691,0.01657730580317886,0.0
8596,9595,memorandum,2,0.5182608067989349,0.004557560767519136,0.0
8597,8905,memorandum,2,0.5400307923555374,0.018707667862205273,0.0
8598,9142,memorandum,2,0.7397193610668182,0.2579285511244654,31.0
8599,9277,memorandum,2,0.46249692142009735,0.09149371911622893,0.0
8600,9450,memorandum,2,0.5951870083808899,0.03662129601159814,0.0
8602,10739,memorandum,2,0.5912331640720367,0.03666520348148422,0.0
8604,8614,memorandum,2,0.5445273518562317,0.10663960713805577,0.0
8605,8614,memorandum,2,0.5547751188278198,0.06319975662025866,0.0
8606,11099,memorandum,2,0.5477698743343353,0.018267273679541722,0.0
8607,8905,memorandum,2,0.5421729683876038,0.017917719115217837,0.0
8608,8639,memorandum,2,0.6269145309925079,0.002728362815067918,0.0
8609,9825,memorandum,2,0.5317104160785675,0.03012039835981939,0.0
861,3705,executive_order,2,0.5115543603897095,0.015909964786439443,0.0
8611,11552,memorandum,2,0.5018647909164429,0.005501607879615427,0.0
8612,9449,memorandum,2,0.8319604396820068,0.7911411825280449,16.0
8614,9014,memorandum,2,0.48560166358947754,0.008180001545441202,0.0
8615,9112,memorandum,2,0.61128169298172,0.09070280249921127,3.6666666666666665
8616,9078,memorandum,2,0.45238903164863586,0.044883808218506356,0.0
8617,9605,memorandum,2,0.5540777146816254,0.011240997421042351,0.0
8618,8943,memorandum,2,0.5390209257602692,0.025772161293049583,0.0
8619,9286,memorandum,2,0.5275697708129883,0.003900172952681087,0.0
8620,9351,memorandum,2,0.4738941788673401,0.01100447221084833,0.0
8621,9375,memorandum,2,0.5162144303321838,0.0,0.0
8622,11897,memorandum,2,0.5348824858665466,0.0,0.0
8623,9073,memorandum,2,0.552852988243103,0.032080999631792215,0.0
8624,9587,memorandum,2,0.5150435119867325,0.012820203966517058,0.0
8627,10047,memorandum,2,0.5223186314105988,0.0288186395084008,0.0
8629,10516,memorandum,2,0.5090548992156982,0.020527054855998015,0.0
8631,9047,memorandum,2,0.46498484909534454,0.05904416044092561,6.666666666666667
8633,10095,memorandum,2,0.49036945402622223,0.03340140593963129,0.0
8634,9270,memorandum,2,0.5782668590545654,0.07567367001316207,4.666666666666667
8635,10576,memorandum,2,0.4948035180568695,0.001461547473340848,0.0
8636,10766,memorandum,2,0.5480778813362122,0.007605967240046696,0.0
8637,11306,memorandum,2,0.609242707490921,0.03625076247085865,3.6666666666666665
8638,9138,memorandum,2,0.44922196865081787,0.01581646881886178,0.0
8639,11394,memorandum,2,0.5580657720565796,0.03867774724822923,0.0
8640,11347,memorandum,2,0.5693654417991638,0.06678245046933128,0.0
8642,9138,memorandum,2,0.48056381940841675,0.036767117838873445,0.0
8643,8967,memorandum,2,0.7377334833145142,0.6232843445936599,37.0
8644,10599,memorandum,2,0.5016293227672577,0.009957931710315825,0.0
8645,8869,memorandum,2,0.835857093334198,0.5460430588810815,142.66666666666666
8647,8914,memorandum,2,0.7639169692993164,0.602363596094327,75.0
8648,9141,memorandum,2,0.5750924348831177,0.026283069011331334,0.0
8649,8722,memorandum,2,0.8047481775283813,0.6863439309315594,16.0
8650,10104,memorandum,2,0.5315393209457397,0.059924059013319486,0.0
8653,9178,memorandum,2,0.7109341621398926,0.270147530514749,43.666666666666664
8656,9146,memorandum,2,0.8219319581985474,0.39764868374710144,58.666666666666664
8657,8992,memorandum,2,0.6993696093559265,0.35857619738014707,50.666666666666664
8658,9148,memorandum,2,0.6785014867782593,0.5561539254527298,140.0
8659,8736,memorandum,2,0.913575291633606,0.822950336209791,46.0
8660,9921,memorandum,2,0.4966299831867218,0.03399372190483731,0.0
8661,9999,memorandum,2,0.5360516607761383,0.05941535180698696,0.0
8662,8967,memorandum,2,0.7110119163990021,0.5402323314131617,23.666666666666668
8663,8669,memorandum,2,0.8814330101013184,0.8957637526928756,59.0
8664,8670,memorandum,2,0.878380537033081,0.8983530739489025,59.0
8666,8726,memorandum,2,0.8710918426513672,1.0000000000000009,61.0
8667,8669,memorandum,2,0.8817044496536255,0.8969356724553501,59.0
8668,8830,memorandum,2,0.4688374400138855,0.07733677363978755,12.0
8669,8670,memorandum,2,0.8792702555656433,0.8983530739489025,59.0
8670,8714,memorandum,2,0.8765376210212708,0.8995283812973811,59.0
8671,8859,memorandum,2,0.8658010959625244,0.6879794270506899,99.66666666666667
8672,8728,memorandum,2,0.8158159852027893,0.9791094373650829,156.66666666666666
8673,8790,memorandum,2,0.8394496440887451,0.7276643120709503,84.33333333333333
8674,8809,memorandum,2,0.79588782787323,0.6345552225537746,44.0
8675,8809,memorandum,2,0.8897408843040466,0.8572404066035778,59.0
8676,8705,memorandum,2,0.8843988180160522,0.9087190976910355,114.0
8677,8793,memorandum,2,0.8192556798458099,0.288416793412885,79.0
8678,8796,memorandum,2,0.8867945671081543,1.0000000000000004,28.0
8679,9385,memorandum,2,0.7516064941883087,0.831330280366329,42.0
8680,9105,memorandum,2,0.6530911922454834,0.34930107036747354,24.0
8681,8737,memorandum,2,0.8867992162704468,0.892772193401069,60.0
8682,8696,memorandum,2,0.888379693031311,0.9999999999999996,61.0
8683,9488,memorandum,2,0.5490111410617828,0.03557017390405002,0.0
8684,8802,memorandum,2,0.912861704826355,0.999999999999999,92.0
8685,8741,memorandum,2,0.8900131583213806,0.8890494549461441,60.0
8686,8852,memorandum,2,0.7252143621444702,0.48576330848869115,37.0
8687,9105,memorandum,2,0.6412093639373779,0.2840034236362985,0.0
8688,11537,memorandum,2,0.48714403808116913,0.007095433084860524,0.0
8689,8899,memorandum,2,0.6802685260772705,0.3999430653641809,62.0
8690,8799,memorandum,2,0.8047481775283813,0.6863439309315594,16.0
8691,8694,memorandum,2,0.5670583546161652,0.38781588783175897,7.666666666666667
8692,8978,memorandum,2,0.7211795747280121,0.5777861252605777,31.333333333333332
8693,8855,memorandum,2,0.6789278984069824,0.2898441034042172,11.0
8694,9102,memorandum,2,0.7014859020709991,0.5734331109486317,26.0
8695,11340,memorandum,2,0.8403481245040894,0.8280755833575694,48.0
8696,8737,memorandum,2,0.8880525231361389,0.9006273563358689,60.0
8697,9081,memorandum,2,0.7385001182556152,0.5094441876687962,8.333333333333334
8698,8739,memorandum,2,0.8857691287994385,0.9107144764902371,114.0
8699,9169,memorandum,2,0.7832854390144348,0.2603578479126966,36.666666666666664
87,254,executive_order,2,0.48759403824806213,0.03247740495413866,14.333333333333334
8700,8788,memorandum,2,0.812972366809845,0.4300184213245049,16.0
8703,9167,memorandum,2,0.5942972898483276,0.07910357419404927,0.0
8704,8737,memorandum,2,0.8885588049888611,0.8913981267616511,60.0
8705,8730,memorandum,2,0.8835616111755371,0.8282077528759653,108.0
8706,8946,memorandum,2,0.4438151866197586,0.03433018392920819,0.0
8707,8943,memorandum,2,0.5484640002250671,0.07390012828168759,0.0
8708,8758,memorandum,2,0.8873341083526611,0.9999999999999999,61.0
8709,8747,memorandum,2,0.8710918426513672,1.0000000000000009,61.0
8710,8780,memorandum,2,0.5655201971530914,0.10185412936436485,4.333333333333333
8712,8809,memorandum,2,0.7402384281158447,0.31614932837753285,10.0
8713,8773,memorandum,2,0.7286566495895386,0.36119677636593894,10.0
8714,8730,memorandum,2,0.8181475400924683,0.6350441108005743,49.0
8719,8849,memorandum,2,0.7400086522102356,0.4673597047407545,35.0
8720,8739,memorandum,2,0.7684395909309387,0.6915407893178851,51.0
8721,8967,memorandum,2,0.6898214221000671,0.4838969846302694,46.666666666666664
8722,9188,memorandum,2,0.8047481775283813,0.6863439309315594,16.0
8723,8886,memorandum,2,0.4853961914777756,0.08462814744753709,6.666666666666667
8724,9196,memorandum,2,0.48794788122177124,0.1620213402921466,12.666666666666666
8726,8767,memorandum,2,0.8710918426513672,1.0000000000000009,61.0
8727,9223,memorandum,2,0.8270115852355957,0.6507462945633417,82.0
8728,8848,memorandum,2,0.7631675004959106,0.8467034032401561,101.33333333333333
8729,9550,memorandum,2,0.6010320484638214,0.030181763489653332,0.0
873,933,executive_order,2,0.5005241334438324,0.05766370369594181,6.0
8730,8826,memorandum,2,0.864147961139679,0.7100180814995087,97.0
8733,8860,memorandum,2,0.8500345945358276,0.2778780571673573,90.33333333333333
8734,8861,memorandum,2,0.8867945671081543,1.0000000000000004,28.0
8735,8868,memorandum,2,0.912861704826355,0.999999999999999,92.0
8736,8741,memorandum,2,0.7959237694740295,0.6253019634646821,44.0
8737,8778,memorandum,2,0.8873341083526611,0.9999999999999999,61.0
8738,8803,memorandum,2,0.5488954484462738,0.01749167187320347,0.0
8739,8829,memorandum,2,0.8712645769119263,0.7363812492216055,98.0
8741,8758,memorandum,2,0.8853746056556702,0.8941526339556253,60.0
8742,8752,memorandum,2,0.8880903720855713,0.9999999999999998,61.0
8743,8809,memorandum,2,0.8875448107719421,0.9031125730556528,60.0
8746,8794,memorandum,2,0.8898354768753052,0.8826621947247301,60.0
8747,8828,memorandum,2,0.8710918426513672,1.0000000000000009,61.0
8748,8794,memorandum,2,0.8876749277114868,0.8885691949801044,60.0
8749,9368,memorandum,2,0.7434499263763428,0.5152271538378678,15.666666666666666
875,1294,executive_order,2,0.5185303688049316,0.10545690088729838,13.0
8750,9449,memorandum,2,0.8140136003494263,0.7418810026414279,15.0
8752,8758,memorandum,2,0.8889085054397583,0.8955394978562523,60.0
8754,8818,memorandum,2,0.7733928561210632,0.8386944644240314,40.333333333333336
8755,10182,memorandum,2,0.5126955509185791,0.015118627932486499,0.0
8756,8794,memorandum,2,0.8890480399131775,0.8785803739806086,60.0
8757,9266,memorandum,2,0.7475613355636597,0.20337859007431533,14.333333333333334
8758,8779,memorandum,2,0.8873341083526611,0.9999999999999999,61.0
8759,8849,memorandum,2,0.7294014096260071,0.7103432084277563,37.333333333333336
876,1402,executive_order,2,0.5531951189041138,0.16514852648850156,12.0
8760,8819,memorandum,2,0.6559856832027435,0.3864208295370724,7.666666666666667
8762,8908,memorandum,2,0.4769105762243271,0.03124898666417901,0.0
8763,8778,memorandum,2,0.8659950494766235,0.7658143304818311,81.0
8765,10274,memorandum,2,0.5790784060955048,0.0324363860384168,0.0
8766,10254,memorandum,2,0.6361999809741974,0.0698142812224157,3.6666666666666665
8767,8853,memorandum,2,0.8710918426513672,1.0000000000000009,61.0
8768,8899,memorandum,2,0.6277672648429871,0.22745159450743127,55.666666666666664
8769,10338,memorandum,2,0.4538051337003708,0.022445694036447122,0.0
8770,8804,memorandum,2,0.8885338306427002,0.8922140610110891,60.0
8773,8809,memorandum,2,0.8825412392616272,0.8836948280679534,59.0
8774,9069,memorandum,2,0.686507910490036,0.17701792025477525,17.0
8775,8794,memorandum,2,0.8903366327285767,0.8854947113928948,60.0
8776,9550,memorandum,2,0.5745848119258881,0.05989475909474445,3.3333333333333335
8777,8888,memorandum,2,0.4428681582212448,0.03487382541881861,7.0
8778,8808,memorandum,2,0.8873341083526611,0.9999999999999999,61.0
8779,8809,memorandum,2,0.8880405426025391,0.9073843627372561,60.0
8780,8782,memorandum,2,0.5405758023262024,0.1705663362721764,23.666666666666668
8781,8794,memorandum,2,0.8903366327285767,0.8854947113928948,60.0
8783,9038,memorandum,2,0.7229031622409821,0.6800469125906189,90.33333333333333
8787,8849,memorandum,2,0.7276473343372345,0.4169620544928779,7.333333333333333
8788,8987,memorandum,2,0.8789001703262329,0.6349577479116854,50.0
8789,9167,memorandum,2,0.6278688907623291,0.1842911001319564,5.0
879,2024,executive_order,2,0.5495172142982483,0.07966094522339105,0.0
8790,9223,memorandum,2,0.8402783870697021,0.7544553565626014,95.33333333333333
8791,8825,memorandum,2,0.5181969404220581,0.6433745411916804,19.0
8792,9251,memorandum,2,0.7332324385643005,0.14552004235475635,12.0
8793,8995,memorandum,2,0.8381167650222778,0.3149745116088933,63.666666666666664
8794,8808,memorandum,2,0.8860188126564026,0.892772193401069,60.0
8796,8923,memorandum,2,0.8867945671081543,1.0000000000000004,28.0
8797,8826,memorandum,2,0.6631059050559998,0.45225051511052605,46.0
8798,8826,memorandum,2,0.6617110967636108,0.4578412882463699,46.0
8799,9240,memorandum,2,0.8047481775283813,0.6863439309315594,16.0
88,136,executive_order,2,0.3873429000377655,0.02133720734686478,11.0
8802,8941,memorandum,2,0.912861704826355,0.999999999999999,92.0
8803,9257,memorandum,2,0.6308149099349976,0.08977818408062077,3.6666666666666665
8804,8806,memorandum,2,0.8812941312789917,0.868125952702612,59.0
8805,8806,memorandum,2,0.8872517347335815,0.8772281499856657,60.0
8806,8808,memorandum,2,0.8882631659507751,0.8913981267616511,60.0
8808,8831,memorandum,2,0.8838796615600586,0.853222661775461,60.0
8809,8831,memorandum,2,0.8816208243370056,0.854717897330148,60.0
881,1232,executive_order,2,0.49303361773490906,0.12363022186548632,12.333333333333334
8810,9452,memorandum,2,0.7757068872451782,0.2788537046604433,44.0
8811,8983,memorandum,2,0.47861911356449127,0.03272994312487804,0.0
8813,8834,memorandum,2,0.8865809440612793,0.8978513141318855,64.0
8815,9309,memorandum,2,0.5220081210136414,0.1001652580043917,11.0
8817,9131,memorandum,2,0.683463990688324,0.4346246721251437,33.0
8818,9029,memorandum,2,0.7149928212165833,0.5145098392781101,15.0
8819,9029,memorandum,2,0.7045867741107941,0.5122599712606638,15.0
8820,9029,memorandum,2,0.7020079493522644,0.5188528875283421,15.0
8821,9029,memorandum,2,0.7126651108264923,0.502730587153827,15.0
8822,9029,memorandum,2,0.7227240204811096,0.5093889107361808,15.0
8823,9228,memorandum,2,0.6526547074317932,0.08783849194718332,0.0
8824,8834,memorandum,2,0.8852275013923645,0.8966039995244391,64.0
8825,9904,memorandum,2,0.6733577847480774,0.6494163941850964,18.0
8826,8834,memorandum,2,0.8555221557617188,0.5662545861121152,53.0
8827,8962,memorandum,2,0.49945807456970215,0.039138208190886876,0.0
8828,8882,memorandum,2,0.8710918426513672,1.0000000000000009,61.0
8829,8831,memorandum,2,0.8536299467086792,0.5278807479569402,52.0
883,978,executive_order,2,0.749158650636673,0.9449571156738279,126.33333333333333
8830,9166,memorandum,2,0.4621700197458267,0.09489574762111756,12.666666666666666
8831,8834,memorandum,2,0.8835053443908691,0.9032809041177298,64.0
8833,8969,memorandum,2,0.5234938263893127,0.01831522603314226,0.0
8834,8839,memorandum,2,0.8837879300117493,0.9014856094682431,64.0
8835,9807,memorandum,2,0.7250434756278992,0.49085031275283453,28.666666666666668
8836,9029,memorandum,2,0.6685824990272522,0.2938158316868033,15.0
8837,9284,memorandum,2,0.8012875318527222,0.5272368817145286,41.0
8838,9284,memorandum,2,0.821893036365509,0.5163601347418829,43.0
8839,9330,memorandum,2,0.711081326007843,0.2954620888660712,14.0
884,1527,executive_order,2,0.4735591411590576,0.019490138524977694,0.0
8840,9923,memorandum,2,0.7432212829589844,0.5578737200475415,15.0
8841,8866,memorandum,2,0.8590837717056274,0.5823141605221347,50.0
8842,10209,memorandum,2,0.48817478120326996,0.0128029338069591,0.0
8844,10660,memorandum,2,0.5464888513088226,0.0047099558883534065,0.0
8845,8867,memorandum,2,0.7810084819793701,0.5498896749624556,27.0
8847,8866,memorandum,2,0.6532661616802216,0.18791340724716235,18.333333333333332
8848,8988,memorandum,2,0.7422690689563751,0.795089271321659,79.0
8849,9027,memorandum,2,0.7181129157543182,0.5016711860404582,15.0
8852,11340,memorandum,2,0.7238861322402954,0.45463137485977945,21.0
8853,8947,memorandum,2,0.8710918426513672,1.0000000000000009,61.0
8854,8889,memorandum,2,0.8444832265377045,0.614346483671837,47.666666666666664
8855,9316,memorandum,2,0.6785118579864502,0.3820220731769131,21.0
8856,9069,memorandum,2,0.6977858245372772,0.22121809378108293,10.333333333333334
8857,8871,memorandum,2,0.7559316158294678,0.5368310937838575,21.666666666666668
8858,9279,memorandum,2,0.840742826461792,0.7139698403722944,88.66666666666667
8859,9100,memorandum,2,0.8578734397888184,0.6540592369545307,51.666666666666664
8860,9054,memorandum,2,0.8157359659671783,0.32913420533819066,57.0
8861,8991,memorandum,2,0.8867945671081543,1.0000000000000004,28.0
8863,4,memorandum,2,0.5775202810764313,0.01799905173328101,0.0
8865,10605,memorandum,2,0.5605170726776123,0.0076996226748196304,0.0
8866,8895,memorandum,2,0.6856698393821716,0.18799275129139806,20.0
8867,8878,memorandum,2,0.7675646543502808,0.4589504432932081,14.0
8868,9005,memorandum,2,0.912861704826355,0.999999999999999,92.0
8869,9169,memorandum,2,0.6178320050239563,0.16187467487738424,16.333333333333332
887,1543,executive_order,2,0.6428422033786774,0.15721887903024792,12.333333333333334
8870,9862,memorandum,2,0.4529307931661606,0.050566082741605796,4.0
8872,9330,memorandum,2,0.6664012670516968,0.20834012442718094,12.0
8873,9167,memorandum,2,0.6508287787437439,0.09128650778081457,0.0
8875,11280,memorandum,2,0.8137536644935608,0.5646408674874835,0.0
8876,9114,memorandum,2,0.713721752166748,0.24763885359050558,0.0
8878,9368,memorandum,2,0.7487690448760986,0.49634058466189784,16.0
8879,9264,memorandum,2,0.700210452079773,0.0886465783721,0.0
888,1209,executive_order,2,0.5816340744495392,0.0965865227413073,22.333333333333332
8882,8986,memorandum,2,0.8710918426513672,1.0000000000000009,61.0
8883,10160,memorandum,2,0.4695955365896225,0.013101560402668291,0.0
8886,9166,memorandum,2,0.5465395152568817,0.0690736532534986,0.0
8887,9128,memorandum,2,0.7009017169475555,0.3793065968142006,57.333333333333336
8888,9285,memorandum,2,0.5320517718791962,0.16622831045232037,14.333333333333334
8889,8909,memorandum,2,0.6330905258655548,0.08930084637381319,4.0
889,913,executive_order,2,0.6110129058361053,0.24056828197982805,0.0
8890,10116,memorandum,2,0.490305632352829,0.030433354339862217,0.0
8891,9146,memorandum,2,0.5480470359325409,0.09884413736323805,0.0
8892,9862,memorandum,2,0.54671311378479,0.04592572513029399,0.0
8893,9166,memorandum,2,0.4765387773513794,0.010305053930042019,0.0
8894,9023,memorandum,2,0.4840281754732132,0.035704827125861954,0.0
8895,8955,memorandum,2,0.6940652132034302,0.18438017025092568,24.0
8897,9118,memorandum,2,0.547067403793335,0.011245037090417631,0.0
8898,11229,memorandum,2,0.579041063785553,0.020624999540272738,0.0
8899,10236,memorandum,2,0.7100325524806976,0.13721009832336914,21.0
89,261,executive_order,2,0.5039581507444382,0.009528306235992991,3.6666666666666665
890,1437,executive_order,2,0.7072811722755432,0.280050965752145,23.0
8900,8905,memorandum,2,0.5350129008293152,0.021567243895484815,0.0
8901,9166,memorandum,2,0.5049633383750916,0.11434360195157534,0.0
8902,9404,memorandum,2,0.7641454935073853,0.45289187660478597,52.666666666666664
8904,9073,memorandum,2,0.5311782956123352,0.031159322789892977,0.0
8905,9062,memorandum,2,0.5576148331165314,0.015564086960619858,0.0
8908,9063,memorandum,2,0.5341322124004364,0.04254868729910994,10.333333333333334
8909,8934,memorandum,2,0.7871709167957306,0.8090757139655612,125.0
891,1940,executive_order,2,0.545085221529007,0.04867646449187555,0.0
8911,9264,memorandum,2,0.6211575269699097,0.033669881180341546,0.0
8912,9130,memorandum,2,0.4427594542503357,0.16490277320985514,0.0
8913,9051,memorandum,2,0.6737551987171173,0.3421217340063673,61.333333333333336
8914,9765,memorandum,2,0.7428378462791443,0.5225768130567701,51.0
8915,9942,memorandum,2,0.6225427389144897,0.05142126151737327,0.0
8916,8964,memorandum,2,0.4680446535348892,0.017437981158371012,0.0
8917,9299,memorandum,2,0.4614555984735489,0.011187351351072133,0.0
8918,10104,memorandum,2,0.6547834873199463,0.18515569200182158,0.0
8919,9087,memorandum,2,0.5120430588722229,0.02377515649154462,0.0
892,1761,executive_order,2,0.5043459832668304,0.015846008617741953,0.0
8921,9532,memorandum,2,0.7456821799278259,0.11229668879459458,16.0
8922,9054,memorandum,2,0.752274751663208,0.21975818463293872,64.0
8923,9056,memorandum,2,0.8867945671081543,1.0000000000000004,28.0
8924,10345,memorandum,2,0.8170474171638489,0.15929571875786241,10.0
8928,11475,memorandum,2,0.5087478160858154,0.009726979332801991,3.3333333333333335
8929,9228,memorandum,2,0.6570853590965271,0.0637632639384308,11.0
893,1461,executive_order,2,0.7611210644245148,0.6319126542126996,515.6666666666666
8930,8934,memorandum,2,0.7821298539638519,0.722904900268787,110.66666666666667
8931,8970,memorandum,2,0.5618167221546173,0.10036792755364289,17.0
8932,8970,memorandum,2,0.4827656149864197,0.02697710060122253,0.0
8933,8955,memorandum,2,0.47490303218364716,0.030164840075460348,5.0
8934,8952,memorandum,2,0.7228571772575378,0.4929640271658792,72.66666666666667
8935,8952,memorandum,2,0.7138970494270325,0.4945814588468728,72.66666666666667
8936,8952,memorandum,2,0.7212449908256531,0.4931659132807189,72.66666666666667
8940,10234,memorandum,2,0.43807846307754517,0.009658470747430717,0.0
8941,9059,memorandum,2,0.912861704826355,0.999999999999999,92.0
8943,11541,memorandum,2,0.5072532296180725,0.02849324237758689,0.0
8944,9027,memorandum,2,0.7315373420715332,0.4932504531677515,22.0
8945,9167,memorandum,2,0.7207815647125244,0.3008958189507131,20.0
8946,9135,memorandum,2,0.4528629332780838,0.0362522485699901,6.666666666666667
8947,9041,memorandum,2,0.8710918426513672,1.0000000000000009,61.0
8948,11099,memorandum,2,0.4941447228193283,0.013886356572500992,0.0
8949,8952,memorandum,2,0.7078123986721039,0.28828309904853294,72.33333333333333
8950,8954,memorandum,2,0.8082979321479797,0.869989349572548,153.33333333333334
8952,8954,memorandum,2,0.8320146203041077,0.7696453338049064,150.0
8953,8963,memorandum,2,0.6342662572860718,0.2237800980256803,66.33333333333333
8954,8969,memorandum,2,0.8175765872001648,0.6321230517597325,103.66666666666667
8955,8970,memorandum,2,0.8317686915397644,0.6346177390209977,117.0
8957,8969,memorandum,2,0.8540802001953125,0.8149505205086394,143.66666666666666
8958,9988,memorandum,2,0.6512439846992493,0.34894712106446657,4.333333333333333
8960,8966,memorandum,2,0.5704107880592346,0.19985866467131272,35.0
8961,8970,memorandum,2,0.8454030156135559,0.7096881609000166,150.33333333333334
8962,8965,memorandum,2,0.6822231709957123,0.16844105427399253,29.5
8963,8970,memorandum,2,0.858620822429657,0.7407951457471743,151.33333333333334
8964,9619,memorandum,2,0.7412332892417908,0.4120906747805248,4.333333333333333
8965,8970,memorandum,2,0.5830920934677124,0.07442027508792534,10.0
8966,8972,memorandum,2,0.5659206509590149,0.0692793315477982,10.0
8967,9081,memorandum,2,0.7468346655368805,0.7121769346167498,26.666666666666668
8969,8972,memorandum,2,0.823901891708374,0.8407300546384232,140.33333333333334
897,2803,executive_order,2,0.48683109879493713,0.031018287859720193,0.0
8972,8975,memorandum,2,0.5473656356334686,0.014762987990129248,3.3333333333333335
8974,9470,memorandum,2,0.4623168855905533,0.023057336257276673,0.0
8975,10048,memorandum,2,0.4302755892276764,0.03307921064414554,0.0
8976,9359,memorandum,2,0.6351525187492371,0.0,0.0
8977,9126,memorandum,2,0.5558715760707855,0.051208235514486715,7.0
8978,9081,memorandum,2,0.7366059422492981,0.6615118546986075,29.666666666666668
8981,9614,memorandum,2,0.5620521306991577,0.040897889950487806,0.0
8983,9299,memorandum,2,0.4578382819890976,0.027696463955599715,0.0
8984,9530,memorandum,2,0.5661707520484924,0.003136212704676678,0.0
8985,9442,memorandum,2,0.7638306021690369,0.38918470963501856,53.0
8986,9094,memorandum,2,0.8710918426513672,1.0000000000000009,61.0
8987,9052,memorandum,2,0.8568263053894043,0.6862072965928766,75.66666666666667
8988,9101,memorandum,2,0.7408233880996704,0.6757410663447052,52.333333333333336
899,905,executive_order,2,0.47708410024642944,0.05922873851486663,14.333333333333334
8990,9057,memorandum,2,0.61977219581604,0.18706992538532322,19.0
8991,9175,memorandum,2,0.861032247543335,0.6481766597369996,10.0
8992,9258,memorandum,2,0.819976806640625,0.4505829039700837,63.0
8994,9060,memorandum,2,0.5398815274238586,0.05564541945372873,0.0
8995,9054,memorandum,2,0.7990880012512207,0.38803440499949393,64.66666666666667
8996,9397,memorandum,2,0.6723272800445557,0.609130929626615,18.0
8997,9112,memorandum,2,0.4489612728357315,0.006756634588236474,0.0
8998,9027,memorandum,2,0.7406997680664062,0.5320427842089545,22.0
8999,9027,memorandum,2,0.7508777379989624,0.5457036383785336,22.0
9000,9027,memorandum,2,0.7550012469291687,0.5181813886370182,22.0
9001,9027,memorandum,2,0.7424437403678894,0.5395974461891876,22.0
9002,9027,memorandum,2,0.7297011613845825,0.5447963241056019,22.0
9003,9027,memorandum,2,0.7422932386398315,0.5320427842089545,22.0
9005,9113,memorandum,2,0.912861704826355,0.999999999999999,92.0
9006,9123,memorandum,2,0.5175479650497437,0.06154075554786099,7.0
9007,9110,memorandum,2,0.5040223747491837,0.02381778243581609,0.0
9008,9566,memorandum,2,0.5923882126808167,0.22682756576151142,80.66666666666667
9009,9027,memorandum,2,0.7228520512580872,0.5549701809014357,22.0
901,1059,executive_order,2,0.5290974974632263,0.029356181565561013,0.0
9010,9102,memorandum,2,0.6702781915664673,0.3535291658459468,80.66666666666667
9012,9031,memorandum,2,0.6858230829238892,0.4656673707284691,79.0
9013,9464,memorandum,2,0.8715310096740723,1.0000000000000002,19.0
9014,9031,memorandum,2,0.5531637072563171,0.00474383939801748,0.0
9015,9531,memorandum,2,0.545580267906189,0.013675973242029973,0.0
9017,9865,memorandum,2,0.4809362441301346,0.1300599616144673,0.0
9018,9094,memorandum,2,0.8486422300338745,0.6936294285475105,61.0
9020,10307,memorandum,2,0.4574924409389496,0.018829612235187164,0.0
9023,10057,memorandum,2,0.5488670915365219,0.07267243188839993,0.0
9024,9027,memorandum,2,0.7285116910934448,0.552957572430421,22.0
9025,9063,memorandum,2,0.5014379620552063,0.06596975544091675,11.0
9026,11465,memorandum,2,0.5070326328277588,0.006590949179162022,0.0
9027,9085,memorandum,2,0.6919933557510376,0.4375705786962327,10.666666666666666
9028,9085,memorandum,2,0.6937580108642578,0.4375705786962327,10.666666666666666
9029,9085,memorandum,2,0.6989617347717285,0.4375705786962327,10.666666666666666
9030,9085,memorandum,2,0.7138382792472839,0.42396228368769245,10.666666666666666
9031,9192,memorandum,2,0.6789357364177704,0.23979529600792707,31.666666666666668
9036,9092,memorandum,2,0.8631953597068787,0.6697464364030598,21.0
9037,9233,memorandum,2,0.6343717575073242,0.06532137751538154,0.0
9038,9220,memorandum,2,0.6659048795700073,0.5002842055804124,38.333333333333336
9040,9116,memorandum,2,0.6379449963569641,0.04253225843501321,0.0
9041,9243,memorandum,2,0.8736652731895447,0.949779118403656,61.0
9046,9862,memorandum,2,0.5885291993618011,0.09745214397978498,0.0
9047,9450,memorandum,2,0.5106476843357086,0.028381124571002215,3.6666666666666665
9050,9086,memorandum,2,0.6855677366256714,0.4346078183081115,10.666666666666666
9051,9223,memorandum,2,0.7871072590351105,0.45743548314260946,78.66666666666667
9052,9172,memorandum,2,0.751591682434082,0.2601785036370042,31.666666666666668
9053,9083,memorandum,2,0.4605926275253296,0.08810327048417109,15.0
9054,9287,memorandum,2,0.7860657572746277,0.30060054233094774,61.333333333333336
9056,9232,memorandum,2,0.861032247543335,0.6481766597369996,10.0
9057,9105,memorandum,2,0.709093451499939,0.2925824806715683,25.0
9058,9060,memorandum,2,0.40852127969264984,0.007923225187421109,0.0
9059,9643,memorandum,2,0.9153532981872559,0.8915826412395581,90.0
9060,10275,memorandum,2,0.5007822662591934,0.04751526346148203,0.0
9061,9121,memorandum,2,0.8635877370834351,0.6145781726134766,19.333333333333332
9062,9127,memorandum,2,0.7720023393630981,0.2993950817376765,10.0
9063,9138,memorandum,2,0.5304963886737823,0.07510283181294669,0.0
9066,9488,memorandum,2,0.5021413862705231,0.0608988762566196,4.0
9067,9240,memorandum,2,0.8087782859802246,0.6280575743719842,14.0
9068,9240,memorandum,2,0.8060835599899292,0.655144676631252,14.0
9069,9543,memorandum,2,0.5265219807624817,0.00951132660095347,0.0
9070,9728,memorandum,2,0.7676628232002258,0.5965843499724106,25.0
9071,10118,memorandum,2,0.4968916177749634,0.010675808499329023,0.0
9072,9601,memorandum,2,0.5348776876926422,0.018755007552551415,0.0
9073,25,memorandum,2,0.531878262758255,0.04005351524712833,0.0
9074,23,memorandum,2,0.498166486620903,0.0576891118339079,0.0
9076,9169,memorandum,2,0.7252882122993469,0.11806197978506831,24.333333333333332
9078,11148,memorandum,2,0.5480719804763794,0.03177677338401025,0.0
9080,10781,memorandum,2,0.5797861814498901,0.0,0.0
9081,9105,memorandum,2,0.7211602926254272,0.23606111589381695,9.0
9083,9262,memorandum,2,0.5119955539703369,0.1037756682553233,37.333333333333336
9085,9119,memorandum,2,0.7281147241592407,0.517984964790661,19.333333333333332
9086,9119,memorandum,2,0.729987621307373,0.5174368300827888,19.333333333333332
9087,9262,memorandum,2,0.5226869732141495,0.026719599732218297,3.6666666666666665
9089,9862,memorandum,2,0.47105708718299866,0.07390151350447498,3.3333333333333335
909,1679,executive_order,2,0.7571554183959961,0.8220082409314009,20.0
9092,9162,memorandum,2,0.79074826836586,0.5046196546045898,20.5
9093,9284,memorandum,2,0.6369662284851074,0.1139856994598788,0.0
9094,9274,memorandum,2,0.8736652731895447,0.949779118403656,61.0
9096,9216,memorandum,2,0.5416747033596039,0.006555857992265678,0.0
9097,20,memorandum,2,0.4691665470600128,0.05111226863828891,0.0
9099,9262,memorandum,2,0.5382658541202545,0.07681839993008462,22.0
91,229,executive_order,2,0.6392429172992706,0.44968226834482206,35.0
910,1089,executive_order,2,0.5170300304889679,0.11377928405785248,5.666666666666667
9100,9172,memorandum,2,0.7477233707904816,0.2663027158268065,33.666666666666664
9101,9220,memorandum,2,0.6610716283321381,0.5133293543481704,33.0
9102,9385,memorandum,2,0.7011438310146332,0.4870802160390792,43.0
9103,9442,memorandum,2,0.7787477970123291,0.4347971047590839,77.66666666666667
9104,10212,memorandum,2,0.46629613637924194,0.01837063227478167,0.0
9105,9131,memorandum,2,0.7732843160629272,0.37637903776650405,18.0
9106,9545,memorandum,2,0.6485159695148468,0.07118321078452432,0.0
9107,9231,memorandum,2,0.8034114837646484,0.35925319153771107,70.66666666666667
9108,9316,memorandum,2,0.6239205598831177,0.16386874536572485,10.0
911,1330,executive_order,2,0.461862713098526,0.0856675960367279,21.666666666666668
9110,10646,memorandum,2,0.49174386262893677,0.043132437629640384,0.0
9111,9464,memorandum,2,0.6147860288619995,0.07185867002827544,0.0
9112,11196,memorandum,2,0.5586222410202026,0.013975091678079246,0.0
9113,9810,memorandum,2,0.9153532981872559,0.8915826412395581,90.0
9114,9131,memorandum,2,0.7189464569091797,0.2818968836982494,0.0
9116,9253,memorandum,2,0.7064685821533203,0.27841860807438906,10.0
9117,10679,memorandum,2,0.512971892952919,0.008781525942927543,0.0
9118,11191,memorandum,2,0.5316320061683655,0.0,0.0
9119,11192,memorandum,2,0.44529707729816437,0.03374613490412439,0.0
912,1152,executive_order,2,0.5166279673576355,0.05356594167231232,0.0
9120,10683,memorandum,2,0.4942365735769272,0.034993718009449074,0.0
9121,9271,memorandum,2,0.7886092662811279,0.5044069011775488,20.5
9122,9274,memorandum,2,0.8170918226242065,0.6471628713158812,53.0
9123,11080,memorandum,2,0.5273895263671875,0.05118144057449151,0.0
9124,9587,memorandum,2,0.4272487908601761,0.013425445889993856,0.0
9125,10767,memorandum,2,0.4968111664056778,0.002555207302965384,0.0
9126,11246,memorandum,2,0.5416865348815918,0.00963087599711339,0.0
9127,9257,memorandum,2,0.6590238809585571,0.24216730762884825,0.0
9128,26,memorandum,2,0.6304584443569183,0.3288264563810052,28.0
913,1080,executive_order,2,0.5293144881725311,0.13910992867610297,0.0
9130,9606,memorandum,2,0.5942896604537964,0.009964693345963128,3.3333333333333335
9131,9207,memorandum,2,0.776892364025116,0.651630232768903,41.0
9132,18,memorandum,2,0.5551700443029404,0.02545993976774263,4.0
9133,10060,memorandum,2,0.43318185210227966,0.014501459361756995,0.0
9134,20,memorandum,2,0.5049888342618942,0.06211829057671922,0.0
9135,23,memorandum,2,0.5190271586179733,0.10640624596579422,6.666666666666667
9136,9862,memorandum,2,0.4553978145122528,0.02230934241324278,0.0
9137,11136,memorandum,2,0.46273061633110046,0.008722196235865697,0.0
9138,11229,memorandum,2,0.4807043671607971,0.0207880634327566,0.0
9139,9450,memorandum,2,0.5320892632007599,0.008705627965059982,0.0
9140,9353,memorandum,2,0.4708039313554764,0.0028663762626821836,0.0
9142,11424,memorandum,2,0.5417247712612152,0.043344741950636444,0.0
9143,10737,memorandum,2,0.4917542487382889,0.010126968194029843,0.0
9144,9253,memorandum,2,0.6795476675033569,0.45721935590731705,29.0
9146,9178,memorandum,2,0.7414759397506714,0.3154069203157272,47.666666666666664
9147,9536,memorandum,2,0.5309346914291382,0.2483441552820601,8.666666666666666
9148,9276,memorandum,2,0.8431315422058105,0.7104667199428354,173.0
9149,9517,memorandum,2,0.5620023906230927,0.01499008169150711,0.0
9151,9831,memorandum,2,0.6629531979560852,0.26001988180299923,60.0
9152,9406,memorandum,2,0.7140282094478607,0.4329299099952491,45.666666666666664
9153,10058,memorandum,2,0.7007795572280884,0.3382846068517196,73.0
9154,9165,memorandum,2,0.5347785949707031,0.1239712826174895,0.0
9155,9270,memorandum,2,0.6834886074066162,0.15892759622610794,19.666666666666668
9156,10345,memorandum,2,0.7236394286155701,0.11936569230715595,8.5
9157,11279,memorandum,2,0.5374172031879425,0.015627615695102924,0.0
9158,9228,memorandum,2,0.6176038384437561,0.021318537252908776,0.0
916,2345,executive_order,2,0.5465133190155029,0.07159042564208438,0.0
9161,9396,memorandum,2,0.4612474888563156,0.0027523546821114214,0.0
9162,9459,memorandum,2,0.8751644492149353,0.9999999999999994,41.0
9163,9321,memorandum,2,0.7767770290374756,0.6510804464662515,26.0
9164,9243,memorandum,2,0.7046566605567932,0.5606602793407475,54.0
9165,10143,memorandum,2,0.5142409056425095,0.020096234639817887,0.0
9166,9668,memorandum,2,0.5353518128395081,0.027641969348774775,0.0
9167,9207,memorandum,2,0.7107730209827423,0.31719833633642935,14.5
9168,9449,memorandum,2,0.7471233606338501,0.34898753036724245,0.0
9169,9360,memorandum,2,0.8804375529289246,0.8778093497187985,83.66666666666667
917,1369,executive_order,2,0.5152197480201721,0.07386625876159372,10.0
9172,9280,memorandum,2,0.8102757930755615,0.5686538477496758,56.666666666666664
9173,9286,memorandum,2,0.7535008192062378,0.8818446418279496,892.0
9174,9197,memorandum,2,0.47803494334220886,0.05014309888618144,10.666666666666666
9175,9289,memorandum,2,0.8752278685569763,0.9999999999999999,28.0
9176,9231,memorandum,2,0.8795191049575806,0.335352130168811,79.33333333333333
9178,9566,memorandum,2,0.6156907975673676,0.43028203765749357,90.0
9180,9355,memorandum,2,0.5966955423355103,0.1668488458145795,10.666666666666666
9181,9464,memorandum,2,0.7273528575897217,0.35904203434850956,0.0
9182,9810,memorandum,2,0.9181153178215027,0.954847835853402,95.0
9184,10673,memorandum,2,0.6919636726379395,0.09131690534659566,3.3333333333333335
9188,9579,memorandum,2,0.8014189004898071,0.6384254319247179,13.0
9189,9241,memorandum,2,0.8628946542739868,0.6666666666666664,19.0
9191,9274,memorandum,2,0.7046566605567932,0.5606602793407475,54.0
9192,9488,memorandum,2,0.7192520499229431,0.34057993045412216,24.0
9194,10160,memorandum,2,0.4630631059408188,0.016229801257317693,0.0
9196,9206,memorandum,2,0.5862951576709747,0.4208297219523862,43.0
9197,20,memorandum,2,0.4982486516237259,0.0248758034670491,3.3333333333333335
9203,10558,memorandum,2,0.6517840623855591,0.0,0.0
9204,11109,memorandum,2,0.45775869488716125,0.03400395683930668,0.0
9206,9536,memorandum,2,0.6132922470569611,0.5605570958154172,44.666666666666664
9207,9228,memorandum,2,0.6765820980072021,0.6304611475570854,30.0
9208,9253,memorandum,2,0.6980166435241699,0.2913450096233863,12.0
9209,9368,memorandum,2,0.7641743421554565,0.47052391311373626,18.0
9210,9370,memorandum,2,0.632398933172226,0.26347096145413584,4.0
9211,9302,memorandum,2,0.8628946542739868,0.6666666666666664,19.0
9212,9575,memorandum,2,0.646032065153122,0.05983140690551658,0.0
9213,9274,memorandum,2,0.7478046417236328,0.5869907031286902,54.0
9214,10956,memorandum,2,0.5627038478851318,0.03163265420660963,0.0
9215,11364,memorandum,2,0.46524764597415924,0.02285599551312098,0.0
9216,11538,memorandum,2,0.47940029203891754,0.004799819252096063,0.0
9218,9488,memorandum,2,0.7260990142822266,0.22572879073210217,17.0
9219,9488,memorandum,2,0.4754970818758011,0.012139040868512163,0.0
922,1619,executive_order,2,0.5647841095924377,0.09562632991523155,5.666666666666667
9220,9334,memorandum,2,0.756670355796814,0.8955186097617515,915.0
9222,9387,memorandum,2,0.7020973563194275,0.34701175783564003,15.666666666666666
9223,9442,memorandum,2,0.8605997562408447,0.851950457551038,129.0
9227,9367,memorandum,2,0.4726374000310898,0.015165514224355041,0.0
9228,9257,memorandum,2,0.7788509726524353,0.8328699474048002,51.0
9229,11368,memorandum,2,0.4769921898841858,0.014520604601338591,0.0
9231,9390,memorandum,2,0.8535043597221375,0.3250333013392139,75.0
9232,9337,memorandum,2,0.8752278685569763,0.9999999999999999,28.0
9233,9238,memorandum,2,0.8015298247337341,0.44252848740545314,47.0
9234,9810,memorandum,2,0.9181153178215027,0.954847835853402,95.0
9235,9385,memorandum,2,0.6410370767116547,0.2158976754918773,39.333333333333336
9236,9904,memorandum,2,0.6926276087760925,0.45618249672778266,15.0
9237,9252,memorandum,2,0.6122899055480957,0.37548879926495116,10.0
9238,9246,memorandum,2,0.7218263149261475,0.3616980384510068,48.0
9240,9612,memorandum,2,0.8014189004898071,0.6384254319247179,13.0
9241,9324,memorandum,2,0.8628946542739868,0.6666666666666664,19.0
9242,11261,memorandum,2,0.513387143611908,0.0,0.0
9243,9301,memorandum,2,0.8689255714416504,0.949779118403656,61.0
9245,10311,memorandum,2,0.6452251672744751,0.16300684391861603,10.0
9246,9251,memorandum,2,0.8211525082588196,0.4649843008033304,47.0
9247,9424,memorandum,2,0.7474648356437683,0.392145451010079,20.0
9248,9646,memorandum,2,0.6971980333328247,0.6360842902165782,65.0
9250,9320,memorandum,2,0.8000995516777039,1.0,20.333333333333332
9251,10558,memorandum,2,0.6273057460784912,0.0086911585533638,0.0
9252,9253,memorandum,2,0.7408407926559448,0.7342419918776809,30.0
9253,9316,memorandum,2,0.707722008228302,0.22548967116028087,10.0
9254,11718,memorandum,2,0.44902071356773376,0.009941861460995308,0.0
9256,11394,memorandum,2,0.5193832516670227,0.0404730099739655,0.0
9257,9501,memorandum,2,0.6268121600151062,0.11877406352957842,0.0
926,1205,executive_order,2,0.6196528077125549,0.05827468607398311,0.0
9260,11297,memorandum,2,0.562017947435379,0.04156831058718859,0.0
9262,9825,memorandum,2,0.5515302419662476,0.0554697835391832,7.0
9263,10014,memorandum,2,0.6506052017211914,0.011751173785543838,0.0
9264,9501,memorandum,2,0.6474496126174927,0.10106242297087097,0.0
9265,7,memorandum,2,0.4908367097377777,0.04654671635640969,0.0
9266,10345,memorandum,2,0.7168806195259094,0.09947671566349522,8.5
9269,9545,memorandum,2,0.5356485843658447,0.02373386032799593,0.0
927,979,executive_order,2,0.45246975123882294,0.09133032731592033,35.333333333333336
9271,9479,memorandum,2,0.8751644492149353,0.9999999999999994,41.0
9272,9999,memorandum,2,0.5777263343334198,0.10607067692333459,3.3333333333333335
9273,9668,memorandum,2,0.5153666138648987,0.03568096754797344,4.333333333333333
9274,9400,memorandum,2,0.8534767031669617,0.7274887883461126,54.0
9276,9986,memorandum,2,0.6587228178977966,0.30782224378642853,77.0
9277,9626,memorandum,2,0.667618453502655,0.2838759080035178,55.0
9278,9383,memorandum,2,0.912439227104187,0.8933874694826476,93.0
9279,9386,memorandum,2,0.8611841201782227,0.8650964295983394,129.33333333333334
9280,9387,memorandum,2,0.726555347442627,0.3626095290084224,23.666666666666668
9282,9360,memorandum,2,0.8702433705329895,0.7226845953365862,76.66666666666667
9283,9901,memorandum,2,0.773465633392334,0.6052533577630372,64.0
9284,9845,memorandum,2,0.6260439157485962,0.16191787188086407,0.0
9285,11720,memorandum,2,0.5156652927398682,0.0111707597026878,0.0
9286,9389,memorandum,2,0.7727228999137878,0.928409605201425,861.0
9287,9446,memorandum,2,0.8337182402610779,0.2992277597023944,71.66666666666667
9289,9447,memorandum,2,0.8752278685569763,0.9999999999999999,28.0
9290,10555,memorandum,2,0.608893483877182,0.23948034734509802,7.0
9291,9810,memorandum,2,0.9181153178215027,0.954847835853402,95.0
9292,9367,memorandum,2,0.432098850607872,0.02118699364721822,0.0
9293,11340,memorandum,2,0.8271398544311523,0.7302920312485713,58.0
9294,9450,memorandum,2,0.497060090303421,0.020140132673246314,3.3333333333333335
9297,9411,memorandum,2,0.5227059572935104,0.044231653671118976,0.0
9298,9536,memorandum,2,0.49218080937862396,0.05838622147611421,4.0
9299,9574,memorandum,2,0.494290366768837,0.03014802125211768,0.0
930,1688,executive_order,2,0.5217389613389969,0.06799844271360105,0.0
9300,11761,memorandum,2,0.4997600317001343,0.0038945414978402214,0.0
9301,9377,memorandum,2,0.8579581379890442,0.7035449034274399,53.0
9302,9348,memorandum,2,0.8628946542739868,0.6666666666666664,19.0
9304,11733,memorandum,2,0.5229754596948624,0.005947557320207811,0.0
9305,9589,memorandum,2,0.7694541215896606,0.5862901143181143,21.333333333333332
9306,11558,memorandum,2,0.506486713886261,0.0,0.0
9307,10151,memorandum,2,0.5982914865016937,0.009721727555475781,0.0
9309,9536,memorandum,2,0.5555150806903839,0.14599333647284773,27.0
9310,9520,memorandum,2,0.8000995516777039,1.0,20.333333333333332
9312,9943,memorandum,2,0.7763092517852783,0.30399676921958174,32.0
9313,9517,memorandum,2,0.5439680814743042,0.014855284840527859,0.0
9314,11747,memorandum,2,0.4235004484653473,0.00261706308621895,0.0
9315,10143,memorandum,2,0.5508321225643158,0.04232358427700836,0.0
9316,10473,memorandum,2,0.5976297855377197,0.21458336807982842,11.0
9317,9520,memorandum,2,0.7503280639648438,0.8435232875363106,17.0
9318,20,memorandum,2,0.4641290009021759,0.022930618637777716,3.3333333333333335
9319,9784,memorandum,2,0.8066112995147705,0.6313650604920228,88.0
932,1191,executive_order,2,0.47649767994880676,0.017202495619702315,0.0
9320,9654,memorandum,2,0.8000995516777039,1.0,20.333333333333332
9321,9560,memorandum,2,0.7177869081497192,0.6983751041558164,26.0
9323,10106,memorandum,2,0.544215202331543,0.009871350829186809,0.0
9324,9378,memorandum,2,0.8628946542739868,0.6666666666666664,19.0
9325,9377,memorandum,2,0.8785091638565063,0.8937212842274069,83.0
9326,10673,memorandum,2,0.5874123573303223,0.022557624280340076,0.0
9327,9440,memorandum,2,0.9154989719390869,0.9999999999999981,97.0
9328,9442,memorandum,2,0.8661884665489197,0.8865522217537366,127.33333333333333
9329,9441,memorandum,2,0.7699364721775055,0.5480957762732493,28.666666666666668
933,1309,executive_order,2,0.6025124490261078,0.19354361630298503,4.666666666666667
9330,9462,memorandum,2,0.5983030498027802,0.07804665515223905,0.0
9331,9566,memorandum,2,0.7040848731994629,0.7779101744754802,74.33333333333333
9332,9618,memorandum,2,0.8077695369720459,0.48631836681400237,54.0
9333,9963,memorandum,2,0.7899869680404663,0.45147157095323776,39.333333333333336
9334,9443,memorandum,2,0.761003851890564,0.891402888097177,850.0
9335,9798,memorandum,2,0.7806610465049744,0.394300954048431,57.0
9336,9446,memorandum,2,0.8406412601470947,0.2383313062912843,73.33333333333333
9337,9494,memorandum,2,0.8752278685569763,0.9999999999999999,28.0
9339,9810,memorandum,2,0.9181153178215027,0.954847835853402,95.0
934,1158,executive_order,2,0.6794123947620392,0.19506712129000164,52.0
9340,9482,memorandum,2,0.6334695219993591,0.2568294857334563,0.0
9341,10804,memorandum,2,0.6535773277282715,0.05661838609463357,0.0
9342,9408,memorandum,2,0.9058110117912292,0.9999999999999999,28.0
9343,10362,memorandum,2,0.6133910715579987,0.008719742795797621,0.0
9344,9515,memorandum,2,0.48982276022434235,0.008970534507149542,0.0
9348,9402,memorandum,2,0.8628946542739868,0.6666666666666664,19.0
9349,9400,memorandum,2,0.8713622093200684,0.8848927548350974,79.0
9350,10280,memorandum,2,0.7644339799880981,0.25431983902504934,13.0
9351,9488,memorandum,2,0.7415162026882172,0.3301063234858265,187.33333333333334
9353,9470,memorandum,2,0.5184776782989502,0.022706952781463965,0.0
9354,9411,memorandum,2,0.5355800986289978,0.07860275097523695,5.0
9355,10291,memorandum,2,0.714097648859024,0.2909330055682196,13.666666666666666
9356,9757,memorandum,2,0.7818094491958618,0.599843268221057,26.0
9358,9488,memorandum,2,0.6594437956809998,0.15561519663212808,14.666666666666666
9360,9452,memorandum,2,0.8828479647636414,0.8829911173200208,84.66666666666667
9361,9530,memorandum,2,0.6883165836334229,0.037494895000928744,0.0
9362,10241,memorandum,2,0.5754819810390472,0.18553672154324619,7.0
9363,9451,memorandum,2,0.9058110117912292,0.9999999999999999,28.0
9364,9406,memorandum,2,0.7912633419036865,0.5173890019330311,61.333333333333336
9365,9471,memorandum,2,0.6588422060012817,0.40717424286709014,15.0
9366,10573,memorandum,2,0.511458158493042,0.009815514537161845,0.0
9367,9433,memorandum,2,0.4769359678030014,0.051274222918538954,3.3333333333333335
9368,9468,memorandum,2,0.7743297815322876,0.6016719010312143,23.333333333333332
9370,10228,memorandum,2,0.45137153565883636,0.00696472488298949,0.0
9371,10267,memorandum,2,0.4620898514986038,0.021675940094522398,0.0
9372,13,memorandum,2,0.5108377188444138,0.016833410508018128,0.0
9373,10104,memorandum,2,0.7261775732040405,0.12992183907211427,0.0
9374,9795,memorandum,2,0.8568398952484131,0.620066768357352,19.0
9375,10651,memorandum,2,0.5128540694713593,0.0,0.0
9376,9385,memorandum,2,0.504069447517395,0.006986754902418194,0.0
9377,9414,memorandum,2,0.8429065942764282,0.8155174833760075,63.0
9378,9435,memorandum,2,0.8628946542739868,0.6666666666666664,19.0
9379,10673,memorandum,2,0.5317972600460052,0.0,0.0
938,1170,executive_order,2,0.6411964893341064,0.22877189643418427,67.0
9380,20,memorandum,2,0.4899168610572815,0.010476113820340012,0.0
9381,10243,memorandum,2,0.7588224112987518,0.20281378792471522,6.5
9383,9483,memorandum,2,0.9154989719390869,0.9999999999999981,97.0
9384,9392,memorandum,2,0.6337524652481079,0.07723282853447433,0.0
9386,9484,memorandum,2,0.8601779937744141,0.8892650913843761,135.0
9387,9482,memorandum,2,0.7508172988891602,0.24348577566195248,26.0
9389,9557,memorandum,2,0.7556571960449219,0.8538820046743967,802.0
9390,9490,memorandum,2,0.8555135726928711,0.29814603557564234,65.66666666666667
9392,9488,memorandum,2,0.6577512919902802,0.06735416459521255,0.0
9393,9810,memorandum,2,0.9181153178215027,0.954847835853402,95.0
9395,9454,memorandum,2,0.7715659737586975,0.6301266594823289,25.333333333333332
9396,10558,memorandum,2,0.6455256342887878,0.08551978364426255,0.0
9397,9923,memorandum,2,0.6568330526351929,0.44449905197392636,15.0
9398,10665,memorandum,2,0.7174502611160278,0.32665775979839656,32.0
9400,9807,memorandum,2,0.47707676887512207,0.006279093742478162,0.0
9402,9459,memorandum,2,0.7971226274967194,0.4999999999999997,20.5
9403,10022,memorandum,2,0.5106600522994995,0.021676012014185002,0.0
9404,9458,memorandum,2,0.6923659443855286,0.45523837577150833,54.0
9406,9496,memorandum,2,0.7774335741996765,0.46859873605322294,48.666666666666664
9407,10423,memorandum,2,0.4692647457122803,0.0172887963615004,0.0
9408,9485,memorandum,2,0.9058110117912292,0.9999999999999999,28.0
941,1114,executive_order,2,0.5473191440105438,0.06088935125307643,0.0
9411,10316,memorandum,2,0.5615287870168686,0.014368543467285569,0.0
9412,9454,memorandum,2,0.7679996490478516,0.5900387805308166,25.0
9413,9536,memorandum,2,0.5226428806781769,0.3377570179583474,21.666666666666668
9414,11392,memorandum,2,0.4674166142940521,0.0,0.0
9415,10115,memorandum,2,0.41288653016090393,0.0,0.0
9417,10266,memorandum,2,0.5815466642379761,0.0417246612171085,0.0
942,2124,executive_order,2,0.5200357437133789,0.01938666993733377,0.0
9421,9524,memorandum,2,0.47462785243988037,0.020064753240785615,0.0
9423,9535,memorandum,2,0.5604345798492432,0.11662687703702986,0.0
9424,10565,memorandum,2,0.6181806325912476,0.02125040958155571,0.0
9427,9459,memorandum,2,0.5312105417251587,0.0,0.0
9428,9901,memorandum,2,0.706030011177063,0.3403399957172446,32.0
9429,10706,memorandum,2,0.824407696723938,0.5637998765211474,22.0
9431,9595,memorandum,2,0.4499584138393402,0.0022351333014539775,0.0
9432,9657,memorandum,2,0.7567758560180664,0.3962378766592136,30.333333333333332
9433,11110,memorandum,2,0.4642719626426697,0.026442138045895996,0.0
9434,11384,memorandum,2,0.5428516566753387,0.008033190829036996,0.0
9435,9479,memorandum,2,0.7971226274967194,0.4999999999999997,20.5
9436,11229,memorandum,2,0.5536918938159943,0.011982872721218708,0.0
9437,9690,memorandum,2,0.5672721564769745,0.07700499325344305,0.0
9439,10307,memorandum,2,0.527167409658432,0.01797661917882425,0.0
9440,9551,memorandum,2,0.9154989719390869,0.9999999999999981,97.0
9441,10014,memorandum,2,0.6160054802894592,0.03617125394764848,0.0
9442,9682,memorandum,2,0.8436147570610046,0.82910766110172,123.66666666666667
9443,9679,memorandum,2,0.75607830286026,0.7601512630094843,784.0
9445,11670,memorandum,2,0.4839930683374405,0.023018493160322253,0.0
9446,9556,memorandum,2,0.8775664567947388,0.31709252195816334,79.33333333333333
9447,9558,memorandum,2,0.8752278685569763,0.9999999999999999,28.0
9449,9475,memorandum,2,0.6921018958091736,0.11682099089198925,0.0
9450,9465,memorandum,2,0.5344454944133759,0.030425253018317066,0.0
9451,9529,memorandum,2,0.9058110117912292,0.9999999999999999,28.0
9452,9588,memorandum,2,0.8718400001525879,0.7528600186950092,82.0
9453,9810,memorandum,2,0.9216834306716919,1.0000000000000002,97.0
9454,9589,memorandum,2,0.7721151113510132,0.6131081823930027,23.333333333333332
9456,10634,memorandum,2,0.5518025755882263,0.008847624461735685,0.0
9458,9566,memorandum,2,0.7071738243103027,0.7950159701580436,84.33333333333333
9459,9512,memorandum,2,0.8751644492149353,0.9999999999999994,41.0
9462,10844,memorandum,2,0.7346202731132507,0.30276770474954184,17.333333333333332
9463,9575,memorandum,2,0.6031442284584045,0.011837522446014891,0.0
9464,9554,memorandum,2,0.47355401515960693,0.0,0.0
9465,10095,memorandum,2,0.5167891383171082,0.014122383125690622,0.0
9467,9511,memorandum,2,0.774964451789856,0.5705042214500442,24.666666666666668
9468,9493,memorandum,2,0.7667276859283447,0.585582512861838,24.0
9469,11376,memorandum,2,0.4049321711063385,0.007244870206983126,0.0
9470,11161,memorandum,2,0.532184898853302,0.015829412028937184,0.0
9471,9856,memorandum,2,0.7451179027557373,0.1960959488255838,0.0
9472,9914,memorandum,2,0.5312347412109375,0.01949587017219008,0.0
9473,11345,memorandum,2,0.552036464214325,0.0,0.0
9474,9605,memorandum,2,0.5787177383899689,0.01666461141974986,0.0
9475,10811,memorandum,2,0.4880252778530121,0.022699931395767,0.0
9477,11132,memorandum,2,0.4811055660247803,0.0,0.0
9478,10104,memorandum,2,0.6281089782714844,0.11353051376870853,0.0
9479,9576,memorandum,2,0.8751644492149353,0.9999999999999994,41.0
9480,11110,memorandum,2,0.43768031895160675,0.014088920187136575,0.0
9481,10786,memorandum,2,0.6558161377906799,0.10978312490107008,12.0
9482,10878,memorandum,2,0.6348629593849182,0.0,0.0
9483,9627,memorandum,2,0.9154989719390869,0.9999999999999981,97.0
9484,9741,memorandum,2,0.8594470620155334,0.8159505938474697,118.33333333333333
9485,9569,memorandum,2,0.9058110117912292,0.9999999999999999,28.0
9486,9597,memorandum,2,0.604359894990921,0.35212928912517993,17.333333333333332
9487,9563,memorandum,2,0.7966977953910828,0.6626629736325758,87.0
9490,9637,memorandum,2,0.875295102596283,0.33141569081304517,69.33333333333333
9493,9511,memorandum,2,0.7780956029891968,0.5946981562804828,25.0
9494,9638,memorandum,2,0.8752278685569763,0.9999999999999999,28.0
9495,9599,memorandum,2,0.7539745569229126,0.5781014578800859,24.333333333333332
9496,9566,memorandum,2,0.687593013048172,0.8673114169575188,133.66666666666666
9497,9810,memorandum,2,0.9216834306716919,1.0000000000000002,97.0
9499,11422,memorandum,2,0.5346333980560303,0.01064116333302259,0.0
9501,9856,memorandum,2,0.7251780033111572,0.08359995697164034,0.0
9503,9745,memorandum,2,0.5821266174316406,0.06660375203931965,5.5
9505,15,memorandum,2,0.4806783199310303,0.0313322877853822,0.0
9506,10142,memorandum,2,0.5999507009983063,0.055300291101106035,4.666666666666667
9507,10873,memorandum,2,0.43386608362197876,0.03104995785035355,0.0
9509,11229,memorandum,2,0.5231263637542725,0.025291285622085897,0.0
9511,9599,memorandum,2,0.7677880525588989,0.5646302559024009,24.666666666666668
9512,10131,memorandum,2,0.8671904802322388,0.9208420867382544,32.0
9513,10701,memorandum,2,0.577539712190628,0.012181039956435677,0.0
9515,9581,memorandum,2,0.4328109472990036,0.018471439223432886,0.0
9516,10673,memorandum,2,0.48287901282310486,0.02125748589899293,0.0
9517,11653,memorandum,2,0.5508246123790741,0.013555729089312065,0.0
9518,9612,memorandum,2,0.710722953081131,0.49212023803536387,11.5
9520,10165,memorandum,2,0.7777579426765442,0.9204233937397023,17.333333333333332
9521,9970,memorandum,2,0.5690919458866119,0.30895537902805514,35.333333333333336
9524,11485,memorandum,2,0.567142903804779,0.11668015188307652,0.0
9527,10394,memorandum,2,0.5219822525978088,0.008660562727121799,0.0
9529,9663,memorandum,2,0.9058110117912292,0.9999999999999999,28.0
953,978,executive_order,2,0.6661688685417175,0.7531176108019019,92.0
9530,9895,memorandum,2,0.6680041551589966,0.270391310571927,15.0
9531,10354,memorandum,2,0.5345834195613861,0.01782283320702507,0.0
9532,9645,memorandum,2,0.7030056416988373,0.09211919185104711,0.0
9533,9688,memorandum,2,0.7544163465499878,0.38149225444224993,67.66666666666667
9535,9575,memorandum,2,0.6778923273086548,0.14886087990618593,0.0
9536,9999,memorandum,2,0.5723511576652527,0.26877920926600185,12.0
9537,9639,memorandum,2,0.5567941665649414,0.011022911746062807,0.0
9538,10748,memorandum,2,0.5048084855079651,0.0,0.0
9540,11615,memorandum,2,0.7066599130630493,0.028878378951725504,0.0
9541,18,memorandum,2,0.6127248108386993,0.003763089250361424,0.0
9543,9668,memorandum,2,0.5325757265090942,0.029203203525885953,0.0
9544,9594,memorandum,2,0.5570908784866333,0.01428035213376159,0.0
9545,11558,memorandum,2,0.5342647135257721,0.0026360568851911898,0.0
9546,9664,memorandum,2,0.5752453804016113,0.0,0.0
9548,9914,memorandum,2,0.5947973430156708,0.03340131138883741,0.0
9549,9866,memorandum,2,0.5301874428987503,0.0040773101244363594,0.0
9550,11229,memorandum,2,0.5749201476573944,0.02708717451201481,0.0
9551,9680,memorandum,2,0.9154989719390869,0.9999999999999981,97.0
9554,9914,memorandum,2,0.4964485168457031,0.0,0.0
9555,10215,memorandum,2,0.47704170644283295,0.000809054862404777,0.0
9556,9686,memorandum,2,0.8603024482727051,0.35476833004831926,72.66666666666667
9557,9679,memorandum,2,0.7465466260910034,0.7599965649968322,776.0
9558,9884,memorandum,2,0.7678574919700623,0.7822832610816264,18.0
9559,9780,memorandum,2,0.5603006780147552,0.14535925591017482,7.333333333333333
9560,10594,memorandum,2,0.7862160801887512,0.600394663832537,22.0
9561,9879,memorandum,2,0.8350309133529663,0.5183625809216295,22.0
9562,9636,memorandum,2,0.7339317798614502,0.5214582988479027,63.666666666666664
9563,9675,memorandum,2,0.8545109629631042,0.7771664402475759,102.0
9564,9810,memorandum,2,0.9216834306716919,1.0000000000000002,97.0
9566,9609,memorandum,2,0.7070267200469971,0.839187257426019,119.33333333333333
9567,9967,memorandum,2,0.49065327644348145,0.016844165015706163,0.0
9569,9859,memorandum,2,0.7940456867218018,0.5648415817195254,22.0
9570,10970,memorandum,2,0.8221412897109985,0.7065720599035857,17.0
9571,10701,memorandum,2,0.5497560501098633,0.03182491379013654,0.0
9572,10866,memorandum,2,0.6966243386268616,0.4166176106864883,13.0
9573,10891,memorandum,2,0.6130342483520508,0.5270305618603085,15.0
9574,11362,memorandum,2,0.5680504143238068,0.003942490480158322,0.0
9575,9856,memorandum,2,0.6737352609634399,0.1408740314932857,0.0
9576,10211,memorandum,2,0.8656521439552307,0.8286181094259102,23.0
9578,11161,memorandum,2,0.5493421852588654,0.02827357414555413,0.0
9579,9622,memorandum,2,0.8009490966796875,0.6666666666666666,15.666666666666666
9580,9841,memorandum,2,0.7290875315666199,0.18489372986762287,0.0
9581,10250,memorandum,2,0.5485275685787201,0.008483862018453697,0.0
9582,11099,memorandum,2,0.5053483247756958,0.010324590172711437,0.0
9585,10679,memorandum,2,0.5563277006149292,0.0004643939338570086,0.0
9586,9663,memorandum,2,0.7309282422065735,0.5489901280345468,19.0
9587,9606,memorandum,2,0.6084766387939453,0.032832386885971086,0.0
9588,10082,memorandum,2,0.8088767528533936,0.19371790292757365,40.0
9589,9648,memorandum,2,0.7471207976341248,0.3624477035906597,23.666666666666668
9591,9606,memorandum,2,0.5973913669586182,0.009508440849778291,0.0
9592,10577,memorandum,2,0.48430491983890533,0.0050111248394240845,0.0
9593,10115,memorandum,2,0.46000926196575165,0.011702012684520223,0.0
9594,9603,memorandum,2,0.5193492323160172,0.011136955443662314,0.0
9595,10420,memorandum,2,0.5023189783096313,0.001067052826536294,0.0
9596,10812,memorandum,2,0.4583745002746582,0.0,0.0
9597,10143,memorandum,2,0.5494208633899689,0.05760613515302453,4.666666666666667
9598,11459,memorandum,2,0.5542134940624237,0.008010590644101586,0.0
9599,9644,memorandum,2,0.7374785542488098,0.34326587363183997,24.666666666666668
960,1521,executive_order,2,0.5012563019990921,0.08669537684560037,0.0
9601,11016,memorandum,2,0.4754953384399414,0.0,0.0
9603,11326,memorandum,2,0.4615214765071869,0.005545757743209562,0.0
9604,11731,memorandum,2,0.48348531126976013,0.0,0.0
9605,10210,memorandum,2,0.47633911669254303,0.029804638035800662,0.0
9606,9786,memorandum,2,0.4624670743942261,0.03809663767017407,3.3333333333333335
9608,9736,memorandum,2,0.8083160519599915,0.38219757796131665,32.0
9609,9626,memorandum,2,0.7462983131408691,0.5052683386454557,67.33333333333333
961,3371,executive_order,2,0.5415123701095581,0.028317055632157567,0.0
9610,9618,memorandum,2,0.7715978026390076,0.510947269586271,70.33333333333333
9611,10558,memorandum,2,0.555679053068161,0.028774711764437032,0.0
9612,9654,memorandum,2,0.7551165521144867,0.6729331310960879,15.666666666666666
9613,11750,memorandum,2,0.6845259666442871,0.10148798276461111,5.0
9614,10181,memorandum,2,0.6636661291122437,0.09983215831711267,10.0
9615,9700,memorandum,2,0.622074544429779,0.313851424652291,0.0
9617,9644,memorandum,2,0.7697309255599976,0.5904831678144271,37.333333333333336
9619,9626,memorandum,2,0.7464169859886169,0.515327224246752,67.33333333333333
962,969,executive_order,2,0.5164908021688461,0.04630823708906893,16.0
9622,10224,memorandum,2,0.7674368619918823,0.587090060406369,12.666666666666666
9624,9639,memorandum,2,0.6033062189817429,0.01911659325296984,0.0
9625,9885,memorandum,2,0.6953139901161194,0.6981032181209212,293.0
9627,9739,memorandum,2,0.9154989719390869,0.9999999999999981,97.0
9630,9640,memorandum,2,0.6800084114074707,0.6479044106036994,38.0
9632,9741,memorandum,2,0.8609354496002197,0.7974154343301624,127.66666666666667
9634,9755,memorandum,2,0.5276769399642944,0.010532446697707075,0.0
9636,9721,memorandum,2,0.6563034057617188,0.34298931567323826,53.666666666666664
9637,9803,memorandum,2,0.8550697565078735,0.3625863861642245,70.66666666666667
9638,9953,memorandum,2,0.7678574919700623,0.7822832610816264,18.0
9639,10224,memorandum,2,0.6933332979679108,0.5902790585479964,12.666666666666666
964,1699,executive_order,2,0.563474714756012,0.12009343364713622,14.0
9640,9648,memorandum,2,0.6998289823532104,0.6783305239318244,39.0
9641,10182,memorandum,2,0.5220086574554443,0.0035516331619563635,0.0
9643,9693,memorandum,2,0.9191839694976807,1.0000000000000002,97.0
9644,9689,memorandum,2,0.6909571886062622,0.6641696258117598,34.666666666666664
9645,10014,memorandum,2,0.4506823569536209,0.0035535158670031404,0.0
9646,10296,memorandum,2,0.6353997588157654,0.07375175428744554,0.0
9647,9744,memorandum,2,0.7344900369644165,0.34142566482952946,10.0
9648,9898,memorandum,2,0.5973457098007202,0.11081040787085437,5.0
9651,10998,memorandum,2,0.46615439653396606,0.012663052589778033,0.0
9652,9828,memorandum,2,0.548971027135849,0.609840941683356,28.0
9654,9672,memorandum,2,0.7374363839626312,0.6269207415759687,11.333333333333334
9656,9857,memorandum,2,0.493203341960907,0.0,0.0
9657,10075,memorandum,2,0.7084085941314697,0.38269247955351066,31.333333333333332
9658,9683,memorandum,2,0.7048457264900208,0.2035072680279631,5.0
9659,9901,memorandum,2,0.6933653950691223,0.2803525279943355,28.5
9660,9702,memorandum,2,0.7906184792518616,0.36806618826538856,13.333333333333334
9661,9976,memorandum,2,0.8040003180503845,0.5616955798467295,22.0
9663,9859,memorandum,2,0.7940456867218018,0.5648415817195254,22.0
9664,9755,memorandum,2,0.512104868888855,0.015667450148222746,0.0
9665,9667,memorandum,2,0.8638830184936523,0.6666666666666665,19.333333333333332
9667,9722,memorandum,2,0.8638830184936523,0.6666666666666665,19.333333333333332
9668,9967,memorandum,2,0.5423071384429932,0.035354873572678185,0.0
9669,9898,memorandum,2,0.6149344742298126,0.14402180656322192,5.0
9670,11614,memorandum,2,0.5708247125148773,0.019867840653330658,0.0
9671,9702,memorandum,2,0.6407873332500458,0.04194971468730241,0.0
9672,10224,memorandum,2,0.6430568993091583,0.29422742966192333,6.666666666666667
9673,9884,memorandum,2,0.4957582950592041,0.01884972268544242,0.0
9675,9730,memorandum,2,0.8602320551872253,0.783369581710153,103.0
9676,11104,memorandum,2,0.5237396955490112,0.049321690280022715,0.0
9677,9731,memorandum,2,0.9061537981033325,0.9999999999999999,53.0
9678,9926,memorandum,2,0.6086090803146362,0.0,0.0
9679,9885,memorandum,2,0.7289291620254517,0.6877011037455927,799.0
968,1577,executive_order,2,0.7521923780441284,0.37557832868763996,23.0
9680,9793,memorandum,2,0.9154989719390869,0.9999999999999981,97.0
9682,9792,memorandum,2,0.8277842402458191,0.7867677025006276,120.33333333333333
9683,9759,memorandum,2,0.6688274145126343,0.060732003123201504,4.666666666666667
9684,10799,memorandum,2,0.6610821485519409,0.3709928030242143,13.666666666666666
9685,9735,memorandum,2,0.6468307971954346,0.009803923082629985,0.0
9686,9803,memorandum,2,0.8481690883636475,0.3750614472952642,77.33333333333333
9687,10088,memorandum,2,0.8390864133834839,0.6666666666666666,22.0
9688,10236,memorandum,2,0.8148175477981567,0.27914983346263134,69.0
9689,9732,memorandum,2,0.5815365761518478,0.14674837296616988,7.333333333333333
969,1603,executive_order,2,0.6053369045257568,0.08549415502423241,5.333333333333333
9690,9838,memorandum,2,0.5968557894229889,0.30172368761040985,25.666666666666668
9691,9890,memorandum,2,0.7731728553771973,0.8318897028436878,56.0
9693,9753,memorandum,2,0.9168813228607178,1.0000000000000002,97.0
9694,10769,memorandum,2,0.5697865188121796,0.012433783109279404,0.0
9696,9935,memorandum,2,0.6239767670631409,0.011232586851273216,0.0
9697,10686,memorandum,2,0.6633040010929108,0.061754711234350244,0.0
9698,9797,memorandum,2,0.6973851919174194,0.520612456178492,27.0
9699,9716,memorandum,2,0.5843325853347778,0.12051293154504283,0.0
97,1742,executive_order,2,0.4769955575466156,0.06669583724022281,0.0
970,1053,executive_order,2,0.5102633833885193,0.028736638434965458,6.666666666666667
9700,9841,memorandum,2,0.7620543241500854,0.34706556099191926,0.0
9701,10865,memorandum,2,0.845596969127655,0.7175359671915728,17.0
9702,9984,memorandum,2,0.820852518081665,0.37610212158665307,12.0
9704,9739,memorandum,2,0.46920672059059143,0.0,0.0
9706,10587,memorandum,2,0.8373412489891052,0.39814835965333356,17.666666666666668
9707,9859,memorandum,2,0.5748608410358429,0.05268195587171235,0.0
9708,9758,memorandum,2,0.9061537981033325,0.9999999999999999,53.0
9710,9876,memorandum,2,0.6725119352340698,0.29606274504741664,11.0
9711,9798,memorandum,2,0.7534819841384888,0.31885843271765096,49.0
9714,9755,memorandum,2,0.6580775380134583,0.3149302535977701,0.0
9715,10288,memorandum,2,0.7767312526702881,0.5403997162818998,22.0
9716,10707,memorandum,2,0.6505176424980164,0.04521444763598277,0.0
9717,10297,memorandum,2,0.6686409115791321,0.12757346379326942,12.0
9718,10002,memorandum,2,0.7211843729019165,0.44904120814836795,23.666666666666668
9719,9755,memorandum,2,0.6492863297462463,0.22976369025315946,0.0
9720,9946,memorandum,2,0.7328400611877441,0.9109659991453158,57.0
9721,10002,memorandum,2,0.7010327577590942,0.31956311325260667,36.333333333333336
9722,9756,memorandum,2,0.8638830184936523,0.6666666666666665,19.333333333333332
9725,9755,memorandum,2,0.5932644903659821,0.1775209973978411,5.5
9728,10746,memorandum,2,0.7666019201278687,0.5719753206655993,22.0
9730,9784,memorandum,2,0.843751072883606,0.7720308914664228,101.0
9731,9788,memorandum,2,0.9061537981033325,0.9999999999999999,53.0
9732,9770,memorandum,2,0.8192362785339355,0.41005967471069577,57.0
9733,10002,memorandum,2,0.6382584273815155,0.3838864637091927,34.666666666666664
9734,10357,memorandum,2,0.6701512336730957,0.38716773986855874,10.333333333333334
9735,9861,memorandum,2,0.8768155574798584,0.7721988572095972,52.0
9736,9744,memorandum,2,0.7301210761070251,0.35338654956557963,10.0
9737,9863,memorandum,2,0.7753739953041077,0.7446605037105447,54.0
9738,9791,memorandum,2,0.5918421745300293,0.18431331625435318,5.0
9739,9872,memorandum,2,0.9126091599464417,0.9999999999999981,97.0
9741,9875,memorandum,2,0.8118577003479004,0.7565296954301789,137.33333333333334
9742,10151,memorandum,2,0.5404894351959229,0.0033836070482305765,0.0
9743,9817,memorandum,2,0.827257513999939,0.47655755898842256,26.666666666666668
9744,9809,memorandum,2,0.6847620010375977,0.2960430823635089,10.0
9745,11277,memorandum,2,0.6242544651031494,0.027447465819941032,0.0
9747,9951,memorandum,2,0.7140635550022125,0.2825243534242179,66.33333333333333
9748,10088,memorandum,2,0.8390864133834839,0.6666666666666666,22.0
975,2730,executive_order,2,0.7310055494308472,0.29006759621138895,13.0
9750,9799,memorandum,2,0.6956933736801147,0.36790592895714214,44.0
9751,10135,memorandum,2,0.5008979737758636,0.01208503974147493,0.0
9752,9833,memorandum,2,0.7797674536705017,0.6055471740044206,59.0
9753,9889,memorandum,2,0.9168813228607178,1.0000000000000002,97.0
9754,9890,memorandum,2,0.7474614381790161,0.8318897028436878,56.0
9755,9841,memorandum,2,0.6304373741149902,0.2775373201037196,0.0
9756,9821,memorandum,2,0.8638830184936523,0.6666666666666665,19.333333333333332
9757,10706,memorandum,2,0.8224618434906006,0.5037414631951358,22.0
9758,9826,memorandum,2,0.9061537981033325,0.9999999999999999,53.0
9759,10804,memorandum,2,0.6233770847320557,0.0537745882912706,0.0
976,1457,executive_order,2,0.685934841632843,0.02553981682458886,0.0
9760,10995,memorandum,2,0.3930118829011917,0.010647988742486687,0.0
9762,9841,memorandum,2,0.6693201065063477,0.3238619947847974,0.0
9763,10558,memorandum,2,0.6787934303283691,0.08693746657183014,0.0
9765,10742,memorandum,2,0.5698515772819519,0.01699782550964812,0.0
9766,9854,memorandum,2,0.481413871049881,0.07444540680035523,0.0
9768,9914,memorandum,2,0.560719907283783,0.02783427089211751,0.0
9769,10558,memorandum,2,0.5716714262962341,0.01222295225726356,0.0
9770,9833,memorandum,2,0.7977141737937927,0.5661536275075787,63.0
9771,10048,memorandum,2,0.6538882851600647,0.49831257131418005,102.0
9774,9795,memorandum,2,0.870366096496582,0.4141404756469972,12.0
9775,10051,memorandum,2,0.6635822653770447,0.3920634312662859,92.0
9776,9818,memorandum,2,0.6014149785041809,0.03651897910500672,6.0
9777,9827,memorandum,2,0.795044481754303,0.41378057212187425,18.0
9778,9842,memorandum,2,0.7182526588439941,0.3281913267699624,12.666666666666666
978,1014,executive_order,2,0.8072027862071991,0.9834240209171986,142.33333333333334
9780,9916,memorandum,2,0.7262182533740997,0.5215432600863047,54.0
9781,10314,memorandum,2,0.7612217664718628,0.5624741604290373,28.333333333333332
9782,9935,memorandum,2,0.8621535301208496,0.7178194267328041,42.0
9784,10083,memorandum,2,0.8314917087554932,0.5649822905740973,88.0
9785,10047,memorandum,2,0.586982250213623,0.22777185083814713,66.0
9786,17,memorandum,2,0.5734288692474365,0.13964229153001345,0.0
9788,10000,memorandum,2,0.9023818969726562,0.8960354116937679,50.0
9789,10290,memorandum,2,0.7677898406982422,0.4099292362170154,41.0
979,1897,executive_order,2,0.47497130930423737,0.046282325090432,0.0
9790,11032,memorandum,2,0.5671525597572327,0.0,0.0
9791,10793,memorandum,2,0.5345558524131775,0.009441861502078005,0.0
9792,9941,memorandum,2,0.8658139109611511,0.824197224567548,140.33333333333334
9793,9810,memorandum,2,0.8458597660064697,0.9602744277239217,90.0
9795,11079,memorandum,2,0.4974667429924011,0.00761562466828424,0.0
9796,11840,memorandum,2,0.528229832649231,0.0,0.0
9797,10582,memorandum,2,0.7888978719711304,0.21969774104507575,0.0
9798,9996,memorandum,2,0.6398727893829346,0.05356847528965772,10.0
9799,9935,memorandum,2,0.6394832134246826,0.056768492859600464,10.0
98,1527,executive_order,2,0.47888049483299255,0.12113043239682512,3.3333333333333335
980,2666,executive_order,2,0.4712873250246048,0.0695507246682701,0.0
9801,10126,memorandum,2,0.574871689081192,0.006334705332971221,0.0
9802,9955,memorandum,2,0.6809075474739075,0.6136804706635526,359.0
9803,9951,memorandum,2,0.7399378418922424,0.29719426259549936,66.33333333333333
9804,10088,memorandum,2,0.8390864133834839,0.6666666666666666,22.0
9806,9811,memorandum,2,0.761649489402771,0.9099376882287464,57.0
9807,10948,memorandum,2,0.48112206161022186,0.009286675139474395,0.0
9809,10014,memorandum,2,0.7540462017059326,0.21592785619811827,15.0
9810,9959,memorandum,2,0.9191839694976807,1.0000000000000002,97.0
9811,9890,memorandum,2,0.7749979496002197,0.8318897028436878,56.0
9814,10412,memorandum,2,0.5271681547164917,0.023278810528310306,0.0
9817,10291,memorandum,2,0.7997491955757141,0.465948429826106,22.0
9818,10014,memorandum,2,0.7251852750778198,0.3895027474217152,20.0
9819,10404,memorandum,2,0.7637214660644531,0.3062835880806701,13.666666666666666
9821,10014,memorandum,2,0.718599796295166,0.09427860236772675,0.0
9822,9890,memorandum,2,0.7555686235427856,0.8380511130679412,56.0
9823,10371,memorandum,2,0.5356845855712891,0.0,0.0
9824,9841,memorandum,2,0.5746841430664062,0.1516998446479185,0.0
9825,9864,memorandum,2,0.5621227324008942,0.31410539161929574,16.0
9826,10033,memorandum,2,0.9023818969726562,0.8960354116937679,50.0
9827,9930,memorandum,2,0.8603445291519165,0.5825932783234952,18.0
9828,9835,memorandum,2,0.5048434883356094,0.035979906073582556,10.0
9829,10054,memorandum,2,0.6460739374160767,0.021506695008311073,0.0
983,1679,executive_order,2,0.7580488920211792,0.8470252871766097,19.0
9830,11037,memorandum,2,0.4500809907913208,0.12195029612210859,10.0
9831,10050,memorandum,2,0.8369683027267456,0.49995961640380526,132.0
9832,10770,memorandum,2,0.5181806087493896,0.010868232462385496,0.0
9833,9874,memorandum,2,0.8086408376693726,0.5480246797835386,59.0
9834,9861,memorandum,2,0.49751970171928406,0.0360297717920366,0.0
9835,9854,memorandum,2,0.6080749332904816,0.18088914488152721,10.666666666666666
9836,10641,memorandum,2,0.43651144206523895,0.003737975957539115,0.0
9838,10558,memorandum,2,0.730756551027298,0.1892570793015323,11.5
984,1444,executive_order,2,0.4783950001001358,0.035940609728257536,0.0
9840,10473,memorandum,2,0.6518974602222443,0.29245920558168914,17.5
9841,9857,memorandum,2,0.7682688236236572,0.2662785962469053,0.0
9842,10067,memorandum,2,0.6500191688537598,0.10898887284747684,0.0
9843,9859,memorandum,2,0.6575273275375366,0.15412627197144774,15.0
9845,10023,memorandum,2,0.7628000974655151,0.18825291936783148,0.0
9846,10067,memorandum,2,0.8019919395446777,0.35936508213844426,24.333333333333332
9847,9897,memorandum,2,0.7319726049900055,0.4173415494965742,39.666666666666664
9848,10312,memorandum,2,0.7262071669101715,0.44935676060640145,28.0
9849,10690,memorandum,2,0.6469162702560425,0.3876597592017955,65.0
985,1188,executive_order,2,0.518492117524147,0.06530896028395324,11.666666666666666
9850,10033,memorandum,2,0.9019983410835266,0.9999999999999994,53.0
9852,9882,memorandum,2,0.6170121431350708,0.1354409656168578,0.0
9853,10468,memorandum,2,0.7383732795715332,0.6830632714280348,45.0
9854,10673,memorandum,2,0.5290606468915939,0.013141007641889557,0.0
9855,9895,memorandum,2,0.6131057143211365,0.0963492584535383,0.0
9856,9895,memorandum,2,0.6719822883605957,0.13695199921212173,0.0
9857,9895,memorandum,2,0.6763136386871338,0.059823937775382315,0.0
9858,9921,memorandum,2,0.6030189692974091,0.12659392750443593,0.0
9859,9935,memorandum,2,0.7362099885940552,0.13763331017729094,11.0
986,1027,executive_order,2,0.4547913372516632,0.0410549947890834,0.0
9860,9997,memorandum,2,0.822235107421875,0.6813705748543359,43.0
9861,9996,memorandum,2,0.8463966846466064,0.6164777790411704,42.0
9862,10142,memorandum,2,0.563538134098053,0.038563740011585024,0.0
9863,9940,memorandum,2,0.8100714087486267,0.5831638391282808,57.0
9864,25,memorandum,2,0.49062860012054443,0.03267208553710931,0.0
9865,17,memorandum,2,0.5461927056312561,0.08834093075003409,12.0
9866,10200,memorandum,2,0.5310648679733276,0.015996550117463648,0.0
9867,10239,memorandum,2,0.7802679538726807,0.41162211122736325,22.0
9870,10208,memorandum,2,0.44074302911758423,0.051474343626972646,0.0
9871,10753,memorandum,2,0.5489799380302429,0.012469368087948601,0.0
9872,9959,memorandum,2,0.8429775834083557,0.9602744277239217,90.0
9874,10120,memorandum,2,0.7828725576400757,0.5246767188606832,51.0
9875,10012,memorandum,2,0.8279495239257812,0.5834385649807372,135.33333333333334
9876,9948,memorandum,2,0.6943727731704712,0.3920681632256478,3.3333333333333335
9878,9888,memorandum,2,0.7342982292175293,0.6350399857104667,20.0
9879,10706,memorandum,2,0.8207381963729858,0.6748578697077636,25.0
988,2271,executive_order,2,0.48923617601394653,0.008610459059018862,0.0
9880,10718,memorandum,2,0.5795582085847855,0.014980924458444955,0.0
9881,11045,memorandum,2,0.6004035472869873,0.0481328710174244,0.0
9882,10084,memorandum,2,0.6076290607452393,0.029420875787938987,0.0
9883,9992,memorandum,2,0.7907582521438599,0.34309149532045374,69.66666666666667
9884,10327,memorandum,2,0.8000510931015015,0.8137831054833162,24.0
9885,10743,memorandum,2,0.50318443775177,0.03646952924479758,0.0
9886,10845,memorandum,2,0.6227567195892334,0.33250948751632875,10.666666666666666
9888,10021,memorandum,2,0.6731209754943848,0.0367446125596692,0.0
9889,10650,memorandum,2,0.8996098637580872,0.8764964640927788,87.0
9890,9912,memorandum,2,0.7752289772033691,0.7751815270968987,45.0
9891,10908,memorandum,2,0.7791934013366699,0.6533656448883096,24.0
9893,10051,memorandum,2,0.6125539541244507,0.5468377397539618,122.0
9895,10200,memorandum,2,0.645208477973938,0.02138312977149955,0.0
9896,10721,memorandum,2,0.5231792330741882,0.018684484370525185,0.0
9897,10548,memorandum,2,0.5854775905609131,0.020192015231466118,0.0
9898,10132,memorandum,2,0.812886118888855,0.4663649434417908,65.0
9899,9904,memorandum,2,0.6976081132888794,0.6175997980705445,18.0
99,141,executive_order,2,0.5017685294151306,0.08701807327189764,11.666666666666666
9900,10033,memorandum,2,0.9019983410835266,0.9999999999999994,53.0
9901,9912,memorandum,2,0.6858483552932739,0.1803829509540208,14.0
9903,10269,memorandum,2,0.7492899894714355,0.8038542512174608,20.0
9904,10059,memorandum,2,0.7419371008872986,0.3883472176366002,12.0
9905,10348,memorandum,2,0.7473246455192566,0.796402180403026,21.0
9906,10101,memorandum,2,0.7021271586418152,0.7023798783622112,19.666666666666668
9907,9927,memorandum,2,0.7912206649780273,0.738779190662953,57.0
9909,10610,memorandum,2,0.4766470789909363,0.08477646957355639,0.0
9910,9978,memorandum,2,0.8566628694534302,0.9617120975912516,28.0
9912,9927,memorandum,2,0.7463698983192444,0.7940093664680696,58.0
9914,10819,memorandum,2,0.4760839343070984,0.03470484856641403,0.0
9916,9995,memorandum,2,0.71060511469841,0.3238691753864446,33.666666666666664
9918,10932,memorandum,2,0.5198858976364136,0.03722603654020623,0.0
9919,10743,memorandum,2,0.6429352164268494,0.16241818235640315,0.0
992,1112,executive_order,2,0.6742782592773438,0.18037259969559136,11.0
9920,10043,memorandum,2,0.8774348497390747,0.709703657211684,48.0
9921,10890,memorandum,2,0.606720894575119,0.08012456908527149,0.0
9922,10218,memorandum,2,0.7762398719787598,0.5564863365118905,59.0
9923,10059,memorandum,2,0.693822979927063,0.27680990212792533,12.0
9924,10260,memorandum,2,0.6541752815246582,0.01990731962090955,0.0
9925,10594,memorandum,2,0.7051072716712952,0.6244742772186053,25.0
9926,10014,memorandum,2,0.5702643394470215,0.04321970766788726,0.0
9927,9940,memorandum,2,0.7966275215148926,0.5536661623842152,57.0
9928,9947,memorandum,2,0.7366000413894653,0.2778198065260163,12.0
9929,9997,memorandum,2,0.7968442440032959,0.822202756442409,55.0
993,1156,executive_order,2,0.5475664734840393,0.1615507935694954,17.0
9930,10023,memorandum,2,0.7660374045372009,0.1757583298957931,0.0
9931,10526,memorandum,2,0.5811840891838074,0.020345795563834923,0.0
9933,10033,memorandum,2,0.9019983410835266,0.9999999999999994,53.0
9935,9939,memorandum,2,0.709399938583374,0.20365664352881008,11.0
9936,10104,memorandum,2,0.5561685860157013,0.003077770158676992,0.0
9937,10014,memorandum,2,0.6992039680480957,0.11654390987525125,0.0
9938,10631,memorandum,2,0.5685882568359375,0.009074955089260964,0.0
9939,9996,memorandum,2,0.7480717897415161,0.20192004434563657,11.0
994,1345,executive_order,2,0.5032235234975815,0.05081410709973416,0.0
9940,9968,memorandum,2,0.8632815480232239,0.5351092158868967,64.0
9941,10072,memorandum,2,0.8094496726989746,0.5857314225809379,131.66666666666666
9942,10797,memorandum,2,0.5161210298538208,0.05326419794889185,0.0
9943,11053,memorandum,2,0.5334275960922241,0.022784976593222893,0.0
9945,10263,memorandum,2,0.7870416641235352,0.6414149898830478,14.0
9946,9949,memorandum,2,0.7385896444320679,0.5016363849256306,30.0
9947,10475,memorandum,2,0.658446192741394,0.38505112924262974,0.0
9948,10582,memorandum,2,0.6666845083236694,0.05487066565861763,0.0
9949,9965,memorandum,2,0.7673124670982361,0.5194504732469453,48.0
9950,10407,memorandum,2,0.8887964487075806,0.717748882252312,68.33333333333333
9951,10065,memorandum,2,0.6377793252468109,0.23519080304817483,30.333333333333332
9952,10364,memorandum,2,0.6784722805023193,0.2071316787165458,9.5
9953,11355,memorandum,2,0.8011782169342041,0.7329898115756955,22.0
9954,10980,memorandum,2,0.6526715755462646,0.11379145125701626,10.0
9955,10743,memorandum,2,0.5506901741027832,0.039227115709952104,0.0
9956,10238,memorandum,2,0.842219352722168,0.89099474729618,88.0
9957,10815,memorandum,2,0.5292344093322754,0.0049884807785413555,0.0
9958,10949,memorandum,2,0.7413098812103271,0.27225624527475745,12.0
9959,10647,memorandum,2,0.8077044486999512,0.8459844043577763,87.0
9961,11346,memorandum,2,0.7723606824874878,0.6358472245108997,17.0
9963,10336,memorandum,2,0.5675433576107025,0.06302371266936845,0.0
9964,10959,memorandum,2,0.7372448444366455,0.29376162346605017,41.0
9965,10621,memorandum,2,0.563795804977417,0.020510840656029043,0.0
9967,11033,memorandum,2,0.5555128157138824,0.02837349660287089,3.3333333333333335
9968,10864,memorandum,2,0.5904435515403748,0.0,0.0
9969,10033,memorandum,2,0.9019983410835266,0.9999999999999994,53.0
997,1123,executive_order,2,0.5029519349336624,0.10229346205387152,0.0
9970,11318,memorandum,2,0.5347225069999695,0.04557399831767086,0.0
9971,10348,memorandum,2,0.7468447089195251,0.7252686413197714,20.0
9972,10269,memorandum,2,0.7492899894714355,0.8038542512174608,20.0
9974,10308,memorandum,2,0.5895785689353943,0.0768343076883075,3.3333333333333335
9976,10288,memorandum,2,0.787598192691803,0.6122679679052105,24.0
9977,11541,memorandum,2,0.6322843432426453,0.09936475021673997,7.666666666666667
9978,10797,memorandum,2,0.5157314538955688,0.05376306830342682,0.0
9980,10241,memorandum,2,0.679931640625,0.03167296826638155,0.0
9982,10079,memorandum,2,0.6746699810028076,0.28355579285682914,0.0
9983,10302,memorandum,2,0.8238183259963989,0.2645145633550931,30.0
9984,10084,memorandum,2,0.5792038142681122,0.06200813753806458,0.0
9985,10673,memorandum,2,0.49060460925102234,0.013523014424637065,0.0
9986,10058,memorandum,2,0.7314375042915344,0.5348927284658425,128.0
9987,10023,memorandum,2,0.7003236413002014,0.10809345758467809,0.0
9988,10048,memorandum,2,0.650596022605896,0.3830360322365936,75.5
9989,10114,memorandum,2,0.5216013491153717,0.06966920237727033,0.0
9990,10058,memorandum,2,0.5239540338516235,0.0006572228342455743,0.0
9991,10879,memorandum,2,0.5591896176338196,0.0,0.0
9992,10297,memorandum,2,0.683706134557724,0.046180013599711994,0.0
9993,10218,memorandum,2,0.7641547322273254,0.30634546690606523,44.0
9995,11541,memorandum,2,0.6250337660312653,0.08011569890237907,7.666666666666667
9996,10118,memorandum,2,0.46668535470962524,0.036057269717124876,0.0
9997,10433,memorandum,2,0.555090069770813,0.04784501272281143,0.0
9998,10132,memorandum,2,0.7721484303474426,0.31729278520804693,45.0
9999,11318,memorandum,2,0.5807700753211975,0.022335800464181346,0.0
