case_id,child_id,assigned_family,all_child_families,candidate_label,parent_id,retrieval_sources,word5_score,word10_score,bm25_score,function_score,word5_rank,word10_rank,bm25_rank,function_rank,rrf_score,rrf_rank
SHC001,693,ieepa_action,ieepa_action|property_blocking,C01,847,rrf_fill,0.3465758264064789,0.29233959317207336,549.4645057763474,0.7562428712844849,14,13,16,12,0.05425892727623081,14
SHC001,693,ieepa_action,ieepa_action|property_blocking,C02,755,bm25|word10|word5,0.48226287961006165,0.41044339537620544,659.8555911370424,0.7449638843536377,1,1,1,18,0.06200084068936528,4
SHC001,693,ieepa_action,ieepa_action|property_blocking,C03,813,rrf_fill,0.3754439055919647,0.28938379883766174,542.2344185788554,0.7864397168159485,12,14,17,9,0.054882169012603794,13
SHC001,693,ieepa_action,ieepa_action|property_blocking,C04,800,rrf_fill,0.417860746383667,0.3558740019798279,600.1358977975377,0.791475236415863,8,7,8,8,0.059043020193151885,8
SHC001,693,ieepa_action,ieepa_action|property_blocking,C05,808,rrf_fill,0.33179476857185364,0.27286073565483093,550.0333331853886,0.6877180933952332,18,16,14,43,0.04920065893494611,19
SHC001,693,ieepa_action,ieepa_action|property_blocking,C06,732,rrf_fill,0.4027220606803894,0.35187333822250366,609.3595905682341,0.7458471655845642,11,8,7,17,0.05670277551653605,11
SHC001,693,ieepa_action,ieepa_action|property_blocking,C07,820,rrf_fill,0.3103736937046051,0.2537737190723419,469.9478823302021,0.7442870736122131,24,18,40,19,0.047383502573375993,22
SHC001,693,ieepa_action,ieepa_action|property_blocking,C08,756,bm25|word10|word5,0.4333029091358185,0.3893584609031677,636.4866523154228,0.7952365875244141,5,5,4,7,0.06131960390355913,6
SHC001,693,ieepa_action,ieepa_action|property_blocking,C09,838,rrf_fill,0.29576507210731506,0.2179921567440033,531.1620098962189,0.743017852306366,27,27,20,21,0.04783418475947211,21
SHC001,693,ieepa_action,ieepa_action|property_blocking,C10,853,rrf_fill,0.3136369585990906,0.24109286069869995,560.7409860493116,0.720876157283783,23,22,13,28,0.04930558122292651,18
SHC001,693,ieepa_action,ieepa_action|property_blocking,C11,727,rrf_fill,0.41098645329475403,0.3443167507648468,571.501393375852,0.7572592496871948,9,10,11,11,0.05694748199340974,10
SHC001,693,ieepa_action,ieepa_action|property_blocking,C12,978,rrf_fill,0.28720155358314514,0.21585886180400848,510.65546865312723,0.7430880069732666,28,28,27,20,0.04672152560083595,24
SHC001,693,ieepa_action,ieepa_action|property_blocking,C13,707,bm25|function|word10|word5,0.46798259019851685,0.3940081298351288,653.1007109880554,0.802104115486145,3,4,2,4,0.06325204813108039,2
SHC001,693,ieepa_action,ieepa_action|property_blocking,C14,791,rrf_fill,0.34082627296447754,0.24892455339431763,482.1399726262114,0.7154949307441711,16,20,38,33,0.046614664541538176,25
SHC001,693,ieepa_action,ieepa_action|property_blocking,C15,703,same_family_recent,0.3345074951648712,0.23910504579544067,488.87796446693454,0.7199092507362366,17,23,35,29,0.04679747660375078,23
SHC001,693,ieepa_action,ieepa_action|property_blocking,C16,734,rrf_fill,0.3746047616004944,0.307667076587677,590.1265033132048,0.747116208076477,13,12,9,16,0.0552381673859057,12
SHC001,693,ieepa_action,ieepa_action|property_blocking,C17,752,bm25|function|word10|word5,0.4753345251083374,0.40171441435813904,647.6628556317505,0.8052313923835754,2,2,3,3,0.06400409626216078,1
SHC001,693,ieepa_action,ieepa_action|property_blocking,C18,697,same_family_recent,0.40589839220046997,0.334604412317276,569.8148811991746,0.7975494861602783,10,11,12,6,0.05741062536837185,9
SHC001,693,ieepa_action,ieepa_action|property_blocking,C19,758,function,0.4216661751270294,0.3741700351238251,620.1113809179664,0.8311213254928589,6,6,6,1,0.06184798807749628,5
SHC001,693,ieepa_action,ieepa_action|property_blocking,C20,759,bm25|function|word10|word5,0.4578668773174286,0.39903780817985535,635.0633327830337,0.8213162422180176,4,3,5,2,0.06301166351569577,3
SHC001,693,ieepa_action,ieepa_action|property_blocking,C21,950,rrf_fill,0.28593599796295166,0.2069777399301529,535.0835902357376,0.7607415318489075,30,30,18,10,0.04932844932844933,17
SHC001,693,ieepa_action,ieepa_action|property_blocking,C22,883,rrf_fill,0.31769028306007385,0.23322755098342896,549.8526886150429,0.7510573863983154,22,25,15,14,0.0508066746804193,16
SHC001,693,ieepa_action,ieepa_action|property_blocking,C23,837,rrf_fill,0.32260581851005554,0.27405282855033875,513.7031099559811,0.7198792695999146,21,15,26,30,0.048418030433534306,20
SHC001,693,ieepa_action,ieepa_action|property_blocking,C24,846,rrf_fill,0.3247418701648712,0.2719292938709259,526.4555150651629,0.7517074346542358,20,17,23,13,0.051233835895083624,15
SHC001,693,ieepa_action,ieepa_action|property_blocking,C25,725,function,0.4195403456687927,0.35000354051589966,579.0357188620303,0.7981576919555664,7,9,10,5,0.059088456427846436,7
SHC002,222,ieepa_action,ieepa_action,C01,17459,rrf_fill,0.06232008710503578,0.0279106292873621,167.83956950573466,0.5369945764541626,29,36,11,39,0.045838138866110066,6
SHC002,222,ieepa_action,ieepa_action,C02,225,bm25|same_family_recent|word5,0.10391966253519058,0.04943550378084183,275.8814913966327,0.5619791746139526,3,14,3,6,0.06041106041106041,3
SHC002,222,ieepa_action,ieepa_action,C03,11986,rrf_fill,0.06249890848994255,0.03237207978963852,160.34264959038754,0.5053291916847229,26,24,30,377,0.036932109512068004,20
SHC002,222,ieepa_action,ieepa_action,C04,233,word10|word5,0.08892004191875458,0.06641349196434021,132.4453705712902,0.43045198917388916,4,1,142,3673,0.03723681873326477,17
SHC002,222,ieepa_action,ieepa_action,C05,227,word10,0.07699811458587646,0.06283597648143768,140.16018640004157,0.4054669141769409,12,2,92,5232,0.03678583299005322,21
SHC002,222,ieepa_action,ieepa_action,C06,240,word10,0.08102939277887344,0.061341915279626846,121.73614277153119,0.4828510880470276,8,5,237,1071,0.03434167440252633,28
SHC002,222,ieepa_action,ieepa_action,C07,18089,rrf_fill,0.06394365429878235,0.03237207978963852,167.1246768276721,0.5271984934806824,20,28,14,92,0.04395609724557093,7
SHC002,222,ieepa_action,ieepa_action,C08,252,function|word5,0.08631774038076401,0.053408559411764145,165.90473109160325,0.5783501267433167,5,9,17,3,0.05873739786783265,4
SHC002,222,ieepa_action,ieepa_action,C09,447,rrf_fill,0.08448126167058945,0.05130242183804512,150.43903684158846,0.44645002484321594,7,12,49,2736,0.038346227740952935,13
SHC002,222,ieepa_action,ieepa_action,C10,11985,rrf_fill,0.06249890848994255,0.03237207978963852,161.55174687177487,0.5019206404685974,25,23,27,476,0.037172823168791544,18
SHC002,222,ieepa_action,ieepa_action,C11,264,rrf_fill,0.06938830018043518,0.037704948335886,153.40637733207666,0.5405830144882202,16,16,44,27,0.04742542696263204,5
SHC002,222,ieepa_action,ieepa_action,C12,18218,rrf_fill,0.06368749588727951,0.03237207978963852,145.5758826059245,0.5335997939109802,22,31,67,57,0.03960515723527055,11
SHC002,222,ieepa_action,ieepa_action,C13,11981,rrf_fill,0.06249890848994255,0.03237207978963852,162.7549089574229,0.48737049102783203,24,22,22,897,0.03733993788661577,16
SHC002,222,ieepa_action,ieepa_action,C14,11992,rrf_fill,0.06249890848994255,0.03237207978963852,156.21119035427486,0.5164475440979004,27,25,41,190,0.03715994885492606,19
SHC002,222,ieepa_action,ieepa_action,C15,17917,rrf_fill,0.06394365429878235,0.03237207978963852,159.15182545663882,0.5082606077194214,18,26,32,306,0.03805022545180678,14
SHC002,222,ieepa_action,ieepa_action,C16,12136,bm25,0.061715345829725266,0.020222127437591553,187.8552894189467,0.5302828550338745,33,43,5,79,0.04304028602505261,10
SHC002,222,ieepa_action,ieepa_action,C17,236,word10,0.0808100625872612,0.06283597648143768,129.67654132736843,0.4951556622982025,9,4,159,654,0.03608452389294014,23
SHC002,222,ieepa_action,ieepa_action,C18,18475,function,0.0,0.0,101.39936956219138,0.5922238230705261,12511,12410,668,2,0.017662399260014235,119
SHC002,222,ieepa_action,ieepa_action,C19,224,bm25|function|same_family_recent|word5,0.11626189947128296,0.04943550378084183,310.8461490945689,0.5660494565963745,2,13,2,4,0.06158169465311533,2
SHC002,222,ieepa_action,ieepa_action,C20,12098,bm25,0.061715345829725266,0.020222127437591553,191.27620623004233,0.5294718742370605,32,42,4,83,0.04329149377902575,9
SHC002,222,ieepa_action,ieepa_action,C21,226,bm25|function|word5,0.14065037667751312,0.057634469121694565,322.41730296958355,0.6260214447975159,1,8,1,1,0.06388621022179364,1
SHC002,222,ieepa_action,ieepa_action,C22,17450,function,0.006984677631407976,0.0,144.129066256332,0.5634689331054688,634,12311,75,5,0.02431377919126179,65
SHC002,222,ieepa_action,ieepa_action,C23,235,word10,0.08480536937713623,0.06283597648143768,144.41873157436433,0.45993608236312866,6,3,74,2026,0.03896660397712186,12
SHC002,222,ieepa_action,ieepa_action,C24,17415,rrf_fill,0.05228589475154877,0.0279106292873621,164.98929818224516,0.5176657438278198,39,35,18,181,0.037597216304357604,15
SHC002,222,ieepa_action,ieepa_action,C25,18180,rrf_fill,0.06368749588727951,0.03237207978963852,157.6285952035992,0.5365670323371887,21,29,37,43,0.04359965028311859,8
SHC003,4859,ieepa_action,ieepa_action,C01,9351,word10|word5,0.06956174969673157,0.04584084823727608,211.2258425075875,0.48416733741760254,5,4,44,2442,0.041024680255795365,25
SHC003,4859,ieepa_action,ieepa_action,C02,5146,rrf_fill,0.05435580387711525,0.024189164862036705,242.1090803149841,0.7460659146308899,8,7,11,10,0.05800147681523734,3
SHC003,4859,ieepa_action,ieepa_action,C03,703,bm25|word5,0.07590581476688385,0.012919620610773563,325.2434259366298,0.5632429718971252,4,27,4,347,0.045201255330565675,18
SHC003,4859,ieepa_action,ieepa_action,C04,4933,rrf_fill,0.04081736505031586,0.015000330284237862,167.97719692056825,0.7559957504272461,16,22,201,8,0.043890316665523864,21
SHC003,4859,ieepa_action,ieepa_action,C05,5171,rrf_fill,0.043748196214437485,0.019930081441998482,232.88556367818492,0.7576572299003601,14,14,17,6,0.05516555516555517,8
SHC003,4859,ieepa_action,ieepa_action,C06,791,rrf_fill,0.0613032691180706,0.02243128977715969,254.84438886231737,0.545393168926239,6,9,7,582,0.04612727430778581,14
SHC003,4859,ieepa_action,ieepa_action,C07,5013,rrf_fill,0.05087292939424515,0.02116485685110092,237.46794333136438,0.6445638537406921,10,11,14,58,0.05035831111266776,10
SHC003,4859,ieepa_action,ieepa_action,C08,5120,function,0.04837886244058609,0.016034772619605064,243.8774228180331,0.7725843787193298,12,20,9,3,0.056754658385093165,4
SHC003,4859,ieepa_action,ieepa_action,C09,5143,rrf_fill,0.05966772884130478,0.024980802088975906,229.5749734979729,0.7150513529777527,7,6,20,17,0.0555639012728565,6
SHC003,4859,ieepa_action,ieepa_action,C10,5113,rrf_fill,0.039995040744543076,0.02156173437833786,191.56144219710848,0.684894859790802,19,10,101,28,0.044518758621675515,20
SHC003,4859,ieepa_action,ieepa_action,C11,5004,function,0.04058806598186493,0.016095411032438278,165.56299577558497,0.8065583109855652,18,18,210,1,0.045738171967680166,16
SHC003,4859,ieepa_action,ieepa_action,C12,5149,rrf_fill,0.03571327030658722,0.012058954685926437,224.9326713790693,0.7310801148414612,29,30,23,14,0.04790877245188874,13
SHC003,4859,ieepa_action,ieepa_action,C13,5422,rrf_fill,0.03811752423644066,0.01817355491220951,204.0891866890796,0.6703708171844482,25,16,59,35,0.04385227775320655,22
SHC003,4859,ieepa_action,ieepa_action,C14,5079,function,0.05194155126810074,0.020488228648900986,222.6034611720907,0.7692374587059021,9,12,27,4,0.055500895385640514,7
SHC003,4859,ieepa_action,ieepa_action,C15,5121,function,0.04872678592801094,0.015263364650309086,240.17767003852532,0.7927095293998718,11,21,13,2,0.05625784844965002,5
SHC003,4859,ieepa_action,ieepa_action,C16,5374,rrf_fill,0.036453019827604294,0.020159946754574776,211.78806770034538,0.7179496884346008,28,13,43,16,0.04792889910154244,12
SHC003,4859,ieepa_action,ieepa_action,C17,5055,rrf_fill,0.04081382974982262,0.02314521186053753,175.17338669628637,0.7234813570976257,17,8,172,15,0.04533657350087371,17
SHC003,4859,ieepa_action,ieepa_action,C18,602,same_family_recent,0.025357093662023544,0.006544115487486124,200.5550799867222,0.6274524331092834,40,50,69,84,0.03378729151984966,40
SHC003,4859,ieepa_action,ieepa_action,C19,609,same_family_recent,0.03142980486154556,0.007089284248650074,202.02920113270625,0.6070638298988342,33,49,63,124,0.03349186400815718,41
SHC003,4859,ieepa_action,ieepa_action,C20,5106,bm25|word10|word5,0.19249756634235382,0.11865204572677612,433.53870187457034,0.7572245001792908,2,2,3,7,0.06305645352347326,1
SHC003,4859,ieepa_action,ieepa_action,C21,4977,bm25|word10|word5,0.2732595205307007,0.189729705452919,548.2632499286667,0.7128576636314392,1,1,1,18,0.06200084068936528,2
SHC003,4859,ieepa_action,ieepa_action,C22,9066,bm25|word10|word5,0.13884779810905457,0.06263422966003418,509.6492772698852,0.4202613830566406,3,3,2,5119,0.04806815147271955,11
SHC003,4859,ieepa_action,ieepa_action,C23,5051,word10,0.04428436979651451,0.02628231979906559,181.53793015242448,0.6718635559082031,13,5,144,32,0.04485477152330672,19
SHC003,4859,ieepa_action,ieepa_action,C24,5356,function,0.03689161315560341,0.019768331199884415,188.20362920192056,0.7669990658760071,27,15,114,5,0.04595932802829355,15
SHC003,4859,ieepa_action,ieepa_action,C25,4895,bm25,0.04099712893366814,0.011080209165811539,268.90287741420394,0.7348248362541199,15,34,5,13,0.05305487672727545,9
SHC004,6561,ieepa_action,ieepa_action,C01,1758,rrf_fill,0.0023500327952206135,0.0,154.833837384811,0.4957159757614136,108,35,51,291,0.028336708599866495,24
SHC004,6561,ieepa_action,ieepa_action,C02,2142,rrf_fill,0.0043961964547634125,0.0007487134425900877,150.14042458638917,0.34752559661865234,44,27,71,2675,0.029108855988187268,21
SHC004,6561,ieepa_action,ieepa_action,C03,1906,rrf_fill,0.01394539512693882,0.0046745543368160725,121.35270504644363,0.4837404489517212,9,9,390,395,0.033405531666401235,15
SHC004,6561,ieepa_action,ieepa_action,C04,6659,bm25|function|word10|word5,0.12457049638032913,0.06308569014072418,352.67770703917273,0.650130569934845,2,2,4,5,0.06326767990074442,3
SHC004,6561,ieepa_action,ieepa_action,C05,6657,rrf_fill,0.03070785105228424,0.008064255118370056,263.3245617883614,,8,7,7,,0.04455662862159789,8
SHC004,6561,ieepa_action,ieepa_action,C06,1887,rrf_fill,0.006742998491972685,0.0,172.17554656510407,0.416257381439209,15,161,21,1042,0.031111340239841006,18
SHC004,6561,ieepa_action,ieepa_action,C07,2137,rrf_fill,0.0043961964547634125,0.0007487134425900877,143.9104348840582,0.3509039282798767,39,22,108,2575,0.02862801964597679,23
SHC004,6561,ieepa_action,ieepa_action,C08,6595,bm25|function|word10|word5,0.11089011281728745,0.053313303738832474,368.1116281593113,0.7409985661506653,3,3,3,2,0.06374807987711213,2
SHC004,6561,ieepa_action,ieepa_action,C09,6632,bm25,0.03284766525030136,0.002723156474530697,294.69740716240204,,7,12,5,,0.04419887740783263,9
SHC004,6561,ieepa_action,ieepa_action,C10,1784,rrf_fill,0.004553075414150953,0.0,169.49859086707994,0.43734562397003174,33,61,25,796,0.031950081163378725,17
SHC004,6561,ieepa_action,ieepa_action,C11,2141,rrf_fill,0.0043961964547634125,0.0007487134425900877,165.31312351551662,0.3722747266292572,43,26,31,1991,0.03281322287030091,16
SHC004,6561,ieepa_action,ieepa_action,C12,1876,rrf_fill,0.012439671903848648,0.0046745543368160725,176.1355335888166,0.516639769077301,10,8,18,183,0.04592733579661684,6
SHC004,6561,ieepa_action,ieepa_action,C13,6613,bm25|function|word10|word5,0.2986434996128082,0.23834310472011566,559.448066985389,0.7433990240097046,1,1,1,1,0.06557377049180328,1
SHC004,6561,ieepa_action,ieepa_action,C14,1875,rrf_fill,0.005446015391498804,0.0007487134425900877,105.82832497195878,0.4928297698497772,21,19,836,317,0.028772498182917577,22
SHC004,6561,ieepa_action,ieepa_action,C15,6571,bm25|function|same_family_recent|word10|word5,0.10477294772863388,0.04157212749123573,378.88157453923276,0.662808895111084,4,4,2,4,0.06300403225806452,4
SHC004,6561,ieepa_action,ieepa_action,C16,2139,rrf_fill,0.0043961964547634125,0.0007487134425900877,147.37792392727127,0.3517799377441406,41,24,84,2547,0.029133779110279923,20
SHC004,6561,ieepa_action,ieepa_action,C17,6742,rrf_fill,0.03394629806280136,0.014980543404817581,252.08400543604262,0.6385879516601562,6,6,8,6,0.060160427807486636,5
SHC004,6561,ieepa_action,ieepa_action,C18,6697,function,0.00388706405647099,0.0,217.02870590362622,0.6779593229293823,54,2799,9,3,0.03948747196854462,12
SHC004,6561,ieepa_action,ieepa_action,C19,6676,rrf_fill,0.006699842866510153,0.0009262979147024453,144.6699729552239,0.4558762311935425,16,15,106,629,0.033966703265586984,14
SHC004,6561,ieepa_action,ieepa_action,C20,2208,rrf_fill,0.009680697694420815,0.003153187222778797,183.73048160025337,0.44095271825790405,11,10,12,762,0.04347565522902214,10
SHC004,6561,ieepa_action,ieepa_action,C21,6957,rrf_fill,0.0021442773286253214,0.0,209.8663625715295,0.5544182658195496,110,3005,10,55,0.02918998367486579,19
SHC004,6561,ieepa_action,ieepa_action,C22,6695,rrf_fill,0.005510290153324604,0.0,177.03925428569872,0.6320431232452393,20,2798,17,7,0.0407622811528319,11
SHC004,6561,ieepa_action,ieepa_action,C23,2214,rrf_fill,0.009130185469985008,0.003153187222778797,141.54679625587707,0.4172471761703491,12,11,121,1032,0.03441400872534636,13
SHC004,6561,ieepa_action,ieepa_action,C24,1859,rrf_fill,0.005756272468715906,0.0009262979147024453,104.81991064481844,0.4096837043762207,19,14,890,1136,0.02806049334189994,25
SHC004,6561,ieepa_action,ieepa_action,C25,6570,same_family_recent|word10|word5,0.05700431019067764,0.020099593326449394,280.15035386376104,,5,5,6,,0.04592074592074592,7
SHC005,6044,ieepa_action,ieepa_action,C01,7107,function,0.0,0.0,38.548002188976156,0.6192067265510559,4012,3946,3447,2,0.01690938138522084,93
SHC005,6044,ieepa_action,ieepa_action,C02,6162,rrf_fill,0.029339972883462906,0.007363563869148493,116.53616295291744,0.5108031630516052,14,11,7,339,0.04502965935425579,10
SHC005,6044,ieepa_action,ieepa_action,C03,1496,function,0.004474641755223274,0.0,92.84358952662954,0.5987659692764282,193,142,49,4,0.03370237614607093,33
SHC005,6044,ieepa_action,ieepa_action,C04,6957,function,0.0029572341591119766,0.0,98.0745665322091,0.6169342994689941,542,3822,38,3,0.027995826249457883,47
SHC005,6044,ieepa_action,ieepa_action,C05,6613,rrf_fill,0.0264144204556942,0.007363563869148493,108.4958303566429,0.5528883934020996,21,17,19,64,0.04605543597649219,9
SHC005,6044,ieepa_action,ieepa_action,C06,1438,bm25,0.019745079800486565,0.0,131.22320109111894,,38,84,1,,0.03354196870004832,34
SHC005,6044,ieepa_action,ieepa_action,C07,6325,word10,0.04484705254435539,0.029771413654088974,104.93534258273418,,7,5,29,,0.04154594357512352,18
SHC005,6044,ieepa_action,ieepa_action,C08,6173,word5,0.05484708398580551,0.005165851209312677,99.05920547240272,0.473804235458374,3,19,35,1135,0.03989437959427283,22
SHC005,6044,ieepa_action,ieepa_action,C09,6110,rrf_fill,0.025574615225195885,0.002326824003830552,108.38879430621249,0.5812200307846069,24,33,21,14,0.04851664260266411,3
SHC005,6044,ieepa_action,ieepa_action,C10,6395,bm25,0.021861175075173378,0.0,120.20923358326152,0.5250449180603027,31,3352,3,200,0.03100126394381963,42
SHC005,6044,ieepa_action,ieepa_action,C11,6163,function,0.014953969046473503,0.0,106.62167074638347,0.6406110525131226,44,3162,26,1,0.03794710044723357,26
SHC005,6044,ieepa_action,ieepa_action,C12,6322,bm25,0.025801077485084534,0.0,125.28687663501402,0.5261910557746887,22,3294,2,190,0.032622305670226184,36
SHC005,6044,ieepa_action,ieepa_action,C13,6158,word10|word5,0.06173449009656906,0.032610442489385605,106.38284977628376,,2,3,27,,0.043496301004643606,12
SHC005,6044,ieepa_action,ieepa_action,C14,6062,rrf_fill,0.04134410619735718,0.02637348510324955,115.0535564454039,0.5032831430435181,8,7,8,443,0.04632520941078725,7
SHC005,6044,ieepa_action,ieepa_action,C15,6442,word5,0.04688747227191925,0.029771413654088974,107.91249665138037,,5,6,22,,0.04273125248735005,14
SHC005,6044,ieepa_action,ieepa_action,C16,6478,word10|word5,0.050472691655159,0.03497985377907753,107.34594615574682,0.5592941045761108,4,2,24,50,0.052749703253735514,1
SHC005,6044,ieepa_action,ieepa_action,C17,6336,rrf_fill,0.029339972883462906,0.007363563869148493,104.16031172536798,0.539228081703186,15,12,31,110,0.044093586152409686,11
SHC005,6044,ieepa_action,ieepa_action,C18,6052,same_family_recent,0.01982075721025467,0.0,110.22384984193087,0.46959632635116577,37,3067,14,1268,0.02489559924320992,53
SHC005,6044,ieepa_action,ieepa_action,C19,6051,rrf_fill,0.025574615225195885,0.002326824003830552,108.38879430621249,0.5727874636650085,23,32,20,25,0.047182463870828584,6
SHC005,6044,ieepa_action,ieepa_action,C20,2208,rrf_fill,0.018609007820487022,0.007363563869148493,74.63458141335228,0.5835221409797668,40,8,164,12,0.04305905695611578,13
SHC005,6044,ieepa_action,ieepa_action,C21,6128,word10|word5,0.06236346811056137,0.040723152458667755,112.43101816543638,0.4713456630706787,1,1,11,1211,0.047658174349524164,5
SHC005,6044,ieepa_action,ieepa_action,C22,6239,word10,0.04484705254435539,0.029771413654088974,104.81184830455672,,6,4,30,,0.041887626262626265,17
SHC005,6044,ieepa_action,ieepa_action,C23,6246,bm25|function,0.021257435902953148,0.002326824003830552,118.2002032120796,0.5987414121627808,33,35,5,5,0.05204823473074747,2
SHC005,6044,ieepa_action,ieepa_action,C24,6050,bm25|same_family_recent,0.033183492720127106,0.007363563869148493,118.90551451571945,0.5262096524238586,10,10,4,189,0.04821249282845668,4
SHC005,6044,ieepa_action,ieepa_action,C25,6659,rrf_fill,0.02942364476621151,0.002326824003830552,109.49693672882412,0.5633413791656494,13,43,17,43,0.04610311885215462,8
SHC006,5870,ieepa_action,ieepa_action,C01,5871,same_family_recent,0.009034044109284878,0.0020133808720856905,205.1211751051373,,55,56,43,,0.027025079693163125,56
SHC006,5870,ieepa_action,ieepa_action,C02,5912,rrf_fill,0.038648780435323715,0.013344871811568737,218.73205237649907,0.6659594178199768,11,11,38,18,0.05119360853767292,13
SHC006,5870,ieepa_action,ieepa_action,C03,6613,rrf_fill,0.030687008053064346,0.009736403822898865,266.3690999429178,0.6849050521850586,21,14,14,16,0.05253060077621481,10
SHC006,5870,ieepa_action,ieepa_action,C04,6460,function|word10|word5,0.16764231026172638,0.10441755503416061,465.59852670959475,0.8063744306564331,4,4,6,5,0.06178613053613054,4
SHC006,5870,ieepa_action,ieepa_action,C05,6037,bm25|function|word10|word5,0.3149269223213196,0.21459877490997314,569.5017599800025,0.8264511227607727,2,2,2,2,0.06451612903225806,1
SHC006,5870,ieepa_action,ieepa_action,C06,5879,rrf_fill,0.029156459495425224,0.007433856837451458,250.41941680617768,0.6625189185142517,24,28,20,20,0.048268398268398266,19
SHC006,5870,ieepa_action,ieepa_action,C07,6742,rrf_fill,0.05833091586828232,0.02114900015294552,390.55910212210614,0.6894283294677734,9,10,9,15,0.05660455486542443,7
SHC006,5870,ieepa_action,ieepa_action,C08,5960,rrf_fill,0.0358816497027874,0.011443816125392914,211.86073366720368,0.6257842779159546,14,12,40,31,0.048391413391413396,18
SHC006,5870,ieepa_action,ieepa_action,C09,6023,rrf_fill,0.03264041244983673,0.008551538921892643,264.9849289204958,0.670360803604126,16,22,15,17,0.05167336300840794,11
SHC006,5870,ieepa_action,ieepa_action,C10,6336,function|word5,0.1567300707101822,0.0894194096326828,456.4877125683629,0.8153997659683228,5,6,7,4,0.0610865036704589,6
SHC006,5870,ieepa_action,ieepa_action,C11,5968,bm25|word10|word5,0.4384731650352478,0.3172569274902344,668.2448626558585,0.7910656929016113,1,1,1,6,0.06433184302036761,2
SHC006,5870,ieepa_action,ieepa_action,C12,6362,rrf_fill,0.03264041244983673,0.008551538921892643,232.91522975895805,0.6975477933883667,19,25,31,13,0.0491105748564515,16
SHC006,5870,ieepa_action,ieepa_action,C13,6425,bm25|function,0.12593072652816772,0.07451174408197403,467.18230409906056,0.8323836326599121,7,7,5,1,0.06162880427622292,5
SHC006,5870,ieepa_action,ieepa_action,C14,6050,rrf_fill,0.02300402708351612,0.009047887288033962,235.49853052653697,0.7635829448699951,37,17,30,8,0.04911328480158074,15
SHC006,5870,ieepa_action,ieepa_action,C15,5891,rrf_fill,0.024800118058919907,0.004830085206776857,247.89579848319235,0.7755405306816101,34,42,21,7,0.04771327158764191,21
SHC006,5870,ieepa_action,ieepa_action,C16,6561,rrf_fill,0.03770031780004501,0.010717292316257954,268.25850955379656,0.6985965967178345,12,13,13,12,0.05517503805175038,8
SHC006,5870,ieepa_action,ieepa_action,C17,5872,same_family_recent,0.005904999561607838,0.0,175.36162915976692,0.5368812084197998,68,3194,60,129,0.021744152699323258,67
SHC006,5870,ieepa_action,ieepa_action,C18,6570,bm25|word10,0.14265722036361694,0.09067817032337189,472.41417174029954,,6,5,4,,0.04616113053613054,26
SHC006,5870,ieepa_action,ieepa_action,C19,5899,rrf_fill,0.037555307149887085,0.008551538921892643,272.0362545200694,0.7106093168258667,13,20,11,9,0.05477589080242823,9
SHC006,5870,ieepa_action,ieepa_action,C20,5948,rrf_fill,0.03264041244983673,0.008551538921892643,280.8797948883898,0.6463227868080139,15,21,10,26,0.051592633608137484,12
SHC006,5870,ieepa_action,ieepa_action,C21,6162,bm25|function|word10|word5,0.19890166819095612,0.10934881865978241,520.2500218734816,0.8256508111953735,3,3,3,3,0.06349206349206349,3
SHC006,5870,ieepa_action,ieepa_action,C22,6263,rrf_fill,0.03264041244983673,0.008551538921892643,255.156276880004,0.631733775138855,17,23,18,29,0.04909167363478992,17
SHC006,5870,ieepa_action,ieepa_action,C23,5987,rrf_fill,0.029156459495425224,0.007433856837451458,230.81664581071368,0.7004371881484985,26,30,32,11,0.04769309034750012,22
SHC006,5870,ieepa_action,ieepa_action,C24,6544,rrf_fill,0.030036907643079758,0.008787584491074085,222.47359060911865,0.6569432616233826,22,18,35,21,0.04788762957355169,20
SHC006,5870,ieepa_action,ieepa_action,C25,5873,rrf_fill,0.04406800866127014,0.028947031125426292,246.51950491493366,0.5981944799423218,10,9,23,42,0.050630582248614484,14
SHC007,6460,ieepa_action,ieepa_action,C01,2142,rrf_fill,0.004442754201591015,0.00038163887802511454,233.7487771155709,0.3897266387939453,11,35,12,2116,0.038959270544145504,12
SHC007,6460,ieepa_action,ieepa_action,C02,6461,rrf_fill,0.0038632508367300034,0.0006704544648528099,97.42282382630826,0.6153262853622437,16,20,2563,33,0.036791825760581646,18
SHC007,6460,ieepa_action,ieepa_action,C03,2141,rrf_fill,0.0041971346363425255,0.00038163887802511454,221.5911371344929,0.3990575671195984,14,34,14,1922,0.03816986576717775,13
SHC007,6460,ieepa_action,ieepa_action,C04,6478,same_family_recent,0.0030764113180339336,0.0007909652194939554,196.75197464240176,0.533320426940918,28,13,47,323,0.03701902695058728,17
SHC007,6460,ieepa_action,ieepa_action,C05,6657,bm25|word10|word5,0.12768365442752838,0.06714990735054016,630.7722005417788,,2,2,2,,0.04838709677419355,9
SHC007,6460,ieepa_action,ieepa_action,C06,6613,bm25|function|word10|word5,0.03269689530134201,0.014782028272747993,328.4092910160608,0.7519232034683228,5,4,5,2,0.06252326302729529,2
SHC007,6460,ieepa_action,ieepa_action,C07,2140,rrf_fill,0.0041971346363425255,0.00038163887802511454,216.29123324148117,0.3557184934616089,13,33,19,2880,0.03744968221155234,16
SHC007,6460,ieepa_action,ieepa_action,C08,6561,bm25|function|word10|word5,0.03301793709397316,0.011238745413720608,356.08278083981446,0.7429715394973755,4,5,4,3,0.06250763125763126,3
SHC007,6460,ieepa_action,ieepa_action,C09,2134,rrf_fill,0.003662264673039317,0.00038163887802511454,197.23622660027905,0.4550405442714691,19,28,43,969,0.03470241937416321,21
SHC007,6460,ieepa_action,ieepa_action,C10,6676,rrf_fill,0.0037973509170114994,0.0004721583391074091,194.95360781236732,0.4945908784866333,18,24,53,622,0.03504110790722267,19
SHC007,6460,ieepa_action,ieepa_action,C11,2208,rrf_fill,0.0038860151544213295,0.001207750174216926,199.6374858565111,0.5311323404312134,15,10,36,341,0.0405294798717492,10
SHC007,6460,ieepa_action,ieepa_action,C12,1684,rrf_fill,0.0032218170817941427,0.0006704544648528099,182.6963135279429,0.5108009576797485,25,14,98,499,0.03339624208557004,23
SHC007,6460,ieepa_action,ieepa_action,C13,6697,rrf_fill,0.0030249240808188915,0.0,172.77300244373367,0.6809663772583008,29,2970,170,10,0.030199528432150912,25
SHC007,6460,ieepa_action,ieepa_action,C14,2138,rrf_fill,0.0028802913147956133,0.00038163887802511454,160.97400012936455,0.60454261302948,36,31,311,39,0.03420210554644517,22
SHC007,6460,ieepa_action,ieepa_action,C15,6957,rrf_fill,0.002967009786516428,0.0,256.09996787181683,0.6273770332336426,35,3176,9,21,0.037673771910792686,14
SHC007,6460,ieepa_action,ieepa_action,C16,6570,bm25|word10|word5,0.30318304896354675,0.21635471284389496,862.9482810741008,,1,1,1,,0.04918032786885246,8
SHC007,6460,ieepa_action,ieepa_action,C17,6544,same_family_recent,0.02094115875661373,0.005271336063742638,300.4795380427756,0.7244564294815063,6,6,7,6,0.060379918588873815,5
SHC007,6460,ieepa_action,ieepa_action,C18,6659,rrf_fill,0.018258078023791313,0.0023891166783869267,239.22454242102768,0.6951978802680969,8,9,11,8,0.057989025371324276,7
SHC007,6460,ieepa_action,ieepa_action,C19,6632,rrf_fill,0.008490676060318947,0.0010610136669129133,204.5674807319401,,10,12,25,,0.03993930905695611,11
SHC007,6460,ieepa_action,ieepa_action,C20,6595,function,0.019707735627889633,0.005271336063742638,311.534048816534,0.7353115081787109,7,7,6,5,0.06038687680478726,4
SHC007,6460,ieepa_action,ieepa_action,C21,6571,function,0.017454547807574272,0.0023891166783869267,295.84871942621197,0.7411917448043823,9,8,8,4,0.05952951832907076,6
SHC007,6460,ieepa_action,ieepa_action,C22,6742,bm25|function|word10|word5,0.053959041833877563,0.018247433006763458,534.7568940410066,0.7888554334640503,3,3,3,1,0.06401249024199844,1
SHC007,6460,ieepa_action,ieepa_action,C23,2137,rrf_fill,0.00313111231662333,0.00038163887802511454,204.17912529133284,0.4323389530181885,26,30,27,1267,0.034986850464056043,20
SHC007,6460,ieepa_action,ieepa_action,C24,2214,rrf_fill,0.002979076001793146,0.001207750174216926,187.41741406648427,0.4733806848526001,33,11,77,809,0.033287213273480255,24
SHC007,6460,ieepa_action,ieepa_action,C25,2139,rrf_fill,0.0041971346363425255,0.00038163887802511454,214.4207387000315,0.40069150924682617,12,32,21,1888,0.03761748014121314,15
SHC008,71,ieepa_action,ieepa_action,C01,216,word5,0.023385781794786453,0.007169002667069435,229.75529481674008,,5,7,15,,0.04364332185227708,10
SHC008,71,ieepa_action,ieepa_action,C02,405,rrf_fill,0.019657926633954048,0.001197830424644053,237.43955085386517,0.5448010563850403,16,193,10,163,0.03588048312525229,16
SHC008,71,ieepa_action,ieepa_action,C03,1200,rrf_fill,0.021174389868974686,0.005553250201046467,203.17531961636257,0.49944305419921875,10,14,79,1110,0.0358481732582452,17
SHC008,71,ieepa_action,ieepa_action,C04,1481,function,0.009397786110639572,0.0,185.33826233086367,0.6255218982696533,175,1574,153,3,0.025435165806742384,62
SHC008,71,ieepa_action,ieepa_action,C05,107,bm25|function,0.02330859936773777,0.009611503221094608,248.7949425559835,0.6658809185028076,6,6,4,1,0.06232147292598113,1
SHC008,71,ieepa_action,ieepa_action,C06,517,rrf_fill,0.019753528758883476,0.001197830424644053,245.92431981024671,0.5366926193237305,15,196,6,222,0.03593719777562863,15
SHC008,71,ieepa_action,ieepa_action,C07,95,word10,0.020760323852300644,0.009611503221094608,134.35554244070264,0.6133226156234741,11,5,1167,6,0.04543563350340443,7
SHC008,71,ieepa_action,ieepa_action,C08,1684,function,0.008779122494161129,0.0,171.46110601357316,0.6195999979972839,191,1770,260,5,0.023040127217067,80
SHC008,71,ieepa_action,ieepa_action,C09,373,rrf_fill,0.01918797940015793,0.001197830424644053,242.81387420358232,0.5570595264434814,19,187,7,67,0.03950619972641253,12
SHC008,71,ieepa_action,ieepa_action,C10,535,bm25|word10|word5,0.04302524775266647,0.02334224432706833,252.1769410845218,0.5364468097686768,1,1,3,223,0.05219347002351115,3
SHC008,71,ieepa_action,ieepa_action,C11,571,rrf_fill,0.018240252509713173,0.001197830424644053,228.656180683036,0.5528268218040466,24,205,17,92,0.035244307165856324,18
SHC008,71,ieepa_action,ieepa_action,C12,90,function|word10,0.02119283378124237,0.010372782126069069,192.31458542021565,0.6245821714401245,9,4,117,4,0.0513924711373127,4
SHC008,71,ieepa_action,ieepa_action,C13,470,rrf_fill,0.01988629251718521,0.001197830424644053,239.59187824464678,0.5299564599990845,13,195,8,312,0.03501425316038921,19
SHC008,71,ieepa_action,ieepa_action,C14,17547,rrf_fill,0.018879426643252373,0.004488200414925814,195.66223609603605,0.5500681400299072,20,21,105,112,0.03672023856132383,14
SHC008,71,ieepa_action,ieepa_action,C15,569,rrf_fill,0.021686088293790817,0.0020213257521390915,231.876656665316,0.5521706342697144,8,145,13,100,0.03953256127041528,11
SHC008,71,ieepa_action,ieepa_action,C16,562,word10|word5,0.029902106150984764,0.022144414484500885,158.25991749324956,0.36214479804039,4,2,479,8900,0.03372092697049494,26
SHC008,71,ieepa_action,ieepa_action,C17,483,bm25|word10|word5,0.040269799530506134,0.014379861764609814,258.46510983234583,0.5292378664016724,2,3,2,324,0.05073524705581157,5
SHC008,71,ieepa_action,ieepa_action,C18,341,bm25|word5,0.033717285841703415,0.00640864809975028,308.46587471841826,0.5776599645614624,3,13,1,19,0.05862331648105426,2
SHC008,71,ieepa_action,ieepa_action,C19,92,same_family_recent,0.013226007111370564,0.0037934479769319296,177.79709968343488,0.5447604656219482,75,36,202,164,0.026105153681489558,61
SHC008,71,ieepa_action,ieepa_action,C20,813,rrf_fill,0.018748490139842033,0.004006619099527597,211.42263909072582,0.5425617694854736,21,25,44,181,0.03787514710344423,13
SHC008,71,ieepa_action,ieepa_action,C21,491,rrf_fill,0.022478343918919563,0.007169002667069435,217.9968316619751,0.5398679375648499,7,12,29,199,0.04391122094040088,9
SHC008,71,ieepa_action,ieepa_action,C22,1325,function,0.004862790461629629,0.0005924105644226074,169.86830190139798,0.633887529373169,458,286,288,2,0.023823270817361873,74
SHC008,71,ieepa_action,ieepa_action,C23,96,same_family_recent,0.012175647541880608,0.0037934479769319296,161.83759175941083,0.5019894242286682,100,38,405,1013,0.01953658571626949,114
SHC008,71,ieepa_action,ieepa_action,C24,573,rrf_fill,0.019280219450592995,0.0019591087475419044,223.869831135246,0.5892339944839478,17,146,20,12,0.04423027080794071,8
SHC008,71,ieepa_action,ieepa_action,C25,525,bm25,0.01978120766580105,0.001197830424644053,246.57411445800494,0.5892354249954224,14,197,5,11,0.04687368652404001,6
SHC009,4721,ieepa_action,ieepa_action,C01,5146,word5,0.09980447590351105,0.05051958188414574,146.90997182933248,0.6728753447532654,4,12,12,18,0.05622329059829059,4
SHC009,4721,ieepa_action,ieepa_action,C02,5059,function,0.09631375968456268,0.05113355442881584,131.18537928248656,0.7008185982704163,10,8,56,3,0.053485302166843746,7
SHC009,4721,ieepa_action,ieepa_action,C03,5149,function,0.07836361974477768,0.03703304007649422,142.7563093825012,0.6976718902587891,22,22,20,5,0.052274859287054415,11
SHC009,4721,ieepa_action,ieepa_action,C04,5014,rrf_fill,0.09631375968456268,0.05113355442881584,130.0968702685749,0.6404744982719421,9,7,63,64,0.04561272418736203,18
SHC009,4721,ieepa_action,ieepa_action,C05,5356,function,0.05880886688828468,0.016142139211297035,107.00342460717522,0.7111087441444397,28,44,272,2,0.04012010142985658,30
SHC009,4721,ieepa_action,ieepa_action,C06,546,word5,0.10010586678981781,0.05204188451170921,158.57171483451128,0.5067029595375061,2,6,6,1465,0.04708780026601285,14
SHC009,4721,ieepa_action,ieepa_action,C07,5079,rrf_fill,0.09212925285100937,0.05065136402845383,140.33256839943664,0.6706863045692444,13,10,24,19,0.05254733417556376,9
SHC009,4721,ieepa_action,ieepa_action,C08,4740,bm25,0.05775037035346031,0.02172335796058178,181.7082454074797,0.5699843764305115,31,38,3,246,0.040334082350889075,27
SHC009,4721,ieepa_action,ieepa_action,C09,5120,word10,0.09787662327289581,0.05466064438223839,132.91645368933263,0.665970504283905,8,4,50,26,0.05104969842059445,12
SHC009,4721,ieepa_action,ieepa_action,C10,5060,rrf_fill,0.09631375968456268,0.05113355442881584,135.4471432647142,0.5955177545547485,11,9,37,158,0.043473694979260145,20
SHC009,4721,ieepa_action,ieepa_action,C11,5143,word5,0.09980447590351105,0.05051958188414574,145.2474236515004,0.6624271273612976,3,11,14,27,0.05496528930234613,6
SHC009,4721,ieepa_action,ieepa_action,C12,470,same_family_recent,0.03805004060268402,0.010587746277451515,134.69622897219122,0.632337749004364,111,101,40,80,0.029201990483455013,66
SHC009,4721,ieepa_action,ieepa_action,C13,4851,rrf_fill,0.07141369581222534,0.031109167262911797,145.36883840488937,0.6464709639549255,23,25,13,51,0.04652053779943259,16
SHC009,4721,ieepa_action,ieepa_action,C14,4977,word10,0.09787662327289581,0.05466064438223839,127.01626583859914,0.6153435111045837,7,3,82,115,0.0435549282427567,19
SHC009,4721,ieepa_action,ieepa_action,C15,4756,bm25|word10|word5,0.1619027554988861,0.10530765354633331,195.80030373781076,0.6839386820793152,1,1,1,14,0.06269384138236597,1
SHC009,4721,ieepa_action,ieepa_action,C16,476,bm25,0.016772303730249405,0.0,170.10770335262995,0.5824934840202332,209,266,4,198,0.026285925773783858,83
SHC009,4721,ieepa_action,ieepa_action,C17,4809,rrf_fill,0.06751131266355515,0.025050651282072067,138.3643605183232,0.6875917911529541,25,31,30,9,0.04835758160566345,13
SHC009,4721,ieepa_action,ieepa_action,C18,5171,rrf_fill,0.0911208838224411,0.048289988189935684,143.17869917230144,0.6940849423408508,14,13,19,6,0.05502188665011623,5
SHC009,4721,ieepa_action,ieepa_action,C19,5055,rrf_fill,0.0897582545876503,0.04247354343533516,150.56748034140904,0.6108559370040894,15,16,10,125,0.04618234776129513,17
SHC009,4721,ieepa_action,ieepa_action,C20,4933,word10,0.09549441188573837,0.05466064438223839,155.41786797063298,0.6867621541023254,12,2,8,11,0.0588083105421481,2
SHC009,4721,ieepa_action,ieepa_action,C21,466,same_family_recent,0.015874024480581284,0.0,129.62454616618248,0.5195879340171814,216,257,65,1073,0.015660375071387185,179
SHC009,4721,ieepa_action,ieepa_action,C22,5106,rrf_fill,0.0710379108786583,0.037164825946092606,148.73745952460388,0.6442136168479919,24,21,11,58,0.046809524230547545,15
SHC009,4721,ieepa_action,ieepa_action,C23,4739,bm25,0.05775037035346031,0.02172335796058178,194.7796859191737,0.6894888281822205,30,37,2,7,0.05247479485401945,10
SHC009,4721,ieepa_action,ieepa_action,C24,5121,function|word10|word5,0.09914268553256989,0.05466064438223839,124.95886767375605,0.6986584067344666,5,5,96,4,0.05280448717948718,8
SHC009,4721,ieepa_action,ieepa_action,C25,5004,bm25|function,0.08317644894123077,0.03886527940630913,165.04089448444543,0.7125027179718018,19,19,5,1,0.05709451370376874,3
SHC010,6571,ieepa_action,ieepa_action,C01,1876,rrf_fill,0.009629695676267147,0.0035353193525224924,235.11187953874756,0.5549551248550415,12,8,11,539,0.04434872736588659,7
SHC010,6571,ieepa_action,ieepa_action,C02,2140,rrf_fill,0.005295420531183481,0.002488747239112854,146.9329456324748,0.4383965730667114,25,16,300,2177,0.028147405665636213,23
SHC010,6571,ieepa_action,ieepa_action,C03,6595,bm25|function|same_family_recent|word10|word5,0.43287909030914307,0.37705808877944946,810.3978872593356,0.7975161671638489,1,1,1,1,0.06557377049180328,1
SHC010,6571,ieepa_action,ieepa_action,C04,11664,rrf_fill,0.010507874190807343,0.002673172391951084,108.20623524080611,,11,9,1508,,0.029215015767482744,18
SHC010,6571,ieepa_action,ieepa_action,C05,1875,rrf_fill,0.005295420531183481,0.002488747239112854,105.61779055428364,0.6056467890739441,19,10,1638,208,0.031264213568163245,15
SHC010,6571,ieepa_action,ieepa_action,C06,2134,rrf_fill,0.005295420531183481,0.002488747239112854,131.27579913762943,0.4599142074584961,20,11,613,1704,0.02863728456732992,19
SHC010,6571,ieepa_action,ieepa_action,C07,2137,rrf_fill,0.005295420531183481,0.002488747239112854,162.2380494716391,0.43917223811149597,22,13,140,2154,0.031345423271584315,14
SHC010,6571,ieepa_action,ieepa_action,C08,1784,rrf_fill,0.00394192710518837,0.0,184.6271939668389,0.5244256854057312,45,58,46,792,0.0286060569793347,20
SHC010,6571,ieepa_action,ieepa_action,C09,3241,function,0.0006534720887430012,0.0,100.30251788856255,0.7237739562988281,591,1465,1931,5,0.018078711570593736,61
SHC010,6571,ieepa_action,ieepa_action,C10,2208,rrf_fill,0.008173481561243534,0.002488747239112854,212.7623369422089,0.5665868520736694,13,20,18,448,0.040987646894507,10
SHC010,6571,ieepa_action,ieepa_action,C11,2139,rrf_fill,0.005295420531183481,0.002488747239112854,146.2642894693985,0.4357590973377228,24,15,318,2232,0.028319898058117954,22
SHC010,6571,ieepa_action,ieepa_action,C12,2138,rrf_fill,0.005295420531183481,0.002488747239112854,137.3502826694234,0.5093100070953369,23,14,481,943,0.028407144093168444,21
SHC010,6571,ieepa_action,ieepa_action,C13,6657,rrf_fill,0.022392868995666504,0.0035447764676064253,239.69604701070142,,6,7,8,,0.044782770638784684,6
SHC010,6571,ieepa_action,ieepa_action,C14,3367,rrf_fill,0.013859360478818417,0.0024357058573514223,150.8854105759252,0.4248034358024597,8,22,253,2475,0.030490369800628667,16
SHC010,6571,ieepa_action,ieepa_action,C15,6742,function|word10|word5,0.024459565058350563,0.010001213289797306,225.16768526119913,0.7615752220153809,5,5,15,3,0.05997557997557998,4
SHC010,6571,ieepa_action,ieepa_action,C16,6957,bm25,0.0026447696145623922,0.0,283.19648714882123,0.6778275966644287,80,2996,5,12,0.03674358654725147,11
SHC010,6571,ieepa_action,ieepa_action,C17,6697,rrf_fill,0.0028552182484418154,0.0,221.9921127121686,0.7017920017242432,72,2789,16,7,0.03601002579792839,12
SHC010,6571,ieepa_action,ieepa_action,C18,1906,word10|word5,0.04549282789230347,0.024058405309915543,246.5413864830755,0.5183401107788086,4,4,6,854,0.04749560705523506,5
SHC010,6571,ieepa_action,ieepa_action,C19,2214,rrf_fill,0.011693806387484074,0.002488747239112854,235.3928223053243,0.5408965349197388,10,21,9,652,0.042528641303270845,8
SHC010,6571,ieepa_action,ieepa_action,C20,1887,rrf_fill,0.0056167286820709705,0.0,235.3663111143665,0.5174944400787354,18,159,10,861,0.03275821348196521,13
SHC010,6571,ieepa_action,ieepa_action,C21,6659,bm25|function|word10|word5,0.28588682413101196,0.22891324758529663,632.8818175765131,0.7768197059631348,2,2,2,2,0.06451612903225806,2
SHC010,6571,ieepa_action,ieepa_action,C22,18404,rrf_fill,0.007173104677349329,0.003962597344070673,103.15924981960228,0.39867785573005676,14,6,1784,3020,0.029532003338944773,17
SHC010,6571,ieepa_action,ieepa_action,C23,6613,bm25|function|same_family_recent|word10|word5,0.07674121856689453,0.03236372396349907,365.6931055906792,0.7550276517868042,3,3,3,4,0.06324404761904762,3
SHC010,6571,ieepa_action,ieepa_action,C24,6632,bm25,0.02118675410747528,0.002059496473520994,304.62519037634445,,7,24,4,,0.042455135039090264,9
SHC010,6571,ieepa_action,ieepa_action,C25,2141,rrf_fill,0.005295420531183481,0.002488747239112854,149.99648505506568,0.43037891387939453,26,17,264,2349,0.028116449720994693,24
SHC011,6659,ieepa_action,ieepa_action,C01,1906,bm25|word10|word5,0.06450939923524857,0.03423099219799042,238.66586448333481,0.5242635011672974,1,1,1,526,0.05088681251049069,2
SHC011,6659,ieepa_action,ieepa_action,C02,6957,bm25,0.0029494476038962603,0.0,204.17235025636379,0.6413772702217102,240,2847,3,13,0.033248976591357525,9
SHC011,6659,ieepa_action,ieepa_action,C03,6695,same_family_recent,0.0037123896181583405,0.0,149.28656184198766,0.5563545227050781,150,2641,28,278,0.019454354254143505,58
SHC011,6659,ieepa_action,ieepa_action,C04,1887,rrf_fill,0.006827645469456911,0.0,180.74359419902126,0.4563411772251129,43,79,12,1357,0.03149758765932968,14
SHC011,6659,ieepa_action,ieepa_action,C05,2134,rrf_fill,0.0078281220048666,0.003541061654686928,122.07876887528322,0.4599379897117615,24,6,195,1290,0.03171858642446878,13
SHC011,6659,ieepa_action,ieepa_action,C06,1875,word10,0.0078281220048666,0.003541061654686928,114.23658388546615,0.608314037322998,23,5,299,60,0.03855165680936732,6
SHC011,6659,ieepa_action,ieepa_action,C07,6704,bm25,0.00571625679731369,0.0,198.7501622882739,,62,2648,4,,0.02419099753008693,31
SHC011,6659,ieepa_action,ieepa_action,C08,1949,rrf_fill,0.010296177119016647,0.0,149.78493341007874,0.4441112279891968,7,140,27,1632,0.03201064255635493,11
SHC011,6659,ieepa_action,ieepa_action,C09,1889,rrf_fill,0.0028861830942332745,0.0,139.36012699268275,0.6262576580047607,245,81,54,29,0.030378771986891626,17
SHC011,6659,ieepa_action,ieepa_action,C10,2208,word5,0.012969441711902618,0.003541061654686928,185.78924177966672,0.580767035484314,4,15,7,158,0.04847086243096445,3
SHC011,6659,ieepa_action,ieepa_action,C11,6697,function,0.0030944286845624447,0.0,184.50560782758393,0.6486486792564392,225,2642,8,5,0.03396936589239963,7
SHC011,6659,ieepa_action,ieepa_action,C12,11192,function,0.0,0.0,66.65357483056256,0.6492601633071899,4655,4232,2696,4,0.016432925392181816,85
SHC011,6659,ieepa_action,ieepa_action,C13,1876,word10|word5,0.012759938836097717,0.005030154716223478,181.7831658484227,0.5626558065414429,5,4,11,246,0.048362096283078054,4
SHC011,6659,ieepa_action,ieepa_action,C14,2142,rrf_fill,0.008376331999897957,0.003541061654686928,132.99129252046012,0.46778544783592224,20,13,90,1164,0.03368229026770526,8
SHC011,6659,ieepa_action,ieepa_action,C15,2138,rrf_fill,0.008376331999897957,0.003541061654686928,112.8038779944811,0.4857751131057739,19,9,340,905,0.030687250901341487,16
SHC011,6659,ieepa_action,ieepa_action,C16,2271,function,0.0017931286711245775,0.0,133.49585195395005,0.6544346809387207,551,447,88,3,0.026238820428673128,27
SHC011,6659,ieepa_action,ieepa_action,C17,2137,rrf_fill,0.0078281220048666,0.003541061654686928,129.20713489914905,0.3915683627128601,26,8,111,2855,0.03252479571930148,10
SHC011,6659,ieepa_action,ieepa_action,C18,7855,word10,0.00996987521648407,0.005142380483448505,83.39318317649428,,9,3,1589,,0.030972197634469893,15
SHC011,6659,ieepa_action,ieepa_action,C19,1894,same_family_recent,0.0,0.0,109.9511299455179,0.43873918056488037,1574,86,406,1764,0.01015547853334852,257
SHC011,6659,ieepa_action,ieepa_action,C20,6724,bm25,0.0,0.0,210.57316738186893,0.3961735665798187,3467,2663,2,2764,0.017133908996111794,79
SHC011,6659,ieepa_action,ieepa_action,C21,11452,function,0.0005482102860696614,0.0,55.37940048500777,0.6577459573745728,1421,4490,3583,2,0.017298530963418154,78
SHC011,6659,ieepa_action,ieepa_action,C22,6742,bm25|function|word10|word5,0.03662131354212761,0.0075642429292202,190.14103631066092,0.6740838885307312,2,2,5,1,0.06403612252369524,1
SHC011,6659,ieepa_action,ieepa_action,C23,1975,rrf_fill,0.010296177119016647,0.0,153.64351619237536,0.441148579120636,8,166,22,1696,0.03189525914722719,12
SHC011,6659,ieepa_action,ieepa_action,C24,2214,rrf_fill,0.012732123956084251,0.003541061654686928,183.81774086017288,0.5557411909103394,6,16,9,287,0.04568400789194912,5
SHC011,6659,ieepa_action,ieepa_action,C25,11338,word5,0.01657545566558838,0.0010633395286276937,91.0245161048166,0.4848519265651703,3,22,1158,915,0.029914796912273785,20
SHC012,6162,ieepa_action,ieepa_action,C01,6169,same_family_recent,0.0028664711862802505,0.0,165.64026733973233,,82,2993,131,,0.012605402290768843,130
SHC012,6162,ieepa_action,ieepa_action,C02,6239,rrf_fill,0.024048395454883575,0.007960245944559574,283.49734527984054,,19,15,16,,0.039149455918276704,22
SHC012,6162,ieepa_action,ieepa_action,C03,6362,rrf_fill,0.05212795361876488,0.023056937381625175,326.441842714588,0.6587690114974976,7,9,9,17,0.05689789336771816,6
SHC012,6162,ieepa_action,ieepa_action,C04,6595,rrf_fill,0.03433418646454811,0.011391638778150082,278.97526598041406,0.6951379776000977,13,14,17,9,0.05469191026070121,12
SHC012,6162,ieepa_action,ieepa_action,C05,6460,bm25|function|word10|word5,0.27447518706321716,0.1928262859582901,651.7025202544863,0.7383784055709839,3,3,3,3,0.06349206349206349,3
SHC012,6162,ieepa_action,ieepa_action,C06,6325,rrf_fill,0.01937614381313324,0.004903020337224007,248.05505046168102,,21,19,21,,0.03734958587279262,23
SHC012,6162,ieepa_action,ieepa_action,C07,6395,rrf_fill,0.050730932503938675,0.023056937381625175,316.0421129463931,0.6644631028175354,10,10,13,15,0.055603392041748204,10
SHC012,6162,ieepa_action,ieepa_action,C08,6657,bm25|word10|word5,0.12370800971984863,0.0762634202837944,498.36858184061504,,5,5,5,,0.046153846153846156,17
SHC012,6162,ieepa_action,ieepa_action,C09,6742,rrf_fill,0.0765979066491127,0.02941438928246498,462.96974155396697,0.6800998449325562,6,6,6,11,0.05953905249679898,4
SHC012,6162,ieepa_action,ieepa_action,C10,6570,bm25|word10|word5,0.2393563985824585,0.1649457961320877,627.721811160657,,4,4,4,,0.046875,16
SHC012,6162,ieepa_action,ieepa_action,C11,6262,rrf_fill,0.025543134659528732,0.003725603688508272,320.2543896504728,,17,20,11,,0.03957152002926651,20
SHC012,6162,ieepa_action,ieepa_action,C12,6425,bm25|function|word10|word5,0.29823750257492065,0.1981869637966156,719.0165819299389,0.7647413015365601,2,2,2,2,0.06451612903225806,2
SHC012,6162,ieepa_action,ieepa_action,C13,6613,function,0.043730705976486206,0.021068114787340164,319.7501222341518,0.7366364002227783,12,11,12,4,0.0574872848200313,5
SHC012,6162,ieepa_action,ieepa_action,C14,6335,rrf_fill,0.008444927632808685,0.0014994980301707983,186.88943610852243,0.6486096978187561,28,29,45,25,0.0438881068259786,18
SHC012,6162,ieepa_action,ieepa_action,C15,6342,rrf_fill,0.019560085609555244,0.0051894159987568855,208.50318075354298,0.7042405009269714,20,18,28,6,0.05183566433566433,15
SHC012,6162,ieepa_action,ieepa_action,C16,6322,rrf_fill,0.050730932503938675,0.023056937381625175,333.568857072036,0.6561789512634277,9,8,8,19,0.056562746177172024,7
SHC012,6162,ieepa_action,ieepa_action,C17,6263,rrf_fill,0.050730932503938675,0.023056937381625175,347.21088271675234,0.6491847038269043,8,7,7,24,0.056461390526359796,8
SHC012,6162,ieepa_action,ieepa_action,C18,6571,function,0.03153867647051811,0.007283750455826521,274.8429298349153,0.7044280171394348,15,16,18,5,0.05469635627530364,11
SHC012,6162,ieepa_action,ieepa_action,C19,6173,same_family_recent,0.01059049740433693,0.0005439315573312342,257.5912830931393,0.4485625624656677,26,58,20,1747,0.0331558866790319,29
SHC012,6162,ieepa_action,ieepa_action,C20,6544,rrf_fill,0.034142717719078064,0.011391638778150082,262.08102350218195,0.6757468581199646,14,13,19,12,0.05375926038748997,13
SHC012,6162,ieepa_action,ieepa_action,C21,6561,rrf_fill,0.047250911593437195,0.01673593558371067,321.4079558984539,0.6737186908721924,11,12,10,13,0.055957740353842995,9
SHC012,6162,ieepa_action,ieepa_action,C22,6442,rrf_fill,0.024537065997719765,0.006528336554765701,305.26756931949046,,18,17,14,,0.03932103932103932,21
SHC012,6162,ieepa_action,ieepa_action,C23,6659,rrf_fill,0.028145326301455498,0.003405093215405941,246.15979807296927,0.6896912455558777,16,21,22,10,0.05198440998612158,14
SHC012,6162,ieepa_action,ieepa_action,C24,6246,rrf_fill,0.008444927632808685,0.0014994980301707983,193.66516441181886,0.6058283448219299,27,27,36,80,0.040548029556650246,19
SHC012,6162,ieepa_action,ieepa_action,C25,6336,bm25|function|word10|word5,0.41055312752723694,0.2867285907268524,815.9389375186506,0.784619927406311,1,1,1,1,0.06557377049180328,1
SHC013,4756,ieepa_action,ieepa_action,C01,5010,rrf_fill,0.05447196960449219,0.014439553953707218,144.5475158278995,0.6659122109413147,16,29,19,16,0.05020997237796525,12
SHC013,4756,ieepa_action,ieepa_action,C02,4809,word10|word5,0.059155359864234924,0.024574177339673042,142.6226106200284,0.6593486666679382,5,4,22,19,0.055862965183936165,4
SHC013,4756,ieepa_action,ieepa_action,C03,5143,word5,0.0609695240855217,0.02125491388142109,138.22862052194878,0.674708366394043,3,15,29,13,0.054140934399515284,5
SHC013,4756,ieepa_action,ieepa_action,C04,5004,bm25|function,0.05801177769899368,0.02125491388142109,156.92761577097403,0.7230580449104309,8,10,4,2,0.06074562889671998,1
SHC013,4756,ieepa_action,ieepa_action,C05,5,bm25,0.00473640626296401,0.0,158.88798359316786,0.39110317826271057,825,293,3,6053,0.019999406366394926,120
SHC013,4756,ieepa_action,ieepa_action,C06,546,bm25|word10|word5,0.40668410062789917,0.26189762353897095,349.5716241860507,0.5722320079803467,1,1,1,186,0.05324536851925896,7
SHC013,4756,ieepa_action,ieepa_action,C07,5079,rrf_fill,0.05626439303159714,0.02125491388142109,132.53132503797787,0.6977447867393494,12,12,46,7,0.05213711317625708,9
SHC013,4756,ieepa_action,ieepa_action,C08,619,bm25,0.024311522021889687,0.0017315316945314407,165.53945399697488,,71,148,2,,0.028570312352016364,54
SHC013,4756,ieepa_action,ieepa_action,C09,517,same_family_recent,0.02452801913022995,0.003875899827107787,129.13719773753382,0.5354663729667664,70,112,62,449,0.02366761903439488,91
SHC013,4756,ieepa_action,ieepa_action,C10,525,same_family_recent,0.02745593897998333,0.003875899827107787,124.50632427788662,0.6420451402664185,49,113,89,36,0.032082734810054574,41
SHC013,4756,ieepa_action,ieepa_action,C11,5113,word5,0.0666540339589119,0.015451985411345959,124.29117672884085,0.6021519303321838,2,24,92,94,0.04110624802475397,28
SHC013,4756,ieepa_action,ieepa_action,C12,4901,word10,0.04768946394324303,0.02399921417236328,124.02498184615467,0.633821427822113,23,5,94,44,0.04354169926459083,23
SHC013,4756,ieepa_action,ieepa_action,C13,5149,rrf_fill,0.043453045189380646,0.010015292093157768,134.02996660627184,0.6997537016868591,25,40,38,6,0.047120302666521154,17
SHC013,4756,ieepa_action,ieepa_action,C14,5120,rrf_fill,0.05677751824259758,0.02125491388142109,131.88353100437732,0.6926543116569519,10,13,49,9,0.0516514099724945,10
SHC013,4756,ieepa_action,ieepa_action,C15,4851,word10,0.05468739941716194,0.025926241651177406,132.00024388779812,0.6409037113189697,15,3,48,38,0.048669690098261525,15
SHC013,4756,ieepa_action,ieepa_action,C16,4977,rrf_fill,0.05804160237312317,0.02125491388142109,120.42520527146948,0.6424701809883118,6,8,144,35,0.045285674078243736,19
SHC013,4756,ieepa_action,ieepa_action,C17,5146,function|word5,0.0609695240855217,0.02125491388142109,148.9571397036358,0.7078382968902588,4,16,13,5,0.05786614025844379,2
SHC013,4756,ieepa_action,ieepa_action,C18,5121,rrf_fill,0.05677751824259758,0.02125491388142109,131.51454362605523,0.6883249282836914,11,14,50,10,0.050974643932390415,11
SHC013,4756,ieepa_action,ieepa_action,C19,5171,bm25|function,0.052296172827482224,0.01939678192138672,156.08783805932487,0.7136762738227844,22,18,5,3,0.05627326602936359,3
SHC013,4756,ieepa_action,ieepa_action,C20,5106,rrf_fill,0.04072467237710953,0.010015292093157768,149.83552122779943,0.6541105508804321,27,39,11,22,0.047874891968046354,16
SHC013,4756,ieepa_action,ieepa_action,C21,4895,function,0.03770558536052704,0.006636534817516804,149.7255110014498,0.7098605632781982,31,53,12,4,0.04935245740002377,14
SHC013,4756,ieepa_action,ieepa_action,C22,5059,function,0.054363738745450974,0.018315453082323074,143.1041194165762,0.7275554537773132,19,20,21,1,0.05389734948339776,6
SHC013,4756,ieepa_action,ieepa_action,C23,4840,word10,0.05382674187421799,0.029802141711115837,128.3023617403875,0.674048125743866,21,2,66,15,0.049744552540251466,13
SHC013,4756,ieepa_action,ieepa_action,C24,4933,rrf_fill,0.054744902998209,0.02125491388142109,134.56348437793005,0.682066023349762,14,7,36,12,0.052744442203397426,8
SHC013,4756,ieepa_action,ieepa_action,C25,5013,rrf_fill,0.05804160237312317,0.02125491388142109,142.4205813040011,0.5905821919441223,7,11,23,129,0.04634907823867151,18
SHC014,5968,ieepa_action,ieepa_action,C01,6050,rrf_fill,0.0164214875549078,0.00649138493463397,275.52970846332585,0.7249965667724609,29,12,24,7,0.05195497898415893,13
SHC014,5968,ieepa_action,ieepa_action,C02,6322,rrf_fill,0.02527325600385666,0.006135281175374985,310.8417441343301,0.6403776407241821,11,17,10,34,0.05199553218732122,12
SHC014,5968,ieepa_action,ieepa_action,C03,5990,rrf_fill,0.01899850368499756,0.004845921415835619,255.6752114889015,0.7030856609344482,25,26,33,12,0.04803418992002903,22
SHC014,5968,ieepa_action,ieepa_action,C04,6570,bm25|word10|word5,0.09681903570890427,0.06412305682897568,513.5568641046727,,5,5,3,,0.04664224664224664,23
SHC014,5968,ieepa_action,ieepa_action,C05,6595,rrf_fill,0.021441929042339325,0.006304631475359201,262.4100921198015,0.6678349375724792,16,14,30,17,0.050769532348479716,15
SHC014,5968,ieepa_action,ieepa_action,C06,6263,rrf_fill,0.02527325600385666,0.006135281175374985,306.6662115500572,0.6756536364555359,10,16,11,14,0.055041629578323426,8
SHC014,5968,ieepa_action,ieepa_action,C07,5977,same_family_recent,0.020813418552279472,0.005333403125405312,300.71138041176505,0.6364836692810059,19,21,12,36,0.049309462416002495,19
SHC014,5968,ieepa_action,ieepa_action,C08,6037,bm25|function|word10|word5,0.2498367428779602,0.1833064705133438,653.847758926408,0.7711457014083862,1,1,1,4,0.06480532786885246,1
SHC014,5968,ieepa_action,ieepa_action,C09,1352,same_family_recent,0.003078881651163101,0.0008018780499696732,148.56271516911588,0.4539000988006592,69,54,381,1104,0.019650548034412275,73
SHC014,5968,ieepa_action,ieepa_action,C10,6336,function|word10|word5,0.10610505938529968,0.066196508705616,492.68208073627136,0.7809414267539978,4,4,6,2,0.06253054740957967,4
SHC014,5968,ieepa_action,ieepa_action,C11,5987,rrf_fill,0.020813418552279472,0.005333403125405312,294.95365925062174,0.7217088937759399,20,22,15,8,0.05273433763749402,11
SHC014,5968,ieepa_action,ieepa_action,C12,6613,rrf_fill,0.021244285628199577,0.006985359825193882,291.3632093875635,0.7125235795974731,17,10,18,10,0.054378954378954375,10
SHC014,5968,ieepa_action,ieepa_action,C13,6041,rrf_fill,0.020813418552279472,0.005333403125405312,262.5531273947566,0.6706617474555969,21,24,29,16,0.04864429071012946,21
SHC014,5968,ieepa_action,ieepa_action,C14,6162,bm25|function|word10|word5,0.13600140810012817,0.0810062363743782,555.5035092957526,0.7530912160873413,2,2,2,5,0.06377171215880893,2
SHC014,5968,ieepa_action,ieepa_action,C15,6005,rrf_fill,0.02100200578570366,0.006760346237570047,262.590682073383,0.6618155241012573,18,11,28,19,0.05092688407450397,14
SHC014,5968,ieepa_action,ieepa_action,C16,6742,rrf_fill,0.04223748296499252,0.015814678743481636,426.44069342833046,0.7284034490585327,8,8,8,6,0.05926916221033868,6
SHC014,5968,ieepa_action,ieepa_action,C17,6657,bm25,0.07789510488510132,0.042230017483234406,498.30593436148484,,7,7,5,,0.045235361653272105,26
SHC014,5968,ieepa_action,ieepa_action,C18,6023,rrf_fill,0.02527325600385666,0.006135281175374985,319.29756911956804,0.6743532419204712,9,15,9,15,0.05565217391304348,7
SHC014,5968,ieepa_action,ieepa_action,C19,6425,bm25|function,0.08912861347198486,0.054756902158260345,507.94601457642375,0.7789478302001953,6,6,4,3,0.061801046176046176,5
SHC014,5968,ieepa_action,ieepa_action,C20,6561,rrf_fill,0.024913981556892395,0.007689096033573151,291.1401889864778,0.7110677361488342,12,9,20,11,0.054966149554330816,9
SHC014,5968,ieepa_action,ieepa_action,C21,6362,rrf_fill,0.023300446569919586,0.006135281175374985,291.26269605030024,0.6417287588119507,13,18,19,31,0.05016638179461137,17
SHC014,5968,ieepa_action,ieepa_action,C22,6020,rrf_fill,0.020517492666840553,0.005333403125405312,250.24430886143486,0.7207961082458496,22,23,36,9,0.04915273501215892,20
SHC014,5968,ieepa_action,ieepa_action,C23,6395,rrf_fill,0.023300446569919586,0.006135281175374985,284.2023070700059,0.6497244834899902,14,19,21,24,0.05042218227872236,16
SHC014,5968,ieepa_action,ieepa_action,C24,6544,rrf_fill,0.021441929042339325,0.006304631475359201,258.4841822486015,0.6480737924575806,15,13,31,26,0.04964888143607481,18
SHC014,5968,ieepa_action,ieepa_action,C25,6460,function|word10|word5,0.11472039669752121,0.07621275633573532,489.4107299687179,0.8020279407501221,3,3,7,1,0.06306484750331093,3
SHC015,4809,ieepa_action,ieepa_action,C01,4981,word5,0.24303607642650604,0.09201943874359131,89.45991713954913,0.6272894144058228,5,7,36,109,0.04664381494892402,24
SHC015,4809,ieepa_action,ieepa_action,C02,4851,bm25,0.19988229870796204,0.04468318074941635,121.30890812207662,0.7437136173248291,21,70,2,9,0.050659772585906294,17
SHC015,4809,ieepa_action,ieepa_action,C03,5149,bm25|word5,0.25580933690071106,0.09630848467350006,119.85405903263499,0.7176613807678223,4,6,3,14,0.06016304453804454,3
SHC015,4809,ieepa_action,ieepa_action,C04,4901,bm25,0.17093807458877563,0.04694895073771477,115.68804091705408,0.7128103971481323,26,37,5,19,0.0499800285599763,18
SHC015,4809,ieepa_action,ieepa_action,C05,4977,rrf_fill,0.2152218520641327,0.08606868237257004,96.16403527109357,0.6761681437492371,16,9,26,35,0.04980487112624838,19
SHC015,4809,ieepa_action,ieepa_action,C06,5004,function|word10|word5,0.2589871883392334,0.10970514267683029,101.55654834775898,0.8035047650337219,3,3,17,1,0.06112648735599555,2
SHC015,4809,ieepa_action,ieepa_action,C07,5146,word10,0.23910880088806152,0.09721673280000687,108.52268756844798,0.7459070086479187,7,5,12,7,0.059124250542160986,5
SHC015,4809,ieepa_action,ieepa_action,C08,5171,function,0.22335459291934967,0.08731985837221146,101.4239157726439,0.7649688720703125,15,8,18,3,0.056732744379803204,9
SHC015,4809,ieepa_action,ieepa_action,C09,5059,rrf_fill,0.22379170358181,0.0762307271361351,99.54850714202747,0.7437387704849243,12,15,22,8,0.05412322652638291,11
SHC015,4809,ieepa_action,ieepa_action,C10,5079,rrf_fill,0.22336716949939728,0.08606868237257004,109.73211353385523,0.7491501569747925,14,10,9,6,0.05744349657393136,7
SHC015,4809,ieepa_action,ieepa_action,C11,4895,function,0.23055362701416016,0.049322277307510376,101.33492542016886,0.762738049030304,10,31,19,4,0.05355795312282654,12
SHC015,4809,ieepa_action,ieepa_action,C12,4933,bm25|word10|word5,0.2782469391822815,0.11080373823642731,133.22073330158088,0.73507159948349,1,2,1,10,0.06320163178968044,1
SHC015,4809,ieepa_action,ieepa_action,C13,5051,rrf_fill,0.21251511573791504,0.07552938908338547,100.16344473562474,0.6817111968994141,18,17,20,28,0.04967116217116217,20
SHC015,4809,ieepa_action,ieepa_action,C14,4859,rrf_fill,0.1939985603094101,0.06630607694387436,111.34656468629969,0.7279458045959473,24,20,8,13,0.05280927439468938,13
SHC015,4809,ieepa_action,ieepa_action,C15,569,same_family_recent,0.13130803406238556,0.04740732163190842,99.32647851053126,0.5052872896194458,62,33,23,2182,0.031443632584665204,54
SHC015,4809,ieepa_action,ieepa_action,C16,5106,rrf_fill,0.20294111967086792,0.06438133120536804,96.14285225392936,0.7132185101509094,20,24,27,18,0.04871952759883794,22
SHC015,4809,ieepa_action,ieepa_action,C17,5013,word10|word5,0.27043959498405457,0.11252089589834213,111.59514537272504,0.611132025718689,2,1,7,142,0.05239834306484865,14
SHC015,4809,ieepa_action,ieepa_action,C18,5014,rrf_fill,0.23110900819301605,0.0762307271361351,109.19873631722464,0.7299045324325562,9,14,11,12,0.055979663067844326,10
SHC015,4809,ieepa_action,ieepa_action,C19,5121,function,0.22791656851768494,0.08606868237257004,105.52964438665859,0.7670097947120667,11,12,14,2,0.05761594170272044,6
SHC015,4809,ieepa_action,ieepa_action,C20,4840,rrf_fill,0.19251370429992676,0.06637053191661835,114.88804677995799,0.6995546817779541,25,19,6,21,0.051920127894315035,16
SHC015,4809,ieepa_action,ieepa_action,C21,5356,function,0.1668969839811325,0.04991310462355614,93.96560492635584,0.7592501640319824,28,30,28,5,0.04922299922299923,21
SHC015,4809,ieepa_action,ieepa_action,C22,568,same_family_recent,0.13130803406238556,0.04740732163190842,86.4093771053014,0.6463484764099121,61,32,41,65,0.03703501812631856,35
SHC015,4809,ieepa_action,ieepa_action,C23,5152,rrf_fill,0.19891028106212616,0.08606868237257004,103.77785131353559,0.7133611440658569,22,13,15,17,0.05221409840855214,15
SHC015,4809,ieepa_action,ieepa_action,C24,5120,rrf_fill,0.23227734863758087,0.08606868237257004,109.32725010748015,0.7310128808021545,8,11,10,11,0.0571606107231625,8
SHC015,4809,ieepa_action,ieepa_action,C25,5143,bm25|word10,0.23910880088806152,0.09721673280000687,117.5914930622333,0.7140471339225769,6,4,4,16,0.059559409888357256,4
SHC016,5607,ieepa_action,ieepa_action,C01,5612,same_family_recent,0.0034634131006896496,0.0,64.49554903654756,,168,3284,3745,,0.004947820063837769,689
SHC016,5607,ieepa_action,ieepa_action,C02,5990,function,0.006431900896131992,0.002981602679938078,163.89901314321227,0.6853824853897095,100,29,69,4,0.0408628930406759,14
SHC016,5607,ieepa_action,ieepa_action,C03,5987,rrf_fill,0.008861186914145947,0.002981602679938078,148.6912624049399,0.6775376200675964,62,28,105,6,0.04077247888723299,15
SHC016,5607,ieepa_action,ieepa_action,C04,19593,function,0.0,0.0,78.69803559906715,0.6818252801895142,8693,8689,2430,5,0.016014767131363326,114
SHC016,5607,ieepa_action,ieepa_action,C05,6163,rrf_fill,0.010635100305080414,0.00685808015987277,162.33966108488548,0.6428378820419312,41,13,71,42,0.041037129590883195,13
SHC016,5607,ieepa_action,ieepa_action,C06,5868,rrf_fill,0.008706868626177311,0.002981602679938078,194.13141348536277,0.6349296569824219,67,16,18,53,0.04270198082751031,12
SHC016,5607,ieepa_action,ieepa_action,C07,1495,word10|word5,0.052876174449920654,0.0238934438675642,210.61172939690434,0.5885144472122192,3,3,10,173,0.05032359152530826,5
SHC016,5607,ieepa_action,ieepa_action,C08,5899,rrf_fill,0.010958010330796242,0.002981602679938078,169.31182915956236,0.6743751764297485,32,22,56,9,0.04617813044697164,8
SHC016,5607,ieepa_action,ieepa_action,C09,19181,function,0.0,0.0,91.19524911455795,0.6944425106048584,8580,8568,1496,2,0.017003348236001543,104
SHC016,5607,ieepa_action,ieepa_action,C10,1689,bm25|word10|word5,0.050694581121206284,0.01700393669307232,241.57626239078928,0.5153093338012695,4,4,3,816,0.0482645683844314,6
SHC016,5607,ieepa_action,ieepa_action,C11,5617,same_family_recent,0.0034634131006896496,0.0,64.42505969906514,,169,3289,3752,,0.004927738308907249,696
SHC016,5607,ieepa_action,ieepa_action,C12,6036,function,0.023898828774690628,0.0013245631707832217,201.6434510479035,0.8171869516372681,11,50,12,1,0.05345774764500232,3
SHC016,5607,ieepa_action,ieepa_action,C13,6037,rrf_fill,0.011388145387172699,0.002981602679938078,153.50536927644174,0.6468024253845215,27,33,91,33,0.03962214577394063,19
SHC016,5607,ieepa_action,ieepa_action,C14,5871,bm25,0.007340354844927788,0.0,237.14638734371334,,79,3528,4,,0.02309795140476248,77
SHC016,5607,ieepa_action,ieepa_action,C15,6044,function,0.023898828774690628,0.0013245631707832217,142.9894963317271,0.6924532055854797,12,51,140,3,0.04377091377091377,10
SHC016,5607,ieepa_action,ieepa_action,C16,1975,bm25|word10|word5,0.060701362788677216,0.027557432651519775,261.65606875320486,0.6257741451263428,2,2,1,78,0.055897883950674056,1
SHC016,5607,ieepa_action,ieepa_action,C17,5879,rrf_fill,0.008861186914145947,0.002981602679938078,164.26661662707272,0.6514264345169067,60,20,67,27,0.04020160195492805,16
SHC016,5607,ieepa_action,ieepa_action,C18,5891,rrf_fill,0.010958010330796242,0.002981602679938078,185.6595306574538,0.6418071985244751,31,21,29,45,0.04409445458134597,9
SHC016,5607,ieepa_action,ieepa_action,C19,6595,rrf_fill,0.010090169496834278,0.002981602679938078,170.86468166240655,0.6560983657836914,47,47,52,21,0.039965839225963834,17
SHC016,5607,ieepa_action,ieepa_action,C20,1496,word10|word5,0.04907642677426338,0.015190357342362404,220.1757126541258,0.6450642943382263,5,5,8,38,0.05567919475482501,2
SHC016,5607,ieepa_action,ieepa_action,C21,5688,bm25,0.008183518424630165,0.0,236.61473173703632,,71,3358,5,,0.023310771924532035,74
SHC016,5607,ieepa_action,ieepa_action,C22,5877,rrf_fill,0.008861186914145947,0.002981602679938078,167.26639191220616,0.6456073522567749,59,19,59,37,0.03977422888769236,18
SHC016,5607,ieepa_action,ieepa_action,C23,6023,rrf_fill,0.012771446257829666,0.002981602679938078,183.05523093665875,0.6300000548362732,17,32,30,68,0.0427801893155154,11
SHC016,5607,ieepa_action,ieepa_action,C24,1949,bm25|word10|word5,0.060701362788677216,0.027557432651519775,257.49146861546956,0.5289638638496399,1,1,2,636,0.05035269911316156,4
SHC016,5607,ieepa_action,ieepa_action,C25,6050,rrf_fill,0.010958010330796242,0.002981602679938078,188.73010598650413,0.6698750853538513,34,35,23,11,0.04729731347515197,7
SHC017,6425,ieepa_action,ieepa_action,C01,6561,bm25|function|word5,0.04311133921146393,0.017934463918209076,360.51180999216757,0.6455720663070679,5,6,5,4,0.06154574592074592,3
SHC017,6425,ieepa_action,ieepa_action,C02,2139,rrf_fill,0.005340588744729757,0.0004855613806284964,174.54402568506484,0.40652966499328613,14,34,91,1289,0.031515617786474465,25
SHC017,6425,ieepa_action,ieepa_action,C03,6957,rrf_fill,0.0030337560456246138,0.0,240.93212474811816,0.5536824464797974,48,3235,13,42,0.033065301101443574,22
SHC017,6425,ieepa_action,ieepa_action,C04,6571,rrf_fill,0.023997172713279724,0.0030396871734410524,290.76080803701456,0.5985406041145325,10,11,8,10,0.05736181796662327,8
SHC017,6425,ieepa_action,ieepa_action,C05,2142,rrf_fill,0.005653123836964369,0.0004855613806284964,193.488090489401,0.42064937949180603,13,37,32,1027,0.03579743690636501,15
SHC017,6425,ieepa_action,ieepa_action,C06,2214,rrf_fill,0.0037906861398369074,0.0015366276493296027,183.52957853867943,0.4432770013809204,31,13,48,729,0.03521432750819698,17
SHC017,6425,ieepa_action,ieepa_action,C07,6442,same_family_recent,0.0213928259909153,0.005827770102769136,351.95857540074246,,11,10,6,,0.04352173647948296,11
SHC017,6425,ieepa_action,ieepa_action,C08,6595,rrf_fill,0.027248967438936234,0.009701238945126534,285.41517617361353,0.6147499680519104,7,7,9,6,0.05949501504336027,5
SHC017,6425,ieepa_action,ieepa_action,C09,6613,function|word10,0.03982628509402275,0.01880726031959057,328.580207668,0.6530148983001709,6,5,7,3,0.06133451954347477,4
SHC017,6425,ieepa_action,ieepa_action,C10,6697,rrf_fill,0.0038490246515721083,0.0,185.83730901026414,0.5904136300086975,30,3029,42,16,0.03439665677883382,18
SHC017,6425,ieepa_action,ieepa_action,C11,2138,rrf_fill,0.0036649885587394238,0.0004855613806284964,148.6074594297732,0.5440369248390198,34,33,404,58,0.03202073472936298,24
SHC017,6425,ieepa_action,ieepa_action,C12,6632,rrf_fill,0.011695422232151031,0.0013499337946996093,209.1503808029848,,12,14,19,,0.040060630250503666,13
SHC017,6425,ieepa_action,ieepa_action,C13,2140,rrf_fill,0.005340588744729757,0.0004855613806284964,182.6218246831562,0.35111021995544434,15,35,60,2685,0.03255728118109481,23
SHC017,6425,ieepa_action,ieepa_action,C14,2208,rrf_fill,0.004624069202691317,0.0015366276493296027,209.18695570503274,0.47696080803871155,21,12,18,416,0.04115592105788184,12
SHC017,6425,ieepa_action,ieepa_action,C15,6460,bm25|function|same_family_recent|word10|word5,0.3259206712245941,0.22077856957912445,838.0910926216507,0.7682251930236816,1,1,1,1,0.06557377049180328,1
SHC017,6425,ieepa_action,ieepa_action,C16,6478,rrf_fill,0.003914538770914078,0.0010063496883958578,197.71650178051308,0.43435990810394287,29,15,28,823,0.03706542758440655,14
SHC017,6425,ieepa_action,ieepa_action,C17,6657,bm25|word10|word5,0.13180814683437347,0.07027018070220947,597.3397688451417,,3,3,3,,0.047619047619047616,10
SHC017,6425,ieepa_action,ieepa_action,C18,6544,function,0.02655782923102379,0.006706751883029938,282.9228938034187,0.6329331398010254,8,8,10,5,0.05908209437621202,6
SHC017,6425,ieepa_action,ieepa_action,C19,6570,bm25|word10|word5,0.27301672101020813,0.17843326926231384,773.3319616285747,,2,2,2,,0.04838709677419355,9
SHC017,6425,ieepa_action,ieepa_action,C20,2141,rrf_fill,0.005340588744729757,0.0004855613806284964,183.0817030412968,0.41403818130493164,16,36,55,1146,0.03309940097377339,21
SHC017,6425,ieepa_action,ieepa_action,C21,6659,rrf_fill,0.02609063684940338,0.006034174468368292,248.92229893656952,0.5995274782180786,9,9,12,9,0.057367149758454104,7
SHC017,6425,ieepa_action,ieepa_action,C22,1684,rrf_fill,0.0040995585732162,0.0008530231425538659,177.89894196748068,0.42923712730407715,26,16,75,903,0.03323163072016296,19
SHC017,6425,ieepa_action,ieepa_action,C23,6742,bm25|function|word10|word5,0.07258659601211548,0.02772681973874569,498.60763342291204,0.6642566919326782,4,4,4,2,0.06300403225806452,2
SHC017,6425,ieepa_action,ieepa_action,C24,6461,rrf_fill,0.004915742203593254,0.0008530231425538659,111.88679607586235,0.5363753437995911,17,22,1525,76,0.03316599094120151,20
SHC017,6425,ieepa_action,ieepa_action,C25,6676,rrf_fill,0.0048318891786038876,0.0006007297779433429,187.0982849972743,0.44760745763778687,19,26,39,681,0.03573667259117269,16
SHC018,5143,ieepa_action,ieepa_action|property_blocking,C01,5356,function,0.10219706594944,0.0357784777879715,201.33504165805158,0.7057133913040161,30,36,34,3,0.04803909152313408,20
SHC018,5143,ieepa_action,ieepa_action|property_blocking,C02,868,word10|word5,0.20901985466480255,0.11580009758472443,250.00448865807016,0.6717687845230103,5,5,8,17,0.058462126109184935,6
SHC018,5143,ieepa_action,ieepa_action|property_blocking,C03,1028,rrf_fill,0.13731825351715088,0.07640603929758072,204.0389219385479,0.6725903749465942,19,14,28,16,0.05069327246209325,17
SHC018,5143,ieepa_action,ieepa_action|property_blocking,C04,1014,rrf_fill,0.13611096143722534,0.05687786638736725,227.74795681802735,0.6876286268234253,20,21,14,10,0.05264490681157348,14
SHC018,5143,ieepa_action,ieepa_action|property_blocking,C05,950,rrf_fill,0.16393718123435974,0.06971228122711182,245.10262779317438,0.6460747122764587,12,16,11,39,0.05123230076899461,15
SHC018,5143,ieepa_action,ieepa_action|property_blocking,C06,5152,bm25|word10|word5,0.2602936327457428,0.17372842133045197,316.19535915454753,0.6910622715950012,4,3,3,8,0.062076914098972924,3
SHC018,5143,ieepa_action,ieepa_action|property_blocking,C07,978,rrf_fill,0.14181362092494965,0.07775998115539551,226.62178406951375,0.6502724289894104,17,10,16,34,0.0510689198819098,16
SHC018,5143,ieepa_action,ieepa_action|property_blocking,C08,1071,rrf_fill,0.1378130316734314,0.052794963121414185,208.8752661764524,0.6521167159080505,18,22,23,33,0.04781651571485968,21
SHC018,5143,ieepa_action,ieepa_action|property_blocking,C09,847,bm25|word10|word5,0.2810716927051544,0.1679111272096634,348.0714468154617,0.6607639789581299,3,4,2,24,0.05953181003584229,4
SHC018,5143,ieepa_action,ieepa_action|property_blocking,C10,1006,rrf_fill,0.16226623952388763,0.06143011525273323,222.40796688747332,0.686528205871582,13,18,18,11,0.053424162820265464,13
SHC018,5143,ieepa_action,ieepa_action|property_blocking,C11,959,rrf_fill,0.13165363669395447,0.05895667523145676,227.3262920976379,0.6523412466049194,22,20,15,31,0.049017466273563834,19
SHC018,5143,ieepa_action,ieepa_action|property_blocking,C12,981,rrf_fill,0.15774744749069214,0.07719215750694275,228.73695096442637,0.5791671872138977,16,12,13,126,0.0461217578487388,25
SHC018,5143,ieepa_action,ieepa_action|property_blocking,C13,883,rrf_fill,0.19480401277542114,0.09530012309551239,241.84028676320108,0.6624456644058228,8,8,12,22,0.05549577554599075,10
SHC018,5143,ieepa_action,ieepa_action|property_blocking,C14,5146,bm25|function|same_family_recent|word10|word5,0.6263830661773682,0.5292065739631653,507.5375890694446,0.7281962633132935,1,1,1,2,0.06530936012691697,1
SHC018,5143,ieepa_action,ieepa_action|property_blocking,C15,971,bm25,0.1600264459848404,0.05931076034903526,258.63489652488875,0.6744463443756104,15,19,5,13,0.055074806703036286,11
SHC018,5143,ieepa_action,ieepa_action|property_blocking,C16,5149,same_family_recent,0.17329594492912292,0.11221418529748917,249.3811140042279,0.6946386098861694,11,7,9,7,0.05842800693409864,7
SHC018,5143,ieepa_action,ieepa_action|property_blocking,C17,955,rrf_fill,0.1806705743074417,0.06978515535593033,257.97973080687694,0.691055417060852,10,15,6,9,0.05726331639375118,8
SHC018,5143,ieepa_action,ieepa_action|property_blocking,C18,5374,function,0.0912645161151886,0.040017180144786835,202.08055560839983,0.702074408531189,39,29,33,4,0.04771465332923289,22
SHC018,5143,ieepa_action,ieepa_action|property_blocking,C19,5171,bm25|function|word10|word5,0.3662900924682617,0.302835613489151,300.2440187638947,0.7596327066421509,2,2,4,1,0.06427650713907986,2
SHC018,5143,ieepa_action,ieepa_action|property_blocking,C20,5290,rrf_fill,0.1855219602584839,0.07672484219074249,252.2205573400475,0.6685543656349182,9,13,7,19,0.05577498474260433,9
SHC018,5143,ieepa_action,ieepa_action|property_blocking,C21,853,function,0.19723084568977356,0.08945915848016739,248.68049728002063,0.7000868916511536,6,9,10,5,0.05931459844503323,5
SHC018,5143,ieepa_action,ieepa_action|property_blocking,C22,1109,rrf_fill,0.11704830080270767,0.04780659079551697,192.3887731692309,0.6700742244720459,24,24,42,18,0.04643395819866408,24
SHC018,5143,ieepa_action,ieepa_action|property_blocking,C23,866,rrf_fill,0.19637134671211243,0.11255165934562683,222.78401649792613,0.6540136337280273,7,6,17,29,0.05429985632903627,12
SHC018,5143,ieepa_action,ieepa_action|property_blocking,C24,1037,rrf_fill,0.13492360711097717,0.06426879018545151,206.37716701808316,0.67303866147995,21,17,25,15,0.05043073121504494,18
SHC018,5143,ieepa_action,ieepa_action|property_blocking,C25,1081,rrf_fill,0.160967156291008,0.07727644592523575,214.37035881335683,0.6089457869529724,14,11,19,86,0.04710556347236145,23
SHC019,6036,ieepa_action,ieepa_action,C01,6478,word10|word5,0.0373084582388401,0.02600131183862686,113.67767638488796,0.5365039706230164,5,3,45,82,0.04782369430256754,2
SHC019,6036,ieepa_action,ieepa_action,C02,6950,rrf_fill,0.01675221137702465,0.0021296534687280655,126.12175294229905,0.5542427897453308,31,25,20,45,0.044777526395173455,4
SHC019,6036,ieepa_action,ieepa_action,C03,6044,bm25|function|word10|word5,0.3860257565975189,0.31390702724456787,306.2990907990862,0.6612752676010132,1,1,1,1,0.06557377049180328,1
SHC019,6036,ieepa_action,ieepa_action,C04,6038,same_family_recent,0.015941359102725983,0.005473501980304718,117.9694095462834,0.5127994418144226,36,12,33,189,0.039074307984626674,15
SHC019,6036,ieepa_action,ieepa_action,C05,1481,bm25,0.009869195520877838,0.0,140.80808609733245,0.5816221237182617,63,138,2,13,0.043008248746368875,8
SHC019,6036,ieepa_action,ieepa_action,C06,6173,word5,0.04054192826151848,0.0038398930337280035,117.38998736412968,0.49666476249694824,4,22,37,407,0.04027072792486131,12
SHC019,6036,ieepa_action,ieepa_action,C07,1975,function,0.007889577187597752,0.0,116.99088330905258,0.6177893280982971,77,625,38,4,0.0345882057202443,32
SHC019,6036,ieepa_action,ieepa_action,C08,6050,rrf_fill,0.021687554195523262,0.005473501980304718,122.3802433642746,0.44362154603004456,18,13,27,2088,0.038478945179293254,16
SHC019,6036,ieepa_action,ieepa_action,C09,6442,rrf_fill,0.03465833142399788,0.022129759192466736,117.9203555200813,,7,7,35,,0.0403770620581304,11
SHC019,6036,ieepa_action,ieepa_action,C10,1496,function,0.003307570703327656,0.0,117.95066197682468,0.6264846920967102,257,153,34,3,0.034360723558599586,33
SHC019,6036,ieepa_action,ieepa_action,C11,6262,rrf_fill,0.025753289461135864,0.0017295805737376213,128.40951527178575,,10,42,15,,0.03742296918767507,19
SHC019,6036,ieepa_action,ieepa_action,C12,3475,function,0.005845211446285248,0.0,98.93041609905079,0.6354213953018188,104,2070,90,2,0.029362743468416056,44
SHC019,6036,ieepa_action,ieepa_action,C13,6158,word10|word5,0.045632969588041306,0.024240072816610336,122.127156350511,,3,4,29,,0.04273397092919565,10
SHC019,6036,ieepa_action,ieepa_action,C14,6062,bm25,0.030560782179236412,0.019604003056883812,136.48681400875765,0.4613434374332428,9,8,5,1417,0.04526029943115797,3
SHC019,6036,ieepa_action,ieepa_action,C15,6659,rrf_fill,0.021749401465058327,0.0017295805737376213,131.63225392146074,0.4794614315032959,17,48,9,818,0.03787797803346976,17
SHC019,6036,ieepa_action,ieepa_action,C16,6239,word10,0.033150095492601395,0.022129759192466736,126.50227591280242,,8,5,19,,0.04274872558565783,9
SHC019,6036,ieepa_action,ieepa_action,C17,6246,rrf_fill,0.015713095664978027,0.0017295805737376213,131.1868664917172,0.5194365382194519,38,40,10,145,0.03936784469885515,14
SHC019,6036,ieepa_action,ieepa_action,C18,6162,rrf_fill,0.02296101488173008,0.005473501980304718,123.83318768009259,0.4633670747280121,13,14,24,1336,0.03983323793348521,13
SHC019,6036,ieepa_action,ieepa_action,C19,6325,rrf_fill,0.03576983883976936,0.022129759192466736,127.19463964529896,,6,6,18,,0.04312354312354312,7
SHC019,6036,ieepa_action,ieepa_action,C20,6128,word10|word5,0.04609789699316025,0.03027043305337429,115.8221040918354,0.49406638741493225,2,2,41,463,0.04407110050424027,6
SHC019,6036,ieepa_action,ieepa_action,C21,11062,function,0.003307570703327656,0.0,97.63747695057822,0.615001916885376,259,5793,100,5,0.024940264177105587,61
SHC019,6036,ieepa_action,ieepa_action,C22,6395,bm25,0.016159366816282272,0.0,138.8148300775087,0.49346861243247986,35,3367,3,472,0.02857083131913043,47
SHC019,6036,ieepa_action,ieepa_action,C23,6037,same_family_recent,0.024912860244512558,0.005473501980304718,135.3520143535204,0.48667827248573303,12,11,6,622,0.04459118674248161,5
SHC019,6036,ieepa_action,ieepa_action,C24,10985,bm25,0.0019518444314599037,0.0,136.72586289857855,0.556380569934845,682,5717,4,40,0.027145809119909,52
SHC019,6036,ieepa_action,ieepa_action,C25,6336,rrf_fill,0.02296101488173008,0.005473501980304718,115.13284530682132,0.4787990152835846,14,15,42,840,0.03776187952658541,18
SHC020,6037,ieepa_action,ieepa_action,C01,6425,bm25|function|word10|word5,0.07530754804611206,0.04486624151468277,528.6214422649,0.7734335660934448,5,5,3,1,0.06303568926519747,3
SHC020,6037,ieepa_action,ieepa_action,C02,6322,rrf_fill,0.020518114790320396,0.005027074366807938,334.9915374118157,0.6594545245170593,10,15,12,15,0.054841269841269843,8
SHC020,6037,ieepa_action,ieepa_action,C03,6052,rrf_fill,0.022765524685382843,0.006629264913499355,318.4495461839567,0.643843412399292,8,8,17,24,0.05430353959765724,11
SHC020,6037,ieepa_action,ieepa_action,C04,6571,rrf_fill,0.01563980057835579,0.0023413009475916624,295.376672136827,0.675183892250061,19,26,22,13,0.050179886913051266,17
SHC020,6037,ieepa_action,ieepa_action,C05,6044,rrf_fill,0.005007733125239611,0.0011835782788693905,203.23896537063894,0.6897362470626831,41,42,142,7,0.03958077985147066,24
SHC020,6037,ieepa_action,ieepa_action,C06,6613,rrf_fill,0.017247192561626434,0.005723604466766119,303.6815066237142,0.6870462894439697,17,10,21,8,0.054324288638014126,10
SHC020,6037,ieepa_action,ieepa_action,C07,6041,same_family_recent,0.020283909514546394,0.004751246888190508,292.7227054288805,0.6513782739639282,11,18,24,21,0.05115546077987392,16
SHC020,6037,ieepa_action,ieepa_action,C08,6544,rrf_fill,0.017407648265361786,0.005165835376828909,282.3223561697512,0.6766990423202515,16,12,26,12,0.05256357949136407,15
SHC020,6037,ieepa_action,ieepa_action,C09,6561,rrf_fill,0.01962459087371826,0.005723604466766119,329.91566110917955,0.6793240308761597,12,9,14,11,0.055979663067844326,6
SHC020,6037,ieepa_action,ieepa_action,C10,6460,bm25|function|word10|word5,0.09368644654750824,0.06305628269910812,521.0824505160894,0.7508516311645508,2,2,4,4,0.06350806451612903,2
SHC020,6037,ieepa_action,ieepa_action,C11,6263,rrf_fill,0.0208326056599617,0.005027074366807938,349.9534925450445,0.6439112424850464,9,14,9,23,0.054547213530974664,9
SHC020,6037,ieepa_action,ieepa_action,C12,6595,rrf_fill,0.01799716241657734,0.005165835376828909,271.6459191388203,0.6966367363929749,15,13,29,6,0.05341943367801456,13
SHC020,6037,ieepa_action,ieepa_action,C13,6050,function,0.013910885900259018,0.0053188554011285305,329.5855708588984,0.7442022562026978,22,11,15,5,0.054997577711421754,7
SHC020,6037,ieepa_action,ieepa_action,C14,6395,rrf_fill,0.01891648769378662,0.005027074366807938,332.33118730189494,0.6519963145256042,14,17,13,20,0.0526991566375128,14
SHC020,6037,ieepa_action,ieepa_action,C15,6362,rrf_fill,0.01891648769378662,0.005027074366807938,317.7371891397813,0.6831624507904053,13,16,18,9,0.05416979131752963,12
SHC020,6037,ieepa_action,ieepa_action,C16,6336,function|word10|word5,0.08602113276720047,0.053629808127880096,515.716134731157,0.7677662372589111,3,3,6,2,0.06302657915561141,4
SHC020,6037,ieepa_action,ieepa_action,C17,6342,rrf_fill,0.01125252339988947,0.002977097872644663,224.5627650548256,0.6473318338394165,28,23,61,22,0.04387141389585757,22
SHC020,6037,ieepa_action,ieepa_action,C18,6659,rrf_fill,0.01651723124086857,0.0023413009475916624,254.64517742359232,0.6534543633460999,18,27,31,19,0.04796200453118829,19
SHC020,6037,ieepa_action,ieepa_action,C19,6162,bm25|function|word10|word5,0.11459951102733612,0.06757500767707825,582.1668858883404,0.7573952674865723,1,1,1,3,0.06505334374186833,1
SHC020,6037,ieepa_action,ieepa_action,C20,6657,bm25,0.063234843313694,0.03460207208991051,520.5160813696194,,6,6,5,,0.04568764568764569,21
SHC020,6037,ieepa_action,ieepa_action,C21,6570,bm25|word10|word5,0.0814865380525589,0.0535389743745327,572.0474139113431,,4,4,2,,0.047379032258064516,20
SHC020,6037,ieepa_action,ieepa_action,C22,6038,same_family_recent,0.005350224673748016,0.0011835782788693905,249.35615840501134,0.6244953870773315,37,41,33,31,0.041951967610579365,23
SHC020,6037,ieepa_action,ieepa_action,C23,6246,rrf_fill,0.005268479231745005,0.0010310367215424776,215.62753639509162,0.6571487188339233,38,44,88,17,0.03956323599180742,25
SHC020,6037,ieepa_action,ieepa_action,C24,6742,rrf_fill,0.032828520983457565,0.012958096340298653,506.99235734291517,0.6804301142692566,7,7,7,10,0.059061833688699356,5
SHC020,6037,ieepa_action,ieepa_action,C25,6062,rrf_fill,0.011663349345326424,0.002930988324806094,354.6849481225703,0.643394947052002,25,24,8,25,0.050140056022408966,18
SHC021,4928,property_blocking,property_blocking,C01,4998,rrf_fill,0.035209041088819504,0.014925174415111542,149.784643522028,0.6251116394996643,9,9,171,14,0.04682802508889466,7
SHC021,4928,property_blocking,property_blocking,C02,5654,rrf_fill,0.020087840035557747,0.0062461309134960175,170.28818944953574,0.6302489042282104,47,48,65,8,0.0413109360047238,10
SHC021,4928,property_blocking,property_blocking,C03,1481,function,0.005029337480664253,0.0,156.1884714638189,0.6422593593597412,343,1036,129,4,0.02430980362829315,68
SHC021,4928,property_blocking,property_blocking,C04,1352,rrf_fill,0.028405435383319855,0.007499686907976866,169.35006141930958,0.5958527326583862,23,35,70,82,0.037309069773992475,20
SHC021,4928,property_blocking,property_blocking,C05,5146,rrf_fill,0.03207668289542198,0.010334569029510021,185.6377463604305,0.5722258687019348,15,21,24,226,0.041080277746944414,12
SHC021,4928,property_blocking,property_blocking,C06,5656,rrf_fill,0.027887290343642235,0.009653669781982899,206.86105442080026,0.530550479888916,26,26,6,884,0.039466651138901826,16
SHC021,4928,property_blocking,property_blocking,C07,5143,rrf_fill,0.03299284353852272,0.010310452431440353,181.0186053925288,0.570448637008667,14,23,33,245,0.03959308298123103,15
SHC021,4928,property_blocking,property_blocking,C08,1007,bm25|word10|word5,0.05840589851140976,0.01877507194876671,252.73184843571042,0.5331161022186279,1,2,2,838,0.0497650928851823,4
SHC021,4928,property_blocking,property_blocking,C09,4977,rrf_fill,0.023605743423104286,0.00872686505317688,187.97418051268366,0.638848602771759,40,30,19,6,0.04892085411072753,6
SHC021,4928,property_blocking,property_blocking,C10,5059,rrf_fill,0.03491528704762459,0.012493287213146687,152.75863311535466,0.5893888473510742,11,16,148,104,0.03814765506239769,19
SHC021,4928,property_blocking,property_blocking,C11,4982,function,0.04142932593822479,0.014246796257793903,187.30653697580033,0.6519458889961243,6,12,21,2,0.057515115310814234,3
SHC021,4928,property_blocking,property_blocking,C12,4933,same_family_recent,0.027501238510012627,0.010310452431440353,127.72772324921003,0.5533742308616638,28,22,511,463,0.02722211768907105,55
SHC021,4928,property_blocking,property_blocking,C13,5013,word10,0.039407242089509964,0.01796303316950798,168.99953987908572,0.5609084367752075,7,5,73,348,0.04027976590358181,13
SHC021,4928,property_blocking,property_blocking,C14,662,same_family_recent,0.003254933515563607,0.0,110.73096992285728,0.5793054699897766,438,289,1100,162,0.010239935111429784,273
SHC021,4928,property_blocking,property_blocking,C15,5293,bm25|word5,0.04413158446550369,0.014883686788380146,259.5480099890098,0.5606986284255981,3,10,1,352,0.048979357247700396,5
SHC021,4928,property_blocking,property_blocking,C16,1566,function,0.0055149393156170845,0.0,120.30565797203418,0.6461331248283386,322,1121,721,3,0.020617966702054652,95
SHC021,4928,property_blocking,property_blocking,C17,5171,word10|word5,0.0420183427631855,0.018093464896082878,169.25059868033998,0.5893397331237793,5,4,72,105,0.04464597902097902,9
SHC021,4928,property_blocking,property_blocking,C18,5079,word10|word5,0.04325507953763008,0.018196426331996918,196.2144293485072,0.617650032043457,4,3,8,21,0.05854957723830273,2
SHC021,4928,property_blocking,property_blocking,C19,5873,bm25,0.02457140013575554,0.0026575783267617226,207.38432979171301,0.5083653330802917,37,150,5,1388,0.03114640623184224,40
SHC021,4928,property_blocking,property_blocking,C20,1019,bm25,0.028433257713913918,0.006142779719084501,219.36145018485178,0.5382688641548157,22,49,3,724,0.03851795995492252,18
SHC021,4928,property_blocking,property_blocking,C21,4946,bm25|function|word10|word5,0.05305773764848709,0.029064718633890152,209.47596389157385,0.6525699496269226,2,1,4,1,0.06454091750396615,1
SHC021,4928,property_blocking,property_blocking,C22,5149,rrf_fill,0.03503986820578575,0.016681097447872162,172.12355167356037,0.5527934432029724,10,6,58,475,0.03978096458692055,14
SHC021,4928,property_blocking,property_blocking,C23,5356,rrf_fill,0.02424166537821293,0.010772653855383396,158.7436883749736,0.6197319626808167,38,19,116,19,0.04120235551067378,11
SHC021,4928,property_blocking,property_blocking,C24,5106,rrf_fill,0.02756280079483986,0.009710166603326797,199.67415864835982,0.5273694396018982,27,25,7,949,0.039175412167747,17
SHC021,4928,property_blocking,property_blocking,C25,5460,function,0.02040649950504303,0.004315226338803768,186.81538157127906,0.6398355960845947,46,64,23,5,0.044931286548882926,8
SHC022,829,property_blocking,property_blocking,C01,981,rrf_fill,0.16745051741600037,0.11683672666549683,456.95656054500296,0.6568784713745117,19,16,22,19,0.05066947238426415,22
SHC022,829,property_blocking,property_blocking,C02,1019,rrf_fill,0.1864670366048813,0.13204553723335266,435.1973092214347,0.65677809715271,10,10,28,20,0.05243506493506493,17
SHC022,829,property_blocking,property_blocking,C03,838,same_family_recent|word10|word5,0.19970305263996124,0.14429815113544464,479.21653563638154,0.6716613173484802,5,5,8,12,0.05936400201106083,4
SHC022,829,property_blocking,property_blocking,C04,866,bm25|function|word10|word5,0.25047969818115234,0.18717238306999207,485.6399328947415,0.6847695112228394,2,2,4,5,0.06326767990074442,2
SHC022,829,property_blocking,property_blocking,C05,845,bm25|function|word10|word5,0.38723424077033997,0.3267732858657837,640.5882695524759,0.7217180728912354,1,1,1,1,0.06557377049180328,1
SHC022,829,property_blocking,property_blocking,C06,1071,rrf_fill,0.1725882738828659,0.11587991565465927,435.9154009684634,0.6358910202980042,18,17,27,30,0.04841288979220014,25
SHC022,829,property_blocking,property_blocking,C07,950,rrf_fill,0.17694567143917084,0.12356336414813995,471.0638394100236,0.6544470191001892,16,14,14,23,0.05223311453495347,18
SHC022,829,property_blocking,property_blocking,C08,955,function,0.1590135544538498,0.10631922632455826,482.04266251955744,0.7095412015914917,23,21,7,2,0.05544827717582289,10
SHC022,829,property_blocking,property_blocking,C09,883,word10|word5,0.2154708355665207,0.1630743145942688,464.40327231973936,0.6829912066459656,3,3,17,6,0.05988455988455989,3
SHC022,829,property_blocking,property_blocking,C10,1109,function,0.151282399892807,0.09898800402879715,471.18409317473953,0.7044424414634705,26,25,13,3,0.0529642588690993,15
SHC022,829,property_blocking,property_blocking,C11,959,rrf_fill,0.16330449283123016,0.10451655834913254,464.1241081300284,0.6733207702636719,21,22,18,11,0.051445820826331534,21
SHC022,829,property_blocking,property_blocking,C12,868,word10|word5,0.21169975399971008,0.15822182595729828,477.69708231002943,0.6422814130783081,4,4,11,28,0.056698143405889884,8
SHC022,829,property_blocking,property_blocking,C13,847,rrf_fill,0.18726475536823273,0.1349722445011139,482.15608007786903,0.6551229953765869,8,7,6,22,0.0569778925900042,7
SHC022,829,property_blocking,property_blocking,C14,853,rrf_fill,0.19342933595180511,0.13892394304275513,478.376528379765,0.6406015753746033,6,6,10,29,0.05582469964492436,9
SHC022,829,property_blocking,property_blocking,C15,846,bm25,0.1864708960056305,0.13445276021957397,487.02124658606016,0.6701489686965942,9,8,3,13,0.05877028198613175,5
SHC022,829,property_blocking,property_blocking,C16,1006,function,0.1837480664253235,0.11980945616960526,455.1841074065301,0.6880595684051514,12,15,23,4,0.05489541499330656,13
SHC022,829,property_blocking,property_blocking,C17,837,bm25|same_family_recent,0.1876722276210785,0.13385191559791565,502.66770352243975,0.650879979133606,7,9,2,25,0.05731186489793422,6
SHC022,829,property_blocking,property_blocking,C18,1023,rrf_fill,0.17916937172412872,0.11437325179576874,443.20017773048585,0.6823524832725525,15,19,24,7,0.052821696220524864,16
SHC022,829,property_blocking,property_blocking,C19,1020,rrf_fill,0.18455012142658234,0.1297251433134079,473.0054255207483,0.6603645086288452,11,11,12,17,0.05504491596040892,12
SHC022,829,property_blocking,property_blocking,C20,1037,rrf_fill,0.1660902202129364,0.10958585888147354,465.00034414276877,0.66550612449646,20,20,16,15,0.05149122807017544,19
SHC022,829,property_blocking,property_blocking,C21,1360,bm25,0.1576428860425949,0.10264546424150467,485.19606972847015,0.6119996905326843,24,24,5,41,0.049095129293149097,23
SHC022,829,property_blocking,property_blocking,C22,978,rrf_fill,0.1793789118528366,0.12522675096988678,462.2844046234415,0.6739069223403931,14,12,21,10,0.054033795700462364,14
SHC022,829,property_blocking,property_blocking,C23,971,rrf_fill,0.15092986822128296,0.09743873029947281,463.04382017389526,0.6592495441436768,27,26,19,18,0.04860090051892149,24
SHC022,829,property_blocking,property_blocking,C24,1014,rrf_fill,0.17632940411567688,0.11574599146842957,462.72387750800334,0.6606823801994324,17,18,20,16,0.05146542054436791,20
SHC022,829,property_blocking,property_blocking,C25,1028,rrf_fill,0.18067611753940582,0.12513305246829987,468.31920029440556,0.6802627444267273,13,13,15,8,0.05543647596024711,11
SHC023,348,property_blocking,property_blocking,C01,460,function,0.3428308367729187,0.21638989448547363,263.4023355568229,0.7674028873443604,37,47,79,3,0.04272233322037125,24
SHC023,348,property_blocking,property_blocking,C02,355,rrf_fill,0.3621346950531006,0.26800501346588135,316.13746784453866,0.7269139289855957,26,18,12,18,0.051157821506658714,10
SHC023,348,property_blocking,property_blocking,C03,548,rrf_fill,0.3965810537338257,0.2567313313484192,289.340253572323,0.705727756023407,17,21,39,56,0.044054391755541183,18
SHC023,348,property_blocking,property_blocking,C04,354,bm25|function|word10|word5,0.684089720249176,0.5648816227912903,366.61496274638824,0.7759535312652588,3,3,4,1,0.06376447436898257,3
SHC023,348,property_blocking,property_blocking,C05,386,rrf_fill,0.45819228887557983,0.35771623253822327,295.20296967709345,0.7168958783149719,11,9,30,35,0.05021468756602672,11
SHC023,348,property_blocking,property_blocking,C06,470,rrf_fill,0.4595918357372284,0.33950433135032654,292.16000716105947,0.6999312043190002,10,12,32,64,0.047108684521026734,14
SHC023,348,property_blocking,property_blocking,C07,387,rrf_fill,0.44104450941085815,0.3512788414955139,298.99858993619733,0.7378394603729248,12,10,22,9,0.054862478749011095,7
SHC023,348,property_blocking,property_blocking,C08,380,bm25,0.49327516555786133,0.37437546253204346,386.60820808600124,0.6883084177970886,7,6,3,80,0.05309276130171652,8
SHC023,348,property_blocking,property_blocking,C09,351,bm25|same_family_recent|word10|word5,0.8017752766609192,0.6679246425628662,504.1474265988713,0.7524461150169373,1,2,1,6,0.06406743265548132,1
SHC023,348,property_blocking,property_blocking,C10,734,bm25|word10|word5,0.5453416705131531,0.3826155960559845,364.9534187170321,0.743412435054779,4,4,5,8,0.061340497737556565,4
SHC023,348,property_blocking,property_blocking,C11,820,function,0.36514633893966675,0.23553946614265442,288.4562429401996,0.7684784531593323,25,24,40,2,0.04979850004517936,12
SHC023,348,property_blocking,property_blocking,C12,584,rrf_fill,0.30723997950553894,0.19240936636924744,317.18771393439533,0.7345526814460754,67,64,10,13,0.04392287629976434,19
SHC023,348,property_blocking,property_blocking,C13,800,rrf_fill,0.35767170786857605,0.2299300730228424,290.64212789857316,0.7311822772026062,30,27,36,14,0.04653554416485451,15
SHC023,348,property_blocking,property_blocking,C14,381,rrf_fill,0.46423986554145813,0.3637124300003052,295.27499940192075,0.6432037949562073,9,7,29,138,0.04570458686420159,17
SHC023,348,property_blocking,property_blocking,C15,837,rrf_fill,0.49459677934646606,0.3373027443885803,354.8481245380555,0.7214704155921936,6,13,6,28,0.05536529680365297,6
SHC023,348,property_blocking,property_blocking,C16,609,rrf_fill,0.4282432794570923,0.25974544882774353,297.61157510187417,0.6765257716178894,15,20,25,100,0.04384803921568628,20
SHC023,348,property_blocking,property_blocking,C17,1372,function,0.2313845306634903,0.10210099816322327,277.8221846776073,0.7654582858085632,97,100,57,4,0.036791435298600905,46
SHC023,348,property_blocking,property_blocking,C18,395,rrf_fill,0.4721202254295349,0.3630318343639374,312.5570767022375,0.7142775058746338,8,8,15,40,0.05274509803921569,9
SHC023,348,property_blocking,property_blocking,C19,592,rrf_fill,0.35627996921539307,0.22803832590579987,329.95998854456633,0.7205584645271301,31,32,8,29,0.04780041361552324,13
SHC023,348,property_blocking,property_blocking,C20,849,rrf_fill,0.30602166056632996,0.1832820177078247,328.77092585791684,0.7268218994140625,69,67,9,19,0.04277693520381729,23
SHC023,348,property_blocking,property_blocking,C21,846,rrf_fill,0.34318751096725464,0.22048233449459076,299.1121126178611,0.7349957823753357,36,43,21,12,0.0463599724319789,16
SHC023,348,property_blocking,property_blocking,C22,853,rrf_fill,0.348050594329834,0.2241327464580536,279.88860024886804,0.7350614666938782,34,36,55,11,0.043835123755173656,21
SHC023,348,property_blocking,property_blocking,C23,697,word10|word5,0.5341910123825073,0.37505921721458435,337.4162132956728,0.7190802097320557,5,5,7,32,0.056564169120950435,5
SHC023,348,property_blocking,property_blocking,C24,353,bm25|function|same_family_recent|word10|word5,0.7658900022506714,0.7014877200126648,488.7648808010832,0.7635537981987,2,1,2,5,0.06403612252369524,2
SHC023,348,property_blocking,property_blocking,C25,569,rrf_fill,0.40670672059059143,0.29401981830596924,306.1595590795058,0.5859552025794983,16,16,17,199,0.04316380632170106,22
SHC024,650,property_blocking,property_blocking,C01,1451,bm25,0.0033105979673564434,0.0,351.9418165572559,0.4879533648490906,239,922,4,266,0.02305529620682806,62
SHC024,650,property_blocking,property_blocking,C02,758,rrf_fill,0.008902964182198048,0.0037880470044910908,221.45428541250385,0.5197067856788635,11,11,626,66,0.03756324796853684,17
SHC024,650,property_blocking,property_blocking,C03,774,word5,0.012782941572368145,0.0018838554387912154,260.8450863221474,,4,18,163,,0.03292981775324825,28
SHC024,650,property_blocking,property_blocking,C04,697,word10,0.009239251725375652,0.0037880470044910908,239.56480549994464,0.5204957127571106,7,2,362,63,0.04155415493965138,8
SHC024,650,property_blocking,property_blocking,C05,662,same_family_recent,0.001238942495547235,0.0,182.02721073578618,0.44888442754745483,1058,258,1593,1357,0.005349785450479327,693
SHC024,650,property_blocking,property_blocking,C06,4928,same_family_recent,0.0024396521039307117,0.0002371619630139321,191.42206362637248,0.4480748474597931,421,194,1282,1392,0.007449871670039007,469
SHC024,650,property_blocking,property_blocking,C07,19,word5,0.01281276997178793,0.0016716433456167579,257.32052243027124,0.4641711413860321,3,25,196,716,0.03283263154918325,29
SHC024,650,property_blocking,property_blocking,C08,1012,rrf_fill,0.008845924399793148,0.0019023714121431112,255.05854954871054,0.5472515821456909,12,17,216,9,0.044991843904887384,4
SHC024,650,property_blocking,property_blocking,C09,693,word10,0.008977444842457771,0.0037880470044910908,257.2041514937712,0.5231301188468933,9,1,199,54,0.04351912993170449,7
SHC024,650,property_blocking,property_blocking,C10,756,rrf_fill,0.008902964182198048,0.0037880470044910908,222.25757016161398,0.520104169845581,10,10,603,64,0.03814424032640351,16
SHC024,650,property_blocking,property_blocking,C11,755,rrf_fill,0.008575144223868847,0.0037880470044910908,261.78143401676806,0.5192680954933167,18,9,155,70,0.03965673692670659,14
SHC024,650,property_blocking,property_blocking,C12,651,bm25|function|word5,0.014118744060397148,0.000553587160538882,351.84355551955247,0.5994898676872253,1,135,5,1,0.05329970575872216,2
SHC024,650,property_blocking,property_blocking,C13,822,function,0.006650836672633886,0.0,307.9470642224701,0.5556539297103882,32,374,22,4,0.040993834634048605,12
SHC024,650,property_blocking,property_blocking,C14,725,word10,0.008471367880702019,0.0037880470044910908,255.4651827933078,0.526398777961731,20,4,210,43,0.04153744156778137,9
SHC024,650,property_blocking,property_blocking,C15,734,rrf_fill,0.009025642648339272,0.0037880470044910908,236.96308690274083,0.515083909034729,8,7,391,83,0.03884155738049826,15
SHC024,650,property_blocking,property_blocking,C16,1082,function,0.004922823514789343,0.0,247.32574613880325,0.5533956289291382,67,595,287,5,0.027667193070302246,40
SHC024,650,property_blocking,property_blocking,C17,759,rrf_fill,0.008675872348248959,0.0037880470044910908,237.16559290556944,0.5356998443603516,16,12,388,25,0.04104363236522679,11
SHC024,650,property_blocking,property_blocking,C18,652,bm25|function|word5,0.013275972567498684,0.001221644808538258,397.6159777713585,0.5971605777740479,2,39,1,2,0.05875251724008995,1
SHC024,650,property_blocking,property_blocking,C19,727,word10,0.008482365868985653,0.0037880470044910908,249.92269070759704,0.5310783982276917,19,5,261,37,0.0414673863807399,10
SHC024,650,property_blocking,property_blocking,C20,791,word5,0.010256347246468067,0.0018838554387912154,260.9582253874741,0.49075278639793396,5,19,161,238,0.03592343480853128,20
SHC024,650,property_blocking,property_blocking,C21,752,rrf_fill,0.008405410684645176,0.0037880470044910908,253.45868110842673,0.5400955677032471,22,8,227,13,0.04408395499863828,6
SHC024,650,property_blocking,property_blocking,C22,783,rrf_fill,0.007580022793263197,0.0002255679137306288,319.60413627954773,0.5373526215553284,26,227,15,22,0.04064068281878832,13
SHC024,650,property_blocking,property_blocking,C23,25,bm25|function,0.006380682811141014,0.0,373.98849014558766,0.5868111848831177,33,245,3,3,0.04577740844266492,3
SHC024,650,property_blocking,property_blocking,C24,707,word10,0.008675872348248959,0.0037880470044910908,262.3362438603711,0.5327014923095703,15,3,153,33,0.044653873059143395,5
SHC024,650,property_blocking,property_blocking,C25,9166,bm25,0.0011601221049204469,0.0,378.53155858930296,0.5004867315292358,1120,7130,2,163,0.021599876876333052,77
SHC025,1019,property_blocking,property_blocking,C01,1195,rrf_fill,0.21902601420879364,0.13244009017944336,453.3400495213033,0.6604615449905396,9,9,12,12,0.05676328502415459,11
SHC025,1019,property_blocking,property_blocking,C02,1372,rrf_fill,0.10706794261932373,0.05742500722408295,365.92057558478126,0.5948247313499451,28,31,23,24,0.0463056020284936,24
SHC025,1019,property_blocking,property_blocking,C03,1081,rrf_fill,0.2867494523525238,0.1924542933702469,479.94085991746334,0.686447262763977,6,8,9,10,0.05863586541335902,8
SHC025,1019,property_blocking,property_blocking,C04,1116,rrf_fill,0.12133116275072098,0.08391114324331284,344.81018511940306,0.5953435897827148,26,17,33,23,0.04741580090688452,23
SHC025,1019,property_blocking,property_blocking,C05,1260,rrf_fill,0.12361998856067657,0.06845228374004364,353.7472395729602,0.5813179612159729,22,22,29,37,0.04593547730913426,25
SHC025,1019,property_blocking,property_blocking,C06,1462,rrf_fill,0.12213222682476044,0.07699954509735107,363.1612049973806,0.5879079103469849,24,19,25,29,0.047563650691395884,21
SHC025,1019,property_blocking,property_blocking,C07,1200,bm25,0.20163461565971375,0.11785828322172165,505.1917911231776,0.6691280603408813,11,12,5,11,0.05744251835801131,10
SHC025,1019,property_blocking,property_blocking,C08,1069,rrf_fill,0.15061801671981812,0.10032223910093307,358.40578967619757,0.6960837244987488,15,13,27,8,0.05323209869682403,14
SHC025,1019,property_blocking,property_blocking,C09,1441,rrf_fill,0.1332443654537201,0.06449111551046371,429.03110803336676,0.6063641309738159,18,26,15,18,0.05060226595110316,18
SHC025,1019,property_blocking,property_blocking,C10,1460,rrf_fill,0.12382370978593826,0.07438833266496658,389.799875791201,0.5880519151687622,21,20,19,28,0.04886754322408331,20
SHC025,1019,property_blocking,property_blocking,C11,1037,function|word10|word5,0.3282586634159088,0.24755287170410156,504.0007008580361,0.7134485244750977,5,5,6,4,0.06154574592074592,5
SHC025,1019,property_blocking,property_blocking,C12,1352,rrf_fill,0.12846051156520844,0.06718309968709946,427.32694951015094,0.6195250153541565,20,23,16,16,0.05086398224476855,16
SHC025,1019,property_blocking,property_blocking,C13,1071,bm25|word10|word5,0.3740796446800232,0.2942664325237274,545.5483364234789,0.7071529626846313,4,4,4,6,0.06202651515151515,4
SHC025,1019,property_blocking,property_blocking,C14,1023,bm25|function|same_family_recent|word10|word5,0.577558696269989,0.49322089552879333,708.9360754110803,0.7630833387374878,1,1,1,1,0.06557377049180328,1
SHC025,1019,property_blocking,property_blocking,C15,1020,bm25|function|same_family_recent|word10|word5,0.38728100061416626,0.32726597785949707,580.0999717298232,0.7260540723800659,3,2,3,2,0.06400409626216078,2
SHC025,1019,property_blocking,property_blocking,C16,1290,rrf_fill,0.1379866898059845,0.07193829864263535,415.7012775753957,0.5985806584358215,16,21,17,21,0.05083626574854645,17
SHC025,1019,property_blocking,property_blocking,C17,1360,rrf_fill,0.12172236293554306,0.0656992644071579,382.78532038622205,0.5889647603034973,25,25,20,27,0.0475236646382691,22
SHC025,1019,property_blocking,property_blocking,C18,1104,rrf_fill,0.27889013290405273,0.2066132128238678,472.9166842639326,0.6936884522438049,7,6,10,9,0.0588553561947462,7
SHC025,1019,property_blocking,property_blocking,C19,1028,bm25|function|word10|word5,0.38740774989128113,0.30580663681030273,583.1987315081066,0.7186554074287415,2,3,2,3,0.06400409626216078,3
SHC025,1019,property_blocking,property_blocking,C20,1109,rrf_fill,0.27139270305633545,0.2043016254901886,497.396177867316,0.7012625932693481,8,7,7,7,0.05948200175592625,6
SHC025,1019,property_blocking,property_blocking,C21,1115,function,0.21283851563930511,0.12765343487262726,457.02936649115435,0.7130031585693359,10,10,11,5,0.058040550998297476,9
SHC025,1019,property_blocking,property_blocking,C22,1228,rrf_fill,0.15520940721035004,0.08676262199878693,439.89987332881515,0.6417520642280579,14,14,14,13,0.05423917067752684,13
SHC025,1019,property_blocking,property_blocking,C23,1321,rrf_fill,0.13750776648521423,0.08618722856044769,367.5069777132203,0.5858457088470459,17,16,22,33,0.04909271784711762,19
SHC025,1019,property_blocking,property_blocking,C24,1131,rrf_fill,0.18532201647758484,0.12435419112443924,489.4036599414333,0.6087871789932251,12,11,8,17,0.055666291271096575,12
SHC025,1019,property_blocking,property_blocking,C25,1224,rrf_fill,0.1318051517009735,0.08624668419361115,376.7642221483341,0.6024689674377441,19,15,21,19,0.05099546804188154,15
SHC026,5889,property_blocking,property_blocking,C01,1441,word10,0.04707994684576988,0.026475830003619194,180.3754664790881,0.610131025314331,7,5,43,16,0.053176621119863515,3
SHC026,5889,property_blocking,property_blocking,C02,6005,bm25|function,0.04321472346782684,0.019249673932790756,277.6459134636276,0.6806282997131348,10,12,3,2,0.06017665130568356,2
SHC026,5889,property_blocking,property_blocking,C03,1350,word10|word5,0.06462825834751129,0.028526755049824715,248.13493942095755,0.5298325419425964,2,3,6,223,0.05068713218718918,6
SHC026,5889,property_blocking,property_blocking,C04,1566,rrf_fill,0.03127186372876167,0.013617691583931446,242.7805833566426,0.5601857304573059,17,23,8,84,0.046685532555482946,16
SHC026,5889,property_blocking,property_blocking,C05,6173,bm25,0.02751881442964077,0.007873925380408764,253.81449009975006,0.5415101051330566,23,25,5,142,0.044148009087557616,20
SHC026,5889,property_blocking,property_blocking,C06,1611,rrf_fill,0.03879725933074951,0.017260674387216568,185.25955869510128,0.6036950349807739,14,14,33,26,0.04940762217581422,8
SHC026,5889,property_blocking,property_blocking,C07,1547,rrf_fill,0.027832239866256714,0.013617691583931446,186.62313511684772,0.5843324661254883,22,22,31,43,0.04508799275552768,18
SHC026,5889,property_blocking,property_blocking,C08,1502,rrf_fill,0.02376607246696949,0.013617691583931446,181.31412862561697,0.6044224500656128,29,20,41,25,0.045401651037542616,17
SHC026,5889,property_blocking,property_blocking,C09,1372,rrf_fill,0.04059845954179764,0.026164153590798378,171.36097399896897,0.5881166458129883,11,6,56,36,0.04827337851560776,9
SHC026,5889,property_blocking,property_blocking,C10,1352,rrf_fill,0.04670896381139755,0.022228052839636803,191.2162051619659,0.5711954832077026,8,8,26,58,0.04951424795381298,7
SHC026,5889,property_blocking,property_blocking,C11,1554,bm25|word10|word5,0.060746267437934875,0.02698052115738392,294.64110991767467,0.5441105365753174,3,4,2,131,0.052862650225321224,4
SHC026,5889,property_blocking,property_blocking,C12,1485,rrf_fill,0.029817616567015648,0.013617691583931446,177.10054923216924,0.6076220273971558,20,17,50,22,0.04677304402914159,15
SHC026,5889,property_blocking,property_blocking,C13,5959,bm25|function|word10|word5,0.3807341456413269,0.26909780502319336,539.997650631584,0.7062752842903137,1,1,1,1,0.06557377049180328,1
SHC026,5889,property_blocking,property_blocking,C14,1497,rrf_fill,0.028808169066905975,0.013617691583931446,182.12580322358917,0.6060636043548584,21,18,40,24,0.0470709537376204,14
SHC026,5889,property_blocking,property_blocking,C15,6158,word5,0.05705196410417557,0.021976828575134277,229.65958231821813,,4,11,12,,0.04359839593114241,21
SHC026,5889,property_blocking,property_blocking,C16,5891,bm25|same_family_recent,0.0250251367688179,0.005060570780187845,260.32646906419996,0.6123743057250977,25,31,4,14,0.05189223038487745,5
SHC026,5889,property_blocking,property_blocking,C17,1499,rrf_fill,0.023339485749602318,0.013617691583931446,184.17793785892582,0.6199324131011963,34,19,35,11,0.047907348552168896,12
SHC026,5889,property_blocking,property_blocking,C18,1462,rrf_fill,0.0382845364511013,0.022228052839636803,177.28314904901137,0.5430775284767151,15,9,49,136,0.04210243969945378,23
SHC026,5889,property_blocking,property_blocking,C19,19593,function,0.00279032695107162,0.0,67.78215638567531,0.6622859239578247,234,7994,2702,3,0.01976059480517146,90
SHC026,5889,property_blocking,property_blocking,C20,6050,rrf_fill,0.0261570755392313,0.005060570780187845,243.3978641892133,0.5889164805412292,24,32,7,35,0.04822601604595525,10
SHC026,5889,property_blocking,property_blocking,C21,1331,rrf_fill,0.04875056445598602,0.017652500420808792,195.653561450488,0.5562894344329834,6,13,22,91,0.04766778379601236,13
SHC026,5889,property_blocking,property_blocking,C22,6695,function,0.007737789768725634,0.0,115.8214021560429,0.658331036567688,94,3836,272,4,0.025387228197571214,73
SHC026,5889,property_blocking,property_blocking,C23,5899,function|same_family_recent,0.015165328979492188,0.0039319307543337345,183.82009974026244,0.6520007252693176,54,38,37,5,0.044669905192345316,19
SHC026,5889,property_blocking,property_blocking,C24,1360,word10|word5,0.05388714745640755,0.030308492481708527,195.2126172358369,0.5384261608123779,5,2,23,169,0.047928652640838475,11
SHC026,5889,property_blocking,property_blocking,C25,1460,rrf_fill,0.03923129290342331,0.025175178423523903,201.9557375806941,0.5022315979003906,13,7,17,591,0.043147114568619506,22
SHC027,1547,property_blocking,property_blocking,C01,6262,same_family_recent,0.016017470508813858,0.0,165.71247552932567,,72,2951,19,,0.020566101000079367,83
SHC027,1547,property_blocking,property_blocking,C02,1644,rrf_fill,0.33268576860427856,0.2439766228199005,260.9838540035233,0.6702887415885925,8,8,9,9,0.05839727195225916,8
SHC027,1547,property_blocking,property_blocking,C03,1573,bm25|function|word10|word5,0.4557960033416748,0.3292900025844574,322.10242447927783,0.6974301338195801,3,3,2,3,0.06374807987711213,2
SHC027,1547,property_blocking,property_blocking,C04,2208,rrf_fill,0.03945593535900116,0.00836963765323162,151.36603009496997,0.5705789923667908,32,38,24,40,0.04297840875480627,23
SHC027,1547,property_blocking,property_blocking,C05,1609,function|word10|word5,0.5283415913581848,0.4400676488876343,270.426426116209,0.7013105750083923,2,2,7,2,0.0633124699085219,3
SHC027,1547,property_blocking,property_blocking,C06,1602,rrf_fill,0.16498494148254395,0.084866963326931,189.32614246366327,0.6005761027336121,15,15,15,23,0.05204819277108434,16
SHC027,1547,property_blocking,property_blocking,C07,1875,rrf_fill,0.10098131000995636,0.04771561548113823,155.95684262697452,0.6385790109634399,18,18,22,15,0.051169480925578485,17
SHC027,1547,property_blocking,property_blocking,C08,6263,same_family_recent,0.009134087711572647,0.0,139.00354296471343,0.4680434763431549,207,2952,34,1503,0.01535541680200038,129
SHC027,1547,property_blocking,property_blocking,C09,2249,rrf_fill,0.05562160536646843,0.01599806547164917,125.7677782592543,0.6330645084381104,24,27,49,16,0.04573122144177273,21
SHC027,1547,property_blocking,property_blocking,C10,1696,rrf_fill,0.2310701608657837,0.1187521442770958,222.0590851900016,0.6662033796310425,11,11,10,10,0.05674044265593561,11
SHC027,1547,property_blocking,property_blocking,C11,1554,bm25|word10|word5,0.4340628683567047,0.3285401463508606,310.3643637599426,0.6835553646087646,4,4,3,6,0.062274531024531024,4
SHC027,1547,property_blocking,property_blocking,C12,1611,bm25|function|word5,0.42639198899269104,0.2984115779399872,302.84026477596836,0.6914193034172058,5,6,4,4,0.06178613053613054,5
SHC027,1547,property_blocking,property_blocking,C13,1831,rrf_fill,0.056777555495500565,0.026685930788517,151.42113348161357,0.5974406599998474,23,19,23,24,0.048659375295031844,18
SHC027,1547,property_blocking,property_blocking,C14,2214,rrf_fill,0.05787801370024681,0.00836963765323162,166.43577808607768,0.5614898800849915,22,39,18,54,0.04388857469730384,22
SHC027,1547,property_blocking,property_blocking,C15,1694,rrf_fill,0.2761123478412628,0.15837208926677704,220.9103549165096,0.6747229695320129,9,9,12,8,0.057580278488206876,10
SHC027,1547,property_blocking,property_blocking,C16,1695,function,0.26817455887794495,0.15154746174812317,222.057072671474,0.6908511519432068,10,10,11,5,0.058040550998297476,9
SHC027,1547,property_blocking,property_blocking,C17,1784,rrf_fill,0.19607038795948029,0.1054397001862526,216.25574369818037,0.619658887386322,13,13,13,19,0.053754118259060166,14
SHC027,1547,property_blocking,property_blocking,C18,1806,rrf_fill,0.16237786412239075,0.08911017328500748,175.19283228119593,0.6610349416732788,16,14,16,12,0.05371819187608661,15
SHC027,1547,property_blocking,property_blocking,C19,1640,rrf_fill,0.35573336482048035,0.26809239387512207,261.6757995673684,0.6790192127227783,7,7,8,7,0.05948200175592625,7
SHC027,1547,property_blocking,property_blocking,C20,1618,bm25,0.22535297274589539,0.1167435422539711,275.8753692467761,0.6423755884170532,12,12,5,14,0.056675906675906676,12
SHC027,1547,property_blocking,property_blocking,C21,1566,bm25|function|word10|word5,0.5672906041145325,0.4863434433937073,369.72168990942373,0.76285320520401,1,1,1,1,0.06557377049180328,1
SHC027,1547,property_blocking,property_blocking,C22,1684,rrf_fill,0.11775162816047668,0.026568252593278885,169.2051589362894,0.5543070435523987,17,20,17,71,0.04610761376028552,20
SHC027,1547,property_blocking,property_blocking,C23,1697,rrf_fill,0.0981421023607254,0.055312078446149826,135.08201575959512,0.6250520348548889,19,17,40,17,0.04863225382212724,19
SHC027,1547,property_blocking,property_blocking,C24,1876,rrf_fill,0.1769295185804367,0.07739068567752838,205.178790010007,0.6505946516990662,14,16,14,13,0.053883551900855434,13
SHC027,1547,property_blocking,property_blocking,C25,1588,word10,0.38962191343307495,0.3016320466995239,272.4362802818748,0.6642300486564636,6,5,6,11,0.05977215272989921,6
SHC028,6742,property_blocking,property_blocking,C01,3864,function,0.0,0.0,56.90303056992206,0.6241142153739929,2190,1883,4349,5,0.016570536668356048,71
SHC028,6742,property_blocking,property_blocking,C02,2138,function|same_family_recent,0.0009100353345274925,0.0,175.43791024335488,0.6456106305122375,74,214,166,1,0.0319305429876733,7
SHC028,6742,property_blocking,property_blocking,C03,7722,bm25,0.0,0.0,255.62139758321047,,3434,3334,1,,0.01697428514143271,65
SHC028,6742,property_blocking,property_blocking,C04,29,word10,0.0,0.0,98.85270603743564,,486,4,2250,,0.017889402264402263,44
SHC028,6742,property_blocking,property_blocking,C05,8302,bm25,0.0007341123418882489,0.0,233.48698095189533,,125,3824,4,,0.02128787193475659,23
SHC028,6742,property_blocking,property_blocking,C06,7247,function,0.0,0.0,126.95449205543562,0.630865216255188,3026,2913,1098,4,0.017148962506910226,60
SHC028,6742,property_blocking,property_blocking,C07,2139,word5,0.002422101330012083,0.0,186.1734064563427,0.4625551104545593,5,215,100,846,0.02637473178036092,13
SHC028,6742,property_blocking,property_blocking,C08,6815,rrf_fill,0.0015310433227568865,0.0,213.223256483077,,16,2571,12,,0.02742686724412704,12
SHC028,6742,property_blocking,property_blocking,C09,1929,rrf_fill,0.0008718845783732831,0.0,150.2713950113982,0.4592682719230652,77,7,490,893,0.025092142968839708,14
SHC028,6742,property_blocking,property_blocking,C10,1927,word10,0.0,0.0,118.32572056535221,0.4694640040397644,487,5,1404,763,0.019110895887480033,38
SHC028,6742,property_blocking,property_blocking,C11,2142,rrf_fill,0.002422101330012083,0.0,210.8914018286033,0.4719485640525818,8,218,17,733,0.03255105169003173,5
SHC028,6742,property_blocking,property_blocking,C12,7025,word5,0.0030626903753727674,0.0,216.15746039860628,0.3820284605026245,2,2740,9,2343,0.031395075221957995,8
SHC028,6742,property_blocking,property_blocking,C13,6957,bm25,0.0020388211123645306,0.0,247.97562100875803,0.6025533676147461,10,2686,3,22,0.042718018169672904,1
SHC028,6742,property_blocking,property_blocking,C14,6950,bm25,0.0017439189832657576,0.0,232.96435207268786,0.38262391090393066,14,2679,5,2330,0.029681635690608825,9
SHC028,6742,property_blocking,property_blocking,C15,27,word10,0.00037422135937958956,0.0,36.0015759141289,0.36047399044036865,390,2,5148,2812,0.018891456184115002,42
SHC028,6742,property_blocking,property_blocking,C16,28,word10,0.0,0.0,91.45249803229828,0.4550520181655884,485,3,2615,951,0.01907082971751961,40
SHC028,6742,property_blocking,property_blocking,C17,2208,same_family_recent,0.00032148108584806323,0.0,169.6581279729566,0.5022619962692261,443,283,214,488,0.010377976020364797,276
SHC028,6742,property_blocking,property_blocking,C18,2124,rrf_fill,0.0020238382276147604,0.0,202.3089693566332,0.5611230731010437,11,200,33,156,0.03331297869008001,3
SHC028,6742,property_blocking,property_blocking,C19,11559,word10|word5,0.0026884612161666155,0.0007940588984638453,75.30272681822298,0.5612316131591797,3,1,3426,153,0.03724815590936273,2
SHC028,6742,property_blocking,property_blocking,C20,3249,function,0.0,0.0,61.26263390889198,0.6421597599983215,1669,1292,4144,2,0.01768491492437989,50
SHC028,6742,property_blocking,property_blocking,C21,2140,rrf_fill,0.002422101330012083,0.0,197.72094904691073,0.4587080180644989,6,216,53,901,0.02866484380576289,10
SHC028,6742,property_blocking,property_blocking,C22,6971,bm25|word5,0.0030626903753727674,0.0,248.4462483241392,0.33907538652420044,1,2697,2,3191,0.033192785637215796,4
SHC028,6742,property_blocking,property_blocking,C23,2141,rrf_fill,0.002422101330012083,0.0,210.7933227086817,0.47392764687538147,7,217,19,710,0.03249241058438002,6
SHC028,6742,property_blocking,property_blocking,C24,4375,function,0.0,0.0,51.65395639361424,0.6358526945114136,2646,2379,4646,3,0.016865063810726638,67
SHC028,6742,property_blocking,property_blocking,C25,2137,word5,0.002422101330012083,0.0,195.69086721666693,0.4157973527908325,4,213,60,1559,0.028239002221784805,11
SHC029,380,property_blocking,property_blocking,C01,813,rrf_fill,0.4652034640312195,0.3236023485660553,408.9375654891371,0.7575275897979736,20,27,33,8,0.04945282339854741,16
SHC029,380,property_blocking,property_blocking,C02,846,rrf_fill,0.4680018723011017,0.3380875587463379,433.48447741546966,0.7434265613555908,16,17,9,19,0.05329588919514476,9
SHC029,380,property_blocking,property_blocking,C03,543,rrf_fill,0.4741150140762329,0.3469829261302948,403.56175997583495,0.7180861234664917,14,11,39,50,0.04678993974768623,22
SHC029,380,property_blocking,property_blocking,C04,470,word10|word5,0.5728772878646851,0.47137966752052307,410.15608827090267,0.737223207950592,2,2,32,26,0.05475553671026452,7
SHC029,380,property_blocking,property_blocking,C05,569,rrf_fill,0.5024937987327576,0.3839152157306671,431.3994581786078,0.7168324589729309,7,6,12,51,0.05297478618374141,10
SHC029,380,property_blocking,property_blocking,C06,517,rrf_fill,0.5102154016494751,0.37293121218681335,396.2291835417755,0.734581708908081,6,7,51,29,0.050321852351032294,15
SHC029,380,property_blocking,property_blocking,C07,758,function,0.4621680676937103,0.3326728940010071,440.08651412930857,0.7606859803199768,23,22,6,5,0.05477944525843439,6
SHC029,380,property_blocking,property_blocking,C08,525,rrf_fill,0.49103543162345886,0.3683960437774658,365.0696098041619,0.7305837273597717,8,8,63,34,0.04818014387903578,19
SHC029,380,property_blocking,property_blocking,C09,386,function|word10|word5,0.5629863739013672,0.43132132291793823,430.45440574480455,0.767859697341919,3,4,13,2,0.06132567826806669,1
SHC029,380,property_blocking,property_blocking,C10,381,same_family_recent|word10|word5,0.5545200109481812,0.4167915880680084,432.7729870170045,0.7414591312408447,5,5,11,23,0.05690193058256863,4
SHC029,380,property_blocking,property_blocking,C11,568,rrf_fill,0.46982261538505554,0.3467516005039215,415.6077943686965,0.7299445867538452,15,12,27,36,0.04913314176245211,17
SHC029,380,property_blocking,property_blocking,C12,752,rrf_fill,0.46616798639297485,0.3421378433704376,384.2796663187762,0.7466428279876709,18,13,56,17,0.048126845599684526,20
SHC029,380,property_blocking,property_blocking,C13,837,bm25,0.46769604086875916,0.32335808873176575,449.5584339866707,0.7305328249931335,17,28,1,35,0.05127040776307386,13
SHC029,380,property_blocking,property_blocking,C14,759,rrf_fill,0.46119600534439087,0.3397434949874878,420.2903545374761,0.7598347067832947,24,16,22,6,0.05240929374433867,12
SHC029,380,property_blocking,property_blocking,C15,405,function|word10|word5,0.5547542572021484,0.44828230142593384,415.62576376968116,0.7673499584197998,4,3,25,3,0.059135737628384685,2
SHC029,380,property_blocking,property_blocking,C16,734,bm25,0.45672571659088135,0.3178291618824005,448.23563079025433,0.6603173017501831,30,34,2,70,0.04557074893382375,28
SHC029,380,property_blocking,property_blocking,C17,548,rrf_fill,0.4766837954521179,0.34026187658309937,399.0576263555218,0.731257438659668,11,14,44,33,0.04796609334319466,21
SHC029,380,property_blocking,property_blocking,C18,537,rrf_fill,0.47905343770980835,0.3598143756389618,397.6985616124481,0.7507943511009216,9,9,46,11,0.05250397655278127,11
SHC029,380,property_blocking,property_blocking,C19,808,bm25,0.45668622851371765,0.31547167897224426,448.0810081603935,0.7080674171447754,31,35,3,56,0.046009032306672956,26
SHC029,380,property_blocking,property_blocking,C20,4680,same_family_recent,0.006667208392173052,0.0,114.78206389240705,0.4889785051345825,608,4190,1191,904,0.0035690050156019872,944
SHC029,380,property_blocking,property_blocking,C21,697,rrf_fill,0.47560733556747437,0.3327717185020447,428.8393300116857,0.7351049780845642,13,21,15,28,0.050741278846301675,14
SHC029,380,property_blocking,property_blocking,C22,707,rrf_fill,0.46228620409965515,0.3397434949874878,408.6585151282082,0.7422674894332886,22,15,34,21,0.04851243216923895,18
SHC029,380,property_blocking,property_blocking,C23,820,function,0.47679421305656433,0.33417969942092896,419.876574978153,0.761741042137146,10,20,23,4,0.05445890705679862,8
SHC029,380,property_blocking,property_blocking,C24,395,bm25|word10|word5,0.6066524386405945,0.49747273325920105,442.4877287644452,0.7208044528961182,1,1,4,48,0.0576711445051609,3
SHC029,380,property_blocking,property_blocking,C25,756,bm25|function,0.4586634635925293,0.33040833473205566,440.61960433536814,0.7705472707748413,27,23,5,1,0.05532050365221376,5
SHC030,592,property_blocking,property_blocking,C01,797,word10|word5,0.43964913487434387,0.29313167929649353,306.86866430226803,0.5946100950241089,3,5,55,104,0.046050844407154054,30
SHC030,592,property_blocking,property_blocking,C02,883,rrf_fill,0.3938470482826233,0.2732844650745392,335.80496661567577,0.70880126953125,18,10,35,12,0.05152143178458968,14
SHC030,592,property_blocking,property_blocking,C03,800,rrf_fill,0.38472285866737366,0.25722867250442505,331.91024398384985,0.7020447850227356,24,19,39,16,0.047821894590715376,20
SHC030,592,property_blocking,property_blocking,C04,602,same_family_recent,0.38380876183509827,0.26541584730148315,334.51709233133965,0.6999561190605164,25,16,37,19,0.04789010681781178,19
SHC030,592,property_blocking,property_blocking,C05,727,word10|word5,0.4427981376647949,0.3063800632953644,370.91330946857744,0.6159284710884094,2,2,6,88,0.05416633642440094,6
SHC030,592,property_blocking,property_blocking,C06,837,rrf_fill,0.41335803270339966,0.267166405916214,364.7970245987929,0.6734147667884827,11,14,10,41,0.051784724940491224,13
SHC030,592,property_blocking,property_blocking,C07,758,bm25|word5,0.4268803000450134,0.2872794270515442,373.31972009611593,0.6850481629371643,5,7,4,35,0.05646130430841743,4
SHC030,592,property_blocking,property_blocking,C08,820,function,0.42634642124176025,0.2925100028514862,363.60068791831515,0.7338714003562927,6,6,11,1,0.060780979968234644,1
SHC030,592,property_blocking,property_blocking,C09,813,rrf_fill,0.4216185510158539,0.2554610073566437,351.50192463508114,0.6963143944740295,7,20,18,23,0.052294078725925515,10
SHC030,592,property_blocking,property_blocking,C10,845,rrf_fill,0.3884323239326477,0.26822376251220703,343.1570667090683,0.6885529160499573,21,13,29,30,0.04839137531662287,18
SHC030,592,property_blocking,property_blocking,C11,978,function,0.3385307788848877,0.2105991393327713,342.5562432071421,0.724696159362793,40,36,31,4,0.04703067765567766,26
SHC030,592,property_blocking,property_blocking,C12,866,word10|word5,0.4269895553588867,0.2949667274951935,346.2262096180596,0.6876314282417297,4,4,25,31,0.05400371687136393,7
SHC030,592,property_blocking,property_blocking,C13,811,bm25,0.4060707986354828,0.2643924355506897,371.28046804484774,,16,17,5,,0.04152952310847048,41
SHC030,592,property_blocking,property_blocking,C14,955,bm25|function,0.36245158314704895,0.2055625468492508,377.49702573611205,0.7263463139533997,33,40,2,3,0.0527547363031234,8
SHC030,592,property_blocking,property_blocking,C15,847,rrf_fill,0.39355626702308655,0.2529936134815216,362.6584059938567,0.68711918592453,19,26,12,32,0.04904458893112564,17
SHC030,592,property_blocking,property_blocking,C16,9098,same_family_recent,0.014648444950580597,0.0033809910528361797,103.07019188495131,0.4745665490627289,198,184,1075,1771,0.009401536561710964,230
SHC030,592,property_blocking,property_blocking,C17,697,rrf_fill,0.4205773174762726,0.2695886194705963,350.64315257308385,0.6906377673149109,8,12,20,29,0.05233072629800984,9
SHC030,592,property_blocking,property_blocking,C18,609,word10,0.41072383522987366,0.2976871430873871,349.05641040546317,0.6749833226203918,13,3,21,39,0.052018335123357955,12
SHC030,592,property_blocking,property_blocking,C19,1109,function,0.32226788997650146,0.18517673015594482,353.29865383145653,0.7148873805999756,47,48,17,5,0.046976682023410994,27
SHC030,592,property_blocking,property_blocking,C20,868,rrf_fill,0.3868829607963562,0.2538759112358093,344.26910273456076,0.7114797234535217,23,25,28,10,0.049462249302787926,16
SHC030,592,property_blocking,property_blocking,C21,756,rrf_fill,0.4190931022167206,0.28588274121284485,367.2531150486975,0.6962345242500305,9,8,9,24,0.05559615150407989,5
SHC030,592,property_blocking,property_blocking,C22,846,bm25|function,0.41321268677711487,0.26554858684539795,373.3336478592751,0.7316089272499084,12,15,3,2,0.05922427035330261,3
SHC030,592,property_blocking,property_blocking,C23,611,bm25|word10|word5,0.6659616231918335,0.5815936326980591,518.1707046979316,0.6854622960090637,1,1,1,34,0.059818625741192885,2
SHC030,592,property_blocking,property_blocking,C24,734,rrf_fill,0.4165542721748352,0.2791896462440491,368.2998672426221,0.6510767340660095,10,9,8,54,0.052256280086405274,11
SHC030,592,property_blocking,property_blocking,C25,838,rrf_fill,0.38837435841560364,0.2586718797683716,350.74724249372537,0.7071693539619446,22,18,19,14,0.05118737613334711,15
SHC031,4657,property_blocking,property_blocking,C01,5171,rrf_fill,0.19464750587940216,0.13205860555171967,194.73254328852195,0.6185147166252136,7,7,12,18,0.056560147978058424,3
SHC031,4657,property_blocking,property_blocking,C02,5460,function,0.06876048445701599,0.013056697323918343,141.54717060585202,0.6922776103019714,101,148,103,1,0.0335472843800201,54
SHC031,4657,property_blocking,property_blocking,C03,609,rrf_fill,0.1849338561296463,0.11722816526889801,172.0420193602566,0.5686849355697632,9,9,32,152,0.04457205359584359,15
SHC031,4657,property_blocking,property_blocking,C04,5143,rrf_fill,0.16281737387180328,0.08605653047561646,198.3261243895712,0.5769659876823425,16,35,10,123,0.043434405686347016,18
SHC031,4657,property_blocking,property_blocking,C05,5422,function,0.07611526548862457,0.021948788315057755,126.15432620702153,0.6618268489837646,92,102,139,4,0.033401912502734596,56
SHC031,4657,property_blocking,property_blocking,C06,5146,rrf_fill,0.17409442365169525,0.10530775785446167,198.95958544116343,0.6021406650543213,11,14,9,43,0.05179951204303311,6
SHC031,4657,property_blocking,property_blocking,C07,5059,bm25|function|word10|word5,0.2196248173713684,0.15141238272190094,231.0276556628404,0.6735801100730896,5,4,3,2,0.06301166351569577,1
SHC031,4657,property_blocking,property_blocking,C08,4840,rrf_fill,0.15818913280963898,0.0936131477355957,190.34880241456685,0.580507218837738,19,21,16,109,0.04407896136060266,17
SHC031,4657,property_blocking,property_blocking,C09,1360,rrf_fill,0.15510042011737823,0.09657873958349228,181.07594888712336,0.5812889933586121,21,19,22,105,0.043259634872272516,19
SHC031,4657,property_blocking,property_blocking,C10,837,word10|word5,0.2368905246257782,0.1583331823348999,209.35312006183608,0.5861808657646179,2,3,6,89,0.05386497267856869,4
SHC031,4657,property_blocking,property_blocking,C11,525,rrf_fill,0.14362198114395142,0.11162275820970535,161.06542157010486,0.6090090870857239,28,10,51,30,0.04576947076947077,14
SHC031,4657,property_blocking,property_blocking,C12,697,word10|word5,0.23586849868297577,0.17859899997711182,197.13697006518433,0.5835132002830505,4,2,11,99,0.052127847476418666,5
SHC031,4657,property_blocking,property_blocking,C13,734,bm25|word10|word5,0.3533056974411011,0.26861152052879333,276.0448210742159,0.6261914372444153,1,1,2,13,0.06261454764095245,2
SHC031,4657,property_blocking,property_blocking,C14,373,rrf_fill,0.1551864743232727,0.08858273178339005,188.33592817052076,0.6109106540679932,20,28,18,27,0.0481784020577124,12
SHC031,4657,property_blocking,property_blocking,C15,4895,rrf_fill,0.16663677990436554,0.1105780303478241,191.37333285092694,0.600408136844635,15,11,15,47,0.050096968101443554,10
SHC031,4657,property_blocking,property_blocking,C16,756,bm25|word10,0.19135595858097076,0.14897650480270386,217.43551820291688,0.5779510736465454,8,5,5,118,0.05109309065026184,8
SHC031,4657,property_blocking,property_blocking,C17,5060,bm25,0.18077650666236877,0.1039627268910408,222.291367096432,0.5965878367424011,10,15,4,57,0.05179105616605617,7
SHC031,4657,property_blocking,property_blocking,C18,4721,function,0.03051728568971157,0.003605914767831564,85.65807116322011,0.6694310307502747,194,337,287,3,0.02521075981509251,98
SHC031,4657,property_blocking,property_blocking,C19,355,same_family_recent,0.042172621935606,0.016402870416641235,129.8078377613864,0.5926718711853027,149,130,129,68,0.023151352180957444,118
SHC031,4657,property_blocking,property_blocking,C20,4659,same_family_recent,0.03214063122868538,0.01446424052119255,96.41989913460824,0.5958709716796875,185,141,238,60,0.020745795062490587,137
SHC031,4657,property_blocking,property_blocking,C21,4741,rrf_fill,0.15160727500915527,0.09676633030176163,190.23979897312609,0.5849706530570984,22,18,17,95,0.044454260661971126,16
SHC031,4657,property_blocking,property_blocking,C22,5149,function,0.07950123399496078,0.03515871614217758,140.20999669417202,0.6529168486595154,89,83,108,5,0.03504141272597648,46
SHC031,4657,property_blocking,property_blocking,C23,4712,rrf_fill,0.1961042284965515,0.11962011456489563,183.46115016755408,0.5860611796379089,6,8,20,91,0.04897991406074772,11
SHC031,4657,property_blocking,property_blocking,C24,4981,rrf_fill,0.16983695328235626,0.10532357543706894,176.40454080382744,0.5922644138336182,12,13,29,70,0.046515781774362656,13
SHC031,4657,property_blocking,property_blocking,C25,5014,bm25|word5,0.23633110523223877,0.14089933037757874,297.68132500862794,0.5490209460258484,3,6,1,217,0.05102808195073094,9
SHC032,4680,property_blocking,property_blocking,C01,386,same_family_recent,0.10117541253566742,0.039937350898981094,113.11716879888507,0.6197788119316101,32,23,22,143,0.04003898831407939,32
SHC032,4680,property_blocking,property_blocking,C02,4721,function,0.09218449890613556,0.03191954642534256,84.82423672873101,0.7662765979766846,39,44,125,4,0.040746800121800125,29
SHC032,4680,property_blocking,property_blocking,C03,4981,rrf_fill,0.13986395299434662,0.05935458093881607,134.08414201916054,0.6579213738441467,8,7,7,67,0.05243064436962939,10
SHC032,4680,property_blocking,property_blocking,C04,4698,word10,0.11788543313741684,0.06627942621707916,123.83218897400134,0.6386522650718689,17,5,12,103,0.04839548658567064,13
SHC032,4680,property_blocking,property_blocking,C05,5149,rrf_fill,0.11521576344966888,0.03478362783789635,102.94366348495957,0.7303414344787598,19,37,32,23,0.04588526418709237,18
SHC032,4680,property_blocking,property_blocking,C06,4809,function,0.09895925223827362,0.04709706827998161,81.4574659092621,0.7687399983406067,34,18,152,3,0.044048807697944586,25
SHC032,4680,property_blocking,property_blocking,C07,5060,word10|word5,0.15118393301963806,0.06799570471048355,114.05373644399035,0.711272656917572,5,4,21,27,0.05484954727052428,7
SHC032,4680,property_blocking,property_blocking,C08,5146,rrf_fill,0.1342456340789795,0.04004363715648651,128.91123413004337,0.759732186794281,9,22,9,9,0.05567338282078473,6
SHC032,4680,property_blocking,property_blocking,C09,4715,rrf_fill,0.11989755928516388,0.06342442333698273,95.31644160247811,0.682583749294281,15,6,57,39,0.047132867132867136,16
SHC032,4680,property_blocking,property_blocking,C10,4739,function,0.06754199415445328,0.013048816472291946,76.55664613085324,0.7703145146369934,67,196,195,2,0.03183086663354699,53
SHC032,4680,property_blocking,property_blocking,C11,4693,bm25,0.11214788258075714,0.05241945758461952,137.75434164409532,0.7410228848457336,21,13,4,18,0.054489821969844796,8
SHC032,4680,property_blocking,property_blocking,C12,5171,function,0.1495390683412552,0.055413562804460526,118.95700091023399,0.7653568387031555,7,12,14,5,0.05771239092134615,4
SHC032,4680,property_blocking,property_blocking,C13,5010,rrf_fill,0.1318780481815338,0.05606610327959061,125.74386675310137,0.635185956954956,10,9,10,111,0.04891213541099124,12
SHC032,4680,property_blocking,property_blocking,C14,4712,bm25|word10|word5,0.177437424659729,0.1011127233505249,134.62831944754336,0.7024893760681152,2,2,5,29,0.05887863495692419,2
SHC032,4680,property_blocking,property_blocking,C15,5079,word5,0.15265844762325287,0.05870204418897629,116.0392479639581,0.7448148727416992,3,8,19,15,0.05657045940739165,5
SHC032,4680,property_blocking,property_blocking,C16,4692,bm25,0.08519619703292847,0.022479919716715813,145.8689439821275,0.412250280380249,52,100,2,6498,0.031460089200512124,55
SHC032,4680,property_blocking,property_blocking,C17,4946,rrf_fill,0.12948717176914215,0.03902776166796684,119.91927254383997,0.6635846495628357,12,24,13,59,0.047895642275174906,14
SHC032,4680,property_blocking,property_blocking,C18,5055,rrf_fill,0.13159282505512238,0.05111098662018776,116.33137039528629,0.7023167014122009,11,16,18,30,0.05117402571071956,11
SHC032,4680,property_blocking,property_blocking,C19,5013,rrf_fill,0.14963655173778534,0.05606610327959061,123.8435181787391,0.6906022429466248,6,10,11,36,0.05393840314614962,9
SHC032,4680,property_blocking,property_blocking,C20,5004,rrf_fill,0.11469002813100815,0.03687466308474541,93.3503561624674,0.7637007236480713,20,32,64,6,0.04658559649793871,17
SHC032,4680,property_blocking,property_blocking,C21,4688,bm25|same_family_recent|word10|word5,0.27338752150535583,0.16366885602474213,192.96292990088284,0.6993504166603088,1,1,1,33,0.05993301604089547,1
SHC032,4680,property_blocking,property_blocking,C22,5059,word10|word5,0.15118393301963806,0.06799570471048355,117.38829460799481,0.7503263354301453,4,3,16,13,0.05835454074684428,3
SHC032,4680,property_blocking,property_blocking,C23,4747,bm25,0.08893301337957382,0.022479919716715813,144.29746067319235,0.45158863067626953,47,114,3,4935,0.031166136902521045,58
SHC032,4680,property_blocking,property_blocking,C24,5143,rrf_fill,0.12086062133312225,0.035741060972213745,117.29672353685481,0.6916346549987793,14,33,17,35,0.047779530462043196,15
SHC032,4680,property_blocking,property_blocking,C25,5356,function,0.10700583457946777,0.034646790474653244,84.91465809581055,0.7907570004463196,25,38,124,1,0.04379701274665247,26
SHC033,351,property_blocking,property_blocking,C01,609,rrf_fill,0.3130054175853729,0.15424159169197083,322.8134276816218,0.6361632347106934,14,22,28,56,0.04569296148354181,21
SHC033,351,property_blocking,property_blocking,C02,373,rrf_fill,0.33628857135772705,0.21827270090579987,299.22550477969435,0.6709057688713074,10,8,61,13,0.05095468958555912,9
SHC033,351,property_blocking,property_blocking,C03,353,bm25|function|same_family_recent|word10|word5,0.5421167612075806,0.43330681324005127,505.1547965676056,0.724216639995575,1,1,1,1,0.06557377049180328,1
SHC033,351,property_blocking,property_blocking,C04,1224,function,0.1562567949295044,0.05938952788710594,270.62433352015057,0.6891019344329834,99,100,101,3,0.034623504173340106,60
SHC033,351,property_blocking,property_blocking,C05,734,bm25|word10|word5,0.3825699985027313,0.23692677915096283,381.74056532896026,0.6758968830108643,5,5,3,11,0.060726753684500166,3
SHC033,351,property_blocking,property_blocking,C06,387,rrf_fill,0.31440791487693787,0.2137802243232727,320.53994299030626,0.6277194619178772,13,9,30,72,0.0468782524470434,16
SHC033,351,property_blocking,property_blocking,C07,405,rrf_fill,0.2975594103336334,0.18219606578350067,317.0595812713854,0.637748658657074,18,16,33,54,0.04550302555395934,22
SHC033,351,property_blocking,property_blocking,C08,381,rrf_fill,0.352507084608078,0.22492797672748566,339.1440820071714,0.610855221748352,7,7,15,110,0.04906643254316652,12
SHC033,351,property_blocking,property_blocking,C09,395,word10|word5,0.4247327446937561,0.2961573302745819,352.11852464193106,0.6343501806259155,3,3,10,60,0.054365079365079366,6
SHC033,351,property_blocking,property_blocking,C10,1360,rrf_fill,0.23876526951789856,0.0911894142627716,352.5798559853543,0.6808304190635681,47,81,9,7,0.04585611973160041,20
SHC033,351,property_blocking,property_blocking,C11,820,rrf_fill,0.2773062288761139,0.1495634764432907,327.03709454986307,0.6531221270561218,23,23,21,30,0.04755317566562547,14
SHC033,351,property_blocking,property_blocking,C12,697,word10|word5,0.41944029927253723,0.2688826024532318,369.78752041963645,0.6542266607284546,4,4,6,29,0.05763747020769493,4
SHC033,351,property_blocking,property_blocking,C13,517,rrf_fill,0.333196759223938,0.1901121586561203,322.84526787299495,0.630761981010437,11,13,27,64,0.0473419061818353,15
SHC033,351,property_blocking,property_blocking,C14,354,bm25|function|same_family_recent|word10|word5,0.47729480266571045,0.33982643485069275,381.2469336178172,0.692136287689209,2,2,4,2,0.06401209677419355,2
SHC033,351,property_blocking,property_blocking,C15,756,rrf_fill,0.3036186695098877,0.18801379203796387,338.3138391680453,0.6612845063209534,16,14,16,20,0.05232930298719772,7
SHC033,351,property_blocking,property_blocking,C16,380,bm25,0.35161373019218445,0.23213732242584229,392.0709516197072,0.6099258661270142,8,6,2,111,0.051834382978895116,8
SHC033,351,property_blocking,property_blocking,C17,470,rrf_fill,0.3441629409790039,0.21015401184558868,325.3047751998127,0.6479559540748596,9,11,24,40,0.05048202257020383,10
SHC033,351,property_blocking,property_blocking,C18,569,rrf_fill,0.307171106338501,0.18260778486728668,347.0423365989461,0.584545373916626,15,15,13,137,0.04544143893563266,23
SHC033,351,property_blocking,property_blocking,C19,849,function,0.21647009253501892,0.10527855157852173,347.2409829820184,0.6876281499862671,68,70,12,4,0.04501869658119658,24
SHC033,351,property_blocking,property_blocking,C20,386,rrf_fill,0.31964588165283203,0.20859870314598083,310.69073059591784,0.6516094207763672,12,12,41,33,0.04843145604883069,13
SHC033,351,property_blocking,property_blocking,C21,592,rrf_fill,0.26731011271476746,0.1388370841741562,364.4577867502197,0.6410452127456665,25,33,7,48,0.04670202644798357,17
SHC033,351,property_blocking,property_blocking,C22,758,rrf_fill,0.2854163646697998,0.16587714850902557,329.72775366059153,0.635707437992096,20,18,19,58,0.046453316939800524,18
SHC033,351,property_blocking,property_blocking,C23,1109,function,0.24344946444034576,0.12215700000524521,335.65679886749956,0.6865900158882141,44,58,18,5,0.046295089091699264,19
SHC033,351,property_blocking,property_blocking,C24,548,rrf_fill,0.29809391498565674,0.15856200456619263,328.7993803286643,0.6544466018676758,17,19,20,28,0.04950887719875062,11
SHC033,351,property_blocking,property_blocking,C25,837,bm25,0.35739096999168396,0.21222645044326782,378.3568115972924,0.6520213484764099,6,10,5,32,0.055691410039236125,5
SHC034,981,property_blocking,property_blocking,C01,1071,rrf_fill,0.4820241630077362,0.3579479455947876,471.7727445618666,0.715384304523468,9,7,10,14,0.057217354556744565,10
SHC034,981,property_blocking,property_blocking,C02,1116,rrf_fill,0.22992819547653198,0.16067801415920258,371.95118612498186,0.60286545753479,20,18,22,52,0.04644420620030376,23
SHC034,981,property_blocking,property_blocking,C03,1028,bm25|word10|word5,0.5479189157485962,0.43372854590415955,531.7152399685311,0.7414452433586121,1,1,1,7,0.06410570100318082,1
SHC034,981,property_blocking,property_blocking,C04,1131,rrf_fill,0.2829780876636505,0.1835726946592331,456.07395706013625,0.6710155606269836,16,16,13,20,0.05251441961067051,16
SHC034,981,property_blocking,property_blocking,C05,1019,word10|word5,0.5204182863235474,0.37103748321533203,483.12359186553084,0.7303109169006348,3,4,7,9,0.06091614263053263,5
SHC034,981,property_blocking,property_blocking,C06,1037,function|word10,0.4993424713611603,0.4010413587093353,467.48013633609685,0.7587829232215881,6,2,11,2,0.061494086709897706,3
SHC034,981,property_blocking,property_blocking,C07,1360,rrf_fill,0.17520219087600708,0.09060095250606537,350.8906526647654,0.652334451675415,29,31,24,24,0.046034489854714575,24
SHC034,981,property_blocking,property_blocking,C08,1195,rrf_fill,0.4132271707057953,0.2610328197479248,455.87100149739854,0.7249309420585632,12,13,14,11,0.055185539581642226,13
SHC034,981,property_blocking,property_blocking,C09,1200,rrf_fill,0.346210241317749,0.22081047296524048,475.6216656204279,0.7048546671867371,14,14,8,15,0.05506624271330154,14
SHC034,981,property_blocking,property_blocking,C10,1020,bm25|word5,0.5043238401412964,0.3586808443069458,523.474430021289,0.7211256623268127,4,6,2,13,0.06060417754656597,7
SHC034,981,property_blocking,property_blocking,C11,1115,rrf_fill,0.3150660991668701,0.1882224678993225,401.47030723299054,0.7445698380470276,15,15,17,6,0.05480519480519481,15
SHC034,981,property_blocking,property_blocking,C12,1441,rrf_fill,0.20021089911460876,0.09396152943372726,396.50460925036407,0.6778461933135986,22,30,18,17,0.04911375886985643,19
SHC034,981,property_blocking,property_blocking,C13,1352,rrf_fill,0.1965218037366867,0.10069021582603455,367.54194236402395,0.6395328640937805,23,26,23,30,0.046835403630023975,21
SHC034,981,property_blocking,property_blocking,C14,1109,function,0.45958438515663147,0.3361437916755676,473.5285689798191,0.7753816246986389,10,9,9,1,0.059664664155041916,9
SHC034,981,property_blocking,property_blocking,C15,1081,rrf_fill,0.42141178250312805,0.2631070613861084,441.95283762292337,0.7239444851875305,11,12,15,12,0.05519561815336463,12
SHC034,981,property_blocking,property_blocking,C16,1069,rrf_fill,0.2386924922466278,0.16768451035022736,371.9790822359123,0.6999348998069763,19,17,21,16,0.05114881458430204,17
SHC034,981,property_blocking,property_blocking,C17,1014,bm25|function|word10|word5,0.5404346585273743,0.3995627462863922,496.48368980694306,0.7463374733924866,2,3,4,4,0.06325204813108039,2
SHC034,981,property_blocking,property_blocking,C18,1104,function|word10,0.48518139123916626,0.36070671677589417,490.84769373395886,0.7512831687927246,8,5,6,3,0.06111502876208759,4
SHC034,981,property_blocking,property_blocking,C19,1321,rrf_fill,0.18845170736312866,0.10250828415155411,318.79602480460244,0.6737356781959534,24,25,36,19,0.04674436230188278,22
SHC034,981,property_blocking,property_blocking,C20,1290,rrf_fill,0.21862280368804932,0.11654896289110184,378.60461556373815,0.6521835923194885,21,21,20,25,0.048956063907044295,20
SHC034,981,property_blocking,property_blocking,C21,5290,same_family_recent,0.06673899292945862,0.016523955389857292,222.95578298774063,0.5146411061286926,61,82,84,212,0.025927631363723856,70
SHC034,981,property_blocking,property_blocking,C22,1007,rrf_fill,0.4004742205142975,0.28890421986579895,460.22331638969086,0.7299277782440186,13,11,12,10,0.055957740353842995,11
SHC034,981,property_blocking,property_blocking,C23,1228,rrf_fill,0.2647877633571625,0.14935623109340668,395.01804073513904,0.6766619682312012,18,19,19,18,0.050957481337228175,18
SHC034,981,property_blocking,property_blocking,C24,1023,bm25|function,0.49713778495788574,0.3297711908817291,494.83671225621697,0.7453360557556152,7,10,5,5,0.059980318189273414,8
SHC034,981,property_blocking,property_blocking,C25,1006,bm25|same_family_recent|word5,0.5034253597259521,0.34128305315971375,497.17189653958013,0.7315667271614075,5,8,3,8,0.06066939596351361,6
SHC035,584,property_blocking,property_blocking,C01,1131,bm25,0.3112483024597168,0.18592026829719543,290.8372892862156,0.6818172335624695,44,50,5,21,0.04643658810325477,20
SHC035,584,property_blocking,property_blocking,C02,758,word10|word5,0.4051987826824188,0.2825470268726349,284.42001162217485,0.6665622591972351,5,5,12,40,0.05465811965811966,5
SHC035,584,property_blocking,property_blocking,C03,602,same_family_recent,0.34603241086006165,0.24008141458034515,259.51934852719165,0.6670167446136475,27,28,53,36,0.042124113425990144,36
SHC035,584,property_blocking,property_blocking,C04,611,bm25|word10|word5,0.6430778503417969,0.5765352845191956,410.2477515637339,0.7025177478790283,2,2,2,9,0.06287985039738195,2
SHC035,584,property_blocking,property_blocking,C05,799,rrf_fill,0.3413729965686798,0.23480884730815887,278.1323835853524,0.6839859485626221,32,30,21,18,0.04714686816136091,19
SHC035,584,property_blocking,property_blocking,C06,592,bm25|function|same_family_recent|word10|word5,0.6762922406196594,0.6283354759216309,420.1489179085053,0.7591042518615723,1,1,1,1,0.06557377049180328,1
SHC035,584,property_blocking,property_blocking,C07,866,word10|word5,0.4097369909286499,0.2984994351863861,267.63186336147965,0.6229965090751648,4,4,42,95,0.04750553447185326,18
SHC035,584,property_blocking,property_blocking,C08,849,bm25,0.3068578839302063,0.209976464509964,323.6190510361804,0.6970093250274658,47,37,3,13,0.049226718753041,13
SHC035,584,property_blocking,property_blocking,C09,883,rrf_fill,0.37359994649887085,0.2747093737125397,262.2623563162453,0.6722943782806396,15,7,49,30,0.04854412950537831,15
SHC035,584,property_blocking,property_blocking,C10,837,rrf_fill,0.35709503293037415,0.24101093411445618,278.4672414632737,0.6561712026596069,22,25,19,53,0.045467613203797615,23
SHC035,584,property_blocking,property_blocking,C11,971,function,0.3115147352218628,0.18523041903972626,269.6426929340301,0.7097296118736267,43,52,37,3,0.04481960351618043,26
SHC035,584,property_blocking,property_blocking,C12,697,rrf_fill,0.38512736558914185,0.2544504404067993,270.4771962546961,0.703683078289032,12,16,35,8,0.052278981768145855,7
SHC035,584,property_blocking,property_blocking,C13,845,rrf_fill,0.36146754026412964,0.26780804991722107,270.0623475574725,0.6603905558586121,20,13,36,47,0.045961091196176335,22
SHC035,584,property_blocking,property_blocking,C14,955,rrf_fill,0.3201053738594055,0.18523041903972626,288.5972359901931,0.7070560455322266,39,51,8,6,0.04896741661447544,14
SHC035,584,property_blocking,property_blocking,C15,609,rrf_fill,0.3711841106414795,0.2725766897201538,279.78780274331905,0.6426999568939209,17,8,17,69,0.04843184631146327,16
SHC035,584,property_blocking,property_blocking,C16,727,word10|word5,0.42808693647384644,0.310474157333374,288.11189173646864,0.5889442563056946,3,3,10,128,0.05135089496791624,9
SHC035,584,property_blocking,property_blocking,C17,1109,bm25,0.31858548521995544,0.1919592022895813,291.38452460891364,0.6835377216339111,40,45,4,19,0.04780703737191079,17
SHC035,584,property_blocking,property_blocking,C18,756,rrf_fill,0.39772939682006836,0.28077587485313416,282.97072680101905,0.6457163095474243,7,6,15,65,0.05141022161917684,8
SHC035,584,property_blocking,property_blocking,C19,734,function,0.3740490972995758,0.26250603795051575,288.5177962192717,0.7091781497001648,14,15,9,4,0.05696460047003525,3
SHC035,584,property_blocking,property_blocking,C20,868,rrf_fill,0.3666229248046875,0.25387516617774963,266.7129467734424,0.6971009373664856,18,17,43,12,0.04940515256049237,12
SHC035,584,property_blocking,property_blocking,C21,829,rrf_fill,0.3888591229915619,0.2710314393043518,268.5777690801202,0.6773101687431335,9,10,40,24,0.0506832298136646,11
SHC035,584,property_blocking,property_blocking,C22,838,rrf_fill,0.3767973482608795,0.2704981565475464,272.7877774735838,0.6987534761428833,13,11,29,10,0.05330480652113388,6
SHC035,584,property_blocking,property_blocking,C23,800,function,0.3417513966560364,0.2423877716064453,250.65908917652956,0.7075008749961853,31,24,68,5,0.04609088827838828,21
SHC035,584,property_blocking,property_blocking,C24,820,function,0.37348055839538574,0.2627978026866913,278.2707230122783,0.7129117250442505,16,14,20,2,0.05530044050842013,4
SHC035,584,property_blocking,property_blocking,C25,846,rrf_fill,0.3574941158294678,0.24101093411445618,283.32220243870216,0.696196973323822,21,26,13,14,0.05118572963958968,10
SHC036,1206,property_blocking,property_blocking,C01,1502,word10|word5,0.17545916140079498,0.11047055572271347,314.24574320404474,0.7085834741592407,5,5,6,12,0.05980963480963481,4
SHC036,1206,property_blocking,property_blocking,C02,5654,bm25,0.08439192920923233,0.02321145124733448,356.9928016455975,0.5788105726242065,38,44,2,108,0.04190087945848314,34
SHC036,1206,property_blocking,property_blocking,C03,1228,bm25|function|word10|word5,0.192717507481575,0.12424666434526443,320.7530716389012,0.7302194833755493,4,4,5,4,0.062259615384615385,3
SHC036,1206,property_blocking,property_blocking,C04,1497,function,0.1544598639011383,0.10169240832328796,285.67735396913287,0.762019157409668,12,10,18,2,0.05712414825318051,9
SHC036,1206,property_blocking,property_blocking,C05,1499,rrf_fill,0.16188547015190125,0.1083153709769249,306.26263437360285,0.7138968706130981,9,6,9,8,0.05884290475083314,6
SHC036,1206,property_blocking,property_blocking,C06,1554,rrf_fill,0.1513899713754654,0.07838349789381027,307.4118477867609,0.6847885251045227,15,22,8,16,0.05339223237433613,13
SHC036,1206,property_blocking,property_blocking,C07,1352,rrf_fill,0.1337488293647766,0.08368223160505295,293.62645981564316,0.6795903444290161,22,20,13,18,0.05121426490871864,19
SHC036,1206,property_blocking,property_blocking,C08,1588,rrf_fill,0.13194307684898376,0.07030417025089264,283.35479761846983,0.7133011817932129,23,24,19,9,0.05110393614713592,20
SHC036,1206,property_blocking,property_blocking,C09,1360,rrf_fill,0.1579882800579071,0.10082335770130157,277.4051698258389,0.7139104604721069,10,12,21,7,0.05544565532127721,10
SHC036,1206,property_blocking,property_blocking,C10,1321,bm25|function|word10|word5,0.21720881760120392,0.16032594442367554,328.54999461884364,0.7534471750259399,2,2,4,3,0.0637560803891449,2
SHC036,1206,property_blocking,property_blocking,C11,1260,rrf_fill,0.1440810114145279,0.10559411346912384,241.51841353796775,0.6303989291191101,19,7,34,38,0.04842598048742311,21
SHC036,1206,property_blocking,property_blocking,C12,1441,rrf_fill,0.14975303411483765,0.09516569972038269,298.5440540790691,0.6572974920272827,17,16,12,27,0.051528049486307195,16
SHC036,1206,property_blocking,property_blocking,C13,1609,rrf_fill,0.1654360294342041,0.10139306634664536,264.5345553968995,0.7096574306488037,6,11,25,10,0.0552864423618359,11
SHC036,1206,property_blocking,property_blocking,C14,1290,rrf_fill,0.15438617765903473,0.09549053758382797,286.717111832556,0.6682099103927612,13,15,16,24,0.052094620111923645,15
SHC036,1206,property_blocking,property_blocking,C15,1462,rrf_fill,0.15109750628471375,0.10299709439277649,292.4486457376338,0.6483148336410522,16,9,15,35,0.05151029748283753,17
SHC036,1206,property_blocking,property_blocking,C16,5656,same_family_recent,0.026226872578263283,0.003013355890288949,210.94549267739205,0.5716378092765808,57,130,46,139,0.028269254334037035,51
SHC036,1206,property_blocking,property_blocking,C17,1485,rrf_fill,0.14538277685642242,0.08632659167051315,299.4718083678688,0.7056775689125061,18,19,11,13,0.05326187784785391,14
SHC036,1206,property_blocking,property_blocking,C18,1501,rrf_fill,0.11486587673425674,0.06256302446126938,281.0207972884176,0.6745030879974365,26,26,20,22,0.047950935904707885,22
SHC036,1206,property_blocking,property_blocking,C19,1350,word10|word5,0.19903983175754547,0.1541222780942917,304.07698588685724,0.6880875825881958,3,3,10,14,0.05954525954525954,5
SHC036,1206,property_blocking,property_blocking,C20,1372,rrf_fill,0.13726527988910675,0.08932974934577942,271.49298694708295,0.7089172005653381,20,18,23,11,0.05145321263385068,18
SHC036,1206,property_blocking,property_blocking,C21,1224,bm25|function|same_family_recent|word10|word5,0.33760660886764526,0.24998492002487183,487.60327563653414,0.7972961664199829,1,1,1,1,0.06557377049180328,1
SHC036,1206,property_blocking,property_blocking,C22,1460,rrf_fill,0.16390012204647064,0.10396074503660202,292.8889453315433,0.6610923409461975,7,8,14,25,0.05490947488313599,12
SHC036,1206,property_blocking,property_blocking,C23,1547,bm25,0.15580488741397858,0.09945906698703766,333.281581618361,0.7169651985168457,11,14,3,6,0.05862255158029806,7
SHC036,1206,property_blocking,property_blocking,C24,1573,rrf_fill,0.12995991110801697,0.06688486039638519,269.0773692668709,0.658050537109375,24,25,24,26,0.047202136668620935,23
SHC036,1206,property_blocking,property_blocking,C25,1566,function,0.16270816326141357,0.09319078922271729,310.1993481244114,0.7188042402267456,8,17,7,5,0.05800288385889791,8
SHC037,4715,property_blocking,property_blocking,C01,4756,bm25|word10|word5,0.0825304314494133,0.06242194026708603,166.74757321054466,0.6460195183753967,1,1,3,15,0.06199323445225085,1
SHC037,4715,property_blocking,property_blocking,C02,4809,function|word10|word5,0.05883338302373886,0.03253091126680374,126.73541282166539,0.6683670878410339,4,3,50,5,0.05597354034854035,5
SHC037,4715,property_blocking,property_blocking,C03,4851,rrf_fill,0.054267656058073044,0.022875728085637093,143.00031119638416,0.6174318194389343,8,12,11,33,0.0534319664561266,6
SHC037,4715,property_blocking,property_blocking,C04,4717,rrf_fill,0.041379235684871674,0.025374997407197952,134.21141353543064,0.5679932236671448,29,6,25,146,0.0430065450220867,17
SHC037,4715,property_blocking,property_blocking,C05,4933,bm25|word5,0.06301112473011017,0.01935538649559021,178.95138647252975,0.652414083480835,3,18,2,13,0.058521191088579505,3
SHC037,4715,property_blocking,property_blocking,C06,4790,word10,0.0451987162232399,0.027711929753422737,93.10426114243275,0.5669209361076355,26,4,540,150,0.033681478405315615,37
SHC037,4715,property_blocking,property_blocking,C07,5121,rrf_fill,0.05187811329960823,0.01935538649559021,112.21543928219421,0.6619506478309631,18,23,153,7,0.04448891440667669,14
SHC037,4715,property_blocking,property_blocking,C08,5013,word5,0.056842904537916183,0.021523350849747658,115.97496853964589,0.5354978442192078,5,15,109,417,0.03673154453996254,28
SHC037,4715,property_blocking,property_blocking,C09,4895,function,0.035497408360242844,0.00809205137193203,121.61130649334973,0.6689307689666748,39,63,70,4,0.0415483990941308,21
SHC037,4715,property_blocking,property_blocking,C10,4739,rrf_fill,0.05295238271355629,0.017634106799960136,128.73017543979466,0.6572292447090149,12,28,38,10,0.0497423211708926,10
SHC037,4715,property_blocking,property_blocking,C11,5106,rrf_fill,0.04087967053055763,0.012211833149194717,140.81406313756085,0.6538758277893066,31,45,12,11,0.04848621644396292,11
SHC037,4715,property_blocking,property_blocking,C12,470,same_family_recent,0.009550894610583782,0.0,109.37784335534833,0.5805516242980957,294,320,191,91,0.016063018005741878,158
SHC037,4715,property_blocking,property_blocking,C13,4721,bm25|word10|word5,0.06997191160917282,0.037746790796518326,180.26984066500742,0.6088258624076843,2,2,1,42,0.0584554287077073,4
SHC037,4715,property_blocking,property_blocking,C14,5146,function,0.05410290136933327,0.01935538649559021,130.00915666667407,0.6813908219337463,10,25,34,2,0.05281775029847217,7
SHC037,4715,property_blocking,property_blocking,C15,571,rrf_fill,0.038919273763895035,0.011410662904381752,145.7038178370637,0.6092007160186768,34,50,10,41,0.0439159113479737,15
SHC037,4715,property_blocking,property_blocking,C16,5079,rrf_fill,0.0463574044406414,0.01935538649559021,113.08220458010031,0.6366589665412903,24,21,138,19,0.0419591738157139,18
SHC037,4715,property_blocking,property_blocking,C17,5004,bm25|function,0.05307508632540703,0.021523350849747658,149.5542661706636,0.6834008693695068,11,14,5,1,0.05937607856333324,2
SHC037,4715,property_blocking,property_blocking,C18,546,bm25,0.02832305245101452,0.008918801322579384,155.0666256157105,0.5643828511238098,54,54,4,164,0.03763314536340852,27
SHC037,4715,property_blocking,property_blocking,C19,662,word10,0.03555290028452873,0.027035262435674667,136.3175344937139,0.49712708592414856,38,5,19,1405,0.038929518722025,24
SHC037,4715,property_blocking,property_blocking,C20,5143,rrf_fill,0.05410290136933327,0.01935538649559021,131.6426549037752,0.6134461760520935,9,24,32,36,0.04768374741200828,12
SHC037,4715,property_blocking,property_blocking,C21,5171,rrf_fill,0.05510300025343895,0.02365086041390896,115.8152868730086,0.661656379699707,7,9,110,8,0.05000636205163441,9
SHC037,4715,property_blocking,property_blocking,C22,483,same_family_recent,0.011597505770623684,0.0,109.49855934259953,0.6205645799636841,156,333,188,27,0.02270066982979549,72
SHC037,4715,property_blocking,property_blocking,C23,5010,rrf_fill,0.052631162106990814,0.017939211800694466,113.58090096266311,0.6413342356681824,14,26,133,16,0.04348066237735887,16
SHC037,4715,property_blocking,property_blocking,C24,5120,function,0.05187811329960823,0.01935538649559021,133.87503385943378,0.6725049018859863,17,22,26,3,0.05268305778799256,8
SHC037,4715,property_blocking,property_blocking,C25,5149,rrf_fill,0.04566419497132301,0.012211833149194717,128.15759960422756,0.6632421612739563,25,46,42,6,0.046154104866646485,13
SHC038,5323,property_blocking,property_blocking,C01,5547,word10,0.036609798669815063,0.02372928336262703,79.25414654598598,0.5788071751594543,11,5,469,41,0.041260471694120775,19
SHC038,5323,property_blocking,property_blocking,C02,1131,bm25|word10|word5,0.09535765647888184,0.05356958881020546,217.0171902133061,0.6235466599464417,1,1,1,7,0.06410570100318082,2
SHC038,5323,property_blocking,property_blocking,C03,5815,function,0.03921417519450188,0.011928966268897057,152.0959878611247,0.6302030682563782,8,15,14,4,0.05717772919978802,4
SHC038,5323,property_blocking,property_blocking,C04,6041,rrf_fill,0.028846697881817818,0.0030266959220170975,148.0934454548949,0.537111222743988,17,90,18,153,0.03716902815494365,24
SHC038,5323,property_blocking,property_blocking,C05,5356,function,0.02354452572762966,0.013406255282461643,108.92538158332593,0.6711012721061707,28,11,69,2,0.04932911364845052,9
SHC038,5323,property_blocking,property_blocking,C06,1071,rrf_fill,0.042266614735126495,0.018744463101029396,146.45339410241024,0.518756628036499,7,7,20,325,0.044948148866059315,16
SHC038,5323,property_blocking,property_blocking,C07,5374,rrf_fill,0.02534346841275692,0.013406255282461643,124.97149698651228,0.6199896335601807,26,12,49,9,0.04918386141542699,10
SHC038,5323,property_blocking,property_blocking,C08,5987,rrf_fill,0.027032746002078056,0.0030266959220170975,154.37361205225528,0.5422479510307312,23,89,11,132,0.038052442542644345,22
SHC038,5323,property_blocking,property_blocking,C09,1109,rrf_fill,0.028834247961640358,0.005008079577237368,130.6576928547987,0.5980257987976074,18,26,39,21,0.046895108910612784,13
SHC038,5323,property_blocking,property_blocking,C10,5422,bm25,0.043818432837724686,0.015031717717647552,167.1436418559464,0.6156044602394104,6,9,5,11,0.05911339120157247,3
SHC038,5323,property_blocking,property_blocking,C11,5375,function,0.027323182672262192,0.014881581999361515,120.43691241690053,0.6299412250518799,19,10,56,5,0.05094924717360335,8
SHC038,5323,property_blocking,property_blocking,C12,1104,rrf_fill,0.024556823074817657,0.005008079577237368,151.1322696483611,0.4947664737701416,27,25,16,795,0.03758644413603312,23
SHC038,5323,property_blocking,property_blocking,C13,1640,function,0.010844526812434196,0.003380655078217387,106.67188993499683,0.6347097158432007,72,68,83,3,0.03825428044178044,21
SHC038,5323,property_blocking,property_blocking,C14,5460,bm25|function|word10|word5,0.08355657011270523,0.04204009473323822,192.4271674894651,0.6881611943244934,2,2,2,1,0.06478053939714437,1
SHC038,5323,property_blocking,property_blocking,C15,1115,bm25|word10|word5,0.05899488553404808,0.03349178656935692,169.06772480094455,0.5435790419578552,3,3,3,128,0.05293819655521783,7
SHC038,5323,property_blocking,property_blocking,C16,5654,rrf_fill,0.029168784618377686,0.011928966268897057,97.31712278431567,0.6146752238273621,16,13,120,12,0.04630096931827285,15
SHC038,5323,property_blocking,property_blocking,C17,1609,rrf_fill,0.020422808825969696,0.003380655078217387,103.7465709845181,0.6289189457893372,34,66,89,6,0.04043773035633667,20
SHC038,5323,property_blocking,property_blocking,C18,1037,same_family_recent,0.03782070428133011,0.005008079577237368,159.63493886509684,0.5622099041938782,9,23,8,70,0.048939136439521615,11
SHC038,5323,property_blocking,property_blocking,C19,1200,word10|word5,0.05820592865347862,0.03030545823276043,143.6881395359109,0.5227640867233276,4,4,22,276,0.04642131242740999,14
SHC038,5323,property_blocking,property_blocking,C20,5656,rrf_fill,0.03317492455244064,0.011928966268897057,152.1012812614123,0.5499815344810486,12,14,13,105,0.04716163859999476,12
SHC038,5323,property_blocking,property_blocking,C21,6020,bm25,0.03242672607302666,0.00133084028493613,167.20958798472847,0.5549536347389221,14,94,4,91,0.0422545365633114,18
SHC038,5323,property_blocking,property_blocking,C22,5438,word5,0.04544832929968834,0.016509007662534714,152.64377164545576,0.5727563500404358,5,8,12,51,0.05298839563545446,6
SHC038,5323,property_blocking,property_blocking,C23,1228,rrf_fill,0.03701595962047577,0.02167195826768875,136.62480286828682,0.6005072593688965,10,6,28,19,0.05345909364896707,5
SHC038,5323,property_blocking,property_blocking,C24,5990,rrf_fill,0.03242672607302666,0.00133084028493613,164.94872834508712,0.5644760727882385,13,93,7,63,0.04329003228454597,17
SHC038,5323,property_blocking,property_blocking,C25,5343,same_family_recent,0.0015922567108646035,0.0,64.86771358971833,0.3819115161895752,639,3467,1427,5072,0.0025814930043474493,1814
SHC039,5448,property_blocking,property_blocking,C01,6041,bm25,0.01324056088924408,0.0,207.83418303119709,0.6215229034423828,21,3894,4,23,0.04027178023057215,16
SHC039,5448,property_blocking,property_blocking,C02,5877,word5,0.020655743777751923,0.0,143.00216773799616,0.579777717590332,4,3744,31,75,0.03428429957412607,24
SHC039,5448,property_blocking,property_blocking,C03,5554,function,0.01950949616730213,0.0022385474294424057,103.840084549999,0.7178854942321777,7,10,117,2,0.05098983719223145,3
SHC039,5448,property_blocking,property_blocking,C04,6322,rrf_fill,0.008123868145048618,0.0,186.3921823425733,0.6687569618225098,62,4138,6,8,0.038292327486727354,18
SHC039,5448,property_blocking,property_blocking,C05,5738,function,0.01950949616730213,0.0022385474294424057,118.9524719146059,0.7036387920379639,9,12,59,3,0.05265801972963098,2
SHC039,5448,property_blocking,property_blocking,C06,5457,bm25|word10|word5,0.10155220329761505,0.0781129002571106,414.0855752772301,,1,1,1,,0.04918032786885246,4
SHC039,5448,property_blocking,property_blocking,C07,1115,same_family_recent,0.013235543854534626,0.0,125.30466452758733,0.46609145402908325,22,30,46,816,0.03388174783789709,26
SHC039,5448,property_blocking,property_blocking,C08,6239,word5,0.020916976034641266,0.0019026966765522957,159.95284644294654,,2,15,11,,0.04354687263365137,10
SHC039,5448,property_blocking,property_blocking,C09,6442,rrf_fill,0.018876681104302406,0.0019026966765522957,162.3993301986463,,10,17,10,,0.04155844155844156,13
SHC039,5448,property_blocking,property_blocking,C10,5963,function,0.0,0.0,25.794156059521036,0.6760513782501221,3968,3823,7462,5,0.01602335375102401,106
SHC039,5448,property_blocking,property_blocking,C11,5873,function,0.012193347327411175,0.0,147.89295848163755,0.676966667175293,47,3741,24,4,0.037138644958163984,22
SHC039,5448,property_blocking,property_blocking,C12,6050,rrf_fill,0.013632411137223244,0.0019026966765522957,145.1504870692468,0.5692898035049438,18,14,27,103,0.04396324853274293,8
SHC039,5448,property_blocking,property_blocking,C13,6262,rrf_fill,0.015031659975647926,0.0019026966765522957,158.49404356388635,,14,16,12,,0.04056029713924451,15
SHC039,5448,property_blocking,property_blocking,C14,5889,word10,0.017193958163261414,0.01021595485508442,90.42807995575747,0.6172900795936584,12,3,247,24,0.04492399565689468,7
SHC039,5448,property_blocking,property_blocking,C15,5977,bm25,0.011436976492404938,0.0,228.4606978857691,0.6665331721305847,49,3836,2,10,0.03984573198167794,17
SHC039,5448,property_blocking,property_blocking,C16,6158,word10,0.020073555409908295,0.008023274131119251,164.66891998474674,,6,4,8,,0.04548239750445633,6
SHC039,5448,property_blocking,property_blocking,C17,6173,rrf_fill,0.013451860286295414,0.004095376934856176,150.6453695475626,0.445343554019928,19,7,18,1174,0.04121448657441732,14
SHC039,5448,property_blocking,property_blocking,C18,5460,same_family_recent,0.003921794705092907,0.0,122.34617171536135,0.5751481056213379,110,3347,52,85,0.022000989448743475,59
SHC039,5448,property_blocking,property_blocking,C19,6245,word5,0.020916976034641266,0.004095376934856176,164.93586506012642,,3,8,7,,0.045504271360285405,5
SHC039,5448,property_blocking,property_blocking,C20,5624,function,0.01950949616730213,0.0022385474294424057,118.4161042720745,0.7254723906517029,8,11,61,1,0.053448294828062876,1
SHC039,5448,property_blocking,property_blocking,C21,5879,bm25,0.006801392417401075,0.0,213.64547713438432,0.6656198501586914,69,3746,3,11,0.03797220393707503,19
SHC039,5448,property_blocking,property_blocking,C22,5860,word10|word5,0.020073555409908295,0.01021595485508442,136.735286863812,,5,2,36,,0.041930314309346566,12
SHC039,5448,property_blocking,property_blocking,C23,5891,rrf_fill,0.013632411137223244,0.0019026966765522957,130.06782993455408,0.5767234563827515,17,13,43,79,0.0435886255923935,9
SHC039,5448,property_blocking,property_blocking,C24,5987,bm25,0.00911918468773365,0.0,206.7653949105871,0.6400970220565796,56,3845,5,14,0.0377749004995241,21
SHC039,5448,property_blocking,property_blocking,C25,6325,word10,0.018631070852279663,0.008023274131119251,149.72433973991178,,11,5,20,,0.041969122426868906,11
SHC040,10318,property_blocking,property_blocking,C01,1352,bm25,0.008428946137428284,0.0,110.03175360379905,0.5661686658859253,680,257,2,296,0.023443946505952926,51
SHC040,10318,property_blocking,property_blocking,C02,10555,rrf_fill,0.046538785099983215,0.005346605088561773,92.00156054287699,0.5882030725479126,12,149,62,107,0.032858323147675415,12
SHC040,10318,property_blocking,property_blocking,C03,10336,word10,0.04305586963891983,0.026062607765197754,59.18480451801182,0.5863227844238281,14,5,592,125,0.03583727663482265,9
SHC040,10318,property_blocking,property_blocking,C04,10589,word5,0.05440131574869156,0.01730024442076683,95.72629105447332,0.5549634099006653,4,18,45,443,0.03995739391489889,4
SHC040,10318,property_blocking,property_blocking,C05,2449,function,0.001976973842829466,0.0,58.20788154360781,0.6689306497573853,1252,1326,636,5,0.01830509283726273,109
SHC040,10318,property_blocking,property_blocking,C06,10395,rrf_fill,0.04305586963891983,0.026062607765197754,60.863641609609786,0.5893949270248413,16,7,506,96,0.03626030873372369,8
SHC040,10318,property_blocking,property_blocking,C07,7025,word10,0.04782896488904953,0.03300047293305397,93.37544054108827,0.45804035663604736,8,2,52,3039,0.04008617077658906,2
SHC040,10318,property_blocking,property_blocking,C08,10569,word10|word5,0.057037487626075745,0.031409211456775665,82.13500876451113,0.5446871519088745,3,3,101,598,0.03947696870916112,6
SHC040,10318,property_blocking,property_blocking,C09,1460,bm25,0.010609380900859833,0.0,108.35434966380156,0.5135496854782104,488,363,4,1308,0.020544877864148388,75
SHC040,10318,property_blocking,property_blocking,C10,10349,function,0.014077580533921719,0.0,63.427210444758614,0.6718771457672119,341,5605,406,4,0.020441210839435623,80
SHC040,10318,property_blocking,property_blocking,C11,10597,word5,0.052697811275720596,0.026062607765197754,51.7726050421746,0.45487791299819946,5,11,1087,3136,0.030653853122278273,19
SHC040,10318,property_blocking,property_blocking,C12,1321,same_family_recent,0.010609380900859833,0.0,82.48019099904398,0.4987276494503021,487,227,96,1718,0.012285160228935115,255
SHC040,10318,property_blocking,property_blocking,C13,2796,function,0.0037651467137038708,0.0,49.17667936186778,0.7104460597038269,935,1661,1361,2,0.018418844676156777,105
SHC040,10318,property_blocking,property_blocking,C14,10401,word10,0.04705047607421875,0.03029710240662098,60.45753587030342,0.5570436120033264,11,4,515,412,0.03356728154483274,10
SHC040,10318,property_blocking,property_blocking,C15,2208,bm25,0.028191065415740013,0.008562382310628891,108.57553056233053,0.5605911612510681,78,71,3,359,0.03313961531573835,11
SHC040,10318,property_blocking,property_blocking,C16,10495,rrf_fill,0.05116762965917587,0.015475456602871418,97.060591029773,0.5506542921066284,6,25,39,506,0.038784015587175015,7
SHC040,10318,property_blocking,property_blocking,C17,10327,word5,0.060090526938438416,0.024442942813038826,97.70137508219095,0.5461587905883789,1,16,34,574,0.04176692229837941,1
SHC040,10318,property_blocking,property_blocking,C18,10410,word5,0.060090526938438416,0.024442942813038826,97.70137508219095,0.4800359606742859,2,17,35,2334,0.04006007197857792,3
SHC040,10318,property_blocking,property_blocking,C19,2579,function,0.0,0.0,43.28879932228033,0.7014434337615967,2836,1452,2059,3,0.01735161611911434,123
SHC040,10318,property_blocking,property_blocking,C20,6971,word10,0.04782896488904953,0.03300047293305397,90.82687413711567,0.4254242181777954,7,1,66,3926,0.03950620176704351,5
SHC040,10318,property_blocking,property_blocking,C21,5888,same_family_recent,0.0,0.0,55.589900688679464,0.4833795726299286,4242,3322,791,2207,0.0021443327838841903,2284
SHC040,10318,property_blocking,property_blocking,C22,3139,bm25,0.0365469790995121,0.004046260379254818,110.13023091314652,0.4865824580192566,36,214,1,2106,0.030921424843196016,17
SHC040,10318,property_blocking,property_blocking,C23,5964,bm25,0.024078000336885452,0.008562382310628891,108.16204215477275,0.5064485669136047,135,73,5,1493,0.02867553250852129,27
SHC040,10318,property_blocking,property_blocking,C24,10772,rrf_fill,0.04233589395880699,0.008332757279276848,94.28582670387597,0.5688549280166626,20,83,48,270,0.031782569282569284,13
SHC040,10318,property_blocking,property_blocking,C25,10391,function,0.014077580533921719,0.0,64.07871115051934,0.7221563458442688,342,5639,380,1,0.021329201465325905,65
SHC041,10008,emergency_action,emergency_action,C01,5533,same_family_recent,0.0,0.0,40.29960596542017,,4063,3457,3142,,0.0008391798865167889,5210
SHC041,10008,emergency_action,emergency_action,C02,10051,bm25|word10|word5,0.2972567677497864,0.1800011545419693,250.13199011277035,0.6657807230949402,5,4,2,9,0.06163140126586831,4
SHC041,10008,emergency_action,emergency_action,C03,10047,bm25,0.2870770990848541,0.17012065649032593,245.88873324294363,0.6735392212867737,7,7,4,6,0.06062726142017187,5
SHC041,10008,emergency_action,emergency_action,C04,10055,rrf_fill,0.27372100949287415,0.15862469375133514,225.66385251261798,0.6306847333908081,14,13,13,24,0.05281553569224802,16
SHC041,10008,emergency_action,emergency_action,C05,10046,bm25|function|word5,0.29977884888648987,0.1772034764289856,244.17376542880078,0.6918703317642212,3,6,5,4,0.06203414640914641,3
SHC041,10008,emergency_action,emergency_action,C06,1169,rrf_fill,0.13006587326526642,0.05567200481891632,174.45695253760562,0.6565779447555542,17,17,18,13,0.0524931689315251,17
SHC041,10008,emergency_action,emergency_action,C07,1179,function,0.07136545330286026,0.013900145888328552,166.69652721278564,0.6968024373054504,25,25,23,3,0.05145062040880609,18
SHC041,10008,emergency_action,emergency_action,C08,10015,rrf_fill,0.263712614774704,0.16000422835350037,241.9486393349693,0.6465823650360107,15,12,8,20,0.0544281045751634,13
SHC041,10008,emergency_action,emergency_action,C09,1178,rrf_fill,0.07136545330286026,0.013900145888328552,169.0630893743557,0.6599754691123962,24,24,21,10,0.05044091710758377,21
SHC041,10008,emergency_action,emergency_action,C10,1172,rrf_fill,0.07136545330286026,0.013900145888328552,170.47325942253207,0.6553685665130615,19,19,20,15,0.05114978902953587,19
SHC041,10008,emergency_action,emergency_action,C11,1173,rrf_fill,0.07136545330286026,0.013900145888328552,171.04865462405354,0.6275672912597656,20,20,19,25,0.049422933730454206,23
SHC041,10008,emergency_action,emergency_action,C12,1174,rrf_fill,0.07136545330286026,0.013900145888328552,162.81957891742536,0.6593649983406067,21,21,25,12,0.050344952795933186,22
SHC041,10008,emergency_action,emergency_action,C13,10057,function,0.2870770990848541,0.17012065649032593,224.42709359261707,0.6760450005531311,11,11,15,5,0.05688696280245576,9
SHC041,10008,emergency_action,emergency_action,C14,5523,same_family_recent,0.0,0.0,41.71408893434051,0.44437700510025024,4054,3447,2897,2508,0.00125580512142735,3787
SHC041,10008,emergency_action,emergency_action,C15,10056,bm25|word10,0.2972567677497864,0.1800011545419693,246.17098449969404,0.6440182328224182,6,5,3,21,0.05875482542149209,7
SHC041,10008,emergency_action,emergency_action,C16,10050,function|word10|word5,0.4487287998199463,0.3393157422542572,240.22986635209418,0.7201916575431824,2,2,9,2,0.06287985039738195,2
SHC041,10008,emergency_action,emergency_action,C17,1170,rrf_fill,0.1253749430179596,0.04822009429335594,195.62260289210872,0.6394200325012207,18,18,16,22,0.05099404232908726,20
SHC041,10008,emergency_action,emergency_action,C18,10058,bm25|function|word10|word5,0.6200183629989624,0.5556960701942444,290.362207283934,0.7524290680885315,1,1,1,1,0.06557377049180328,1
SHC041,10008,emergency_action,emergency_action,C19,10053,rrf_fill,0.274441659450531,0.15848204493522644,224.77928034542958,0.6526761651039124,13,14,14,16,0.053883551900855434,15
SHC041,10008,emergency_action,emergency_action,C20,10027,rrf_fill,0.2853318750858307,0.15754470229148865,242.59286446054625,0.6594465970993042,12,15,7,11,0.0562321023988041,11
SHC041,10008,emergency_action,emergency_action,C21,10048,rrf_fill,0.2870770990848541,0.17012065649032593,231.43531126246458,0.6482675075531006,8,8,10,18,0.05651799181210946,10
SHC041,10008,emergency_action,emergency_action,C22,10052,rrf_fill,0.2870770990848541,0.17012065649032593,226.2540556252886,0.6733130812644958,9,9,12,7,0.057799769269594056,8
SHC041,10008,emergency_action,emergency_action,C23,1158,rrf_fill,0.14977876842021942,0.05577576160430908,180.66582197680043,0.6659785509109497,16,16,17,8,0.05400868481363837,14
SHC041,10008,emergency_action,emergency_action,C24,10049,word10|word5,0.2972567677497864,0.1800011545419693,243.25106521402546,0.6502583622932434,4,3,6,17,0.059636544011544015,6
SHC041,10008,emergency_action,emergency_action,C25,10054,rrf_fill,0.2870770990848541,0.17012065649032593,229.29561410247683,0.6564785242080688,10,10,11,14,0.056169449127195605,12
SHC042,5616,emergency_action,emergency_action,C01,4359,function,0.0,0.0,22.24636390245655,0.656619131565094,4250,3160,4933,5,0.016127473344861053,107
SHC042,5616,emergency_action,emergency_action,C02,5659,bm25,0.3250700831413269,0.25238311290740967,221.68998707749225,0.4940296709537506,22,21,2,1071,0.04155400651959611,21
SHC042,5616,emergency_action,emergency_action,C03,6543,rrf_fill,0.3268493413925171,0.25730764865875244,198.89041829728455,0.5742065906524658,21,20,18,100,0.0439161918328585,14
SHC042,5616,emergency_action,emergency_action,C04,6572,rrf_fill,0.2905140221118927,0.23873969912528992,174.90021978171882,0.61933833360672,32,34,27,18,0.045822628783807766,8
SHC042,5616,emergency_action,emergency_action,C05,5687,rrf_fill,0.2856447398662567,0.23873969912528992,160.13767549914826,0.6226385235786438,33,28,36,13,0.04623162133933234,6
SHC042,5616,emergency_action,emergency_action,C06,5975,word10|word5,0.3955979645252228,0.33606383204460144,203.5753407069622,0.3845679759979248,4,4,10,4968,0.04573460052278668,9
SHC042,5616,emergency_action,emergency_action,C07,5876,rrf_fill,0.3870718479156494,0.325104683637619,200.32187885540557,0.5277266502380371,6,6,17,437,0.04530211572465094,10
SHC042,5616,emergency_action,emergency_action,C08,5654,same_family_recent,0.01954873465001583,0.0,73.58226175261174,0.48498523235321045,156,3343,96,1327,0.012054724933681983,159
SHC042,5616,emergency_action,emergency_action,C09,5872,rrf_fill,0.2905140221118927,0.23873969912528992,171.22002940690587,0.6488632559776306,28,30,32,6,0.04849582784365393,3
SHC042,5616,emergency_action,emergency_action,C10,1200,same_family_recent,0.04169631749391556,0.011036376468837261,96.90260573009297,0.5432926416397095,75,69,49,271,0.027354805354762812,53
SHC042,5616,emergency_action,emergency_action,C11,5951,rrf_fill,0.3523198962211609,0.2878982722759247,194.26427217297763,0.49688541889190674,7,8,19,998,0.04323466291949178,16
SHC042,5616,emergency_action,emergency_action,C12,5727,bm25|function|word10|word5,0.8592778444290161,0.8332764506340027,348.74805321033733,0.816521167755127,1,1,1,1,0.06557377049180328,1
SHC042,5616,emergency_action,emergency_action,C13,6741,function,0.2734583616256714,0.204726904630661,171.4485484882147,0.6632108688354492,35,35,31,4,0.047666642567958356,4
SHC042,5616,emergency_action,emergency_action,C14,6246,rrf_fill,0.1309593766927719,0.05626643821597099,131.52007595999285,0.6155785918235779,36,36,37,23,0.04319080445493313,17
SHC042,5616,emergency_action,emergency_action,C15,6478,function,0.02191750518977642,0.0,61.51956289848132,0.6805155277252197,149,4033,152,3,0.02561900557030421,65
SHC042,5616,emergency_action,emergency_action,C16,6043,word10|word5,0.3955979645252228,0.33606383204460144,203.3865870988242,0.3947330713272095,5,5,11,4706,0.04506355736666683,11
SHC042,5616,emergency_action,emergency_action,C17,5769,bm25,0.3250700831413269,0.25238311290740967,216.59547659199123,0.43070870637893677,23,23,3,3319,0.04026534696120408,25
SHC042,5616,emergency_action,emergency_action,C18,6329,rrf_fill,0.3523198962211609,0.2878982722759247,205.2170288911674,0.5393209457397461,10,11,7,308,0.04601298576664399,7
SHC042,5616,emergency_action,emergency_action,C19,6396,rrf_fill,0.3523198962211609,0.2878982722759247,205.2170288911674,0.5236731767654419,11,12,8,494,0.04448433243570814,13
SHC042,5616,emergency_action,emergency_action,C20,6240,rrf_fill,0.3523198962211609,0.2878982722759247,203.76267132387397,0.45006483793258667,9,10,9,2511,0.04366017524659907,15
SHC042,5616,emergency_action,emergency_action,C21,6063,word10|word5,0.4151475131511688,0.3532375395298004,183.35642886236732,0.5477088689804077,3,3,22,225,0.04744992562707582,5
SHC042,5616,emergency_action,emergency_action,C22,6026,rrf_fill,0.3523198962211609,0.2878982722759247,191.6142022332444,0.5440247654914856,8,9,20,259,0.044833432214374094,12
SHC042,5616,emergency_action,emergency_action,C23,6453,bm25,0.3523198962211609,0.2878982722759247,207.3585483344835,0.3845292925834656,12,13,5,4970,0.04317094156754823,18
SHC042,5616,emergency_action,emergency_action,C24,5851,bm25,0.3250700831413269,0.25238311290740967,214.34982786626634,0.48505309224128723,24,25,4,1322,0.040018056788562024,28
SHC042,5616,emergency_action,emergency_action,C25,5911,function|word10|word5,0.4151475131511688,0.3532375395298004,178.14764548381086,0.8028655052185059,2,2,26,2,0.06001500375093773,2
SHC043,5659,emergency_action,emergency_action,C01,6086,bm25|function|word10|word5,0.6776118874549866,0.5417100787162781,353.7998739777551,0.8404757976531982,3,3,4,4,0.06299603174603174,4
SHC043,5659,emergency_action,emergency_action,C02,6240,rrf_fill,0.29899558424949646,0.20637446641921997,226.31190815800414,0.6085591316223145,7,10,12,14,0.056613489822445046,5
SHC043,5659,emergency_action,emergency_action,C03,5716,bm25|word10|word5,0.31189608573913574,0.20637446641921997,253.4577351870976,0.5640320777893066,5,5,5,56,0.054774535809018574,11
SHC043,5659,emergency_action,emergency_action,C04,5851,bm25|function|word10|word5,0.8430269360542297,0.7244867086410522,415.5331603264855,0.8405141830444336,2,2,2,3,0.06426011264720942,2
SHC043,5659,emergency_action,emergency_action,C05,6167,rrf_fill,0.24848318099975586,0.1898808777332306,198.20679971885014,0.5851528644561768,26,23,27,32,0.04603991783878304,18
SHC043,5659,emergency_action,emergency_action,C06,5872,rrf_fill,0.24848318099975586,0.1898808777332306,208.8170428258459,0.5647445917129517,25,22,25,55,0.04442018588983844,22
SHC043,5659,emergency_action,emergency_action,C07,5769,bm25|function|word10|word5,0.8869908452033997,0.8123083710670471,421.09195085288985,0.8472362756729126,1,1,1,1,0.06557377049180328,1
SHC043,5659,emergency_action,emergency_action,C08,1224,same_family_recent,0.0,0.0,67.55300367815242,0.48725852370262146,1233,101,233,613,0.0118834287134899,156
SHC043,5659,emergency_action,emergency_action,C09,10533,function,0.0,0.0,31.284327273614846,0.6341985464096069,6393,6147,4349,5,0.015927499292930844,106
SHC043,5659,emergency_action,emergency_action,C10,5943,bm25|function|word10|word5,0.6571040153503418,0.5054103136062622,369.1441076605257,0.8415793180465698,4,4,3,2,0.06325204813108039,3
SHC043,5659,emergency_action,emergency_action,C11,6453,rrf_fill,0.29899558424949646,0.20637446641921997,217.59545136301094,0.590713620185852,10,13,18,24,0.05270961914797531,13
SHC043,5659,emergency_action,emergency_action,C12,5727,rrf_fill,0.24939684569835663,0.1792324334383011,228.22057627586594,0.5542489290237427,24,28,9,75,0.04516855929899408,21
SHC043,5659,emergency_action,emergency_action,C13,6396,rrf_fill,0.29899558424949646,0.20637446641921997,215.3449858454655,0.6182310581207275,9,12,22,8,0.055282646816237985,9
SHC043,5659,emergency_action,emergency_action,C14,6572,rrf_fill,0.24464206397533417,0.1898808777332306,184.49539060351017,0.5917989015579224,31,27,34,22,0.045316683686134146,20
SHC043,5659,emergency_action,emergency_action,C15,6566,rrf_fill,0.2843925654888153,0.20637446641921997,218.85173850261157,0.6023838520050049,14,15,16,16,0.05316263632053106,12
SHC043,5659,emergency_action,emergency_action,C16,6329,rrf_fill,0.29899558424949646,0.20637446641921997,215.3449858454655,0.6110811233520508,8,11,21,12,0.05502495729642926,10
SHC043,5659,emergency_action,emergency_action,C17,6337,rrf_fill,0.24464206397533417,0.1898808777332306,188.4458723367556,0.6241670846939087,28,24,32,6,0.04928947863730472,16
SHC043,5659,emergency_action,emergency_action,C18,5862,rrf_fill,0.28159624338150024,0.20637446641921997,226.06718671261902,0.5743324756622314,17,7,13,40,0.05161101625832765,14
SHC043,5659,emergency_action,emergency_action,C19,6466,rrf_fill,0.24464206397533417,0.1898808777332306,189.73181502934995,0.5905150771141052,29,25,30,25,0.04587647793199677,19
SHC043,5659,emergency_action,emergency_action,C20,6655,rrf_fill,0.287178635597229,0.20637446641921997,217.30606193701908,0.591673731803894,13,16,19,23,0.05156294549301401,15
SHC043,5659,emergency_action,emergency_action,C21,5676,same_family_recent,0.2879437804222107,0.19229616224765778,215.50029178563204,0.43083831667900085,12,21,20,2160,0.039185018351685016,29
SHC043,5659,emergency_action,emergency_action,C22,6509,rrf_fill,0.2671341598033905,0.20637446641921997,218.35499556687768,0.5751798152923584,21,14,17,38,0.04905028714552524,17
SHC043,5659,emergency_action,emergency_action,C23,6026,rrf_fill,0.2787564992904663,0.20637446641921997,229.03368955030592,0.6151084899902344,18,9,8,9,0.05651190241983081,6
SHC043,5659,emergency_action,emergency_action,C24,5951,rrf_fill,0.2733626067638397,0.20637446641921997,226.66045688725953,0.6126669645309448,20,8,11,11,0.05537489643744822,8
SHC043,5659,emergency_action,emergency_action,C25,5780,rrf_fill,0.28159624338150024,0.20637446641921997,236.92887410864037,0.5988587141036987,16,6,6,20,0.055960925039872406,7
SHC044,4939,emergency_action,emergency_action,C01,4966,bm25|word10|word5,0.509516716003418,0.4525590240955353,231.55396548895945,0.7450717687606812,1,1,1,7,0.06410570100318082,1
SHC044,4939,emergency_action,emergency_action,C02,4950,rrf_fill,0.4649145305156708,0.37449368834495544,199.0048650293786,0.7073954343795776,11,12,18,19,0.05345213659975649,10
SHC044,4939,emergency_action,emergency_action,C03,4999,bm25|word10|word5,0.509516716003418,0.4525590240955353,231.1645299159041,0.7316954135894775,3,3,2,8,0.06258094635703744,2
SHC044,4939,emergency_action,emergency_action,C04,5145,rrf_fill,0.43251270055770874,0.3513977527618408,191.41946773054113,0.728670060634613,33,30,33,10,0.04690220174091142,22
SHC044,4939,emergency_action,emergency_action,C05,5089,function,0.4604119658470154,0.3691530227661133,195.42477138570533,0.7700550556182861,19,17,23,4,0.05331843360619859,12
SHC044,4939,emergency_action,emergency_action,C06,5165,rrf_fill,0.43328192830085754,0.307968407869339,199.83891058397413,0.73100745677948,31,54,16,9,0.0474115891736029,19
SHC044,4939,emergency_action,emergency_action,C07,4975,rrf_fill,0.46183010935783386,0.37404054403305054,190.7066728405246,0.6531209945678711,12,13,35,53,0.046963392337472765,21
SHC044,4939,emergency_action,emergency_action,C08,5011,rrf_fill,0.46183010935783386,0.37404054403305054,194.02106732956602,0.7084406614303589,13,14,26,17,0.051827063614256985,13
SHC044,4939,emergency_action,emergency_action,C09,5054,function,0.4458557069301605,0.35317128896713257,189.92787255639783,0.771827220916748,22,28,37,3,0.04974105253838721,16
SHC044,4939,emergency_action,emergency_action,C10,5005,bm25|word10|word5,0.509516716003418,0.4525590240955353,227.02742308088506,0.7283311486244202,4,4,4,12,0.06076388888888889,5
SHC044,4939,emergency_action,emergency_action,C11,4958,rrf_fill,0.47640424966812134,0.41244739294052124,198.56287290312417,0.706075131893158,10,7,19,22,0.05406443721936342,9
SHC044,4939,emergency_action,emergency_action,C12,4942,rrf_fill,0.46157023310661316,0.36735832691192627,199.59948537143862,0.700249433517456,16,18,17,27,0.05045967341793113,15
SHC044,4939,emergency_action,emergency_action,C13,5117,rrf_fill,0.48139268159866333,0.4162916839122772,190.14063337134667,0.7203006744384766,9,6,36,15,0.05339426877470356,11
SHC044,4939,emergency_action,emergency_action,C14,5022,function,0.48710280656814575,0.38171711564064026,217.91117642504048,0.7759454250335693,6,9,6,1,0.06118922654916953,3
SHC044,4939,emergency_action,emergency_action,C15,4943,bm25|word5,0.48710280656814575,0.38171711564064026,223.82410061571522,0.7070316672325134,5,8,5,20,0.05797511312217195,7
SHC044,4939,emergency_action,emergency_action,C16,5123,rrf_fill,0.46108007431030273,0.3747827112674713,195.89890773624072,0.6435214877128601,18,11,22,61,0.04736460462390321,20
SHC044,4939,emergency_action,emergency_action,C17,4970,bm25|word10|word5,0.509516716003418,0.4525590240955353,227.41982118945438,0.7080961465835571,2,2,3,18,0.06095159320965772,4
SHC044,4939,emergency_action,emergency_action,C18,5071,function,0.48710280656814575,0.38171711564064026,217.91117642504048,0.7616837620735168,7,10,7,5,0.05952107593898639,6
SHC044,4939,emergency_action,emergency_action,C19,4993,function,0.4481711685657501,0.36028745770454407,200.41089665483008,0.7744978070259094,21,21,14,2,0.05433390379626939,8
SHC044,4939,emergency_action,emergency_action,C20,4941,same_family_recent,0.420554518699646,0.34590867161750793,179.9162560827146,0.6996042728424072,40,37,58,28,0.04014749098533827,37
SHC044,4939,emergency_action,emergency_action,C21,5061,rrf_fill,0.46183010935783386,0.37404054403305054,187.14240791339364,0.6784517168998718,14,15,44,38,0.046666313094884525,23
SHC044,4939,emergency_action,emergency_action,C22,5080,word10,0.4844614565372467,0.42097097635269165,192.7231890338376,0.6821900010108948,8,5,29,36,0.051743119460403005,14
SHC044,4939,emergency_action,emergency_action,C23,4995,rrf_fill,0.4441717863082886,0.35459524393081665,192.75413399292708,0.7195420265197754,23,24,28,16,0.04847448577632471,18
SHC044,4939,emergency_action,emergency_action,C24,4940,same_family_recent,0.3560134172439575,0.30329054594039917,175.06473084112253,,70,55,79,,0.023582204470537285,96
SHC044,4939,emergency_action,emergency_action,C25,4973,rrf_fill,0.4389837682247162,0.3648053705692291,194.15005740833283,0.7255392074584961,30,20,25,13,0.04907444713045035,17
SHC045,11373,emergency_action,emergency_action,C01,2498,rrf_fill,0.005792359821498394,0.0,78.6446534933694,0.5498958230018616,41,232,69,12,0.03496647450664149,11
SHC045,11373,emergency_action,emergency_action,C02,2681,rrf_fill,0.00843650009483099,0.0,84.96507889976034,0.5129240155220032,22,412,25,77,0.03337774197436177,14
SHC045,11373,emergency_action,emergency_action,C03,2313,rrf_fill,0.00726339453831315,0.0,61.61394439587281,0.5272499918937683,34,52,420,39,0.03175121273525529,17
SHC045,11373,emergency_action,emergency_action,C04,11397,word10,0.010449766181409359,0.00266381842084229,56.1194103479339,,9,5,638,,0.03131003376425078,21
SHC045,11373,emergency_action,emergency_action,C05,7082,bm25,0.0,0.0,102.79873926964845,,2285,2252,4,,0.016483965183966474,126
SHC045,11373,emergency_action,emergency_action,C06,2667,rrf_fill,0.00843650009483099,0.0,98.83182417897822,0.5316393971443176,21,398,9,29,0.04025779380525098,5
SHC045,11373,emergency_action,emergency_action,C07,2282,rrf_fill,0.005000666715204716,0.0,78.38171422342127,0.5068723559379578,78,22,71,104,0.03317264752468301,15
SHC045,11373,emergency_action,emergency_action,C08,2279,rrf_fill,0.005000666715204716,0.0,79.5050919367867,0.5207879543304443,76,19,59,54,0.03718646019367107,6
SHC045,11373,emergency_action,emergency_action,C09,11434,rrf_fill,0.010449766181409359,0.00266381842084229,75.74012817315223,0.44575610756874084,16,12,102,805,0.03437569249606568,12
SHC045,11373,emergency_action,emergency_action,C10,11381,bm25|function|same_family_recent|word10|word5,0.5708653926849365,0.4742581248283386,425.806278804251,0.7504734992980957,1,1,1,2,0.06530936012691697,1
SHC045,11373,emergency_action,emergency_action,C11,3369,function,0.0,0.0,77.8107413476339,0.5676475167274475,1120,1072,76,4,0.024708791029737644,52
SHC045,11373,emergency_action,emergency_action,C12,2331,bm25|word5,0.01079302653670311,0.0,115.48187151682117,0.46114468574523926,5,70,3,544,0.0406055680890118,3
SHC045,11373,emergency_action,emergency_action,C13,11462,rrf_fill,0.010449766181409359,0.00266381842084229,72.95601401099765,0.37542808055877686,19,15,138,2330,0.03146047627378065,18
SHC045,11373,emergency_action,emergency_action,C14,11391,word10,0.010449766181409359,0.00266381842084229,64.89726516314167,0.34722697734832764,8,4,300,2726,0.033467597675586144,13
SHC045,11373,emergency_action,emergency_action,C15,11385,bm25|function|word10|word5,0.37213772535324097,0.24797531962394714,377.5138590149864,0.7624173164367676,2,2,2,1,0.06478053939714437,2
SHC045,11373,emergency_action,emergency_action,C16,11401,rrf_fill,0.010449766181409359,0.00266381842084229,75.69416060161251,0.3056139349937439,11,7,103,3001,0.035471540125714345,9
SHC045,11373,emergency_action,emergency_action,C17,11400,rrf_fill,0.010449766181409359,0.00266381842084229,65.6213328850834,0.41963037848472595,10,6,284,1394,0.03303196409063144,16
SHC045,11373,emergency_action,emergency_action,C18,2381,same_family_recent,0.0025048337411135435,0.0,63.09980660927856,0.5084983110427856,247,120,363,92,0.017755898108058048,100
SHC045,11373,emergency_action,emergency_action,C19,2489,rrf_fill,0.00843650009483099,0.0,99.63236655675209,0.5259951949119568,20,225,8,42,0.040518575851393186,4
SHC045,11373,emergency_action,emergency_action,C20,7139,function,0.0,0.0,55.42220551480032,0.5865986347198486,2341,2308,666,3,0.01808921676649612,96
SHC045,11373,emergency_action,emergency_action,C21,2486,function,0.0,0.0,45.915653811139194,0.5614128112792969,298,222,1385,5,0.02241605228727235,58
SHC045,11373,emergency_action,emergency_action,C22,2278,word10|word5,0.021331828087568283,0.013754842802882195,69.34392495976886,,3,3,195,,0.035667600373482725,8
SHC045,11373,emergency_action,emergency_action,C23,2311,rrf_fill,0.00726339453831315,0.0,88.5766622705266,0.47924375534057617,32,50,16,314,0.03579216583658635,7
SHC045,11373,emergency_action,emergency_action,C24,2336,word5,0.013055754825472832,0.0,68.27969880555811,0.5213906764984131,4,75,220,53,0.03545339350095987,10
SHC045,11373,emergency_action,emergency_action,C25,2354,bm25,0.0,0.0,102.2325017936359,0.42136338353157043,259,93,5,1346,0.025766596888621016,48
SHC046,6509,emergency_action,emergency_action,C01,6566,bm25|function|same_family_recent|word10|word5,0.7880948781967163,0.6779497265815735,362.83611502803296,0.8670412302017212,1,1,1,2,0.06530936012691697,1
SHC046,6509,emergency_action,emergency_action,C02,1975,rrf_fill,0.014960132539272308,0.0,76.39445357010467,0.4420989453792572,20,263,22,342,0.030278659372472382,14
SHC046,6509,emergency_action,emergency_action,C03,6655,bm25|function|word10|word5,0.734368622303009,0.6664753556251526,357.535851578588,0.8830044269561768,2,2,2,1,0.06478053939714437,2
SHC046,6509,emergency_action,emergency_action,C04,6571,rrf_fill,0.031722065061330795,0.0,106.13970294577277,0.37355828285217285,10,2780,13,2155,0.02878792436737995,19
SHC046,6509,emergency_action,emergency_action,C05,6572,bm25|word10|word5,0.330477237701416,0.2431507408618927,219.04420089530345,0.5066694617271423,4,4,4,23,0.058923192771084335,3
SHC046,6509,emergency_action,emergency_action,C06,6543,bm25|same_family_recent|word10|word5,0.3574749827384949,0.24879886209964752,255.85723129309127,0.47062355279922485,3,3,3,92,0.05419799498746867,5
SHC046,6509,emergency_action,emergency_action,C07,6632,rrf_fill,0.030013909563422203,0.0,108.40074409615876,,13,2830,11,,0.028129157940485497,20
SHC046,6509,emergency_action,emergency_action,C08,6697,rrf_fill,0.04290337488055229,0.0,136.98327114601426,0.5364903211593628,6,2882,6,9,0.04513568875286725,8
SHC046,6509,emergency_action,emergency_action,C09,1906,rrf_fill,0.015400046482682228,0.0,57.32795944898293,0.47649329900741577,16,194,163,73,0.02909800453607448,17
SHC046,6509,emergency_action,emergency_action,C10,1761,rrf_fill,0.013605296611785889,0.0,69.72568431672912,0.4275332987308502,26,49,43,572,0.032093235248440016,13
SHC046,6509,emergency_action,emergency_action,C11,6561,rrf_fill,0.03471771255135536,0.0,127.90600041062696,0.5433067083358765,7,2771,7,7,0.045129351476457344,9
SHC046,6509,emergency_action,emergency_action,C12,1876,function,0.020548950880765915,0.0,99.30722880260399,0.5870188474655151,14,164,14,4,0.04711631274131274,6
SHC046,6509,emergency_action,emergency_action,C13,6659,rrf_fill,0.031722065061330795,0.0,117.05895758544533,0.38960880041122437,12,2848,10,1612,0.029116568253613063,16
SHC046,6509,emergency_action,emergency_action,C14,6613,function,0.03471771255135536,0.0,122.9897177884438,0.6639658808708191,8,2817,8,3,0.04563236486808835,7
SHC046,6509,emergency_action,emergency_action,C15,1733,rrf_fill,0.0,0.0,58.02868120085988,0.4909115731716156,595,21,145,37,0.029059723700600854,18
SHC046,6509,emergency_action,emergency_action,C16,1949,rrf_fill,0.014960132539272308,0.0,76.3763421283655,0.47908854484558105,19,237,23,64,0.03613794011522123,11
SHC046,6509,emergency_action,emergency_action,C17,1875,function,0.0028488095849752426,0.0,55.73749198833168,0.5630175471305847,429,163,198,5,0.025789879084649997,24
SHC046,6509,emergency_action,emergency_action,C18,6741,bm25|word10|word5,0.3154447078704834,0.2133951038122177,203.40576790539342,0.4945788085460663,5,5,5,32,0.05702341137123746,4
SHC046,6509,emergency_action,emergency_action,C19,2208,rrf_fill,0.014724330976605415,0.0,71.47406935352198,0.44697004556655884,23,493,38,277,0.02702795171819697,23
SHC046,6509,emergency_action,emergency_action,C20,1784,rrf_fill,0.012111322954297066,0.0,60.23995951600963,0.41403645277023315,31,72,105,894,0.02567359265472473,25
SHC046,6509,emergency_action,emergency_action,C21,6544,rrf_fill,0.031722065061330795,0.0,120.07244939575095,0.5139659643173218,9,2754,9,18,0.04216138609389745,10
SHC046,6509,emergency_action,emergency_action,C22,6950,rrf_fill,0.014955992810428143,0.0,78.43566055693773,0.4348224401473999,21,3082,19,445,0.02730237349896312,21
SHC046,6509,emergency_action,emergency_action,C23,6695,rrf_fill,0.004593333695083857,0.0,98.14031143271157,0.5539406538009644,171,2881,15,6,0.03315387321507689,12
SHC046,6509,emergency_action,emergency_action,C24,6595,rrf_fill,0.031722065061330795,0.0,107.06137169665503,0.4154905080795288,11,2801,12,851,0.029420618908991687,15
SHC046,6509,emergency_action,emergency_action,C25,1947,rrf_fill,0.01501740887761116,0.0,68.37681827773089,0.4330155849456787,18,235,50,479,0.02715653998946977,22
SHC047,6741,emergency_action,emergency_action,C01,2124,bm25,0.0,0.0,81.70149621930422,0.49307775497436523,477,199,5,444,0.02309194362266988,22
SHC047,6741,emergency_action,emergency_action,C02,1927,word10,0.0,0.0,41.464932920577404,0.44963639974594116,288,4,1019,1223,0.020204770504517144,36
SHC047,6741,emergency_action,emergency_action,C03,1975,same_family_recent,0.0026071458123624325,0.0,76.45811780042216,0.5832878947257996,223,52,14,27,0.0374699067202418,2
SHC047,6741,emergency_action,emergency_action,C04,6967,word5,0.01127916295081377,0.0,65.81455729554297,0.4534013867378235,2,2695,55,1130,0.026027996972964915,11
SHC047,6741,emergency_action,emergency_action,C05,1949,same_family_recent,0.0026071458123624325,0.0,72.93218527476756,0.6056855916976929,222,26,21,13,0.041218315416856305,1
SHC047,6741,emergency_action,emergency_action,C06,1968,rrf_fill,0.0,0.0,59.76613838498192,0.5731292963027954,327,45,116,37,0.028098885384308544,9
SHC047,6741,emergency_action,emergency_action,C07,6767,bm25,0.007265210617333651,0.0,84.20987083023384,0.5120594501495361,10,2534,3,262,0.03364982523240711,4
SHC047,6741,emergency_action,emergency_action,C08,28,word10,0.0,0.0,25.635583115705295,0.42476317286491394,286,2,3168,1951,0.01982626005398326,40
SHC047,6741,emergency_action,emergency_action,C09,7723,function,0.0,0.0,42.98173924482489,0.6290658712387085,3411,3335,890,2,0.017764316058723528,75
SHC047,6741,emergency_action,emergency_action,C10,6814,rrf_fill,0.007265210617333651,0.0,77.11626327803461,0.4784880578517914,13,2570,11,627,0.029618969391813365,7
SHC047,6741,emergency_action,emergency_action,C11,6971,bm25,0.006810828112065792,0.0,82.21019690855782,0.5233153104782104,20,2697,4,180,0.03265437976060936,5
SHC047,6741,emergency_action,emergency_action,C12,29,word10,0.0,0.0,20.852651966651266,,287,3,4011,,0.019000500145337777,59
SHC047,6741,emergency_action,emergency_action,C13,1930,rrf_fill,0.0,0.0,44.74065134117579,0.5558401346206665,291,7,727,69,0.026796961998322884,10
SHC047,6741,emergency_action,emergency_action,C14,6742,bm25|word5,0.0188869908452034,0.0,139.28518503412104,0.5107933282852173,1,2511,1,275,0.03616091358727529,3
SHC047,6741,emergency_action,emergency_action,C15,2205,function,0.0,0.0,46.1784937141357,0.61607825756073,548,279,619,5,0.021451958784168917,27
SHC047,6741,emergency_action,emergency_action,C16,14382,word5,0.00824806746095419,0.0,43.30519566761839,0.45831695199012756,5,4929,852,1018,0.017609191367606497,76
SHC047,6741,emergency_action,emergency_action,C17,3691,function,0.0,0.0,25.213450259679174,0.6208791136741638,1950,1714,3242,4,0.016989057055298757,93
SHC047,6741,emergency_action,emergency_action,C18,27,word10,0.0,0.0,14.509402343372605,0.3426159620285034,285,1,4821,3492,0.01977840092910979,41
SHC047,6741,emergency_action,emergency_action,C19,3379,function,0.0,0.0,45.889109795376896,0.6305810213088989,1657,1415,641,1,0.019080353430478238,54
SHC047,6741,emergency_action,emergency_action,C20,2143,bm25,0.0026071458123624325,0.0,85.45685416056291,0.4484376907348633,233,218,2,1258,0.023897849184925643,18
SHC047,6741,emergency_action,emergency_action,C21,1928,word10,0.0,0.0,41.979058059679815,0.4188920259475708,289,5,978,2115,0.01967310614925344,43
SHC047,6741,emergency_action,emergency_action,C22,6872,word5,0.009188896045088768,0.0,75.95650283512788,0.42456573247909546,4,2614,15,1958,0.029827845050244634,6
SHC047,6741,emergency_action,emergency_action,C23,2863,word5,0.009282580576837063,0.0,40.88221512120944,0.46074962615966797,3,919,1063,969,0.01875675558115006,60
SHC047,6741,emergency_action,emergency_action,C24,19483,function,0.0,0.0,55.755661640627466,0.6288321018218994,5433,5422,198,3,0.020113449923874233,38
SHC047,6741,emergency_action,emergency_action,C25,14461,rrf_fill,0.00824806746095419,0.0,58.493136733079595,0.557062566280365,6,4954,140,65,0.028350956715137012,8
SHC048,9936,emergency_action,emergency_action,C01,5432,same_family_recent,0.00521437730640173,0.0,53.27533650669485,0.4530816972255707,1457,3556,321,1839,0.004087009313378426,1019
SHC048,9936,emergency_action,emergency_action,C02,5429,same_family_recent,0.0,0.0,29.242116053998064,,4730,3553,3546,,0.0007628621529405012,5886
SHC048,9936,emergency_action,emergency_action,C03,3678,function,0.005480158142745495,0.0,69.08402376292771,0.5896643996238708,1451,2726,51,5,0.025414375307121633,37
SHC048,9936,emergency_action,emergency_action,C04,10095,rrf_fill,0.035892605781555176,0.014557848684489727,65.1147293032581,0.5279521942138672,20,14,77,177,0.037532192869206636,7
SHC048,9936,emergency_action,emergency_action,C05,10167,word10|word5,0.05305551737546921,0.022640980780124664,61.3516545456376,0.5053768754005432,3,3,123,417,0.039306948679048895,5
SHC048,9936,emergency_action,emergency_action,C06,10828,word5,0.05253862962126732,0.012918281368911266,64.34944875826007,0.5169464945793152,4,16,85,275,0.03866452108784571,6
SHC048,9936,emergency_action,emergency_action,C07,2271,bm25|function,0.01723325252532959,0.0,90.12142417491361,0.5958797335624695,287,1370,4,2,0.03533517733776867,9
SHC048,9936,emergency_action,emergency_action,C08,11290,word10,0.036783840507268906,0.020477326586842537,27.681447792170086,0.4526461660861969,18,4,3847,1860,0.029222297011281526,21
SHC048,9936,emergency_action,emergency_action,C09,2311,function,0.010247101075947285,0.0,59.228713159982306,0.5921766757965088,715,1409,154,4,0.022268954970916372,61
SHC048,9936,emergency_action,emergency_action,C10,10721,rrf_fill,0.021473059430718422,0.006202567368745804,68.85782106024965,0.5722296237945557,144,93,56,16,0.03321649288874654,11
SHC048,9936,emergency_action,emergency_action,C11,1302,bm25,0.034613773226737976,0.0,98.75686199814679,0.5800233483314514,21,412,2,10,0.04487906962392109,4
SHC048,9936,emergency_action,emergency_action,C12,2370,function,0.019695740193128586,0.0,71.28042649327547,0.6078135967254639,176,1468,41,1,0.031186171119334048,16
SHC048,9936,emergency_action,emergency_action,C13,3598,bm25,0.005456951912492514,0.0,88.41442621877297,0.5890706777572632,1452,2649,5,7,0.03134050408434303,15
SHC048,9936,emergency_action,emergency_action,C14,9974,rrf_fill,0.04154057055711746,0.0,87.95840123345899,0.48912230134010315,9,6333,7,727,0.03084519587357465,17
SHC048,9936,emergency_action,emergency_action,C15,9954,bm25|word5,0.05028189346194267,0.012100866064429283,95.93359932407716,0.4765848219394684,5,17,3,1095,0.04511044511044511,3
SHC048,9936,emergency_action,emergency_action,C16,9975,bm25|word10|word5,0.1820930391550064,0.12144625186920166,165.06300333183302,0.48336830735206604,1,1,1,897,0.0502252599482673,1
SHC048,9936,emergency_action,emergency_action,C17,10739,rrf_fill,0.048276159912347794,0.009114894084632397,56.54526593278974,0.5183706879615784,6,42,202,250,0.03199803706488528,13
SHC048,9936,emergency_action,emergency_action,C18,1772,function,0.0037361180875450373,0.0,44.25729936961087,0.593653678894043,1749,874,1030,3,0.018413902474807307,108
SHC048,9936,emergency_action,emergency_action,C19,10405,rrf_fill,0.040446072816848755,0.019728653132915497,53.707565299549714,0.5215901732444763,12,6,292,226,0.035377816627816625,8
SHC048,9936,emergency_action,emergency_action,C20,10111,rrf_fill,0.03071393258869648,0.012100866064429283,66.28728692597005,0.5170336365699768,31,36,68,273,0.03222118065868066,12
SHC048,9936,emergency_action,emergency_action,C21,10879,word10|word5,0.061497610062360764,0.045572906732559204,81.81313423839532,0.47737741470336914,2,2,12,1070,0.04703190915723031,2
SHC048,9936,emergency_action,emergency_action,C22,10103,rrf_fill,0.03071393258869648,0.012100866064429283,68.2813990787848,0.46857118606567383,30,34,61,1308,0.030744865945415676,18
SHC048,9936,emergency_action,emergency_action,C23,11289,word10,0.032074205577373505,0.020148081704974174,32.0052072831357,0.3502788543701172,27,5,2988,5437,0.027388869657176004,25
SHC048,9936,emergency_action,emergency_action,C24,10110,rrf_fill,0.04253684729337692,0.014557848684489727,62.45795178819262,0.44605541229248047,7,15,107,2115,0.03470650053470003,10
SHC048,9936,emergency_action,emergency_action,C25,10870,rrf_fill,0.037242304533720016,0.015218882821500301,52.80960545440795,0.4878315031528473,16,7,351,769,0.03172263051311294,14
SHC049,5163,emergency_action,emergency_action,C01,5499,word10|word5,0.40017691254615784,0.2907639741897583,210.04470442871164,0.7642371654510498,5,5,21,8,0.05782079213451763,7
SHC049,5163,emergency_action,emergency_action,C02,5523,bm25|function|word10|word5,0.5902265906333923,0.42740345001220703,258.6129205277912,0.8611614108085632,3,4,4,3,0.06299603174603174,4
SHC049,5163,emergency_action,emergency_action,C03,5497,rrf_fill,0.3392557203769684,0.23058515787124634,215.5490332254441,0.7229083776473999,12,25,14,15,0.05250044161808868,13
SHC049,5163,emergency_action,emergency_action,C04,5258,rrf_fill,0.32077786326408386,0.2518870532512665,177.92876044077943,0.6468169689178467,16,14,57,50,0.04430932588827326,19
SHC049,5163,emergency_action,emergency_action,C05,5166,same_family_recent,0.3164036273956299,0.25160905718803406,220.33088324781247,0.4293883740901947,20,15,8,4343,0.04076633356045121,28
SHC049,5163,emergency_action,emergency_action,C06,5349,rrf_fill,0.3644656538963318,0.27051952481269836,217.31156362610366,0.7667719721794128,10,9,10,7,0.057989555328945334,6
SHC049,5163,emergency_action,emergency_action,C07,6026,rrf_fill,0.31209003925323486,0.21743053197860718,213.1875159624283,0.6355435252189636,25,34,16,63,0.04369097979234848,20
SHC049,5163,emergency_action,emergency_action,C08,5716,rrf_fill,0.31802627444267273,0.23772847652435303,215.93873439500936,0.5979850888252258,17,20,13,127,0.04453323670688699,18
SHC049,5163,emergency_action,emergency_action,C09,5402,rrf_fill,0.3392557203769684,0.23058515787124634,217.31156362610366,0.7610045671463013,11,24,11,9,0.05456652961245735,10
SHC049,5163,emergency_action,emergency_action,C10,5362,bm25|function|word10|word5,0.6140678524971008,0.4921710789203644,266.8032676713322,0.8729740381240845,2,2,3,1,0.06452452301209573,2
SHC049,5163,emergency_action,emergency_action,C11,5343,rrf_fill,0.3033098578453064,0.21253685653209686,199.14676740108774,0.6926478147506714,29,44,34,22,0.04368475949512433,21
SHC049,5163,emergency_action,emergency_action,C12,5317,rrf_fill,0.3644656538963318,0.27051952481269836,222.24436348818963,0.7355613708496094,9,8,6,12,0.05823904001653362,5
SHC049,5163,emergency_action,emergency_action,C13,5165,same_family_recent,0.3220289647579193,0.2618463635444641,196.46565084014898,0.7258530259132385,15,13,36,13,0.0511472602739726,14
SHC049,5163,emergency_action,emergency_action,C14,5578,function,0.39664167165756226,0.2907639741897583,206.4984661880946,0.782389760017395,6,6,25,5,0.05745235156999863,9
SHC049,5163,emergency_action,emergency_action,C15,5574,rrf_fill,0.3392557203769684,0.23058515787124634,217.3113027505445,0.7756991982460022,13,27,12,6,0.05423328705095356,11
SHC049,5163,emergency_action,emergency_action,C16,5876,bm25,0.3235545754432678,0.23772847652435303,226.39936000872717,0.6906887292861938,14,21,5,23,0.05329200068155891,12
SHC049,5163,emergency_action,emergency_action,C17,5289,bm25|function|word10|word5,0.5877014398574829,0.4705944359302521,273.7235954700734,0.8245433568954468,4,3,2,4,0.06325204813108039,3
SHC049,5163,emergency_action,emergency_action,C18,5229,rrf_fill,0.31770455837249756,0.265371710062027,170.51105254763397,0.6284591555595398,19,11,65,75,0.04215014229776219,24
SHC049,5163,emergency_action,emergency_action,C19,5582,rrf_fill,0.3082592785358429,0.23058515787124634,200.33768698276887,0.7404347062110901,27,28,33,11,0.04769508445149612,17
SHC049,5163,emergency_action,emergency_action,C20,5505,rrf_fill,0.3082592785358429,0.23058515787124634,200.51764545077057,0.7470401525497437,26,26,32,10,0.04841109345659396,16
SHC049,5163,emergency_action,emergency_action,C21,5231,bm25|function|word10|word5,0.8836751580238342,0.7883684635162354,337.14955601164314,0.8642523884773254,1,1,1,2,0.06530936012691697,1
SHC049,5163,emergency_action,emergency_action,C22,5536,rrf_fill,0.3742101788520813,0.2653695344924927,218.56264888148195,0.5995094776153564,7,12,9,121,0.048831877524858694,15
SHC049,5163,emergency_action,emergency_action,C23,5260,rrf_fill,0.3725091218948364,0.2792501449584961,221.95657299730726,0.7186823487281799,8,7,7,16,0.05771452335844,8
SHC049,5163,emergency_action,emergency_action,C24,5203,rrf_fill,0.31770455837249756,0.265371710062027,180.30780620977492,0.6250829696655273,18,10,54,77,0.04317742700378121,22
SHC049,5163,emergency_action,emergency_action,C25,5951,rrf_fill,0.31562525033950806,0.21743053197860718,210.45436996241716,0.6236633658409119,22,33,19,80,0.04274889511422093,23
SHC050,5536,emergency_action,emergency_action,C01,6329,rrf_fill,0.3938916325569153,0.265626460313797,249.4394167072248,0.6807478666305542,8,12,7,9,0.05801289799934683,6
SHC050,5536,emergency_action,emergency_action,C02,6566,function,0.3865480422973633,0.265626460313797,247.7752482627125,0.7053769826889038,13,16,11,3,0.0568140477890978,7
SHC050,5536,emergency_action,emergency_action,C03,5851,rrf_fill,0.37119409441947937,0.27298688888549805,244.20578435057791,0.587844967842102,18,8,13,121,0.046749887188893335,22
SHC050,5536,emergency_action,emergency_action,C04,6655,rrf_fill,0.39380866289138794,0.265626460313797,246.81419150730449,0.6703619956970215,11,17,12,13,0.054659039055141696,11
SHC050,5536,emergency_action,emergency_action,C05,5780,rrf_fill,0.3583907186985016,0.2408307045698166,222.15204140905755,0.6524459719657898,20,22,24,23,0.04864807662706576,18
SHC050,5536,emergency_action,emergency_action,C06,5578,word10,0.3706822395324707,0.2770955264568329,229.61693006034454,0.6649014949798584,19,5,19,15,0.05403440441415125,12
SHC050,5536,emergency_action,emergency_action,C07,5616,rrf_fill,0.30458831787109375,0.23252932727336884,223.82995342104718,0.6509130001068115,31,27,23,25,0.046296162516011485,24
SHC050,5536,emergency_action,emergency_action,C08,6063,rrf_fill,0.34834861755371094,0.23506981134414673,196.70129466640338,0.6746339797973633,21,25,32,12,0.04886883900097881,17
SHC050,5536,emergency_action,emergency_action,C09,6396,function,0.3938916325569153,0.265626460313797,249.4394167072248,0.6923167109489441,9,13,8,5,0.05828188149773127,5
SHC050,5536,emergency_action,emergency_action,C10,5574,bm25|word10|word5,0.4292144775390625,0.32754915952682495,290.48880953947037,0.663804829120636,2,2,2,16,0.06154499151103565,3
SHC050,5536,emergency_action,emergency_action,C11,6572,rrf_fill,0.2875886559486389,0.21517927944660187,185.74054864037114,0.6913430094718933,36,36,36,6,0.04640151515151515,23
SHC050,5536,emergency_action,emergency_action,C12,5951,word5,0.41525715589523315,0.2698320150375366,240.15110498425528,0.6562530398368835,5,9,17,20,0.05536438199481678,9
SHC050,5536,emergency_action,emergency_action,C13,5876,bm25|function|word10|word5,0.4279519319534302,0.3234619200229645,252.0487512396864,0.7059942483901978,3,3,5,2,0.06325967938871165,2
SHC050,5536,emergency_action,emergency_action,C14,5862,rrf_fill,0.4033980667591095,0.2540563941001892,237.10382728940553,0.656548798084259,6,18,18,19,0.053450768640642056,14
SHC050,5536,emergency_action,emergency_action,C15,5582,word10,0.3921624422073364,0.3075680136680603,248.1521584771197,0.645930290222168,12,4,10,29,0.05503555823078295,10
SHC050,5536,emergency_action,emergency_action,C16,5872,rrf_fill,0.29211747646331787,0.21517927944660187,194.4424298913958,0.684040904045105,32,32,34,8,0.04708331066006421,20
SHC050,5536,emergency_action,emergency_action,C17,5659,rrf_fill,0.37119409441947937,0.27298688888549805,248.56400154817337,0.617304265499115,16,6,9,54,0.05157409333610707,16
SHC050,5536,emergency_action,emergency_action,C18,5556,same_family_recent,0.31183597445487976,0.2411983162164688,212.68344390245548,0.6521732211112976,27,21,27,24,0.04723894666423402,19
SHC050,5536,emergency_action,emergency_action,C19,6337,rrf_fill,0.2875886559486389,0.21517927944660187,195.43164534523055,0.6902187466621399,34,34,33,7,0.04695465705105222,21
SHC050,5536,emergency_action,emergency_action,C20,5716,bm25|function|word10|word5,0.6066614985466003,0.4601517915725708,314.32289807468726,0.8247374296188354,1,1,1,1,0.06557377049180328,1
SHC050,5536,emergency_action,emergency_action,C21,6240,rrf_fill,0.3784872889518738,0.265626460313797,249.72151480244304,0.6586558818817139,15,11,6,18,0.05538986834761483,8
SHC050,5536,emergency_action,emergency_action,C22,6026,function|word5,0.41650110483169556,0.2698320150375366,242.9592818762605,0.7025138139724731,4,10,15,4,0.05886904761904762,4
SHC050,5536,emergency_action,emergency_action,C23,6453,bm25,0.3938916325569153,0.265626460313797,252.521858535793,0.6132965683937073,10,14,4,59,0.05182758914376562,15
SHC050,5536,emergency_action,emergency_action,C24,6509,bm25,0.3951210677623749,0.265626460313797,256.885366953535,0.6250278353691101,7,15,3,43,0.05384046020475523,13
SHC050,5536,emergency_action,emergency_action,C25,1151,same_family_recent,0.01540472824126482,0.0,90.2588933334899,0.5366232395172119,184,114,84,703,0.01810054752647883,112
SHC051,4881,emergency_action,emergency_action,C01,4883,same_family_recent,0.32443469762802124,0.2693462371826172,170.22977014823454,0.6658444404602051,70,49,70,59,0.032962288655758704,57
SHC051,4881,emergency_action,emergency_action,C02,5080,rrf_fill,0.4005773961544037,0.3368994891643524,182.4626268981939,0.696721076965332,8,8,28,23,0.052823593840603054,12
SHC051,4881,emergency_action,emergency_action,C03,5005,bm25,0.41731005907058716,0.3651765286922455,214.81076410079197,0.6995859146118164,7,7,3,20,0.05822376214167259,5
SHC051,4881,emergency_action,emergency_action,C04,4970,bm25|word10|word5,0.41731005907058716,0.3651765286922455,209.515823796952,0.7236790657043457,5,5,5,8,0.060859728506787336,4
SHC051,4881,emergency_action,emergency_action,C05,5071,rrf_fill,0.397687703371048,0.30176013708114624,192.77503788400114,0.7273081541061401,13,17,18,6,0.05465767109602726,10
SHC051,4881,emergency_action,emergency_action,C06,4911,rrf_fill,0.39843255281448364,0.3332017660140991,207.60463060066684,0.679559588432312,9,9,7,40,0.05391088038070517,11
SHC051,4881,emergency_action,emergency_action,C07,4999,rrf_fill,0.41731005907058716,0.3651765286922455,199.57264122956653,0.6824934482574463,6,6,10,35,0.05511506037821827,7
SHC051,4881,emergency_action,emergency_action,C08,4989,rrf_fill,0.37072157859802246,0.28098732233047485,184.05311580040058,0.7024677395820618,28,32,24,17,0.04712497647280256,20
SHC051,4881,emergency_action,emergency_action,C09,4929,bm25|function|word10|word5,0.7741724252700806,0.6903695464134216,373.3169060131426,0.800428569316864,2,2,2,2,0.06451612903225806,2
SHC051,4881,emergency_action,emergency_action,C10,4939,bm25|word10|word5,0.43375828862190247,0.3651765286922455,210.35625167423916,0.7153056263923645,3,3,4,12,0.06125992063492063,3
SHC051,4881,emergency_action,emergency_action,C11,12279,same_family_recent,0.017691072076559067,0.0,58.01251904285908,0.44220593571662903,402,10047,378,1487,0.005192960926244127,450
SHC051,4881,emergency_action,emergency_action,C12,5022,rrf_fill,0.397687703371048,0.30176013708114624,192.77503788400114,0.726610541343689,12,16,17,7,0.05495916974707234,8
SHC051,4881,emergency_action,emergency_action,C13,4993,rrf_fill,0.3688068687915802,0.28257668018341064,183.09275410571107,0.7180073261260986,30,29,27,9,0.04833407266404251,18
SHC051,4881,emergency_action,emergency_action,C14,4958,rrf_fill,0.3935236632823944,0.32926931977272034,182.29068067579874,0.6705411672592163,14,11,30,53,0.04755868918900204,19
SHC051,4881,emergency_action,emergency_action,C15,4973,bm25|function|word10|word5,0.7869157791137695,0.70467609167099,373.4187090919727,0.8478128910064697,1,1,1,1,0.06557377049180328,1
SHC051,4881,emergency_action,emergency_action,C16,4930,rrf_fill,0.38538235425949097,0.30582237243652344,187.79345562299372,0.681732714176178,15,14,22,36,0.04945863546473303,15
SHC051,4881,emergency_action,emergency_action,C17,4966,word10|word5,0.41731005907058716,0.3651765286922455,194.3172669341937,0.6863746047019958,4,4,13,32,0.055818195354377605,6
SHC051,4881,emergency_action,emergency_action,C18,5089,rrf_fill,0.3795231282711029,0.29051297903060913,204.43534515142943,0.7015016078948975,23,25,8,18,0.05133929382689127,13
SHC051,4881,emergency_action,emergency_action,C19,4943,rrf_fill,0.397687703371048,0.30176013708114624,192.77503788400114,0.6673180460929871,11,15,16,57,0.04912274365943751,16
SHC051,4881,emergency_action,emergency_action,C20,4893,rrf_fill,0.36900776624679565,0.29385748505592346,209.16651573158595,0.6806671023368835,29,24,6,38,0.04849631374510989,17
SHC051,4881,emergency_action,emergency_action,C21,4950,rrf_fill,0.3834649324417114,0.2952938675880432,179.2488969636051,0.7173411250114441,16,19,40,10,0.050101836870657654,14
SHC051,4881,emergency_action,emergency_action,C22,4912,function,0.3443154990673065,0.2866210341453552,175.47759282058212,0.7275316715240479,55,28,54,5,0.0442158337467262,26
SHC051,4881,emergency_action,emergency_action,C23,5117,rrf_fill,0.3978908061981201,0.3327106833457947,192.74441670571738,0.7114001512527466,10,10,19,13,0.05492828655651614,9
SHC051,4881,emergency_action,emergency_action,C24,4926,function,0.34863588213920593,0.24847005307674408,176.98103083594063,0.7323247790336609,49,64,51,4,0.04187283706464677,31
SHC051,4881,emergency_action,emergency_action,C25,5056,function,0.33157214522361755,0.27231448888778687,162.03936394359113,0.7323670983314514,64,42,103,3,0.039876422895828954,37
SHC052,6337,emergency_action,emergency_action,C01,6425,rrf_fill,0.014182552695274353,0.0,116.79055239025557,0.5512096881866455,24,2916,13,79,0.0331336581514411,10
SHC052,6337,emergency_action,emergency_action,C02,6396,word10,0.29062002897262573,0.2300022691488266,216.62622868635725,0.4906136989593506,7,5,6,885,0.046519704728659954,5
SHC052,6337,emergency_action,emergency_action,C03,6741,bm25|function|word10|word5,0.6176983118057251,0.4350699782371521,346.4214361898022,0.8670166730880737,3,3,3,1,0.06401249024199844,3
SHC052,6337,emergency_action,emergency_action,C04,6466,bm25|function|word10|word5,0.7870171070098877,0.6491356492042542,377.26880395415253,0.8376976847648621,1,1,1,3,0.06505334374186833,1
SHC052,6337,emergency_action,emergency_action,C05,6460,rrf_fill,0.019291436299681664,0.0,114.50958352967302,0.5339289307594299,13,2949,14,177,0.03176388925756049,12
SHC052,6337,emergency_action,emergency_action,C06,6509,bm25|word5,0.29932546615600586,0.2300022691488266,216.77866270646913,0.42191362380981445,5,7,5,3162,0.04600497013571307,6
SHC052,6337,emergency_action,emergency_action,C07,1650,rrf_fill,0.0,0.0,57.3083206517052,0.5828312635421753,1052,59,141,20,0.026777766298186838,19
SHC052,6337,emergency_action,emergency_action,C08,6566,rrf_fill,0.29932546615600586,0.2300022691488266,211.51722588296968,0.4961594343185425,6,8,7,759,0.04600377185978591,7
SHC052,6337,emergency_action,emergency_action,C09,6655,rrf_fill,0.284692645072937,0.2300022691488266,208.02962968407843,0.4542282819747925,9,9,8,2051,0.04416509874190444,9
SHC052,6337,emergency_action,emergency_action,C10,6379,rrf_fill,0.02804579772055149,0.0,93.72258640142744,,10,2877,16,,0.02778409250910729,14
SHC052,6337,emergency_action,emergency_action,C11,1611,same_family_recent,0.0022376731503754854,0.0,45.794458415968734,0.4529765248298645,523,23,499,2101,0.01601511613038755,92
SHC052,6337,emergency_action,emergency_action,C12,6453,bm25,0.284692645072937,0.2300022691488266,218.71809448830282,0.4210640490055084,8,6,4,3182,0.04579084907755935,8
SHC052,6337,emergency_action,emergency_action,C13,6543,word10|word5,0.3462958335876465,0.2854854166507721,199.88871482439697,0.5563310384750366,4,4,9,58,0.05421732989437485,4
SHC052,6337,emergency_action,emergency_action,C14,6572,bm25|function|word10|word5,0.6926708221435547,0.5509660840034485,354.922953879981,0.8454104065895081,2,2,2,2,0.06451612903225806,2
SHC052,6337,emergency_action,emergency_action,C15,6544,rrf_fill,0.015325822867453098,0.0,83.50136571591683,0.5006232857704163,20,3028,20,654,0.02672439442098083,20
SHC052,6337,emergency_action,emergency_action,C16,6372,same_family_recent,0.004312984645366669,0.0,41.42142819583479,0.42045819759368896,200,2871,863,3199,0.005577600539016478,712
SHC052,6337,emergency_action,emergency_action,C17,6613,rrf_fill,0.01813863217830658,0.0,79.1370352953042,0.4950059652328491,18,3091,24,788,0.02622187957668458,21
SHC052,6337,emergency_action,emergency_action,C18,6478,rrf_fill,0.02127976529300213,0.0,62.72407275121865,0.5775601267814636,12,2965,89,24,0.03283563870202064,11
SHC052,6337,emergency_action,emergency_action,C19,6368,rrf_fill,0.011572439223527908,0.0,76.33756842492328,0.5412889719009399,36,2867,30,122,0.027363930009556933,17
SHC052,6337,emergency_action,emergency_action,C20,6742,rrf_fill,0.009269943460822105,0.0,119.5067520363988,0.5517732501029968,68,3188,10,77,0.029705366132106,13
SHC052,6337,emergency_action,emergency_action,C21,19292,function,0.0,0.0,49.74781319629068,0.6280916929244995,6643,6597,313,5,0.01836498527912625,67
SHC052,6337,emergency_action,emergency_action,C22,7723,function,0.0,0.0,41.07734676527753,0.6285851001739502,4363,4012,894,4,0.017144888485667257,77
SHC052,6337,emergency_action,emergency_action,C23,6395,rrf_fill,0.01813863217830658,0.0,95.56649477053612,0.4778015613555908,15,2889,15,1259,0.02776391477971099,15
SHC052,6337,emergency_action,emergency_action,C24,6362,rrf_fill,0.01813863217830658,0.0,89.00870846670593,0.4523674547672272,14,2861,19,2126,0.026971546414027305,18
SHC052,6337,emergency_action,emergency_action,C25,6632,rrf_fill,0.02191207744181156,0.0,91.70108891138958,,11,3104,17,,0.02738757565505665,16
SHC053,503,emergency_action,emergency_action,C01,525,rrf_fill,0.011213633231818676,0.0,73.09299983302252,0.5495079159736633,144,84,31,13,0.03653404635475546,8
SHC053,503,emergency_action,emergency_action,C02,15030,word10|word5,0.05192306265234947,0.005518862511962652,82.07150337354078,0.5449517369270325,5,5,11,17,0.05784075079849728,2
SHC053,503,emergency_action,emergency_action,C03,650,rrf_fill,0.012967852875590324,0.0,61.646678478553056,0.5588317513465881,113,207,138,7,0.02950154335770258,14
SHC053,503,emergency_action,emergency_action,C04,4769,bm25,0.0059342700988054276,0.0,86.73534317336929,0.5374104380607605,417,3961,5,31,0.028718756786964734,19
SHC053,503,emergency_action,emergency_action,C05,12134,word10|word5,0.05332856625318527,0.010056418366730213,81.85465554983391,0.45258674025535583,4,4,13,2006,0.04543265724250421,5
SHC053,503,emergency_action,emergency_action,C06,508,bm25|word10|word5,0.10683629661798477,0.02669379860162735,118.11975149916566,0.5454248785972595,1,1,2,16,0.06207381224080826,1
SHC053,503,emergency_action,emergency_action,C07,4760,same_family_recent,0.0,0.0,45.49146191816438,0.45332613587379456,5007,3952,1357,1962,0.0016468838241999106,2989
SHC053,503,emergency_action,emergency_action,C08,2912,function,0.0,0.0,47.540879581563686,0.6087573766708374,3765,2407,1082,1,0.017935887902297946,83
SHC053,503,emergency_action,emergency_action,C09,535,rrf_fill,0.015663376078009605,0.0,69.80873672161177,0.5120242834091187,72,94,45,122,0.02908757908757909,16
SHC053,503,emergency_action,emergency_action,C10,3569,function,0.01900600455701351,0.0,41.32655077242162,0.5635554194450378,58,3040,2025,3,0.02514978909631804,39
SHC053,503,emergency_action,emergency_action,C11,1676,word10|word5,0.07957841455936432,0.01915878616273403,73.18377421404026,0.5060169696807861,3,3,30,172,0.04716748768472906,4
SHC053,503,emergency_action,emergency_action,C12,605,rrf_fill,0.017068086192011833,0.0,74.02963697049351,0.5102927088737488,63,162,26,139,0.0292876184102024,15
SHC053,503,emergency_action,emergency_action,C13,507,bm25|function,0.03463577851653099,0.0,120.76345936973723,0.563407838344574,7,67,1,4,0.05481783150531067,3
SHC053,503,emergency_action,emergency_action,C14,9098,rrf_fill,0.03216789290308952,0.003922100644558668,59.05863706583409,0.4289669096469879,10,34,208,3593,0.02892910304634526,17
SHC053,503,emergency_action,emergency_action,C15,1196,word10|word5,0.07957841455936432,0.01915878616273403,71.26114674773532,0.4954637587070465,2,2,38,328,0.04503946573641096,6
SHC053,503,emergency_action,emergency_action,C16,509,bm25,0.0059342700988054276,0.0,101.92944760524927,0.5307812690734863,346,68,3,52,0.03507714148877942,10
SHC053,503,emergency_action,emergency_action,C17,510,bm25,0.0059342700988054276,0.0,92.19693324373615,0.4430219233036041,347,69,4,2606,0.026209034214941942,28
SHC053,503,emergency_action,emergency_action,C18,651,rrf_fill,0.03229851648211479,0.003922100644558668,57.61649964195082,0.46233901381492615,9,6,264,1427,0.03340318348407781,11
SHC053,503,emergency_action,emergency_action,C19,4027,function,0.0,0.0,32.61499144042342,0.5597503781318665,4587,3480,3810,5,0.01614069179051279,108
SHC053,503,emergency_action,emergency_action,C20,15,rrf_fill,0.01607103832066059,0.0,59.2438584378891,0.5308404564857483,68,49,202,51,0.029812614828744286,13
SHC053,503,emergency_action,emergency_action,C21,1568,rrf_fill,0.02925836481153965,0.003922100644558668,45.14175733499413,0.5328697562217712,13,24,1412,42,0.036086661436462615,9
SHC053,503,emergency_action,emergency_action,C22,686,rrf_fill,0.03419831767678261,0.003922100644558668,59.17911666810856,0.5354214310646057,8,7,205,35,0.0439311561824036,7
SHC053,503,emergency_action,emergency_action,C23,743,rrf_fill,0.03479170799255371,0.003922100644558668,44.491340525108875,0.4662742614746094,6,13,1506,1238,0.03025913091724161,12
SHC053,503,emergency_action,emergency_action,C24,19889,function,0.0,0.0,35.31793718379115,0.5715785622596741,11744,11737,3229,2,0.016602560399162462,100
SHC053,503,emergency_action,emergency_action,C25,4762,same_family_recent,0.0,0.0,45.355511914297544,0.46136248111724854,5008,3954,1380,1478,0.0017910840504396716,2711
SHC054,314,emergency_action,emergency_action,C01,802,rrf_fill,0.05138309299945831,0.021092547103762627,369.11556217677736,0.6319218277931213,22,24,40,16,0.04725777859282352,19
SHC054,314,emergency_action,emergency_action,C02,838,function,0.05355843901634216,0.022364303469657898,396.6383886200345,0.6408191919326782,14,18,8,2,0.057168940945032026,6
SHC054,314,emergency_action,emergency_action,C03,405,rrf_fill,0.05824469029903412,0.025997722521424294,389.86113814082887,0.6205549240112305,6,8,15,27,0.05468498371135288,10
SHC054,314,emergency_action,emergency_action,C04,483,rrf_fill,0.05154293775558472,0.018311219289898872,378.5486419430821,0.6343584656715393,20,40,27,11,0.04807875991581674,17
SHC054,314,emergency_action,emergency_action,C05,460,bm25|function,0.05467018112540245,0.016863761469721794,408.7535217663905,0.6621933579444885,11,49,4,1,0.055277261591809845,9
SHC054,314,emergency_action,emergency_action,C06,568,function,0.05615536868572235,0.026426440104842186,378.26131656686573,0.6391715407371521,9,7,28,5,0.05616637850576851,7
SHC054,314,emergency_action,emergency_action,C07,546,bm25,0.05152883753180504,0.016215629875659943,405.1726655968009,0.5941506624221802,21,54,5,62,0.04469894553299788,24
SHC054,314,emergency_action,emergency_action,C08,808,rrf_fill,0.05801388993859291,0.02757931314408779,386.80978079814116,0.6115906834602356,7,6,18,37,0.0532066794568718,13
SHC054,314,emergency_action,emergency_action,C09,4592,same_family_recent,0.0015341462567448616,0.0,141.30111470631084,0.42578548192977905,1801,4381,3167,5192,0.001262809021583899,3232
SHC054,314,emergency_action,emergency_action,C10,727,rrf_fill,0.053300224244594574,0.020836707204580307,383.0150035541375,0.603702962398529,16,25,22,39,0.04721873267142466,20
SHC054,314,emergency_action,emergency_action,C11,725,rrf_fill,0.053794581443071365,0.02543131820857525,399.87343869520254,0.6159935593605042,13,10,6,33,0.05388854774625875,12
SHC054,314,emergency_action,emergency_action,C12,447,bm25,0.040639836341142654,0.009380919858813286,417.27240836692505,0.5818166732788086,61,94,2,98,0.037216115485539,46
SHC054,314,emergency_action,emergency_action,C13,1023,function,0.0452100932598114,0.013607007451355457,367.9820298674524,0.6394590139389038,44,69,43,4,0.04270106046395841,34
SHC054,314,emergency_action,emergency_action,C14,355,rrf_fill,0.05103493854403496,0.022695455700159073,391.7933076097404,0.6333456039428711,25,16,14,14,0.051949627646222074,14
SHC054,314,emergency_action,emergency_action,C15,359,rrf_fill,0.05601244792342186,0.024159660562872887,384.89446663211515,0.6365748643875122,10,11,20,7,0.055795594462296164,8
SHC054,314,emergency_action,emergency_action,C16,853,rrf_fill,0.057992123067379,0.024027755483984947,371.6905666600772,0.6370030641555786,8,12,37,6,0.05405556474386068,11
SHC054,314,emergency_action,emergency_action,C17,571,word10|word5,0.06787142902612686,0.03166511654853821,395.4747269226993,0.6349789500236511,3,4,10,10,0.06006944444444444,3
SHC054,314,emergency_action,emergency_action,C18,387,bm25|word10|word5,0.058890458196401596,0.030450517311692238,425.4425882496277,0.6119990348815918,5,5,1,36,0.05757934005884826,5
SHC054,314,emergency_action,emergency_action,C19,373,function|word10|word5,0.06744032353162766,0.03290310502052307,394.58487563817187,0.6404510736465454,4,3,13,3,0.061069661883018045,2
SHC054,314,emergency_action,emergency_action,C20,525,rrf_fill,0.05201530456542969,0.021144680678844452,375.4373449607965,0.6354438066482544,18,23,31,9,0.05035047020379656,15
SHC054,314,emergency_action,emergency_action,C21,395,bm25|word10|word5,0.06831507384777069,0.03410283103585243,414.0559330794377,0.6340392231941223,2,2,3,12,0.06201996927803379,1
SHC054,314,emergency_action,emergency_action,C22,4591,same_family_recent,0.0015341462567448616,0.0,120.49908936319416,0.3908056616783142,1800,4380,4309,7034,0.0011327091573722682,3714
SHC054,314,emergency_action,emergency_action,C23,537,rrf_fill,0.05439161881804466,0.02563452534377575,372.8845462094971,0.6199591755867004,12,9,35,29,0.05014391335773075,16
SHC054,314,emergency_action,emergency_action,C24,341,word10|word5,0.07609632611274719,0.03921898454427719,387.20497217895087,0.6219080686569214,1,1,17,24,0.05767866013767653,4
SHC054,314,emergency_action,emergency_action,C25,491,rrf_fill,0.0522167831659317,0.01828189380466938,379.8847145081579,0.6324029564857483,17,41,25,15,0.047986042301709164,18
SHC055,11348,emergency_action,emergency_action,C01,2415,rrf_fill,0.0046503241173923016,0.0,98.89386821117934,0.5083093047142029,187,181,14,38,0.03191555573547899,19
SHC055,11348,emergency_action,emergency_action,C02,2489,rrf_fill,0.002458894159644842,0.0,94.59361042996288,0.5352783799171448,238,252,21,11,0.03299101895771398,14
SHC055,11348,emergency_action,emergency_action,C03,11391,rrf_fill,0.009717663750052452,0.002484368858858943,68.78029830445335,0.34771859645843506,8,8,278,2677,0.03273570812425819,15
SHC055,11348,emergency_action,emergency_action,C04,11373,bm25|function|word10|word5,0.656933605670929,0.558906614780426,466.5998970931616,0.7970536351203918,1,2,1,2,0.06504494976203068,2
SHC055,11348,emergency_action,emergency_action,C05,2447,word10|word5,0.015585062094032764,0.008754776790738106,67.320072891292,0.47388437390327454,5,5,311,151,0.03820398505187918,6
SHC055,11348,emergency_action,emergency_action,C06,2306,rrf_fill,0.006656551733613014,0.0,90.57641455393447,0.43039295077323914,25,73,33,739,0.03128775550244662,22
SHC055,11348,emergency_action,emergency_action,C07,11400,rrf_fill,0.009717663750052452,0.002484368858858943,62.16501587401474,0.41104432940483093,10,10,501,1223,0.03113338299253663,23
SHC055,11348,emergency_action,emergency_action,C08,11355,rrf_fill,0.009717663750052452,0.002484368858858943,78.3914487254864,0.4561808109283447,7,7,114,310,0.038300575408141024,5
SHC055,11348,emergency_action,emergency_action,C09,11434,rrf_fill,0.009717663750052452,0.002484368858858943,74.98141985510614,0.4552311897277832,16,16,164,323,0.033391041245411174,12
SHC055,11348,emergency_action,emergency_action,C10,2266,rrf_fill,0.006656551733613014,0.0,78.4075771251153,0.4550926983356476,21,34,112,326,0.03138860394818773,21
SHC055,11348,emergency_action,emergency_action,C11,2263,rrf_fill,0.0046503241173923016,0.0,56.72233857678235,0.5253996253013611,64,31,776,18,0.03307021218735989,13
SHC055,11348,emergency_action,emergency_action,C12,11397,rrf_fill,0.009717663750052452,0.002484368858858943,66.57926407424222,,9,9,343,,0.03146689682454058,20
SHC055,11348,emergency_action,emergency_action,C13,2279,rrf_fill,0.0046503241173923016,0.0,84.59696775959749,0.5095911026000977,77,47,62,34,0.0354800836493319,8
SHC055,11348,emergency_action,emergency_action,C14,11401,rrf_fill,0.009717663750052452,0.002484368858858943,76.18633566053043,0.29541653394699097,11,11,141,3078,0.03346281277746672,11
SHC055,11348,emergency_action,emergency_action,C15,11432,rrf_fill,0.009717663750052452,0.002484368858858943,76.39517121216059,0.3790476322174072,15,15,140,2079,0.032134174848059846,17
SHC055,11348,emergency_action,emergency_action,C16,2290,rrf_fill,0.0046503241173923016,0.0,94.33768126676668,0.4741643965244293,85,58,22,150,0.032328154708448645,16
SHC055,11348,emergency_action,emergency_action,C17,2271,same_family_recent,0.0,0.0,68.47000076264128,0.48806968331336975,262,39,286,77,0.02339604364651923,47
SHC055,11348,emergency_action,emergency_action,C18,11381,bm25|function|word10|word5,0.5116283297538757,0.3921732008457184,390.30434256819586,0.7141895294189453,3,3,3,3,0.06349206349206349,3
SHC055,11348,emergency_action,emergency_action,C19,11462,rrf_fill,0.011723891831934452,0.0055933729745447636,72.3168196243893,0.36948004364967346,6,6,213,2295,0.034390662416140125,9
SHC055,11348,emergency_action,emergency_action,C20,11385,bm25|function|word10|word5,0.276065468788147,0.15227051079273224,345.4533882062545,0.6785233020782471,4,4,4,4,0.0625,4
SHC055,11348,emergency_action,emergency_action,C21,11371,bm25|function|same_family_recent|word10|word5,0.6543629169464111,0.58796626329422,451.64308662527196,0.8776275515556335,2,1,2,1,0.06504494976203068,1
SHC055,11348,emergency_action,emergency_action,C22,2667,rrf_fill,0.002458894159644842,0.0,118.46466265668442,0.5332435965538025,239,425,8,12,0.03400110851728433,10
SHC055,11348,emergency_action,emergency_action,C23,2331,bm25,0.006656551733613014,0.0,129.26498494101278,0.4532078206539154,26,98,5,354,0.035757095222608275,7
SHC055,11348,emergency_action,emergency_action,C24,2305,rrf_fill,0.006656551733613014,0.0,90.09091561209067,0.445324569940567,24,72,34,467,0.03201635055969102,18
SHC055,11348,emergency_action,emergency_action,C25,19566,function,0.0,0.0,94.83683786511192,0.5712177753448486,4703,4703,20,5,0.02830451880682828,30
SHC056,1462,emergency_action,emergency_action,C01,1588,rrf_fill,0.2322571724653244,0.1298087239265442,242.64335744097397,0.6563802361488342,14,14,18,16,0.05300543458438195,14
SHC056,1462,emergency_action,emergency_action,C02,1640,rrf_fill,0.25839102268218994,0.1396857053041458,260.544764321492,0.631066620349884,12,12,15,24,0.053015873015873016,13
SHC056,1462,emergency_action,emergency_action,C03,1497,rrf_fill,0.2801062762737274,0.20192956924438477,299.5090599560655,0.679399311542511,10,7,7,10,0.058422174840085286,6
SHC056,1462,emergency_action,emergency_action,C04,1472,bm25|same_family_recent|word10|word5,0.48820799589157104,0.3670019805431366,356.1135679225966,,1,1,1,,0.04918032786885246,21
SHC056,1462,emergency_action,emergency_action,C05,2208,function,0.04819605126976967,0.008667230606079102,189.22585976340068,0.7066324949264526,44,74,27,4,0.044197324056112014,29
SHC056,1462,emergency_action,emergency_action,C06,1876,rrf_fill,0.23882412910461426,0.10615507513284683,280.60856172431016,0.7046682238578796,13,17,9,6,0.056329911898702845,11
SHC056,1462,emergency_action,emergency_action,C07,2249,function,0.08523687720298767,0.0489901565015316,147.54826264932078,0.7392653226852417,29,24,49,1,0.04870847151049801,22
SHC056,1462,emergency_action,emergency_action,C08,1547,bm25|word10,0.31188341975212097,0.2222256064414978,314.03316461766354,0.6666619777679443,8,4,4,12,0.05984477124183006,4
SHC056,1462,emergency_action,emergency_action,C09,1502,word10|word5,0.32133156061172485,0.23303182423114777,265.5121874575823,0.6505640149116516,5,3,13,18,0.057776774215130375,7
SHC056,1462,emergency_action,emergency_action,C10,1694,rrf_fill,0.198248952627182,0.09200568497180939,241.01644195629424,0.6530942916870117,19,18,20,17,0.050965753655627076,18
SHC056,1462,emergency_action,emergency_action,C11,1644,rrf_fill,0.2702055275440216,0.14922486245632172,276.68221610875844,0.6836931109428406,11,11,11,8,0.05695940347970174,10
SHC056,1462,emergency_action,emergency_action,C12,1806,function,0.1371924728155136,0.07322768867015839,195.95763319139596,0.706106960773468,23,22,26,5,0.05125583708366342,17
SHC056,1462,emergency_action,emergency_action,C13,1784,rrf_fill,0.20189553499221802,0.11639561504125595,254.91537316373365,0.6081138253211975,18,15,16,40,0.04931174089068826,20
SHC056,1462,emergency_action,emergency_action,C14,1696,function,0.21156056225299835,0.08647631853818893,266.3318293407537,0.7198374271392822,16,20,12,3,0.05541979949874687,12
SHC056,1462,emergency_action,emergency_action,C15,1602,rrf_fill,0.1655481457710266,0.0840008333325386,216.2107797146682,0.6500791311264038,21,21,22,19,0.04954470782401214,19
SHC056,1462,emergency_action,emergency_action,C16,1695,rrf_fill,0.198248952627182,0.09200568497180939,241.29917446016375,0.6951848268508911,20,19,19,7,0.05274182883053089,15
SHC056,1462,emergency_action,emergency_action,C17,1618,rrf_fill,0.10180697590112686,0.01918545737862587,230.02106800075845,0.6576445698738098,25,41,21,15,0.04734470832704185,23
SHC056,1462,emergency_action,emergency_action,C18,1485,bm25,0.31385308504104614,0.17842619121074677,330.67153652986536,0.6299268007278442,6,9,3,26,0.05714519162446362,9
SHC056,1462,emergency_action,emergency_action,C19,1566,rrf_fill,0.29642677307128906,0.17928071320056915,303.87186071566776,0.6670956611633301,9,8,6,11,0.058434658169898256,5
SHC056,1462,emergency_action,emergency_action,C20,1499,word10|word5,0.34293290972709656,0.25292301177978516,277.89917826907316,0.6627877354621887,3,2,10,13,0.05998639255378097,2
SHC056,1462,emergency_action,emergency_action,C21,6156,same_family_recent,0.005180520471185446,0.0,93.43490446949089,,937,3142,595,,0.0028420313938272183,1574
SHC056,1462,emergency_action,emergency_action,C22,1611,bm25|word10|word5,0.34204137325286865,0.21787625551223755,305.77550897347476,0.6627117395401001,4,5,5,14,0.059907744282744285,3
SHC056,1462,emergency_action,emergency_action,C23,1573,rrf_fill,0.21850813925266266,0.13112092018127441,246.80367414277185,0.6336251497268677,15,13,17,23,0.05206716922841696,16
SHC056,1462,emergency_action,emergency_action,C24,1609,rrf_fill,0.31213173270225525,0.17810019850730896,263.4646986720036,0.6818955540657043,7,10,14,9,0.057217354556744565,8
SHC056,1462,emergency_action,emergency_action,C25,1554,bm25|function|word5,0.3609922230243683,0.20993536710739136,331.4596378134261,0.7267630696296692,2,6,2,2,0.0635386119257087,1
SHC057,1876,emergency_action,emergency_action,C01,1887,bm25|same_family_recent|word10|word5,0.05818676948547363,0.022561362013220787,235.43338060761232,0.5507583618164062,3,2,3,13,0.06157369414108256,4
SHC057,1876,emergency_action,emergency_action,C02,1975,bm25,0.025420604273676872,0.004624417517334223,207.29132179765716,0.5806049704551697,7,10,4,9,0.05932884104323105,5
SHC057,1876,emergency_action,emergency_action,C03,19160,rrf_fill,0.009458146058022976,0.0008914390346035361,141.8219287316789,0.5289096832275391,64,66,85,28,0.034261212153314485,17
SHC057,1876,emergency_action,emergency_action,C04,1884,rrf_fill,0.01199349481612444,0.0011876921635121107,91.40978127485921,0.5861628651618958,28,32,924,8,0.03795534409657047,14
SHC057,1876,emergency_action,emergency_action,C05,2198,rrf_fill,0.01004199218004942,0.002510468475520611,131.91501712511175,0.4965953528881073,55,24,147,200,0.029277485799224928,25
SHC057,1876,emergency_action,emergency_action,C06,19489,rrf_fill,0.013675518333911896,0.0042135757394135,142.4652889599894,0.537460207939148,16,13,82,17,0.046885791381968155,8
SHC057,1876,emergency_action,emergency_action,C07,1947,rrf_fill,0.014949347823858261,0.0023962147533893585,150.75252421908317,0.5088019967079163,12,25,44,95,0.041720592289852254,10
SHC057,1876,emergency_action,emergency_action,C08,19892,rrf_fill,0.014428005553781986,0.0042135757394135,136.95102566882753,0.49326208233833313,14,15,110,235,0.03611903029649789,16
SHC057,1876,emergency_action,emergency_action,C09,1949,rrf_fill,0.025420604273676872,0.004624417517334223,203.41790560583053,0.5241700410842896,6,9,6,34,0.05543408179855913,6
SHC057,1876,emergency_action,emergency_action,C10,14530,function,0.012481150217354298,0.0,145.5322624033602,0.6068223118782043,21,5177,67,3,0.03628365965000561,15
SHC057,1876,emergency_action,emergency_action,C11,3098,function,0.011519649997353554,0.0,172.9269355249914,0.6053870916366577,33,1295,12,4,0.0410045844410057,11
SHC057,1876,emergency_action,emergency_action,C12,19092,rrf_fill,0.014200743287801743,0.0008914390346035361,121.48853569072052,0.59703528881073,15,59,244,6,0.040177683513596824,12
SHC057,1876,emergency_action,emergency_action,C13,2863,rrf_fill,0.010054996237158775,0.0023962147533893585,159.84455014309472,0.45609548687934875,54,26,24,936,0.03330861477032452,18
SHC057,1876,emergency_action,emergency_action,C14,19821,rrf_fill,0.01284798514097929,0.0042135757394135,109.74952979331142,0.47103220224380493,20,14,437,621,0.029494014729325273,23
SHC057,1876,emergency_action,emergency_action,C15,2231,rrf_fill,0.015371706336736679,0.0,162.459616309832,0.4897620975971222,10,464,18,269,0.03205413773060354,19
SHC057,1876,emergency_action,emergency_action,C16,2573,rrf_fill,0.015510344877839088,0.001671113190241158,141.0230636942576,0.5122233033180237,9,29,89,77,0.03973938814833403,13
SHC057,1876,emergency_action,emergency_action,C17,2694,rrf_fill,0.01031590811908245,0.0042135757394135,135.01144248966114,0.4922122359275818,52,12,119,245,0.03168274102082143,20
SHC057,1876,emergency_action,emergency_action,C18,1906,function|same_family_recent|word10|word5,0.07602670788764954,0.04679342359304428,199.50522950729945,0.620669960975647,1,1,7,2,0.06384129063829451,1
SHC057,1876,emergency_action,emergency_action,C19,19292,rrf_fill,0.009086822159588337,0.0008914390346035361,119.2773485687382,0.5508016347885132,82,98,268,12,0.03030903682187116,22
SHC057,1876,emergency_action,emergency_action,C20,3000,bm25,0.016002196818590164,0.0,204.08614831576693,0.595704972743988,8,1197,5,7,0.0458114158201745,9
SHC057,1876,emergency_action,emergency_action,C21,2821,rrf_fill,0.012183173559606075,0.006288851611316204,114.03816316462482,0.3898226022720337,26,7,346,2718,0.029376305500568477,24
SHC057,1876,emergency_action,emergency_action,C22,2249,word10|word5,0.03986331447958946,0.013419254682958126,132.7430913521304,0.5541375279426575,4,4,141,11,0.050309631420362974,7
SHC057,1876,emergency_action,emergency_action,C23,2214,bm25|function|word10|word5,0.05827551707625389,0.014669237658381462,304.6149729132582,0.597095251083374,2,3,1,5,0.0637801061386466,2
SHC057,1876,emergency_action,emergency_action,C24,19345,rrf_fill,0.011386150494217873,0.0008914390346035361,120.9808057017461,0.5268533229827881,35,110,253,32,0.030473122126955195,21
SHC057,1876,emergency_action,emergency_action,C25,2208,bm25|function|word10|word5,0.03863384574651718,0.010403930209577084,257.42427305756075,0.6250553727149963,5,5,2,1,0.06329170565024611,3
SHC058,460,emergency_action,emergency_action,C01,1023,rrf_fill,0.12842725217342377,0.07681631296873093,360.0197631677246,0.6356481909751892,25,25,6,10,0.05296664120193532,13
SHC058,460,emergency_action,emergency_action,C02,883,word10|word5,0.15092556178569794,0.10046032816171646,347.6760705493859,0.6394448280334473,5,4,17,7,0.05892200150595673,3
SHC058,460,emergency_action,emergency_action,C03,853,rrf_fill,0.13593736290931702,0.08367808908224106,343.6373390012066,0.634678065776825,14,16,19,12,0.05321852498734577,12
SHC058,460,emergency_action,emergency_action,C04,1014,rrf_fill,0.13407714664936066,0.0841166153550148,349.47127049870346,0.6220909953117371,18,15,11,33,0.050991041368142684,17
SHC058,460,emergency_action,emergency_action,C05,475,bm25,0.12649579346179962,0.07614056020975113,365.96431195648665,0.5583414435386658,27,26,5,144,0.04340873601923652,31
SHC058,460,emergency_action,emergency_action,C06,725,rrf_fill,0.14300701022148132,0.08694250136613846,349.1172453209807,0.6387133002281189,8,8,14,8,0.05763116057233704,5
SHC058,460,emergency_action,emergency_action,C07,4727,same_family_recent,0.0014255107380449772,0.0,98.13852443933408,0.40600526332855225,2218,4309,3240,5936,0.0011376750461563803,4013
SHC058,460,emergency_action,emergency_action,C08,525,word10|word5,0.15258195996284485,0.10186295956373215,337.5914522801061,0.6322252154350281,3,2,23,16,0.05720813563900683,6
SHC058,460,emergency_action,emergency_action,C09,602,function,0.13727664947509766,0.07974009960889816,336.15131379900714,0.6496495604515076,12,19,25,3,0.054184838492358965,11
SHC058,460,emergency_action,emergency_action,C10,953,bm25,0.13395100831985474,0.08595006912946701,374.7376471811679,0.6333690285682678,20,9,1,14,0.05689970975965274,7
SHC058,460,emergency_action,emergency_action,C11,838,bm25|function|word10|word5,0.15477342903614044,0.10120361298322678,366.79008703220273,0.6613242626190186,2,3,4,1,0.06402049075403121,1
SHC058,460,emergency_action,emergency_action,C12,4730,same_family_recent,0.0014255107380449772,0.0,96.02467014131499,0.405351847410202,2219,4312,3411,5978,0.0011212363792530912,4082
SHC058,460,emergency_action,emergency_action,C13,808,rrf_fill,0.12900300323963165,0.0813300684094429,357.6198967041236,0.614426851272583,24,18,8,44,0.049046541693600516,19
SHC058,460,emergency_action,emergency_action,C14,759,rrf_fill,0.13484151661396027,0.08575589954853058,337.6570146644778,0.6321024298667908,16,12,22,17,0.05222891856396349,14
SHC058,460,emergency_action,emergency_action,C15,491,word10,0.1464795470237732,0.09773939847946167,319.04014874471216,0.6409146189689636,7,5,54,6,0.0542334334950203,10
SHC058,460,emergency_action,emergency_action,C16,978,rrf_fill,0.13395680487155914,0.08497518301010132,333.88077638256414,0.6288202404975891,19,13,30,21,0.049813648108544356,18
SHC058,460,emergency_action,emergency_action,C17,707,rrf_fill,0.1380501091480255,0.08575589954853058,350.52385857750164,0.6292130947113037,11,10,10,20,0.055155935613682094,8
SHC058,460,emergency_action,emergency_action,C18,571,word5,0.1511143147945404,0.08708669990301132,304.9864378571333,0.6226420402526855,4,7,80,31,0.04868224126619649,20
SHC058,460,emergency_action,emergency_action,C19,752,rrf_fill,0.1360328197479248,0.08575589954853058,340.1903064047115,0.6221961975097656,13,11,20,32,0.051152702396631125,16
SHC058,460,emergency_action,emergency_action,C20,802,function,0.11609340459108353,0.06904944777488708,326.7844511554728,0.6452575922012329,37,39,40,4,0.04603528845152557,23
SHC058,460,emergency_action,emergency_action,C21,1006,bm25,0.1320410966873169,0.07739028334617615,368.59888833188245,0.6356504559516907,21,24,3,9,0.05461621041331186,9
SHC058,460,emergency_action,emergency_action,C22,537,rrf_fill,0.1403951346874237,0.08367228507995605,336.09971085718655,0.6302490830421448,10,17,26,19,0.051558862097572725,15
SHC058,460,emergency_action,emergency_action,C23,483,function|word10|word5,0.16156719624996185,0.10415922105312347,339.9890496713154,0.6583261489868164,1,1,21,2,0.061261596516311835,2
SHC058,460,emergency_action,emergency_action,C24,568,function,0.14887197315692902,0.09644408524036407,347.3906369098384,0.6422954201698303,6,6,18,5,0.058508158508158506,4
SHC058,460,emergency_action,emergency_action,C25,476,bm25,0.12248477339744568,0.07251513749361038,369.9345408273111,0.5991985201835632,33,33,2,64,0.0456989247311828,24
SHC059,4874,emergency_action,emergency_action,C01,5081,word10|word5,0.48700693249702454,0.3963538706302643,184.76473813699576,0.6701951026916504,4,5,19,43,0.05337658109679432,8
SHC059,4874,emergency_action,emergency_action,C02,5096,rrf_fill,0.46068739891052246,0.3708690404891968,173.0147298449216,0.6537859439849854,11,10,51,79,0.044573474941293365,23
SHC059,4874,emergency_action,emergency_action,C03,5024,rrf_fill,0.4606594741344452,0.3441864252090454,184.63521602623095,0.6706073880195618,15,17,20,42,0.048624267888973775,16
SHC059,4874,emergency_action,emergency_action,C04,5041,word10|word5,0.48700693249702454,0.3963538706302643,184.92545257853686,0.7170782089233398,3,4,18,7,0.05924390182785705,3
SHC059,4874,emergency_action,emergency_action,C05,4939,rrf_fill,0.4235856533050537,0.32475125789642334,192.0322932724281,0.6636113524436951,36,26,7,63,0.04510002807855222,21
SHC059,4874,emergency_action,emergency_action,C06,4882,bm25|word10|word5,0.4840432405471802,0.404263436794281,203.3181122892582,0.6820049285888672,5,2,3,30,0.05849777462680689,4
SHC059,4874,emergency_action,emergency_action,C07,5062,rrf_fill,0.4751183092594147,0.3837890028953552,177.78837154444054,0.628865659236908,8,8,34,127,0.04539765616111048,20
SHC059,4874,emergency_action,emergency_action,C08,725,function,0.17889416217803955,0.11073055118322372,110.55306843497492,0.7729100584983826,181,179,183,2,0.02857773660728411,81
SHC059,4874,emergency_action,emergency_action,C09,4879,bm25|same_family_recent,0.4614773392677307,0.3657985031604767,199.71272881985237,0.6721374988555908,10,11,4,39,0.05409623142897791,7
SHC059,4874,emergency_action,emergency_action,C10,4942,rrf_fill,0.44978398084640503,0.33355921506881714,185.5633657329419,0.6627883315086365,18,19,17,66,0.04640226159213501,18
SHC059,4874,emergency_action,emergency_action,C11,4971,bm25|function|word10|word5,0.7248833775520325,0.6003426909446716,284.743782684763,0.853182315826416,1,1,1,1,0.06557377049180328,1
SHC059,4874,emergency_action,emergency_action,C12,4976,rrf_fill,0.4798392057418823,0.3879835605621338,184.04836629706168,0.6630584001541138,7,7,21,64,0.05026094141003465,13
SHC059,4874,emergency_action,emergency_action,C13,4880,same_family_recent,0.4362502098083496,0.34257587790489197,192.23920588481897,0.6929872035980225,25,18,6,18,0.05255724667489373,10
SHC059,4874,emergency_action,emergency_action,C14,4959,function|word10|word5,0.48700693249702454,0.3963538706302643,190.4740720448664,0.736660897731781,2,3,9,5,0.06187941713888418,2
SHC059,4874,emergency_action,emergency_action,C15,5130,rrf_fill,0.4343399405479431,0.3187015652656555,171.11049654990828,0.6983955502510071,26,31,55,13,0.04501120027665452,22
SHC059,4874,emergency_action,emergency_action,C16,4987,rrf_fill,0.4606594741344452,0.3441864252090454,189.9029229837538,0.6628168225288391,14,16,11,65,0.04875591529260914,15
SHC059,4874,emergency_action,emergency_action,C17,4955,function,0.2969735264778137,0.1854880154132843,159.42471439482833,0.7384836673736572,153,172,105,3,0.030938802441959314,70
SHC059,4874,emergency_action,emergency_action,C18,4989,function,0.44546830654144287,0.32767096161842346,186.03114062280542,0.7376835346221924,24,25,16,4,0.05245236252395695,11
SHC059,4874,emergency_action,emergency_action,C19,4944,rrf_fill,0.4606594741344452,0.3441864252090454,190.08311598134085,0.6695983409881592,12,14,10,47,0.05103391108064005,12
SHC059,4874,emergency_action,emergency_action,C20,4950,rrf_fill,0.4606594741344452,0.3441864252090454,186.5089499211542,0.7190605401992798,13,15,15,6,0.055516811955168124,6
SHC059,4874,emergency_action,emergency_action,C21,4893,bm25,0.46596693992614746,0.36371415853500366,196.7144454426059,0.6921821236610413,9,12,5,21,0.05611193690903836,5
SHC059,4874,emergency_action,emergency_action,C22,4970,rrf_fill,0.4301736056804657,0.32475125789642334,187.95565523125595,0.6919059157371521,28,28,13,22,0.048621024815478545,17
SHC059,4874,emergency_action,emergency_action,C23,4924,rrf_fill,0.4798392057418823,0.3879835605621338,178.95765676001744,0.6638708710670471,6,6,31,61,0.04955650410195865,14
SHC059,4874,emergency_action,emergency_action,C24,4881,bm25,0.4525374174118042,0.37592774629592896,205.3257359132288,0.6698948740959167,17,9,2,44,0.053224183483650524,9
SHC059,4874,emergency_action,emergency_action,C25,4930,rrf_fill,0.4550914466381073,0.3530869483947754,180.60743890155473,0.6603991389274597,16,13,27,72,0.0459265353231492,19
SHC060,4709,emergency_action,emergency_action,C01,4844,function,0.1696031540632248,0.12980397045612335,156.01631144034303,0.7119448781013489,98,90,106,5,0.03440449236087485,59
SHC060,4709,emergency_action,emergency_action,C02,4923,bm25|function|word10|word5,0.5361620187759399,0.39529889822006226,421.02820883799257,0.8814443349838257,2,2,3,1,0.06452452301209573,2
SHC060,4709,emergency_action,emergency_action,C03,4911,word10,0.18912804126739502,0.15976963937282562,159.0762593879666,0.6445808410644531,17,4,67,80,0.043628885877901626,8
SHC060,4709,emergency_action,emergency_action,C04,4893,function,0.16335831582546234,0.12351880222558975,150.26315192517708,0.7247693538665771,120,121,152,4,0.031422398566084066,73
SHC060,4709,emergency_action,emergency_action,C05,5053,rrf_fill,0.18912804126739502,0.15976963937282562,164.73714603227833,0.6451905965805054,18,7,31,77,0.04603416701684487,5
SHC060,4709,emergency_action,emergency_action,C06,5071,rrf_fill,0.19136089086532593,0.15179844200611115,156.63837672284825,0.6856480836868286,9,42,100,20,0.04304667519181586,10
SHC060,4709,emergency_action,emergency_action,C07,5041,rrf_fill,0.185019388794899,0.15399755537509918,162.90503545359047,0.664989173412323,34,20,45,46,0.0420960696603009,13
SHC060,4709,emergency_action,emergency_action,C08,4710,same_family_recent,0.1818213313817978,0.13738325238227844,182.32907288569643,0.6682193875312805,48,70,10,39,0.04133829133829134,15
SHC060,4709,emergency_action,emergency_action,C09,4818,bm25|function|word10|word5,0.6215846538543701,0.4608120322227478,443.8817847909705,0.8383000493049622,1,1,1,2,0.06530936012691697,1
SHC060,4709,emergency_action,emergency_action,C10,4944,rrf_fill,0.1826324462890625,0.15179844200611115,158.7395564561279,0.7038441300392151,42,31,71,6,0.043578035495413135,9
SHC060,4709,emergency_action,emergency_action,C11,4971,rrf_fill,0.17877453565597534,0.14771239459514618,165.45641665256724,0.6798887252807617,60,46,26,25,0.04115990845658141,17
SHC060,4709,emergency_action,emergency_action,C12,4993,word10,0.19426438212394714,0.15976963937282562,158.43392972183398,0.6621626615524292,6,5,77,48,0.047094659868382495,4
SHC060,4709,emergency_action,emergency_action,C13,12579,bm25|word5,0.22358377277851105,0.08407239615917206,255.46775639178188,0.6287506222724915,5,217,5,117,0.04002905658660416,26
SHC060,4709,emergency_action,emergency_action,C14,5130,rrf_fill,0.18324391543865204,0.15348447859287262,156.54800687359432,0.690610408782959,40,27,101,16,0.040863327734628925,18
SHC060,4709,emergency_action,emergency_action,C15,4925,rrf_fill,0.19112394750118256,0.15568360686302185,144.869752777622,0.6536413431167603,10,10,193,61,0.0407884605513064,19
SHC060,4709,emergency_action,emergency_action,C16,4735,rrf_fill,0.1696031540632248,0.12980397045612335,166.77529738671308,0.6988966464996338,93,82,21,8,0.040629762598831914,20
SHC060,4709,emergency_action,emergency_action,C17,5011,rrf_fill,0.19112394750118256,0.15568360686302185,152.71663251449286,0.6619872450828552,12,12,138,49,0.04200259475488833,14
SHC060,4709,emergency_action,emergency_action,C18,12279,bm25|word5,0.23004798591136932,0.11070135235786438,285.3225095153205,0.6130342483520508,4,151,4,163,0.04047364142562642,22
SHC060,4709,emergency_action,emergency_action,C19,4975,rrf_fill,0.19112394750118256,0.15568360686302185,151.29484166900673,0.6753858923912048,11,11,147,28,0.04436356832253954,7
SHC060,4709,emergency_action,emergency_action,C20,405,same_family_recent,0.003592116991057992,0.0,113.31555996849414,0.5871179103851318,653,277,231,275,0.010791384338328786,251
SHC060,4709,emergency_action,emergency_action,C21,4883,bm25|function|word10|word5,0.5124242901802063,0.33889833092689514,422.25676605143747,0.8274060487747192,3,3,2,3,0.06374807987711213,3
SHC060,4709,emergency_action,emergency_action,C22,5054,rrf_fill,0.19102901220321655,0.15976963937282562,160.74484328448344,0.6475883722305298,13,8,55,74,0.0445628512310047,6
SHC060,4709,emergency_action,emergency_action,C23,4959,rrf_fill,0.185019388794899,0.15399755537509918,167.67608266096767,0.6330782771110535,33,18,19,108,0.04218380979303805,12
SHC060,4709,emergency_action,emergency_action,C24,4950,rrf_fill,0.1826324462890625,0.15179844200611115,163.68738638058207,0.6704152226448059,43,32,37,36,0.0413042480986511,16
SHC060,4709,emergency_action,emergency_action,C25,4942,rrf_fill,0.18861150741577148,0.15399755537509918,163.61271125084932,0.6440519094467163,22,17,38,84,0.04233066101533001,11
SHC061,17699,national_monument_action,national_monument_action,C01,12501,rrf_fill,0.07752221077680588,0.050320517271757126,615.6101681862053,0.646499514579773,16,14,26,47,0.04764510961962317,16
SHC061,17699,national_monument_action,national_monument_action,C02,13030,function,0.07920286804437637,0.04125488921999931,701.7411990091105,0.7275149822235107,14,24,12,1,0.055700606930115124,12
SHC061,17699,national_monument_action,national_monument_action,C03,12678,rrf_fill,0.06623906642198563,0.04272445663809776,529.6705289849587,0.687262237071991,22,22,42,20,0.04669416547106647,18
SHC061,17699,national_monument_action,national_monument_action,C04,12583,function|word10,0.1127379983663559,0.07610584050416946,735.5964155568016,0.7268280982971191,6,5,10,2,0.06095087707990934,4
SHC061,17699,national_monument_action,national_monument_action,C05,12582,rrf_fill,0.10018250346183777,0.06667175889015198,741.9129968273651,0.6903526186943054,8,8,7,18,0.05715765066072353,11
SHC061,17699,national_monument_action,national_monument_action,C06,12783,function,0.09129833430051804,0.05168475955724716,711.0456725706625,0.714525580406189,12,13,11,4,0.05729702606812871,10
SHC061,17699,national_monument_action,national_monument_action,C07,12745,function,0.0960816890001297,0.06414065510034561,752.2515394055615,0.7222779989242554,10,10,6,3,0.05959595959595959,6
SHC061,17699,national_monument_action,national_monument_action,C08,12680,rrf_fill,0.1073203831911087,0.07250218838453293,741.2876469682577,0.7022057771682739,7,7,8,10,0.058842342907312176,9
SHC061,17699,national_monument_action,national_monument_action,C09,12413,rrf_fill,0.0736207589507103,0.04739588126540184,481.30112649041666,0.687796413898468,18,16,71,19,0.04627022319171573,19
SHC061,17699,national_monument_action,national_monument_action,C10,13034,rrf_fill,0.07834449410438538,0.04763761907815933,623.7494542567545,0.6622618436813354,15,15,24,29,0.04980738362760835,14
SHC061,17699,national_monument_action,national_monument_action,C11,13107,rrf_fill,0.07643791288137436,0.04413141682744026,661.817789415546,0.6572408676147461,17,19,14,35,0.04968507013810145,15
SHC061,17699,national_monument_action,national_monument_action,C12,17945,same_family_recent,0.06128307059407234,0.04187155142426491,524.2543136516409,0.5468978881835938,29,23,46,109,0.03863526985472866,46
SHC061,17699,national_monument_action,national_monument_action,C13,12483,rrf_fill,0.06672026216983795,0.04461811110377312,528.665133506808,0.6457711458206177,20,17,45,48,0.04427008177008177,23
SHC061,17699,national_monument_action,national_monument_action,C14,13033,function,0.055841244757175446,0.030482375994324684,474.144268085656,0.7112168073654175,39,38,74,5,0.04315239368544273,32
SHC061,17699,national_monument_action,national_monument_action,C15,12414,rrf_fill,0.06602399051189423,0.04384893551468849,434.0992760688909,0.6921987533569336,23,20,87,16,0.04450880859636182,20
SHC061,17699,national_monument_action,national_monument_action,C16,12167,rrf_fill,0.06489727646112442,0.04452107474207878,510.06227821554273,0.659464955329895,24,18,53,33,0.04432752041944163,21
SHC061,17699,national_monument_action,national_monument_action,C17,12846,bm25,0.09517978131771088,0.05764732509851456,787.672637098619,0.7095035910606384,11,12,3,6,0.058997926955673435,8
SHC061,17699,national_monument_action,national_monument_action,C18,12679,bm25|word5,0.11288154870271683,0.07481326907873154,756.6582533993538,0.7055395841598511,5,6,4,8,0.06086701288907172,5
SHC061,17699,national_monument_action,national_monument_action,C19,12419,bm25|word10|word5,0.13037452101707458,0.08741077780723572,756.2892709274334,0.7058571577072144,2,2,5,7,0.06256805303507278,1
SHC061,17699,national_monument_action,national_monument_action,C20,12411,rrf_fill,0.08361838757991791,0.0589836910367012,636.0507634312761,0.5696059465408325,13,11,18,88,0.0473604067565094,17
SHC061,17699,national_monument_action,national_monument_action,C21,12581,word10|word5,0.11423307657241821,0.07804719358682632,740.9578085271597,0.6963145136833191,4,4,9,14,0.05925626713670192,7
SHC061,17699,national_monument_action,national_monument_action,C22,12412,rrf_fill,0.09706258028745651,0.06629305332899094,627.8506165581516,0.6375786662101746,9,9,20,55,0.050181159420289854,13
SHC061,17699,national_monument_action,national_monument_action,C23,17756,bm25|same_family_recent|word10|word5,0.2675904631614685,0.2122645378112793,835.2098424670795,0.6921272277832031,1,1,1,17,0.06216734085586545,3
SHC061,17699,national_monument_action,national_monument_action,C24,12418,bm25|word10|word5,0.11472909152507782,0.07825584709644318,812.0568520932528,0.704951286315918,3,3,2,9,0.06236781762728467,2
SHC061,17699,national_monument_action,national_monument_action,C25,12415,rrf_fill,0.06844206899404526,0.04384893551468849,454.26213650067865,0.6863747835159302,19,21,84,21,0.04429403031723707,22
SHC062,17756,national_monument_action,national_monument_action,C01,12583,bm25|function|word10|word5,0.08267401158809662,0.05637216940522194,982.6806373936688,0.6158168911933899,2,2,4,5,0.06326767990074442,2
SHC062,17756,national_monument_action,national_monument_action,C02,12846,rrf_fill,0.06228308379650116,0.03700893744826317,913.8299861356517,0.6016536355018616,11,12,11,16,0.05521579771023803,9
SHC062,17756,national_monument_action,national_monument_action,C03,15895,rrf_fill,0.03820664808154106,0.022851262241601944,690.7159209203627,0.6124904751777649,32,29,33,8,0.04756409079855527,20
SHC062,17756,national_monument_action,national_monument_action,C04,12582,rrf_fill,0.060398709028959274,0.03970039635896683,889.1035295993618,0.5935658812522888,12,10,12,23,0.0541116848345764,11
SHC062,17756,national_monument_action,national_monument_action,C05,17946,same_family_recent,0.006677612662315369,0.002017716411501169,787.6617330893068,,98,110,19,,0.02486969471332837,89
SHC062,17756,national_monument_action,national_monument_action,C06,12411,rrf_fill,0.05502057448029518,0.03693930432200432,852.4209482764505,0.5593635439872742,13,13,16,73,0.04807395200329591,18
SHC062,17756,national_monument_action,national_monument_action,C07,12501,rrf_fill,0.048369135707616806,0.031297069042921066,871.3679208035019,0.5771726369857788,15,14,14,47,0.04970615475288373,16
SHC062,17756,national_monument_action,national_monument_action,C08,13107,rrf_fill,0.06442058086395264,0.0392104908823967,878.0802219685681,0.6126009225845337,10,11,13,7,0.05699422459928247,8
SHC062,17756,national_monument_action,national_monument_action,C09,12745,bm25|function,0.07030732929706573,0.04338875785470009,989.3649203241321,0.6378608345985413,9,9,3,2,0.0609875553774572,5
SHC062,17756,national_monument_action,national_monument_action,C10,15819,rrf_fill,0.03789525479078293,0.02256082370877266,690.447394684241,0.6043513417243958,34,31,34,12,0.04615449562258073,22
SHC062,17756,national_monument_action,national_monument_action,C11,12679,bm25,0.07423119246959686,0.04497010260820389,990.793874988392,0.6085290908813477,6,8,2,10,0.06027214404823513,7
SHC062,17756,national_monument_action,national_monument_action,C12,15921,rrf_fill,0.03899059444665909,0.02227504551410675,804.5760320250438,0.6105957627296448,30,35,17,9,0.04911719351078619,17
SHC062,17756,national_monument_action,national_monument_action,C13,13176,rrf_fill,0.04084927216172218,0.021904950961470604,781.3349104603179,0.600890576839447,22,38,20,18,0.047719716404385396,19
SHC062,17756,national_monument_action,national_monument_action,C14,12581,word10|word5,0.08066952228546143,0.05272511765360832,957.3026228694711,0.6045955419540405,3,4,6,11,0.06073403806678455,6
SHC062,17756,national_monument_action,national_monument_action,C15,13034,rrf_fill,0.04760950431227684,0.0295350793749094,780.5536347475653,0.5912452340126038,16,17,22,26,0.04996793665181879,15
SHC062,17756,national_monument_action,national_monument_action,C16,15842,rrf_fill,0.03825695440173149,0.02256082370877266,731.4571200065184,0.6012177467346191,31,32,29,17,0.046081544249595055,23
SHC062,17756,national_monument_action,national_monument_action,C17,12783,bm25|function|word5,0.07976856082677841,0.049166109412908554,995.5739202678278,0.620475709438324,4,6,1,4,0.06279495777446598,3
SHC062,17756,national_monument_action,national_monument_action,C18,17945,same_family_recent,0.03815263509750366,0.023895805701613426,658.2173800296066,0.5998494029045105,33,27,40,19,0.04490516889370749,25
SHC062,17756,national_monument_action,national_monument_action,C19,15898,rrf_fill,0.03905882313847542,0.025445567443966866,762.5522403362525,0.613158106803894,28,23,25,6,0.050328050168588795,14
SHC062,17756,national_monument_action,national_monument_action,C20,12418,function|word10|word5,0.07645708322525024,0.05274416133761406,937.4161617313457,0.6302867531776428,5,3,7,3,0.06205602026497549,4
SHC062,17756,national_monument_action,national_monument_action,C21,12419,bm25|function|word10|word5,0.09097471088171005,0.057854652404785156,979.0309058200454,0.6433873176574707,1,1,5,1,0.06456494325346784,1
SHC062,17756,national_monument_action,national_monument_action,C22,12412,word10,0.07246968150138855,0.051523685455322266,855.8083818127603,0.5752235651016235,7,5,15,52,0.052571893280848506,13
SHC062,17756,national_monument_action,national_monument_action,C23,12413,rrf_fill,0.04568352550268173,0.030136559158563614,637.1664930150239,0.5875285863876343,17,15,45,35,0.046370471633629534,21
SHC062,17756,national_monument_action,national_monument_action,C24,13030,rrf_fill,0.05335305631160736,0.030017046257853508,920.1640291961472,0.6040667295455933,14,16,9,13,0.05486279201053033,10
SHC062,17756,national_monument_action,national_monument_action,C25,12680,rrf_fill,0.07037273794412613,0.045780327171087265,930.0129835883071,0.5781058073043823,8,7,8,46,0.053771100104361653,12
SHC063,19609,national_monument_action,national_monument_action,C01,14617,rrf_fill,0.04476447030901909,0.01919429376721382,260.1900166599526,0.7108383774757385,11,17,9,7,0.056489646786783275,8
SHC063,19609,national_monument_action,national_monument_action,C02,14088,bm25|word10|word5,0.09291373938322067,0.05915117263793945,319.1744144337092,0.5775082111358643,5,5,2,80,0.05404112017015243,9
SHC063,19609,national_monument_action,national_monument_action,C03,14089,bm25|word10|word5,0.09750933200120926,0.06005128473043442,295.53858722622266,0.7098472714424133,2,2,5,8,0.0623485622536856,2
SHC063,19609,national_monument_action,national_monument_action,C04,14090,bm25|function|word10|word5,0.09787199646234512,0.060824599117040634,301.76271317872164,0.7191857099533081,1,1,4,5,0.06379650063051703,1
SHC063,19609,national_monument_action,national_monument_action,C05,19886,same_family_recent,0.06683795899152756,0.043003156781196594,279.4617773651204,0.6658622026443481,8,8,6,22,0.05675840180861702,7
SHC063,19609,national_monument_action,national_monument_action,C06,15153,rrf_fill,0.031502626836299896,0.011003149673342705,243.5128608209423,0.6456758975982666,27,32,12,26,0.047880613956587596,22
SHC063,19609,national_monument_action,national_monument_action,C07,15046,rrf_fill,0.043049156665802,0.019823381677269936,205.6440534711642,0.6265593767166138,12,12,28,36,0.04955808080808081,18
SHC063,19609,national_monument_action,national_monument_action,C08,14438,function,0.025554051622748375,0.00558353029191494,171.05259862379245,0.7276318073272705,37,74,46,3,0.043078943054846455,30
SHC063,19609,national_monument_action,national_monument_action,C09,19874,same_family_recent,0.011967289261519909,0.0031488346867263317,97.12640572502247,0.4639214873313904,261,206,926,1143,0.00872011727205482,397
SHC063,19609,national_monument_action,national_monument_action,C10,14087,word10|word5,0.09675436466932297,0.05921099707484245,278.4770199125423,0.6811062097549438,3,3,7,16,0.05982929961720221,4
SHC063,19609,national_monument_action,national_monument_action,C11,14749,rrf_fill,0.03908778727054596,0.019631676375865936,195.59213419309532,0.6480614542961121,15,13,35,24,0.04946304116455522,19
SHC063,19609,national_monument_action,national_monument_action,C12,14846,rrf_fill,0.033756405115127563,0.01752086915075779,230.4795750905427,0.7026587724685669,23,23,16,11,0.051338787321264304,12
SHC063,19609,national_monument_action,national_monument_action,C13,15013,rrf_fill,0.0458778478205204,0.02164035476744175,194.84181727218487,0.7053835988044739,10,9,36,10,0.05348084886128364,10
SHC063,19609,national_monument_action,national_monument_action,C14,14728,function,0.050313930958509445,0.02159968763589859,229.08405634461624,0.7192047238349915,9,10,17,4,0.05739048089591568,6
SHC063,19609,national_monument_action,national_monument_action,C15,14534,rrf_fill,0.03505733609199524,0.013276960700750351,235.93429806024892,0.682273805141449,21,28,14,15,0.05055616222282889,13
SHC063,19609,national_monument_action,national_monument_action,C16,15054,rrf_fill,0.03501621633768082,0.01889902912080288,204.83566025184408,0.6765361428260803,22,18,29,19,0.04890981767601337,20
SHC063,19609,national_monument_action,national_monument_action,C17,19914,bm25,0.09148257225751877,0.0485241562128067,338.4541285234376,0.6779273748397827,6,7,1,18,0.05929084372930715,5
SHC063,19609,national_monument_action,national_monument_action,C18,15118,rrf_fill,0.03927788883447647,0.01889902912080288,198.58680880236074,0.7088802456855774,14,19,32,9,0.05153406020219449,11
SHC063,19609,national_monument_action,national_monument_action,C19,14564,rrf_fill,0.08484913408756256,0.05583189055323601,210.1695442317977,0.5902135372161865,7,6,25,61,0.05010605697811381,14
SHC063,19609,national_monument_action,national_monument_action,C20,14538,rrf_fill,0.04048255831003189,0.01194037776440382,262.9914164725268,0.6298571825027466,13,31,8,34,0.05003182135127889,15
SHC063,19609,national_monument_action,national_monument_action,C21,14471,rrf_fill,0.030346913263201714,0.010866829194128513,214.2217963790226,0.6868592500686646,31,34,23,13,0.047374131769422054,23
SHC063,19609,national_monument_action,national_monument_action,C22,14586,bm25|word10|word5,0.09494923800230026,0.05916205421090126,313.5516869042176,0.7158036231994629,4,4,3,6,0.062274531024531024,3
SHC063,19609,national_monument_action,national_monument_action,C23,14670,function,0.033033840358257294,0.01752086915075779,166.37050571802558,0.7354013323783875,24,22,49,1,0.04966763840553774,17
SHC063,19609,national_monument_action,national_monument_action,C24,14839,rrf_fill,0.03518058359622955,0.018294181674718857,227.07285052695653,0.6678047180175781,20,21,20,21,0.04969135802469136,16
SHC063,19609,national_monument_action,national_monument_action,C25,15053,function,0.031474437564611435,0.005417492240667343,240.51110979598576,0.730880856513977,28,76,13,2,0.04854423993515777,21
SHC064,12745,national_monument_action,national_monument_action,C01,15821,rrf_fill,0.06306222826242447,0.034456510096788406,652.9375055336014,0.6565185785293579,18,21,21,7,0.05243724397953253,17
SHC064,12745,national_monument_action,national_monument_action,C02,15896,rrf_fill,0.057465922087430954,0.03415556252002716,686.6426309974936,0.602897047996521,25,22,19,30,0.04772916679278483,21
SHC064,12745,national_monument_action,national_monument_action,C03,13031,rrf_fill,0.06339139491319656,0.04323330521583557,488.32057571075967,0.6080761551856995,17,9,53,28,0.04769296049596165,22
SHC064,12745,national_monument_action,national_monument_action,C04,15895,rrf_fill,0.06843895465135574,0.03735262528061867,712.3609009773634,0.644290030002594,8,14,14,11,0.055817416422221725,9
SHC064,12745,national_monument_action,national_monument_action,C05,16296,rrf_fill,0.050340790301561356,0.02589360810816288,760.797004020675,0.5925711989402771,32,37,8,34,0.04652302379318837,24
SHC064,12745,national_monument_action,national_monument_action,C06,13107,function|word5,0.08280055224895477,0.04944021999835968,787.9365084439366,0.6625780463218689,5,6,6,4,0.06131264568764569,5
SHC064,12745,national_monument_action,national_monument_action,C07,15898,rrf_fill,0.06665348261594772,0.03512850031256676,750.4989051839036,0.6556947827339172,10,18,10,8,0.05609782374488256,7
SHC064,12745,national_monument_action,national_monument_action,C08,13230,rrf_fill,0.0636175125837326,0.038313232362270355,491.8896606569605,0.6111781597137451,15,12,52,27,0.04764504652435687,23
SHC064,12745,national_monument_action,national_monument_action,C09,12846,bm25|word10|word5,0.1406698226928711,0.0984971895813942,963.2578790747143,0.6406844854354858,1,1,2,14,0.06242943101747967,4
SHC064,12745,national_monument_action,national_monument_action,C10,15843,rrf_fill,0.06800167262554169,0.037101369351148605,631.9723682796408,0.6572434902191162,9,15,24,6,0.05488236401279879,10
SHC064,12745,national_monument_action,national_monument_action,C11,12783,bm25|function|same_family_recent|word10|word5,0.09325355291366577,0.05482732877135277,852.5210544793674,0.6921150088310242,4,4,3,2,0.06325204813108039,2
SHC064,12745,national_monument_action,national_monument_action,C12,15950,bm25,0.06217748299241066,0.03316545858979225,815.8074900035931,0.6292265057563782,19,23,5,18,0.05291154882431381,16
SHC064,12745,national_monument_action,national_monument_action,C13,15897,rrf_fill,0.06088944897055626,0.03570311889052391,706.0852997024513,0.5878846645355225,22,17,17,36,0.048585814591912156,19
SHC064,12745,national_monument_action,national_monument_action,C14,13030,bm25|function|word10|word5,0.11463402956724167,0.0759417787194252,982.5349509220247,0.6918178796768188,2,2,1,3,0.06452452301209573,1
SHC064,12745,national_monument_action,national_monument_action,C15,12804,same_family_recent,0.05203089490532875,0.03039475530385971,525.3391376518996,0.6161694526672363,29,29,41,25,0.044137606093722394,29
SHC064,12745,national_monument_action,national_monument_action,C16,13176,rrf_fill,0.07289597392082214,0.04502108693122864,707.4481902025869,0.653579592704773,7,8,16,9,0.057281903847300045,6
SHC064,12745,national_monument_action,national_monument_action,C17,13033,rrf_fill,0.058593619614839554,0.038239508867263794,504.5586371295868,0.6393771767616272,23,13,47,15,0.04842595063392734,20
SHC064,12745,national_monument_action,national_monument_action,C18,15921,function,0.05750146135687828,0.028755079954862595,740.7050041706444,0.7060393691062927,24,33,11,1,0.05313539974200926,14
SHC064,12745,national_monument_action,national_monument_action,C19,15816,rrf_fill,0.06640303879976273,0.03864535316824913,696.9002268018698,0.6219074726104736,12,11,18,22,0.052989030702874744,15
SHC064,12745,national_monument_action,national_monument_action,C20,13034,bm25|function|word10|word5,0.1064739003777504,0.07401618361473083,830.7048382389023,0.6573696732521057,3,3,4,5,0.06275564713064713,3
SHC064,12745,national_monument_action,national_monument_action,C21,15819,rrf_fill,0.06445024162530899,0.03501671552658081,731.1136684518965,0.650833010673523,14,19,13,10,0.05415608578431537,12
SHC064,12745,national_monument_action,national_monument_action,C22,13032,rrf_fill,0.0660364180803299,0.046490706503391266,561.724920709811,0.6416523456573486,13,7,30,13,0.053433744519412074,13
SHC064,12745,national_monument_action,national_monument_action,C23,15818,rrf_fill,0.0634056031703949,0.03236367926001549,764.1362619109883,0.5775056481361389,16,24,7,39,0.050089039876942465,18
SHC064,12745,national_monument_action,national_monument_action,C24,15842,rrf_fill,0.06660494208335876,0.03590484708547592,735.0450572311366,0.6351000666618347,11,16,12,16,0.05428918540482662,11
SHC064,12745,national_monument_action,national_monument_action,C25,12888,word10,0.07629702985286713,0.0530208982527256,708.7998534779393,0.6173593997955322,6,5,15,23,0.05591765664054821,8
SHC065,14520,national_monument_action,national_monument_action,C01,15193,rrf_fill,0.09158458560705185,0.05525891110301018,161.38005223487184,0.5519319772720337,30,29,13,40,0.046045696304277184,13
SHC065,14520,national_monument_action,national_monument_action,C02,14749,function,0.09984344989061356,0.06324147433042526,168.54718445017835,0.6300725936889648,14,19,9,5,0.05604911036941857,3
SHC065,14520,national_monument_action,national_monument_action,C03,15192,rrf_fill,0.09435558319091797,0.05779525637626648,150.70368526912196,0.5447603464126587,26,25,23,45,0.044964615153990986,16
SHC065,14520,national_monument_action,national_monument_action,C04,14522,word10|word5,0.14355997741222382,0.12776577472686768,107.5718032756209,0.5052441358566284,1,1,64,102,0.04702424088110674,12
SHC065,14520,national_monument_action,national_monument_action,C05,14523,word10|word5,0.13862185180187225,0.11253134906291962,107.67535686313786,,2,2,62,,0.04045478582760444,24
SHC065,14520,national_monument_action,national_monument_action,C06,14534,same_family_recent|word5,0.1181098073720932,0.08354198187589645,132.4695501122951,0.619516134262085,4,8,36,10,0.05503326330532213,4
SHC065,14520,national_monument_action,national_monument_action,C07,14670,rrf_fill,0.09185077995061874,0.053068000823259354,160.53008523377883,0.6300379633903503,29,36,16,6,0.049962031611203696,10
SHC065,14520,national_monument_action,national_monument_action,C08,14602,rrf_fill,0.10396868735551834,0.06680744141340256,135.48385621080394,0.5631048679351807,10,17,33,34,0.04866371331711071,11
SHC065,14520,national_monument_action,national_monument_action,C09,15118,rrf_fill,0.09463126957416534,0.03847941756248474,166.70936131405492,0.6237199306488037,24,315,10,9,0.04334989648033126,19
SHC065,14520,national_monument_action,national_monument_action,C10,15017,rrf_fill,0.08215796947479248,0.05641868710517883,133.7798791983091,0.56879723072052,46,28,35,30,0.042435025528372104,20
SHC065,14520,national_monument_action,national_monument_action,C11,14634,function,0.09458904713392258,0.05225616693496704,171.17253684211977,0.6576764583587646,25,42,6,1,0.05311358522544636,6
SHC065,14520,national_monument_action,national_monument_action,C12,14530,word10,0.11100742965936661,0.09378108382225037,95.18856260562188,0.44356298446655273,7,5,131,334,0.03808366167917443,33
SHC065,14520,national_monument_action,national_monument_action,C13,14980,rrf_fill,0.09036535024642944,0.054067518562078476,144.47995173953467,0.5866129994392395,33,33,27,25,0.04476433510000218,17
SHC065,14520,national_monument_action,national_monument_action,C14,14564,bm25|function,0.08651190251111984,0.048390548676252365,181.21371358463523,0.6480270624160767,35,57,3,3,0.05081935608251398,9
SHC065,14520,national_monument_action,national_monument_action,C15,14846,bm25|function,0.08613962680101395,0.04165069758892059,182.5768020539812,0.645237386226654,37,206,2,4,0.04582270910482058,15
SHC065,14520,national_monument_action,national_monument_action,C16,14526,word10|word5,0.11100742965936661,0.09378108382225037,95.99072263818312,0.37841707468032837,5,3,121,839,0.03789484018836461,34
SHC065,14520,national_monument_action,national_monument_action,C17,14890,rrf_fill,0.0962354764342308,0.05991267040371895,158.78179984653238,0.5162795782089233,23,20,18,77,0.04466797566458986,18
SHC065,14520,national_monument_action,national_monument_action,C18,14589,bm25,0.09341005980968475,0.05674102157354355,195.92862520492287,0.5972012877464294,28,27,1,18,0.052071844680663226,7
SHC065,14520,national_monument_action,national_monument_action,C19,15160,bm25,0.06762674450874329,0.04304257407784462,178.2137804962704,0.5042200088500977,142,140,4,104,0.03167305602511471,53
SHC065,14520,national_monument_action,national_monument_action,C20,14529,word10,0.11100742965936661,0.09378108382225037,101.51323902295154,0.36383429169654846,6,4,81,957,0.038851997902200314,30
SHC065,14520,national_monument_action,national_monument_action,C21,14728,function,0.07538411766290665,0.047903239727020264,158.86903889928269,0.6495076417922974,59,60,17,2,0.04585273992294865,14
SHC065,14520,national_monument_action,national_monument_action,C22,14538,same_family_recent|word5,0.12627607583999634,0.08891012519598007,160.65249327466117,0.6037887930870056,3,7,15,15,0.0574650556740109,1
SHC065,14520,national_monument_action,national_monument_action,C23,15046,rrf_fill,0.10410919040441513,0.055208154022693634,144.16554597198706,0.6267054080963135,9,30,28,7,0.05189287423226424,8
SHC065,14520,national_monument_action,national_monument_action,C24,14617,rrf_fill,0.09933023899793625,0.059447482228279114,169.49790110534087,0.5985717177391052,15,21,8,16,0.05354278943546229,5
SHC065,14520,national_monument_action,national_monument_action,C25,15013,bm25,0.1029181256890297,0.06359058618545532,177.2244776163942,0.6257073283195496,12,18,5,8,0.05679989944695827,2
SHC066,14438,national_monument_action,national_monument_action,C01,14839,rrf_fill,0.030223140493035316,0.01332124788314104,324.26431658901765,0.6457006335258484,18,42,23,18,0.047493139980737425,20
SHC066,14438,national_monument_action,national_monument_action,C02,14538,word10|word5,0.04621492326259613,0.024292707443237305,313.6947512124632,0.6144112348556519,3,4,27,25,0.05475697462893203,6
SHC066,14438,national_monument_action,national_monument_action,C03,15046,rrf_fill,0.028368936851620674,0.014422418549656868,362.06034248249387,0.6207906007766724,22,31,7,22,0.05030462802577837,15
SHC066,14438,national_monument_action,national_monument_action,C04,15118,bm25,0.03418311849236488,0.01111831609159708,374.554233242299,0.6646939516067505,10,73,5,15,0.05052245999614421,14
SHC066,14438,national_monument_action,national_monument_action,C05,14510,word5,0.042156364768743515,0.0184332225471735,297.75986059462264,0.6138071417808533,5,12,37,27,0.051077035497582954,12
SHC066,14438,national_monument_action,national_monument_action,C06,14670,function|word5,0.04314181208610535,0.016779985278844833,355.27965686723604,0.7468210458755493,4,20,11,1,0.058602949665204344,2
SHC066,14438,national_monument_action,national_monument_action,C07,14534,rrf_fill,0.0336102657020092,0.019521210342645645,265.14436579726157,0.6634700894355774,13,7,52,16,0.05071046943672819,13
SHC066,14438,national_monument_action,national_monument_action,C08,14564,rrf_fill,0.026980120688676834,0.013079801574349403,358.603045831842,0.6156719923019409,27,43,9,23,0.04774393713191363,19
SHC066,14438,national_monument_action,national_monument_action,C09,14589,bm25|word10|word5,0.14608389139175415,0.08927278220653534,575.7610350636774,0.6695499420166016,1,1,1,13,0.06287895800583876,1
SHC066,14438,national_monument_action,national_monument_action,C10,15192,rrf_fill,0.035571373999118805,0.01760302297770977,342.3603844568579,0.6059215068817139,8,16,17,32,0.05172035529418757,11
SHC066,14438,national_monument_action,national_monument_action,C11,14749,rrf_fill,0.031060175970196724,0.014782640151679516,325.5896459888758,0.6690467000007629,16,30,22,14,0.04997764131268624,16
SHC066,14438,national_monument_action,national_monument_action,C12,15013,bm25,0.028060687705874443,0.014039581641554832,376.129851835778,0.676571249961853,25,38,3,11,0.051926310430275395,10
SHC066,14438,national_monument_action,national_monument_action,C13,14471,same_family_recent|word10,0.041115421801805496,0.024941304698586464,272.32317736274825,0.6923527121543884,6,3,50,7,0.05504081324976847,5
SHC066,14438,national_monument_action,national_monument_action,C14,14617,function,0.037458159029483795,0.017703691497445107,321.93393694653093,0.7172132134437561,7,15,24,2,0.056292500630488115,4
SHC066,14438,national_monument_action,national_monument_action,C15,14980,rrf_fill,0.03042849525809288,0.014259488321840763,299.831108745626,0.6316361427307129,17,34,34,20,0.04676360873169384,22
SHC066,14438,national_monument_action,national_monument_action,C16,14667,bm25,0.03295491635799408,0.013605194166302681,384.9897932089622,0.6890239715576172,14,40,2,9,0.05413529939476644,7
SHC066,14438,national_monument_action,national_monument_action,C17,15193,rrf_fill,0.035571373999118805,0.01760302297770977,372.7287828554445,0.6117602586746216,9,17,6,29,0.05386723681789632,8
SHC066,14438,national_monument_action,national_monument_action,C18,15053,function,0.02844531647861004,0.014844812452793121,281.1431902971737,0.7022796273231506,21,29,44,3,0.04907003455692594,17
SHC066,14438,national_monument_action,national_monument_action,C19,14491,same_family_recent|word10|word5,0.04914110526442528,0.032620083540678024,350.69602606774095,0.610807478427887,2,2,14,31,0.05676058901865354,3
SHC066,14438,national_monument_action,national_monument_action,C20,14704,rrf_fill,0.034174639731645584,0.01817128248512745,351.1750467430514,0.5569595098495483,11,14,13,79,0.04849089529706988,18
SHC066,14438,national_monument_action,national_monument_action,C21,15206,rrf_fill,0.03218972310423851,0.015540151856839657,283.54255505629925,0.620883584022522,15,26,42,21,0.04711084089105065,21
SHC066,14438,national_monument_action,national_monument_action,C22,14954,function,0.033910807222127914,0.016931140795350075,306.0034830581771,0.6965276002883911,12,19,29,5,0.05316768717778531,9
SHC066,14438,national_monument_action,national_monument_action,C23,14456,word10,0.02645215392112732,0.022088894620537758,123.2014068756758,0.4906327724456787,28,5,288,358,0.03201415946425021,42
SHC066,14438,national_monument_action,national_monument_action,C24,3773,bm25,0.0022954605519771576,0.0,375.57068255195503,0.5983365774154663,401,816,4,34,0.029574047780719075,48
SHC066,14438,national_monument_action,national_monument_action,C25,14983,function,0.02401909977197647,0.014322346076369286,261.8235415415439,0.6980170011520386,35,33,54,4,0.0456759337860781,25
SHC067,15896,national_monument_action,national_monument_action,C01,14586,rrf_fill,0.04570973291993141,0.028959179297089577,339.39888854080385,0.5827634334564209,24,24,26,36,0.04585409745293466,24
SHC067,15896,national_monument_action,national_monument_action,C02,19619,rrf_fill,0.08011406660079956,0.05546380206942558,467.85991119320556,0.63572758436203,15,16,19,6,0.054300971069791856,13
SHC067,15896,national_monument_action,national_monument_action,C03,19613,rrf_fill,0.07693018764257431,0.05088319629430771,550.3376566862432,0.6108465790748596,21,23,7,19,0.051977472765859636,18
SHC067,15896,national_monument_action,national_monument_action,C04,19622,rrf_fill,0.07928783446550369,0.05469217523932457,480.22718083603996,0.6148444414138794,18,18,18,15,0.05179487179487179,19
SHC067,15896,national_monument_action,national_monument_action,C05,19606,rrf_fill,0.08011406660079956,0.05546380206942558,514.0066129846142,0.5983265042304993,13,13,11,26,0.05310967429297031,16
SHC067,15896,national_monument_action,national_monument_action,C06,19615,rrf_fill,0.08048155158758163,0.055807001888751984,550.1016261296081,0.6208540797233582,12,11,8,13,0.056377908421069885,9
SHC067,15896,national_monument_action,national_monument_action,C07,19620,rrf_fill,0.08011406660079956,0.05546380206942558,465.83235729866504,0.6130061149597168,16,17,21,17,0.05147759972321376,21
SHC067,15896,national_monument_action,national_monument_action,C08,15952,bm25|function|word10|word5,0.13437236845493317,0.1071593165397644,624.9970258880938,0.6554144620895386,5,5,3,3,0.06251526251526252,3
SHC067,15896,national_monument_action,national_monument_action,C09,15951,bm25|word10|word5,0.18193423748016357,0.15269127488136292,657.5037868084742,0.5623621940612793,1,1,1,45,0.05870413739266199,6
SHC067,15896,national_monument_action,national_monument_action,C10,19609,rrf_fill,0.07851042598485947,0.05208183079957962,494.77832788474416,0.626930832862854,20,22,15,8,0.05273433763749402,17
SHC067,15896,national_monument_action,national_monument_action,C11,19617,rrf_fill,0.08229158073663712,0.055807001888751984,521.0085243599387,0.6194142699241638,7,12,10,14,0.056613489822445046,8
SHC067,15896,national_monument_action,national_monument_action,C12,19607,rrf_fill,0.08048155158758163,0.055807001888751984,462.00389648628226,0.622162938117981,9,8,23,12,0.05513571763610281,12
SHC067,15896,national_monument_action,national_monument_action,C13,16296,bm25|function,0.11697015911340714,0.09328846633434296,618.940334021625,0.6805336475372314,6,6,5,1,0.06208108831059651,4
SHC067,15896,national_monument_action,national_monument_action,C14,15953,bm25|word10|word5,0.15607964992523193,0.13109645247459412,620.4617195412723,0.6230412721633911,4,4,4,11,0.06095950704225352,5
SHC067,15896,national_monument_action,national_monument_action,C15,19608,function,0.08048155158758163,0.055807001888751984,489.72137369667684,0.6443945169448853,10,9,16,5,0.05732097803036018,7
SHC067,15896,national_monument_action,national_monument_action,C16,19611,rrf_fill,0.07294095307588577,0.05219702795147896,466.73781772373195,0.6091938018798828,22,20,20,20,0.049695121951219515,22
SHC067,15896,national_monument_action,national_monument_action,C17,19621,rrf_fill,0.07894012331962585,0.05431310832500458,499.0769557457777,0.6328756809234619,19,19,13,7,0.05394045896751719,15
SHC067,15896,national_monument_action,national_monument_action,C18,19614,rrf_fill,0.07294095307588577,0.05219702795147896,465.2718479476244,0.5415552258491516,23,21,22,55,0.04528464590856257,25
SHC067,15896,national_monument_action,national_monument_action,C19,19618,rrf_fill,0.08011406660079956,0.05546380206942558,484.73365709332614,0.5985796451568604,14,15,17,25,0.051598565716212776,20
SHC067,15896,national_monument_action,national_monument_action,C20,19616,rrf_fill,0.07932603359222412,0.05546380206942558,524.7819730130233,0.6242655515670776,17,14,9,9,0.055486033746903314,10
SHC067,15896,national_monument_action,national_monument_action,C21,15921,function|same_family_recent|word10|word5,0.16875772178173065,0.13417291641235352,607.2461852784548,0.6770820617675781,2,2,6,2,0.0635386119257087,1
SHC067,15896,national_monument_action,national_monument_action,C22,19610,rrf_fill,0.08048155158758163,0.055807001888751984,507.3590021784135,0.5997732281684875,11,10,12,24,0.0541638721216186,14
SHC067,15896,national_monument_action,national_monument_action,C23,19612,rrf_fill,0.08153310418128967,0.056821372359991074,498.18370129829543,0.6038137078285217,8,7,14,22,0.05533989095200256,11
SHC067,15896,national_monument_action,national_monument_action,C24,14090,rrf_fill,0.04256632551550865,0.028325103223323822,301.2434452604887,0.6126869916915894,28,27,28,18,0.04704203842134877,23
SHC067,15896,national_monument_action,national_monument_action,C25,15950,bm25|function|same_family_recent|word10|word5,0.15699173510074615,0.13204807043075562,648.5164129449427,0.6500891447067261,3,3,2,4,0.06350006400409626,2
SHC068,14670,national_monument_action,national_monument_action,C01,14846,bm25|function|word10|word5,0.08171188831329346,0.0369187667965889,345.3953707182563,0.6829604506492615,2,2,5,3,0.06351569577376029,2
SHC068,14670,national_monument_action,national_monument_action,C02,14704,same_family_recent,0.04209308326244354,0.022408511489629745,314.3087319312332,0.5456972718238831,11,7,8,45,0.05323957205333258,14
SHC068,14670,national_monument_action,national_monument_action,C03,14830,rrf_fill,0.03114073909819126,0.01639133132994175,264.8256875130375,0.5356996655464172,19,17,25,58,0.045884522988653635,22
SHC068,14670,national_monument_action,national_monument_action,C04,15192,rrf_fill,0.0430135652422905,0.019231289625167847,306.9216678764212,0.6106993556022644,9,10,9,13,0.0569698516690774,7
SHC068,14670,national_monument_action,national_monument_action,C05,15118,bm25|word5,0.060839686542749405,0.016406264156103134,364.1889506960214,0.6464701294898987,4,16,3,11,0.0587404176521115,4
SHC068,14670,national_monument_action,national_monument_action,C06,15046,rrf_fill,0.03776198998093605,0.019134022295475006,297.52674454503995,0.6133565306663513,15,12,11,12,0.05519561815336463,12
SHC068,14670,national_monument_action,national_monument_action,C07,14983,function,0.029156576842069626,0.010950292460620403,283.03487247492734,0.6815145015716553,23,49,18,4,0.04966801751820266,16
SHC068,14670,national_monument_action,national_monument_action,C08,14723,word10|word5,0.05799179524183273,0.023090021684765816,284.40237481678474,0.5422355532646179,5,4,17,52,0.0529251998001998,15
SHC068,14670,national_monument_action,national_monument_action,C09,15153,rrf_fill,0.04328015446662903,0.01361760776489973,261.62775056092414,0.5758231282234192,8,30,29,20,0.049552948520232065,17
SHC068,14670,national_monument_action,national_monument_action,C10,15206,rrf_fill,0.035324446856975555,0.011475808918476105,251.98258226966206,0.6066082119941711,17,36,32,14,0.047786758384584474,20
SHC068,14670,national_monument_action,national_monument_action,C11,14749,word10,0.04730604588985443,0.022714776918292046,278.4608799490715,0.6545556783676147,6,5,19,10,0.05748007266994609,6
SHC068,14670,national_monument_action,national_monument_action,C12,14890,bm25|word10|word5,0.06344777345657349,0.02513778954744339,367.6662516661024,0.5378010272979736,3,3,2,55,0.0565707161780093,8
SHC068,14670,national_monument_action,national_monument_action,C13,14683,rrf_fill,0.03105038031935692,0.015209454111754894,220.21956908963935,0.5317748188972473,20,20,40,67,0.0428740157480315,23
SHC068,14670,national_monument_action,national_monument_action,C14,15013,function,0.04041936993598938,0.019561821594834328,335.66571620752205,0.7166488170623779,12,8,6,1,0.06013972901629604,3
SHC068,14670,national_monument_action,national_monument_action,C15,11840,same_family_recent,0.0009227481787092984,0.0,72.73941091192808,0.4672139585018158,350,1723,576,320,0.007203782877431087,487
SHC068,14670,national_monument_action,national_monument_action,C16,15017,rrf_fill,0.030084282159805298,0.013238376006484032,240.39814446138826,0.5964453816413879,21,31,34,16,0.0471308826105392,21
SHC068,14670,national_monument_action,national_monument_action,C17,14680,rrf_fill,0.022440357133746147,0.014302559196949005,129.39719951519342,0.5600948929786682,44,21,129,28,0.038615705282371945,24
SHC068,14670,national_monument_action,national_monument_action,C18,14839,bm25|word10|word5,0.08824095129966736,0.04299958050251007,376.17589685090326,0.6587665677070618,1,1,1,9,0.06367308149204087,1
SHC068,14670,national_monument_action,national_monument_action,C19,14728,rrf_fill,0.03979640454053879,0.022603275254368782,291.6295317938397,0.6734652519226074,13,6,12,6,0.05789054932890549,5
SHC068,14670,national_monument_action,national_monument_action,C20,14975,bm25,0.02780318260192871,0.009788036346435547,353.0913975525748,0.6016766428947449,24,65,4,15,0.04886309523809524,18
SHC068,14670,national_monument_action,national_monument_action,C21,14980,rrf_fill,0.0379454605281353,0.015352871268987656,288.1162986784558,0.6626902222633362,14,19,14,8,0.05439113722806947,13
SHC068,14670,national_monument_action,national_monument_action,C22,15053,rrf_fill,0.02997894398868084,0.010950292460620403,276.24560778342146,0.6683709621429443,22,50,20,7,0.04871140417645696,19
SHC068,14670,national_monument_action,national_monument_action,C23,15193,rrf_fill,0.0430135652422905,0.019231289625167847,319.4004939355503,0.5830422043800354,10,11,7,17,0.05628260744930915,9
SHC068,14670,national_monument_action,national_monument_action,C24,14954,function,0.046415649354457855,0.013806281611323357,299.703399338721,0.6753892302513123,7,29,10,5,0.055831657860837804,11
SHC068,14670,national_monument_action,national_monument_action,C25,15054,function,0.03747735172510147,0.019444137811660767,274.2572984567974,0.6852639317512512,16,9,21,2,0.056125359630440706,10
SHC069,15054,national_monument_action,national_monument_action,C01,15080,rrf_fill,0.08981368690729141,0.06725552678108215,96.98497108611255,0.45521998405456543,14,12,76,71,0.04238893136513253,21
SHC069,15054,national_monument_action,national_monument_action,C02,15157,rrf_fill,0.07192442566156387,0.04721163585782051,120.5683575299157,0.5119898915290833,61,41,15,12,0.04538767513114948,14
SHC069,15054,national_monument_action,national_monument_action,C03,15193,bm25|function|word10|word5,0.3034413456916809,0.255532443523407,336.374393816984,0.7059144377708435,2,2,1,3,0.06452452301209573,2
SHC069,15054,national_monument_action,national_monument_action,C04,15070,rrf_fill,0.08975587785243988,0.06597316265106201,107.99974804518084,0.44816574454307556,16,15,28,88,0.04461162119056856,15
SHC069,15054,national_monument_action,national_monument_action,C05,15130,rrf_fill,0.08280983567237854,0.05070086568593979,120.30987768087154,0.4433651864528656,27,32,16,98,0.04185082675184726,23
SHC069,15054,national_monument_action,national_monument_action,C06,15097,rrf_fill,0.08367989957332611,0.051408786326646805,99.82325861168032,0.4923112094402313,24,28,64,24,0.043237676302192427,17
SHC069,15054,national_monument_action,national_monument_action,C07,15063,rrf_fill,0.09133768081665039,0.06725552678108215,112.21740968379302,0.42469295859336853,8,8,22,137,0.04668302878908156,12
SHC069,15054,national_monument_action,national_monument_action,C08,15194,rrf_fill,0.06913909316062927,0.035855840891599655,139.25921416326952,0.5035433173179626,69,87,9,16,0.04220530743296201,22
SHC069,15054,national_monument_action,national_monument_action,C09,15064,rrf_fill,0.08981368690729141,0.06725552678108215,84.13022139859018,0.460921972990036,11,9,109,62,0.04269114174023095,19
SHC069,15054,national_monument_action,national_monument_action,C10,15206,bm25|function|word10|word5,0.2639651596546173,0.17561037838459015,279.5403626922089,0.6950704455375671,5,5,4,5,0.061778846153846156,5
SHC069,15054,national_monument_action,national_monument_action,C11,15066,rrf_fill,0.08981368690729141,0.06725552678108215,121.49757442726452,0.45481374859809875,12,10,14,73,0.04920691368059789,7
SHC069,15054,national_monument_action,national_monument_action,C12,15124,rrf_fill,0.09005129337310791,0.057282645255327225,122.78843662217722,0.4583788216114044,10,21,13,68,0.04814252343504626,9
SHC069,15054,national_monument_action,national_monument_action,C13,15178,rrf_fill,0.078971728682518,0.04721163585782051,107.72348937066262,0.4889489710330963,38,46,29,26,0.04250190592972797,20
SHC069,15054,national_monument_action,national_monument_action,C14,15119,rrf_fill,0.08500734716653824,0.05070086568593979,144.49109415981775,0.4365626871585846,22,31,8,112,0.04370396878154377,16
SHC069,15054,national_monument_action,national_monument_action,C15,15071,rrf_fill,0.08981368690729141,0.06725552678108215,100.8015297881875,0.4209171235561371,13,11,59,144,0.041088459308091366,25
SHC069,15054,national_monument_action,national_monument_action,C16,15153,bm25|function|same_family_recent|word10|word5,0.27738434076309204,0.19289390742778778,283.0165904070837,0.7147186398506165,4,4,3,2,0.06325204813108039,4
SHC069,15054,national_monument_action,national_monument_action,C17,15060,rrf_fill,0.09566479176282883,0.08320814371109009,103.13132117344983,0.466964989900589,7,6,49,51,0.048260209221458024,8
SHC069,15054,national_monument_action,national_monument_action,C18,15118,bm25|function|same_family_recent|word10|word5,0.28187453746795654,0.22459644079208374,248.5547033260592,0.7524003386497498,3,3,5,1,0.06352408975359795,3
SHC069,15054,national_monument_action,national_monument_action,C19,15128,rrf_fill,0.08384016901254654,0.049498412758111954,108.23908378187153,0.49726220965385437,23,35,27,19,0.046726989282222506,11
SHC069,15054,national_monument_action,national_monument_action,C20,15109,rrf_fill,0.0858607366681099,0.05470707267522812,104.25751999170096,0.4662553071975708,20,25,40,55,0.04296035805626598,18
SHC069,15054,national_monument_action,national_monument_action,C21,15075,rrf_fill,0.08978673070669174,0.06395617127418518,106.06236236403437,0.48005223274230957,15,17,32,34,0.04782820941007805,10
SHC069,15054,national_monument_action,national_monument_action,C22,15192,bm25|function|word10|word5,0.3034413456916809,0.255532443523407,313.92113294941026,0.7032938003540039,1,1,2,4,0.06454091750396615,1
SHC069,15054,national_monument_action,national_monument_action,C23,15156,rrf_fill,0.07192442566156387,0.04721163585782051,126.42493364979065,0.49933671951293945,60,40,11,17,0.04540485336259984,13
SHC069,15054,national_monument_action,national_monument_action,C24,15161,rrf_fill,0.07412193715572357,0.04721163585782051,104.60427076831981,0.49930059909820557,56,43,37,18,0.04145921869027837,24
SHC069,15054,national_monument_action,national_monument_action,C25,15078,rrf_fill,0.10400115698575974,0.07309062033891678,116.19192746792899,0.4955455958843231,6,7,19,21,0.055080795146290454,6
SHC070,12888,national_monument_action,national_monument_action,C01,15921,rrf_fill,0.1124613881111145,0.06934240460395813,570.9781123219483,0.6989530920982361,29,35,11,11,0.049931284930160504,20
SHC070,12888,national_monument_action,national_monument_action,C02,15952,bm25|word5,0.16549403965473175,0.11063244193792343,809.7314260001415,0.6763334274291992,3,8,1,14,0.06048585436242138,4
SHC070,12888,national_monument_action,national_monument_action,C03,15816,function,0.12753120064735413,0.08872779458761215,556.3768191050799,0.7175134420394897,11,11,16,5,0.056711524205964536,7
SHC070,12888,national_monument_action,national_monument_action,C04,13034,bm25|word10|word5,0.18876565992832184,0.14751243591308594,673.5204408941071,0.7096594572067261,1,1,2,10,0.06320163178968044,2
SHC070,12888,national_monument_action,national_monument_action,C05,15953,rrf_fill,0.11340566724538803,0.08104585111141205,589.8694417834183,0.652881920337677,27,25,8,21,0.05031052012120302,17
SHC070,12888,national_monument_action,national_monument_action,C06,13032,word10,0.14419187605381012,0.1201825812458992,471.437275394322,0.6707754135131836,6,4,36,16,0.05435107655502392,10
SHC070,12888,national_monument_action,national_monument_action,C07,15897,rrf_fill,0.1245410218834877,0.08654440939426422,564.5305473549695,0.6154510378837585,15,12,13,51,0.04992986136821753,21
SHC070,12888,national_monument_action,national_monument_action,C08,13030,bm25|function|same_family_recent|word10|word5,0.17412571609020233,0.1374993622303009,628.5595308830082,0.7500330209732056,2,2,3,1,0.06452452301209573,1
SHC070,12888,national_monument_action,national_monument_action,C09,13230,rrf_fill,0.1378607153892517,0.11169560998678207,429.94807650819894,0.6731778979301453,9,6,49,15,0.052151914034642394,14
SHC070,12888,national_monument_action,national_monument_action,C10,15896,bm25,0.12083974480628967,0.08126918971538544,617.5933758173825,0.6258856058120728,20,24,4,39,0.050130772005772005,18
SHC070,12888,national_monument_action,national_monument_action,C11,13176,word10|word5,0.15874426066875458,0.12019151449203491,605.4684591074911,0.7115386128425598,4,3,6,9,0.06114228464771943,3
SHC070,12888,national_monument_action,national_monument_action,C12,15898,function,0.12149199098348618,0.08145944029092789,541.8956789910052,0.7194687128067017,19,23,21,4,0.052677099631531284,13
SHC070,12888,national_monument_action,national_monument_action,C13,15895,rrf_fill,0.12569890916347504,0.08520220965147018,566.661819617981,0.7138846516609192,12,13,12,8,0.05618229026770526,8
SHC070,12888,national_monument_action,national_monument_action,C14,12901,same_family_recent,0.01595684327185154,0.012332966551184654,235.70328335944282,0.4759165644645691,84,70,89,459,0.023274943806328375,90
SHC070,12888,national_monument_action,national_monument_action,C15,15821,rrf_fill,0.12210210412740707,0.08237352967262268,556.1672822886677,0.7159574627876282,17,21,17,7,0.053245078120700014,12
SHC070,12888,national_monument_action,national_monument_action,C16,13031,word10,0.14361269772052765,0.11638001352548599,386.7078632550052,0.6688546538352966,7,5,54,18,0.051902431164017965,15
SHC070,12888,national_monument_action,national_monument_action,C17,15820,rrf_fill,0.11889513581991196,0.08079501241445541,550.4936231158861,0.6984511017799377,23,26,20,12,0.05006498863671741,19
SHC070,12888,national_monument_action,national_monument_action,C18,15951,rrf_fill,0.12185370922088623,0.08262436836957932,604.0577277797743,0.5915508270263672,18,17,7,65,0.04873289894185417,23
SHC070,12888,national_monument_action,national_monument_action,C19,15842,rrf_fill,0.12384357303380966,0.08237352967262268,559.1497013639822,0.717404842376709,16,22,15,6,0.0538378651729101,11
SHC070,12888,national_monument_action,national_monument_action,C20,15817,rrf_fill,0.12016385793685913,0.08237352967262268,513.2027336013568,0.6697255373001099,21,19,24,17,0.04989568175222184,22
SHC070,12888,national_monument_action,national_monument_action,C21,13107,word5,0.14512600004673004,0.10831286013126373,572.8658721318604,0.6786257028579712,5,10,10,13,0.05765467409303025,5
SHC070,12888,national_monument_action,national_monument_action,C22,15823,rrf_fill,0.11765629053115845,0.08079501241445541,553.7940730223379,0.6442564725875854,24,27,18,24,0.04812428950359984,24
SHC070,12888,national_monument_action,national_monument_action,C23,13033,rrf_fill,0.13691551983356476,0.10865893959999084,425.0896506750293,0.6559945344924927,10,9,51,19,0.05044570476601297,16
SHC070,12888,national_monument_action,national_monument_action,C24,15819,bm25|function,0.12521852552890778,0.08237352967262268,612.7283215947618,0.7272471189498901,13,20,5,3,0.057456261394617555,6
SHC070,12888,national_monument_action,national_monument_action,C25,15843,function,0.12518100440502167,0.08465023338794708,514.416114117345,0.7394471168518066,14,14,23,2,0.05520425205617588,9
SHC071,13651,national_monument_action,national_monument_action,C01,13867,same_family_recent,0.00565953878685832,0.004039786756038666,94.77612248264779,0.5059739351272583,611,164,4751,85,0.013059007398534307,128
SHC071,13651,national_monument_action,national_monument_action,C02,15816,rrf_fill,0.10629991441965103,0.06965579092502594,430.0871959834673,0.5657314658164978,18,19,24,20,0.04988350257337599,20
SHC071,13651,national_monument_action,national_monument_action,C03,15895,rrf_fill,0.11135560274124146,0.07529760897159576,454.9536202419548,0.5739436149597168,9,9,10,18,0.056091734352603916,11
SHC071,13651,national_monument_action,national_monument_action,C04,15818,rrf_fill,0.10687999427318573,0.06974352896213531,419.99233286633864,0.5549448728561401,17,18,30,27,0.04841288979220014,22
SHC071,13651,national_monument_action,national_monument_action,C05,15842,rrf_fill,0.11135560274124146,0.07529760897159576,443.82245085937734,0.5765569806098938,8,8,16,16,0.05572755417956656,12
SHC071,13651,national_monument_action,national_monument_action,C06,15898,rrf_fill,0.10923142731189728,0.07370232045650482,452.8113148319983,0.5886055827140808,14,11,12,12,0.055375798333544814,13
SHC071,13651,national_monument_action,national_monument_action,C07,15821,rrf_fill,0.1099076122045517,0.0734017938375473,445.4806301451134,0.5856501460075378,11,12,15,13,0.05500535940146205,14
SHC071,13651,national_monument_action,national_monument_action,C08,15820,function|word10,0.11148637533187866,0.07779762893915176,461.4745452271396,0.6247289180755615,7,4,8,1,0.061649698110220356,2
SHC071,13651,national_monument_action,national_monument_action,C09,15951,rrf_fill,0.10931486636400223,0.07256115972995758,463.9518798761107,0.49926427006721497,13,14,7,106,0.04816161317037034,23
SHC071,13651,national_monument_action,national_monument_action,C10,15952,rrf_fill,0.1038590669631958,0.07254153490066528,445.6499664164759,0.5659791827201843,20,15,14,19,0.05200507469494811,17
SHC071,13651,national_monument_action,national_monument_action,C11,15232,bm25|word10|word5,0.1381426304578781,0.10640635341405869,545.0670625514176,0.6080968379974365,2,2,2,7,0.0633124699085219,1
SHC071,13651,national_monument_action,national_monument_action,C12,15887,bm25|function,0.09643148630857468,0.06053883582353592,498.42385312483486,0.6103343367576599,25,25,5,5,0.05429864253393665,15
SHC071,13651,national_monument_action,national_monument_action,C13,15896,rrf_fill,0.10784890502691269,0.07107536494731903,430.1454704215902,0.5790237784385681,15,16,23,15,0.05187275417459311,18
SHC071,13651,national_monument_action,national_monument_action,C14,15823,word10|word5,0.11329353600740433,0.079478420317173,449.5924330193624,0.5980671644210815,5,3,13,9,0.059449015017805966,4
SHC071,13651,national_monument_action,national_monument_action,C15,15814,bm25|function,0.10145913064479828,0.06938520818948746,528.6652275858174,0.6178193688392639,23,20,3,2,0.056550240902164726,9
SHC071,13651,national_monument_action,national_monument_action,C16,15822,bm25|function,0.10423634201288223,0.06740999221801758,563.6706543352667,0.6130582690238953,19,22,1,4,0.0568717924222716,8
SHC071,13651,national_monument_action,national_monument_action,C17,15819,rrf_fill,0.11166051775217056,0.07529760897159576,459.94801224732214,0.5811620354652405,6,7,9,14,0.05808315542254543,6
SHC071,13651,national_monument_action,national_monument_action,C18,15921,rrf_fill,0.10240094363689423,0.06642957031726837,443.317060396726,0.588628351688385,22,23,17,11,0.05131483475157036,19
SHC071,13651,national_monument_action,national_monument_action,C19,15817,rrf_fill,0.10719135403633118,0.07074171304702759,482.5672859715613,0.5752272009849548,16,17,6,17,0.05428343586238323,16
SHC071,13651,national_monument_action,national_monument_action,C20,13946,word10|word5,0.17882058024406433,0.1453126221895218,431.0455627490149,0.5620421767234802,1,1,22,21,0.057327686209466835,7
SHC071,13651,national_monument_action,national_monument_action,C21,15897,rrf_fill,0.10963687300682068,0.0734017938375473,424.7704238003253,0.5515535473823547,12,13,27,35,0.04960808768891209,21
SHC071,13651,national_monument_action,national_monument_action,C22,15843,function|word10|word5,0.11727793514728546,0.07685986161231995,433.02173022399523,0.6161395907402039,4,5,21,3,0.059228310269976936,5
SHC071,13651,national_monument_action,national_monument_action,C23,15569,bm25,0.11006743460893631,0.07568765431642532,507.2888380724915,0.60894376039505,10,6,4,6,0.06021374458874459,3
SHC071,13651,national_monument_action,national_monument_action,C24,9651,same_family_recent,0.004311724565923214,0.0,352.1067852579322,0.44084632396698,995,7744,44,1300,0.011426685447294138,168
SHC071,13651,national_monument_action,national_monument_action,C25,15950,word5,0.11761540919542313,0.07460284978151321,429.46623852552574,0.6018869876861572,3,10,26,8,0.05649251948841552,10
SHC072,14617,national_monument_action,national_monument_action,C01,14839,bm25|word10|word5,0.2282247543334961,0.14502787590026855,326.18338343102835,0.697592556476593,2,2,1,10,0.06293722142479413,4
SHC072,14617,national_monument_action,national_monument_action,C02,14890,rrf_fill,0.14369608461856842,0.0880405530333519,217.65581052580507,0.5382314920425415,7,7,18,54,0.05144318891373094,18
SHC072,14617,national_monument_action,national_monument_action,C03,15118,rrf_fill,0.1171003058552742,0.060035254806280136,216.8324729883797,0.6985554695129395,14,18,19,9,0.05348500780531601,15
SHC072,14617,national_monument_action,national_monument_action,C04,14704,rrf_fill,0.10346801578998566,0.058457810431718826,214.8976394891353,0.5706597566604614,18,21,20,34,0.048304489705198926,23
SHC072,14617,national_monument_action,national_monument_action,C05,15192,rrf_fill,0.11750385165214539,0.07153750956058502,220.98132210791033,0.6526708006858826,12,13,17,17,0.053561544999901164,14
SHC072,14617,national_monument_action,national_monument_action,C06,15153,rrf_fill,0.11097321659326553,0.04109029471874237,241.83427763802385,0.6201726198196411,15,34,12,20,0.05036052009456265,20
SHC072,14617,national_monument_action,national_monument_action,C07,15206,rrf_fill,0.09724582731723785,0.042816806584596634,232.83342620871773,0.65409255027771,21,30,16,16,0.049772579597141,21
SHC072,14617,national_monument_action,national_monument_action,C08,14670,function|word10|word5,0.27574267983436584,0.15238523483276367,248.0738029104999,0.7752729058265686,1,1,11,1,0.06326483491110599,1
SHC072,14617,national_monument_action,national_monument_action,C09,14846,bm25|function|word10|word5,0.2020302563905716,0.12858927249908447,315.81631601300876,0.7169605493545532,3,3,2,5,0.06325967938871165,2
SHC072,14617,national_monument_action,national_monument_action,C10,14749,function,0.13389606773853302,0.09333311021327972,234.06126633918478,0.7171684503555298,9,6,15,4,0.05860260210803689,6
SHC072,14617,national_monument_action,national_monument_action,C11,15053,bm25,0.09925772249698639,0.041805583983659744,271.5434968310128,0.7036488056182861,20,33,5,8,0.05334318590959958,16
SHC072,14617,national_monument_action,national_monument_action,C12,14723,rrf_fill,0.12847839295864105,0.07190952450037003,249.36770474006605,0.5721532702445984,10,12,10,33,0.05321300563236047,17
SHC072,14617,national_monument_action,national_monument_action,C13,15017,rrf_fill,0.08838915824890137,0.04795418307185173,253.08979925244074,0.6279618740081787,23,29,8,19,0.05064825802830655,19
SHC072,14617,national_monument_action,national_monument_action,C14,14728,bm25|function|word10|word5,0.15659739077091217,0.10460837185382843,302.0269042273004,0.719813883304596,4,4,3,3,0.06299603174603174,3
SHC072,14617,national_monument_action,national_monument_action,C15,15193,rrf_fill,0.11750385165214539,0.07153750956058502,235.51348383875384,0.63242506980896,13,14,13,18,0.05373128660799893,13
SHC072,14617,national_monument_action,national_monument_action,C16,14954,function,0.10871928930282593,0.051605310291051865,251.64428331200122,0.7242349982261658,17,27,9,2,0.055103051741829126,10
SHC072,14617,national_monument_action,national_monument_action,C17,14980,rrf_fill,0.11085878312587738,0.058707620948553085,262.6566456575086,0.6900553107261658,16,20,7,13,0.05428189800815676,11
SHC072,14617,national_monument_action,national_monument_action,C18,14667,same_family_recent,0.1434265524148941,0.07355688512325287,189.6176771965141,0.7167263031005859,8,11,24,6,0.05584666645147175,9
SHC072,14617,national_monument_action,national_monument_action,C19,14983,rrf_fill,0.0821169763803482,0.036938369274139404,234.54108443138085,0.6942741870880127,25,48,14,12,0.0484263675440146,22
SHC072,14617,national_monument_action,national_monument_action,C20,15046,rrf_fill,0.11836539208889008,0.08203967660665512,207.43539629764797,0.6640372276306152,11,9,22,15,0.054105715949994776,12
SHC072,14617,national_monument_action,national_monument_action,C21,14634,bm25|same_family_recent,0.15299007296562195,0.0855831429362297,298.9161410201169,0.6856280565261841,6,8,4,14,0.058995911017969846,5
SHC072,14617,national_monument_action,national_monument_action,C22,15013,word10|word5,0.1537564992904663,0.10179819166660309,197.02627284510177,0.6952491402626038,5,5,23,11,0.05690193058256863,7
SHC072,14617,national_monument_action,national_monument_action,C23,14975,rrf_fill,0.0788848027586937,0.036450762301683426,212.5713301426805,0.6111800074577332,28,53,21,22,0.04475399484932545,25
SHC072,14617,national_monument_action,national_monument_action,C24,14830,rrf_fill,0.08867669105529785,0.05951601639389992,179.43129337209115,0.5746201276779175,22,19,25,31,0.047607066670684706,24
SHC072,14617,national_monument_action,national_monument_action,C25,15054,rrf_fill,0.10099915415048599,0.06377025693655014,265.56994003795904,0.7062314748764038,19,15,6,7,0.05606844946727811,8
SHC073,15192,national_monument_action,national_monument_action,C01,15197,word10|word5,0.0837295725941658,0.07222022861242294,120.17986624268735,0.3838428556919098,5,5,7,15,0.059027937236892467,6
SHC073,15192,national_monument_action,national_monument_action,C02,15213,bm25|word10|word5,0.27399563789367676,0.2516785264015198,220.04262904315857,0.3832188844680786,3,3,4,16,0.06052892648287385,5
SHC073,15192,national_monument_action,national_monument_action,C03,4492,rrf_fill,0.003625608514994383,0.0,44.28141708021469,0.38030052185058594,17,44,44,19,0.04487601006588349,20
SHC073,15192,national_monument_action,national_monument_action,C04,4488,rrf_fill,0.0,0.0,50.76307849710409,0.4208998680114746,49,40,36,7,0.04451635172760053,22
SHC073,15192,national_monument_action,national_monument_action,C05,4465,rrf_fill,0.0,0.0,48.670224676281286,0.3500429391860962,28,17,39,33,0.045204347623702464,18
SHC073,15192,national_monument_action,national_monument_action,C06,15215,rrf_fill,0.08173654973506927,0.07222022861242294,126.65680231016324,0.3600499927997589,7,6,6,28,0.056592039800995024,10
SHC073,15192,national_monument_action,national_monument_action,C07,4507,rrf_fill,0.0010025796946138144,0.0,79.61621893578312,0.4253588616847992,22,59,19,6,0.048408226295373745,15
SHC073,15192,national_monument_action,national_monument_action,C08,4487,rrf_fill,0.0,0.0,86.39103168632187,0.3997373580932617,48,39,16,11,0.04660267113936499,17
SHC073,15192,national_monument_action,national_monument_action,C09,15206,bm25|function|same_family_recent|word10|word5,0.23719409108161926,0.1745220273733139,272.0271387492906,0.7339174151420593,4,4,1,1,0.06403688524590165,1
SHC073,15192,national_monument_action,national_monument_action,C10,15214,bm25|word10|word5,0.28669825196266174,0.27345508337020874,223.43470081946867,0.3979822099208832,1,1,2,12,0.06280480639285504,2
SHC073,15192,national_monument_action,national_monument_action,C11,4495,rrf_fill,0.0010025796946138144,0.0,32.68664058379886,0.40222057700157166,21,47,61,10,0.04424165050050068,25
SHC073,15192,national_monument_action,national_monument_action,C12,4468,rrf_fill,0.0007029122207313776,0.0,83.38300244561577,0.41668272018432617,25,20,18,9,0.05157797232605417,13
SHC073,15192,national_monument_action,national_monument_action,C13,4463,rrf_fill,0.0,0.0,51.27704060474,0.25180962681770325,26,15,35,51,0.04449656510856021,23
SHC073,15192,national_monument_action,national_monument_action,C14,15203,rrf_fill,0.07081345468759537,0.06154393404722214,102.61430811160011,0.381133109331131,10,9,12,17,0.055654369784804564,11
SHC073,15192,national_monument_action,national_monument_action,C15,4493,rrf_fill,0.0,0.0,65.42999926366645,0.3860321342945099,51,45,20,14,0.04454633204633205,21
SHC073,15192,national_monument_action,national_monument_action,C16,15204,function,0.06800951808691025,0.05039944499731064,112.13420160977707,0.42756351828575134,13,13,8,5,0.057487758011529166,9
SHC073,15192,national_monument_action,national_monument_action,C17,15205,function,0.07081345468759537,0.06154393404722214,96.36555891484466,0.44764959812164307,11,10,14,4,0.05750873484148132,8
SHC073,15192,national_monument_action,national_monument_action,C18,4466,rrf_fill,0.003625608514994383,0.0,37.54447977630637,0.3702422082424164,15,18,56,23,0.046822728580102904,16
SHC073,15192,national_monument_action,national_monument_action,C19,15210,function,0.07008841633796692,0.058992162346839905,109.80795782093412,0.4489414691925049,12,12,9,3,0.058143547273982056,7
SHC073,15192,national_monument_action,national_monument_action,C20,15211,bm25|word10|word5,0.27399563789367676,0.2516785264015198,220.04262904315857,0.3862069845199585,2,2,3,13,0.061829710526131204,3
SHC073,15192,national_monument_action,national_monument_action,C21,4473,rrf_fill,0.0,0.0,61.74941010263957,0.41786232590675354,34,25,21,8,0.04945456511998022,14
SHC073,15192,national_monument_action,national_monument_action,C22,15194,bm25|function,0.082311250269413,0.06138306483626366,200.41781959621736,0.5154927372932434,6,11,5,2,0.060749669836448576,4
SHC073,15192,national_monument_action,national_monument_action,C23,15212,rrf_fill,0.07654733210802078,0.06690564751625061,84.56861998523173,0.37889981269836426,8,7,17,20,0.05511826847428252,12
SHC073,15192,national_monument_action,national_monument_action,C24,4505,rrf_fill,0.0022138773929327726,0.0,57.64998182635717,0.3570782244205475,18,57,25,29,0.044368182306054084,24
SHC073,15192,national_monument_action,national_monument_action,C25,4472,rrf_fill,0.0,0.0,59.45118844833355,0.3429459035396576,33,24,23,38,0.04490972448054231,19
SHC074,14980,national_monument_action,national_monument_action,C01,14983,bm25,0.2364792674779892,0.17166410386562347,308.06371304924215,0.7197903990745544,8,6,4,6,0.060633912655971484,7
SHC074,14980,national_monument_action,national_monument_action,C02,14985,rrf_fill,0.1006808802485466,0.08664143085479736,118.98726658109746,0.418414831161499,16,16,27,228,0.04128226456946965,18
SHC074,14980,national_monument_action,national_monument_action,C03,15193,bm25|word10|word5,0.29492855072021484,0.20969422161579132,325.7483300691402,0.6982018351554871,3,4,2,9,0.062119801754268796,4
SHC074,14980,national_monument_action,national_monument_action,C04,15046,same_family_recent,0.17924940586090088,0.11004897952079773,212.5943648644233,0.7131385207176208,11,11,11,8,0.05695940347970174,11
SHC074,14980,national_monument_action,national_monument_action,C05,15157,rrf_fill,0.06945875287055969,0.04590263590216637,136.01794880890677,0.49466797709465027,51,50,20,31,0.04158892908892909,17
SHC074,14980,national_monument_action,national_monument_action,C06,15017,function|same_family_recent|word10|word5,0.28455930948257446,0.21585406363010406,290.10746358723935,0.7444871068000793,4,2,6,4,0.06253054740957967,3
SHC074,14980,national_monument_action,national_monument_action,C07,15054,bm25|function|word10|word5,0.45197412371635437,0.32620173692703247,430.38334748414474,0.8307833671569824,1,1,1,1,0.06557377049180328,1
SHC074,14980,national_monument_action,national_monument_action,C08,15013,function,0.22185130417346954,0.14107948541641235,222.80065699125137,0.7246864438056946,10,9,10,5,0.05844879757923236,9
SHC074,14980,national_monument_action,national_monument_action,C09,15206,rrf_fill,0.23727034032344818,0.13466709852218628,278.97117755004336,0.678785502910614,7,10,7,11,0.058220967596624526,10
SHC074,14980,national_monument_action,national_monument_action,C10,14996,rrf_fill,0.08928147703409195,0.07228099554777145,120.03044725756317,0.39852869510650635,20,19,25,315,0.039589600397120873,25
SHC074,14980,national_monument_action,national_monument_action,C11,15118,function|word10|word5,0.2574533224105835,0.18178890645503998,240.77263367578098,0.751846969127655,5,5,9,3,0.06113500026543505,5
SHC074,14980,national_monument_action,national_monument_action,C12,14999,rrf_fill,0.08962709456682205,0.06584097445011139,114.54991504887604,0.44651660323143005,18,23,36,131,0.040520974352504666,22
SHC074,14980,national_monument_action,national_monument_action,C13,15119,rrf_fill,0.07787785679101944,0.05243055894970894,158.2378077643833,0.44970598816871643,28,32,15,123,0.04103101578867794,21
SHC074,14980,national_monument_action,national_monument_action,C14,15160,rrf_fill,0.07787785679101944,0.05243055894970894,159.49184803875838,0.4726104736328125,29,33,14,61,0.04376661955165366,14
SHC074,14980,national_monument_action,national_monument_action,C15,14995,rrf_fill,0.08643942326307297,0.07349409908056259,105.97879234913333,0.48249301314353943,23,18,72,47,0.0417902575598781,16
SHC074,14980,national_monument_action,national_monument_action,C16,15053,bm25|function,0.23444926738739014,0.1539611667394638,299.3017146760837,0.7576408386230469,9,7,5,2,0.06093177440019666,6
SHC074,14980,national_monument_action,national_monument_action,C17,15153,rrf_fill,0.23971404135227203,0.15065063536167145,260.7610148211978,0.6953597664833069,6,8,8,10,0.05884899414311179,8
SHC074,14980,national_monument_action,national_monument_action,C18,14998,rrf_fill,0.09219205379486084,0.06584097445011139,119.2066156741644,0.43507298827171326,17,22,26,173,0.041101887408538915,20
SHC074,14980,national_monument_action,national_monument_action,C19,15078,rrf_fill,0.07218758016824722,0.047269970178604126,111.54228982773967,0.49270081520080566,40,40,47,33,0.04009848256456638,24
SHC074,14980,national_monument_action,national_monument_action,C20,15192,bm25|word10|word5,0.29492855072021484,0.20969422161579132,310.26704045321367,0.7162628769874573,2,3,3,7,0.06280043713842462,2
SHC074,14980,national_monument_action,national_monument_action,C21,15161,rrf_fill,0.06945875287055969,0.04590263590216637,123.97717460776079,0.4890190660953522,52,51,24,37,0.040151620692857805,23
SHC074,14980,national_monument_action,national_monument_action,C22,14981,rrf_fill,0.11415423452854156,0.08869843184947968,174.0396048175849,0.4801497757434845,12,14,12,50,0.050382200382200384,12
SHC074,14980,national_monument_action,national_monument_action,C23,14984,rrf_fill,0.1006808802485466,0.08664143085479736,115.83105791550395,0.44164595007896423,15,15,32,149,0.042320920879273284,15
SHC074,14980,national_monument_action,national_monument_action,C24,15156,rrf_fill,0.07646156847476959,0.05093514174222946,139.916765434427,0.48990941047668457,32,35,18,36,0.044633060494044474,13
SHC074,14980,national_monument_action,national_monument_action,C25,14992,rrf_fill,0.10379733890295029,0.09094828367233276,118.38171839089094,0.400684118270874,14,13,29,305,0.04118782473407685,19
SHC075,14634,national_monument_action,national_monument_action,C01,14654,rrf_fill,0.0842384472489357,0.06422659754753113,100.42009557677721,0.5024994015693665,11,6,184,87,0.04013710393794175,18
SHC075,14634,national_monument_action,national_monument_action,C02,14669,rrf_fill,0.0693850889801979,0.048598505556583405,151.04466721274508,0.5112181305885315,24,17,43,73,0.042119309748333764,14
SHC075,14634,national_monument_action,national_monument_action,C03,14668,rrf_fill,0.07940106838941574,0.05836881697177887,121.5242403872967,0.4095541834831238,13,7,64,602,0.03819909341847381,22
SHC075,14634,national_monument_action,national_monument_action,C04,14723,word5,0.10939525812864304,0.05206625163555145,209.04187472610175,0.5451035499572754,5,16,7,36,0.053884549922452514,7
SHC075,14634,national_monument_action,national_monument_action,C05,15054,rrf_fill,0.05795975401997566,0.03658560290932655,196.1029385379623,0.584021806716919,84,53,13,16,0.042650526840396746,13
SHC075,14634,national_monument_action,national_monument_action,C06,14670,bm25|function|same_family_recent|word10|word5,0.17763398587703705,0.08233017474412918,289.17642617995256,0.6956064701080322,1,1,2,3,0.06478893337698202,1
SHC075,14634,national_monument_action,national_monument_action,C07,14640,word10,0.0881941020488739,0.07480493932962418,105.38287962745906,0.37910932302474976,10,3,143,866,0.03616475214002584,26
SHC075,14634,national_monument_action,national_monument_action,C08,14651,rrf_fill,0.09409013390541077,0.05448083579540253,175.2929070519805,,6,14,23,,0.040713221436113,17
SHC075,14634,national_monument_action,national_monument_action,C09,14839,bm25|function|word10|word5,0.1675880253314972,0.07110902667045593,300.3697438986609,0.7287981510162354,2,4,1,1,0.06454091750396615,2
SHC075,14634,national_monument_action,national_monument_action,C10,14975,bm25,0.05503077432513237,0.031195344403386116,234.78806972790383,0.5621060729026794,145,164,5,22,0.036922071830608416,25
SHC075,14634,national_monument_action,national_monument_action,C11,14704,rrf_fill,0.07905162125825882,0.04519876092672348,190.04704875310665,0.5270764827728271,14,22,15,52,0.04797054022663779,11
SHC075,14634,national_monument_action,national_monument_action,C12,15013,rrf_fill,0.0626426488161087,0.03228413313627243,188.6137299545867,0.574894905090332,56,144,17,18,0.03933017624701195,21
SHC075,14634,national_monument_action,national_monument_action,C13,14954,function,0.08888398855924606,0.040736619383096695,221.59119762765368,0.603516697883606,9,30,6,5,0.05613999527043005,5
SHC075,14634,national_monument_action,national_monument_action,C14,15118,rrf_fill,0.06942802667617798,0.02193308249115944,201.9515431596592,0.5489850640296936,23,276,11,32,0.03997845550691964,19
SHC075,14634,national_monument_action,national_monument_action,C15,15046,rrf_fill,0.06325524300336838,0.033676180988550186,174.6287263736304,0.5891022086143494,44,96,24,13,0.04162903306738923,16
SHC075,14634,national_monument_action,national_monument_action,C16,15053,rrf_fill,0.05741630122065544,0.03658560290932655,179.0979021360388,0.5974904298782349,109,52,19,9,0.04199671266317471,15
SHC075,14634,national_monument_action,national_monument_action,C17,14846,bm25|function|word5,0.12279965728521347,0.05567382276058197,253.21750221280396,0.7165825366973877,4,12,4,2,0.061267921146953404,3
SHC075,14634,national_monument_action,national_monument_action,C18,14728,rrf_fill,0.06765616685152054,0.04197748750448227,208.04537340231724,0.5898351073265076,29,25,9,12,0.05138230345061001,8
SHC075,14634,national_monument_action,national_monument_action,C19,14664,rrf_fill,0.08139733225107193,0.058034297078847885,114.09242403553979,0.4793328046798706,12,10,83,162,0.03967211467211467,20
SHC075,14634,national_monument_action,national_monument_action,C20,14649,rrf_fill,0.0790216475725174,0.058034297078847885,109.13309595449765,0.548711895942688,15,8,117,33,0.044441621372441814,12
SHC075,14634,national_monument_action,national_monument_action,C21,3565,function,0.0024601807817816734,0.0,169.69590228429308,0.6564123630523682,343,311,28,4,0.032165443731557546,41
SHC075,14634,national_monument_action,national_monument_action,C22,14667,same_family_recent,0.0889960378408432,0.052998028695583344,178.9806278100516,0.6000601053237915,8,15,20,7,0.05546458882060287,6
SHC075,14634,national_monument_action,national_monument_action,C23,14638,word10,0.092071034014225,0.07480493932962418,168.14446172095148,0.5146011114120483,7,2,31,67,0.04991743212943536,9
SHC075,14634,national_monument_action,national_monument_action,C24,14890,bm25|word10|word5,0.13306847214698792,0.06621039658784866,261.9764385366155,0.5743286609649658,3,5,3,19,0.059788874978748394,4
SHC075,14634,national_monument_action,national_monument_action,C25,14749,rrf_fill,0.07592307031154633,0.04531048983335495,172.53930884123986,0.5522336959838867,19,21,26,28,0.047995450200827496,10
SHC076,15953,national_monument_action,national_monument_action,C01,19610,word10|word5,0.13551858067512512,0.09613389521837234,451.768414930762,0.7272418141365051,5,5,14,20,0.05678274428274428,11
SHC076,15953,national_monument_action,national_monument_action,C02,19617,rrf_fill,0.13551858067512512,0.09613389521837234,455.2280663614991,0.7581818699836731,7,8,12,13,0.05721877451314472,10
SHC076,15953,national_monument_action,national_monument_action,C03,19612,rrf_fill,0.13441559672355652,0.09601633995771408,460.645744576029,0.746677815914154,10,11,8,16,0.05623399841775109,14
SHC076,15953,national_monument_action,national_monument_action,C04,19616,rrf_fill,0.13430939614772797,0.09613389521837234,451.11537637656187,0.7795789837837219,11,7,15,7,0.05726858664424357,9
SHC076,15953,national_monument_action,national_monument_action,C05,19886,rrf_fill,0.04992593824863434,0.033510971814394,284.5822677945257,0.6500484943389893,26,26,30,40,0.04436692506459948,25
SHC076,15953,national_monument_action,national_monument_action,C06,14090,rrf_fill,0.07161548733711243,0.04454105719923973,321.9096426666778,0.7434070110321045,21,21,23,18,0.049560063616288515,19
SHC076,15953,national_monument_action,national_monument_action,C07,19607,same_family_recent|word10|word5,0.13551858067512512,0.09613389521837234,462.49800354525206,0.7745916247367859,3,3,7,8,0.06137728723330128,3
SHC076,15953,national_monument_action,national_monument_action,C08,16296,bm25|function|same_family_recent|word10|word5,0.18289069831371307,0.14623834192752838,499.16217623232353,0.8153403401374817,1,1,2,1,0.06530936012691697,1
SHC076,15953,national_monument_action,national_monument_action,C09,19914,rrf_fill,0.0657663345336914,0.037335533648729324,373.91031943582345,0.6823244094848633,24,25,19,33,0.047080383807259124,23
SHC076,15953,national_monument_action,national_monument_action,C10,19611,bm25|function,0.12416700273752213,0.09075628966093063,475.9818635758013,0.782696545124054,17,15,4,5,0.057329961704961706,8
SHC076,15953,national_monument_action,national_monument_action,C11,19609,function,0.1324940174818039,0.09036126732826233,442.72960492037015,0.7859432697296143,15,17,17,4,0.05493235930735931,16
SHC076,15953,national_monument_action,national_monument_action,C12,19606,word10|word5,0.13551858067512512,0.09613389521837234,468.9409779556068,0.7553398013114929,2,2,6,14,0.0609230931811577,4
SHC076,15953,national_monument_action,national_monument_action,C13,19613,bm25,0.128277987241745,0.08681438118219376,503.2422934505035,0.7693037390708923,16,18,1,10,0.05665756446602003,12
SHC076,15953,national_monument_action,national_monument_action,C14,19615,bm25,0.13551858067512512,0.09613389521837234,487.55104889582145,0.7659943103790283,6,6,3,11,0.0602605532182997,5
SHC076,15953,national_monument_action,national_monument_action,C15,19618,bm25,0.13551858067512512,0.09613389521837234,469.2329067167836,0.7623975276947021,8,9,5,12,0.058472140249633854,6
SHC076,15953,national_monument_action,national_monument_action,C16,19619,rrf_fill,0.13551858067512512,0.09613389521837234,456.63292429281927,0.7805264592170715,9,10,11,6,0.058014490102671366,7
SHC076,15953,national_monument_action,national_monument_action,C17,19620,rrf_fill,0.1331634372472763,0.09391261637210846,448.41868901069193,0.7149021625518799,14,14,16,22,0.05238004371508864,17
SHC076,15953,national_monument_action,national_monument_action,C18,14586,rrf_fill,0.06959545612335205,0.044875938445329666,349.69922532809704,0.6649994254112244,22,19,20,37,0.04766262814983624,22
SHC076,15953,national_monument_action,national_monument_action,C19,19614,rrf_fill,0.12416700273752213,0.09075628966093063,457.64322224933176,0.690251350402832,18,16,9,28,0.051834797544179696,18
SHC076,15953,national_monument_action,national_monument_action,C20,14087,rrf_fill,0.07318712025880814,0.044069916009902954,296.823417443352,0.7131690979003906,20,22,27,23,0.04823756759586707,21
SHC076,15953,national_monument_action,national_monument_action,C21,14089,rrf_fill,0.07372841238975525,0.044674571603536606,325.7573926225392,0.6998193264007568,19,20,22,26,0.04898125677606496,20
SHC076,15953,national_monument_action,national_monument_action,C22,19622,rrf_fill,0.13368690013885498,0.09440632909536362,454.8518699482889,0.7705054879188538,13,12,13,9,0.0557789027860499,15
SHC076,15953,national_monument_action,national_monument_action,C23,19608,function|word10|word5,0.13551858067512512,0.09613389521837234,457.0481259778416,0.7865442633628845,4,4,10,3,0.061408730158730156,2
SHC076,15953,national_monument_action,national_monument_action,C24,14617,rrf_fill,0.045754000544548035,0.024082599207758904,318.89598325714337,0.7044734954833984,27,29,24,24,0.0465397317392668,24
SHC076,15953,national_monument_action,national_monument_action,C25,19621,function,0.13371725380420685,0.09435074776411057,440.2188669390406,0.7891254425048828,12,13,18,2,0.05653706410445253,13
SHC077,17351,national_monument_action,national_monument_action,C01,12680,rrf_fill,0.051654085516929626,0.0321008525788784,976.5109833746139,0.6511107087135315,10,13,11,20,0.054568851464954105,11
SHC077,17351,national_monument_action,national_monument_action,C02,12582,rrf_fill,0.04213275760412216,0.030026203021407127,935.3471870206585,0.6450430154800415,18,16,14,25,0.051256626953221376,15
SHC077,17351,national_monument_action,national_monument_action,C03,12501,rrf_fill,0.03819134831428528,0.027558688074350357,823.7787848738026,0.631191074848175,20,18,24,39,0.04732628482628483,21
SHC077,17351,national_monument_action,national_monument_action,C04,12412,rrf_fill,0.04234037920832634,0.02500462904572487,897.0610185694488,0.6246432662010193,17,25,20,46,0.04668568113351687,22
SHC077,17351,national_monument_action,national_monument_action,C05,17756,bm25|function|word10|word5,0.0768391564488411,0.04987471178174019,1027.8155455207868,0.6944687962532043,3,4,4,2,0.06325204813108039,1
SHC077,17351,national_monument_action,national_monument_action,C06,12846,rrf_fill,0.0373767614364624,0.0183409433811903,934.0212870763723,0.658048689365387,21,30,15,11,0.050874630499043644,17
SHC077,17351,national_monument_action,national_monument_action,C07,17626,bm25|word10,0.05416668578982353,0.04295764118432999,1020.08875588545,0.5924906134605408,7,5,5,66,0.05363111184006707,12
SHC077,17351,national_monument_action,national_monument_action,C08,17699,rrf_fill,0.05821532756090164,0.039390113204717636,933.4119367327917,0.6286247372627258,6,7,16,41,0.05313577312169551,14
SHC077,17351,national_monument_action,national_monument_action,C09,12783,rrf_fill,0.03313162550330162,0.017053039744496346,898.9021089910246,0.6702542304992676,28,32,18,8,0.04975959675448166,19
SHC077,17351,national_monument_action,national_monument_action,C10,12419,function|word5,0.06195266544818878,0.035775620490312576,1003.8555072831791,0.7055749297142029,5,10,10,1,0.06034948657899478,3
SHC077,17351,national_monument_action,national_monument_action,C11,12413,rrf_fill,0.035435326397418976,0.02656440995633602,599.3822546273202,0.6509904265403748,22,22,52,21,0.045664494343356135,23
SHC077,17351,national_monument_action,national_monument_action,C12,13030,rrf_fill,0.03181047737598419,0.012260512448847294,916.4816975049007,0.6640148162841797,29,40,17,9,0.04871572166638117,20
SHC077,17351,national_monument_action,national_monument_action,C13,12583,bm25,0.05264135077595711,0.03261472284793854,1050.3904920423786,0.679710328578949,8,12,2,6,0.05987531865140973,5
SHC077,17351,national_monument_action,national_monument_action,C14,17440,rrf_fill,0.05070836469531059,0.04206797480583191,622.4527680331846,0.6730397343635559,13,6,44,7,0.05339090303821443,13
SHC077,17351,national_monument_action,national_monument_action,C15,17486,function|word10|word5,0.0897832065820694,0.07425608485937119,1006.0629550087848,0.6810168623924255,1,1,9,5,0.06266425425370543,2
SHC077,17351,national_monument_action,national_monument_action,C16,17487,word10|word5,0.08347398787736893,0.0727788507938385,1011.236982489129,0.6361023783683777,2,2,8,35,0.05749026265854389,7
SHC077,17351,national_monument_action,national_monument_action,C17,17361,rrf_fill,0.048903122544288635,0.03747827187180519,621.0780490646163,0.6559771299362183,16,9,45,14,0.05068797139735355,18
SHC077,17351,national_monument_action,national_monument_action,C18,12581,rrf_fill,0.04940583556890488,0.031447265297174454,1019.9334839594919,0.6557857394218445,14,15,6,15,0.05533169533169534,10
SHC077,17351,national_monument_action,national_monument_action,C19,17353,same_family_recent,0.0016578903887420893,0.001145552727393806,134.11441846163785,0.4732836186885834,135,108,5891,699,0.012566148122284102,140
SHC077,17351,national_monument_action,national_monument_action,C20,17360,same_family_recent,0.050750333815813065,0.03916442394256592,616.8319374023587,0.6540257334709167,12,8,47,16,0.05109846037119553,16
SHC077,17351,national_monument_action,national_monument_action,C21,12745,function,0.049029555171728134,0.027449488639831543,971.4706273262913,0.6888175010681152,15,19,12,4,0.05550545007032349,9
SHC077,17351,national_monument_action,national_monument_action,C22,12679,rrf_fill,0.052219342440366745,0.031606148928403854,1015.3225008030239,0.6580097079277039,9,14,7,12,0.05682052915991917,8
SHC077,17351,national_monument_action,national_monument_action,C23,12418,bm25|function,0.0509825125336647,0.03271009400486946,1040.8540253342599,0.6903573870658875,11,11,3,3,0.05991504583053879,4
SHC077,17351,national_monument_action,national_monument_action,C24,13034,rrf_fill,0.0350511409342289,0.01589643768966198,777.2214835157667,0.6427211761474609,23,34,29,26,0.04555035267634872,24
SHC077,17351,national_monument_action,national_monument_action,C25,17698,bm25|word10|word5,0.07018014788627625,0.0555981770157814,1199.7801210920425,0.6256887912750244,4,3,1,43,0.05760019636004436,6
SHC078,12413,national_monument_action,national_monument_action,C01,13031,rrf_fill,0.059423450380563736,0.038972653448581696,612.6598476214639,0.6893370747566223,21,19,9,10,0.05378237476934963,14
SHC078,12413,national_monument_action,national_monument_action,C02,13034,rrf_fill,0.054611388593912125,0.037461504340171814,543.2321808579866,0.6464945077896118,25,22,16,29,0.04835367762659433,22
SHC078,12413,national_monument_action,national_monument_action,C03,12678,word5,0.08700641244649887,0.07657654583454132,558.60203060914,0.7052536606788635,5,6,12,6,0.05957653457653458,5
SHC078,12413,national_monument_action,national_monument_action,C04,12680,rrf_fill,0.07190246134996414,0.06263159215450287,517.8077348553419,0.6665099859237671,13,11,25,19,0.05220607090969403,17
SHC078,12413,national_monument_action,national_monument_action,C05,12743,word10|word5,0.0874599888920784,0.07675253599882126,598.0137203352309,0.6958103179931641,4,5,10,8,0.06000121202327085,4
SHC078,12413,national_monument_action,national_monument_action,C06,12582,word10,0.08615054190158844,0.08166823536157608,545.302825525392,0.64878249168396,6,3,14,27,0.05603229741160776,10
SHC078,12413,national_monument_action,national_monument_action,C07,13033,bm25|function,0.06234695017337799,0.03826022520661354,674.984985032849,0.7151699066162109,20,20,3,4,0.056498015873015874,8
SHC078,12413,national_monument_action,national_monument_action,C08,13651,rrf_fill,0.06932011991739273,0.04037065804004669,637.659304083859,0.6922327876091003,15,17,8,9,0.05551898229647591,11
SHC078,12413,national_monument_action,national_monument_action,C09,12554,bm25|function|word10|word5,0.0952366292476654,0.08203821629285812,693.3443208569313,0.7057723999023438,2,2,1,5,0.06403612252369524,2
SHC078,12413,national_monument_action,national_monument_action,C10,12501,word10,0.08386930078268051,0.07679668068885803,532.5321399163436,0.6774935126304626,7,4,20,13,0.05674900327131466,7
SHC078,12413,national_monument_action,national_monument_action,C11,12783,rrf_fill,0.05518878623843193,0.034242477267980576,527.4863737088048,0.6570109724998474,23,24,23,21,0.04834682645927626,23
SHC078,12413,national_monument_action,national_monument_action,C12,13030,rrf_fill,0.044364478439092636,0.026790140196681023,469.51615795165554,0.6781051158905029,34,28,44,12,0.04550620774025029,24
SHC078,12413,national_monument_action,national_monument_action,C13,12583,rrf_fill,0.07498852163553238,0.06445375084877014,511.4154312868681,0.6746394634246826,9,10,27,15,0.053606054115799245,15
SHC078,12413,national_monument_action,national_monument_action,C14,12744,bm25|word5,0.09016550332307816,0.0742998793721199,661.6864301447791,0.6992157697677612,3,7,4,7,0.06134876214167259,3
SHC078,12413,national_monument_action,national_monument_action,C15,13093,rrf_fill,0.06554396450519562,0.04080979526042938,645.256659200545,0.6193409562110901,19,16,7,45,0.05026530524308125,20
SHC078,12413,national_monument_action,national_monument_action,C16,12745,rrf_fill,0.06564757972955704,0.053468357771635056,527.7579629502103,0.6549606323242188,17,14,22,25,0.050460354334098956,19
SHC078,12413,national_monument_action,national_monument_action,C17,12483,rrf_fill,0.072363942861557,0.04600519686937332,504.5861192169446,0.6475041508674622,12,15,32,28,0.04945542380324989,21
SHC078,12413,national_monument_action,national_monument_action,C18,12418,same_family_recent,0.07017916440963745,0.06195468083024025,507.5687808231928,0.6634359359741211,14,13,29,20,0.05094809870667959,18
SHC078,12413,national_monument_action,national_monument_action,C19,13176,rrf_fill,0.045832403004169464,0.025713950395584106,547.5934973115689,0.6299768686294556,33,33,13,38,0.04540808811372538,25
SHC078,12413,national_monument_action,national_monument_action,C20,12512,bm25|function|word10|word5,0.10253676027059555,0.09222842007875443,648.4396933517406,0.7271522879600525,1,1,5,1,0.06456494325346784,1
SHC078,12413,national_monument_action,national_monument_action,C21,12581,rrf_fill,0.07692108303308487,0.06789456307888031,532.5155903530674,0.6739229559898376,8,8,21,16,0.054915338455070135,12
SHC078,12413,national_monument_action,national_monument_action,C22,13230,function,0.06703618168830872,0.03978830575942993,645.296698611842,0.7177661061286926,16,18,6,3,0.057002938581885945,6
SHC078,12413,national_monument_action,national_monument_action,C23,12419,same_family_recent,0.07343234121799469,0.062058884650468826,495.55840268704753,0.6844346523284912,11,12,35,11,0.05258421876286962,16
SHC078,12413,national_monument_action,national_monument_action,C24,13032,bm25|function,0.05534498766064644,0.03265314921736717,675.3412720874144,0.7220790386199951,22,26,2,2,0.05608109344409273,9
SHC078,12413,national_monument_action,national_monument_action,C25,12679,rrf_fill,0.07497797906398773,0.06743385642766953,536.313278611386,0.6704683899879456,10,9,17,17,0.05475249388292867,13
SHC079,19607,national_monument_action,national_monument_action,C01,19874,same_family_recent,0.01190882083028555,0.003139199921861291,104.37902124439644,0.4331502914428711,262,208,688,1469,0.008827853978171865,382
SHC079,19607,national_monument_action,national_monument_action,C02,14471,rrf_fill,0.03439654782414436,0.018831243738532066,256.98040998357607,0.6335844397544861,26,24,13,18,0.050051811839005214,18
SHC079,19607,national_monument_action,national_monument_action,C03,14839,rrf_fill,0.039206601679325104,0.026235871016979218,245.20985966040908,0.6310434341430664,16,13,16,19,0.052672647458771774,11
SHC079,19607,national_monument_action,national_monument_action,C04,14090,function|word10|word5,0.09903448075056076,0.06219180300831795,272.8492884985718,0.7245311737060547,1,1,9,1,0.06367308149204087,1
SHC079,19607,national_monument_action,national_monument_action,C05,14586,bm25|function|word10|word5,0.09529915452003479,0.059751980006694794,320.9974972534125,0.6843720078468323,4,5,3,4,0.06250763125763126,2
SHC079,19607,national_monument_action,national_monument_action,C06,14617,rrf_fill,0.04874366521835327,0.02713322825729847,286.9507569149772,0.682672381401062,11,12,6,6,0.058276426234172715,6
SHC079,19607,national_monument_action,national_monument_action,C07,14089,bm25|word10|word5,0.09867358952760696,0.06142085790634155,316.89033993618244,0.6683662533760071,2,2,4,9,0.06237581813931744,3
SHC079,19607,national_monument_action,national_monument_action,C08,14534,rrf_fill,0.035699862986803055,0.014007283374667168,244.2619722666644,0.6231066584587097,24,30,17,22,0.04819800795410552,21
SHC079,19607,national_monument_action,national_monument_action,C09,14564,rrf_fill,0.08443459123373032,0.05566105619072914,193.68483484886693,0.5654011964797974,7,6,38,55,0.04897662209240961,20
SHC079,19607,national_monument_action,national_monument_action,C10,14846,rrf_fill,0.03778938204050064,0.024670051410794258,235.98733676569026,0.6473187208175659,19,14,19,14,0.052343482723229556,12
SHC079,19607,national_monument_action,national_monument_action,C11,15118,function,0.04072664678096771,0.020394518971443176,203.8007819310482,0.7106218338012695,15,19,32,2,0.05299015865689042,10
SHC079,19607,national_monument_action,national_monument_action,C12,15046,rrf_fill,0.047036733478307724,0.02776039019227028,211.68669419472812,0.6150957942008972,12,10,29,25,0.05117526411313589,15
SHC079,19607,national_monument_action,national_monument_action,C13,15053,function,0.03213446959853172,0.0054009160958230495,256.3802187191227,0.6839456558227539,29,81,14,5,0.047226282535868955,25
SHC079,19607,national_monument_action,national_monument_action,C14,15013,rrf_fill,0.04985160380601883,0.02957180328667164,193.20714061604124,0.6395784616470337,10,9,39,16,0.0520373727467549,13
SHC079,19607,national_monument_action,national_monument_action,C15,14087,bm25|word10|word5,0.09792231023311615,0.06058314070105553,287.72854769820094,0.6573761701583862,3,3,5,10,0.06141636141636141,4
SHC079,19607,national_monument_action,national_monument_action,C16,14728,rrf_fill,0.05170876905322075,0.02308691293001175,242.82334122351145,0.6785349249839783,9,15,18,7,0.05557197291136292,8
SHC079,19607,national_monument_action,national_monument_action,C17,19914,bm25,0.0918494239449501,0.0491466298699379,342.81733847321027,0.6402835249900818,6,7,1,15,0.059803664242127665,5
SHC079,19607,national_monument_action,national_monument_action,C18,14667,rrf_fill,0.0367555133998394,0.01822824776172638,195.0562568487724,0.6515630483627319,22,26,37,12,0.04802119616736805,22
SHC079,19607,national_monument_action,national_monument_action,C19,19886,same_family_recent,0.06949912011623383,0.04568440839648247,276.1807789779172,0.6303892135620117,8,8,7,20,0.05683713784021071,7
SHC079,19607,national_monument_action,national_monument_action,C20,14491,rrf_fill,0.03698372468352318,0.011127939447760582,272.87142957330633,0.596319854259491,21,37,8,34,0.04799913758814274,23
SHC079,19607,national_monument_action,national_monument_action,C21,14670,function,0.03451310470700264,0.019020576030015945,177.17865188162955,0.686202883720398,25,23,44,3,0.04930129914183777,19
SHC079,19607,national_monument_action,national_monument_action,C22,14538,rrf_fill,0.044482674449682236,0.01990150660276413,259.6272180954699,0.6092376112937927,13,21,12,27,0.051427450911784085,14
SHC079,19607,national_monument_action,national_monument_action,C23,15054,rrf_fill,0.03747722879052162,0.020394518971443176,212.94989589166704,0.6479331851005554,20,18,27,13,0.05051339583106234,16
SHC079,19607,national_monument_action,national_monument_action,C24,14749,rrf_fill,0.04309471696615219,0.027569271624088287,197.2867981272628,0.6201515793800354,14,11,36,23,0.050062879993518036,17
SHC079,19607,national_monument_action,national_monument_action,C25,14088,bm25|word10|word5,0.0941004529595375,0.06052349880337715,332.9483140323921,0.5583052039146423,5,4,2,62,0.05533536895415531,9
SHC080,19611,national_monument_action,national_monument_action,C01,19886,same_family_recent,0.06781258434057236,0.04361075535416603,278.6253298451577,0.6443355679512024,8,8,6,21,0.05690895886974318,7
SHC080,19611,national_monument_action,national_monument_action,C02,14564,rrf_fill,0.08608639985322952,0.056620750576257706,197.83281861000222,0.5578957200050354,7,6,31,111,0.04691385249122877,23
SHC080,19611,national_monument_action,national_monument_action,C03,14471,rrf_fill,0.035069454461336136,0.019155927002429962,231.22152568640252,0.6617669463157654,25,24,18,15,0.049823313940961,15
SHC080,19611,national_monument_action,national_monument_action,C04,15118,rrf_fill,0.041523389518260956,0.020746154710650444,184.50830656369598,0.6675525307655334,15,19,41,14,0.04940606479395802,17
SHC080,19611,national_monument_action,national_monument_action,C05,15054,rrf_fill,0.03719957545399666,0.020746154710650444,210.69575085737603,0.6534971594810486,21,18,27,17,0.049647457693434704,16
SHC080,19611,national_monument_action,national_monument_action,C06,14846,rrf_fill,0.03852866217494011,0.02509540505707264,232.93170602550762,0.6823846101760864,19,14,16,7,0.05425500923278524,11
SHC080,19611,national_monument_action,national_monument_action,C07,14617,rrf_fill,0.048848532140254974,0.027601050212979317,273.4407838574416,0.6778885126113892,11,12,8,9,0.05717203190727199,6
SHC080,19611,national_monument_action,national_monument_action,C08,14438,function,0.0267564058303833,0.0064466604962944984,169.80629275360184,0.7072197794914246,37,62,46,2,0.04406899418420633,27
SHC080,19611,national_monument_action,national_monument_action,C09,14839,rrf_fill,0.03912489488720894,0.026688221842050552,230.25100986009477,0.631546139717102,18,13,19,23,0.05122556357668472,12
SHC080,19611,national_monument_action,national_monument_action,C10,14538,rrf_fill,0.04535289853811264,0.020244643092155457,243.2155558880944,0.6270173192024231,13,21,14,27,0.05105207553640871,13
SHC080,19611,national_monument_action,national_monument_action,C11,14667,rrf_fill,0.03747456893324852,0.018542533740401268,191.06914103187856,0.6771519184112549,20,26,36,10,0.04883028792912514,21
SHC080,19611,national_monument_action,national_monument_action,C12,14586,bm25|word10|word5,0.09716350585222244,0.06078220531344414,309.71860760047565,0.6745846271514893,4,5,3,11,0.06096713829988478,3
SHC080,19611,national_monument_action,national_monument_action,C13,14088,bm25|word10|word5,0.09594135731458664,0.0615670271217823,368.8410796610654,0.5820354223251343,5,4,1,69,0.05515499599206233,9
SHC080,19611,national_monument_action,national_monument_action,C14,15053,function,0.032763123512268066,0.005494036711752415,241.7477708353375,0.7113622426986694,29,75,15,1,0.04837013841987134,22
SHC080,19611,national_monument_action,national_monument_action,C15,14090,bm25|function|word10|word5,0.10012320429086685,0.06326409429311752,279.5906592967834,0.6933502554893494,2,1,5,4,0.06353209026563073,1
SHC080,19611,national_monument_action,national_monument_action,C16,19874,same_family_recent,0.012141795828938484,0.0031933251302689314,112.26898166491895,0.4577445387840271,258,204,374,1339,0.009951476624426218,334
SHC080,19611,national_monument_action,national_monument_action,C17,14670,function,0.034339580684900284,0.019348522648215294,175.05490917503562,0.7045867443084717,26,23,45,3,0.04907292514465392,20
SHC080,19611,national_monument_action,national_monument_action,C18,14089,bm25|word10|word5,0.10060396045446396,0.062479857355356216,298.4323816093974,0.6865396499633789,1,2,4,6,0.06329899003253049,2
SHC080,19611,national_monument_action,national_monument_action,C19,15013,rrf_fill,0.05082686245441437,0.030081672593951225,196.13674421175725,0.6795597076416016,10,9,32,8,0.05435391547923517,10
SHC080,19611,national_monument_action,national_monument_action,C20,19914,bm25,0.09364629536867142,0.04999399930238724,358.9052234876628,0.6718776226043701,6,7,2,13,0.05990455068089433,4
SHC080,19611,national_monument_action,national_monument_action,C21,14728,function,0.052720360457897186,0.0234849713742733,231.27483032822812,0.6912451982498169,9,15,17,5,0.056197715328150114,8
SHC080,19611,national_monument_action,national_monument_action,C22,14534,rrf_fill,0.0363982655107975,0.014248792082071304,243.62341223908564,0.6448770761489868,24,30,13,20,0.049214503152859315,18
SHC080,19611,national_monument_action,national_monument_action,C23,14087,word10|word5,0.09983798116445541,0.061627697199583054,277.86458283518147,0.6521250009536743,3,3,7,18,0.05949191770087292,5
SHC080,19611,national_monument_action,national_monument_action,C24,14749,rrf_fill,0.04393778741359711,0.02804461307823658,210.36493031933685,0.6274593472480774,14,11,28,26,0.050589563896147584,14
SHC080,19611,national_monument_action,national_monument_action,C25,15046,rrf_fill,0.0479569211602211,0.02823902666568756,209.7276845382164,0.6051717400550842,12,10,29,43,0.04911929609486062,19
SHC081,12273,trade_proclamation,trade_proclamation,C01,16247,rrf_fill,0.032128170132637024,0.014779233373701572,346.09246762186916,0.538290798664093,26,15,18,209,0.04149922524954945,23
SHC081,12273,trade_proclamation,trade_proclamation,C02,19092,word10,0.03170327469706535,0.019127119332551956,256.412142357675,0.5217500329017639,32,5,238,337,0.032128776987650695,53
SHC081,12273,trade_proclamation,trade_proclamation,C03,16453,function,0.03356054425239563,0.015489746816456318,353.06843632221745,0.5980158448219299,19,12,14,4,0.055685630250503666,5
SHC081,12273,trade_proclamation,trade_proclamation,C04,13563,rrf_fill,0.03774240240454674,0.015068016946315765,367.58340370356376,0.5808984041213989,7,14,8,23,0.05519296177186739,6
SHC081,12273,trade_proclamation,trade_proclamation,C05,16014,rrf_fill,0.0351996049284935,0.01727699488401413,353.2661638754519,0.5663005709648132,13,6,13,70,0.050241083117795446,10
SHC081,12273,trade_proclamation,trade_proclamation,C06,12291,rrf_fill,0.03556491434574127,0.01476244069635868,325.32297696003246,0.5483899116516113,12,16,31,149,0.04282048360995729,20
SHC081,12273,trade_proclamation,trade_proclamation,C07,13194,rrf_fill,0.03267344832420349,0.0136941559612751,347.59835172462516,0.5783150792121887,24,26,16,31,0.047679574607359186,12
SHC081,12273,trade_proclamation,trade_proclamation,C08,15687,bm25|function|word10|word5,0.049347102642059326,0.020770303905010223,400.2118800795363,0.6139320731163025,3,3,3,1,0.06401249024199844,2
SHC081,12273,trade_proclamation,trade_proclamation,C09,16200,rrf_fill,0.035163186490535736,0.017205841839313507,294.04969913805076,0.564334511756897,15,8,90,78,0.04195225916453538,22
SHC081,12273,trade_proclamation,trade_proclamation,C10,16008,function,0.03828302398324013,0.013489505276083946,365.8966242611945,0.6026949882507324,6,29,9,2,0.05700925608894785,4
SHC081,12273,trade_proclamation,trade_proclamation,C11,12284,bm25|same_family_recent|word10|word5,0.06034214049577713,0.031466044485569,407.8717077847908,0.5879920125007629,1,1,2,11,0.06300042454621968,3
SHC081,12273,trade_proclamation,trade_proclamation,C12,17054,function,0.016620326787233353,0.0025933117140084505,259.52390465833025,0.5946348309516907,197,427,223,5,0.02486262296321569,106
SHC081,12273,trade_proclamation,trade_proclamation,C13,15630,bm25|word10|word5,0.04036417230963707,0.020742053166031837,375.6240532146087,0.5523524880409241,4,4,4,134,0.052029639175257734,9
SHC081,12273,trade_proclamation,trade_proclamation,C14,13083,rrf_fill,0.029263902455568314,0.011955237947404385,331.8606554520997,0.5834826827049255,58,53,27,15,0.04215172000020689,21
SHC081,12273,trade_proclamation,trade_proclamation,C15,16255,rrf_fill,0.03563794121146202,0.013104247860610485,363.8948441596136,0.5588663220405579,11,32,11,108,0.0449909602542793,17
SHC081,12273,trade_proclamation,trade_proclamation,C16,16103,rrf_fill,0.035163186490535736,0.017205841839313507,288.9797636802967,0.5784841179847717,14,7,106,30,0.045574094144495154,16
SHC081,12273,trade_proclamation,trade_proclamation,C17,15640,rrf_fill,0.03415241464972496,0.00990222580730915,340.46822786892926,0.5932595133781433,17,85,22,6,0.04723020181388558,13
SHC081,12273,trade_proclamation,trade_proclamation,C18,13206,rrf_fill,0.03001479059457779,0.014049114659428596,312.74079743659615,0.581518292427063,46,25,45,22,0.04291759962153292,19
SHC081,12273,trade_proclamation,trade_proclamation,C19,12285,bm25|function|same_family_recent|word10|word5,0.056958235800266266,0.028631702065467834,427.48930818312573,0.6021340489387512,2,2,1,3,0.06452452301209573,1
SHC081,12273,trade_proclamation,trade_proclamation,C20,13159,rrf_fill,0.029656698927283287,0.011955237947404385,332.5679297659888,0.5839880704879761,51,54,26,14,0.04292235932382811,18
SHC081,12273,trade_proclamation,trade_proclamation,C21,13189,rrf_fill,0.03399688005447388,0.015694208443164825,329.41340935438035,0.5695028901100159,18,10,29,58,0.04681675843359332,14
SHC081,12273,trade_proclamation,trade_proclamation,C22,15943,bm25,0.03580503910779953,0.012045047245919704,374.1347295191097,0.5884897112846375,10,51,5,10,0.05296505296505297,8
SHC081,12273,trade_proclamation,trade_proclamation,C23,16090,rrf_fill,0.03148563206195831,0.013284468092024326,319.7044745872933,0.5886719822883606,34,31,36,9,0.04653672915120649,15
SHC081,12273,trade_proclamation,trade_proclamation,C24,15475,rrf_fill,0.03582345321774483,0.014591510407626629,355.04158383988016,0.582336962223053,8,19,12,17,0.054240012076944316,7
SHC081,12273,trade_proclamation,trade_proclamation,C25,16113,word5,0.038305770605802536,0.013489505276083946,364.6961176423588,0.5691406726837158,5,30,10,59,0.049184802125978595,11
SHC082,15094,trade_proclamation,trade_proclamation,C01,15113,bm25|word10|word5,0.3888978362083435,0.278239905834198,419.91053000911245,,3,3,3,,0.047619047619047616,17
SHC082,15094,trade_proclamation,trade_proclamation,C02,15128,rrf_fill,0.04187837615609169,0.024682724848389626,141.0767982686738,0.45094501972198486,22,24,26,54,0.04449972065728701,22
SHC082,15094,trade_proclamation,trade_proclamation,C03,15187,rrf_fill,0.2424914389848709,0.12887811660766602,373.18358872769966,0.6540096402168274,6,7,8,7,0.059708143773113044,6
SHC082,15094,trade_proclamation,trade_proclamation,C04,15179,rrf_fill,0.03345693275332451,0.015093854628503323,153.37262842959387,0.5259921550750732,36,54,21,11,0.04561878254582727,20
SHC082,15094,trade_proclamation,trade_proclamation,C05,15115,rrf_fill,0.04880945384502411,0.024748412892222404,168.2669912374049,0.47111499309539795,14,23,17,39,0.048649729372620944,14
SHC082,15094,trade_proclamation,trade_proclamation,C06,15102,same_family_recent,0.04201839119195938,0.03128817677497864,128.48836122049877,0.37033867835998535,20,17,45,181,0.03916020010418351,40
SHC082,15094,trade_proclamation,trade_proclamation,C07,15188,rrf_fill,0.14504635334014893,0.0658034011721611,359.28992453820183,0.6024542450904846,11,11,9,8,0.05736765006063663,8
SHC082,15094,trade_proclamation,trade_proclamation,C08,15119,rrf_fill,0.03749406710267067,0.023946315050125122,131.3630185810414,0.49080511927604675,28,26,36,26,0.045036116983791404,21
SHC082,15094,trade_proclamation,trade_proclamation,C09,15215,rrf_fill,0.12027870118618011,0.05667712166905403,326.9766203552982,0.5657112002372742,12,12,12,9,0.05615942028985507,9
SHC082,15094,trade_proclamation,trade_proclamation,C10,15103,rrf_fill,0.04638783261179924,0.03451994061470032,138.72417826249006,0.5044428110122681,16,14,30,18,0.05060303218197955,11
SHC082,15094,trade_proclamation,trade_proclamation,C11,15210,function,0.2171846330165863,0.1193036362528801,351.18304755859,0.681359589099884,9,8,10,2,0.05961338251990839,7
SHC082,15094,trade_proclamation,trade_proclamation,C12,15132,rrf_fill,0.04432336986064911,0.029698628932237625,161.53601699043514,0.4800446033477783,17,19,19,30,0.04941457979432663,13
SHC082,15094,trade_proclamation,trade_proclamation,C13,15147,rrf_fill,0.03711357340216637,0.01963917352259159,136.6072046288741,0.5139210820198059,32,31,33,14,0.04612477789195882,19
SHC082,15094,trade_proclamation,trade_proclamation,C14,15109,rrf_fill,0.06989667564630508,0.03709549456834793,270.16022746444935,0.47398003935813904,13,13,13,35,0.051622206200432584,10
SHC082,15094,trade_proclamation,trade_proclamation,C15,15195,rrf_fill,0.23157699406147003,0.11627349257469177,383.1037452001367,,8,9,6,,0.04435015112764473,23
SHC082,15094,trade_proclamation,trade_proclamation,C16,15149,bm25|word10|word5,0.27857497334480286,0.1476312130689621,411.2817058142546,0.6568461060523987,4,4,4,6,0.06202651515151515,3
SHC082,15094,trade_proclamation,trade_proclamation,C17,15104,bm25|function|same_family_recent|word10|word5,0.7634584903717041,0.6928775906562805,584.6433816738103,0.7539622783660889,1,1,1,1,0.06557377049180328,1
SHC082,15094,trade_proclamation,trade_proclamation,C18,15197,function,0.24119122326374054,0.1301516443490982,381.8035495162765,0.6647976040840149,7,6,7,5,0.06038687680478726,5
SHC082,15094,trade_proclamation,trade_proclamation,C19,15183,bm25|function|word10|word5,0.24809563159942627,0.13244976103305817,398.687806029584,0.6655284762382507,5,5,5,4,0.061778846153846156,4
SHC082,15094,trade_proclamation,trade_proclamation,C20,15176,rrf_fill,0.047058068215847015,0.016298705711960793,200.17220058155746,0.5041177272796631,15,40,14,19,0.049505074694948116,12
SHC082,15094,trade_proclamation,trade_proclamation,C21,15122,rrf_fill,0.04171617329120636,0.023946315050125122,162.77172198977044,0.4788568913936615,24,27,18,31,0.04720853858784893,18
SHC082,15094,trade_proclamation,trade_proclamation,C22,15111,bm25|function|word10|word5,0.5003187656402588,0.3503859043121338,465.27036253146525,0.6753419041633606,2,2,2,3,0.06426011264720942,2
SHC082,15094,trade_proclamation,trade_proclamation,C23,15126,rrf_fill,0.04186350852251053,0.027178078889846802,130.3219789533765,0.5090068578720093,23,20,40,16,0.047706087507926445,16
SHC082,15094,trade_proclamation,trade_proclamation,C24,15131,rrf_fill,0.04069257527589798,0.026466865092515945,138.34981581545293,0.5102677941322327,25,21,31,15,0.04843272921704295,15
SHC082,15094,trade_proclamation,trade_proclamation,C25,15117,rrf_fill,0.03729575499892235,0.02300439402461052,109.85019857666168,0.5307568311691284,31,30,68,10,0.04419833638583639,24
SHC083,15574,trade_proclamation,trade_proclamation,C01,16200,bm25,0.27853894233703613,0.13987299799919128,346.6689109817358,0.7238363027572632,6,10,2,9,0.06005901531848236,3
SHC083,15574,trade_proclamation,trade_proclamation,C02,16359,bm25|word10|word5,0.4419221580028534,0.26693862676620483,337.7319378873451,0.7108100056648254,2,2,3,18,0.06095159320965772,2
SHC083,15574,trade_proclamation,trade_proclamation,C03,16575,rrf_fill,0.1771239936351776,0.0472782626748085,285.38398677440426,0.7256712317466736,46,63,11,8,0.04635443296015865,18
SHC083,15574,trade_proclamation,trade_proclamation,C04,16906,function,0.11060507595539093,0.028614377602934837,222.91718906458772,0.7541241645812988,93,103,80,1,0.03620721680337964,51
SHC083,15574,trade_proclamation,trade_proclamation,C05,15579,same_family_recent,0.2304782122373581,0.1420743316411972,250.6609467988955,0.654412567615509,13,7,36,76,0.046393611114451914,17
SHC083,15574,trade_proclamation,trade_proclamation,C06,16205,rrf_fill,0.25191056728363037,0.14181765913963318,277.5700993301145,0.7069391012191772,11,8,13,20,0.054989019532181,9
SHC083,15574,trade_proclamation,trade_proclamation,C07,15661,rrf_fill,0.22377242147922516,0.12593404948711395,262.5190497412381,0.6867849826812744,17,16,22,45,0.04786383919888413,14
SHC083,15574,trade_proclamation,trade_proclamation,C08,15748,word10,0.22576802968978882,0.14444805681705475,266.1553886690281,0.6843486428260803,15,5,20,47,0.050563743110472084,11
SHC083,15574,trade_proclamation,trade_proclamation,C09,15714,rrf_fill,0.21788564324378967,0.13841809332370758,243.6633719211623,0.7203945517539978,22,12,49,12,0.04914721165560279,12
SHC083,15574,trade_proclamation,trade_proclamation,C10,15701,function|word10|word5,0.5726824402809143,0.40227416157722473,319.17663431601574,0.7376880645751953,1,1,6,2,0.06406743265548132,1
SHC083,15574,trade_proclamation,trade_proclamation,C11,16453,function|word5,0.28461137413978577,0.139846533536911,270.65742763726803,0.7332322001457214,4,11,16,4,0.05849240177909563,5
SHC083,15574,trade_proclamation,trade_proclamation,C12,17186,function,0.1361306607723236,0.04456992447376251,255.98790585017332,0.7355035543441772,67,66,29,3,0.04291949461373508,26
SHC083,15574,trade_proclamation,trade_proclamation,C13,15824,bm25|word10|word5,0.29517316818237305,0.16921038925647736,332.4948837964098,0.6995856165885925,3,3,4,31,0.058360042735042736,6
SHC083,15574,trade_proclamation,trade_proclamation,C14,16247,rrf_fill,0.20207786560058594,0.08339425176382065,273.83337754686755,0.6927450895309448,26,43,14,38,0.04505423998698843,21
SHC083,15574,trade_proclamation,trade_proclamation,C15,16437,rrf_fill,0.19388006627559662,0.10214470326900482,247.28788082728505,0.7259613871574402,32,22,45,7,0.0475138698267487,15
SHC083,15574,trade_proclamation,trade_proclamation,C16,15631,rrf_fill,0.22296135127544403,0.12782958149909973,252.93799802516145,0.6840789318084717,19,15,33,48,0.046003508612736874,19
SHC083,15574,trade_proclamation,trade_proclamation,C17,16103,bm25|word5,0.28098252415657043,0.13987299799919128,348.08148265882164,0.7101387977600098,5,9,1,19,0.058929039478855874,4
SHC083,15574,trade_proclamation,trade_proclamation,C18,16090,bm25,0.2737640142440796,0.14305245876312256,319.5361576989096,0.7060551643371582,7,6,5,21,0.057807182682804575,7
SHC083,15574,trade_proclamation,trade_proclamation,C19,16637,rrf_fill,0.19302232563495636,0.06684917211532593,301.3251816600102,0.6974272131919861,33,52,7,33,0.04535932090698581,20
SHC083,15574,trade_proclamation,trade_proclamation,C20,15763,word10,0.2697838246822357,0.1599481850862503,236.85895614653847,0.6599236726760864,8,4,56,71,0.04658515979437313,16
SHC083,15574,trade_proclamation,trade_proclamation,C21,16254,rrf_fill,0.216045543551445,0.11998382210731506,260.0822927829837,0.7234323620796204,23,19,26,10,0.050620041881644075,10
SHC083,15574,trade_proclamation,trade_proclamation,C22,18320,function,0.11282311379909515,0.03653727471828461,220.8149325861801,0.7323360443115234,89,76,83,5,0.03644197295006612,47
SHC083,15574,trade_proclamation,trade_proclamation,C23,15590,same_family_recent,0.17528200149536133,0.08778832107782364,263.3514750611978,0.695777416229248,49,39,21,34,0.04225929891230171,27
SHC083,15574,trade_proclamation,trade_proclamation,C24,15704,rrf_fill,0.1800045520067215,0.07536794245243073,290.2303385054145,0.7224669456481934,41,46,9,11,0.04791221302860277,13
SHC083,15574,trade_proclamation,trade_proclamation,C25,16268,rrf_fill,0.2583402991294861,0.13712723553180695,294.3433497662497,0.716093897819519,10,13,8,14,0.05620374028915528,8
SHC084,17129,trade_proclamation,trade_proclamation,C01,18320,rrf_fill,0.2211039811372757,0.08194843679666519,231.40804138312518,0.6504170298576355,12,12,8,13,0.05618229026770526,7
SHC084,17129,trade_proclamation,trade_proclamation,C02,18810,rrf_fill,0.2157949060201645,0.073369599878788,191.7956731480777,0.6078947186470032,13,16,20,27,0.05085077774739162,9
SHC084,17129,trade_proclamation,trade_proclamation,C03,17158,bm25|same_family_recent|word10|word5,0.4208888113498688,0.25302985310554504,256.6933430263694,0.635262131690979,3,3,4,18,0.06019154456654456,4
SHC084,17129,trade_proclamation,trade_proclamation,C04,18236,function|word10|word5,0.3823922276496887,0.1844116449356079,244.57561578919393,0.6994726657867432,4,4,6,2,0.06253054740957967,3
SHC084,17129,trade_proclamation,trade_proclamation,C05,17157,bm25|function|same_family_recent|word10|word5,0.8257369995117188,0.6842086911201477,370.32577408101145,0.7681546807289124,1,1,1,1,0.06557377049180328,1
SHC084,17129,trade_proclamation,trade_proclamation,C06,18454,rrf_fill,0.18300043046474457,0.06218584254384041,201.78033291325914,0.5924205183982849,21,23,15,36,0.04814387178343002,16
SHC084,17129,trade_proclamation,trade_proclamation,C07,2065,function,0.07753093540668488,0.0,152.76395082392446,0.69597327709198,135,1283,46,4,0.030931769030479676,47
SHC084,17129,trade_proclamation,trade_proclamation,C08,19241,rrf_fill,0.13466179370880127,0.06077208369970322,145.48359398867862,0.5751846432685852,34,24,52,47,0.04081742559819712,22
SHC084,17129,trade_proclamation,trade_proclamation,C09,18775,bm25,0.282652348279953,0.06881590187549591,257.45001463942805,0.5487467050552368,8,18,3,77,0.05069868111946257,10
SHC084,17129,trade_proclamation,trade_proclamation,C10,18617,bm25,0.3128020167350769,0.07382097095251083,250.5311973339873,,7,15,5,,0.04364332185227708,20
SHC084,17129,trade_proclamation,trade_proclamation,C11,18278,word10|word5,0.3770810067653656,0.17960470914840698,232.49656750538327,0.6425107717514038,5,5,7,15,0.059027937236892467,5
SHC084,17129,trade_proclamation,trade_proclamation,C12,18310,rrf_fill,0.18568946421146393,0.032448895275592804,187.4808974077689,0.6396571397781372,20,64,22,16,0.045917532817093876,19
SHC084,17129,trade_proclamation,trade_proclamation,C13,1948,function,0.06542569398880005,0.00251001282595098,153.25013497671833,0.6981406211853027,221,936,44,3,0.03005113541386748,52
SHC084,17129,trade_proclamation,trade_proclamation,C14,18780,rrf_fill,0.257022887468338,0.12961383163928986,194.6244752204381,0.6307399868965149,10,8,18,20,0.054312109459168284,8
SHC084,17129,trade_proclamation,trade_proclamation,C15,18543,bm25|word10|word5,0.44460099935531616,0.26144281029701233,274.58470479075726,0.6720538139343262,2,2,2,9,0.06287985039738195,2
SHC084,17129,trade_proclamation,trade_proclamation,C16,18574,rrf_fill,0.19041171669960022,0.05135257542133331,200.022190059881,0.6152583360671997,19,28,16,24,0.04908452085334164,14
SHC084,17129,trade_proclamation,trade_proclamation,C17,1900,function,0.09043371677398682,0.00251001282595098,170.47400491151723,0.6896453499794006,98,933,29,5,0.03395673371026372,38
SHC084,17129,trade_proclamation,trade_proclamation,C18,18474,rrf_fill,0.23798182606697083,0.06852999329566956,225.94651619052095,0.5736956000328064,11,19,10,51,0.050037458185078085,12
SHC084,17129,trade_proclamation,trade_proclamation,C19,18324,rrf_fill,0.17142605781555176,0.03327008709311485,228.50791668539568,0.5536798238754272,25,62,9,70,0.04214648850932445,21
SHC084,17129,trade_proclamation,trade_proclamation,C20,17186,rrf_fill,0.3508506417274475,0.15655116736888885,211.54165352884687,0.6584454774856567,6,6,13,11,0.05808616748227013,6
SHC084,17129,trade_proclamation,trade_proclamation,C21,18585,rrf_fill,0.2060624212026596,0.08611089736223221,189.87157147305274,0.5865198969841003,16,11,21,40,0.04958808079144131,13
SHC084,17129,trade_proclamation,trade_proclamation,C22,18446,rrf_fill,0.20669426023960114,0.04299222677946091,198.2968923822709,0.6125298738479614,15,34,17,25,0.04872335007503969,15
SHC084,17129,trade_proclamation,trade_proclamation,C23,18781,rrf_fill,0.16905297338962555,0.04015442728996277,204.36623248275018,0.6812973022460938,26,39,14,6,0.050393945742782956,11
SHC084,17129,trade_proclamation,trade_proclamation,C24,18428,rrf_fill,0.20369085669517517,0.0396142452955246,213.85828194439577,0.5935988426208496,17,40,11,35,0.04759783581874019,17
SHC084,17129,trade_proclamation,trade_proclamation,C25,18476,rrf_fill,0.2709820866584778,0.13933664560317993,212.22476778597078,0.5186117887496948,9,7,12,211,0.04699705254677466,18
SHC085,14919,trade_proclamation,trade_proclamation,C01,15090,rrf_fill,0.16811548173427582,0.09624991565942764,262.1633807188781,0.5940884947776794,9,8,18,11,0.05610365583889593,10
SHC085,14919,trade_proclamation,trade_proclamation,C02,15019,bm25|function|word10|word5,0.2508948743343353,0.13756771385669708,361.22895170260756,0.6474384665489197,1,2,1,1,0.06530936012691697,1
SHC085,14919,trade_proclamation,trade_proclamation,C03,14930,same_family_recent,0.07554861903190613,0.058608561754226685,198.29858535979676,0.49034932255744934,30,23,31,69,0.04190025285570256,29
SHC085,14919,trade_proclamation,trade_proclamation,C04,15188,rrf_fill,0.12023505568504333,0.07350383698940277,273.36713018747406,0.6021791696548462,18,16,9,10,0.05475687546625761,12
SHC085,14919,trade_proclamation,trade_proclamation,C05,14992,bm25|word5,0.21505862474441528,0.08819693326950073,356.6539613158579,0.6095818877220154,2,11,2,8,0.06104845391132373,2
SHC085,14919,trade_proclamation,trade_proclamation,C06,15032,rrf_fill,0.07750848680734634,0.044665563851594925,213.7759820451367,0.5842844843864441,29,34,27,16,0.046526400538925525,22
SHC085,14919,trade_proclamation,trade_proclamation,C07,15104,rrf_fill,0.08780144155025482,0.046316612511873245,249.4463701389985,0.5480085015296936,26,30,24,23,0.04669197276370154,21
SHC085,14919,trade_proclamation,trade_proclamation,C08,15149,rrf_fill,0.1318853199481964,0.07538706064224243,272.9312098337284,0.615299642086029,13,12,11,7,0.05659739920245707,9
SHC085,14919,trade_proclamation,trade_proclamation,C09,15215,rrf_fill,0.0996774286031723,0.04155420511960983,254.99369684058124,0.555880069732666,22,38,22,21,0.04694000454743776,20
SHC085,14919,trade_proclamation,trade_proclamation,C10,15210,rrf_fill,0.13053548336029053,0.07459762692451477,273.2832357472006,0.6155638694763184,14,13,10,6,0.05664937308772925,8
SHC085,14919,trade_proclamation,trade_proclamation,C11,15183,function,0.11819783598184586,0.07033823430538177,262.44262029520456,0.6234109997749329,19,18,17,2,0.05459478591369159,14
SHC085,14919,trade_proclamation,trade_proclamation,C12,15187,rrf_fill,0.12175863236188889,0.07350383698940277,257.1400022799631,0.5820594429969788,16,15,19,17,0.052136468905289696,16
SHC085,14919,trade_proclamation,trade_proclamation,C13,15024,rrf_fill,0.16532184183597565,0.07403384149074554,288.1351873276695,0.532747209072113,10,14,6,29,0.054186698006922725,15
SHC085,14919,trade_proclamation,trade_proclamation,C14,15077,word10,0.18382924795150757,0.10901553183794022,282.8243177758277,0.603891134262085,6,4,8,9,0.05997515112764473,5
SHC085,14919,trade_proclamation,trade_proclamation,C15,15197,rrf_fill,0.115421824157238,0.07033823430538177,255.4693868417967,0.5762327313423157,21,20,21,19,0.049849585872792625,17
SHC085,14919,trade_proclamation,trade_proclamation,C16,15049,bm25|function,0.17803208529949188,0.09164262562990189,289.37344433409083,0.6174972653388977,7,10,5,4,0.06022070280465803,4
SHC085,14919,trade_proclamation,trade_proclamation,C17,15111,rrf_fill,0.15496468544006348,0.09387022256851196,268.0598118059813,0.5899578928947449,12,9,13,12,0.055969161537952485,11
SHC085,14919,trade_proclamation,trade_proclamation,C18,14925,same_family_recent,0.08321567624807358,0.057499274611473083,178.65879053687019,0.46794795989990234,27,24,39,113,0.03928037170014447,34
SHC085,14919,trade_proclamation,trade_proclamation,C19,15062,word10,0.17344771325588226,0.10901553183794022,269.6161959673425,0.42740365862846375,8,3,12,259,0.04760258335309045,19
SHC085,14919,trade_proclamation,trade_proclamation,C20,14971,bm25|word10|word5,0.20155639946460724,0.14301753044128418,326.6677369506509,0.5294386148452759,4,1,3,31,0.05888046948497768,7
SHC085,14919,trade_proclamation,trade_proclamation,C21,15070,function|word5,0.18595704436302185,0.09882375597953796,286.2414053126819,0.6171108484268188,5,6,7,5,0.06084611905507428,3
SHC085,14919,trade_proclamation,trade_proclamation,C22,15067,bm25|word10|word5,0.20717817544937134,0.10736705362796783,326.27866594602926,0.572066605091095,3,5,4,20,0.059382631257631255,6
SHC085,14919,trade_proclamation,trade_proclamation,C23,15094,rrf_fill,0.08932501077651978,0.046316612511873245,239.11425419051966,0.5877954959869385,24,29,26,13,0.048467254074672166,18
SHC085,14919,trade_proclamation,trade_proclamation,C24,15083,rrf_fill,0.09131652116775513,0.04213147610425949,242.99141258428722,0.5263730883598328,23,36,25,34,0.044867863192444374,23
SHC085,14919,trade_proclamation,trade_proclamation,C25,14938,function,0.12599952518939972,0.0683199092745781,263.33870631261135,0.6188234686851501,15,21,16,3,0.05470992295553699,13
SHC086,13563,trade_proclamation,trade_proclamation,C01,13763,rrf_fill,0.13567030429840088,0.0850704088807106,245.5764966632836,0.6479893922805786,19,9,61,35,0.04594176007068071,17
SHC086,13563,trade_proclamation,trade_proclamation,C02,15943,bm25|word5,0.21674615144729614,0.0928768739104271,318.16801570800413,0.6200684309005737,1,6,4,84,0.054114402218910417,7
SHC086,13563,trade_proclamation,trade_proclamation,C03,16014,rrf_fill,0.1540376842021942,0.061336979269981384,307.89627927806106,0.6643936634063721,11,34,6,10,0.054160034351823386,6
SHC086,13563,trade_proclamation,trade_proclamation,C04,16873,function,0.07542181760072708,0.019094623625278473,236.69793732037758,0.6822112798690796,134,177,85,1,0.03266404280504691,55
SHC086,13563,trade_proclamation,trade_proclamation,C05,13882,rrf_fill,0.13499441742897034,0.08381122350692749,228.12130193899355,0.6547012329101562,20,10,115,23,0.044548192771084336,22
SHC086,13563,trade_proclamation,trade_proclamation,C06,13749,rrf_fill,0.1317879557609558,0.07714679092168808,252.97965861421912,0.6463955044746399,22,15,41,36,0.04584611205022941,19
SHC086,13563,trade_proclamation,trade_proclamation,C07,15902,word10,0.1829025000333786,0.09591276198625565,305.57620237098195,0.594908595085144,6,3,7,132,0.05115823749219271,10
SHC086,13563,trade_proclamation,trade_proclamation,C08,13643,function,0.1065964624285698,0.05358342081308365,257.6836523189586,0.6725577116012573,74,59,33,3,0.04249175195676088,26
SHC086,13563,trade_proclamation,trade_proclamation,C09,15475,rrf_fill,0.15429002046585083,0.08265698701143265,249.18384006360338,0.6531496047973633,10,12,52,24,0.04900793650793651,13
SHC086,13563,trade_proclamation,trade_proclamation,C10,16090,function,0.14138320088386536,0.06964219361543655,262.3746820901012,0.679955005645752,17,23,27,2,0.05265849088972506,9
SHC086,13563,trade_proclamation,trade_proclamation,C11,16255,rrf_fill,0.18119673430919647,0.09176509082317352,300.990701013405,0.5883849263191223,7,8,8,146,0.049191506772249545,12
SHC086,13563,trade_proclamation,trade_proclamation,C12,16805,function,0.08010213077068329,0.03135030344128609,212.93421987235746,0.671906590461731,119,123,163,4,0.031160377985823315,66
SHC086,13563,trade_proclamation,trade_proclamation,C13,13583,same_family_recent|word10,0.13936901092529297,0.09306889027357101,251.36785730189925,0.635140597820282,18,5,46,61,0.045903553279196506,18
SHC086,13563,trade_proclamation,trade_proclamation,C14,16002,rrf_fill,0.15337012708187103,0.07179074734449387,290.26920723266375,0.6152936220169067,12,21,10,97,0.046889708938541205,16
SHC086,13563,trade_proclamation,trade_proclamation,C15,16113,bm25|word10|word5,0.2036864161491394,0.0987609252333641,324.896522979532,0.6428303718566895,2,1,1,48,0.058175176763225415,3
SHC086,13563,trade_proclamation,trade_proclamation,C16,16247,rrf_fill,0.13049417734146118,0.07209379971027374,250.43105908401904,0.6505478620529175,23,20,50,29,0.0448750569181732,21
SHC086,13563,trade_proclamation,trade_proclamation,C17,15714,rrf_fill,0.1433078944683075,0.07172462344169617,280.51653698378004,0.6589077711105347,16,22,11,14,0.05295103724382865,8
SHC086,13563,trade_proclamation,trade_proclamation,C18,15640,rrf_fill,0.14955320954322815,0.0726969838142395,267.34430530515687,0.6444133520126343,14,19,23,45,0.047743743656508644,15
SHC086,13563,trade_proclamation,trade_proclamation,C19,16008,bm25|word10|word5,0.1994822472333908,0.096578449010849,319.33488569431717,0.6699041128158569,4,2,3,6,0.06277856328259554,1
SHC086,13563,trade_proclamation,trade_proclamation,C20,16453,rrf_fill,0.12166566401720047,0.06521224975585938,270.0797951716695,0.6557967662811279,29,27,18,22,0.047745842701475326,14
SHC086,13563,trade_proclamation,trade_proclamation,C21,13569,same_family_recent|word10,0.1488865464925766,0.09488542377948761,263.68883422750775,0.669312596321106,15,4,25,8,0.05542892156862745,5
SHC086,13563,trade_proclamation,trade_proclamation,C22,15942,bm25|word5,0.19636210799217224,0.09199725091457367,311.37687046814614,,5,7,5,,0.04569460390355913,20
SHC086,13563,trade_proclamation,trade_proclamation,C23,15687,word5,0.20232714712619781,0.07871636748313904,275.7640209236566,0.619154691696167,3,14,14,87,0.049702763988478275,11
SHC086,13563,trade_proclamation,trade_proclamation,C24,15710,rrf_fill,0.15807169675827026,0.0801834985613823,298.62581488829767,0.6696109771728516,9,13,9,7,0.05760951051769147,4
SHC086,13563,trade_proclamation,trade_proclamation,C25,15630,bm25|function,0.16550056636333466,0.08270444720983505,320.5793426746439,0.6707959175109863,8,11,2,5,0.0603040370378746,2
SHC087,20003,trade_proclamation,trade_proclamation,C01,14784,rrf_fill,0.1098276749253273,0.05538330227136612,255.5958959712657,0.5243598222732544,12,12,30,83,0.04588189588189588,21
SHC087,20003,trade_proclamation,trade_proclamation,C02,14268,bm25|word10|word5,0.3519546091556549,0.228078231215477,408.4173391623355,0.6063117980957031,3,4,3,8,0.062076914098972924,4
SHC087,20003,trade_proclamation,trade_proclamation,C03,14093,rrf_fill,0.24878665804862976,0.1466151773929596,347.00035548116847,,7,7,9,,0.04434349989184512,23
SHC087,20003,trade_proclamation,trade_proclamation,C04,14187,rrf_fill,0.18542273342609406,0.11007095873355865,337.9475145906606,0.5963667631149292,10,10,10,11,0.056941649899396374,7
SHC087,20003,trade_proclamation,trade_proclamation,C05,20017,bm25|function|same_family_recent|word10|word5,0.8664876818656921,0.7936272621154785,615.7813744596307,0.8374549150466919,1,1,1,1,0.06557377049180328,1
SHC087,20003,trade_proclamation,trade_proclamation,C06,14106,function|word10|word5,0.30918237566947937,0.19352507591247559,376.10791323924855,0.6173664331436157,5,5,6,4,0.06154574592074592,5
SHC087,20003,trade_proclamation,trade_proclamation,C07,20207,rrf_fill,0.22390632331371307,0.1217106431722641,354.78654513637804,0.5705344676971436,9,9,7,23,0.05595907315178951,8
SHC087,20003,trade_proclamation,trade_proclamation,C08,14788,rrf_fill,0.1061364933848381,0.04472101479768753,274.06137603457654,0.5673516988754272,15,16,14,26,0.05163264856043314,11
SHC087,20003,trade_proclamation,trade_proclamation,C09,14937,rrf_fill,0.10200048983097076,0.040651820600032806,275.9121097945523,0.5683326721191406,19,21,12,25,0.05065750163168877,13
SHC087,20003,trade_proclamation,trade_proclamation,C10,20056,bm25|function|word10|word5,0.7060946822166443,0.5836573839187622,575.9140124814771,0.8193190097808838,2,2,2,2,0.06451612903225806,2
SHC087,20003,trade_proclamation,trade_proclamation,C11,14122,bm25|function,0.2975023686885834,0.18821421265602112,376.80475764629864,0.6149295568466187,6,6,5,5,0.061072261072261075,6
SHC087,20003,trade_proclamation,trade_proclamation,C12,20020,bm25|function|same_family_recent|word10|word5,0.3370882570743561,0.26110079884529114,401.4104721242036,0.628495454788208,4,3,4,3,0.06299603174603174,3
SHC087,20003,trade_proclamation,trade_proclamation,C13,14883,rrf_fill,0.07820272445678711,0.037773486226797104,266.7011711572432,0.6064530611038208,32,26,23,7,0.049471038099548184,15
SHC087,20003,trade_proclamation,trade_proclamation,C14,14958,rrf_fill,0.08011696487665176,0.01985664665699005,266.9905077922896,0.5664874315261841,29,54,22,30,0.0433141179430718,25
SHC087,20003,trade_proclamation,trade_proclamation,C15,20095,rrf_fill,0.22801516950130463,0.13903507590293884,353.19415110815845,0.5426763296127319,8,8,8,60,0.052450980392156864,9
SHC087,20003,trade_proclamation,trade_proclamation,C16,14959,rrf_fill,0.09019587934017181,0.03514774888753891,261.7517273069011,0.5793134570121765,26,30,27,16,0.04739116569826062,19
SHC087,20003,trade_proclamation,trade_proclamation,C17,14908,rrf_fill,0.10345979034900665,0.03952188789844513,267.8143064905862,0.5638362169265747,18,23,19,33,0.04827962161174144,17
SHC087,20003,trade_proclamation,trade_proclamation,C18,14930,rrf_fill,0.09364763647317886,0.03684801608324051,283.42148616665673,0.5180533528327942,23,29,11,89,0.04408006426549079,24
SHC087,20003,trade_proclamation,trade_proclamation,C19,14671,rrf_fill,0.10487015545368195,0.043508607894182205,264.8595117134321,0.5580325126647949,16,18,25,39,0.047844123540717966,18
SHC087,20003,trade_proclamation,trade_proclamation,C20,15179,rrf_fill,0.06852786242961884,0.023584214970469475,248.3411741242099,0.608478844165802,38,46,34,6,0.04542785692065958,22
SHC087,20003,trade_proclamation,trade_proclamation,C21,14800,rrf_fill,0.11476297676563263,0.05846979841589928,270.0000113692451,0.541321337223053,11,11,18,61,0.04925398971493722,16
SHC087,20003,trade_proclamation,trade_proclamation,C22,14903,rrf_fill,0.10345979034900665,0.03952188789844513,267.1870733159793,0.6032120585441589,17,22,20,10,0.05196784922394679,10
SHC087,20003,trade_proclamation,trade_proclamation,C23,14877,rrf_fill,0.09364763647317886,0.03684801608324051,273.1496206388397,0.5904133319854736,22,28,15,12,0.0507809805370781,12
SHC087,20003,trade_proclamation,trade_proclamation,C24,14549,rrf_fill,0.10660594701766968,0.05412304773926735,270.1726409614269,0.5628057718276978,14,13,17,36,0.05061582330417947,14
SHC087,20003,trade_proclamation,trade_proclamation,C25,14777,rrf_fill,0.10797464847564697,0.046182479709386826,264.1801462854772,0.5351030230522156,13,15,26,67,0.04653388619509532,20
SHC088,14905,trade_proclamation,trade_proclamation,C01,15070,rrf_fill,0.045157477259635925,0.0218430757522583,214.56802172893663,0.5040053725242615,31,27,20,47,0.04432905825509757,24
SHC088,14905,trade_proclamation,trade_proclamation,C02,15019,rrf_fill,0.03559272363781929,0.01485337596386671,230.40932818124668,0.6146356463432312,48,78,15,8,0.044544851757127975,23
SHC088,14905,trade_proclamation,trade_proclamation,C03,14987,bm25|function|word10|word5,0.333855539560318,0.18829815089702606,565.9187488454681,0.7921635508537292,3,4,2,1,0.06402049075403121,2
SHC088,14905,trade_proclamation,trade_proclamation,C04,14918,rrf_fill,0.05627827346324921,0.040866412222385406,197.94421383275122,0.5428211092948914,16,11,25,27,0.05050136053501179,16
SHC088,14905,trade_proclamation,trade_proclamation,C05,15077,rrf_fill,0.053956955671310425,0.01918381080031395,222.1290294392403,0.6082084774971008,17,33,18,11,0.05064472102182234,15
SHC088,14905,trade_proclamation,trade_proclamation,C06,15049,rrf_fill,0.0531054325401783,0.01918381080031395,178.67888807486298,0.5756543278694153,19,31,32,20,0.047016804054503564,20
SHC088,14905,trade_proclamation,trade_proclamation,C07,14908,bm25|function|same_family_recent|word10|word5,0.24641531705856323,0.15033721923828125,386.4068089382986,0.679293155670166,5,5,5,5,0.06153846153846154,5
SHC088,14905,trade_proclamation,trade_proclamation,C08,14919,rrf_fill,0.048643458634614944,0.031286418437957764,198.3320669291902,0.593519389629364,22,18,24,16,0.05007829141333634,17
SHC088,14905,trade_proclamation,trade_proclamation,C09,14953,rrf_fill,0.12979477643966675,0.09907358139753342,242.3052894506078,0.6145610809326172,9,9,14,9,0.05699177438307873,9
SHC088,14905,trade_proclamation,trade_proclamation,C10,15044,rrf_fill,0.0970548540353775,0.027982918545603752,308.2619952850238,0.6263101100921631,12,20,11,7,0.05539876906547077,10
SHC088,14905,trade_proclamation,trade_proclamation,C11,15122,rrf_fill,0.06808826327323914,0.023642269894480705,264.6699664569133,0.5077844262123108,14,25,13,43,0.04868558739693042,18
SHC088,14905,trade_proclamation,trade_proclamation,C12,14937,rrf_fill,0.22141222655773163,0.12800641357898712,366.99903306780766,0.677314281463623,7,7,7,6,0.059927634554500224,6
SHC088,14905,trade_proclamation,trade_proclamation,C13,14959,rrf_fill,0.21258333325386047,0.12307962775230408,329.00511413388887,0.610656201839447,8,8,8,10,0.058403361344537816,8
SHC088,14905,trade_proclamation,trade_proclamation,C14,14930,rrf_fill,0.23323804140090942,0.14330822229385376,370.41698897396975,0.5922254920005798,6,6,6,17,0.05844155844155845,7
SHC088,14905,trade_proclamation,trade_proclamation,C15,15073,rrf_fill,0.10140558332204819,0.0317947156727314,310.6707427403867,0.5683351755142212,11,17,10,21,0.053702913327326476,14
SHC088,14905,trade_proclamation,trade_proclamation,C16,14958,bm25|function|word10|word5,0.3487902283668518,0.21997185051441193,492.1972985185934,0.7263617515563965,2,2,4,2,0.06401209677419355,3
SHC088,14905,trade_proclamation,trade_proclamation,C17,14938,rrf_fill,0.05205570533871651,0.024311546236276627,175.68535724773238,0.5409241318702698,20,24,34,28,0.046406696140738696,21
SHC088,14905,trade_proclamation,trade_proclamation,C18,15083,rrf_fill,0.043279364705085754,0.015947990119457245,225.91609819996987,0.5973182320594788,34,59,17,15,0.04536200553722456,22
SHC088,14905,trade_proclamation,trade_proclamation,C19,14917,rrf_fill,0.04846572130918503,0.0356733538210392,138.11495780358445,0.5325931906700134,23,14,63,35,0.04421810337488455,25
SHC088,14905,trade_proclamation,trade_proclamation,C20,15179,rrf_fill,0.0961327999830246,0.028370143845677376,300.95671934463263,0.5994192957878113,13,19,12,12,0.05413463576286534,12
SHC088,14905,trade_proclamation,trade_proclamation,C21,15071,rrf_fill,0.10148925334215164,0.0317947156727314,311.0561455860863,0.5815215706825256,10,16,9,18,0.05475687546625761,11
SHC088,14905,trade_proclamation,trade_proclamation,C22,14944,bm25|function|word10|word5,0.7067065834999084,0.5619332194328308,640.3379068042246,0.7087759971618652,1,1,1,4,0.06480532786885246,1
SHC088,14905,trade_proclamation,trade_proclamation,C23,15022,bm25|function|word10|word5,0.31893882155418396,0.20132963359355927,531.7230658371303,0.7103827595710754,4,3,3,3,0.06324404761904762,4
SHC088,14905,trade_proclamation,trade_proclamation,C24,15032,rrf_fill,0.04103606566786766,0.0218430757522583,228.7158659877128,0.5650090575218201,35,26,16,22,0.04750723945427949,19
SHC088,14905,trade_proclamation,trade_proclamation,C25,14916,same_family_recent,0.06110207736492157,0.04157163202762604,220.36344722404286,0.5991435647010803,15,10,19,13,0.053975905604135184,13
SHC089,18753,trade_proclamation,trade_proclamation,C01,18879,bm25|word10|word5,0.2232636958360672,0.15707121789455414,400.650048528203,0.5848125219345093,2,2,2,136,0.053489137590520076,8
SHC089,18753,trade_proclamation,trade_proclamation,C02,19755,bm25,0.05264631286263466,0.015262993983924389,277.4578566430206,0.5932773351669312,6,21,5,110,0.048764162489652686,11
SHC089,18753,trade_proclamation,trade_proclamation,C03,19094,function,0.039827439934015274,0.015172204934060574,262.472457042018,0.6620079278945923,24,22,7,2,0.05515428924837429,6
SHC089,18753,trade_proclamation,trade_proclamation,C04,19441,rrf_fill,0.042060066014528275,0.016680002212524414,248.2656671453536,0.6404721736907959,20,20,16,14,0.05167140825035562,10
SHC089,18753,trade_proclamation,trade_proclamation,C05,19625,rrf_fill,0.037909675389528275,0.010885545052587986,226.04786872067027,0.639803409576416,29,69,39,15,0.04242223647501933,20
SHC089,18753,trade_proclamation,trade_proclamation,C06,18775,same_family_recent,0.04542643949389458,0.024222252890467644,198.0190730603754,0.553932249546051,12,7,101,237,0.038392445514444214,30
SHC089,18753,trade_proclamation,trade_proclamation,C07,18942,rrf_fill,0.037584517151117325,0.016968777403235435,202.36471427140168,0.6274942755699158,34,18,86,36,0.040724792428013065,22
SHC089,18753,trade_proclamation,trade_proclamation,C08,18780,same_family_recent|word10,0.05207157880067825,0.028783967718482018,251.90940968550603,0.6373445391654968,7,4,14,19,0.05672211449594314,5
SHC089,18753,trade_proclamation,trade_proclamation,C09,18868,rrf_fill,0.04612701013684273,0.018503893166780472,222.94816123337742,0.607811450958252,11,15,43,80,0.04426943538252167,16
SHC089,18753,trade_proclamation,trade_proclamation,C10,19439,bm25|function,0.05059954151511192,0.019534440711140633,327.0635058361018,0.6528181433677673,9,13,4,4,0.05944138376017471,3
SHC089,18753,trade_proclamation,trade_proclamation,C11,19329,rrf_fill,0.043946560472249985,0.013281499035656452,258.9475878912989,0.6122075319290161,14,35,9,63,0.046662664226988615,15
SHC089,18753,trade_proclamation,trade_proclamation,C12,19522,function,0.029732555150985718,0.007005143910646439,208.91764566236677,0.6523118019104004,94,129,68,5,0.03498162716912717,45
SHC089,18753,trade_proclamation,trade_proclamation,C13,18781,rrf_fill,0.04833279550075531,0.024222252890467644,222.06047456219824,0.6233300566673279,10,8,48,44,0.04786624051329934,14
SHC089,18753,trade_proclamation,trade_proclamation,C14,19525,rrf_fill,0.043357618153095245,0.012138844467699528,254.2937355419882,0.6509497165679932,15,46,12,6,0.05180769963788832,9
SHC089,18753,trade_proclamation,trade_proclamation,C15,14413,word5,0.05873091518878937,0.01955266483128071,275.70160025030293,0.562285840511322,4,12,6,207,0.04841072239246397,13
SHC089,18753,trade_proclamation,trade_proclamation,C16,18870,bm25|word10|word5,0.1202554702758789,0.07106593996286392,352.43150074026613,0.620844304561615,3,3,3,47,0.05696484201157098,4
SHC089,18753,trade_proclamation,trade_proclamation,C17,18785,bm25|function|word10|word5,0.34812048077583313,0.25989463925361633,453.576200870002,0.6586172580718994,1,1,1,3,0.06505334374186833,1
SHC089,18753,trade_proclamation,trade_proclamation,C18,19181,rrf_fill,0.05131765082478523,0.016968777403235435,248.62618878551567,0.6379044651985168,8,19,15,18,0.053517956354888596,7
SHC089,18753,trade_proclamation,trade_proclamation,C19,20159,rrf_fill,0.03359370678663254,0.012757733464241028,229.81215175007918,0.6411606669425964,59,39,29,13,0.04343895663871399,18
SHC089,18753,trade_proclamation,trade_proclamation,C20,18796,word10,0.043279748409986496,0.02741835080087185,207.01159408476678,0.49732470512390137,16,5,77,454,0.03778730548627898,32
SHC089,18753,trade_proclamation,trade_proclamation,C21,19357,rrf_fill,0.038576144725084305,0.013998812064528465,262.0615915969375,0.574746310710907,27,28,8,170,0.04191159767709728,21
SHC089,18753,trade_proclamation,trade_proclamation,C22,19465,rrf_fill,0.04418772831559181,0.012828422710299492,237.14563254221952,0.6373149752616882,13,37,24,20,0.04841267039226367,12
SHC089,18753,trade_proclamation,trade_proclamation,C23,19160,function|word5,0.05473271757364273,0.020511863753199577,254.76003263042668,0.6695235371589661,5,11,11,1,0.05994707209207325,2
SHC089,18753,trade_proclamation,trade_proclamation,C24,14216,rrf_fill,0.04018037021160126,0.015096207149326801,210.119558095792,0.6333052515983582,23,25,64,28,0.0432410511461059,19
SHC089,18753,trade_proclamation,trade_proclamation,C25,19293,rrf_fill,0.03939710557460785,0.013946987688541412,246.28172626463092,0.6140496730804443,25,30,18,59,0.044099691158514684,17
SHC090,19790,trade_proclamation,trade_proclamation,C01,20108,rrf_fill,0.06151840463280678,0.02756119892001152,150.5228252544438,0.617932140827179,6,8,33,15,0.053943419009832676,7
SHC090,19790,trade_proclamation,trade_proclamation,C02,20207,bm25,0.02538997493684292,0.0033722089137881994,182.22989649245974,0.6156929731369019,223,613,2,20,0.03364848526369828,35
SHC090,19790,trade_proclamation,trade_proclamation,C03,14187,bm25,0.0269231665879488,0.0033722089137881994,178.3964964807519,0.5680232048034668,171,365,4,71,0.029940533291734458,58
SHC090,19790,trade_proclamation,trade_proclamation,C04,14013,bm25,0.055346403270959854,0.020009536296129227,177.93464503932412,0.5660380721092224,10,15,5,76,0.050356604180133595,11
SHC090,19790,trade_proclamation,trade_proclamation,C05,20044,rrf_fill,0.049379508942365646,0.015077716670930386,151.1813182819432,0.6197295784950256,18,27,31,13,0.04900240682007333,13
SHC090,19790,trade_proclamation,trade_proclamation,C06,19821,word10|word5,0.06251325458288193,0.041554197669029236,121.88990740666758,0.5315729379653931,5,4,112,125,0.04222897427839288,17
SHC090,19790,trade_proclamation,trade_proclamation,C07,19856,word10,0.054367367178201675,0.03999045863747597,79.8434284045687,0.33198094367980957,11,5,327,2171,0.03250133124853495,41
SHC090,19790,trade_proclamation,trade_proclamation,C08,19822,function|word5,0.06621666252613068,0.029350504279136658,156.4988406436462,0.6740731000900269,3,7,21,1,0.05953751064264073,2
SHC090,19790,trade_proclamation,trade_proclamation,C09,19810,bm25|same_family_recent|word10|word5,0.08837327361106873,0.053869687020778656,184.79990806852635,0.5831502079963684,1,1,1,44,0.05879571248423708,3
SHC090,19790,trade_proclamation,trade_proclamation,C10,19898,rrf_fill,0.04922980070114136,0.017524270340800285,166.22670429229944,0.5860098600387573,19,25,10,40,0.04870864801616849,14
SHC090,19790,trade_proclamation,trade_proclamation,C11,19851,function|word5,0.06355201452970505,0.02706078067421913,157.8844450574612,0.6559207439422607,4,9,18,4,0.058563266443701224,4
SHC090,19790,trade_proclamation,trade_proclamation,C12,19813,word10,0.05848659947514534,0.041554197669029236,85.85340801716347,0.3579334020614624,7,3,280,1704,0.03430645890196875,31
SHC090,19790,trade_proclamation,trade_proclamation,C13,14010,function,0.04705701768398285,0.011208729818463326,162.41561518605127,0.6448075771331787,24,45,12,5,0.0507020757020757,10
SHC090,19790,trade_proclamation,trade_proclamation,C14,19899,bm25,0.05789843201637268,0.022549517452716827,180.56927923305807,0.5984163880348206,8,11,3,28,0.056027041631846936,5
SHC090,19790,trade_proclamation,trade_proclamation,C15,20131,rrf_fill,0.04355680197477341,0.012482112273573875,162.08945574915083,0.621141791343689,33,33,13,11,0.04928851352332585,12
SHC090,19790,trade_proclamation,trade_proclamation,C16,19954,rrf_fill,0.05752812325954437,0.018882859498262405,155.56891589400757,0.6108455657958984,9,17,23,24,0.05143272128604764,9
SHC090,19790,trade_proclamation,trade_proclamation,C17,19935,function,0.031246203929185867,0.005582114215940237,150.56459904253595,0.6568212509155273,84,166,32,3,0.03811180429591357,19
SHC090,19790,trade_proclamation,trade_proclamation,C18,19797,same_family_recent|word10|word5,0.08098214119672775,0.044174306094646454,169.61093388751803,0.6364448666572571,2,2,8,6,0.06211546202058536,1
SHC090,19790,trade_proclamation,trade_proclamation,C19,20157,rrf_fill,0.05287625268101692,0.021387344226241112,156.6222924587983,0.6244783401489258,13,14,20,8,0.05441802600344099,6
SHC090,19790,trade_proclamation,trade_proclamation,C20,14216,rrf_fill,0.047144435346126556,0.011721725575625896,149.10693003518318,0.5878244638442993,23,37,38,38,0.04276563438690592,16
SHC090,19790,trade_proclamation,trade_proclamation,C21,20159,rrf_fill,0.03784838691353798,0.0075317067094147205,151.46100310580766,0.614067554473877,47,122,30,23,0.03799960376922431,20
SHC090,19790,trade_proclamation,trade_proclamation,C22,14265,rrf_fill,0.052697062492370605,0.019204720854759216,136.47877667985856,0.5755084753036499,15,16,62,58,0.04316252565283729,15
SHC090,19790,trade_proclamation,trade_proclamation,C23,14280,function,0.04741215333342552,0.013249284587800503,159.49418606129964,0.670761227607727,22,30,17,2,0.05242227830740813,8
SHC090,19790,trade_proclamation,trade_proclamation,C24,19929,rrf_fill,0.050835538655519485,0.011065749451518059,119.13731250371671,0.6177448630332947,16,54,123,17,0.04038131842273344,18
SHC090,19790,trade_proclamation,trade_proclamation,C25,19857,rrf_fill,0.054367367178201675,0.03999045863747597,108.2660121290907,0.5159241557121277,12,6,167,162,0.03795019488852088,21
SHC091,16208,trade_proclamation,trade_proclamation,C01,17093,bm25|function|word10|word5,0.24304816126823425,0.1107417568564415,444.7291936239408,0.7549092173576355,5,5,5,5,0.06153846153846154,4
SHC091,16208,trade_proclamation,trade_proclamation,C02,16411,rrf_fill,0.13643574714660645,0.07767665386199951,392.09600295917795,0.7348157167434692,14,8,14,7,0.05665828251429656,10
SHC091,16208,trade_proclamation,trade_proclamation,C03,16701,rrf_fill,0.10066956281661987,0.027712611481547356,355.8676354157248,0.6624840497970581,19,36,22,51,0.04427902547499645,23
SHC091,16208,trade_proclamation,trade_proclamation,C04,17054,function,0.15461070835590363,0.056164275854825974,432.6395111419801,0.7713406682014465,11,12,8,3,0.058552294157099456,9
SHC091,16208,trade_proclamation,trade_proclamation,C05,18574,rrf_fill,0.1522812694311142,0.052555151283741,380.58752234168054,0.6955699920654297,13,13,16,19,0.05321338285891597,11
SHC091,16208,trade_proclamation,trade_proclamation,C06,18446,rrf_fill,0.15367300808429718,0.058672547340393066,379.474561390433,0.6936863660812378,12,11,17,22,0.05315553086937491,12
SHC091,16208,trade_proclamation,trade_proclamation,C07,16971,rrf_fill,0.09711042046546936,0.022427763789892197,358.03082791789024,0.680819571018219,22,40,21,32,0.04541036618095649,22
SHC091,16208,trade_proclamation,trade_proclamation,C08,16273,rrf_fill,0.1273171305656433,0.04396846517920494,392.43375286241854,0.6744546890258789,15,16,13,37,0.0504991365576772,17
SHC091,16208,trade_proclamation,trade_proclamation,C09,16770,rrf_fill,0.16335433721542358,0.05164337903261185,410.28135604625595,0.6720004677772522,10,14,11,40,0.05188373484148132,15
SHC091,16208,trade_proclamation,trade_proclamation,C10,16403,rrf_fill,0.17049115896224976,0.06695911288261414,420.96419743162744,0.6619643568992615,9,10,10,52,0.051992753623188406,14
SHC091,16208,trade_proclamation,trade_proclamation,C11,17158,rrf_fill,0.1066647544503212,0.028541220352053642,384.79568929041824,0.7013999819755554,17,34,15,14,0.05047215770620026,18
SHC091,16208,trade_proclamation,trade_proclamation,C12,16212,same_family_recent,0.024209795519709587,0.01619275100529194,132.28517469796964,0.3895704448223114,122,63,540,3492,0.015572784993516702,172
SHC091,16208,trade_proclamation,trade_proclamation,C13,18781,rrf_fill,0.11683523654937744,0.04234352335333824,349.37537442287174,0.7091758251190186,16,17,25,10,0.05219532789192232,13
SHC091,16208,trade_proclamation,trade_proclamation,C14,16769,word10|word5,0.2720286250114441,0.13073675334453583,432.91397629710457,0.6908591985702515,3,3,7,24,0.05857616678512201,8
SHC091,16208,trade_proclamation,trade_proclamation,C15,16641,bm25|function|word10|word5,0.2932257652282715,0.15563812851905823,462.1785385912816,0.7741773128509521,2,2,3,2,0.06426011264720942,2
SHC091,16208,trade_proclamation,trade_proclamation,C16,16907,bm25|function,0.2232559472322464,0.07970114797353745,486.7156555801487,0.7654534578323364,6,7,1,4,0.06209533090879433,3
SHC091,16208,trade_proclamation,trade_proclamation,C17,16791,rrf_fill,0.07527653127908707,0.01948622427880764,339.3926657356473,0.6952646970748901,27,48,31,20,0.044242523121833466,24
SHC091,16208,trade_proclamation,trade_proclamation,C18,16230,same_family_recent,0.0967874825000763,0.04107872396707535,364.3517389074166,0.6861375570297241,23,18,19,28,0.04889056980333479,20
SHC091,16208,trade_proclamation,trade_proclamation,C19,16511,bm25|function|word10|word5,0.30916956067085266,0.17423582077026367,481.44311023669934,0.7811727523803711,1,1,2,1,0.06530936012691697,1
SHC091,16208,trade_proclamation,trade_proclamation,C20,16247,rrf_fill,0.09981895238161087,0.045526016503572464,373.44097274370097,0.6933285593986511,20,15,18,23,0.05070203892493049,16
SHC091,16208,trade_proclamation,trade_proclamation,C21,16972,rrf_fill,0.08820133656263351,0.020802492275834084,331.12041146934604,0.721477746963501,24,43,37,9,0.04641553174254344,21
SHC091,16208,trade_proclamation,trade_proclamation,C22,18278,rrf_fill,0.19291861355304718,0.08150956779718399,438.01152300504504,0.7223799228668213,7,6,6,8,0.059934285790299836,6
SHC091,16208,trade_proclamation,trade_proclamation,C23,16934,bm25|word10|word5,0.2574828267097473,0.120361328125,455.7741408504037,0.7033817172050476,4,4,4,13,0.0605736301369863,5
SHC091,16208,trade_proclamation,trade_proclamation,C24,18236,rrf_fill,0.1020675078034401,0.023208364844322205,408.9901905176906,0.699988603591919,18,38,12,15,0.050246816675388106,19
SHC091,16208,trade_proclamation,trade_proclamation,C25,17064,rrf_fill,0.1803528517484665,0.07309573888778687,426.7776145289021,0.7351897954940796,8,9,9,6,0.05884290475083314,7
SHC092,12443,trade_proclamation,trade_proclamation,C01,12511,same_family_recent,0.01894395984709263,0.014870046637952328,105.13006337981929,0.4649983048439026,8,8,2214,1252,0.030613713565740344,30
SHC092,12443,trade_proclamation,trade_proclamation,C02,12995,bm25,0.015621720813214779,0.008318278938531876,338.59332431201824,0.607842206954956,39,36,1,87,0.04371384047906296,3
SHC092,12443,trade_proclamation,trade_proclamation,C03,14236,function,0.006847451440989971,0.001428356277756393,120.12406865686833,0.6582180261611938,1136,1021,1453,3,0.018295144187273637,104
SHC092,12443,trade_proclamation,trade_proclamation,C04,12501,word5,0.021765239536762238,0.017625685781240463,148.75439483161213,0.47567126154899597,5,6,680,979,0.03284994579508536,22
SHC092,12443,trade_proclamation,trade_proclamation,C05,16401,function,0.0122545650228858,0.004982820712029934,255.5728503027297,0.7036268711090088,158,160,32,1,0.03639561834909942,13
SHC092,12443,trade_proclamation,trade_proclamation,C06,15998,bm25,0.01227005198597908,0.004982820712029934,321.1365661264328,0.5646063089370728,156,140,3,234,0.02890400604686319,42
SHC092,12443,trade_proclamation,trade_proclamation,C07,16420,function,0.011277098208665848,0.004982820712029934,211.7853238592034,0.6545335054397583,285,163,103,5,0.028902440367141867,43
SHC092,12443,trade_proclamation,trade_proclamation,C08,12730,rrf_fill,0.015621720813214779,0.008318278938531876,274.85963754624476,0.5726186037063599,33,29,15,204,0.03910985534943491,9
SHC092,12443,trade_proclamation,trade_proclamation,C09,16386,function,0.014054431580007076,0.004982820712029934,183.67370119005625,0.6697685718536377,101,153,229,2,0.03049525567549604,31
SHC092,12443,trade_proclamation,trade_proclamation,C10,13434,rrf_fill,0.015621720813214779,0.008318278938531876,272.48613627743146,0.6124852895736694,44,44,18,71,0.039684869837541596,7
SHC092,12443,trade_proclamation,trade_proclamation,C11,13235,word10,0.02167947217822075,0.018697431311011314,119.80682508641584,0.4445006847381592,6,2,1470,1995,0.03242076018568768,23
SHC092,12443,trade_proclamation,trade_proclamation,C12,12485,same_family_recent|word10|word5,0.022209489718079567,0.01805960014462471,102.07896102838937,0.45591941475868225,2,3,2408,1553,0.03302719731904969,21
SHC092,12443,trade_proclamation,trade_proclamation,C13,12977,rrf_fill,0.015621720813214779,0.008318278938531876,270.642670566572,0.6076864004135132,38,35,19,88,0.04014538202698477,6
SHC092,12443,trade_proclamation,trade_proclamation,C14,12879,rrf_fill,0.01646249182522297,0.008318278938531876,281.8015310454271,0.5568186044692993,28,33,11,266,0.03926831624050958,8
SHC092,12443,trade_proclamation,trade_proclamation,C15,13049,rrf_fill,0.017317095771431923,0.008318278938531876,221.04671094450893,0.6254742741584778,25,38,81,41,0.03896197619557619,10
SHC092,12443,trade_proclamation,trade_proclamation,C16,13283,bm25,0.017317483201622963,0.008318278938531876,294.3105242856108,0.5854607820510864,23,43,4,166,0.041806709396223954,4
SHC092,12443,trade_proclamation,trade_proclamation,C17,12505,word10|word5,0.023214954882860184,0.019116459414362907,284.7157606325562,0.6357262134552002,1,1,9,23,0.05932783164017438,1
SHC092,12443,trade_proclamation,trade_proclamation,C18,13134,rrf_fill,0.015621720813214779,0.008318278938531876,265.04450455884745,0.6225298047065735,40,39,22,54,0.04106806187679102,5
SHC092,12443,trade_proclamation,trade_proclamation,C19,12500,word10|word5,0.021765239536762238,0.017625685781240463,172.76455062099689,0.48624345660209656,4,5,330,778,0.03476703537115232,16
SHC092,12443,trade_proclamation,trade_proclamation,C20,12674,rrf_fill,0.015621720813214779,0.008318278938531876,266.62731018390684,0.6261813044548035,32,28,21,38,0.04478296222602641,2
SHC092,12443,trade_proclamation,trade_proclamation,C21,13508,rrf_fill,0.01884046569466591,0.011481564491987228,214.56149617894036,0.5982249975204468,11,20,95,125,0.038441525350884735,11
SHC092,12443,trade_proclamation,trade_proclamation,C22,12483,word10|word5,0.021765239536762238,0.017625685781240463,187.31551626557055,0.4666667878627777,3,4,204,1199,0.0360801758364308,15
SHC092,12443,trade_proclamation,trade_proclamation,C23,16412,bm25,0.011277098208665848,0.004982820712029934,328.02388025307613,0.5360672473907471,284,162,2,354,0.025955972443953135,53
SHC092,12443,trade_proclamation,trade_proclamation,C24,16248,function,0.011277098208665848,0.004982820712029934,219.937598849998,0.654865562915802,276,148,83,4,0.030401889776889776,34
SHC092,12443,trade_proclamation,trade_proclamation,C25,5181,bm25,0.001449800212867558,0.0,292.863842364199,,1455,5364,5,,0.01622904717292696,147
SHC093,19633,trade_proclamation,trade_proclamation,C01,19722,rrf_fill,0.055708881467580795,0.012088140472769737,217.16103306164044,0.5827507972717285,14,23,22,68,0.045569328235817365,17
SHC093,19633,trade_proclamation,trade_proclamation,C02,19723,rrf_fill,0.0593436174094677,0.014525122940540314,219.4643281252109,0.6238172054290771,10,17,19,28,0.0512945914844649,6
SHC093,19633,trade_proclamation,trade_proclamation,C03,14233,bm25|word10|word5,0.26398369669914246,0.12113427370786667,310.62151964739087,0.586599588394165,1,1,3,57,0.057206909665926065,3
SHC093,19633,trade_proclamation,trade_proclamation,C04,19672,same_family_recent,0.06841380894184113,0.024693593382835388,235.55088746274728,0.6460241675376892,7,10,9,12,0.05759272993211994,2
SHC093,19633,trade_proclamation,trade_proclamation,C05,14720,rrf_fill,0.048839323222637177,0.011009162291884422,242.27454382171015,0.5840413570404053,21,26,7,64,0.04696347525245048,12
SHC093,19633,trade_proclamation,trade_proclamation,C06,20108,rrf_fill,0.04669171944260597,0.014316962100565434,197.5674759602314,0.6440447568893433,28,18,49,15,0.046691794444088025,14
SHC093,19633,trade_proclamation,trade_proclamation,C07,19724,rrf_fill,0.0698803961277008,0.03100552037358284,183.1960446803446,0.5748229026794434,6,6,70,86,0.04484465306383115,19
SHC093,19633,trade_proclamation,trade_proclamation,C08,14283,bm25|word10|word5,0.2455279380083084,0.11568865925073624,319.50534570049183,0.5196788311004639,3,3,2,235,0.05126489451257084,7
SHC093,19633,trade_proclamation,trade_proclamation,C09,14155,bm25|word10|word5,0.1845700591802597,0.07153795659542084,308.8590624515127,0.6156156063079834,4,4,4,32,0.057744565217391304,1
SHC093,19633,trade_proclamation,trade_proclamation,C10,19753,function,0.053652822971343994,0.016090571880340576,192.27253771937774,0.6883238554000854,15,15,55,1,0.05175576146353053,5
SHC093,19633,trade_proclamation,trade_proclamation,C11,20131,function,0.039347123354673386,0.008699784986674786,215.6203597911548,0.6776860952377319,45,39,24,3,0.047402597402597405,11
SHC093,19633,trade_proclamation,trade_proclamation,C12,14010,rrf_fill,0.04147782549262047,0.00690090237185359,222.31442208277534,0.6624249815940857,39,63,17,7,0.04614347752316446,15
SHC093,19633,trade_proclamation,trade_proclamation,C13,19656,same_family_recent,0.04295651242136955,0.026445802301168442,151.14444229484783,0.5405780673027039,34,7,131,154,0.035472170297171306,46
SHC093,19633,trade_proclamation,trade_proclamation,C14,19797,function,0.05191851407289505,0.014133634977042675,179.10891837697406,0.6737433075904846,16,19,78,4,0.048687499396537576,10
SHC093,19633,trade_proclamation,trade_proclamation,C15,19929,function,0.03656349331140518,0.005626293830573559,151.42712920930413,0.682152509689331,49,102,129,2,0.03676718898184815,42
SHC093,19633,trade_proclamation,trade_proclamation,C16,19771,rrf_fill,0.04264019429683685,0.025136616080999374,204.7015880906965,0.6097525358200073,35,8,41,35,0.04565950403089845,16
SHC093,19633,trade_proclamation,trade_proclamation,C17,19954,rrf_fill,0.04687030613422394,0.012640547938644886,208.64755172141145,0.6615980863571167,27,21,36,8,0.04896248090551674,9
SHC093,19633,trade_proclamation,trade_proclamation,C18,19674,word10|word5,0.07230720669031143,0.03305291011929512,176.8115127283371,0.4899868965148926,5,5,83,414,0.039871942403587976,31
SHC093,19633,trade_proclamation,trade_proclamation,C19,14216,rrf_fill,0.05750333145260811,0.009961809031665325,229.2652587913853,0.6246141195297241,11,33,12,27,0.05022033697674864,8
SHC093,19633,trade_proclamation,trade_proclamation,C20,15049,rrf_fill,0.04544229432940483,0.00642958702519536,219.73092100581442,0.636650562286377,29,79,18,17,0.04423772546802213,20
SHC093,19633,trade_proclamation,trade_proclamation,C21,14464,bm25,0.0496048629283905,0.009037578478455544,254.64066866564028,0.5523149967193604,19,38,5,127,0.04359451844825741,22
SHC093,19633,trade_proclamation,trade_proclamation,C22,19695,rrf_fill,0.038611505180597305,0.012196582742035389,213.8490177320828,0.627196729183197,46,22,26,25,0.045021697074467584,18
SHC093,19633,trade_proclamation,trade_proclamation,C23,14265,bm25|word10|word5,0.2539103031158447,0.12011735141277313,324.63669039965134,0.5668508410453796,2,2,1,97,0.05502093389067221,4
SHC093,19633,trade_proclamation,trade_proclamation,C24,19790,rrf_fill,0.050841718912124634,0.02471422776579857,157.16207135402576,0.6455438733100891,17,9,116,13,0.046860214929005876,13
SHC093,19633,trade_proclamation,trade_proclamation,C25,14159,function,0.028509147465229034,0.00690090237185359,177.40542188502772,0.668717622756958,74,64,82,5,0.03795407160193858,38
SHC094,19822,trade_proclamation,trade_proclamation,C01,19929,bm25|function|word10|word5,0.10671233385801315,0.03883428871631622,187.334693501713,0.6976653337478638,3,3,4,5,0.06275564713064713,2
SHC094,19822,trade_proclamation,trade_proclamation,C02,20207,word10,0.08087080717086792,0.03505668416619301,150.5367596502677,0.6425129771232605,19,5,23,26,0.05171894298054518,10
SHC094,19822,trade_proclamation,trade_proclamation,C03,14280,rrf_fill,0.09415866434574127,0.029035581275820732,155.650323785618,0.6681942939758301,7,15,18,14,0.054592732801688026,7
SHC094,19822,trade_proclamation,trade_proclamation,C04,20159,word5,0.10646073520183563,0.03448910638689995,175.1263688671338,0.6647794246673584,4,7,7,16,0.058633641005498824,5
SHC094,19822,trade_proclamation,trade_proclamation,C05,14026,rrf_fill,0.08973465114831924,0.0303033534437418,156.2894249580816,0.5602002739906311,12,9,17,160,0.04591411004454483,16
SHC094,19822,trade_proclamation,trade_proclamation,C06,14010,rrf_fill,0.09274899214506149,0.023952452465891838,172.30619267470942,0.6559538245201111,8,22,9,18,0.05421427074786191,8
SHC094,19822,trade_proclamation,trade_proclamation,C07,20134,bm25,0.09695961326360703,0.03492661193013191,175.8123961733734,0.665343701839447,6,6,5,15,0.059020979020979025,4
SHC094,19822,trade_proclamation,trade_proclamation,C08,19851,bm25|function|word10|word5,0.55784010887146,0.40563103556632996,455.2698516215471,0.8429253101348877,1,1,1,1,0.06557377049180328,1
SHC094,19822,trade_proclamation,trade_proclamation,C09,19954,rrf_fill,0.08181110769510269,0.022574106231331825,149.88942895806966,0.6420328617095947,17,25,25,27,0.04801067762528209,14
SHC094,19822,trade_proclamation,trade_proclamation,C10,19892,word5,0.09815239906311035,0.02742372825741768,133.9028456493304,0.5726359486579895,5,17,55,131,0.042302882639782255,29
SHC094,19822,trade_proclamation,trade_proclamation,C11,19899,word10,0.09045328199863434,0.035622019320726395,154.82532934419078,0.6408502459526062,11,4,20,28,0.05357314340588989,9
SHC094,19822,trade_proclamation,trade_proclamation,C12,19935,function,0.05272965878248215,0.012834697030484676,147.48922596673697,0.7462708353996277,57,77,30,2,0.04308642198917688,24
SHC094,19822,trade_proclamation,trade_proclamation,C13,20131,rrf_fill,0.07179711759090424,0.020327964797616005,166.22887710426033,0.672203540802002,28,32,10,12,0.05040780475563084,12
SHC094,19822,trade_proclamation,trade_proclamation,C14,14281,rrf_fill,0.07417873293161392,0.016847992315888405,148.841453020197,0.6546804308891296,25,50,28,20,0.0447192513368984,19
SHC094,19822,trade_proclamation,trade_proclamation,C15,19980,rrf_fill,0.06703007221221924,0.023710450157523155,144.66094712382386,0.652130663394928,31,23,32,23,0.04595496174857097,15
SHC094,19822,trade_proclamation,trade_proclamation,C16,14013,rrf_fill,0.08436047285795212,0.019083134829998016,175.49573173397806,0.5754019618034363,14,36,6,121,0.04460655721014837,20
SHC094,19822,trade_proclamation,trade_proclamation,C17,14163,rrf_fill,0.0866401419043541,0.024834075942635536,163.30243653009515,0.5671449303627014,13,21,12,147,0.044764115912617,17
SHC094,19822,trade_proclamation,trade_proclamation,C18,20108,rrf_fill,0.07703951746225357,0.022574106231331825,142.75593702123422,0.6771891117095947,21,26,36,10,0.04867596694147082,13
SHC094,19822,trade_proclamation,trade_proclamation,C19,14216,function,0.09176512062549591,0.029035581275820732,152.03358606253894,0.6982316970825195,9,14,21,4,0.0559769461490476,6
SHC094,19822,trade_proclamation,trade_proclamation,C20,19857,same_family_recent,0.06245420500636101,0.01786734350025654,136.88711031884876,0.5993404388427734,33,42,47,76,0.037255345309664414,37
SHC094,19822,trade_proclamation,trade_proclamation,C21,19898,bm25|word10|word5,0.18488693237304688,0.07643664628267288,299.74106815956554,0.6504720449447632,2,2,2,24,0.06029185867895545,3
SHC094,19822,trade_proclamation,trade_proclamation,C22,14294,bm25,0.078043632209301,0.023073529824614525,190.52369917385764,,20,24,3,,0.04027777777777777,34
SHC094,19822,trade_proclamation,trade_proclamation,C23,19975,function,0.05649064853787422,0.01482978742569685,144.61108489782507,0.7227903604507446,47,54,33,3,0.04474342826214365,18
SHC094,19822,trade_proclamation,trade_proclamation,C24,14159,rrf_fill,0.09109830856323242,0.030583664774894714,148.7878913517967,0.6388609409332275,10,8,29,30,0.051338662805946345,11
SHC094,19822,trade_proclamation,trade_proclamation,C25,19879,same_family_recent,0.05202449485659599,0.01786734350025654,113.81440909148249,0.5028114318847656,60,45,120,457,0.025346934389487583,72
SHC095,14549,trade_proclamation,trade_proclamation,C01,14958,rrf_fill,0.26332584023475647,0.11483005434274673,322.3728394160937,0.6504517197608948,15,16,11,9,0.055068488735617364,13
SHC095,14549,trade_proclamation,trade_proclamation,C02,14777,function,0.2928832173347473,0.14660833775997162,316.7632812502003,0.6660736799240112,13,12,14,4,0.0567260325393887,10
SHC095,14549,trade_proclamation,trade_proclamation,C03,14959,rrf_fill,0.28549930453300476,0.1356298178434372,290.4553012226403,0.5785579681396484,14,13,19,24,0.05177513340336298,15
SHC095,14549,trade_proclamation,trade_proclamation,C04,14903,word5,0.35559478402137756,0.18730804324150085,328.52537567624813,0.6566014885902405,3,7,10,7,0.060009476427386875,3
SHC095,14549,trade_proclamation,trade_proclamation,C05,14575,same_family_recent,0.1497759222984314,0.10674434155225754,184.57939485533262,0.5707619786262512,24,17,33,30,0.04675557417492902,27
SHC095,14549,trade_proclamation,trade_proclamation,C06,14930,bm25,0.34042423963546753,0.18002478778362274,343.200196990668,0.6428015232086182,7,10,3,13,0.058782733430044816,7
SHC095,14549,trade_proclamation,trade_proclamation,C07,15044,function,0.12927265465259552,0.05278246849775314,249.12618019935672,0.6859554052352905,28,42,27,2,0.048790843063891545,20
SHC095,14549,trade_proclamation,trade_proclamation,C08,15071,function,0.13359372317790985,0.0535212904214859,250.92936814900293,0.6649661660194397,26,40,25,5,0.048777228243712514,21
SHC095,14549,trade_proclamation,trade_proclamation,C09,14987,rrf_fill,0.23903891444206238,0.09911201894283295,291.9934557738538,0.5719558596611023,17,18,18,29,0.0498639936842184,17
SHC095,14549,trade_proclamation,trade_proclamation,C10,14826,rrf_fill,0.15449760854244232,0.0857861116528511,251.40230454608334,0.5919536352157593,23,22,24,23,0.048196269398150096,23
SHC095,14549,trade_proclamation,trade_proclamation,C11,14908,rrf_fill,0.35226207971572876,0.18537688255310059,335.99841798341987,0.6475192308425903,6,8,6,11,0.059093419698225,5
SHC095,14549,trade_proclamation,trade_proclamation,C12,14784,word10|word5,0.4020305871963501,0.24707704782485962,317.81220646272465,0.5651554465293884,2,2,13,32,0.056826259870506636,9
SHC095,14549,trade_proclamation,trade_proclamation,C13,15022,rrf_fill,0.26190972328186035,0.1287737339735031,307.98460844790185,0.5355163216590881,16,15,15,46,0.04925852366765972,19
SHC095,14549,trade_proclamation,trade_proclamation,C14,14600,word10,0.31403112411499023,0.19097739458084106,331.5272165911224,0.5739372968673706,11,5,7,28,0.05575813192483363,12
SHC095,14549,trade_proclamation,trade_proclamation,C15,14741,rrf_fill,0.3020419776439667,0.13075979053974152,330.72691145140675,0.5657376646995544,12,14,8,31,0.05309729574435457,14
SHC095,14549,trade_proclamation,trade_proclamation,C16,14788,bm25|word5,0.35229840874671936,0.18991440534591675,349.65856910019977,0.6023666858673096,5,6,2,20,0.05916516279419505,4
SHC095,14549,trade_proclamation,trade_proclamation,C17,14800,bm25|word10|word5,0.4160338342189789,0.25454679131507874,375.6903926000467,0.6043941378593445,1,1,1,18,0.06200084068936528,1
SHC095,14549,trade_proclamation,trade_proclamation,C18,14905,rrf_fill,0.20698481798171997,0.07603506743907928,296.727625448099,0.6367192268371582,19,26,17,14,0.050786661325371955,16
SHC095,14549,trade_proclamation,trade_proclamation,C19,14768,bm25|word10|word5,0.3547207713127136,0.21684129536151886,341.8911503563051,0.5951628088951111,4,3,5,22,0.05907775320885077,6
SHC095,14549,trade_proclamation,trade_proclamation,C20,14671,word10,0.32903623580932617,0.1990700662136078,320.3869243497713,0.5757822394371033,8,4,12,26,0.055847678218574254,11
SHC095,14549,trade_proclamation,trade_proclamation,C21,14559,same_family_recent,0.09489825367927551,0.07063595205545425,132.3177366977993,0.5575388669967651,38,28,87,34,0.03900873695706522,37
SHC095,14549,trade_proclamation,trade_proclamation,C22,15179,function,0.13480114936828613,0.051383811980485916,265.3618500235928,0.6719621419906616,25,44,23,3,0.04930129914183777,18
SHC095,14549,trade_proclamation,trade_proclamation,C23,14877,bm25|function,0.3242271840572357,0.15703505277633667,342.05843410594474,0.6931437253952026,10,11,4,1,0.06038866395091863,2
SHC095,14549,trade_proclamation,trade_proclamation,C24,14937,rrf_fill,0.3286609351634979,0.18280711770057678,329.1876665327371,0.6480687856674194,9,9,9,10,0.05776397515527951,8
SHC095,14549,trade_proclamation,trade_proclamation,C25,14944,rrf_fill,0.21821275353431702,0.08931667357683182,303.95416533680765,0.5416701436042786,18,21,16,41,0.0482250766687105,22
SHC096,14234,trade_proclamation,trade_proclamation,C01,14720,rrf_fill,0.041742954403162,0.02289789542555809,186.68080681350273,0.5996114015579224,45,72,23,25,0.040912465753004376,14
SHC096,14234,trade_proclamation,trade_proclamation,C02,14237,word10,0.04915175586938858,0.03969086706638336,89.90779541368455,0.37737852334976196,13,5,377,1344,0.0320838257533032,34
SHC096,14234,trade_proclamation,trade_proclamation,C03,14236,word10,0.053126126527786255,0.043737124651670456,92.3492142085182,0.4542098641395569,6,3,361,458,0.035330329867146966,22
SHC096,14234,trade_proclamation,trade_proclamation,C04,14382,rrf_fill,0.04786289855837822,0.026244983077049255,143.4333188279863,0.57252436876297,21,30,86,46,0.03974006745610088,15
SHC096,14234,trade_proclamation,trade_proclamation,C05,14241,word10|word5,0.06349627673625946,0.05416564643383026,109.15937296769042,0.3862762451171875,2,2,235,1237,0.03641890504773391,19
SHC096,14234,trade_proclamation,trade_proclamation,C06,14498,rrf_fill,0.04514563828706741,0.022048236802220345,185.95683884313001,0.6065663695335388,25,104,26,19,0.042148401682808145,12
SHC096,14234,trade_proclamation,trade_proclamation,C07,14281,rrf_fill,0.05190451443195343,0.03330362215638161,190.46628208649983,0.5277107954025269,9,18,17,107,0.04628830338281002,7
SHC096,14234,trade_proclamation,trade_proclamation,C08,14274,rrf_fill,0.05190451443195343,0.03330362215638161,196.06788248018808,0.5482532978057861,8,16,10,69,0.04990142935999369,5
SHC096,14234,trade_proclamation,trade_proclamation,C09,14509,rrf_fill,0.04826723039150238,0.022048236802220345,193.3934161580049,0.5982820987701416,20,105,12,26,0.044077401926239136,10
SHC096,14234,trade_proclamation,trade_proclamation,C10,14870,function,0.037397149950265884,0.019837724044919014,179.9902455232767,0.6524341702461243,93,377,34,2,0.03559160736227404,21
SHC096,14234,trade_proclamation,trade_proclamation,C11,14268,same_family_recent,0.04999173432588577,0.034091975539922714,152.3315070971252,0.5668553113937378,11,8,80,48,0.0451925057973111,9
SHC096,14234,trade_proclamation,trade_proclamation,C12,14666,word10,0.04511723667383194,0.03982118144631386,85.8220146654833,0.4287882149219513,26,4,430,719,0.03057742035077159,38
SHC096,14234,trade_proclamation,trade_proclamation,C13,14429,rrf_fill,0.04936520755290985,0.02283659018576145,190.50890045742122,0.6320628523826599,12,76,16,8,0.049105607155142755,6
SHC096,14234,trade_proclamation,trade_proclamation,C14,14295,bm25|function|word10|word5,0.4659186601638794,0.4029475748538971,435.0514930797148,0.6468235850334167,1,1,1,3,0.06505334374186833,1
SHC096,14234,trade_proclamation,trade_proclamation,C15,15188,function,0.032610271126031876,0.02062607929110527,173.44302405074592,0.6404513120651245,387,346,45,4,0.029849000176326027,43
SHC096,14234,trade_proclamation,trade_proclamation,C16,14461,rrf_fill,0.03886973485350609,0.0207383930683136,197.6493709735606,0.6347523331642151,64,219,9,6,0.04129301429441682,13
SHC096,14234,trade_proclamation,trade_proclamation,C17,15210,function,0.032610271126031876,0.02062607929110527,205.58697967870273,0.6381912231445312,393,355,6,5,0.035153274609111204,23
SHC096,14234,trade_proclamation,trade_proclamation,C18,14380,rrf_fill,0.05285545065999031,0.027033338323235512,187.69999464661606,0.5262333154678345,7,23,19,113,0.04541214057432321,8
SHC096,14234,trade_proclamation,trade_proclamation,C19,14547,rrf_fill,0.03602142259478569,0.023798562586307526,184.17998855090678,0.613507866859436,118,55,29,16,0.03870747949502481,16
SHC096,14234,trade_proclamation,trade_proclamation,C20,14283,bm25|function|word5,0.05536860227584839,0.02555999532341957,206.299191035916,0.6786247491836548,4,36,5,1,0.057819724674232874,3
SHC096,14234,trade_proclamation,trade_proclamation,C21,15187,bm25,0.032610271126031876,0.02062607929110527,207.4197338671972,0.6030424237251282,386,345,4,23,0.032384481039921184,32
SHC096,14234,trade_proclamation,trade_proclamation,C22,14265,bm25|same_family_recent|word5,0.05483519285917282,0.03330362215638161,211.74782773734546,0.6189301609992981,5,13,3,13,0.05865489153160386,2
SHC096,14234,trade_proclamation,trade_proclamation,C23,14280,word5,0.05793074145913124,0.0348551906645298,204.52373890605685,0.5735331773757935,3,6,8,45,0.05525422290128172,4
SHC096,14234,trade_proclamation,trade_proclamation,C24,14294,bm25,0.04888129606842995,0.0207383930683136,216.71675941770903,,14,210,2,,0.03334624947528173,28
SHC096,14234,trade_proclamation,trade_proclamation,C25,14413,rrf_fill,0.043529585003852844,0.022540926933288574,186.73662285935922,0.6107114553451538,32,86,22,18,0.04273451505761679,11
SHC097,17054,trade_proclamation,trade_proclamation,C01,17113,rrf_fill,0.08826732635498047,0.03226793557405472,253.37597195110266,0.6059278249740601,19,19,24,58,0.04569579387215088,21
SHC097,17054,trade_proclamation,trade_proclamation,C02,18428,rrf_fill,0.08558851480484009,0.014406505040824413,302.66203968627536,0.6755492687225342,22,29,16,18,0.04940948456475421,16
SHC097,17054,trade_proclamation,trade_proclamation,C03,18775,rrf_fill,0.0675366222858429,0.01530029159039259,249.00790062391295,0.5787161588668823,29,27,25,114,0.04024204024887754,25
SHC097,17054,trade_proclamation,trade_proclamation,C04,17157,rrf_fill,0.1492178738117218,0.08386694639921188,305.6464613908214,0.6550609469413757,10,9,15,25,0.05387650712458897,13
SHC097,17054,trade_proclamation,trade_proclamation,C05,18320,rrf_fill,0.13309165835380554,0.03241296485066414,358.2503789151767,0.7221142649650574,12,18,8,8,0.05612116641528406,8
SHC097,17054,trade_proclamation,trade_proclamation,C06,18310,rrf_fill,0.11665091663599014,0.01834261231124401,335.3106138496495,0.6960912942886353,14,25,9,13,0.053469603156041164,14
SHC097,17054,trade_proclamation,trade_proclamation,C07,18781,rrf_fill,0.14601360261440277,0.035677794367074966,316.9495795050356,0.7316492795944214,11,17,13,6,0.05592166531776796,9
SHC097,17054,trade_proclamation,trade_proclamation,C08,17064,bm25|function|same_family_recent|word10|word5,0.45631712675094604,0.3176287114620209,426.0255875880047,0.7577486038208008,3,3,4,2,0.06350006400409626,3
SHC097,17054,trade_proclamation,trade_proclamation,C09,17093,bm25|function|word10|word5,0.619575560092926,0.4233640432357788,448.7831639983468,0.7808583974838257,1,1,1,1,0.06557377049180328,1
SHC097,17054,trade_proclamation,trade_proclamation,C10,19181,rrf_fill,0.06531097739934921,0.012498967349529266,225.16217243019807,0.6079186201095581,32,35,31,55,0.04108054416978902,24
SHC097,17054,trade_proclamation,trade_proclamation,C11,17129,rrf_fill,0.16278980672359467,0.10083701461553574,306.8422225277843,0.6684650182723999,9,7,14,21,0.05527731928337595,11
SHC097,17054,trade_proclamation,trade_proclamation,C12,18868,rrf_fill,0.09181754291057587,0.009706594049930573,326.63153297119123,0.647350013256073,18,69,11,32,0.04552652306465377,22
SHC097,17054,trade_proclamation,trade_proclamation,C13,18543,rrf_fill,0.09467003494501114,0.03813399747014046,286.2245927910789,0.6130948662757874,16,15,17,50,0.04856915014809752,18
SHC097,17054,trade_proclamation,trade_proclamation,C14,18236,bm25|function,0.23616109788417816,0.11111719906330109,397.9292039226028,0.7356927990913391,7,6,5,4,0.0610865036704589,5
SHC097,17054,trade_proclamation,trade_proclamation,C15,18585,rrf_fill,0.08786316215991974,0.029927778989076614,267.29634676489366,0.6521362066268921,21,20,20,28,0.04870931537598204,17
SHC097,17054,trade_proclamation,trade_proclamation,C16,18308,rrf_fill,0.07856820523738861,0.026103166863322258,225.3892778192336,0.6298083066940308,23,21,30,43,0.0452137207586188,23
SHC097,17054,trade_proclamation,trade_proclamation,C17,18476,rrf_fill,0.08803671598434448,0.03737384453415871,258.40567091874965,0.6104913353919983,20,16,23,51,0.04671509651693545,19
SHC097,17054,trade_proclamation,trade_proclamation,C18,18780,rrf_fill,0.11331036686897278,0.04316837713122368,327.9007044135835,0.6869539618492126,15,13,10,15,0.054651011089367256,12
SHC097,17054,trade_proclamation,trade_proclamation,C19,18446,word10|word5,0.34592533111572266,0.14295677840709686,369.9822216404908,0.7293459177017212,5,5,6,7,0.06084611905507428,6
SHC097,17054,trade_proclamation,trade_proclamation,C20,17065,same_family_recent,0.09362811595201492,0.04848293587565422,190.96079344670903,0.6422935724258423,17,12,55,34,0.04620985192215535,20
SHC097,17054,trade_proclamation,trade_proclamation,C21,17158,bm25|word10|word5,0.36077895760536194,0.19259659945964813,429.9651992713915,0.7055090665817261,4,4,3,10,0.061408730158730156,4
SHC097,17054,trade_proclamation,trade_proclamation,C22,18278,bm25|function|word10|word5,0.521436870098114,0.32991263270378113,438.6365868294452,0.7467783689498901,2,2,2,3,0.06426011264720942,2
SHC097,17054,trade_proclamation,trade_proclamation,C23,17074,rrf_fill,0.11841564625501633,0.058373454958200455,275.12849699112303,0.6670809984207153,13,11,18,23,0.05265184277083698,15
SHC097,17054,trade_proclamation,trade_proclamation,C24,18574,function,0.25084102153778076,0.09139695763587952,367.44521623891336,0.7322229146957397,6,8,7,5,0.06016738602340007,7
SHC097,17054,trade_proclamation,trade_proclamation,C25,17186,rrf_fill,0.1800963282585144,0.08360477536916733,317.14533567998683,0.676378071308136,8,10,12,17,0.055867498514557336,10
SHC098,15183,trade_proclamation,trade_proclamation,C01,15206,rrf_fill,0.032244741916656494,0.0184489693492651,115.71419282433496,0.36854442954063416,19,22,14,58,0.04684143958402073,18
SHC098,15183,trade_proclamation,trade_proclamation,C02,15210,function|word10|word5,0.5381442308425903,0.4315733313560486,386.81841905255516,0.7324383854866028,4,5,6,2,0.06229016279419505,3
SHC098,15183,trade_proclamation,trade_proclamation,C03,15193,rrf_fill,0.029211336746811867,0.021262526512145996,112.23299191701186,0.3659796714782715,22,18,15,61,0.046613430914983024,19
SHC098,15183,trade_proclamation,trade_proclamation,C04,15212,rrf_fill,0.03437231853604317,0.02346178889274597,90.75847671170726,0.3813633918762207,14,13,22,52,0.048335837030290756,15
SHC098,15183,trade_proclamation,trade_proclamation,C05,15211,rrf_fill,0.03437231853604317,0.02346178889274597,124.67474448437626,0.44393327832221985,13,12,11,25,0.05343673195048165,9
SHC098,15183,trade_proclamation,trade_proclamation,C06,15192,rrf_fill,0.030195729807019234,0.021262526512145996,120.72293746019764,0.3511699140071869,20,17,13,67,0.047059658872030785,17
SHC098,15183,trade_proclamation,trade_proclamation,C07,4451,rrf_fill,0.0014655920676887035,0.0,54.155537493319805,0.4744279682636261,24,28,48,16,0.045685552264499635,22
SHC098,15183,trade_proclamation,trade_proclamation,C08,15194,rrf_fill,0.032244741916656494,0.0184489693492651,96.34027775460893,0.3797307014465332,18,21,21,53,0.04636142836732807,21
SHC098,15183,trade_proclamation,trade_proclamation,C09,4507,rrf_fill,0.0007442673668265343,0.0,108.57488579811262,0.48609885573387146,26,84,18,14,0.044906377755214964,25
SHC098,15183,trade_proclamation,trade_proclamation,C10,4465,rrf_fill,0.0,0.0,70.43543184012839,0.5084121823310852,46,42,28,8,0.04530740254935593,23
SHC098,15183,trade_proclamation,trade_proclamation,C11,15190,rrf_fill,0.029211336746811867,0.021262526512145996,85.53929112409621,0.34317222237586975,21,16,25,68,0.045080779631540724,24
SHC098,15183,trade_proclamation,trade_proclamation,C12,15186,rrf_fill,0.03521180897951126,0.020337224006652832,106.20278625421166,0.4266933500766754,11,19,19,38,0.04960504437110912,14
SHC098,15183,trade_proclamation,trade_proclamation,C13,15203,rrf_fill,0.03587258234620094,0.025015443563461304,110.94502065038023,0.5005231499671936,10,10,17,10,0.05584415584415584,7
SHC098,15183,trade_proclamation,trade_proclamation,C14,15213,rrf_fill,0.03437231853604317,0.02346178889274597,124.67474448437626,0.42530760169029236,15,14,12,40,0.05073573573573574,13
SHC098,15183,trade_proclamation,trade_proclamation,C15,15187,bm25|function|same_family_recent|word10|word5,0.8067226409912109,0.7374332547187805,464.866181613222,0.7279896140098572,1,1,1,3,0.06505334374186833,1
SHC098,15183,trade_proclamation,trade_proclamation,C16,15195,bm25|word10|word5,0.6360552310943604,0.5323942303657532,444.269501549817,,2,2,3,,0.048131080389144903,16
SHC098,15183,trade_proclamation,trade_proclamation,C17,15215,function,0.20324794948101044,0.11295221745967865,303.7628707285695,0.6693336367607117,7,7,7,4,0.06040111940298507,5
SHC098,15183,trade_proclamation,trade_proclamation,C18,15184,rrf_fill,0.03644958883523941,0.025350045412778854,130.30490425710104,0.45069852471351624,9,8,9,21,0.05603706861166367,6
SHC098,15183,trade_proclamation,trade_proclamation,C19,15204,rrf_fill,0.03374500572681427,0.02000262401998043,125.89777265260668,0.534850537776947,17,20,10,6,0.054924242424242424,8
SHC098,15183,trade_proclamation,trade_proclamation,C20,15197,bm25|function|word10|word5,0.5463903546333313,0.46438440680503845,432.5852242278422,0.7388231158256531,3,3,4,1,0.06376447436898257,2
SHC098,15183,trade_proclamation,trade_proclamation,C21,15205,rrf_fill,0.03437231853604317,0.02346178889274597,86.67292148204947,0.4450862407684326,12,11,23,24,0.05192635060698865,10
SHC098,15183,trade_proclamation,trade_proclamation,C22,15185,rrf_fill,0.03782296180725098,0.025350045412778854,111.38322947862738,0.39401689171791077,8,9,16,49,0.05153084263957719,11
SHC098,15183,trade_proclamation,trade_proclamation,C23,15189,bm25|word10|word5,0.5355801582336426,0.45511960983276367,396.3447031648484,,5,4,5,,0.04639423076923077,20
SHC098,15183,trade_proclamation,trade_proclamation,C24,15188,bm25|function|same_family_recent,0.5004217028617859,0.40804070234298706,457.2438431306111,0.6595278382301331,6,6,2,5,0.061816677945710205,4
SHC098,15183,trade_proclamation,trade_proclamation,C25,15214,rrf_fill,0.03437231853604317,0.02346178889274597,131.61957733348078,0.4240485727787018,16,15,8,41,0.051098100522126516,12
SHC099,13943,trade_proclamation,trade_proclamation,C01,15701,function,0.136678546667099,0.04554932937026024,342.76154771730955,0.7808835506439209,15,42,7,5,0.053447243420904525,6
SHC099,13943,trade_proclamation,trade_proclamation,C02,15245,bm25|word10|word5,0.3837603032588959,0.23460395634174347,383.5500810353333,0.6788278222084045,4,4,4,103,0.053009969325153374,7
SHC099,13943,trade_proclamation,trade_proclamation,C03,16205,function,0.11410052329301834,0.059714771807193756,257.36537890206347,0.7902776598930359,29,14,82,3,0.04766473796383592,13
SHC099,13943,trade_proclamation,trade_proclamation,C04,15221,rrf_fill,0.1548238843679428,0.11599371582269669,267.67663667422283,0.6812307238578796,11,9,62,100,0.04302398197691734,18
SHC099,13943,trade_proclamation,trade_proclamation,C05,16453,rrf_fill,0.14093221724033356,0.04925407096743584,279.1122319975779,0.7305089831352234,13,35,46,50,0.04274981728152002,19
SHC099,13943,trade_proclamation,trade_proclamation,C06,15235,rrf_fill,0.15769708156585693,0.11334732174873352,295.9220144406652,0.6776042580604553,10,10,27,104,0.04616324242060155,16
SHC099,13943,trade_proclamation,trade_proclamation,C07,15359,rrf_fill,0.31021803617477417,0.19416941702365875,316.5904953486739,0.6726372838020325,6,6,17,108,0.04924242424242424,10
SHC099,13943,trade_proclamation,trade_proclamation,C08,16247,rrf_fill,0.10931707173585892,0.05162879824638367,306.79754360253526,0.7578722834587097,35,24,19,17,0.04807631852934984,12
SHC099,13943,trade_proclamation,trade_proclamation,C09,16208,rrf_fill,0.11682575941085815,0.05392531678080559,256.9626192552078,0.7609778046607971,27,20,84,15,0.044272030651341,17
SHC099,13943,trade_proclamation,trade_proclamation,C10,16090,rrf_fill,0.12896473705768585,0.04809565097093582,255.39064442872757,0.7494528293609619,18,37,89,24,0.04174596247176334,21
SHC099,13943,trade_proclamation,trade_proclamation,C11,16637,rrf_fill,0.12075935304164886,0.040856149047613144,288.47880073680744,0.737166166305542,20,55,34,41,0.04173494014526337,22
SHC099,13943,trade_proclamation,trade_proclamation,C12,15217,same_family_recent,0.05635976418852806,0.034520480781793594,119.94651654478879,0.42158403992652893,159,66,460,2755,0.014781034692103087,188
SHC099,13943,trade_proclamation,trade_proclamation,C13,16254,rrf_fill,0.11751805245876312,0.05600276589393616,260.5226940579982,0.738471269607544,23,16,79,40,0.04240033211224299,20
SHC099,13943,trade_proclamation,trade_proclamation,C14,13957,same_family_recent,0.052654754370450974,0.031436678022146225,127.83948070551038,0.4391906261444092,168,79,405,2140,0.014185292605551306,199
SHC099,13943,trade_proclamation,trade_proclamation,C15,15225,bm25|function|word10|word5,0.4118984043598175,0.3347328305244446,451.93831373161663,0.7926194071769714,3,3,2,2,0.06400409626216078,2
SHC099,13943,trade_proclamation,trade_proclamation,C16,16575,rrf_fill,0.27213120460510254,0.14077848196029663,331.92105945323414,0.6878793239593506,8,8,11,96,0.049906528158392284,9
SHC099,13943,trade_proclamation,trade_proclamation,C17,15304,rrf_fill,0.1361420601606369,0.05736386030912399,279.5628055375338,0.6331427693367004,16,15,44,132,0.041314946018893385,23
SHC099,13943,trade_proclamation,trade_proclamation,C18,15220,bm25|function|word10|word5,0.8017775416374207,0.713132381439209,575.5894052814367,0.8326528668403625,1,1,1,1,0.06557377049180328,1
SHC099,13943,trade_proclamation,trade_proclamation,C19,15704,rrf_fill,0.20151984691619873,0.09405175596475601,337.4333774991732,0.7805910706520081,9,11,8,6,0.058434658169898256,3
SHC099,13943,trade_proclamation,trade_proclamation,C20,16873,rrf_fill,0.14900442957878113,0.05007007345557213,295.9787435032729,0.7496982216835022,12,30,26,23,0.04867609974782852,11
SHC099,13943,trade_proclamation,trade_proclamation,C21,15230,bm25|word10|word5,0.736863374710083,0.5925099849700928,445.18865693550487,0.7369669079780579,2,2,3,42,0.057935001957772354,4
SHC099,13943,trade_proclamation,trade_proclamation,C22,15824,function,0.13515347242355347,0.05027911812067032,329.86352612974053,0.7858660817146301,17,29,12,4,0.05373685693208165,5
SHC099,13943,trade_proclamation,trade_proclamation,C23,16200,rrf_fill,0.10811157524585724,0.05408647283911705,275.555044087166,0.7697534561157227,38,18,53,9,0.046366905598478184,15
SHC099,13943,trade_proclamation,trade_proclamation,C24,15469,bm25|word10|word5,0.3757783770561218,0.21325187385082245,381.4288359077216,0.5974891185760498,5,5,5,177,0.050373255436546575,8
SHC099,13943,trade_proclamation,trade_proclamation,C25,15470,rrf_fill,0.30438733100891113,0.18600456416606903,333.05430377851894,0.5442937612533569,7,7,10,367,0.04647838092907826,14
SHC100,18198,trade_proclamation,trade_proclamation,C01,13957,rrf_fill,0.04161953181028366,0.01489612739533186,220.71170968050316,0.742392897605896,17,62,33,8,0.046642304823472584,17
SHC100,18198,trade_proclamation,trade_proclamation,C02,12058,word5,0.06947766989469528,0.03379961475729942,278.3840147141691,0.5469228029251099,3,6,14,207,0.048283362890104466,15
SHC100,18198,trade_proclamation,trade_proclamation,C03,18217,same_family_recent|word10,0.0557381846010685,0.034923993051052094,307.0863579096413,0.6084446907043457,11,5,7,30,0.055505606672308375,6
SHC100,18198,trade_proclamation,trade_proclamation,C04,15431,function,0.04945377632975578,0.023966897279024124,260.0039606867558,0.782075047492981,12,20,18,5,0.054594017094017094,7
SHC100,18198,trade_proclamation,trade_proclamation,C05,12129,rrf_fill,0.038958024233579636,0.015191342681646347,302.6281256894865,0.522447943687439,19,44,8,361,0.039354791728541075,22
SHC100,18198,trade_proclamation,trade_proclamation,C06,15774,rrf_fill,0.05728296563029289,0.033762022852897644,248.1837162895823,0.7590920925140381,9,7,23,6,0.056617834680116254,4
SHC100,18198,trade_proclamation,trade_proclamation,C07,11998,same_family_recent,0.03913510963320732,0.03188129886984825,119.1044950753667,0.4305792450904846,18,10,432,2140,0.029593292885975814,41
SHC100,18198,trade_proclamation,trade_proclamation,C08,16525,rrf_fill,0.025793354958295822,0.009439501911401749,237.45361994962883,0.7088432312011719,70,106,28,12,0.038968929330375116,23
SHC100,18198,trade_proclamation,trade_proclamation,C09,12090,bm25|function|word10|word5,0.10682281106710434,0.05049680918455124,403.8392033915298,0.8108921051025391,1,1,1,1,0.06557377049180328,1
SHC100,18198,trade_proclamation,trade_proclamation,C10,16212,rrf_fill,0.02605600841343403,0.009457863867282867,299.84829675835556,0.7189064025878906,69,100,10,11,0.04237215931246393,19
SHC100,18198,trade_proclamation,trade_proclamation,C11,12227,bm25|function|word10|word5,0.07876450568437576,0.0472317673265934,327.06490242248987,0.7922598123550415,2,2,5,3,0.06351569577376029,2
SHC100,18198,trade_proclamation,trade_proclamation,C12,18223,word10,0.05827855318784714,0.04051250219345093,255.08064229760677,0.604817271232605,8,3,21,32,0.05379414245569403,10
SHC100,18198,trade_proclamation,trade_proclamation,C13,12099,rrf_fill,0.03482242673635483,0.01900649629533291,273.79321845039885,0.5913257598876953,27,32,16,42,0.04532563439642408,18
SHC100,18198,trade_proclamation,trade_proclamation,C14,12180,rrf_fill,0.03294762596487999,0.015191342681646347,290.7762708753208,0.5611268281936646,30,47,11,125,0.0399468179512934,20
SHC100,18198,trade_proclamation,trade_proclamation,C15,15905,rrf_fill,0.04855305701494217,0.02244221605360508,286.7955132058504,0.7541476488113403,13,22,13,7,0.05451775535952047,8
SHC100,18198,trade_proclamation,trade_proclamation,C16,15254,rrf_fill,0.02732343226671219,0.01189680490642786,260.1810233238465,0.5992753505706787,63,76,17,36,0.03888670213096325,24
SHC100,18198,trade_proclamation,trade_proclamation,C17,11980,bm25,0.056376803666353226,0.03188129886984825,352.6355597360507,0.5676072835922241,10,9,3,100,0.05090148378191856,12
SHC100,18198,trade_proclamation,trade_proclamation,C18,12070,bm25|word5,0.064442478120327,0.03207337483763695,331.9131469796877,0.5801330804824829,4,8,4,67,0.053829898100972676,9
SHC100,18198,trade_proclamation,trade_proclamation,C19,12052,rrf_fill,0.036617912352085114,0.02035915106534958,226.59053090123982,0.5579766035079956,21,27,29,147,0.03990680481648481,21
SHC100,18198,trade_proclamation,trade_proclamation,C20,12995,function,0.04624124988913536,0.020800743252038956,258.42989594073623,0.7858376502990723,14,24,19,4,0.05370150326637668,11
SHC100,18198,trade_proclamation,trade_proclamation,C21,18225,rrf_fill,0.04228084906935692,0.03188129886984825,184.54195633201846,0.6394475698471069,16,11,50,20,0.04883331087000472,14
SHC100,18198,trade_proclamation,trade_proclamation,C22,12037,bm25,0.058731529861688614,0.02035915106534958,396.86741964736984,0.5600727796554565,6,26,2,133,0.04808980153658292,16
SHC100,18198,trade_proclamation,trade_proclamation,C23,12113,rrf_fill,0.042461689561605453,0.01823403500020504,319.35613171582395,0.611970067024231,15,34,6,26,0.050751053333933094,13
SHC100,18198,trade_proclamation,trade_proclamation,C24,15537,function,0.05862581357359886,0.023966897279024124,256.39706136966265,0.7944875955581665,7,21,20,2,0.05590008440473855,5
SHC100,18198,trade_proclamation,trade_proclamation,C25,13720,word10|word5,0.061637572944164276,0.0389869287610054,277.17886400573644,0.7322588562965393,5,4,15,10,0.058628663003663005,3
