child_id,parent_id,document_type,child_date,parent_date,document_embedding_score,document_embedding_rank,operative_embedding_score,operative_embedding_rank,operative_alignments,same_ordering_phrase,same_ordering_phrase_rank,same_ordering_phrase_alignments,segment_word_trigram_tfidf_score,segment_word_trigram_rank,segment_word_trigram_alignments,segment_text_reuse_words,segment_text_reuse_rank,segment_text_reuse_alignments,rrf_k,rrf_score,rrf_rank,selected_top_10,qwen_full_operative_score,qwen_full_operative_rank,qwen_full_model_calls,qwen_matched_pairs_score,qwen_matched_pairs_rank,qwen_matched_pair_limit,qwen_matched_model_calls
1,13,memorandum,"January 21, 2021","June 05, 2008",0.4655061364173889,13,0.49788933992385864,6,"[[0, 3, 0.5331529378890991], [3, 2, 0.518212080001831], [1, 1, 0.5162203907966614], [3, 0, 0.502835214138031], [2, 1, 0.4241403341293335], [1, 4, 0.4188154339790344]]",True,1,"[[3, 4, [""shall provide""]]]",0.05326468491654764,1,"[[0, 3, 0.06005998868298652], [0, 1, 0.050875086052813115], [3, 3, 0.04885898001384329]]",6.666666666666667,2,"[[3, 0, 10.0], [3, 2, 10.0], [3, 3, 0.0]]",20,0.13153513153513152,1,True,7.368592923739925e-05,10,1,0.0009473090176470578,10,8,1
1,21,memorandum,"January 21, 2021","December 17, 2003",0.4472230076789856,21,0.5034821629524231,4,"[[0, 8, 0.6348099708557129], [1, 8, 0.5190030336380005], [1, 3, 0.5132923722267151], [3, 6, 0.4856705665588379], [1, 5, 0.48541954159736633], [0, 4, 0.484650582075119], [1, 1, 0.48204827308654785], [0, 7, 0.4594027101993561], [1, 9, 0.4520280063152313], [2, 8, 0.4502902030944824], [1, 2, 0.42740243673324585], [0, 0, 0.42048484086990356]]",True,1,"[[2, 0, [""shall develop""]], [2, 6, [""shall develop""]], [2, 7, [""shall develop""]], [2, 8, [""shall develop""]], [3, 9, [""shall provide""]]]",0.04185165462243732,4,"[[0, 1, 0.04804930329639425], [2, 0, 0.03952640760701895], [2, 1, 0.03797925296389875]]",0.0,4,"[[3, 7, 0.0], [3, 8, 0.0], [3, 9, 0.0]]",20,0.125,2,True,0.00040765260928310454,6,1,0.0031480705365538597,7,8,1
1,19,memorandum,"January 21, 2021","January 30, 2004",0.45194482803344727,19,0.5078766644001007,3,"[[3, 2, 0.6178429126739502], [3, 3, 0.533004641532898], [3, 5, 0.5312657356262207], [3, 1, 0.5219498872756958], [1, 5, 0.5108484029769897], [3, 0, 0.5080353021621704], [3, 4, 0.49149420857429504], [0, 8, 0.47854185104370117], [3, 6, 0.4497617483139038], [3, 7, 0.4384891390800476], [2, 2, 0.42449769377708435]]",True,1,"[[2, 1, [""shall develop""]], [2, 4, [""shall develop""]], [3, 6, [""develop a plan""]]]",0.03224221558136477,7,"[[0, 4, 0.03303344664539408], [0, 3, 0.031949061646942806], [2, 4, 0.03174413845175743]]",3.3333333333333335,3,"[[3, 5, 10.0], [3, 7, 0.0], [3, 8, 0.0]]",20,0.12399355877616747,3,True,0.0025114635936915874,3,1,0.00985985528677702,3,8,1
1,9053,memorandum,"January 21, 2021","September 18, 2018",0.5606457591056824,1,0.4960266649723053,9,"[[3, 0, 0.5551257729530334], [1, 1, 0.5364136099815369], [1, 11, 0.5225982666015625], [1, 19, 0.5133737921714783], [3, 21, 0.505244255065918], [0, 1, 0.5037058591842651], [1, 18, 0.4976322054862976], [1, 7, 0.49727559089660645], [3, 14, 0.4956318438053131], [1, 3, 0.48668166995048523], [1, 13, 0.4845660924911499], [1, 20, 0.48396819829940796], [1, 2, 0.47491949796676636], [1, 8, 0.4747089743614197], [1, 15, 0.473504900932312], [1, 9, 0.4712485074996948], [2, 9, 0.46577584743499756], [1, 4, 0.461040735244751], [1, 12, 0.4489748775959015], [1, 6, 0.43946200609207153], [1, 16, 0.4354006350040436], [1, 5, 0.43376582860946655], [1, 17, 0.431850403547287], [0, 10, 0.36617082357406616]]",True,1,"[[1, 9, [""shall identify""]], [1, 11, [""shall identify""]], [2, 18, [""shall develop""]], [3, 12, [""shall provide""]]]",0.04689284790133109,3,"[[2, 6, 0.048284664138430855], [0, 11, 0.047507357728671616], [0, 6, 0.0448865218368908]]",3.3333333333333335,3,"[[0, 11, 10.0], [3, 19, 0.0], [3, 21, 0.0]]",20,0.12143928035982009,4,True,0.17217186093330383,1,1,0.03185885772109032,2,8,1
1,16,memorandum,"January 21, 2021","January 31, 2007",0.5359107255935669,2,0.5499264895915985,1,"[[1, 3, 0.6257996559143066], [1, 8, 0.5756522417068481], [0, 1, 0.5756180882453918], [3, 15, 0.5754783153533936], [1, 9, 0.5677568316459656], [3, 12, 0.5390288233757019], [0, 5, 0.5327061414718628], [1, 14, 0.532563328742981], [1, 2, 0.531329870223999], [1, 7, 0.5162766575813293], [2, 1, 0.5104270577430725], [1, 6, 0.5028420686721802], [1, 11, 0.4923052191734314], [1, 4, 0.47984689474105835], [1, 10, 0.4773930609226227], [3, 13, 0.4668164849281311], [3, 0, 0.45694273710250854]]",True,1,"[[2, 6, [""shall develop""]], [2, 12, [""shall develop""]], [2, 15, [""shall develop""]], [3, 7, [""shall provide""]]]",0.018017591671793343,13,"[[3, 13, 0.01969284919575294], [0, 13, 0.019007652546272607], [1, 15, 0.015352273273354481]]",0.0,4,"[[3, 13, 0.0], [3, 14, 0.0], [3, 15, 0.0]]",20,0.11958874458874458,5,True,0.0023413405288010836,4,1,0.008916126564145088,4,8,1
1,8901,memorandum,"January 21, 2021","January 14, 2021",0.4660067856311798,12,0.4447435736656189,22,"[[3, 1, 0.5374472141265869], [0, 16, 0.47583383321762085], [1, 1, 0.46987074613571167], [1, 9, 0.4530041813850403], [0, 12, 0.4507206976413727], [1, 13, 0.44840121269226074], [1, 7, 0.44353896379470825], [3, 14, 0.441420316696167], [1, 15, 0.42378687858581543], [2, 1, 0.42021340131759644], [1, 10, 0.41536736488342285], [3, 2, 0.4074944853782654], [1, 11, 0.4067099094390869], [1, 0, 0.36969274282455444], [1, 5, 0.366089791059494], [1, 3, 0.3579508066177368], [1, 8, 0.3573214113712311], [1, 4, 0.35105201601982117], [3, 6, 0.32614725828170776]]",True,1,"[[2, 2, [""shall develop""]], [3, 12, [""shall provide""]]]",0.05181948813448234,2,"[[0, 9, 0.06194878452961664], [3, 15, 0.049217525935419], [2, 15, 0.04429215393841136]]",3.3333333333333335,3,"[[0, 9, 10.0], [3, 14, 0.0], [3, 16, 0.0]]",20,0.11274233013363448,6,True,0.00025662482221378013,8,2,0.0050211502239108086,5,8,1
1,20,memorandum,"January 21, 2021","December 17, 2003",0.48906075954437256,9,0.48004482686519623,13,"[[3, 10, 0.5613352656364441], [0, 8, 0.5249192118644714], [1, 8, 0.515476644039154], [1, 0, 0.5006077885627747], [0, 6, 0.48698335886001587], [3, 4, 0.48510661721229553], [0, 11, 0.4769999384880066], [3, 12, 0.4612256586551666], [3, 2, 0.45440566539764404], [1, 9, 0.43606650829315186], [3, 13, 0.4322468638420105], [3, 5, 0.4227813482284546], [3, 1, 0.41775357723236084], [1, 3, 0.4159327745437622], [2, 8, 0.40008705854415894], [1, 7, 0.35852760076522827]]",True,1,"[[2, 8, [""shall develop""]], [2, 11, [""shall develop""]], [3, 9, [""shall provide""]]]",0.03471657276980138,6,"[[0, 11, 0.04279957451786713], [0, 8, 0.03651158083662469], [3, 11, 0.024838562954912335]]",3.3333333333333335,3,"[[3, 6, 10.0], [3, 11, 0.0], [3, 13, 0.0]]",20,0.11224282963413398,7,True,0.00034599160426296294,7,1,0.0034296035300940275,6,8,1
1,8974,memorandum,"January 21, 2021","March 13, 2020",0.4433116912841797,24,0.5165998935699463,2,"[[1, 0, 0.5630866289138794], [0, 0, 0.5537230372428894], [1, 1, 0.4931517243385315], [2, 0, 0.4611264169216156], [3, 0, 0.4423863887786865]]",False,2,[],0.011466080637837642,20,"[[2, 0, 0.0138324307475952], [0, 0, 0.011994774242393251], [3, 0, 0.00857103692352448]]",0.0,4,"[[2, 1, 0.0], [3, 0, 0.0], [3, 1, 0.0]]",20,0.11212121212121212,8,True,0.011072160676121712,2,1,0.10970577597618103,1,8,1
1,9262,memorandum,"January 21, 2021","February 25, 2015",0.44840550422668457,20,0.4743059128522873,15,"[[3, 1, 0.5882045030593872], [3, 0, 0.5278545618057251], [1, 3, 0.47408348321914673], [3, 2, 0.44783079624176025], [0, 3, 0.4386783838272095], [2, 3, 0.3763907551765442], [1, 4, 0.3583894968032837]]",True,1,"[[3, 2, [""shall provide""]], [3, 3, [""shall provide""]]]",0.038675460272693404,5,"[[2, 3, 0.04424199988266267], [3, 3, 0.04021934268141312], [0, 3, 0.03156503825400443]]",3.3333333333333335,3,"[[3, 3, 10.0], [3, 2, 0.0], [3, 4, 0.0]]",20,0.11204968944099379,9,True,0.000118667958304286,9,1,0.0023967307060956955,8,8,1
1,23,memorandum,"January 21, 2021","February 28, 2003",0.45565861463546753,18,0.4688388407230377,17,"[[0, 8, 0.5117653012275696], [1, 3, 0.5036967992782593], [3, 8, 0.499015212059021], [0, 7, 0.49699193239212036], [3, 17, 0.4904221296310425], [0, 10, 0.48950785398483276], [0, 1, 0.48869821429252625], [0, 6, 0.4874199628829956], [0, 0, 0.4647570848464966], [3, 14, 0.45133569836616516], [1, 15, 0.45008236169815063], [1, 5, 0.4495806097984314], [1, 2, 0.44798973202705383], [1, 12, 0.43989962339401245], [0, 9, 0.43336454033851624], [1, 4, 0.4310944974422455], [2, 1, 0.41006290912628174], [3, 13, 0.408624529838562], [3, 16, 0.40177121758461], [0, 11, 0.3707650303840637]]",True,1,"[[2, 6, [""shall develop""]], [2, 7, [""shall develop""]], [2, 12, [""shall develop""]], [3, 5, [""shall provide""]], [3, 9, [""shall provide""]]]",0.027237326117818126,8,"[[3, 3, 0.029255777212855827], [3, 5, 0.02911057369925255], [3, 8, 0.023345627441346013]]",7.0,1,"[[3, 8, 11.0], [2, 13, 10.0], [3, 17, 0.0]]",20,0.11036036036036036,10,True,0.001972335623577237,5,1,0.0018675659084692597,9,8,1
2,9063,memorandum,"January 15, 2021","May 24, 2018",0.5791825652122498,3,0.4614126533269882,9,"[[1, 3, 0.5836631655693054], [6, 3, 0.5309788584709167], [1, 2, 0.5286104083061218], [2, 2, 0.4856276512145996], [6, 0, 0.4820888936519623], [3, 2, 0.4534481167793274], [0, 1, 0.3587452471256256], [4, 2, 0.33691176772117615], [5, 2, 0.292463481426239]]",True,1,"[[6, 3, [""shall provide""]]]",0.08515589624471587,1,"[[1, 3, 0.12044679083497319], [6, 2, 0.07567546696923232], [6, 0, 0.0593454309299421]]",19.0,1,"[[6, 0, 27.0], [6, 2, 20.0], [1, 3, 10.0]]",20,0.1297208538587849,1,True,0.0035380860790610313,3,1,0.029579601250588894,2,8,2
2,8908,memorandum,"January 15, 2021","December 09, 2020",0.7740744948387146,1,0.49796758592128754,4,"[[6, 1, 0.6959154605865479], [6, 2, 0.6015520095825195], [1, 1, 0.5951521992683411], [6, 0, 0.5722635984420776], [6, 3, 0.5557165145874023], [6, 5, 0.5466837286949158], [6, 4, 0.5263699293136597], [2, 0, 0.40604472160339355], [3, 4, 0.3798869848251343], [4, 4, 0.32285046577453613], [5, 4, 0.3073141276836395], [0, 5, 0.1827974170446396]]",True,1,"[[4, 3, [""shall determine""]], [6, 5, [""shall provide""]]]",0.04597143567832218,2,"[[1, 1, 0.05821680448646051], [1, 0, 0.04004225894330523], [6, 2, 0.039655243605200806]]",3.3333333333333335,5,"[[6, 2, 10.0], [6, 4, 0.0], [6, 5, 0.0]]",20,0.12712121212121213,2,True,0.427657812833786,1,2,0.7347689867019653,1,8,18
2,9862,memorandum,"January 15, 2021","November 29, 2004",0.5221704244613647,11,0.46661949157714844,7,"[[1, 0, 0.5320432782173157], [1, 4, 0.5318272113800049], [1, 8, 0.5089162588119507], [1, 7, 0.5068491697311401], [2, 4, 0.4950016736984253], [6, 4, 0.4833050072193146], [1, 11, 0.48130571842193604], [1, 2, 0.47932472825050354], [1, 3, 0.47451427578926086], [1, 6, 0.46578091382980347], [1, 5, 0.4624880850315094], [3, 0, 0.4611086845397949], [4, 2, 0.4592427611351013], [1, 9, 0.4559508264064789], [6, 10, 0.4526407718658447], [4, 1, 0.4333353042602539], [5, 12, 0.39426133036613464], [0, 4, 0.3804280757904053]]",True,1,"[[6, 2, [""shall provide""]], [6, 4, [""shall provide""]], [6, 5, [""shall provide""]], [6, 9, [""shall provide""]], [6, 10, [""shall provide""]]]",0.03759985216727568,3,"[[6, 6, 0.04555849033246773], [1, 10, 0.03656085823241518], [1, 6, 0.030680207936944155]]",6.666666666666667,2,"[[1, 6, 10.0], [1, 10, 10.0], [6, 12, 0.0]]",20,0.1259698433611477,3,True,0.0020190137438476086,5,1,0.0006124326318968087,9,8,2
2,9135,memorandum,"January 15, 2021","January 28, 2017",0.5053974390029907,19,0.5051268339157104,2,"[[1, 8, 0.5510972142219543], [3, 9, 0.538982629776001], [1, 0, 0.529796302318573], [1, 7, 0.5294625759124756], [2, 9, 0.5253095626831055], [3, 5, 0.5124484300613403], [1, 6, 0.5007597208023071], [2, 4, 0.5003127455711365], [1, 3, 0.480124831199646], [5, 9, 0.47733044624328613], [3, 1, 0.47514230012893677], [6, 8, 0.47511026263237], [4, 9, 0.47306784987449646], [3, 2, 0.47095948457717896], [0, 4, 0.4685172140598297]]",True,1,"[[4, 2, [""shall determine""]], [4, 4, [""shall determine""]], [5, 1, [""shall perform""]], [6, 8, [""shall provide""]]]",0.03374060743651777,5,"[[4, 4, 0.04633161020012012], [1, 3, 0.03143120149912417], [4, 2, 0.02345901061030903]]",0.0,6,"[[6, 7, 0.0], [6, 8, 0.0], [6, 9, 0.0]]",20,0.12391608391608391,4,True,0.0012943679466843605,7,1,0.005598248448222876,3,8,1
2,9060,memorandum,"January 15, 2021","June 18, 2018",0.68773353099823,2,0.5136015713214874,1,"[[6, 5, 0.6209390759468079], [1, 5, 0.5858590602874756], [6, 3, 0.5611749291419983], [1, 0, 0.555425763130188], [1, 1, 0.5525118112564087], [6, 4, 0.5358827114105225], [2, 5, 0.5282964110374451], [3, 5, 0.4678901731967926], [6, 2, 0.4475582540035248], [5, 2, 0.4312331974506378], [4, 2, 0.3997606039047241], [0, 2, 0.33736875653266907]]",False,2,[],0.027246946993790985,7,"[[6, 3, 0.03459832934846196], [6, 5, 0.025893622220214425], [6, 4, 0.021248889412696564]]",0.0,6,"[[6, 3, 0.0], [6, 4, 0.0], [6, 5, 0.0]]",20,0.12311762311762312,5,True,0.010328153148293495,2,1,0.0022687650052830577,5,8,3
2,10275,memorandum,"January 15, 2021","May 19, 1999",0.5232725143432617,10,0.4522703289985657,12,"[[6, 0, 0.5060828328132629], [1, 0, 0.502321720123291], [2, 0, 0.4938823878765106], [1, 1, 0.4775394797325134], [3, 0, 0.45433080196380615], [2, 2, 0.4253108501434326], [5, 2, 0.39349856972694397], [4, 0, 0.36317500472068787], [0, 1, 0.33098241686820984]]",False,2,[],0.03534213823517234,4,"[[6, 0, 0.07396152496830613], [1, 0, 0.025054560040793428], [6, 2, 0.007010329696417457]]",6.666666666666667,2,"[[6, 0, 20.0], [6, 1, 0.0], [6, 2, 0.0]]",20,0.11837121212121213,6,True,0.0020190137438476086,6,1,0.0009850083151832223,6,8,1
2,9025,memorandum,"January 15, 2021","February 19, 2019",0.5538107752799988,5,0.49899281561374664,3,"[[1, 6, 0.6360857486724854], [6, 4, 0.548487663269043], [3, 6, 0.5409242510795593], [2, 6, 0.5199201703071594], [1, 1, 0.4985959529876709], [1, 3, 0.4951576590538025], [1, 5, 0.46028953790664673], [1, 0, 0.4586748480796814], [1, 2, 0.449312299489975], [4, 6, 0.4305403232574463], [5, 6, 0.3978385925292969], [0, 6, 0.3654990494251251]]",True,1,"[[6, 5, [""shall provide""]]]",0.02657327864260728,9,"[[1, 6, 0.032704882330779304], [6, 6, 0.024020120405597475], [6, 1, 0.022994833191445064]]",0.0,6,"[[6, 4, 0.0], [6, 5, 0.0], [6, 6, 0.0]]",20,0.11642255795179333,7,True,0.0003799845289904624,10,1,0.000766322627896443,7,8,2
2,9128,memorandum,"January 15, 2021","April 04, 2017",0.5065338015556335,18,0.494223415851593,5,"[[1, 7, 0.5510972142219543], [3, 8, 0.5309752225875854], [1, 6, 0.5294625759124756], [2, 8, 0.5155048370361328], [3, 4, 0.5086089372634888], [1, 0, 0.5059934258460999], [1, 5, 0.5007597208023071], [3, 1, 0.48002636432647705], [5, 8, 0.4760223627090454], [6, 7, 0.47511026263237], [3, 3, 0.46263450384140015], [1, 2, 0.45827293395996094], [4, 8, 0.4538978040218353], [1, 9, 0.4512863755226135], [0, 4, 0.4311380088329315]]",True,1,"[[4, 1, [""shall determine""]], [4, 3, [""shall determine""]], [6, 7, [""shall provide""]]]",0.02690802001234933,8,"[[1, 2, 0.028608115655309338], [4, 1, 0.026590426376789482], [4, 3, 0.025525518004949177]]",0.0,6,"[[6, 7, 0.0], [6, 8, 0.0], [6, 9, 0.0]]",20,0.11417582417582417,8,True,0.0025509123224765062,4,1,0.004007288720458746,4,8,1
2,8994,memorandum,"January 15, 2021","August 20, 2019",0.5599616169929504,4,0.4565165489912033,10,"[[6, 15, 0.5423640608787537], [1, 3, 0.5309810042381287], [1, 9, 0.5182112455368042], [1, 2, 0.5156330466270447], [6, 1, 0.5153534412384033], [6, 0, 0.5036924481391907], [1, 11, 0.49954983592033386], [6, 7, 0.4916670024394989], [6, 14, 0.4857518672943115], [6, 5, 0.47411584854125977], [1, 8, 0.4655207097530365], [6, 12, 0.46379318833351135], [2, 3, 0.45634016394615173], [6, 4, 0.45028963685035706], [3, 8, 0.44462212920188904], [6, 13, 0.44032031297683716], [6, 10, 0.4029303789138794], [1, 6, 0.3986021876335144], [4, 6, 0.37151777744293213], [5, 15, 0.3451606333255768], [0, 14, 0.33203113079071045]]",True,1,"[[2, 3, [""shall seek""]], [2, 4, [""shall seek""]], [6, 13, [""shall provide""]], [6, 14, [""shall provide""]], [6, 15, [""shall provide""]]]",0.028550194402768746,6,"[[6, 10, 0.034364304639008206], [6, 11, 0.026691036022967348], [6, 5, 0.02459524254633068]]",3.6666666666666665,4,"[[6, 5, 11.0], [6, 13, 0.0], [6, 15, 0.0]]",20,0.11346153846153846,9,True,0.0005316133028827608,9,1,0.0006214066088432446,8,8,4
2,11181,memorandum,"January 15, 2021","October 27, 1986",0.49200239777565,22,0.4775536507368088,6,"[[2, 2, 0.5138489007949829], [5, 2, 0.49720466136932373], [3, 2, 0.49667230248451233], [6, 1, 0.49348029494285583], [4, 2, 0.47225385904312134], [5, 3, 0.4666111469268799], [6, 0, 0.4504352807998657], [1, 3, 0.44323980808258057], [0, 2, 0.40139394998550415]]",False,2,[],0.022914221650136693,15,"[[6, 1, 0.03698950217452921], [6, 0, 0.016159821532681442], [6, 3, 0.015593341243199426]]",0.0,6,"[[6, 1, 0.0], [6, 2, 0.0], [6, 3, 0.0]]",20,0.1054945054945055,10,True,0.000693242356646806,8,1,0.0003258223587181419,10,8,2
4,20,memorandum,"July 26, 2016","December 17, 2003",0.541607677936554,1,0.5340214967727661,1,"[[15, 8, 0.6256944537162781], [16, 2, 0.604942798614502], [3, 13, 0.6031981706619263], [16, 4, 0.5976980924606323], [14, 13, 0.5927987098693848], [14, 12, 0.5836306810379028], [15, 11, 0.56447833776474], [16, 3, 0.5528901815414429], [16, 0, 0.5524901747703552], [11, 13, 0.5498993396759033], [0, 2, 0.546062707901001], [15, 6, 0.5409230589866638], [6, 13, 0.5337707996368408], [1, 8, 0.5304460525512695], [16, 10, 0.5259132981300354], [2, 2, 0.5255939364433289], [13, 13, 0.5088707804679871], [15, 1, 0.5053791999816895], [10, 1, 0.4990904629230499], [7, 4, 0.4893380403518677], [8, 4, 0.4885184168815613], [15, 5, 0.472732275724411], [15, 9, 0.46790313720703125], [12, 12, 0.46483778953552246], [5, 10, 0.457565575838089], [9, 13, 0.45527324080467224], [4, 2, 0.4545242488384247], [1, 7, 0.400260329246521]]",True,1,"[[1, 9, [""shall provide""]], [2, 9, [""shall provide""]], [6, 8, [""shall develop""]], [6, 11, [""shall develop""]], [10, 1, [""shall coordinate""]], [10, 2, [""shall coordinate""]], [13, 13, [""shall submit""]], [14, 13, [""shall submit""]]]",0.09042706525995348,2,"[[3, 13, 0.10296912300184113], [14, 13, 0.1008461394562115], [3, 12, 0.06746593332180777]]",0.0,3,"[[16, 11, 0.0], [16, 12, 0.0], [16, 13, 0.0]]",20,0.13655185394315827,1,True,0.08151975274085999,3,1,0.9124361872673035,1,8,1
4,15,memorandum,"July 26, 2016","May 04, 2007",0.5088268518447876,3,0.5190490186214447,2,"[[15, 3, 0.6247350573539734], [14, 3, 0.6030663847923279], [16, 4, 0.5875023603439331], [1, 9, 0.5852357149124146], [13, 3, 0.5500530004501343], [3, 3, 0.544761061668396], [15, 7, 0.5433909893035889], [2, 3, 0.5252299904823303], [15, 6, 0.516353189945221], [7, 4, 0.51634681224823], [8, 4, 0.5127995610237122], [3, 1, 0.5086721181869507], [1, 2, 0.4993200898170471], [4, 4, 0.48813387751579285], [0, 4, 0.4876762628555298], [10, 3, 0.48644113540649414], [9, 9, 0.478898823261261], [15, 5, 0.47651582956314087], [11, 3, 0.4695124328136444], [5, 3, 0.4672045111656189], [12, 3, 0.4656764268875122], [3, 0, 0.4632837176322937], [15, 10, 0.4541727900505066], [6, 3, 0.45064809918403625], [3, 8, 0.43735867738723755]]",True,1,"[[1, 7, [""shall provide""]], [2, 7, [""shall provide""]], [4, 4, [""shall ensure""]], [4, 9, [""shall ensure""]], [10, 1, [""shall coordinate""]], [10, 5, [""shall coordinate""]], [15, 4, [""shall ensure""]], [15, 9, [""shall ensure""]]]",0.08007748217870869,4,"[[3, 0, 0.09320007640113998], [14, 0, 0.09127850784852148], [15, 3, 0.05575386228646463]]",10.0,2,"[[0, 0, 10.0], [13, 0, 10.0], [14, 0, 10.0]]",20,0.13257575757575757,2,True,0.0019117692718282342,5,1,0.027585284784436226,3,8,1
4,23,memorandum,"July 26, 2016","February 28, 2003",0.5410058498382568,2,0.509277731180191,3,"[[2, 1, 0.5670003294944763], [16, 1, 0.5520744919776917], [14, 7, 0.5476447343826294], [15, 7, 0.5454051494598389], [1, 9, 0.5386537313461304], [3, 13, 0.5345832109451294], [14, 10, 0.523459255695343], [2, 6, 0.521875262260437], [3, 14, 0.5215213298797607], [15, 17, 0.5206751227378845], [12, 6, 0.5154911875724792], [14, 8, 0.5151349306106567], [7, 2, 0.5111503601074219], [16, 3, 0.5094349980354309], [5, 1, 0.5083560943603516], [8, 1, 0.504295825958252], [1, 11, 0.5017130970954895], [0, 1, 0.49950891733169556], [2, 0, 0.4993523359298706], [15, 15, 0.49307897686958313], [9, 13, 0.49288296699523926], [15, 4, 0.48761725425720215], [15, 5, 0.4874925911426544], [15, 16, 0.48536279797554016], [15, 12, 0.4751308858394623], [11, 11, 0.46921437978744507], [13, 3, 0.46405887603759766], [4, 1, 0.4546321928501129], [6, 10, 0.44637539982795715], [10, 2, 0.4366166591644287]]",True,1,"[[1, 5, [""shall provide""]], [1, 9, [""shall provide""]], [2, 5, [""shall provide""]], [2, 9, [""shall provide""]], [4, 4, [""shall ensure""]], [6, 6, [""shall develop""]], [6, 7, [""shall develop""]], [6, 12, [""shall develop""]], [10, 1, [""shall coordinate""]], [11, 11, [""shall make""]], [15, 4, [""shall ensure""]]]",0.08759061640514326,3,"[[3, 3, 0.09583016130247864], [14, 3, 0.09385436652352769], [16, 5, 0.07308732138942348]]",0.0,3,"[[0, 0, 0.0], [16, 16, 0.0], [16, 17, 0.0]]",20,0.13043478260869565,3,True,0.10521053522825241,1,1,0.0037362207658588886,5,8,1
4,26,memorandum,"July 26, 2016","October 29, 2001",0.44698280096054077,6,0.4773978143930435,9,"[[15, 5, 0.5443487167358398], [15, 10, 0.5296721458435059], [15, 6, 0.5278770923614502], [15, 0, 0.5174320340156555], [15, 9, 0.5134420394897461], [3, 5, 0.5125319361686707], [16, 7, 0.5006201863288879], [15, 1, 0.49415600299835205], [15, 3, 0.4931739866733551], [7, 7, 0.4927119016647339], [9, 10, 0.48678863048553467], [13, 7, 0.48243024945259094], [14, 10, 0.48153287172317505], [1, 8, 0.47158533334732056], [8, 7, 0.46554720401763916], [0, 10, 0.45605018734931946], [6, 5, 0.4531444311141968], [10, 7, 0.43791598081588745], [5, 7, 0.432809054851532], [4, 10, 0.4292846918106079], [15, 2, 0.4186912477016449], [11, 7, 0.41589733958244324], [2, 10, 0.4037351906299591], [15, 4, 0.4025135040283203], [12, 8, 0.398254930973053]]",True,1,"[[1, 8, [""shall provide""]], [2, 8, [""shall provide""]], [4, 0, [""shall ensure""]], [4, 2, [""shall ensure""]], [4, 5, [""shall ensure""]], [10, 6, [""shall coordinate""]], [10, 7, [""shall coordinate""]], [15, 0, [""shall ensure""]], [15, 2, [""shall ensure""]], [15, 5, [""shall ensure""]]]",0.0906070919656643,1,"[[14, 1, 0.09478829098744819], [14, 0, 0.09021790542912232], [3, 1, 0.08681507948042241]]",0.0,3,"[[16, 8, 0.0], [16, 9, 0.0], [16, 10, 0.0]]",20,0.12558006710930247,4,True,0.0832919329404831,2,1,0.06608537584543228,2,8,1
4,21,memorandum,"July 26, 2016","December 17, 2003",0.44891077280044556,5,0.5086615234613419,4,"[[15, 8, 0.612736701965332], [1, 3, 0.5974867343902588], [1, 1, 0.5923095941543579], [16, 3, 0.5454524159431458], [11, 4, 0.5339072346687317], [15, 5, 0.5332313776016235], [8, 3, 0.5319731831550598], [14, 8, 0.5195274949073792], [12, 5, 0.5135807991027832], [12, 6, 0.49550336599349976], [16, 7, 0.49403515458106995], [14, 9, 0.48232144117355347], [7, 1, 0.4737406075000763], [10, 8, 0.4736138582229614], [16, 0, 0.46892687678337097], [4, 7, 0.4666128158569336], [13, 8, 0.4555628299713135], [6, 8, 0.4543396830558777], [2, 1, 0.45239776372909546], [3, 3, 0.4484216570854187], [8, 2, 0.4429793059825897], [5, 8, 0.43404990434646606], [0, 7, 0.42975035309791565], [9, 4, 0.42049381136894226]]",True,1,"[[1, 9, [""shall provide""]], [2, 9, [""shall provide""]], [6, 0, [""shall develop""]], [6, 6, [""shall develop""]], [6, 7, [""shall develop""]], [6, 8, [""shall develop""]], [10, 1, [""shall coordinate""]], [10, 3, [""shall coordinate""]]]",0.039771560802982664,9,"[[16, 6, 0.040049637496512414], [3, 9, 0.04004534332169966], [14, 9, 0.03921970159073592]]",0.0,3,"[[16, 7, 0.0], [16, 8, 0.0], [16, 9, 0.0]]",20,0.11962768615692154,5,True,0.0008426422718912363,7,1,0.0011073390487581491,8,8,1
4,9197,memorandum,"July 26, 2016","March 21, 2016",0.4399977922439575,8,0.4797212481498718,8,"[[16, 6, 0.5724266171455383], [16, 14, 0.5521811842918396], [8, 14, 0.5453519821166992], [1, 14, 0.5312424898147583], [16, 15, 0.5231772065162659], [7, 14, 0.5176270604133606], [16, 2, 0.5165911316871643], [14, 11, 0.5153849124908447], [16, 9, 0.5047756433486938], [16, 4, 0.49648627638816833], [16, 1, 0.49487507343292236], [16, 13, 0.492912232875824], [6, 11, 0.48878663778305054], [16, 5, 0.4815692901611328], [2, 6, 0.4789833426475525], [15, 4, 0.4744647443294525], [5, 11, 0.47326186299324036], [4, 14, 0.46968337893486023], [16, 0, 0.46912527084350586], [13, 11, 0.4675515592098236], [11, 11, 0.4669424891471863], [12, 11, 0.45958027243614197], [14, 12, 0.4584745168685913], [10, 4, 0.45617175102233887], [1, 3, 0.4412614405155182], [3, 12, 0.4378511607646942], [0, 6, 0.42913034558296204], [16, 7, 0.40619009733200073], [3, 10, 0.38577955961227417], [9, 13, 0.3683801591396332], [1, 8, 0.36662620306015015]]",True,1,"[[1, 10, [""shall provide""]], [1, 12, [""shall provide""]], [2, 10, [""shall provide""]], [2, 12, [""shall provide""]], [10, 4, [""shall coordinate""]], [10, 5, [""shall coordinate""]], [10, 6, [""shall coordinate""]], [10, 7, [""shall coordinate""]], [10, 8, [""shall coordinate""]], [10, 9, [""shall coordinate""]], [10, 15, [""shall coordinate""]]]",0.05007563665248952,7,"[[11, 11, 0.07348028067445184], [10, 5, 0.046360782461399824], [3, 10, 0.030385846821616894]]",0.0,3,"[[0, 0, 0.0], [16, 14, 0.0], [16, 15, 0.0]]",20,0.11622958362088796,6,True,0.00036686257226392627,9,1,0.00023597176186740398,10,8,1
4,10491,memorandum,"July 26, 2016","September 09, 1996",0.4611915647983551,4,0.49166758358478546,6,"[[1, 1, 0.523200511932373], [8, 1, 0.5139236450195312], [16, 1, 0.5085185170173645], [5, 1, 0.5083585977554321], [11, 1, 0.5064012408256531], [7, 1, 0.5018478035926819], [15, 1, 0.4964601993560791], [1, 0, 0.49517542123794556], [2, 1, 0.4860808849334717], [3, 1, 0.4834149479866028], [14, 1, 0.46952536702156067], [6, 1, 0.46364426612854004], [10, 1, 0.4556311368942261], [13, 1, 0.4485549330711365], [12, 1, 0.43726155161857605], [4, 1, 0.42577430605888367], [0, 1, 0.4210977852344513], [9, 1, 0.41080814599990845]]",False,2,[],0.02941522672578124,11,"[[11, 1, 0.042215953226862585], [10, 1, 0.025397042937211945], [6, 1, 0.020632684013269183]]",0.0,3,"[[15, 1, 0.0], [16, 0, 0.0], [16, 1, 0.0]]",20,0.11419786384723271,7,True,0.00025714197545312345,10,1,0.0010649627074599266,9,8,1
4,9262,memorandum,"July 26, 2016","February 25, 2015",0.429862916469574,11,0.4545493870973587,17,"[[14, 3, 0.5461888909339905], [13, 3, 0.5071389675140381], [15, 3, 0.49336934089660645], [2, 1, 0.48696595430374146], [2, 0, 0.4778177738189697], [3, 3, 0.46963992714881897], [16, 0, 0.456260085105896], [0, 1, 0.4547835886478424], [6, 3, 0.44638732075691223], [5, 0, 0.43991321325302124], [12, 1, 0.4362443685531616], [7, 0, 0.435657262802124], [9, 0, 0.4230279326438904], [11, 3, 0.4195842146873474], [8, 0, 0.41009247303009033], [14, 2, 0.40695619583129883], [4, 0, 0.39962583780288696], [1, 3, 0.39826011657714844], [15, 4, 0.3940877914428711], [10, 0, 0.3706832528114319]]",True,1,"[[1, 2, [""shall provide""]], [1, 3, [""shall provide""]], [2, 2, [""shall provide""]], [2, 3, [""shall provide""]], [4, 4, [""shall ensure""]], [15, 4, [""shall ensure""]]]",0.07303157375003172,5,"[[14, 3, 0.10171603133864003], [3, 3, 0.07296100916933734], [13, 3, 0.04441768074211778]]",10.0,2,"[[0, 3, 10.0], [13, 3, 10.0], [14, 3, 10.0]]",20,0.11248157248157248,8,True,0.004297938663512468,4,1,0.004792316816747189,4,8,1
4,9786,memorandum,"July 26, 2016","December 16, 2005",0.41964301466941833,14,0.45103132724761963,18,"[[14, 7, 0.5696541666984558], [15, 7, 0.5242967009544373], [15, 9, 0.5031582713127136], [1, 13, 0.49975821375846863], [15, 1, 0.49503523111343384], [6, 7, 0.49360233545303345], [13, 7, 0.49207377433776855], [15, 5, 0.47080785036087036], [3, 7, 0.46858638525009155], [15, 8, 0.46435511112213135], [15, 3, 0.4596564769744873], [7, 9, 0.455049604177475], [2, 1, 0.4543168544769287], [5, 1, 0.45364469289779663], [7, 0, 0.4491115212440491], [15, 10, 0.4488835334777832], [15, 12, 0.4401080012321472], [11, 1, 0.4371771216392517], [12, 3, 0.4320574402809143], [8, 1, 0.42695897817611694], [15, 11, 0.4248039722442627], [16, 1, 0.42472919821739197], [9, 8, 0.42300909757614136], [1, 15, 0.41322025656700134], [15, 4, 0.405793696641922], [10, 1, 0.40385085344314575], [15, 6, 0.3989515006542206], [1, 14, 0.39597365260124207], [0, 1, 0.38076257705688477], [4, 15, 0.3654837906360626], [15, 2, 0.3419550359249115]]",True,1,"[[1, 6, [""shall provide""]], [2, 6, [""shall provide""]], [4, 9, [""shall ensure""]], [4, 11, [""shall ensure""]], [6, 5, [""shall develop""]], [7, 3, [""shall identify""]], [8, 3, [""shall identify""]], [9, 3, [""shall identify""]], [12, 3, [""shall identify""]], [13, 7, [""shall submit""]], [13, 8, [""shall submit""]], [14, 7, [""shall submit""]], [14, 8, [""shall submit""]], [15, 9, [""shall ensure""]], [15, 11, [""shall ensure""]]]",0.049075189514879956,8,"[[3, 3, 0.050744784365976965], [14, 3, 0.04874433504916509], [8, 14, 0.0477364491294978]]",11.0,1,"[[3, 3, 11.0], [13, 3, 11.0], [14, 3, 11.0]]",20,0.10964912280701754,9,True,0.000661517377011478,8,1,0.0015129382954910398,6,8,1
4,9865,memorandum,"July 26, 2016","November 18, 2004",0.40964335203170776,19,0.4262716472148895,21,"[[1, 2, 0.4878876805305481], [13, 2, 0.47497308254241943], [14, 2, 0.46519988775253296], [15, 2, 0.46172696352005005], [8, 0, 0.4598376154899597], [16, 2, 0.45807307958602905], [7, 2, 0.4486764073371887], [2, 2, 0.444685697555542], [14, 3, 0.42195186018943787], [11, 3, 0.418662965297699], [3, 2, 0.41513389348983765], [5, 0, 0.4079551100730896], [11, 1, 0.4027272164821625], [15, 4, 0.39430588483810425], [12, 3, 0.38693106174468994], [6, 0, 0.38499677181243896], [4, 0, 0.3835779130458832], [0, 2, 0.3462226688861847], [9, 3, 0.3426932096481323], [10, 3, 0.3391872048377991]]",False,2,[],0.07104368437961352,6,"[[14, 2, 0.07346163384112822], [14, 3, 0.07307074397063806], [3, 3, 0.0665986753270743]]",10.0,2,"[[3, 2, 10.0], [13, 2, 10.0], [14, 2, 10.0]]",20,0.10830632781852295,10,True,0.0010403185151517391,6,1,0.001367025775834918,7,8,1
5,23,memorandum,"July 26, 2016","February 28, 2003",0.6122456192970276,2,0.5031102746725082,1,"[[2, 1, 0.5802972316741943], [0, 3, 0.5478329658508301], [1, 1, 0.5392799377441406], [2, 0, 0.5110920071601868], [2, 9, 0.49539050459861755], [0, 6, 0.4939568340778351], [0, 2, 0.4857751131057739], [0, 8, 0.47049134969711304], [0, 13, 0.44137680530548096], [0, 10, 0.4389399588108063], [0, 12, 0.4248042106628418], [0, 7, 0.4236338436603546], [0, 14, 0.42056065797805786], [2, 17, 0.4189260005950928], [2, 4, 0.4144517481327057], [0, 11, 0.41396987438201904], [0, 16, 0.3841182589530945], [0, 15, 0.38095784187316895], [0, 5, 0.36093443632125854]]",True,1,"[[0, 1, [""shall coordinate""]], [1, 0, [""shall establish""]], [1, 2, [""shall establish""]], [1, 3, [""shall establish""]], [2, 4, [""shall ensure""]]]",0.04965477958298956,4,"[[0, 3, 0.0669373387703767], [0, 4, 0.04313042740646101], [0, 10, 0.03889657257213096]]",0.0,4,"[[2, 15, 0.0], [2, 16, 0.0], [2, 17, 0.0]]",20,0.13095238095238093,1,True,0.08570927381515503,1,1,0.007636216469109058,6,8,1
5,6,memorandum,"July 26, 2016","June 24, 2015",0.44654417037963867,11,0.46199172735214233,8,"[[0, 5, 0.5397263765335083], [0, 8, 0.5063997507095337], [2, 3, 0.48269593715667725], [0, 20, 0.46967440843582153], [2, 17, 0.4674015939235687], [2, 19, 0.4634014964103699], [0, 9, 0.4625813663005829], [1, 8, 0.4564671814441681], [2, 13, 0.45459991693496704], [2, 15, 0.4441151022911072], [2, 6, 0.4333644509315491], [2, 16, 0.4296048581600189], [2, 10, 0.4292506277561188], [0, 2, 0.42731669545173645], [2, 12, 0.42292892932891846], [2, 4, 0.4099031090736389], [2, 7, 0.40948665142059326], [2, 1, 0.3797300159931183], [2, 18, 0.3761039972305298], [2, 14, 0.3537934422492981], [2, 0, 0.34787219762802124], [2, 11, 0.3414749205112457]]",True,1,"[[0, 5, [""shall coordinate""]], [0, 6, [""shall coordinate""]], [0, 15, [""shall coordinate""]], [0, 16, [""shall coordinate""]], [0, 19, [""shall coordinate""]], [1, 3, [""shall establish""]], [1, 4, [""shall establish""]], [2, 8, [""shall ensure""]], [2, 12, [""shall ensure""]], [2, 13, [""shall ensure""]]]",0.16362617704188295,1,"[[0, 5, 0.42910592153158056], [0, 9, 0.04547629392358687], [0, 6, 0.016296315670481475]]",15.666666666666666,1,"[[0, 5, 37.0], [0, 9, 10.0], [2, 20, 0.0]]",20,0.13095238095238093,2,True,0.0005652612599078566,7,2,0.020023440942168236,3,8,1
5,15,memorandum,"July 26, 2016","May 04, 2007",0.542873740196228,3,0.48816411197185516,4,"[[0, 1, 0.5554970502853394], [0, 4, 0.5463805198669434], [2, 4, 0.5175830125808716], [2, 3, 0.5166255235671997], [1, 4, 0.516137957572937], [0, 0, 0.45953071117401123], [0, 7, 0.45235496759414673], [0, 2, 0.4466935694217682], [2, 6, 0.44182050228118896], [2, 5, 0.4241337180137634], [2, 9, 0.3765506148338318], [0, 10, 0.35726675391197205], [0, 8, 0.33562350273132324]]",True,1,"[[0, 1, [""shall coordinate""]], [0, 5, [""shall coordinate""]], [2, 4, [""shall ensure""]], [2, 9, [""shall ensure""]]]",0.04245594329567869,5,"[[0, 0, 0.06509401330940363], [0, 1, 0.04739414453298767], [0, 2, 0.014879672044644777]]",3.3333333333333335,3,"[[0, 0, 10.0], [2, 9, 0.0], [2, 10, 0.0]]",20,0.12514492753623188,3,True,0.0012644219677895308,6,1,0.0025311114732176065,8,8,1
5,20,memorandum,"July 26, 2016","December 17, 2003",0.6162005066871643,1,0.4893273711204529,3,"[[2, 4, 0.5825186371803284], [2, 2, 0.5797377824783325], [2, 0, 0.5371901392936707], [0, 4, 0.48597171902656555], [1, 2, 0.4823474586009979], [2, 3, 0.4789111316204071], [2, 10, 0.46683961153030396], [2, 12, 0.46127384901046753], [2, 8, 0.45618879795074463], [0, 13, 0.45557430386543274], [2, 1, 0.4321499764919281], [2, 5, 0.42753466963768005], [2, 11, 0.4136396646499634], [2, 6, 0.3968943953514099], [2, 9, 0.38929688930511475], [0, 7, 0.3861742615699768]]",True,1,"[[0, 1, [""shall coordinate""]], [0, 2, [""shall coordinate""]], [1, 5, [""shall establish""]]]",0.03581798703961183,6,"[[0, 13, 0.05772831165821676], [0, 12, 0.033372606324093355], [2, 4, 0.016353043136525365]]",0.0,4,"[[2, 11, 0.0], [2, 12, 0.0], [2, 13, 0.0]]",20,0.12360646599777034,4,True,0.002822832902893424,3,1,0.05541279539465904,2,8,1
5,9262,memorandum,"July 26, 2016","February 25, 2015",0.502116858959198,6,0.45660798251628876,10,"[[2, 1, 0.522027313709259], [2, 0, 0.4592057466506958], [1, 0, 0.45266836881637573], [2, 2, 0.44813528656959534], [0, 1, 0.4403715133666992], [2, 3, 0.4213406443595886], [2, 4, 0.3569255769252777]]",True,1,"[[1, 1, [""shall establish""]], [2, 4, [""shall ensure""]]]",0.05037077879890791,3,"[[2, 0, 0.06569482076633527], [2, 1, 0.04725680625253183], [0, 3, 0.03816070937785662]]",3.3333333333333335,3,"[[0, 3, 10.0], [2, 3, 0.0], [2, 4, 0.0]]",20,0.12028985507246376,5,True,0.02779562398791313,2,1,0.11838509887456894,1,8,1
5,26,memorandum,"July 26, 2016","October 29, 2001",0.4346810579299927,15,0.45655830204486847,11,"[[0, 7, 0.531576931476593], [0, 6, 0.5304024815559387], [0, 5, 0.521498441696167], [2, 7, 0.47622916102409363], [1, 7, 0.4703807234764099], [1, 10, 0.45469236373901367], [2, 9, 0.4218771457672119], [0, 8, 0.4182252287864685], [2, 0, 0.4068984389305115], [2, 3, 0.3785669207572937], [1, 1, 0.3733488619327545], [1, 4, 0.3101891279220581], [1, 2, 0.27698814868927]]",True,1,"[[0, 6, [""shall coordinate""]], [0, 7, [""shall coordinate""]], [2, 0, [""shall ensure""]], [2, 2, [""shall ensure""]], [2, 5, [""shall ensure""]]]",0.05428097626183248,2,"[[0, 1, 0.05885728025571363], [0, 6, 0.05863902373552411], [0, 0, 0.045346624794259695]]",0.0,4,"[[2, 8, 0.0], [2, 9, 0.0], [2, 10, 0.0]]",20,0.11937927663734116,6,True,0.0016103574307635427,4,1,0.015306354500353336,4,8,1
5,21,memorandum,"July 26, 2016","December 17, 2003",0.5041242241859436,4,0.4707176983356476,6,"[[0, 3, 0.5282434225082397], [2, 3, 0.5042087435722351], [2, 1, 0.4987945854663849], [2, 7, 0.4588993191719055], [1, 3, 0.45058032870292664], [2, 0, 0.44917458295822144], [0, 4, 0.4419315457344055], [2, 6, 0.4398300051689148], [0, 8, 0.4355953335762024], [0, 5, 0.43169042468070984], [0, 2, 0.41255515813827515], [2, 9, 0.3741980195045471]]",True,1,"[[0, 1, [""shall coordinate""]], [0, 3, [""shall coordinate""]], [1, 2, [""shall establish""]], [1, 4, [""shall establish""]], [1, 5, [""shall establish""]]]",0.020187297692063563,7,"[[0, 9, 0.02765712288592444], [2, 0, 0.016801532509708603], [2, 3, 0.016103237680557648]]",0.0,4,"[[2, 7, 0.0], [2, 8, 0.0], [2, 9, 0.0]]",20,0.11716524216524216,7,True,0.00021654403826687485,10,1,0.0026112478226423264,7,8,1
5,11532,memorandum,"July 26, 2016","August 26, 1976",0.46538567543029785,8,0.49485792219638824,2,"[[0, 0, 0.5469076037406921], [1, 0, 0.48436930775642395], [2, 0, 0.4796942472457886], [2, 1, 0.42520999908447266]]",False,2,[],0.000994807521480061,22,"[[2, 0, 0.002984422564440183], [1, 1, 0.0], [2, 1, 0.0]]",0.0,4,"[[1, 1, 0.0], [2, 0, 0.0], [2, 1, 0.0]]",20,0.11093073593073594,8,True,0.001325022429227829,5,1,0.0008559006382711232,9,8,1
5,9786,memorandum,"July 26, 2016","December 16, 2005",0.4804803729057312,7,0.4020031839609146,16,"[[0, 1, 0.47211265563964844], [2, 1, 0.4592142701148987], [2, 3, 0.4225050210952759], [2, 9, 0.4197414815425873], [1, 1, 0.4160703420639038], [0, 0, 0.41502273082733154], [2, 11, 0.3824361562728882], [2, 5, 0.37868550419807434], [0, 8, 0.3719272017478943], [0, 13, 0.3652084469795227], [0, 15, 0.34447574615478516], [2, 10, 0.3433171808719635], [2, 7, 0.331923246383667], [0, 12, 0.33148521184921265], [2, 4, 0.32440102100372314], [2, 6, 0.3049510419368744], [0, 14, 0.2500842213630676], [2, 2, 0.2197057604789734]]",True,1,"[[2, 9, [""shall ensure""]], [2, 11, [""shall ensure""]]]",0.017100252641075044,8,"[[0, 3, 0.028512202195163663], [0, 1, 0.012211427599038009], [2, 0, 0.010577128129023457]]",3.6666666666666665,2,"[[0, 3, 11.0], [2, 13, 0.0], [2, 15, 0.0]]",20,0.10894660894660894,9,True,0.0005442132242023945,8,1,0.010570487938821316,5,8,1
5,10491,memorandum,"July 26, 2016","September 09, 1996",0.5030854940414429,5,0.4874585121870041,5,"[[2, 1, 0.49781835079193115], [0, 1, 0.4924074411392212], [1, 1, 0.4827544093132019], [2, 0, 0.4700288772583008]]",False,2,[],0.0020675006935403097,18,"[[2, 0, 0.003292373650498311], [2, 1, 0.0021721037824999423], [1, 1, 0.000738024647622675]]",0.0,4,"[[1, 1, 0.0], [2, 0, 0.0], [2, 1, 0.0]]",20,0.10798245614035087,10,True,0.0004655269149225205,9,1,0.0005747861578129232,10,8,1
6,23,memorandum,"June 24, 2015","February 28, 2003",0.5547357797622681,1,0.5034182518720627,4,"[[6, 1, 0.5695236325263977], [5, 3, 0.5690501928329468], [3, 3, 0.5570139288902283], [4, 1, 0.5561575293540955], [8, 1, 0.5550578832626343], [17, 3, 0.5347665548324585], [3, 2, 0.5334867238998413], [15, 4, 0.5327022671699524], [7, 3, 0.5260758399963379], [19, 3, 0.5244781374931335], [2, 3, 0.5215696096420288], [9, 3, 0.51731938123703], [4, 0, 0.5161933898925781], [10, 1, 0.5160399079322815], [5, 7, 0.5085285305976868], [16, 3, 0.5083001852035522], [5, 6, 0.505509614944458], [14, 4, 0.5053721070289612], [11, 3, 0.49215519428253174], [13, 3, 0.4903551936149597], [5, 13, 0.4889312982559204], [10, 17, 0.48810210824012756], [12, 3, 0.48763275146484375], [2, 9, 0.4816148579120636], [10, 5, 0.48139211535453796], [0, 3, 0.4800173044204712], [2, 15, 0.47488370537757874], [17, 14, 0.4729132652282715], [1, 1, 0.46608611941337585], [18, 3, 0.4657192826271057], [5, 8, 0.46183156967163086], [5, 10, 0.4569227993488312], [17, 16, 0.44873449206352234], [20, 2, 0.4456901252269745], [5, 12, 0.43882477283477783], [2, 11, 0.41869866847991943]]",True,1,"[[3, 0, [""shall establish""]], [3, 2, [""shall establish""]], [3, 3, [""shall establish""]], [4, 0, [""shall establish""]], [4, 2, [""shall establish""]], [4, 3, [""shall establish""]], [5, 1, [""shall coordinate""]], [6, 1, [""shall coordinate""]], [8, 4, [""shall ensure""]], [12, 4, [""shall ensure""]], [13, 4, [""shall ensure""]], [14, 5, [""shall provide""]], [14, 9, [""shall provide""]], [15, 1, [""shall coordinate""]], [16, 1, [""shall coordinate""]], [17, 5, [""shall provide""]], [17, 9, [""shall provide""]], [18, 11, [""shall make""]], [19, 1, [""shall coordinate""]]]",0.039847947862597405,2,"[[4, 0, 0.04261799020647549], [9, 3, 0.041535596400124365], [14, 0, 0.03539025698119235]]",0.0,2,"[[0, 0, 0.0], [20, 16, 0.0], [20, 17, 0.0]]",20,0.13257575757575757,1,True,0.0030120296869426966,1,2,0.009633652865886688,2,8,1
6,26,memorandum,"June 24, 2015","October 29, 2001",0.4452461004257202,24,0.4946294277906418,7,"[[5, 6, 0.5851359963417053], [5, 7, 0.579805314540863], [6, 7, 0.5599491596221924], [5, 5, 0.5589859485626221], [9, 3, 0.5515158176422119], [5, 8, 0.5395300984382629], [8, 7, 0.5321803092956543], [5, 0, 0.5216732621192932], [17, 9, 0.5198268294334412], [5, 10, 0.5195333957672119], [12, 7, 0.5008776783943176], [5, 1, 0.48773065209388733], [2, 9, 0.4857334494590759], [15, 7, 0.48267683386802673], [20, 8, 0.47737550735473633], [7, 10, 0.4726247191429138], [13, 10, 0.46545249223709106], [3, 9, 0.46367111802101135], [10, 9, 0.4635699689388275], [16, 5, 0.4586642384529114], [18, 9, 0.4556977450847626], [19, 7, 0.45565542578697205], [4, 7, 0.451707661151886], [1, 9, 0.44411957263946533], [11, 10, 0.4421265423297882], [0, 5, 0.42821264266967773], [20, 2, 0.38951608538627625], [14, 10, 0.38191166520118713], [13, 4, 0.34928232431411743]]",True,1,"[[5, 6, [""shall coordinate""]], [5, 7, [""shall coordinate""]], [6, 6, [""shall coordinate""]], [6, 7, [""shall coordinate""]], [8, 0, [""shall ensure""]], [8, 2, [""shall ensure""]], [8, 5, [""shall ensure""]], [12, 0, [""shall ensure""]], [12, 2, [""shall ensure""]], [12, 5, [""shall ensure""]], [13, 0, [""shall ensure""]], [13, 2, [""shall ensure""]], [13, 5, [""shall ensure""]], [14, 8, [""shall provide""]], [15, 6, [""shall coordinate""]], [15, 7, [""shall coordinate""]], [16, 6, [""shall coordinate""]], [16, 7, [""shall coordinate""]], [17, 8, [""shall provide""]], [19, 6, [""shall coordinate""]], [19, 7, [""shall coordinate""]]]",0.06908492403935686,1,"[[5, 6, 0.08735253795656103], [12, 2, 0.06530677095400747], [13, 2, 0.054595463207502096]]",0.0,2,"[[20, 8, 0.0], [20, 9, 0.0], [20, 10, 0.0]]",20,0.13011063011063012,2,True,0.00017638302233535796,5,2,0.014503580518066883,1,8,1
6,25,memorandum,"June 24, 2015","October 29, 2001",0.5135222673416138,3,0.49841929972171783,6,"[[7, 1, 0.5649782419204712], [1, 5, 0.5619655847549438], [6, 0, 0.5596567392349243], [5, 0, 0.5464117527008057], [18, 4, 0.5449316501617432], [3, 12, 0.5401531457901001], [2, 5, 0.5352842211723328], [15, 2, 0.5340967774391174], [17, 1, 0.5289305448532104], [6, 3, 0.5285735130310059], [3, 13, 0.5247499942779541], [10, 1, 0.523002028465271], [8, 0, 0.5177172422409058], [13, 2, 0.5111232995986938], [19, 0, 0.5094255805015564], [4, 0, 0.5074267983436584], [9, 0, 0.5055845975875854], [11, 1, 0.4998626112937927], [2, 18, 0.49910151958465576], [14, 2, 0.49300000071525574], [12, 2, 0.49197837710380554], [3, 6, 0.48882997035980225], [2, 7, 0.4873896837234497], [10, 20, 0.4868742525577545], [5, 10, 0.4850252866744995], [0, 4, 0.47467949986457825], [5, 17, 0.4607127904891968], [18, 15, 0.4557012915611267], [10, 19, 0.45409226417541504], [16, 3, 0.44739460945129395], [15, 14, 0.4252241253852844], [3, 16, 0.40821510553359985], [1, 9, 0.3889722228050232], [20, 18, 0.38479602336883545], [18, 8, 0.3764697313308716], [20, 11, 0.3754989802837372]]",True,1,"[[0, 18, [""work closely with""]], [1, 13, [""shall also seek""]], [7, 1, [""shall report""]], [8, 0, [""shall ensure""]], [8, 2, [""shall ensure""]], [10, 1, [""shall report""]], [11, 1, [""shall report""]], [12, 0, [""shall ensure""]], [12, 2, [""shall ensure""]], [13, 0, [""shall ensure""]], [13, 2, [""shall ensure""]], [14, 3, [""shall provide""]], [14, 8, [""shall provide""]], [17, 3, [""shall provide""]], [17, 8, [""shall provide""]], [18, 15, [""shall make""]], [18, 17, [""shall make""]], [18, 19, [""shall make""]], [18, 20, [""shall make""]]]",0.03191262712263573,6,"[[15, 4, 0.034421145281351755], [4, 4, 0.03074817940106183], [9, 17, 0.03056855668549359]]",0.0,2,"[[0, 0, 0.0], [20, 19, 0.0], [20, 20, 0.0]]",20,0.12237762237762238,3,True,0.00011163832095917314,9,2,0.0001436975144315511,10,8,1
6,11944,memorandum,"June 24, 2015","June 01, 1953",0.44750550389289856,21,0.5200264155864716,2,"[[5, 4, 0.5883156061172485], [19, 4, 0.5654723644256592], [6, 4, 0.5592488050460815], [15, 4, 0.5571682453155518], [8, 4, 0.5559300184249878], [4, 4, 0.5542172789573669], [7, 3, 0.5475422143936157], [3, 4, 0.5445173382759094], [17, 3, 0.5392467975616455], [10, 3, 0.5335625410079956], [9, 4, 0.5156136751174927], [6, 1, 0.5099155306816101], [12, 4, 0.5054986476898193], [11, 4, 0.5051520466804504], [0, 4, 0.49878787994384766], [13, 4, 0.49843519926071167], [6, 2, 0.49813729524612427], [2, 4, 0.488692045211792], [18, 4, 0.4820517301559448], [7, 0, 0.4802202880382538], [1, 4, 0.4704698324203491], [14, 4, 0.44461530447006226], [16, 4, 0.4434848427772522], [20, 1, 0.4217374920845032]]",True,1,"[[7, 3, [""shall report""]], [10, 3, [""shall report""]], [11, 3, [""shall report""]], [20, 1, [""shall review""]]]",0.020618627868729273,12,"[[5, 3, 0.02667758512326932], [9, 3, 0.02027580460343561], [7, 3, 0.014902493879482889]]",0.0,2,"[[20, 2, 0.0], [20, 3, 0.0], [20, 4, 0.0]]",20,0.12215909090909091,4,True,0.00012107198926969431,8,2,0.0001442598586436361,9,8,1
6,15,memorandum,"June 24, 2015","May 04, 2007",0.4493018388748169,20,0.47359129786491394,13,"[[5, 1, 0.5355022549629211], [17, 0, 0.5149872899055481], [2, 7, 0.5079207420349121], [5, 3, 0.5058024525642395], [6, 3, 0.5048192143440247], [6, 4, 0.5034933090209961], [15, 3, 0.497660756111145], [13, 7, 0.4942876696586609], [3, 3, 0.48619914054870605], [16, 0, 0.48547375202178955], [16, 9, 0.48327964544296265], [9, 0, 0.4806232154369354], [12, 3, 0.47652071714401245], [15, 10, 0.4692700505256653], [8, 4, 0.4684191048145294], [7, 0, 0.46636009216308594], [2, 5, 0.46510159969329834], [15, 6, 0.4643018841743469], [20, 8, 0.4480553865432739], [10, 3, 0.4468512535095215], [2, 2, 0.43937209248542786], [4, 3, 0.4352095127105713], [11, 3, 0.4245835244655609], [19, 3, 0.42360594868659973], [14, 3, 0.4120742678642273], [18, 10, 0.4072187542915344], [1, 10, 0.397468239068985], [0, 3, 0.38800913095474243]]",True,1,"[[5, 1, [""shall coordinate""]], [5, 5, [""shall coordinate""]], [6, 1, [""shall coordinate""]], [6, 5, [""shall coordinate""]], [7, 6, [""shall report""]], [8, 4, [""shall ensure""]], [8, 9, [""shall ensure""]], [10, 6, [""shall report""]], [11, 6, [""shall report""]], [12, 4, [""shall ensure""]], [12, 9, [""shall ensure""]], [13, 4, [""shall ensure""]], [13, 9, [""shall ensure""]], [14, 7, [""shall provide""]], [15, 1, [""shall coordinate""]], [15, 5, [""shall coordinate""]], [16, 1, [""shall coordinate""]], [16, 5, [""shall coordinate""]], [17, 7, [""shall provide""]], [19, 1, [""shall coordinate""]], [19, 5, [""shall coordinate""]]]",0.03826498455244189,4,"[[5, 1, 0.052793946145147236], [9, 0, 0.03338872499942643], [6, 2, 0.028612282512751993]]",3.3333333333333335,1,"[[9, 0, 10.0], [20, 9, 0.0], [20, 10, 0.0]]",20,0.11958874458874458,5,True,0.00012231712753418833,7,2,0.000414069538237527,8,8,1
6,7,memorandum,"June 24, 2015","January 17, 2014",0.47201114892959595,11,0.47593845427036285,10,"[[7, 10, 0.6042304635047913], [5, 10, 0.5476056933403015], [17, 10, 0.5418123006820679], [3, 10, 0.5388419032096863], [7, 9, 0.5241526961326599], [13, 9, 0.5207540988922119], [10, 10, 0.5145456194877625], [11, 10, 0.5117990970611572], [10, 7, 0.5070090889930725], [2, 8, 0.5048022270202637], [6, 10, 0.5030364990234375], [4, 10, 0.4935935437679291], [15, 8, 0.4902503788471222], [18, 10, 0.4882451891899109], [8, 10, 0.48653727769851685], [19, 10, 0.4864852726459503], [0, 8, 0.47389745712280273], [14, 8, 0.4676569700241089], [12, 9, 0.46461373567581177], [15, 12, 0.457792729139328], [17, 2, 0.45554012060165405], [1, 8, 0.4546090066432953], [9, 10, 0.4503040611743927], [18, 0, 0.44890928268432617], [15, 4, 0.4424881637096405], [17, 3, 0.4416697919368744], [16, 10, 0.4178392291069031], [17, 6, 0.41221538186073303], [20, 11, 0.4048372805118561], [18, 1, 0.38962793350219727], [15, 5, 0.36389321088790894]]",True,1,"[[3, 4, [""shall establish""]], [4, 4, [""shall establish""]], [5, 2, [""shall coordinate""]], [6, 2, [""shall coordinate""]], [8, 3, [""shall ensure""]], [12, 3, [""shall ensure""]], [13, 3, [""shall ensure""]], [14, 11, [""shall provide""]], [14, 12, [""shall provide""]], [15, 2, [""shall coordinate""]], [16, 2, [""shall coordinate""]], [17, 11, [""shall provide""]], [17, 12, [""shall provide""]], [19, 2, [""shall coordinate""]]]",0.032987594569042614,5,"[[20, 8, 0.043072169316841], [20, 3, 0.03387516610575569], [19, 10, 0.02201544828453116]]",0.0,2,"[[0, 0, 0.0], [20, 11, 0.0], [20, 12, 0.0]]",20,0.11878787878787879,6,True,6.819733607699163e-05,10,2,0.0004955359036102891,7,8,1
6,11,memorandum,"June 24, 2015","August 04, 2011",0.45938482880592346,14,0.5039862990379333,3,"[[5, 0, 0.5488203763961792], [17, 0, 0.5481010675430298], [5, 1, 0.5418960452079773], [17, 2, 0.5353035926818848], [8, 0, 0.5346682071685791], [6, 0, 0.5338795781135559], [0, 0, 0.5288532376289368], [1, 0, 0.5259225368499756], [2, 0, 0.505205512046814], [4, 0, 0.5051414966583252], [9, 2, 0.5005974769592285], [3, 0, 0.49252480268478394], [16, 2, 0.4890062212944031], [18, 2, 0.4837474226951599], [17, 3, 0.4823586940765381], [19, 0, 0.4705493748188019], [12, 0, 0.4632441997528076], [15, 2, 0.46001797914505005], [10, 0, 0.44705820083618164], [7, 0, 0.4396924078464508], [13, 0, 0.4216124415397644], [11, 0, 0.40676766633987427], [14, 0, 0.39901575446128845], [20, 3, 0.3940100371837616]]",False,2,[],0.015732066627292707,15,"[[9, 3, 0.022373448075704506], [5, 3, 0.01484234214689758], [19, 2, 0.009980409659276032]]",0.0,2,"[[20, 1, 0.0], [20, 2, 0.0], [20, 3, 0.0]]",20,0.11750423489553924,7,True,0.00026666615303838626,4,2,0.002287227427586913,4,8,1
6,11326,memorandum,"June 24, 2015","April 07, 1980",0.4860498905181885,6,0.5209174603223801,1,"[[7, 0, 0.5540966391563416], [3, 0, 0.5393314957618713], [15, 0, 0.5385587215423584], [18, 0, 0.5268245935440063], [2, 0, 0.5215858221054077], [4, 0, 0.5196975469589233], [10, 0, 0.517921507358551], [6, 0, 0.5125194191932678], [5, 0, 0.5089066028594971], [17, 0, 0.5072140693664551], [1, 0, 0.5029133558273315], [11, 0, 0.49745872616767883], [0, 0, 0.4960353970527649], [14, 0, 0.49251002073287964], [12, 0, 0.4744624197483063], [13, 0, 0.4709435701370239], [8, 0, 0.4652971029281616], [19, 0, 0.4612593948841095], [16, 0, 0.4610368609428406], [9, 0, 0.4328710734844208], [20, 0, 0.24105842411518097]]",False,2,[],0.007301263221593556,22,"[[7, 0, 0.010045044313783296], [11, 0, 0.006903407789501099], [17, 0, 0.004955337561496273]]",0.0,2,"[[18, 0, 0.0], [19, 0, 0.0], [20, 0, 0.0]]",20,0.11688311688311688,8,True,0.00013268795737531036,6,2,0.0008559006382711232,6,8,1
6,22,memorandum,"June 24, 2015","September 16, 2003",0.45347511768341064,16,0.4927264153957367,9,"[[10, 7, 0.5409183502197266], [3, 6, 0.539756178855896], [7, 7, 0.529340922832489], [15, 2, 0.5285302400588989], [2, 0, 0.5248040556907654], [18, 2, 0.5127589106559753], [17, 1, 0.5120405554771423], [14, 2, 0.5051858425140381], [4, 6, 0.49350476264953613], [11, 7, 0.4894143342971802], [6, 2, 0.4813518524169922], [1, 0, 0.48095911741256714], [12, 2, 0.47801345586776733], [20, 3, 0.47683390974998474], [13, 2, 0.4754626154899597], [15, 5, 0.4753900170326233], [5, 0, 0.4617624878883362], [0, 2, 0.4580722749233246], [19, 6, 0.44714871048927307], [8, 2, 0.41698315739631653], [16, 2, 0.41264480352401733], [9, 2, 0.41050297021865845], [10, 4, 0.4087822437286377]]",True,1,"[[3, 1, [""shall establish""]], [4, 1, [""shall establish""]], [7, 4, [""shall report""]], [7, 7, [""shall report""]], [10, 4, [""shall report""]], [10, 7, [""shall report""]], [11, 4, [""shall report""]], [11, 7, [""shall report""]]]",0.024946275729047646,9,"[[20, 7, 0.02777219248482363], [9, 7, 0.024783262841721273], [14, 0, 0.022283371860598027]]",0.0,2,"[[20, 5, 0.0], [20, 6, 0.0], [20, 7, 0.0]]",20,0.11442006269592477,9,True,0.0003852679656120017,2,2,0.0021997978910803795,5,8,1
6,10,memorandum,"June 24, 2015","February 28, 2012",0.5434444546699524,2,0.4332835525274277,20,"[[17, 8, 0.5484292507171631], [7, 8, 0.5033653378486633], [5, 8, 0.4982227385044098], [3, 8, 0.4880220293998718], [10, 8, 0.4819253385066986], [18, 0, 0.4778556525707245], [11, 8, 0.46170616149902344], [15, 8, 0.4608135223388672], [18, 1, 0.4527428150177002], [2, 0, 0.45258280634880066], [1, 0, 0.4518824517726898], [9, 8, 0.4484504759311676], [19, 0, 0.44666334986686707], [13, 8, 0.4437845051288605], [4, 0, 0.43893253803253174], [6, 8, 0.4349084794521332], [12, 8, 0.4247998595237732], [18, 2, 0.42316296696662903], [14, 8, 0.4200231730937958], [8, 8, 0.41885870695114136], [0, 0, 0.40714389085769653], [10, 6, 0.4028829038143158], [15, 4, 0.4006352722644806], [16, 8, 0.38811004161834717], [5, 3, 0.35416388511657715], [2, 7, 0.35366562008857727], [17, 5, 0.3413779139518738], [20, 8, 0.3399569094181061]]",True,1,"[[18, 6, [""shall make""]]]",0.03950818463260792,3,"[[16, 7, 0.04701884052267008], [16, 4, 0.03770728811538253], [19, 7, 0.033798425259771156]]",0.0,2,"[[20, 6, 0.0], [20, 7, 0.0], [20, 8, 0.0]]",20,0.11393280632411068,10,True,0.00034568879345897585,3,2,0.005343256518244743,3,8,1
7,13,memorandum,"January 17, 2014","June 05, 2008",0.5217341184616089,8,0.5367812216281891,1,"[[11, 3, 0.6169082522392273], [10, 1, 0.5862231254577637], [7, 3, 0.5858049988746643], [8, 3, 0.5857889652252197], [9, 1, 0.5501419305801392], [3, 0, 0.5483670234680176], [2, 0, 0.5314721465110779], [12, 3, 0.5307873487472534], [6, 3, 0.5155999660491943], [10, 4, 0.513150691986084], [5, 1, 0.495960533618927], [4, 0, 0.4610879123210907], [9, 2, 0.4567413330078125], [1, 0, 0.4427720308303833], [0, 0, 0.42978256940841675]]",True,1,"[[2, 1, [""shall coordinate""]], [2, 2, [""shall coordinate""]], [11, 4, [""shall provide""]], [12, 4, [""shall provide""]]]",0.09671081011799927,1,"[[11, 3, 0.1292099830047527], [12, 3, 0.08950662551106042], [8, 3, 0.0714158218381847]]",10.666666666666666,1,"[[9, 0, 11.0], [9, 2, 11.0], [12, 3, 10.0]]",20,0.14285714285714285,1,True,0.0008426422718912363,7,1,0.0120537793263793,5,8,1
7,9786,memorandum,"January 17, 2014","December 16, 2005",0.600165605545044,1,0.5165342688560486,6,"[[4, 12, 0.5848686695098877], [8, 10, 0.5785594582557678], [4, 4, 0.5516558289527893], [9, 0, 0.5501986742019653], [10, 0, 0.5466046333312988], [3, 5, 0.5427792072296143], [4, 1, 0.5366678237915039], [7, 6, 0.5352779626846313], [8, 9, 0.5323910713195801], [5, 10, 0.5318142771720886], [3, 3, 0.528531014919281], [3, 11, 0.5234085917472839], [12, 12, 0.5206705331802368], [8, 8, 0.5201765298843384], [6, 5, 0.5179252624511719], [2, 12, 0.5093570351600647], [5, 7, 0.5042421817779541], [11, 6, 0.48430025577545166], [8, 13, 0.47040966153144836], [0, 0, 0.464161217212677], [5, 14, 0.44848111271858215], [1, 4, 0.4448285698890686], [9, 15, 0.38752615451812744], [2, 2, 0.3507283329963684]]",True,1,"[[3, 9, [""shall ensure""]], [3, 11, [""shall ensure""]], [9, 3, [""shall identify""]], [10, 3, [""shall identify""]], [11, 6, [""shall provide""]], [12, 6, [""shall provide""]]]",0.05819999975441296,2,"[[7, 6, 0.10377696816931595], [12, 8, 0.035941546878819876], [9, 15, 0.03488148421510308]]",3.3333333333333335,4,"[[9, 8, 10.0], [12, 13, 0.0], [12, 15, 0.0]]",20,0.1255827505827506,2,True,0.0002396868512732908,9,1,0.001782196224667132,10,8,1
7,22,memorandum,"January 17, 2014","September 16, 2003",0.4895269274711609,18,0.5078200697898865,7,"[[11, 7, 0.5704492330551147], [4, 2, 0.553902268409729], [3, 2, 0.5527715086936951], [6, 2, 0.5497646927833557], [7, 7, 0.534933865070343], [5, 2, 0.5344494581222534], [10, 7, 0.5335283279418945], [12, 7, 0.5332250595092773], [11, 4, 0.5329864025115967], [8, 2, 0.5312584042549133], [10, 6, 0.5036909580230713], [2, 2, 0.503402590751648], [8, 0, 0.48446813225746155], [2, 5, 0.48275017738342285], [9, 2, 0.47389400005340576], [1, 2, 0.4433954656124115], [2, 3, 0.43560487031936646], [10, 1, 0.4190409481525421], [0, 0, 0.41614556312561035]]",True,1,"[[4, 1, [""shall establish""]]]",0.03852761052444774,3,"[[11, 4, 0.0608450345903295], [12, 4, 0.028066654458362355], [8, 4, 0.02667114252465136]]",0.0,5,"[[12, 5, 0.0], [12, 6, 0.0], [12, 7, 0.0]]",20,0.12051529790660226,3,True,0.0026316740550100803,5,1,0.8198933005332947,1,8,1
7,10356,memorandum,"January 17, 2014","May 14, 1998",0.5570762157440186,3,0.5191015303134918,4,"[[4, 0, 0.561907947063446], [8, 0, 0.5513796210289001], [2, 0, 0.5505162477493286], [3, 0, 0.541307270526886], [6, 0, 0.5389633774757385], [9, 0, 0.5177819728851318], [12, 0, 0.505652129650116], [5, 0, 0.49382930994033813], [7, 0, 0.467533677816391], [10, 0, 0.3864516317844391], [0, 0, 0.3786280155181885], [11, 0, 0.35735762119293213], [1, 0, 0.34052765369415283]]",False,2,[],0.02226211985640005,8,"[[4, 0, 0.032566384158219455], [3, 0, 0.01850418692330657], [12, 0, 0.015715788487674125]]",0.0,5,"[[10, 0, 0.0], [11, 0, 0.0], [12, 0, 0.0]]",20,0.11738095238095238,4,True,0.00130450667347759,6,1,0.018530992325395346,4,8,2
7,9835,memorandum,"January 17, 2014","April 21, 2005",0.47854310274124146,23,0.5364501476287842,2,"[[10, 2, 0.5956250429153442], [10, 0, 0.5802011489868164], [10, 3, 0.5578954815864563], [9, 2, 0.5438874363899231], [7, 2, 0.5418615937232971], [3, 2, 0.5328236222267151], [6, 2, 0.5270235538482666], [2, 2, 0.5267214179039001], [4, 2, 0.5152232050895691], [0, 3, 0.5062241554260254], [10, 1, 0.5048103928565979], [12, 2, 0.49571263790130615], [1, 3, 0.48732903599739075], [5, 3, 0.47977709770202637], [8, 2, 0.4755439758300781], [11, 2, 0.4447214901447296]]",False,2,[],0.01739206934673566,13,"[[9, 2, 0.02257140516167752], [2, 2, 0.01817413886342801], [9, 0, 0.011430664015101448]]",0.0,5,"[[12, 1, 0.0], [12, 2, 0.0], [12, 3, 0.0]]",20,0.11575757575757575,5,True,0.0065388246439397335,2,1,0.011508150026202202,6,8,1
7,9690,memorandum,"January 17, 2014","September 08, 2007",0.5418469905853271,6,0.520511195063591,3,"[[10, 1, 0.6140992641448975], [9, 1, 0.5558618307113647], [10, 2, 0.5382699966430664], [10, 0, 0.5229968428611755], [8, 2, 0.5069594979286194], [4, 2, 0.48722705245018005], [0, 2, 0.48708468675613403], [3, 2, 0.4788592755794525], [7, 0, 0.4691789746284485], [5, 2, 0.4674733579158783], [6, 2, 0.4618724584579468], [2, 2, 0.45411205291748047], [12, 1, 0.4504786729812622], [1, 2, 0.4305887222290039], [11, 0, 0.40957435965538025]]",False,2,[],0.015265459006546555,15,"[[2, 0, 0.01726488071454048], [9, 1, 0.014762980738596767], [9, 0, 0.013768515566502413]]",0.0,5,"[[12, 0, 0.0], [12, 1, 0.0], [12, 2, 0.0]]",20,0.11204968944099379,6,True,0.004166256170719862,4,1,0.005911068990826607,8,8,1
7,9828,memorandum,"January 17, 2014","June 02, 2005",0.47958341240882874,22,0.48366327583789825,10,"[[10, 0, 0.5676308870315552], [9, 0, 0.5460689663887024], [7, 0, 0.5376975536346436], [9, 2, 0.5364712476730347], [12, 0, 0.5357159376144409], [4, 0, 0.5000490546226501], [2, 0, 0.49944353103637695], [3, 2, 0.49427610635757446], [0, 0, 0.49113550782203674], [9, 3, 0.4904751777648926], [8, 0, 0.4763110876083374], [11, 0, 0.4669899046421051], [6, 3, 0.4669564962387085], [5, 4, 0.4535561501979828], [9, 1, 0.4175379276275635], [9, 5, 0.378745436668396], [1, 0, 0.3765111267566681]]",True,1,"[[3, 3, [""shall ensure""]]]",0.026079577768530583,7,"[[9, 5, 0.04381785046080768], [6, 5, 0.019024779674810866], [6, 4, 0.015396103169973202]]",0.0,5,"[[12, 3, 0.0], [12, 4, 0.0], [12, 5, 0.0]]",20,0.11037037037037037,7,True,0.019419347867369652,1,1,0.004943688865751028,9,8,1
7,20,memorandum,"January 17, 2014","December 17, 2003",0.5214360952377319,9,0.4651980996131897,17,"[[9, 8, 0.5495074987411499], [10, 8, 0.5460382103919983], [8, 13, 0.5409227609634399], [12, 13, 0.5090568661689758], [6, 13, 0.5018463730812073], [10, 4, 0.4994068145751953], [6, 12, 0.4821088910102844], [11, 13, 0.47366833686828613], [9, 0, 0.47310948371887207], [2, 13, 0.4679428040981293], [3, 5, 0.46052318811416626], [10, 1, 0.4585527777671814], [10, 6, 0.4508354365825653], [4, 13, 0.44795721769332886], [5, 13, 0.4425411820411682], [7, 13, 0.4424915313720703], [10, 2, 0.43783384561538696], [0, 13, 0.4353138208389282], [1, 5, 0.419892817735672], [12, 10, 0.4174050986766815], [10, 9, 0.41181156039237976], [9, 11, 0.4056542217731476], [4, 7, 0.36453211307525635], [9, 3, 0.35581710934638977]]",True,1,"[[2, 1, [""shall coordinate""]], [2, 2, [""shall coordinate""]], [4, 5, [""shall establish""]], [6, 6, [""shall prepare""]], [11, 9, [""shall provide""]], [12, 9, [""shall provide""]]]",0.03521877517320982,4,"[[9, 6, 0.03584941969639702], [9, 8, 0.035838905776126896], [11, 13, 0.033968000047105575]]",3.3333333333333335,4,"[[9, 6, 10.0], [12, 11, 0.0], [12, 13, 0.0]]",20,0.11036036036036036,8,True,0.00017605620087124407,10,1,0.0067449901252985,7,8,1
7,9713,memorandum,"January 17, 2014","April 10, 2007",0.5488168001174927,4,0.5188257098197937,5,"[[9, 2, 0.6321431994438171], [10, 2, 0.6184543371200562], [0, 0, 0.51533442735672], [4, 2, 0.5123825073242188], [3, 2, 0.5054166913032532], [12, 2, 0.4995664954185486], [2, 2, 0.4986024796962738], [4, 1, 0.49550455808639526], [8, 2, 0.49226224422454834], [6, 2, 0.4791094660758972], [7, 2, 0.4336094260215759], [5, 2, 0.4069709777832031], [1, 0, 0.3888480067253113], [11, 2, 0.3871781826019287]]",True,1,"[[3, 2, [""shall ensure""]]]",0.015192619198629112,16,"[[10, 2, 0.02113207091495343], [9, 2, 0.015127571139857833], [2, 0, 0.00931821554107608]]",0.0,5,"[[12, 0, 0.0], [12, 1, 0.0], [12, 2, 0.0]]",20,0.10777777777777778,9,True,0.004681822843849659,3,1,0.043691057711839676,2,8,1
7,10,memorandum,"January 17, 2014","February 28, 2012",0.5468294620513916,5,0.4775102734565735,13,"[[10, 8, 0.569680392742157], [9, 8, 0.5671825408935547], [2, 4, 0.4998701214790344], [5, 3, 0.49783921241760254], [3, 8, 0.4931701421737671], [6, 8, 0.4926309585571289], [8, 6, 0.4893624484539032], [5, 5, 0.48866212368011475], [0, 8, 0.4881725311279297], [5, 0, 0.46749210357666016], [5, 2, 0.4566819667816162], [5, 1, 0.45160233974456787], [4, 6, 0.4401344656944275], [1, 4, 0.43568065762519836], [7, 3, 0.4211059510707855], [12, 8, 0.41608455777168274], [8, 7, 0.4070779085159302], [11, 8, 0.352409303188324]]",True,1,"[[1, 0, [""is authorized""]], [1, 3, [""is authorized""]], [7, 5, [""shall determine""]], [7, 7, [""shall determine""]], [8, 5, [""shall determine""]], [8, 7, [""shall determine""]]]",0.01759510080530675,12,"[[5, 1, 0.025993156543017287], [1, 1, 0.01419528121378333], [5, 0, 0.012596864659119631]]",6.666666666666667,2,"[[5, 0, 10.0], [5, 1, 10.0], [12, 6, 0.0]]",20,0.10700757575757576,10,True,0.00041731575038284063,8,1,0.04146227240562439,3,8,1
10,10014,memorandum,"February 28, 2012","October 16, 2002",0.5930371284484863,3,0.6215652227401733,1,"[[1, 0, 0.6794292330741882], [2, 0, 0.6397759318351746], [7, 0, 0.5879248380661011], [5, 0, 0.585138201713562], [6, 0, 0.58009272813797], [0, 0, 0.5704699754714966], [3, 0, 0.5381354093551636], [4, 0, 0.486941933631897], [8, 0, 0.4054025411605835]]",True,1,"[[1, 0, [""i hereby""]]]",0.04861401575745925,2,"[[1, 0, 0.09417170943219184], [2, 0, 0.033484959156258876], [0, 0, 0.018185378683927042]]",0.0,1,"[[6, 0, 0.0], [7, 0, 0.0], [8, 0, 0.0]]",20,0.1406926406926407,1,True,0.3090237081050873,1,1,0.8397339582443237,2,8,1
10,9603,memorandum,"February 28, 2012","January 22, 2009",0.5647810697555542,15,0.5046537667512894,4,"[[7, 1, 0.5929452180862427], [6, 1, 0.5922716856002808], [3, 1, 0.5569102764129639], [5, 1, 0.5132256746292114], [8, 1, 0.5120956897735596], [4, 1, 0.49081939458847046], [2, 1, 0.4879775047302246], [0, 1, 0.4528953731060028], [1, 1, 0.4362860321998596], [7, 0, 0.3955751061439514]]",False,2,[],0.05317047244149287,1,"[[6, 1, 0.09153105143332055], [8, 1, 0.05600956578130847], [2, 1, 0.011970800109849602]]",0.0,1,"[[7, 1, 0.0], [8, 0, 0.0], [8, 1, 0.0]]",20,0.1369047619047619,2,True,0.001356401713564992,9,1,0.8705973029136658,1,8,1
10,9586,memorandum,"February 28, 2012","April 09, 2009",0.595340371131897,2,0.6008318662643433,2,"[[1, 0, 0.6579660177230835], [2, 0, 0.6124417185783386], [5, 0, 0.568767786026001], [7, 0, 0.5653674602508545], [0, 0, 0.5502481460571289], [6, 0, 0.5482609272003174], [3, 0, 0.5202268362045288], [4, 0, 0.4844590127468109], [8, 0, 0.38554155826568604]]",True,1,"[[1, 0, [""i hereby""]]]",0.044685296137985005,3,"[[1, 0, 0.08656126547521609], [2, 0, 0.030778887379534627], [0, 0, 0.0167157355592043]]",0.0,1,"[[6, 0, 0.0], [7, 0, 0.0], [8, 0, 0.0]]",20,0.13655185394315827,3,True,0.04146227240562439,2,1,0.4804786741733551,4,8,1
10,9451,memorandum,"February 28, 2012","August 30, 2011",0.5719105005264282,11,0.5729117691516876,3,"[[1, 0, 0.622818112373352], [2, 0, 0.5961885452270508], [7, 0, 0.5577335953712463], [6, 0, 0.5480062961578369], [0, 0, 0.5461854934692383], [5, 0, 0.52070152759552], [3, 0, 0.4850141406059265], [4, 0, 0.4499627351760864], [8, 0, 0.3804381489753723]]",True,1,"[[1, 0, [""i hereby""]]]",0.0444835311781342,4,"[[1, 0, 0.08381137922789644], [2, 0, 0.03216868967923434], [0, 0, 0.01747052462727183]]",0.0,1,"[[6, 0, 0.0], [7, 0, 0.0], [8, 0, 0.0]]",20,0.1327639751552795,4,True,0.02228618785738945,4,1,0.034618839621543884,5,8,1
10,9485,memorandum,"February 28, 2012","October 06, 2010",0.5767475366592407,9,0.5729117691516876,3,"[[1, 0, 0.622818112373352], [2, 0, 0.5961885452270508], [7, 0, 0.5577335953712463], [6, 0, 0.5480062961578369], [0, 0, 0.5461854934692383], [5, 0, 0.52070152759552], [3, 0, 0.4850141406059265], [4, 0, 0.4499627351760864], [8, 0, 0.3804381489753723]]",True,1,"[[1, 0, [""i hereby""]]]",0.0444835311781342,4,"[[1, 0, 0.08381137922789644], [2, 0, 0.03216868967923434], [0, 0, 0.01747052462727183]]",0.0,1,"[[6, 0, 0.0], [7, 0, 0.0], [8, 0, 0.0]]",20,0.1327639751552795,5,True,0.02228618785738945,5,1,0.034618839621543884,6,8,1
10,9529,memorandum,"February 28, 2012","April 07, 2010",0.5771353244781494,8,0.5729117691516876,3,"[[1, 0, 0.622818112373352], [2, 0, 0.5961885452270508], [7, 0, 0.5577335953712463], [6, 0, 0.5480062961578369], [0, 0, 0.5461854934692383], [5, 0, 0.52070152759552], [3, 0, 0.4850141406059265], [4, 0, 0.4499627351760864], [8, 0, 0.3804381489753723]]",True,1,"[[1, 0, [""i hereby""]]]",0.0444835311781342,4,"[[1, 0, 0.08381137922789644], [2, 0, 0.03216868967923434], [0, 0, 0.01747052462727183]]",0.0,1,"[[6, 0, 0.0], [7, 0, 0.0], [8, 0, 0.0]]",20,0.1327639751552795,6,True,0.02228618785738945,6,1,0.034618839621543884,7,8,1
10,9569,memorandum,"February 28, 2012","July 08, 2009",0.5782197713851929,7,0.5729117691516876,3,"[[1, 0, 0.622818112373352], [2, 0, 0.5961885452270508], [7, 0, 0.5577335953712463], [6, 0, 0.5480062961578369], [0, 0, 0.5461854934692383], [5, 0, 0.52070152759552], [3, 0, 0.4850141406059265], [4, 0, 0.4499627351760864], [8, 0, 0.3804381489753723]]",True,1,"[[1, 0, [""i hereby""]]]",0.0444835311781342,4,"[[1, 0, 0.08381137922789644], [2, 0, 0.03216868967923434], [0, 0, 0.01747052462727183]]",0.0,1,"[[6, 0, 0.0], [7, 0, 0.0], [8, 0, 0.0]]",20,0.1327639751552795,7,True,0.02228618785738945,7,1,0.034618839621543884,8,8,1
10,9663,memorandum,"February 28, 2012","February 28, 2008",0.5786870718002319,6,0.5729117691516876,3,"[[1, 0, 0.622818112373352], [2, 0, 0.5961885452270508], [7, 0, 0.5577335953712463], [6, 0, 0.5480062961578369], [0, 0, 0.5461854934692383], [5, 0, 0.52070152759552], [3, 0, 0.4850141406059265], [4, 0, 0.4499627351760864], [8, 0, 0.3804381489753723]]",True,1,"[[1, 0, [""i hereby""]]]",0.0444835311781342,4,"[[1, 0, 0.08381137922789644], [2, 0, 0.03216868967923434], [0, 0, 0.01747052462727183]]",0.0,1,"[[6, 0, 0.0], [7, 0, 0.0], [8, 0, 0.0]]",20,0.1327639751552795,8,True,0.022457055747509003,3,1,0.034100428223609924,9,8,1
10,9482,memorandum,"February 28, 2012","October 25, 2010",0.5602344274520874,20,0.49028368294239044,5,"[[1, 0, 0.5386367440223694], [7, 0, 0.5043768286705017], [2, 0, 0.47671210765838623], [0, 0, 0.4586721658706665], [5, 0, 0.45510876178741455], [6, 0, 0.454617440700531], [3, 0, 0.408905953168869], [4, 0, 0.3674675226211548], [8, 0, 0.3128780126571655]]",True,1,"[[1, 0, [""i hereby""]]]",0.016647601693331793,5,"[[1, 0, 0.03266822826142748], [0, 0, 0.011475347408637811], [3, 0, 0.005799229409930093]]",0.0,1,"[[6, 0, 0.0], [7, 0, 0.0], [8, 0, 0.0]]",20,0.12761904761904763,9,True,0.0014214043039828539,8,1,0.5583269596099854,3,8,1
10,10140,memorandum,"February 28, 2012","October 28, 2000",0.6118144392967224,1,0.46360616385936737,8,"[[1, 1, 0.5583611726760864], [7, 1, 0.500277042388916], [2, 1, 0.47023749351501465], [5, 1, 0.4571453034877777], [0, 1, 0.4449622631072998], [6, 1, 0.4278823435306549], [3, 1, 0.40553978085517883], [4, 1, 0.40482115745544434], [1, 0, 0.39784979820251465], [8, 0, 0.37273478507995605]]",True,1,"[[1, 0, [""i hereby""]], [1, 1, [""i hereby""]]]",0.004615577884708422,7,"[[1, 1, 0.009226672412253677], [5, 1, 0.0029644353994349995], [0, 0, 0.0016556258424365881]]",0.0,1,"[[7, 1, 0.0], [8, 0, 0.0], [8, 1, 0.0]]",20,0.12037037037037036,10,True,5.025061182095669e-05,10,1,0.0024726232513785362,10,8,1
11,10677,memorandum,"August 04, 2011","September 13, 1994",0.4617235064506531,1,0.5423663854598999,1,"[[0, 3, 0.5764108896255493], [1, 0, 0.5698564052581787], [0, 1, 0.5467458963394165], [2, 3, 0.504980742931366], [1, 2, 0.499986469745636], [3, 0, 0.4946831464767456]]",True,1,"[[0, 0, [""i hereby""]]]",0.01531857659231823,2,"[[1, 3, 0.025021494984465657], [2, 1, 0.011673116219596043], [2, 0, 0.009261118572892989]]",0.0,1,"[[3, 1, 0.0], [3, 2, 0.0], [3, 3, 0.0]]",20,0.1406926406926407,1,True,9.610241977497935e-05,9,1,0.00023782205244060606,6,8,1
11,28,memorandum,"August 04, 2011","June 20, 1951",0.4050561785697937,21,0.49807262420654297,4,"[[1, 0, 0.5819721221923828], [0, 0, 0.49625393748283386], [1, 2, 0.4757483899593353], [3, 0, 0.45399513840675354], [2, 0, 0.4521552622318268], [1, 1, 0.44243282079696655]]",False,2,[],0.009711655984066458,8,"[[3, 0, 0.011695886724952238], [3, 2, 0.011372319659495915], [0, 2, 0.006066761567751222]]",0.0,1,"[[3, 0, 0.0], [3, 1, 0.0], [3, 2, 0.0]]",20,0.125,2,True,5.9907062677666545e-05,10,1,5.94408847973682e-05,10,8,1
11,26,memorandum,"August 04, 2011","October 29, 2001",0.40356558561325073,22,0.45922331511974335,15,"[[1, 5, 0.5222468376159668], [1, 6, 0.4768482446670532], [0, 7, 0.4714395999908447], [1, 9, 0.46998387575149536], [3, 10, 0.46786823868751526], [1, 3, 0.45848995447158813], [1, 8, 0.44719892740249634], [2, 5, 0.42968541383743286], [1, 0, 0.42735517024993896], [1, 1, 0.4212365448474884], [1, 2, 0.3909488022327423], [1, 4, 0.34838664531707764]]",False,2,[],0.016196236052785713,1,"[[3, 8, 0.029037061423512985], [3, 0, 0.010961569621171402], [3, 3, 0.008590077113672755]]",0.0,1,"[[3, 8, 0.0], [3, 9, 0.0], [3, 10, 0.0]]",20,0.1238095238095238,3,True,0.00021654403826687485,4,1,0.000471011851914227,4,8,1
11,23,memorandum,"August 04, 2011","February 28, 2003",0.4392063021659851,4,0.4595150202512741,14,"[[1, 3, 0.5077130794525146], [1, 13, 0.5020971894264221], [0, 3, 0.48682287335395813], [3, 3, 0.4856072664260864], [1, 2, 0.47919756174087524], [1, 8, 0.47723454236984253], [1, 14, 0.46092483401298523], [1, 6, 0.44970759749412537], [0, 1, 0.44726836681365967], [1, 10, 0.4469791054725647], [2, 3, 0.4424649775028229], [1, 12, 0.4347570538520813], [0, 0, 0.4340594708919525], [1, 5, 0.43348586559295654], [1, 9, 0.4251232445240021], [1, 7, 0.42432859539985657], [3, 17, 0.4217400550842285], [1, 16, 0.40844032168388367], [1, 15, 0.3922252357006073], [1, 11, 0.3886492848396301], [3, 4, 0.3568733334541321]]",False,2,[],0.014702049162516995,3,"[[3, 14, 0.015563806159602112], [3, 13, 0.01493758005220954], [1, 14, 0.01360476127573933]]",0.0,1,"[[3, 15, 0.0], [3, 16, 0.0], [3, 17, 0.0]]",20,0.12050907319449519,4,True,0.000293654651613906,2,1,0.0032224839087575674,1,8,1
11,11570,memorandum,"August 04, 2011","February 13, 1975",0.4171605706214905,14,0.48968617618083954,5,"[[1, 1, 0.5219564437866211], [1, 0, 0.5016615986824036], [0, 1, 0.4858101010322571], [3, 0, 0.43284404277801514], [2, 0, 0.4296429455280304]]",False,2,[],0.0045740149285316825,11,"[[2, 1, 0.008536046100467034], [2, 0, 0.003576851034947593], [0, 0, 0.0016091476501804217]]",0.0,1,"[[2, 1, 0.0], [3, 0, 0.0], [3, 1, 0.0]]",20,0.11987711213517666,5,True,0.00013446628872770816,6,1,0.000414069538237527,5,8,1
11,11620,memorandum,"August 04, 2011","September 07, 1971",0.40186142921447754,23,0.5115815997123718,3,"[[1, 1, 0.5318109393119812], [0, 1, 0.5163303017616272], [3, 1, 0.5036880970001221], [2, 1, 0.5014129281044006], [1, 0, 0.48789429664611816]]",False,2,[],0.002347325147401113,15,"[[3, 1, 0.005712029603352245], [0, 1, 0.0013299458388510935], [2, 1, 0.0]]",0.0,1,"[[2, 1, 0.0], [3, 0, 0.0], [3, 1, 0.0]]",20,0.1196687370600414,6,True,0.00026738259475678205,3,1,0.0005152656813152134,3,8,1
11,9866,memorandum,"August 04, 2011","November 18, 2004",0.4264495372772217,10,0.5123052597045898,2,"[[3, 0, 0.5868706107139587], [1, 0, 0.43084365129470825], [2, 0, 0.39177894592285156], [0, 0, 0.34146642684936523]]",False,2,[],0.0005910896180163896,19,"[[3, 0, 0.0009716625366628825], [2, 0, 0.0008016063173862865], [1, 0, 0.0]]",0.0,1,"[[1, 0, 0.0], [2, 0, 0.0], [3, 0, 0.0]]",20,0.11871461871461872,7,True,0.0001076283588190563,8,1,8.156225521815941e-05,8,8,1
11,20,memorandum,"August 04, 2011","December 17, 2003",0.3884640634059906,25,0.46564339101314545,11,"[[1, 8, 0.5188509225845337], [3, 12, 0.515249490737915], [1, 13, 0.5137286186218262], [2, 10, 0.4934251308441162], [0, 10, 0.4777154326438904], [3, 4, 0.46767038106918335], [1, 9, 0.42513447999954224], [1, 11, 0.4223581850528717], [3, 2, 0.4163464307785034], [3, 0, 0.41161808371543884], [1, 6, 0.3969908356666565], [3, 5, 0.3851073384284973], [0, 1, 0.3662303686141968], [3, 3, 0.35399329662323], [0, 7, 0.3329682946205139]]",False,2,[],0.011104910477194065,6,"[[3, 8, 0.012637506866051966], [2, 2, 0.01147102799702639], [0, 5, 0.00920619656850384]]",0.0,1,"[[3, 11, 0.0], [3, 12, 0.0], [3, 13, 0.0]]",20,0.11833865059671511,8,True,0.0001150173629866913,7,1,6.452215166063979e-05,9,8,1
11,9865,memorandum,"August 04, 2011","November 18, 2004",0.40739691257476807,19,0.43781839311122894,20,"[[2, 1, 0.4687653183937073], [3, 3, 0.4598698318004608], [1, 0, 0.45428717136383057], [0, 1, 0.42871755361557007], [1, 2, 0.4258207678794861], [1, 4, 0.30489102005958557]]",True,1,"[[1, 1, [""i direct""]], [1, 2, [""i direct""]], [1, 3, [""i direct""]], [3, 1, [""i direct""]], [3, 2, [""i direct""]], [3, 3, [""i direct""]]]",0.011923676351954094,4,"[[0, 1, 0.015819940466767452], [3, 1, 0.01403206651690553], [0, 2, 0.0059190220721892966]]",0.0,1,"[[3, 2, 0.0], [3, 3, 0.0], [3, 4, 0.0]]",20,0.11428571428571428,9,True,0.00020027378923259676,5,1,0.0005703156930394471,2,8,1
11,11474,memorandum,"August 04, 2011","September 14, 1977",0.4335864782333374,6,0.4701143205165863,10,"[[3, 1, 0.5070052146911621], [1, 1, 0.48083367943763733], [0, 1, 0.44346868991851807], [2, 1, 0.44099873304367065], [3, 0, 0.43729889392852783]]",False,2,[],0.004088753387093629,12,"[[2, 0, 0.00768516222358198], [3, 1, 0.00291078765915065], [3, 0, 0.0016703102785482573]]",0.0,1,"[[2, 1, 0.0], [3, 0, 0.0], [3, 1, 0.0]]",20,0.11220238095238094,10,True,0.0032730645034462214,1,1,8.448042353847995e-05,7,8,1
12,9742,memorandum,"January 09, 2009","October 02, 2006",0.5004563331604004,3,0.49471689760684967,1,"[[0, 0, 0.5143201351165771], [1, 0, 0.479759156703949], [0, 1, 0.4704681634902954]]",False,2,[],0.016491612519097344,2,"[[1, 0, 0.022084406132521644], [1, 1, 0.01648201800284804], [0, 0, 0.010908413421922352]]",0.0,1,"[[0, 1, 0.0], [1, 0, 0.0], [1, 1, 0.0]]",20,0.1406926406926407,1,True,0.0020299017196521163,1,2,0.005423974595032632,1,8,3
12,9704,memorandum,"January 09, 2009","June 13, 2007",0.520749568939209,1,0.4853885918855667,2,"[[0, 0, 0.5331950187683105], [1, 0, 0.3419693112373352]]",False,2,[],0.009814736656705332,5,"[[0, 0, 0.014328547896336039], [1, 0, 0.0053009254170746254]]",0.0,1,"[[0, 0, 0.0], [1, 0, 0.0]]",20,0.13307359307359307,2,True,0.00020756137382704765,5,2,0.0007501666259486228,9,8,2
12,11017,memorandum,"January 09, 2009","August 14, 1990",0.4726774990558624,11,0.41915252804756165,4,"[[0, 0, 0.44518935680389404], [1, 0, 0.34104204177856445]]",False,2,[],0.004870640881604412,7,"[[0, 0, 0.008669054989525495], [1, 0, 0.0010722267736833274]]",0.0,1,"[[0, 0, 0.0], [1, 0, 0.0]]",20,0.1263227513227513,3,True,0.00014813080633757636,8,2,0.0008811127045191824,8,8,2
12,11137,memorandum,"January 09, 2009","September 23, 1987",0.47199171781539917,12,0.4054976999759674,7,"[[0, 0, 0.43087005615234375], [1, 0, 0.329380601644516]]",False,2,[],0.010762289380450096,4,"[[0, 0, 0.01868316347061276], [1, 0, 0.0028414152902874338]]",0.0,1,"[[0, 0, 0.0], [1, 0, 0.0]]",20,0.1263227513227513,4,True,0.00017420984295313247,6,2,0.0026876790798269212,4,8,2
12,11014,memorandum,"January 09, 2009","August 17, 1990",0.4623963236808777,16,0.41775090992450714,5,"[[0, 0, 0.4499586820602417], [1, 0, 0.32112759351730347]]",False,2,[],0.005102608470785375,6,"[[0, 0, 0.008437361026411799], [1, 0, 0.0017678559151589515]]",0.0,1,"[[0, 0, 0.0], [1, 0, 0.0]]",20,0.1260805860805861,5,True,0.00015070061635924503,7,2,0.001117657928261906,7,8,2
12,20,memorandum,"January 09, 2009","December 17, 2003",0.4864482879638672,5,0.36042405664920807,17,"[[1, 0, 0.39458590745925903], [0, 13, 0.38501840829849243], [0, 4, 0.3802066445350647], [0, 5, 0.3617543876171112], [0, 6, 0.34664666652679443], [1, 2, 0.33456701040267944], [0, 12, 0.3262102007865906], [0, 1, 0.32333189249038696], [1, 10, 0.31077927350997925], [1, 11, 0.31063348054885864], [0, 9, 0.3010540008544922], [0, 8, 0.30088478326797485], [1, 3, 0.29606932401657104], [0, 7, 0.2629019618034363]]",True,1,"[[1, 3, [""work closely with""]]]",0.01896243109591396,1,"[[0, 0, 0.019511045230808217], [0, 8, 0.01944794188509874], [0, 4, 0.017928306171834916]]",0.0,1,"[[1, 11, 0.0], [1, 12, 0.0], [1, 13, 0.0]]",20,0.12226512226512226,6,True,0.0005339749914128333,3,2,0.0004837061860598624,10,8,8
12,11363,memorandum,"January 09, 2009","August 02, 1979",0.4823642373085022,7,0.3975500911474228,8,"[[1, 3, 0.453756719827652], [1, 5, 0.4474424123764038], [0, 5, 0.38355326652526855], [1, 2, 0.3768041729927063], [0, 1, 0.3698311448097229], [1, 4, 0.36860668659210205], [0, 0, 0.33994024991989136], [1, 6, 0.27873495221138]]",False,2,[],0.0046750532957506,8,"[[1, 2, 0.0059255026989332125], [1, 4, 0.005111324141561138], [0, 4, 0.00298833304675745]]",0.0,1,"[[1, 4, 0.0], [1, 5, 0.0], [1, 6, 0.0]]",20,0.11904761904761904,7,True,0.0006471809756476432,2,2,0.004377121687866747,2,8,7
12,10174,memorandum,"January 09, 2009","June 12, 2000",0.47025707364082336,13,0.44097501039505005,3,"[[1, 2, 0.4741863012313843], [0, 2, 0.45570045709609985], [1, 0, 0.4209785461425781], [0, 1, 0.3558550477027893]]",False,2,[],0.0019330176077550316,16,"[[0, 0, 0.0028703517578614725], [0, 2, 0.001532478594151909], [1, 2, 0.001396222471251713]]",0.0,1,"[[1, 0, 0.0], [1, 1, 0.0], [1, 2, 0.0]]",20,0.11887508626639061,8,True,9.850024434854276e-05,9,2,0.0015619733021594584,6,8,4
12,10692,memorandum,"January 09, 2009","July 19, 1994",0.45086854696273804,21,0.40821655094623566,6,"[[0, 0, 0.43365466594696045], [1, 0, 0.3319022059440613]]",False,2,[],0.002420758306184344,14,"[[0, 0, 0.004322663186094327], [1, 0, 0.0005188534262743614]]",0.0,1,"[[0, 0, 0.0], [1, 0, 0.0]]",20,0.11549235078646844,9,True,6.889507130836137e-05,10,2,0.002165048848837614,5,8,2
12,15,memorandum,"January 09, 2009","May 04, 2007",0.4931532144546509,4,0.33267220854759216,21,"[[0, 3, 0.38201361894607544], [0, 1, 0.353132039308548], [0, 6, 0.34227317571640015], [0, 10, 0.334723562002182], [1, 6, 0.3250024914741516], [0, 0, 0.31249263882637024], [0, 8, 0.3005538582801819], [0, 2, 0.295144647359848], [0, 4, 0.29446882009506226], [0, 7, 0.28188905119895935], [0, 5, 0.2789159119129181], [0, 9, 0.2545926570892334]]",True,1,"[[0, 8, [""shall be implemented""]]]",0.01122998664380178,3,"[[0, 9, 0.01140244741152994], [0, 7, 0.011150247108438049], [0, 6, 0.011137265411437352]]",0.0,1,"[[1, 8, 0.0], [1, 9, 0.0], [1, 10, 0.0]]",20,0.11548755239105185,10,True,0.0003644241369329393,4,2,0.003417516825720668,3,8,8
13,9825,memorandum,"June 05, 2008","June 28, 2005",0.41904905438423157,16,0.6054146587848663,1,"[[3, 1, 0.7937068939208984], [3, 2, 0.7440068125724792], [4, 1, 0.6620604991912842], [2, 1, 0.5311922430992126], [2, 0, 0.508110761642456], [4, 3, 0.4824902415275574], [0, 0, 0.46146631240844727], [1, 1, 0.44532719254493713]]",False,2,[],0.10807021123209191,4,"[[3, 1, 0.16575260862027164], [2, 1, 0.09610391077329973], [0, 1, 0.06235411430270438]]",17.0,1,"[[2, 1, 20.0], [3, 1, 20.0], [0, 1, 11.0]]",20,0.1369047619047619,1,True,0.0028671587351709604,7,1,0.04023794084787369,5,8,1
13,24,memorandum,"June 05, 2008","March 11, 2002",0.39829063415527344,24,0.5291929841041565,5,"[[3, 7, 0.6452269554138184], [3, 6, 0.5922724008560181], [3, 2, 0.5595011115074158], [4, 4, 0.537712812423706], [1, 4, 0.4996088743209839], [2, 7, 0.49841833114624023], [0, 3, 0.49294328689575195], [2, 0, 0.478127121925354], [2, 1, 0.4478466510772705], [2, 5, 0.4352010190486908]]",True,1,"[[3, 2, [""shall submit""]]]",0.13141198164730555,1,"[[3, 7, 0.1683439487501774], [3, 6, 0.1215698013324096], [3, 2, 0.10432219485932966]]",3.3333333333333335,8,"[[3, 2, 10.0], [4, 5, 0.0], [4, 7, 0.0]]",20,0.12333333333333332,2,True,0.0005571116926148534,10,1,0.004264634568244219,8,8,1
13,9786,memorandum,"June 05, 2008","December 16, 2005",0.5858768224716187,3,0.5258655846118927,6,"[[1, 10, 0.5818029642105103], [3, 7, 0.578562319278717], [2, 7, 0.5548526048660278], [0, 11, 0.5526255369186401], [0, 3, 0.5505420565605164], [2, 8, 0.5451024770736694], [0, 5, 0.5390239357948303], [1, 9, 0.5364506244659424], [3, 13, 0.5272018909454346], [0, 1, 0.5249227285385132], [0, 12, 0.5179677605628967], [4, 13, 0.5064591765403748], [3, 6, 0.49803394079208374], [0, 4, 0.47763925790786743], [1, 0, 0.46602052450180054], [3, 15, 0.4153817892074585], [1, 14, 0.3925572335720062], [2, 2, 0.24609524011611938]]",True,1,"[[3, 7, [""shall submit""]], [3, 8, [""shall submit""]], [4, 6, [""shall provide""]]]",0.1071145443045527,5,"[[1, 10, 0.12329467558485187], [3, 7, 0.1207873740448613], [0, 10, 0.07726158328394492]]",15.0,3,"[[1, 10, 20.0], [0, 5, 13.0], [2, 7, 12.0]]",20,0.12193979933110369,3,True,0.004331502132117748,6,1,0.4130035638809204,3,8,1
13,18,memorandum,"June 05, 2008","August 27, 2004",0.6638199090957642,2,0.5736813843250275,3,"[[2, 0, 0.6530402898788452], [0, 0, 0.5181092619895935], [3, 0, 0.49141791462898254], [1, 0, 0.4698222279548645], [4, 0, 0.3392225503921509]]",True,1,"[[3, 0, [""shall submit""]]]",0.09559489495138389,6,"[[3, 0, 0.1811769902097941], [2, 0, 0.05565470952636365], [4, 0, 0.04995298511799387]]",0.0,9,"[[2, 0, 0.0], [3, 0, 0.0], [4, 0, 0.0]]",20,0.11642255795179333,4,True,0.02145073190331459,3,1,0.5058807730674744,2,8,2
13,22,memorandum,"June 05, 2008","September 16, 2003",0.6700388193130493,1,0.594514787197113,2,"[[3, 7, 0.758995771408081], [4, 7, 0.6784430146217346], [1, 6, 0.5985389351844788], [3, 4, 0.583462119102478], [1, 2, 0.5645622611045837], [0, 2, 0.5525593757629395], [2, 0, 0.5437657237052917], [2, 1, 0.5408151149749756], [0, 5, 0.5051150321960449], [0, 3, 0.40529727935791016]]",False,2,[],0.07981523206607474,8,"[[3, 7, 0.09946925431193049], [4, 4, 0.07202844420073642], [2, 7, 0.06794799768555732]]",0.0,9,"[[4, 5, 0.0], [4, 6, 0.0], [4, 7, 0.0]]",20,0.11565158978952082,5,True,0.9099069833755493,1,1,0.9416541457176208,1,8,1
13,23,memorandum,"June 05, 2008","February 28, 2003",0.480318546295166,8,0.5017703622579575,11,"[[4, 2, 0.5595827102661133], [1, 3, 0.5484486818313599], [3, 13, 0.5451722741127014], [2, 14, 0.5225446224212646], [3, 10, 0.5156083106994629], [3, 5, 0.5047922134399414], [3, 17, 0.5024912357330322], [2, 15, 0.49934154748916626], [0, 3, 0.4898639917373657], [2, 12, 0.48191115260124207], [1, 4, 0.4641767740249634], [1, 1, 0.4602891802787781], [2, 8, 0.45045292377471924], [3, 16, 0.4419599175453186], [3, 7, 0.4356039762496948], [0, 6, 0.4229363799095154], [4, 9, 0.387117475271225], [1, 0, 0.36410772800445557], [3, 11, 0.36099186539649963]]",True,1,"[[1, 1, [""shall coordinate""]], [2, 1, [""shall coordinate""]], [4, 5, [""shall provide""]], [4, 9, [""shall provide""]]]",0.11161465967320634,3,"[[3, 3, 0.17214581470054388], [3, 4, 0.08334963535067794], [2, 3, 0.07934852896839725]]",7.333333333333333,6,"[[0, 8, 11.0], [2, 8, 11.0], [4, 15, 0.0]]",20,0.11419786384723271,6,True,0.04672496020793915,2,1,0.03963884338736534,6,8,1
13,20,memorandum,"June 05, 2008","December 17, 2003",0.5062991380691528,6,0.48966868221759796,13,"[[3, 12, 0.6114156246185303], [3, 13, 0.6109284162521362], [3, 8, 0.5061256289482117], [2, 13, 0.5034607648849487], [4, 12, 0.5010894536972046], [1, 8, 0.49749529361724854], [0, 5, 0.49156448245048523], [0, 4, 0.46350282430648804], [3, 6, 0.45604419708251953], [3, 9, 0.44289010763168335], [0, 0, 0.4424758553504944], [2, 11, 0.4287724494934082], [2, 10, 0.4265548586845398], [1, 1, 0.41654282808303833], [0, 2, 0.3890875577926636], [2, 7, 0.375535249710083], [0, 3, 0.3552113175392151]]",True,1,"[[1, 1, [""shall coordinate""]], [1, 2, [""shall coordinate""]], [2, 1, [""shall coordinate""]], [2, 2, [""shall coordinate""]], [3, 13, [""shall submit""]], [4, 9, [""shall provide""]]]",0.13126833024504625,2,"[[3, 13, 0.1837170089520726], [3, 12, 0.13111714296895885], [2, 13, 0.07897083881410727]]",6.666666666666667,7,"[[0, 6, 10.0], [2, 6, 10.0], [4, 11, 0.0]]",20,0.1127946127946128,7,True,0.0012448433553799987,8,1,0.0013458605390042067,9,8,1
13,25,memorandum,"June 05, 2008","October 29, 2001",0.43291211128234863,12,0.5326671302318573,4,"[[1, 12, 0.6247634887695312], [3, 19, 0.6096954941749573], [3, 20, 0.590889573097229], [1, 13, 0.5799338817596436], [1, 2, 0.5701824426651001], [2, 18, 0.5653941631317139], [1, 14, 0.5569180250167847], [2, 15, 0.5565747618675232], [3, 10, 0.5507714748382568], [3, 17, 0.5439860820770264], [3, 1, 0.532228410243988], [2, 0, 0.5212409496307373], [1, 6, 0.520812451839447], [1, 16, 0.5180172920227051], [0, 12, 0.5026057362556458], [4, 1, 0.4812098741531372], [2, 7, 0.4572562575340271], [2, 4, 0.45480096340179443], [1, 3, 0.44319838285446167], [1, 5, 0.3948373794555664], [1, 11, 0.3877527713775635], [1, 8, 0.35454845428466797], [2, 9, 0.34680867195129395]]",True,1,"[[3, 14, [""shall submit""]], [3, 16, [""shall submit""]], [4, 3, [""shall provide""]], [4, 8, [""shall provide""]]]",0.07347068844648681,12,"[[3, 18, 0.12328870216975976], [2, 6, 0.054314214341018435], [3, 1, 0.04280914882868226]]",6.666666666666667,7,"[[0, 6, 10.0], [2, 6, 10.0], [4, 18, 0.0]]",20,0.10995370370370369,8,True,0.004792316816747189,5,1,0.043691057711839676,4,8,1
13,9865,memorandum,"June 05, 2008","November 18, 2004",0.46575552225112915,9,0.4858122617006302,14,"[[3, 3, 0.543056845664978], [3, 2, 0.526806652545929], [4, 2, 0.49154776334762573], [0, 2, 0.4789429306983948], [2, 1, 0.47865012288093567], [2, 0, 0.46123558282852173], [1, 2, 0.4604770541191101], [1, 4, 0.39569857716560364]]",False,2,[],0.07821193316589344,9,"[[3, 3, 0.10667961260454656], [3, 2, 0.06734952262346369], [2, 3, 0.060606664269670055]]",16.333333333333332,2,"[[2, 1, 19.0], [3, 1, 19.0], [0, 1, 11.0]]",20,0.10934906878111747,9,True,0.007755536586046219,4,1,0.007345826365053654,7,8,1
13,15,memorandum,"June 05, 2008","May 04, 2007",0.416694700717926,17,0.4682249575853348,16,"[[3, 3, 0.5496320724487305], [4, 9, 0.527053952217102], [2, 3, 0.4926583766937256], [3, 6, 0.4829920530319214], [3, 8, 0.48011159896850586], [0, 3, 0.4630761444568634], [1, 3, 0.43701156973838806], [3, 7, 0.4369741678237915], [3, 1, 0.43115049600601196], [3, 0, 0.42246049642562866], [0, 10, 0.41984254121780396], [0, 4, 0.3984173536300659], [4, 2, 0.37599003314971924], [3, 5, 0.3435736298561096]]",True,1,"[[1, 1, [""shall coordinate""]], [1, 5, [""shall coordinate""]], [2, 1, [""shall coordinate""]], [2, 5, [""shall coordinate""]], [4, 7, [""shall provide""]]]",0.07488981955972923,11,"[[3, 0, 0.11136274819852987], [3, 1, 0.05885130090016997], [3, 3, 0.054455409580487876]]",14.0,4,"[[2, 6, 20.0], [0, 1, 12.0], [3, 0, 10.0]]",20,0.10170250896057348,10,True,0.0007096704212017357,9,1,0.0011073390487581491,10,8,1
15,26,memorandum,"May 04, 2007","October 29, 2001",0.47873246669769287,11,0.5091037005186081,6,"[[1, 7, 0.6480779051780701], [1, 6, 0.6124007105827332], [1, 10, 0.5741896629333496], [1, 5, 0.5682873129844666], [1, 0, 0.5404723286628723], [1, 1, 0.5313539505004883], [0, 5, 0.5233395099639893], [9, 10, 0.5207958817481995], [4, 7, 0.517463207244873], [7, 5, 0.5161277055740356], [1, 8, 0.5116088390350342], [1, 3, 0.4967290759086609], [3, 5, 0.4853247404098511], [6, 5, 0.4771961271762848], [9, 2, 0.4723075032234192], [7, 9, 0.4715259075164795], [2, 9, 0.4340088963508606], [8, 8, 0.4252823293209076], [5, 7, 0.4186864197254181], [10, 9, 0.4123120903968811], [1, 4, 0.39471301436424255]]",True,1,"[[1, 6, [""shall coordinate""]], [1, 7, [""shall coordinate""]], [3, 3, [""shall perform""]], [4, 0, [""shall ensure""]], [4, 2, [""shall ensure""]], [4, 5, [""shall ensure""]], [5, 6, [""shall coordinate""]], [5, 7, [""shall coordinate""]], [7, 8, [""shall provide""]], [9, 0, [""shall ensure""]], [9, 2, [""shall ensure""]], [9, 5, [""shall ensure""]]]",0.10157612014190019,1,"[[0, 1, 0.11990440950302858], [1, 7, 0.09996276880957014], [6, 0, 0.08486118211310184]]",6.666666666666667,2,"[[6, 3, 20.0], [10, 8, 0.0], [10, 9, 0.0]]",20,0.13153513153513152,1,True,0.012722709216177464,2,1,0.9511421918869019,1,8,1
15,20,memorandum,"May 04, 2007","December 17, 2003",0.6306676268577576,1,0.5259351134300232,2,"[[10, 13, 0.6321926116943359], [6, 12, 0.5871679782867432], [3, 0, 0.5652257204055786], [7, 11, 0.5494863986968994], [0, 13, 0.5419797897338867], [4, 0, 0.5418529510498047], [4, 4, 0.5382663011550903], [9, 8, 0.5365175008773804], [7, 1, 0.5326657295227051], [1, 13, 0.5321579575538635], [8, 13, 0.517539918422699], [4, 2, 0.49840518832206726], [5, 0, 0.49719470739364624], [3, 6, 0.49267578125], [2, 3, 0.4797818064689636], [6, 10, 0.4600406587123871], [6, 5, 0.4345317482948303], [0, 9, 0.4171205759048462], [2, 7, 0.3898000419139862]]",True,1,"[[1, 1, [""shall coordinate""]], [1, 2, [""shall coordinate""]], [5, 1, [""shall coordinate""]], [5, 2, [""shall coordinate""]], [6, 12, [""shall report""]], [7, 9, [""shall provide""]]]",0.08233174173807432,3,"[[0, 13, 0.11760446780605925], [0, 12, 0.06798687668683093], [1, 13, 0.06140388072133279]]",0.0,5,"[[10, 11, 0.0], [10, 12, 0.0], [10, 13, 0.0]]",20,0.12893280632411067,2,True,0.0030994152184575796,3,1,0.1919327974319458,2,8,1
15,23,memorandum,"May 04, 2007","February 28, 2003",0.6088414192199707,2,0.5113394856452942,5,"[[1, 3, 0.5758836269378662], [4, 2, 0.5575235486030579], [0, 3, 0.5518526434898376], [4, 1, 0.5509800314903259], [9, 9, 0.5402624011039734], [5, 1, 0.5384244918823242], [7, 1, 0.535897433757782], [2, 9, 0.5345966219902039], [3, 8, 0.534331738948822], [3, 10, 0.5302610993385315], [0, 14, 0.52365642786026], [7, 5, 0.5012681484222412], [6, 3, 0.4987592101097107], [3, 7, 0.4949646294116974], [3, 6, 0.4949503540992737], [10, 17, 0.4775562584400177], [10, 16, 0.47650063037872314], [10, 13, 0.4741573929786682], [7, 0, 0.4685627222061157], [0, 15, 0.4667128622531891], [9, 11, 0.46596598625183105], [3, 12, 0.43823617696762085], [8, 2, 0.4175400137901306], [7, 4, 0.4066920876502991]]",True,1,"[[1, 1, [""shall coordinate""]], [4, 4, [""shall ensure""]], [5, 1, [""shall coordinate""]], [7, 5, [""shall provide""]], [7, 9, [""shall provide""]], [9, 4, [""shall ensure""]]]",0.09117744505182145,2,"[[0, 3, 0.1303806755244335], [0, 4, 0.07279005950830157], [0, 10, 0.07036160012272924]]",0.0,5,"[[10, 15, 0.0], [10, 16, 0.0], [10, 17, 0.0]]",20,0.12545454545454546,3,True,0.01784873753786087,1,1,0.0018243828089907765,8,8,1
15,9786,memorandum,"May 04, 2007","December 16, 2005",0.5328418016433716,4,0.4629669785499573,17,"[[8, 15, 0.5354893803596497], [1, 1, 0.5253050327301025], [9, 15, 0.5077568292617798], [6, 3, 0.5041517019271851], [9, 9, 0.500575840473175], [3, 9, 0.499815970659256], [1, 0, 0.4866611659526825], [9, 13, 0.48381686210632324], [3, 7, 0.47435662150382996], [10, 0, 0.47299259901046753], [7, 9, 0.4718893766403198], [0, 0, 0.4644995331764221], [4, 15, 0.4592743515968323], [8, 8, 0.4479891061782837], [2, 3, 0.4457092881202698], [10, 12, 0.4272959530353546], [6, 11, 0.4244641065597534], [3, 5, 0.42174291610717773], [10, 10, 0.4037819504737854], [6, 6, 0.4028240740299225], [5, 1, 0.39947864413261414], [10, 4, 0.38863280415534973], [8, 14, 0.37915438413619995], [6, 2, 0.3194468915462494]]",True,1,"[[4, 9, [""shall ensure""]], [4, 11, [""shall ensure""]], [7, 6, [""shall provide""]], [8, 14, [""shall be implemented""]], [8, 15, [""shall be implemented""]], [9, 9, [""shall ensure""]], [9, 11, [""shall ensure""]]]",0.069103469894668,4,"[[0, 3, 0.0764526008646701], [8, 14, 0.07167943364388843], [6, 13, 0.059178375175445455]]",7.333333333333333,1,"[[0, 3, 12.0], [1, 3, 10.0], [10, 15, 0.0]]",20,0.1163127413127413,4,True,0.0014214043039828539,5,1,0.013848611153662205,4,8,1
15,11704,memorandum,"May 04, 2007","September 02, 1966",0.45605021715164185,25,0.5295481532812119,1,"[[4, 0, 0.6121928095817566], [3, 0, 0.4864380955696106], [9, 0, 0.47691819071769714], [7, 0, 0.4653586149215698], [6, 0, 0.45764437317848206], [2, 0, 0.43180590867996216], [1, 0, 0.43128275871276855], [0, 0, 0.42375171184539795], [5, 0, 0.4123377799987793], [8, 0, 0.4019015431404114], [10, 0, 0.3163067698478699]]",False,2,[],0.007757426089799218,16,"[[6, 0, 0.01266390024612484], [9, 0, 0.005480685954998867], [3, 0, 0.005127692068273949]]",0.0,5,"[[8, 0, 0.0], [9, 0, 0.0], [10, 0, 0.0]]",20,0.11539682539682539,5,True,0.00041894835885614157,8,1,0.002234362531453371,7,8,1
15,9862,memorandum,"May 04, 2007","November 29, 2004",0.47778981924057007,12,0.4745576083660126,14,"[[8, 12, 0.5380711555480957], [7, 6, 0.5375809073448181], [4, 12, 0.5360523462295532], [6, 10, 0.5186679363250732], [3, 6, 0.5155969858169556], [3, 7, 0.5109395980834961], [9, 1, 0.48635900020599365], [3, 8, 0.4830823540687561], [2, 12, 0.4751453995704651], [10, 12, 0.4638849198818207], [3, 4, 0.45310771465301514], [3, 2, 0.44194525480270386], [3, 3, 0.44115930795669556], [5, 6, 0.4317746162414551], [6, 9, 0.4298097789287567], [6, 11, 0.4185284376144409], [0, 10, 0.40946081280708313], [1, 6, 0.40650177001953125], [3, 0, 0.39812082052230835], [2, 5, 0.39492157101631165]]",True,1,"[[7, 2, [""shall provide""]], [7, 4, [""shall provide""]], [7, 5, [""shall provide""]], [7, 9, [""shall provide""]], [7, 10, [""shall provide""]], [8, 12, [""shall be implemented""]]]",0.06429015488802653,5,"[[8, 12, 0.06819702865787533], [1, 10, 0.06636616131718111], [6, 6, 0.05830727468902314]]",4.0,3,"[[1, 10, 12.0], [10, 11, 0.0], [10, 12, 0.0]]",20,0.11289002557544757,6,True,0.0005747861578129232,7,1,0.037326883524656296,3,8,1
15,21,memorandum,"May 04, 2007","December 17, 2003",0.5711158514022827,3,0.5077470541000366,7,"[[7, 8, 0.5804324150085449], [4, 3, 0.561766505241394], [4, 1, 0.5555825233459473], [9, 1, 0.5496073365211487], [7, 5, 0.542070746421814], [3, 8, 0.5387914180755615], [7, 6, 0.5087454915046692], [7, 7, 0.5071985125541687], [6, 3, 0.5054115653038025], [5, 8, 0.5024704933166504], [7, 4, 0.5012030005455017], [0, 3, 0.5001590847969055], [6, 9, 0.49242696166038513], [2, 3, 0.48634204268455505], [1, 3, 0.4845007061958313], [4, 2, 0.4500899314880371], [3, 0, 0.4405416250228882], [10, 6, 0.4201042652130127], [8, 8, 0.3867853283882141]]",True,1,"[[1, 1, [""shall coordinate""]], [1, 3, [""shall coordinate""]], [5, 1, [""shall coordinate""]], [5, 3, [""shall coordinate""]], [7, 9, [""shall provide""]]]",0.03358187883016232,8,"[[0, 9, 0.046075698178032864], [3, 0, 0.02779416109412013], [6, 4, 0.02687577721833398]]",0.0,5,"[[10, 7, 0.0], [10, 8, 0.0], [10, 9, 0.0]]",20,0.11275132275132274,7,True,0.0017546142917126417,4,1,0.0018102108733728528,9,8,1
15,11040,memorandum,"May 04, 2007","February 16, 1990",0.4615216553211212,20,0.5216998308897018,3,"[[9, 0, 0.5592024326324463], [8, 0, 0.5591514706611633], [4, 0, 0.5274497270584106], [3, 0, 0.5165868997573853], [2, 0, 0.5078012943267822], [0, 0, 0.47224515676498413], [1, 0, 0.4704403579235077], [7, 0, 0.45094189047813416], [10, 0, 0.447719007730484], [6, 0, 0.44707924127578735], [5, 0, 0.36755216121673584]]",False,2,[],0.007738728041093868,17,"[[6, 0, 0.017450858621110524], [8, 0, 0.005765325502171081], [10, 0, 0.0]]",0.0,5,"[[8, 0, 0.0], [9, 0, 0.0], [10, 0, 0.0]]",20,0.11050528789659225,8,True,0.00024826108710840344,10,1,0.0017546142917126417,10,8,1
15,11422,memorandum,"May 04, 2007","October 31, 1978",0.46202656626701355,19,0.495133712887764,8,"[[4, 0, 0.5428256392478943], [1, 0, 0.5022123456001282], [6, 0, 0.5007070899009705], [3, 0, 0.488867849111557], [9, 0, 0.47605493664741516], [7, 0, 0.4704754054546356], [8, 0, 0.41883397102355957], [2, 0, 0.3980972468852997], [0, 0, 0.3939201831817627], [10, 0, 0.36931443214416504], [5, 0, 0.36055082082748413]]",False,2,[],0.01239576420115141,12,"[[6, 0, 0.03351773172557869], [7, 0, 0.00366956087787554], [10, 0, 0.0]]",3.3333333333333335,4,"[[6, 0, 10.0], [9, 0, 0.0], [10, 0, 0.0]]",20,0.10863095238095238,9,True,0.0006411777576431632,6,1,0.0027362213004380465,6,8,1
15,11662,memorandum,"May 04, 2007","November 08, 1968",0.4691656827926636,16,0.5135266333818436,4,"[[4, 1, 0.6321491599082947], [8, 1, 0.5082070827484131], [2, 1, 0.5060310959815979], [9, 1, 0.4997759461402893], [6, 1, 0.4776473939418793], [3, 1, 0.47462496161460876], [1, 1, 0.4656255543231964], [7, 1, 0.460796058177948], [4, 0, 0.4565938115119934], [0, 1, 0.44269755482673645], [10, 0, 0.4358108639717102], [5, 1, 0.4061339497566223]]",False,2,[],0.007141967979112213,18,"[[6, 1, 0.010586247460068707], [9, 1, 0.005600173078452055], [3, 1, 0.005239483398815877]]",0.0,5,"[[9, 1, 0.0], [10, 0, 0.0], [10, 1, 0.0]]",20,0.10798245614035087,10,True,0.0003029734070878476,9,1,0.006097561679780483,5,8,1
16,24,memorandum,"January 31, 2007","March 11, 2002",0.44642093777656555,7,0.5316325426101685,1,"[[13, 2, 0.6504722237586975], [13, 7, 0.6038196086883545], [13, 0, 0.5704378485679626], [1, 6, 0.5529537200927734], [11, 1, 0.5515910983085632], [8, 1, 0.5355952978134155], [13, 5, 0.5257591009140015], [3, 1, 0.5244750380516052], [13, 3, 0.5241361260414124], [7, 6, 0.5204700231552124], [2, 1, 0.5151849985122681], [12, 5, 0.5126915574073792], [0, 1, 0.5093856453895569], [5, 4, 0.48886391520500183], [14, 1, 0.4876153767108917], [6, 1, 0.476558119058609], [15, 7, 0.4755581021308899], [10, 1, 0.4599631428718567], [4, 1, 0.42099428176879883], [9, 1, 0.3938013017177582]]",True,1,"[[1, 4, [""shall establish""]], [2, 4, [""shall establish""]], [3, 3, [""shall ensure""]], [3, 5, [""shall ensure""]], [5, 3, [""shall ensure""]], [5, 5, [""shall ensure""]], [9, 3, [""shall ensure""]], [9, 5, [""shall ensure""]], [10, 3, [""shall ensure""]], [10, 5, [""shall ensure""]], [11, 3, [""shall ensure""]], [11, 5, [""shall ensure""]], [14, 3, [""shall ensure""]], [14, 5, [""shall ensure""]]]",0.05580800325135624,3,"[[13, 2, 0.0657893369220562], [13, 6, 0.05180860522908531], [13, 7, 0.049826067602927245]]",4.333333333333333,2,"[[13, 2, 13.0], [15, 5, 0.0], [15, 7, 0.0]]",20,0.13655185394315827,1,True,0.0001816438016248867,5,1,0.0008492456981912255,7,8,1
16,20,memorandum,"January 31, 2007","December 17, 2003",0.5288556218147278,2,0.5214575827121735,3,"[[13, 13, 0.617483377456665], [13, 12, 0.6078570485115051], [15, 8, 0.5631975531578064], [1, 8, 0.5552701354026794], [3, 8, 0.5471457839012146], [14, 10, 0.5431745052337646], [8, 8, 0.5423828959465027], [8, 0, 0.541053056716919], [12, 8, 0.5234925150871277], [6, 8, 0.5216019749641418], [7, 8, 0.5212714076042175], [14, 3, 0.5194503664970398], [2, 13, 0.516664981842041], [15, 5, 0.5136400461196899], [15, 4, 0.5133371353149414], [4, 8, 0.5091570019721985], [14, 1, 0.5068685412406921], [5, 0, 0.5038594007492065], [9, 8, 0.5004663467407227], [2, 6, 0.4916672110557556], [2, 11, 0.4908079504966736], [14, 2, 0.4880337417125702], [11, 8, 0.4824730157852173], [12, 9, 0.48070669174194336], [0, 10, 0.4653078019618988], [10, 8, 0.44024255871772766], [14, 7, 0.41449278593063354]]",True,1,"[[1, 5, [""shall establish""]], [2, 5, [""shall establish""]], [6, 8, [""shall develop""]], [6, 11, [""shall develop""]], [7, 9, [""shall provide""]], [12, 8, [""shall develop""]], [12, 11, [""shall develop""]], [15, 8, [""shall develop""]], [15, 11, [""shall develop""]]]",0.05912623735704531,2,"[[13, 13, 0.07156586249093494], [1, 8, 0.06127750443296981], [13, 12, 0.04453534514723118]]",0.0,5,"[[15, 11, 0.0], [15, 12, 0.0], [15, 13, 0.0]]",20,0.12893280632411067,2,True,0.00016410437820013613,6,1,0.01798621006309986,2,8,1
16,23,memorandum,"January 31, 2007","February 28, 2003",0.47187501192092896,4,0.49567562341690063,7,"[[13, 17, 0.5911656022071838], [13, 16, 0.5683124661445618], [5, 2, 0.5648277997970581], [13, 5, 0.5577384829521179], [9, 2, 0.5514538288116455], [5, 3, 0.5296810269355774], [13, 14, 0.5258147716522217], [15, 1, 0.5235481262207031], [13, 15, 0.5169134736061096], [8, 1, 0.5109494924545288], [13, 13, 0.507176399230957], [13, 10, 0.5039206147193909], [3, 2, 0.5036800503730774], [12, 7, 0.4998350739479065], [8, 6, 0.49640336632728577], [8, 9, 0.4891289174556732], [1, 2, 0.4869977831840515], [14, 2, 0.4859681725502014], [2, 8, 0.47575902938842773], [13, 4, 0.45973050594329834], [8, 12, 0.4550561308860779], [7, 17, 0.4500584900379181], [8, 0, 0.44309115409851074], [11, 9, 0.4413120448589325], [6, 2, 0.44086337089538574], [8, 11, 0.42832043766975403], [0, 8, 0.4256519079208374], [10, 9, 0.40616193413734436], [4, 2, 0.38212206959724426]]",True,1,"[[1, 0, [""shall establish""]], [1, 2, [""shall establish""]], [1, 3, [""shall establish""]], [2, 0, [""shall establish""]], [2, 2, [""shall establish""]], [2, 3, [""shall establish""]], [3, 4, [""shall ensure""]], [5, 4, [""shall ensure""]], [6, 6, [""shall develop""]], [6, 7, [""shall develop""]], [6, 12, [""shall develop""]], [7, 5, [""shall provide""]], [7, 9, [""shall provide""]], [9, 4, [""shall ensure""]], [10, 4, [""shall ensure""]], [11, 4, [""shall ensure""]], [12, 6, [""shall develop""]], [12, 7, [""shall develop""]], [12, 12, [""shall develop""]], [14, 4, [""shall ensure""]], [15, 6, [""shall develop""]], [15, 7, [""shall develop""]], [15, 12, [""shall develop""]]]",0.06337390947411821,1,"[[13, 3, 0.07996331217206933], [6, 7, 0.055357779607220846], [13, 4, 0.05480063664306444]]",0.0,5,"[[2, 1, 0.0], [2, 2, 0.0], [2, 3, 0.0]]",20,0.12465608465608466,3,True,0.0001837845629779622,4,1,0.13477592170238495,1,8,1
16,19,memorandum,"January 31, 2007","January 30, 2004",0.5375708937644958,1,0.5273004472255707,2,"[[12, 2, 0.6085955500602722], [14, 5, 0.6081457138061523], [11, 5, 0.5986361503601074], [13, 2, 0.5912181735038757], [8, 5, 0.572160542011261], [0, 5, 0.5507282018661499], [3, 5, 0.5461737513542175], [15, 5, 0.5445042848587036], [14, 3, 0.5285419225692749], [6, 5, 0.5244612693786621], [12, 1, 0.5238964557647705], [1, 2, 0.5229282379150391], [2, 2, 0.5191420316696167], [12, 7, 0.5018703937530518], [10, 5, 0.4943574070930481], [9, 5, 0.49406400322914124], [7, 2, 0.4893510043621063], [14, 0, 0.4883088171482086], [5, 0, 0.4819929003715515], [14, 6, 0.47971245646476746], [14, 8, 0.4749300181865692], [4, 5, 0.459617018699646], [15, 4, 0.4364885985851288]]",True,1,"[[1, 5, [""shall establish""]], [1, 7, [""shall establish""]], [2, 5, [""shall establish""]], [2, 7, [""shall establish""]], [6, 1, [""shall develop""]], [6, 4, [""shall develop""]], [12, 1, [""shall develop""]], [12, 4, [""shall develop""]], [15, 1, [""shall develop""]], [15, 4, [""shall develop""]]]",0.04329330132085113,7,"[[14, 5, 0.04665232856281791], [14, 4, 0.04348997673371369], [15, 4, 0.039737598666021785]]",0.0,5,"[[15, 6, 0.0], [15, 7, 0.0], [15, 8, 0.0]]",20,0.12249158249158248,4,True,0.0003611769643612206,2,1,0.004038591403514147,5,8,1
16,9862,memorandum,"January 31, 2007","November 29, 2004",0.4206296503543854,18,0.4851263761520386,10,"[[13, 9, 0.620082676410675], [2, 7, 0.59034663438797], [13, 10, 0.5686174631118774], [1, 7, 0.5487796664237976], [2, 4, 0.542134165763855], [2, 2, 0.5250460505485535], [2, 3, 0.5053723454475403], [2, 8, 0.5028457641601562], [1, 11, 0.49454331398010254], [7, 11, 0.4866390526294708], [2, 6, 0.48470449447631836], [5, 7, 0.4765838384628296], [3, 3, 0.4745348393917084], [7, 0, 0.46663159132003784], [6, 7, 0.45919036865234375], [8, 7, 0.4571528434753418], [12, 9, 0.45672276616096497], [15, 6, 0.45062538981437683], [5, 12, 0.4496611952781677], [4, 2, 0.4301747679710388], [14, 8, 0.43016937375068665], [11, 3, 0.4211997389793396], [13, 5, 0.40725865960121155], [10, 3, 0.40723806619644165], [9, 12, 0.40631312131881714], [8, 1, 0.39457467198371887], [0, 4, 0.34451401233673096]]",True,1,"[[1, 8, [""shall establish""]], [2, 8, [""shall establish""]], [6, 6, [""shall develop""]], [6, 8, [""shall develop""]], [7, 2, [""shall provide""]], [7, 4, [""shall provide""]], [7, 5, [""shall provide""]], [7, 9, [""shall provide""]], [7, 10, [""shall provide""]], [12, 6, [""shall develop""]], [12, 8, [""shall develop""]], [15, 6, [""shall develop""]], [15, 8, [""shall develop""]]]",0.04837678891283557,6,"[[13, 10, 0.068200663919701], [13, 6, 0.05648112119473482], [2, 8, 0.0204485816240709]]",7.333333333333333,1,"[[13, 6, 12.0], [13, 10, 10.0], [15, 12, 0.0]]",20,0.1194139194139194,5,True,2.4973849576781504e-05,9,1,0.0006771942134946585,8,8,1
16,22,memorandum,"January 31, 2007","September 16, 2003",0.4289465546607971,12,0.48597151041030884,9,"[[13, 7, 0.7119313478469849], [13, 4, 0.5678823590278625], [12, 5, 0.5228046178817749], [2, 4, 0.5129371881484985], [15, 5, 0.5070550441741943], [15, 1, 0.49945780634880066], [1, 7, 0.4883866608142853], [15, 6, 0.472129762172699], [15, 2, 0.46844130754470825], [6, 6, 0.4595212936401367], [7, 7, 0.4470122158527374], [14, 3, 0.43732893466949463], [11, 0, 0.4339981973171234], [5, 6, 0.4322986900806427], [8, 7, 0.42809274792671204], [3, 7, 0.42109084129333496], [4, 6, 0.4168395698070526], [9, 3, 0.3805701732635498], [10, 0, 0.3628830313682556], [0, 1, 0.36038869619369507]]",True,1,"[[1, 1, [""shall establish""]], [2, 1, [""shall establish""]], [6, 5, [""shall develop""]], [6, 6, [""shall develop""]], [12, 5, [""shall develop""]], [12, 6, [""shall develop""]], [15, 5, [""shall develop""]], [15, 6, [""shall develop""]]]",0.05029528310987868,5,"[[13, 7, 0.06557999564474096], [12, 5, 0.05525838245609535], [15, 5, 0.03004747122879973]]",0.0,5,"[[15, 5, 0.0], [15, 6, 0.0], [15, 7, 0.0]]",20,0.11448275862068966,6,True,0.00021402176935225725,3,1,0.0004108485300093889,9,8,1
16,21,memorandum,"January 31, 2007","December 17, 2003",0.5056308507919312,3,0.5163087248802185,5,"[[14, 3, 0.5832330584526062], [13, 9, 0.5765588879585266], [11, 3, 0.5717899799346924], [3, 3, 0.5605087280273438], [9, 3, 0.5583782196044922], [12, 8, 0.5537669062614441], [5, 8, 0.5478630661964417], [8, 3, 0.5308475494384766], [3, 1, 0.5283268094062805], [15, 3, 0.5273815393447876], [6, 8, 0.5152881741523743], [12, 5, 0.5149598121643066], [12, 6, 0.5129214525222778], [1, 3, 0.510596752166748], [2, 8, 0.4958163797855377], [3, 4, 0.4942499101161957], [10, 3, 0.48567965626716614], [7, 8, 0.47064101696014404], [6, 7, 0.45852527022361755], [14, 2, 0.45525193214416504], [4, 8, 0.4490092992782593], [15, 0, 0.44385629892349243], [0, 8, 0.38987913727760315]]",True,1,"[[1, 2, [""shall establish""]], [1, 4, [""shall establish""]], [1, 5, [""shall establish""]], [2, 2, [""shall establish""]], [2, 4, [""shall establish""]], [2, 5, [""shall establish""]], [6, 0, [""shall develop""]], [6, 6, [""shall develop""]], [6, 7, [""shall develop""]], [6, 8, [""shall develop""]], [7, 9, [""shall provide""]], [12, 0, [""shall develop""]], [12, 6, [""shall develop""]], [12, 7, [""shall develop""]], [12, 8, [""shall develop""]], [15, 0, [""shall develop""]], [15, 6, [""shall develop""]], [15, 7, [""shall develop""]], [15, 8, [""shall develop""]]]",0.03048132523090422,11,"[[13, 9, 0.033414931641025394], [6, 6, 0.03170093253481142], [13, 3, 0.026328111516875852]]",0.0,5,"[[15, 7, 0.0], [15, 8, 0.0], [15, 9, 0.0]]",20,0.11225806451612903,7,True,9.72351263044402e-05,7,1,0.0027576221618801355,6,8,1
16,10827,memorandum,"January 31, 2007","December 30, 1992",0.41432493925094604,19,0.44512395560741425,17,"[[8, 1, 0.5327386856079102], [9, 1, 0.4945327341556549], [10, 1, 0.465874046087265], [8, 0, 0.45607367157936096], [14, 1, 0.4219744801521301], [11, 1, 0.4188772141933441], [15, 1, 0.41675859689712524], [5, 1, 0.39299333095550537], [1, 1, 0.3915994167327881], [6, 1, 0.3861832618713379], [7, 1, 0.3835235834121704], [3, 1, 0.3818325400352478], [2, 1, 0.36399397253990173], [12, 1, 0.35477104783058167], [13, 0, 0.3297938108444214], [4, 1, 0.327016144990921], [0, 1, 0.27100515365600586]]",True,1,"[[3, 1, [""shall ensure""]], [5, 1, [""shall ensure""]], [9, 1, [""shall ensure""]], [10, 1, [""shall ensure""]], [11, 1, [""shall ensure""]], [14, 1, [""shall ensure""]]]",0.05438868376491134,4,"[[9, 1, 0.07205601269651857], [10, 1, 0.05373103682451304], [14, 1, 0.03737900177370244]]",0.0,5,"[[14, 1, 0.0], [15, 0, 0.0], [15, 1, 0.0]]",20,0.1086936936936937,8,True,0.001560889300890267,1,1,0.014728613197803497,3,8,1
16,11359,memorandum,"January 31, 2007","August 02, 1979",0.42161932587623596,17,0.5176791101694107,4,"[[1, 0, 0.5949806571006775], [1, 1, 0.5570871233940125], [3, 1, 0.5383599996566772], [7, 0, 0.5262711048126221], [5, 1, 0.49670884013175964], [2, 0, 0.4933297634124756], [14, 1, 0.4822181463241577], [15, 1, 0.4545207619667053], [11, 1, 0.44769808650016785], [13, 0, 0.44282329082489014], [12, 0, 0.44127392768859863], [8, 0, 0.44112926721572876], [9, 1, 0.43837976455688477], [6, 0, 0.4300881028175354], [4, 0, 0.3876190185546875], [0, 0, 0.3799237012863159], [10, 0, 0.3538646697998047]]",False,2,[],0.007367052225987454,17,"[[1, 0, 0.01152808296226871], [8, 0, 0.00586735398548333], [2, 0, 0.004705719730210324]]",0.0,5,"[[14, 1, 0.0], [15, 0, 0.0], [15, 1, 0.0]]",20,0.1086936936936937,9,True,1.4425705558096524e-05,10,1,0.000250207755016163,10,8,1
16,9786,memorandum,"January 31, 2007","December 16, 2005",0.4560382664203644,6,0.4641399383544922,13,"[[13, 7, 0.6086878776550293], [15, 1, 0.5102288722991943], [13, 6, 0.5071660876274109], [1, 1, 0.5028162002563477], [12, 1, 0.5006518363952637], [15, 9, 0.49974536895751953], [15, 3, 0.49506068229675293], [15, 5, 0.4922795295715332], [8, 0, 0.4911259412765503], [15, 4, 0.4754316508769989], [2, 1, 0.4709313213825226], [13, 8, 0.4663146734237671], [1, 13, 0.46382850408554077], [13, 10, 0.46270477771759033], [14, 1, 0.46102118492126465], [15, 11, 0.46098792552948], [7, 13, 0.46013662219047546], [5, 9, 0.4442180097103119], [11, 3, 0.44121211767196655], [13, 12, 0.43895018100738525], [3, 1, 0.4326699376106262], [9, 1, 0.41340431571006775], [6, 1, 0.41242632269859314], [12, 2, 0.41050833463668823], [10, 3, 0.3920752704143524], [0, 3, 0.39135056734085083], [4, 1, 0.3838725984096527], [8, 15, 0.3822455406188965], [5, 14, 0.37038320302963257]]",True,1,"[[3, 9, [""shall ensure""]], [3, 11, [""shall ensure""]], [5, 9, [""shall ensure""]], [5, 11, [""shall ensure""]], [6, 5, [""shall develop""]], [7, 6, [""shall provide""]], [9, 9, [""shall ensure""]], [9, 11, [""shall ensure""]], [10, 9, [""shall ensure""]], [10, 11, [""shall ensure""]], [11, 9, [""shall ensure""]], [11, 11, [""shall ensure""]], [12, 5, [""shall develop""]], [14, 9, [""shall ensure""]], [14, 11, [""shall ensure""]], [15, 5, [""shall develop""]]]",0.032027001779119636,9,"[[13, 3, 0.03423854521676657], [1, 10, 0.03176872941675421], [13, 6, 0.030073730703838116]]",3.6666666666666665,3,"[[13, 3, 11.0], [15, 13, 0.0], [15, 15, 0.0]]",20,0.10826404979328517,10,True,5.518923353520222e-05,8,1,0.01098694372922182,4,8,1
17,22,memorandum,"August 27, 2004","September 16, 2003",0.45984458923339844,7,0.5486487448215485,1,"[[6, 7, 0.7806797027587891], [5, 0, 0.6811447739601135], [6, 4, 0.6097699403762817], [4, 7, 0.5597113370895386], [2, 7, 0.5165120363235474], [2, 3, 0.49455761909484863], [6, 5, 0.4606923460960388], [2, 2, 0.4546406865119934], [3, 5, 0.45130276679992676], [4, 6, 0.44848042726516724], [2, 1, 0.44008582830429077], [0, 3, 0.437191903591156], [1, 4, 0.4307449460029602]]",True,1,"[[0, 2, [""shall implement""]], [5, 0, [""shall be implemented""]], [6, 4, [""shall report""]], [6, 7, [""shall report""]]]",0.3338754035682309,1,"[[6, 7, 0.6013352008620901], [5, 0, 0.3154745037004153], [4, 7, 0.08481650614218716]]",12.0,1,"[[6, 7, 26.0], [5, 0, 10.0], [6, 5, 0.0]]",20,0.14285714285714285,1,True,0.6757646203041077,1,1,0.9481545686721802,2,8,1
17,20,memorandum,"August 27, 2004","December 17, 2003",0.5507742166519165,1,0.5112382918596268,4,"[[6, 13, 0.6369577646255493], [4, 13, 0.6149080395698547], [6, 12, 0.6119312047958374], [2, 13, 0.5513235330581665], [5, 13, 0.5322275161743164], [3, 13, 0.5202264785766602], [2, 11, 0.5193792581558228], [3, 7, 0.5019927024841309], [0, 13, 0.4830225110054016], [4, 8, 0.4804252088069916], [2, 5, 0.4768370985984802], [2, 6, 0.4674995541572571], [2, 10, 0.46330034732818604], [5, 0, 0.45659756660461426], [1, 8, 0.4517136216163635], [2, 4, 0.4388154149055481], [2, 1, 0.4324934482574463], [2, 2, 0.43088170886039734], [2, 3, 0.41929563879966736], [4, 9, 0.39750611782073975]]",True,1,"[[0, 0, [""shall implement""]], [3, 7, [""should be considered""]], [6, 12, [""shall report""]]]",0.10886247113180576,3,"[[4, 13, 0.11591512548218462], [2, 13, 0.11081460514581255], [0, 0, 0.09985768276742012]]",10.333333333333334,2,"[[0, 0, 11.0], [2, 13, 10.0], [4, 13, 10.0]]",20,0.13059947299077734,2,True,0.42250463366508484,2,1,0.9678993225097656,1,8,1
17,23,memorandum,"August 27, 2004","February 28, 2003",0.49188393354415894,3,0.4832474887371063,7,"[[6, 5, 0.6052690744400024], [6, 16, 0.5254350900650024], [6, 17, 0.524882435798645], [4, 17, 0.5103666186332703], [6, 10, 0.5056849718093872], [3, 12, 0.499858021736145], [6, 13, 0.498276948928833], [6, 15, 0.4922696053981781], [2, 17, 0.48109519481658936], [1, 2, 0.47609084844589233], [6, 14, 0.46420150995254517], [6, 4, 0.4627217650413513], [4, 11, 0.45996907353401184], [0, 9, 0.45695897936820984], [2, 6, 0.44880518317222595], [6, 3, 0.44811052083969116], [3, 1, 0.4371834397315979], [5, 16, 0.4206516444683075], [4, 8, 0.4175533652305603], [6, 7, 0.41522955894470215], [2, 0, 0.3862335681915283]]",True,1,"[[1, 4, [""shall ensure""]], [4, 11, [""shall make""]]]",0.11445043510513427,2,"[[4, 3, 0.13080729705505031], [2, 3, 0.12430388090086292], [6, 3, 0.08824012735948962]]",0.0,3,"[[6, 15, 0.0], [6, 16, 0.0], [6, 17, 0.0]]",20,0.1259698433611477,3,True,0.031618766486644745,4,1,0.7520125508308411,3,8,1
17,9967,memorandum,"August 27, 2004","July 08, 2003",0.46257567405700684,6,0.524892270565033,2,"[[0, 1, 0.5913568735122681], [0, 2, 0.5579935312271118], [1, 1, 0.5152151584625244], [3, 1, 0.5030174255371094], [4, 2, 0.5012510418891907], [0, 0, 0.4988695979118347], [5, 1, 0.495656818151474], [2, 1, 0.4801099896430969], [6, 1, 0.4160381257534027]]",True,1,"[[1, 1, [""shall ensure""]]]",0.005743919251415916,11,"[[2, 2, 0.005806516705022639], [2, 0, 0.005794515153933676], [4, 2, 0.005630725895291435]]",0.0,3,"[[6, 0, 0.0], [6, 1, 0.0], [6, 2, 0.0]]",20,0.1211908708402397,4,True,0.005384937860071659,5,1,0.05665242671966553,6,8,1
17,21,memorandum,"August 27, 2004","December 17, 2003",0.4333232045173645,25,0.4644513577222824,8,"[[6, 9, 0.616734504699707], [2, 6, 0.5057991743087769], [4, 9, 0.48224544525146484], [2, 8, 0.46689456701278687], [2, 5, 0.4593809247016907], [3, 2, 0.4570047855377197], [2, 3, 0.44717884063720703], [0, 3, 0.44430041313171387], [2, 1, 0.4389316141605377], [1, 3, 0.42453694343566895], [2, 4, 0.4085618257522583], [2, 7, 0.38565292954444885], [5, 8, 0.38321560621261597], [3, 0, 0.3688352108001709]]",False,2,[],0.035187079648690577,5,"[[4, 9, 0.039682204570885005], [2, 9, 0.03803221792315971], [6, 9, 0.027846816452027023]]",0.0,3,"[[6, 7, 0.0], [6, 8, 0.0], [6, 9, 0.0]]",20,0.11919254658385092,5,True,0.0028009270317852497,6,1,0.03185885772109032,7,8,1
17,11728,memorandum,"August 27, 2004","February 16, 1966",0.44102221727371216,16,0.5145747363567352,3,"[[6, 0, 0.5756720304489136], [2, 0, 0.4886332154273987], [4, 0, 0.4760337471961975], [5, 0, 0.4281262755393982], [1, 0, 0.42738401889801025], [3, 0, 0.3971169888973236], [0, 0, 0.3813759684562683]]",False,2,[],0.0,15,"[[4, 0, 0.0], [5, 0, 0.0], [6, 0, 0.0]]",0.0,3,"[[4, 0, 0.0], [5, 0, 0.0], [6, 0, 0.0]]",20,0.115527950310559,6,True,0.00019871552649419755,10,1,0.06656918674707413,5,8,1
17,10210,memorandum,"August 27, 2004","December 17, 1999",0.43494272232055664,22,0.44091683626174927,13,"[[6, 6, 0.5200273990631104], [0, 6, 0.47669705748558044], [2, 1, 0.4473617970943451], [4, 5, 0.4448837339878082], [4, 2, 0.4349881410598755], [1, 6, 0.43064749240875244], [2, 0, 0.4265296459197998], [2, 4, 0.4106154441833496], [2, 3, 0.3922196626663208], [5, 6, 0.3889697194099426], [3, 5, 0.387622594833374]]",True,1,"[[4, 3, [""shall make""]]]",0.035387676563243514,4,"[[2, 6, 0.050659517134454504], [4, 3, 0.03262243250268894], [2, 3, 0.0228810800525871]]",0.0,3,"[[6, 4, 0.0], [6, 5, 0.0], [6, 6, 0.0]]",20,0.11544795783926218,7,True,0.0012160416226834059,7,1,0.027585284784436226,8,8,1
17,10607,memorandum,"August 27, 2004","June 28, 1995",0.5447020530700684,2,0.5081368982791901,5,"[[4, 2, 0.6269347071647644], [2, 2, 0.6073273420333862], [3, 2, 0.5566521286964417], [2, 0, 0.5430470705032349], [0, 2, 0.5201379060745239], [6, 2, 0.5172441601753235], [2, 1, 0.5114620327949524], [2, 5, 0.5055868625640869], [2, 3, 0.5013904571533203], [3, 6, 0.48128360509872437], [2, 8, 0.4790147542953491], [3, 9, 0.4712095260620117], [2, 11, 0.4640212059020996], [1, 2, 0.462127685546875], [5, 2, 0.4545013904571533], [3, 10, 0.4449656307697296], [2, 4, 0.39476969838142395], [3, 7, 0.35172802209854126]]",True,1,"[[2, 1, [""shall identify""]], [2, 8, [""shall identify""]], [4, 6, [""shall make""]], [4, 9, [""shall make""]]]",0.0034305100809929687,13,"[[2, 0, 0.010291530242978906], [6, 9, 0.0], [6, 11, 0.0]]",0.0,3,"[[6, 9, 0.0], [6, 10, 0.0], [6, 11, 0.0]]",20,0.11378129117259553,8,True,0.05184547230601311,3,1,0.43014732003211975,4,8,1
17,11033,memorandum,"August 27, 2004","April 25, 1990",0.4368323087692261,21,0.4476838558912277,11,"[[2, 0, 0.470500111579895], [4, 0, 0.4606632590293884], [0, 0, 0.44161319732666016], [3, 0, 0.4239383935928345], [5, 0, 0.4034205973148346], [6, 0, 0.39189839363098145], [1, 0, 0.3820391893386841]]",False,2,[],0.008457425724036715,8,"[[6, 0, 0.015817766324969937], [2, 0, 0.004850682002733435], [4, 0, 0.004703828844406775]]",0.0,3,"[[4, 0, 0.0], [5, 0, 0.0], [6, 0, 0.0]]",20,0.11145061109997996,9,True,0.00024923254386521876,9,1,0.011687257327139378,9,8,1
17,11089,memorandum,"August 27, 2004","November 18, 1988",0.44690781831741333,11,0.45082755386829376,10,"[[0, 0, 0.468667596578598], [1, 0, 0.4567755460739136], [2, 0, 0.4555584192276001], [4, 0, 0.4425913393497467], [6, 0, 0.42260462045669556], [5, 0, 0.4127759337425232], [3, 0, 0.37193912267684937]]",False,2,[],0.006545193848135047,9,"[[4, 0, 0.010027224163934612], [2, 0, 0.005170136648063515], [6, 0, 0.004438220732407016]]",0.0,3,"[[4, 0, 0.0], [5, 0, 0.0], [6, 0, 0.0]]",20,0.11129435282358821,10,True,0.00028130740975029767,8,1,0.004943688865751028,10,8,1
18,22,memorandum,"August 27, 2004","September 16, 2003",0.8096424341201782,1,0.5605370402336121,1,"[[0, 5, 0.5940241813659668], [0, 6, 0.581211507320404], [0, 4, 0.5762244462966919], [0, 1, 0.5702685713768005], [0, 7, 0.5395713448524475], [0, 0, 0.4570215344429016], [0, 2, 0.45030951499938965], [0, 3, 0.44776827096939087]]",False,2,[],0.08169323576680712,1,"[[0, 7, 0.16602161816644184], [0, 4, 0.059035181816369034], [0, 2, 0.02002290731761051]]",18.0,1,"[[0, 7, 54.0], [0, 5, 0.0], [0, 6, 0.0]]",20,0.14285714285714285,1,True,0.9713473320007324,1,1,0.9398984014987946,1,8,2
18,19,memorandum,"August 27, 2004","January 30, 2004",0.4535357654094696,10,0.4561365991830826,3,"[[0, 2, 0.5287749767303467], [0, 3, 0.4727250337600708], [0, 0, 0.385174036026001], [0, 5, 0.3728390336036682], [0, 4, 0.35935232043266296], [0, 1, 0.35431092977523804], [0, 8, 0.3512345850467682], [0, 7, 0.3257463872432709], [0, 6, 0.3013266324996948]]",True,1,"[[0, 8, [""shall submit""]]]",0.04835614309296124,6,"[[0, 2, 0.05829992833737295], [0, 3, 0.04438960625484892], [0, 4, 0.04237889468666185]]",11.0,3,"[[0, 0, 11.0], [0, 3, 11.0], [0, 4, 11.0]]",20,0.1254180602006689,2,True,0.003945406526327133,7,1,0.0024572652764618397,9,8,2
18,24,memorandum,"August 27, 2004","March 11, 2002",0.45534637570381165,9,0.45077651739120483,4,"[[0, 7, 0.48438864946365356], [0, 2, 0.45413103699684143], [0, 6, 0.45323777198791504], [0, 5, 0.4304223656654358], [0, 1, 0.4046343266963959], [0, 0, 0.38938671350479126], [0, 3, 0.3632364571094513], [0, 4, 0.3578779697418213]]",True,1,"[[0, 2, [""shall submit""]]]",0.06542136626214022,3,"[[0, 7, 0.08175727707018714], [0, 6, 0.07145664248051273], [0, 2, 0.043050179235720826]]",3.3333333333333335,7,"[[0, 5, 10.0], [0, 6, 0.0], [0, 7, 0.0]]",20,0.12218196457326891,3,True,0.0010733063099905849,9,1,0.022844898514449596,6,8,2
18,20,memorandum,"August 27, 2004","December 17, 2003",0.5177297592163086,3,0.41512736678123474,9,"[[0, 12, 0.45980700850486755], [0, 13, 0.44603395462036133], [0, 5, 0.41881459951400757], [0, 6, 0.41646867990493774], [0, 8, 0.4145108759403229], [0, 4, 0.3799499273300171], [0, 11, 0.36517804861068726], [0, 9, 0.36439090967178345], [0, 10, 0.3582701086997986], [0, 1, 0.3514697253704071], [0, 0, 0.3373159170150757], [0, 2, 0.3223699629306793], [0, 7, 0.28924858570098877], [0, 3, 0.262440025806427]]",True,1,"[[0, 13, [""shall submit""]]]",0.06628530874291629,2,"[[0, 13, 0.08289210733857229], [0, 12, 0.07270647978365234], [0, 8, 0.04325733910652423]]",7.0,5,"[[0, 8, 11.0], [0, 13, 10.0], [0, 12, 0.0]]",20,0.11993730407523512,4,True,0.0014214043039828539,8,1,0.005104718497022986,8,8,2
18,23,memorandum,"August 27, 2004","February 28, 2003",0.4744194447994232,6,0.422990620136261,6,"[[0, 15, 0.47115373611450195], [0, 17, 0.4522162079811096], [0, 14, 0.42073971033096313], [0, 16, 0.4153955578804016], [0, 10, 0.4098070561885834], [0, 5, 0.39836835861206055], [0, 8, 0.39734703302383423], [0, 6, 0.39465802907943726], [0, 1, 0.3833600878715515], [0, 4, 0.37023165822029114], [0, 7, 0.36569491028785706], [0, 3, 0.3588201403617859], [0, 13, 0.35844171047210693], [0, 0, 0.34366369247436523], [0, 12, 0.3298192620277405], [0, 2, 0.32057666778564453], [0, 11, 0.2891558110713959], [0, 9, 0.26744508743286133]]",False,2,[],0.04948611345669404,4,"[[0, 3, 0.05962028384727595], [0, 4, 0.04823394587320939], [0, 10, 0.0406041106495968]]",4.0,6,"[[0, 13, 12.0], [0, 16, 0.0], [0, 17, 0.0]]",20,0.11858974358974358,5,True,0.018689308315515518,6,1,0.0327014634385705,5,8,2
18,21,memorandum,"August 27, 2004","December 17, 2003",0.42572706937789917,15,0.41615088284015656,8,"[[0, 9, 0.45090121030807495], [0, 8, 0.44312584400177], [0, 6, 0.441936731338501], [0, 5, 0.4220781922340393], [0, 3, 0.3706156015396118], [0, 0, 0.3689829707145691], [0, 2, 0.35015445947647095], [0, 4, 0.32693183422088623], [0, 7, 0.3237053155899048], [0, 1, 0.31557366251945496]]",False,2,[],0.04102392182616871,7,"[[0, 0, 0.04823930785297321], [0, 9, 0.04688546612065641], [0, 5, 0.02794699150487651]]",11.333333333333334,2,"[[0, 9, 34.0], [0, 7, 0.0], [0, 8, 0.0]]",20,0.1182058682058682,6,True,0.00022604932019021362,10,1,0.0013411091640591621,10,8,2
18,25,memorandum,"August 27, 2004","October 29, 2001",0.5979918241500854,2,0.4630288779735565,2,"[[0, 15, 0.5048763155937195], [0, 18, 0.5042396187782288], [0, 20, 0.4990636706352234], [0, 13, 0.4812505841255188], [0, 12, 0.47983089089393616], [0, 19, 0.4772833287715912], [0, 1, 0.4537115693092346], [0, 0, 0.4466630816459656], [0, 4, 0.4374157786369324], [0, 10, 0.43315398693084717], [0, 16, 0.41615110635757446], [0, 3, 0.415395587682724], [0, 17, 0.41292309761047363], [0, 7, 0.4089459776878357], [0, 2, 0.3894491493701935], [0, 14, 0.3888494074344635], [0, 6, 0.3726884722709656], [0, 11, 0.36257442831993103], [0, 9, 0.3498075604438782], [0, 8, 0.3128287196159363], [0, 5, 0.2977086007595062]]",True,1,"[[0, 14, [""shall submit""]], [0, 16, [""shall submit""]]]",0.037002870533658465,8,"[[0, 18, 0.0710902156676103], [0, 1, 0.02001338565020369], [0, 14, 0.019905010283161405]]",0.0,8,"[[0, 18, 0.0], [0, 19, 0.0], [0, 20, 0.0]]",20,0.11688311688311688,7,True,0.06097518280148506,4,1,0.017243150621652603,7,8,2
18,11607,memorandum,"August 27, 2004","September 25, 1972",0.4719441533088684,7,0.43794816732406616,5,"[[0, 0, 0.43794816732406616]]",False,2,[],0.019470110922201116,9,"[[0, 0, 0.019470110922201116]]",0.0,8,"[[0, 0, 0.0]]",20,0.11019704433497537,8,True,0.31742629408836365,2,1,0.43014732003211975,2,8,1
18,26,memorandum,"August 27, 2004","October 29, 2001",0.4200893044471741,18,0.35280101001262665,15,"[[0, 5, 0.39734917879104614], [0, 9, 0.3612290620803833], [0, 6, 0.33193379640579224], [0, 3, 0.33075273036956787], [0, 10, 0.32103636860847473], [0, 0, 0.31708574295043945], [0, 7, 0.31481263041496277], [0, 1, 0.2888867259025574], [0, 2, 0.2772976756095886], [0, 8, 0.25893518328666687], [0, 4, 0.19146232306957245]]",False,2,[],0.048690148892596145,5,"[[0, 1, 0.06270834847245398], [0, 0, 0.05320631245470714], [0, 3, 0.03015578575062732]]",3.3333333333333335,7,"[[0, 3, 10.0], [0, 9, 0.0], [0, 10, 0.0]]",20,0.10560846560846561,9,True,0.05921025201678276,5,1,0.19150417298078537,3,8,2
18,9914,memorandum,"August 27, 2004","March 18, 2004",0.39511922001838684,23,0.4170847535133362,7,"[[0, 0, 0.4170847535133362]]",False,2,[],0.0033172229825817055,13,"[[0, 0, 0.0033172229825817055]]",0.0,8,"[[0, 0, 0.0]]",20,0.10305435305435305,10,True,0.18010665476322174,3,1,0.18242551386356354,4,8,1
19,20,memorandum,"January 30, 2004","December 17, 2003",0.6551726460456848,1,0.5297760367393494,2,"[[1, 8, 0.6045759916305542], [3, 3, 0.5921715497970581], [3, 10, 0.5779837369918823], [3, 12, 0.5680526494979858], [2, 12, 0.567747175693512], [3, 13, 0.5600317716598511], [7, 8, 0.5418304204940796], [3, 4, 0.535132646560669], [3, 11, 0.5253155827522278], [3, 0, 0.5228526592254639], [1, 9, 0.5177897214889526], [8, 11, 0.5156722068786621], [5, 8, 0.5118932723999023], [4, 3, 0.507145881652832], [0, 10, 0.5063683390617371], [3, 6, 0.5052275657653809], [1, 1, 0.502173125743866], [1, 2, 0.4980253577232361], [3, 5, 0.4771323800086975], [6, 8, 0.4660373628139496], [7, 7, 0.3596866726875305]]",True,1,"[[1, 8, [""shall develop""]], [1, 11, [""shall develop""]], [2, 1, [""shall coordinate""]], [2, 2, [""shall coordinate""]], [4, 8, [""shall develop""]], [4, 11, [""shall develop""]], [5, 5, [""shall establish""]], [7, 5, [""shall establish""]], [8, 13, [""shall submit""]]]",0.07363636306254341,1,"[[3, 8, 0.08241164466100107], [2, 8, 0.07024210311926678], [5, 8, 0.06825534140736236]]",11.0,3,"[[0, 8, 11.0], [4, 8, 11.0], [5, 6, 11.0]]",20,0.13655185394315827,1,True,0.02931223064661026,4,1,0.8244618773460388,1,8,1
19,21,memorandum,"January 30, 2004","December 17, 2003",0.5263126492500305,6,0.5119078755378723,4,"[[5, 3, 0.608235239982605], [5, 4, 0.5537289381027222], [3, 5, 0.5305421352386475], [5, 6, 0.5283710360527039], [7, 3, 0.5254727005958557], [3, 9, 0.5074309706687927], [2, 9, 0.5069440007209778], [3, 8, 0.5066710710525513], [8, 8, 0.5051894187927246], [1, 3, 0.5051354169845581], [3, 0, 0.5022600889205933], [6, 3, 0.4994385242462158], [4, 6, 0.4857848286628723], [3, 7, 0.4856953024864197], [3, 2, 0.44709494709968567], [0, 8, 0.44692152738571167], [8, 1, 0.4418356120586395]]",True,1,"[[1, 0, [""shall develop""]], [1, 6, [""shall develop""]], [1, 7, [""shall develop""]], [1, 8, [""shall develop""]], [2, 1, [""shall coordinate""]], [2, 3, [""shall coordinate""]], [4, 0, [""shall develop""]], [4, 6, [""shall develop""]], [4, 7, [""shall develop""]], [4, 8, [""shall develop""]], [5, 2, [""shall establish""]], [5, 4, [""shall establish""]], [5, 5, [""shall establish""]], [7, 2, [""shall establish""]], [7, 4, [""shall establish""]], [7, 5, [""shall establish""]]]",0.053714990444219325,4,"[[2, 0, 0.0561564142767245], [3, 5, 0.056008609415460126], [2, 1, 0.048979947640473365]]",12.0,2,"[[2, 1, 12.0], [5, 0, 12.0], [5, 1, 12.0]]",20,0.12878787878787878,2,True,0.008644177578389645,8,1,0.02822098508477211,5,8,1
19,23,memorandum,"January 30, 2004","February 28, 2003",0.5399770736694336,4,0.47857628762722015,11,"[[3, 8, 0.5369335412979126], [2, 17, 0.535129189491272], [1, 2, 0.5237399339675903], [4, 8, 0.5073733925819397], [3, 10, 0.4955649971961975], [2, 16, 0.49233385920524597], [5, 3, 0.48809677362442017], [3, 6, 0.48521554470062256], [2, 15, 0.4837031960487366], [2, 14, 0.4813346862792969], [7, 2, 0.47023195028305054], [2, 13, 0.47016018629074097], [3, 5, 0.46373528242111206], [4, 1, 0.4564037621021271], [8, 10, 0.45138686895370483], [3, 0, 0.4453314542770386], [3, 7, 0.44506290555000305], [6, 5, 0.44049736857414246], [3, 9, 0.43512633442878723], [1, 4, 0.4313986003398895], [0, 2, 0.425750732421875], [3, 11, 0.41876089572906494], [3, 12, 0.3824353814125061]]",True,1,"[[1, 6, [""shall develop""]], [1, 7, [""shall develop""]], [1, 12, [""shall develop""]], [2, 1, [""shall coordinate""]], [4, 6, [""shall develop""]], [4, 7, [""shall develop""]], [4, 12, [""shall develop""]], [5, 0, [""shall establish""]], [5, 2, [""shall establish""]], [5, 3, [""shall establish""]], [7, 0, [""shall establish""]], [7, 2, [""shall establish""]], [7, 3, [""shall establish""]]]",0.05485008857945595,3,"[[7, 15, 0.06367316752207886], [1, 13, 0.05453063721489307], [3, 15, 0.0463464610013959]]",7.333333333333333,5,"[[1, 13, 12.0], [5, 8, 10.0], [8, 15, 0.0]]",20,0.11573632538569426,3,True,0.40544870495796204,2,1,0.04707418009638786,3,8,1
19,22,memorandum,"January 30, 2004","September 16, 2003",0.4527479410171509,19,0.45990101993083954,15,"[[2, 7, 0.5306127667427063], [1, 2, 0.5301509499549866], [1, 1, 0.48322683572769165], [3, 7, 0.46669915318489075], [2, 4, 0.46395593881607056], [1, 3, 0.46046942472457886], [2, 5, 0.45411962270736694], [2, 6, 0.44826066493988037], [6, 6, 0.4418078362941742], [7, 5, 0.4387512803077698], [0, 3, 0.42763930559158325], [8, 7, 0.42016029357910156], [5, 6, 0.4185376763343811], [7, 0, 0.4063059389591217], [4, 5, 0.35461878776550293]]",True,1,"[[0, 0, [""shall be implemented""]], [1, 5, [""shall develop""]], [1, 6, [""shall develop""]], [4, 5, [""shall develop""]], [4, 6, [""shall develop""]], [5, 1, [""shall establish""]], [7, 1, [""shall establish""]]]",0.058174299421941654,2,"[[1, 2, 0.06253591260634293], [1, 7, 0.06216538098452312], [0, 0, 0.0498216046749589]]",10.666666666666666,4,"[[1, 2, 11.0], [1, 7, 11.0], [0, 0, 10.0]]",20,0.1156926406926407,4,True,0.013955710455775261,6,1,0.01374232117086649,7,8,1
19,24,memorandum,"January 30, 2004","March 11, 2002",0.503530740737915,7,0.5077419131994247,5,"[[3, 1, 0.555420458316803], [2, 2, 0.546812117099762], [2, 6, 0.5456165671348572], [2, 0, 0.5268712043762207], [1, 3, 0.5251911878585815], [2, 7, 0.5227935910224915], [5, 1, 0.5059837102890015], [1, 4, 0.5001214742660522], [2, 5, 0.4979119300842285], [4, 1, 0.46456196904182434], [8, 6, 0.45429399609565735], [7, 6, 0.4492996335029602], [0, 4, 0.44861483573913574], [6, 2, 0.4408454895019531]]",True,1,"[[5, 4, [""shall establish""]], [7, 4, [""shall establish""]], [8, 2, [""shall submit""]]]",0.023097542786815407,7,"[[4, 7, 0.029228956640539875], [2, 6, 0.02014319608485891], [3, 5, 0.019920475635047445]]",0.0,6,"[[8, 5, 0.0], [8, 6, 0.0], [8, 7, 0.0]]",20,0.1154985754985755,5,True,0.0032224839087575674,9,1,0.002590979216620326,9,8,1
19,11781,memorandum,"January 30, 2004","January 24, 1961",0.54313063621521,3,0.5128547549247742,3,"[[5, 0, 0.526122510433197], [7, 0, 0.520110547542572], [1, 0, 0.5132914781570435], [6, 0, 0.5115793943405151], [2, 0, 0.5099580883979797], [8, 0, 0.5002955198287964], [0, 0, 0.4761783182621002], [3, 0, 0.47562164068222046], [4, 0, 0.46312546730041504]]",False,2,[],0.01412494935187908,11,"[[4, 0, 0.014860786193353175], [7, 0, 0.013919654954460873], [1, 0, 0.013594406907823185]]",0.0,6,"[[6, 0, 0.0], [7, 0, 0.0], [8, 0, 0.0]]",20,0.11419786384723271,6,True,0.00011279297177679837,10,1,0.00018023050506599247,10,8,1
19,10259,memorandum,"January 30, 2004","July 03, 1999",0.49767205119132996,9,0.46470947563648224,13,"[[6, 0, 0.5070509910583496], [2, 2, 0.491790235042572], [5, 0, 0.46734803915023804], [7, 0, 0.45599865913391113], [3, 2, 0.453714519739151], [8, 2, 0.44400131702423096], [1, 0, 0.43111103773117065], [6, 1, 0.4252808094024658], [4, 2, 0.4210739731788635], [0, 0, 0.4203154146671295]]",False,2,[],0.021037883096130916,9,"[[4, 0, 0.024687796973857774], [1, 0, 0.019937100442975697], [7, 2, 0.018488751871559288]]",13.0,1,"[[4, 0, 15.0], [0, 0, 12.0], [1, 0, 12.0]]",20,0.11240483654276757,7,True,0.016914913430809975,5,1,0.012241275981068611,8,8,1
19,10456,memorandum,"January 30, 2004","January 25, 1997",0.5984518527984619,2,0.5336220860481262,1,"[[2, 1, 0.5874367356300354], [0, 1, 0.5557273030281067], [4, 0, 0.5273141264915466], [3, 1, 0.503677487373352], [7, 0, 0.5004698038101196], [6, 1, 0.4922858476638794], [5, 0, 0.48991918563842773], [1, 0, 0.4774360954761505], [8, 0, 0.4545518755912781]]",True,1,"[[3, 1, [""should identify""]]]",0.0030751385947419725,19,"[[2, 1, 0.006066097604194695], [4, 0, 0.003159318180031222], [8, 0, 0.0]]",0.0,6,"[[7, 1, 0.0], [8, 0, 0.0], [8, 1, 0.0]]",20,0.11172161172161171,8,True,0.9358173608779907,1,1,0.12940272688865662,2,8,1
19,10402,memorandum,"January 30, 2004","October 02, 1997",0.45434486865997314,18,0.4871673285961151,9,"[[6, 3, 0.5550621151924133], [2, 3, 0.5204476118087769], [6, 0, 0.5203011631965637], [0, 3, 0.5042765736579895], [6, 1, 0.49855077266693115], [3, 3, 0.47693493962287903], [4, 1, 0.47223716974258423], [5, 3, 0.4714575409889221], [1, 3, 0.46426451206207275], [7, 1, 0.4641457796096802], [5, 2, 0.4618379771709442], [2, 4, 0.43172502517700195], [8, 1, 0.39872676134109497]]",False,2,[],0.026427909501501073,6,"[[4, 1, 0.03150734164783813], [3, 4, 0.024311909374633983], [1, 4, 0.023464477482031107]]",0.0,6,"[[8, 2, 0.0], [8, 3, 0.0], [8, 4, 0.0]]",20,0.11140583554376658,9,True,0.008847354911267757,7,1,0.01428193412721157,6,8,1
19,11470,memorandum,"January 30, 2004","September 30, 1977",0.4949759542942047,10,0.49203921854496,7,"[[1, 2, 0.5409795641899109], [7, 0, 0.5122331380844116], [4, 2, 0.4824303984642029], [6, 0, 0.4808976650238037], [2, 2, 0.4733279049396515], [8, 0, 0.46922487020492554], [1, 1, 0.4673190414905548], [5, 2, 0.465352863073349], [0, 2, 0.4578058421611786], [3, 2, 0.41285908222198486]]",False,2,[],0.01946726299748584,10,"[[4, 1, 0.021651557172101075], [7, 1, 0.020065836846653355], [4, 0, 0.016684394973703078]]",0.0,6,"[[8, 0, 0.0], [8, 1, 0.0], [8, 2, 0.0]]",20,0.10883190883190882,10,True,0.05623634159564972,3,1,0.03704717382788658,4,8,1
20,23,memorandum,"December 17, 2003","February 28, 2003",0.6270198822021484,1,0.5395445823669434,2,"[[4, 3, 0.6227043867111206], [0, 1, 0.6109551191329956], [5, 4, 0.5698689818382263], [11, 10, 0.5688900947570801], [12, 5, 0.5688559412956238], [8, 2, 0.5666220188140869], [5, 17, 0.5610570311546326], [9, 2, 0.5406339168548584], [2, 1, 0.5403120517730713], [0, 0, 0.5372464656829834], [1, 1, 0.5353296995162964], [5, 6, 0.5340173840522766], [11, 8, 0.5325667262077332], [10, 6, 0.5217576622962952], [3, 1, 0.5188636779785156], [13, 14, 0.5174736976623535], [5, 15, 0.5024410486221313], [0, 9, 0.5016391277313232], [13, 13, 0.4943509101867676], [6, 8, 0.4938494861125946], [13, 16, 0.4931308329105377], [7, 12, 0.4817383885383606], [11, 11, 0.46264201402664185], [11, 7, 0.45159202814102173]]",True,1,"[[1, 1, [""shall coordinate""]], [2, 1, [""shall coordinate""]], [5, 0, [""shall establish""]], [5, 2, [""shall establish""]], [5, 3, [""shall establish""]], [8, 6, [""shall develop""]], [8, 7, [""shall develop""]], [8, 12, [""shall develop""]], [9, 5, [""shall provide""]], [9, 9, [""shall provide""]], [11, 6, [""shall develop""]], [11, 7, [""shall develop""]], [11, 12, [""shall develop""]]]",0.16546047334681854,1,"[[13, 3, 0.25777137568840364], [12, 3, 0.1506295582972909], [13, 4, 0.08798048605476111]]",21.333333333333332,2,"[[13, 3, 36.0], [12, 3, 18.0], [6, 8, 10.0]]",20,0.13852813852813853,1,True,0.008187909610569477,3,1,0.01542455144226551,4,8,1
20,24,memorandum,"December 17, 2003","March 11, 2002",0.5192021131515503,2,0.5489624440670013,1,"[[9, 3, 0.6037121415138245], [12, 2, 0.5954506993293762], [13, 7, 0.5925962924957275], [11, 1, 0.5743535161018372], [0, 1, 0.5555002689361572], [5, 2, 0.553579568862915], [9, 0, 0.5480389595031738], [3, 1, 0.5464336276054382], [10, 1, 0.544407069683075], [4, 1, 0.5396921038627625], [8, 4, 0.5392137169837952], [1, 1, 0.5255506038665771], [13, 6, 0.5227352976799011], [2, 1, 0.5141090750694275], [9, 5, 0.5083130598068237], [6, 4, 0.4224753677845001], [7, 1, 0.41615110635757446]]",True,1,"[[5, 4, [""shall establish""]], [13, 2, [""shall submit""]]]",0.09671158648193356,3,"[[13, 7, 0.10943418863949184], [13, 2, 0.09749622243580974], [13, 6, 0.08320434837049911]]",17.666666666666668,3,"[[13, 5, 36.0], [12, 5, 17.0], [13, 6, 0.0]]",20,0.13457556935817805,2,True,0.0037654137704521418,4,1,0.004365325439721346,6,8,1
20,26,memorandum,"December 17, 2003","October 29, 2001",0.47942712903022766,6,0.4669942408800125,11,"[[12, 5, 0.5537153482437134], [5, 5, 0.504627525806427], [5, 9, 0.49691444635391235], [5, 6, 0.49062061309814453], [4, 7, 0.48714664578437805], [5, 0, 0.48705223202705383], [10, 9, 0.4842635989189148], [8, 6, 0.4834100008010864], [1, 5, 0.48333442211151123], [0, 6, 0.48302194476127625], [8, 10, 0.481048583984375], [9, 9, 0.4808005690574646], [2, 5, 0.4651066064834595], [5, 3, 0.4588669538497925], [13, 8, 0.4586930572986603], [11, 9, 0.457244336605072], [3, 9, 0.4403165280818939], [12, 1, 0.4334259033203125], [6, 9, 0.43334707617759705], [11, 2, 0.4042978882789612], [8, 4, 0.37617582082748413], [7, 8, 0.3343200385570526]]",True,1,"[[1, 6, [""shall coordinate""]], [1, 7, [""shall coordinate""]], [2, 6, [""shall coordinate""]], [2, 7, [""shall coordinate""]], [9, 8, [""shall provide""]]]",0.11680162907775841,2,"[[13, 1, 0.1376560370949977], [13, 0, 0.12129302104632435], [12, 1, 0.09145582909195313]]",21.666666666666668,1,"[[13, 3, 38.0], [12, 3, 17.0], [4, 9, 10.0]]",20,0.1253316575897221,3,True,0.03594832494854927,1,1,0.15203224122524261,1,8,1
20,25,memorandum,"December 17, 2003","October 29, 2001",0.4253484606742859,24,0.5003505647182465,4,"[[8, 6, 0.6610672473907471], [9, 18, 0.5794887542724609], [5, 12, 0.5669745206832886], [6, 6, 0.5520405173301697], [12, 19, 0.5368536114692688], [9, 1, 0.5353220701217651], [8, 10, 0.5339374542236328], [13, 17, 0.5298278331756592], [0, 6, 0.5164036154747009], [9, 0, 0.5128777623176575], [9, 2, 0.5120939016342163], [12, 20, 0.5109263062477112], [9, 15, 0.5067921876907349], [1, 6, 0.49880778789520264], [5, 13, 0.49740082025527954], [5, 16, 0.4930351972579956], [9, 3, 0.48781120777130127], [4, 6, 0.48662069439888], [5, 14, 0.4857751429080963], [2, 6, 0.47867387533187866], [9, 4, 0.4724712371826172], [3, 6, 0.47102025151252747], [11, 17, 0.4622894823551178], [10, 6, 0.4516192674636841], [7, 14, 0.42044827342033386], [9, 7, 0.40267038345336914], [5, 5, 0.379775732755661], [5, 11, 0.3525882661342621], [6, 8, 0.3238402009010315], [13, 9, 0.3149907886981964]]",True,1,"[[0, 5, [""shall implement""]], [3, 18, [""work closely with""]], [8, 6, [""shall develop""]], [8, 9, [""shall develop""]], [9, 3, [""shall provide""]], [9, 8, [""shall provide""]], [11, 6, [""shall develop""]], [11, 9, [""shall develop""]], [12, 1, [""shall report""]], [13, 14, [""shall submit""]], [13, 16, [""shall submit""]]]",0.07492236179656676,5,"[[6, 6, 0.10329137791371618], [13, 18, 0.06570088946364631], [8, 2, 0.055774818012337815]]",4.0,5,"[[6, 6, 12.0], [4, 9, 0.0], [4, 10, 0.0]]",20,0.12166666666666667,4,True,0.002822832902893424,5,1,0.010328153148293495,5,8,1
20,22,memorandum,"December 17, 2003","September 16, 2003",0.5180148482322693,3,0.49982771277427673,6,"[[12, 7, 0.6140064001083374], [9, 1, 0.5821371078491211], [5, 5, 0.5671051144599915], [5, 2, 0.5487309098243713], [13, 7, 0.5452067255973816], [8, 7, 0.5019914507865906], [0, 0, 0.49073824286460876], [8, 3, 0.4715782701969147], [8, 6, 0.4705817699432373], [12, 4, 0.44884192943573], [6, 7, 0.4487306475639343], [4, 2, 0.4458237886428833], [1, 2, 0.44241440296173096], [11, 0, 0.42999550700187683], [10, 1, 0.42289847135543823], [2, 1, 0.4205319881439209], [3, 3, 0.40615323185920715], [7, 0, 0.3384332060813904]]",True,1,"[[0, 2, [""shall implement""]], [5, 1, [""shall establish""]], [8, 5, [""shall develop""]], [8, 6, [""shall develop""]], [11, 5, [""shall develop""]], [11, 6, [""shall develop""]], [12, 4, [""shall report""]], [12, 7, [""shall report""]]]",0.07817686547530688,4,"[[13, 7, 0.10604151727092877], [12, 7, 0.07321461443396489], [0, 0, 0.05527446472102698]]",0.0,6,"[[13, 5, 0.0], [13, 6, 0.0], [13, 7, 0.0]]",20,0.11858974358974358,5,True,0.010091315023601055,2,1,0.08819004893302917,2,8,1
20,11673,memorandum,"December 17, 2003","June 07, 1968",0.481224924325943,5,0.5064796954393387,3,"[[8, 3, 0.5751172304153442], [6, 3, 0.5578187704086304], [0, 4, 0.5450290441513062], [4, 4, 0.520785927772522], [0, 0, 0.5186939835548401], [6, 2, 0.5118401646614075], [11, 3, 0.5067700147628784], [1, 4, 0.4996589422225952], [2, 4, 0.496410608291626], [0, 1, 0.4929794669151306], [3, 0, 0.4766095280647278], [13, 3, 0.45257294178009033], [9, 2, 0.44359639286994934], [12, 4, 0.43863245844841003], [10, 3, 0.43685057759284973], [5, 4, 0.42498743534088135], [7, 3, 0.4043435752391815]]",True,1,"[[3, 2, [""work closely with""]]]",0.023826114141735685,9,"[[6, 3, 0.037545377377942044], [4, 3, 0.017856600102741316], [6, 2, 0.01607636494452369]]",0.0,6,"[[13, 2, 0.0], [13, 3, 0.0], [13, 4, 0.0]]",20,0.11642255795179333,6,True,0.0002332232252229005,9,1,0.0024726232513785362,7,8,1
20,11181,memorandum,"December 17, 2003","October 27, 1986",0.4356575906276703,16,0.47867515683174133,7,"[[3, 2, 0.5535424947738647], [0, 2, 0.5353006720542908], [8, 2, 0.5310345888137817], [1, 2, 0.5245929956436157], [2, 2, 0.5050239562988281], [0, 1, 0.5015556812286377], [4, 2, 0.4882115125656128], [10, 2, 0.4751734137535095], [0, 0, 0.4651263952255249], [8, 3, 0.4530511498451233], [12, 2, 0.449668824672699], [5, 2, 0.432464063167572], [6, 1, 0.4320448338985443], [11, 2, 0.41976502537727356], [13, 2, 0.4099131226539612], [9, 2, 0.3978158235549927], [7, 2, 0.3418881893157959]]",False,2,[],0.019273207625958577,11,"[[8, 2, 0.025314769813611956], [0, 0, 0.018395180510154933], [12, 2, 0.014109672554108846]]",0.0,6,"[[13, 1, 0.0], [13, 2, 0.0], [13, 3, 0.0]]",20,0.10775664001470453,7,True,0.0007854739669710398,7,1,0.0006512682302854955,9,8,1
20,9970,memorandum,"December 17, 2003","May 29, 2003",0.4379850924015045,12,0.4388795793056488,17,"[[2, 3, 0.484687864780426], [8, 3, 0.48438045382499695], [3, 3, 0.472830206155777], [6, 0, 0.47240129113197327], [0, 3, 0.4621269702911377], [4, 3, 0.4582679867744446], [6, 1, 0.45022469758987427], [5, 1, 0.4409646987915039], [8, 5, 0.43707430362701416], [12, 1, 0.4316932260990143], [11, 3, 0.427517831325531], [9, 3, 0.4219294786453247], [6, 2, 0.41183972358703613], [13, 0, 0.40175861120224], [1, 3, 0.40107080340385437], [8, 4, 0.3977687954902649], [10, 3, 0.38196635246276855], [7, 1, 0.3543736934661865]]",True,1,"[[6, 1, [""shall prepare""]], [9, 4, [""shall provide""]]]",0.03765125558501062,7,"[[13, 2, 0.05270153715399738], [12, 2, 0.03831739435181219], [5, 2, 0.021934835249222295]]",10.0,4,"[[13, 2, 20.0], [12, 2, 10.0], [13, 4, 0.0]]",20,0.10573073073073072,8,True,6.949273665668443e-05,10,1,0.0003951153776142746,10,8,1
20,10491,memorandum,"December 17, 2003","September 09, 1996",0.43601831793785095,14,0.4778642803430557,8,"[[4, 1, 0.523564338684082], [1, 1, 0.5153130292892456], [0, 1, 0.5118986964225769], [3, 1, 0.49697795510292053], [2, 1, 0.49425947666168213], [8, 1, 0.47974321246147156], [1, 0, 0.47041597962379456], [10, 1, 0.4633970260620117], [5, 1, 0.46109384298324585], [6, 1, 0.4395158886909485], [12, 1, 0.43606889247894287], [11, 1, 0.4227685332298279], [9, 1, 0.4045516848564148], [13, 1, 0.39565610885620117], [7, 1, 0.3775293529033661]]",False,2,[],0.0124296696131777,13,"[[12, 1, 0.014391154492109396], [8, 1, 0.012471078413293441], [6, 1, 0.010426775934130264]]",0.0,6,"[[12, 1, 0.0], [13, 0, 0.0], [13, 1, 0.0]]",20,0.10447885447885448,9,True,0.0003785036678891629,8,1,0.0012545945355668664,8,8,1
20,11607,memorandum,"December 17, 2003","September 25, 1972",0.4791153073310852,7,0.46018317341804504,13,"[[4, 0, 0.529189944267273], [2, 0, 0.4575238823890686], [9, 0, 0.4547165036201477], [0, 0, 0.44561251997947693], [8, 0, 0.43906235694885254], [5, 0, 0.40629735589027405], [1, 0, 0.40013331174850464], [10, 0, 0.3822832405567169], [12, 0, 0.37116169929504395], [3, 0, 0.3683615028858185], [6, 0, 0.3681773543357849], [11, 0, 0.36157190799713135], [13, 0, 0.2627406120300293], [7, 0, 0.22963741421699524]]",False,2,[],0.030321121699277365,8,"[[12, 0, 0.036325917018693296], [13, 0, 0.03508214631610984], [8, 0, 0.019555301763028964]]",0.0,6,"[[11, 0, 0.0], [12, 0, 0.0], [13, 0, 0.0]]",20,0.10447885447885448,10,True,0.0012160416226834059,6,1,0.03649376705288887,3,8,1
21,23,memorandum,"December 17, 2003","February 28, 2003",0.614120364189148,1,0.5701339542865753,2,"[[9, 5, 0.7252721190452576], [0, 1, 0.6167654991149902], [6, 5, 0.6120094060897827], [6, 4, 0.5978243350982666], [6, 6, 0.5958888530731201], [1, 11, 0.5866914391517639], [4, 11, 0.5845870971679688], [7, 1, 0.5754342079162598], [1, 9, 0.5701929330825806], [3, 3, 0.5673054456710815], [0, 0, 0.5628688335418701], [8, 8, 0.5623475313186646], [5, 6, 0.5590579509735107], [2, 8, 0.5564154386520386], [2, 12, 0.5519136786460876], [9, 10, 0.5361490249633789], [6, 17, 0.5211083889007568], [1, 2, 0.5200143456459045], [5, 7, 0.49188232421875], [9, 16, 0.4736223518848419], [5, 13, 0.4670324921607971], [5, 15, 0.4383361339569092], [9, 14, 0.4370121359825134]]",True,1,"[[0, 6, [""shall develop""]], [0, 7, [""shall develop""]], [0, 12, [""shall develop""]], [1, 1, [""shall coordinate""]], [2, 0, [""shall establish""]], [2, 2, [""shall establish""]], [2, 3, [""shall establish""]], [3, 1, [""shall coordinate""]], [4, 0, [""shall establish""]], [4, 2, [""shall establish""]], [4, 3, [""shall establish""]], [5, 0, [""shall establish""]], [5, 2, [""shall establish""]], [5, 3, [""shall establish""]], [6, 6, [""shall develop""]], [6, 7, [""shall develop""]], [6, 12, [""shall develop""]], [7, 6, [""shall develop""]], [7, 7, [""shall develop""]], [7, 12, [""shall develop""]], [8, 6, [""shall develop""]], [8, 7, [""shall develop""]], [8, 12, [""shall develop""]], [9, 5, [""shall provide""]], [9, 9, [""shall provide""]]]",0.07880394542064842,1,"[[0, 11, 0.08391942814084155], [0, 0, 0.08312580397829422], [1, 9, 0.06936660414280948]]",0.0,1,"[[9, 15, 0.0], [9, 16, 0.0], [9, 17, 0.0]]",20,0.1406926406926407,1,True,0.9339146018028259,1,1,0.9914886951446533,1,8,1
21,24,memorandum,"December 17, 2003","March 11, 2002",0.4575690031051636,20,0.5266097784042358,4,"[[9, 2, 0.6014747023582458], [6, 4, 0.5718532800674438], [8, 4, 0.5668705701828003], [1, 4, 0.5353866815567017], [4, 4, 0.5334510803222656], [8, 3, 0.5249224901199341], [4, 1, 0.5231258273124695], [9, 7, 0.5226562023162842], [3, 1, 0.5180368423461914], [7, 1, 0.5160061717033386], [5, 6, 0.5144611597061157], [0, 1, 0.4837651252746582], [9, 0, 0.48266053199768066], [2, 1, 0.4732770323753357], [9, 5, 0.432936429977417]]",True,1,"[[2, 4, [""shall establish""]], [4, 4, [""shall establish""]], [5, 4, [""shall establish""]]]",0.03869250902598859,2,"[[9, 2, 0.04743080890985431], [9, 7, 0.03525748888423305], [9, 6, 0.03338922928387843]]",0.0,1,"[[9, 5, 0.0], [9, 6, 0.0], [9, 7, 0.0]]",20,0.13474025974025974,2,True,0.00216576736420393,4,1,0.04054073989391327,2,8,1
21,11892,memorandum,"December 17, 2003","May 18, 1955",0.5917481184005737,3,0.570615142583847,1,"[[5, 0, 0.610150158405304], [7, 0, 0.6078199744224548], [3, 0, 0.5581752061843872], [4, 0, 0.5565595030784607], [8, 0, 0.5309104919433594], [1, 0, 0.5267753601074219], [6, 0, 0.5070723295211792], [2, 0, 0.49284031987190247], [0, 0, 0.47308728098869324], [9, 0, 0.4474108815193176]]",False,2,[],0.007270435207859596,13,"[[4, 0, 0.008549979004643226], [6, 0, 0.007661853455839992], [0, 0, 0.005599473163095571]]",0.0,1,"[[7, 0, 0.0], [8, 0, 0.0], [9, 0, 0.0]]",20,0.12554112554112554,3,True,0.0010322310263291001,6,1,0.017176710069179535,4,8,1
21,11701,memorandum,"December 17, 2003","November 11, 1966",0.5139424800872803,6,0.5166000723838806,7,"[[8, 0, 0.6080002188682556], [5, 0, 0.550725519657135], [4, 0, 0.5328367948532104], [1, 1, 0.5199976563453674], [7, 0, 0.4812195897102356], [8, 2, 0.479911744594574], [0, 1, 0.4761780798435211], [3, 0, 0.46266040205955505], [6, 1, 0.45460933446884155], [2, 0, 0.44771048426628113], [9, 1, 0.4383646249771118]]",False,2,[],0.013423369084949838,5,"[[8, 1, 0.017533323013602747], [6, 1, 0.01187735335805053], [6, 0, 0.010859430883196236]]",0.0,1,"[[9, 0, 0.0], [9, 1, 0.0], [9, 2, 0.0]]",20,0.12465608465608466,4,True,0.004609572701156139,2,1,0.01897803694009781,3,8,1
21,10677,memorandum,"December 17, 2003","September 13, 1994",0.45871686935424805,18,0.49536050856113434,12,"[[1, 3, 0.545157253742218], [1, 1, 0.542094886302948], [3, 3, 0.5371509790420532], [4, 1, 0.5327168703079224], [8, 1, 0.5299091339111328], [7, 3, 0.5260200500488281], [5, 3, 0.4999772608280182], [8, 2, 0.46770304441452026], [0, 3, 0.4568127691745758], [6, 3, 0.45418164134025574], [4, 0, 0.43633249402046204], [9, 2, 0.4322139322757721], [2, 3, 0.41485095024108887]]",True,1,"[[1, 1, [""shall coordinate""]], [3, 1, [""shall coordinate""]]]",0.015237192466419391,3,"[[9, 0, 0.020726274292862806], [0, 3, 0.013495737303237346], [4, 2, 0.011489565803158016]]",0.0,1,"[[9, 1, 0.0], [9, 2, 0.0], [9, 3, 0.0]]",20,0.12234730848861283,5,True,4.813724444829859e-05,10,1,0.0030994152184575796,9,8,1
21,11926,memorandum,"December 17, 2003","April 30, 1954",0.5943925380706787,2,0.5530463755130768,3,"[[5, 0, 0.5984898805618286], [7, 0, 0.5738661289215088], [4, 0, 0.5475789308547974], [8, 0, 0.5087406039237976], [3, 0, 0.5079399347305298], [6, 0, 0.49539661407470703], [1, 0, 0.48715972900390625], [2, 0, 0.4792044162750244], [0, 0, 0.4448333978652954], [9, 0, 0.432819128036499]]",False,2,[],0.00729945575689393,12,"[[4, 0, 0.008584106959552796], [6, 0, 0.007692436383484919], [0, 0, 0.005621823927644079]]",0.0,1,"[[7, 0, 0.0], [8, 0, 0.0], [9, 0, 0.0]]",20,0.12234730848861283,6,True,0.0002663404738996178,9,1,0.0060503981076180935,6,8,1
21,10491,memorandum,"December 17, 2003","September 09, 1996",0.495105117559433,7,0.5247757732868195,5,"[[1, 1, 0.5571050643920898], [3, 1, 0.5532422661781311], [8, 1, 0.5519940853118896], [4, 1, 0.5381536483764648], [3, 0, 0.5186394453048706], [7, 1, 0.5091558694839478], [0, 1, 0.49920815229415894], [5, 1, 0.49631306529045105], [2, 1, 0.4921709895133972], [6, 0, 0.47830626368522644], [9, 1, 0.4411431550979614]]",False,2,[],0.009300092715304513,9,"[[2, 0, 0.010894522863582676], [0, 1, 0.009563250830390427], [4, 0, 0.007442504451940435]]",0.0,1,"[[8, 1, 0.0], [9, 0, 0.0], [9, 1, 0.0]]",20,0.12210180623973726,7,True,0.0015487611526623368,5,1,0.0011335689341649413,10,8,1
21,11673,memorandum,"December 17, 2003","June 07, 1968",0.48288023471832275,9,0.48408782482147217,14,"[[1, 0, 0.5227056741714478], [8, 3, 0.515710175037384], [4, 0, 0.5092750191688538], [7, 0, 0.5055760145187378], [3, 0, 0.49803221225738525], [1, 4, 0.4850206971168518], [5, 3, 0.47997474670410156], [8, 1, 0.47968026995658875], [2, 0, 0.4667511582374573], [0, 0, 0.4420173466205597], [6, 0, 0.4410226047039032], [8, 2, 0.4342290163040161], [9, 2, 0.42600035667419434]]",False,2,[],0.013440452664833414,4,"[[1, 4, 0.024934337535832157], [0, 4, 0.00785258551248444], [7, 4, 0.007534434946183645]]",0.0,1,"[[9, 2, 0.0], [9, 3, 0.0], [9, 4, 0.0]]",20,0.11869747899159663,8,True,0.0004108485300093889,8,1,0.005060331895947456,8,8,1
21,11662,memorandum,"December 17, 2003","November 08, 1968",0.476123571395874,10,0.5019024312496185,10,"[[1, 1, 0.5727721452713013], [3, 1, 0.5328434705734253], [5, 1, 0.5210844278335571], [4, 1, 0.5010870695114136], [4, 0, 0.4985567033290863], [8, 1, 0.4673355221748352], [2, 1, 0.45136696100234985], [0, 1, 0.43423992395401], [7, 0, 0.40899449586868286], [6, 1, 0.4076443314552307], [9, 0, 0.3840356171131134]]",False,2,[],0.011200426854660028,7,"[[1, 0, 0.015348152440613374], [0, 0, 0.009592713355503733], [1, 1, 0.00866041476786297]]",0.0,1,"[[8, 1, 0.0], [9, 0, 0.0], [9, 1, 0.0]]",20,0.11798941798941798,9,True,0.0023967307060956955,3,1,0.005685906391590834,7,8,1
21,11704,memorandum,"December 17, 2003","September 02, 1966",0.48313799500465393,8,0.5150887668132782,8,"[[3, 0, 0.5525707602500916], [1, 0, 0.5410909056663513], [5, 0, 0.5393956899642944], [8, 0, 0.5292261838912964], [4, 0, 0.4882068932056427], [0, 0, 0.4564695954322815], [2, 0, 0.45159912109375], [7, 0, 0.42821186780929565], [6, 0, 0.40806567668914795], [9, 0, 0.38123100996017456]]",False,2,[],0.007430010307396855,10,"[[1, 0, 0.008475633327356227], [2, 0, 0.007229429683183195], [4, 0, 0.006584967911651145]]",0.0,1,"[[7, 0, 0.0], [8, 0, 0.0], [9, 0, 0.0]]",20,0.11666666666666667,10,True,0.0006986756925471127,7,1,0.009412589482963085,5,8,1
22,24,memorandum,"September 16, 2003","March 11, 2002",0.48126283288002014,4,0.5620871484279633,1,"[[2, 4, 0.6156526803970337], [2, 3, 0.6100013852119446], [7, 7, 0.6051464080810547], [0, 1, 0.5794938206672668], [7, 2, 0.571853756904602], [7, 6, 0.5666483640670776], [1, 3, 0.5525346398353577], [5, 6, 0.5514423251152039], [4, 7, 0.5448166131973267], [1, 5, 0.5202582478523254], [2, 0, 0.5083433985710144], [6, 6, 0.4868490695953369], [3, 3, 0.4800606369972229]]",True,1,"[[1, 4, [""shall establish""]]]",0.0735479780038427,2,"[[7, 2, 0.08422342762544957], [7, 6, 0.08029244635351199], [4, 7, 0.056128060032566526]]",0.0,1,"[[7, 5, 0.0], [7, 6, 0.0], [7, 7, 0.0]]",20,0.1406926406926407,1,True,0.01578456163406372,5,1,0.0333368219435215,8,8,1
22,25,memorandum,"September 16, 2003","October 29, 2001",0.5446652770042419,1,0.5558996498584747,2,"[[2, 2, 0.652428150177002], [2, 12, 0.6347203254699707], [7, 19, 0.6129526495933533], [0, 18, 0.6030681729316711], [1, 0, 0.5953578948974609], [7, 20, 0.586129903793335], [1, 15, 0.5732364654541016], [6, 13, 0.5660719871520996], [1, 3, 0.5631755590438843], [2, 6, 0.5478575825691223], [5, 12, 0.5456397533416748], [6, 7, 0.5419514179229736], [4, 19, 0.5333534479141235], [2, 1, 0.5317815542221069], [7, 10, 0.530410647392273], [2, 14, 0.5261569023132324], [0, 5, 0.5122551918029785], [7, 17, 0.5076484680175781], [2, 4, 0.4890499711036682], [3, 12, 0.48158830404281616], [2, 16, 0.4602639973163605], [5, 9, 0.43007323145866394], [6, 8, 0.42237693071365356], [6, 11, 0.41085880994796753]]",True,1,"[[2, 5, [""shall implement""]], [3, 11, [""shall conduct""]], [4, 1, [""shall report""]], [5, 6, [""shall develop""]], [5, 9, [""shall develop""]], [6, 6, [""shall develop""]], [6, 9, [""shall develop""]], [7, 1, [""shall report""]]]",0.06725059442980148,4,"[[2, 2, 0.08300941139338779], [7, 2, 0.06851525062198122], [7, 18, 0.05022712127403545]]",0.0,1,"[[7, 18, 0.0], [7, 19, 0.0], [7, 20, 0.0]]",20,0.13474025974025974,2,True,0.10894504189491272,4,1,0.07369627058506012,5,8,1
22,23,memorandum,"September 16, 2003","February 28, 2003",0.5190731287002563,2,0.508637011051178,4,"[[5, 15, 0.5674500465393066], [0, 14, 0.5591464042663574], [5, 12, 0.5579807758331299], [5, 17, 0.5542970299720764], [5, 4, 0.5496068000793457], [2, 2, 0.5411593914031982], [1, 2, 0.5307183265686035], [7, 17, 0.5293926000595093], [7, 13, 0.5265629291534424], [7, 5, 0.5182588696479797], [5, 16, 0.5173770189285278], [1, 1, 0.5170426368713379], [5, 6, 0.5050781965255737], [2, 3, 0.5008224248886108], [7, 10, 0.4976729452610016], [0, 0, 0.4788281321525574], [6, 1, 0.47397473454475403], [5, 7, 0.47040703892707825], [4, 2, 0.4416975975036621], [3, 2, 0.43755412101745605], [5, 9, 0.42973241209983826], [5, 8, 0.4202626943588257], [5, 11, 0.41678667068481445]]",True,1,"[[1, 0, [""shall establish""]], [1, 2, [""shall establish""]], [1, 3, [""shall establish""]], [5, 6, [""shall develop""]], [5, 7, [""shall develop""]], [5, 12, [""shall develop""]], [6, 6, [""shall develop""]], [6, 7, [""shall develop""]], [6, 12, [""shall develop""]]]",0.07120248937648406,3,"[[7, 3, 0.10541118829044673], [7, 4, 0.06008277688898775], [7, 10, 0.04811350295001771]]",0.0,1,"[[7, 15, 0.0], [7, 16, 0.0], [7, 17, 0.0]]",20,0.1327639751552795,3,True,0.11201596260070801,3,1,0.8757869601249695,1,8,1
22,11614,memorandum,"September 16, 2003","March 08, 1972",0.3999304473400116,23,0.5319417864084244,3,"[[2, 0, 0.5731924176216125], [6, 1, 0.5585225820541382], [5, 1, 0.5196850895881653], [0, 1, 0.49520331621170044], [1, 0, 0.49023115634918213], [7, 1, 0.47612816095352173], [3, 0, 0.4637089967727661], [4, 1, 0.40753641724586487]]",False,2,[],0.03394042369040913,5,"[[7, 0, 0.051063684583841355], [2, 0, 0.026150843729449414], [0, 1, 0.024606742757936617]]",0.0,1,"[[6, 1, 0.0], [7, 0, 0.0], [7, 1, 0.0]]",20,0.13109730848861284,4,True,0.004166256170719862,7,1,0.04885777831077576,7,8,1
22,26,memorandum,"September 16, 2003","October 29, 2001",0.44027310609817505,10,0.4554869830608368,14,"[[5, 5, 0.5218409895896912], [5, 6, 0.5043029189109802], [2, 9, 0.4884083569049835], [5, 7, 0.4861752390861511], [7, 10, 0.475149929523468], [5, 0, 0.47022485733032227], [1, 9, 0.4640861749649048], [0, 9, 0.4478246569633484], [5, 3, 0.4465991258621216], [7, 1, 0.4449874758720398], [3, 8, 0.43734946846961975], [6, 5, 0.4225533604621887], [4, 2, 0.3957442343235016], [3, 4, 0.3271147906780243]]",False,2,[],0.0785205871774861,1,"[[7, 1, 0.09821457347256021], [7, 0, 0.09465545161565896], [7, 3, 0.042691736444239126]]",0.0,1,"[[7, 8, 0.0], [7, 9, 0.0], [7, 10, 0.0]]",20,0.12464985994397759,5,True,0.5832033753395081,1,1,0.005598248448222876,9,8,1
22,10060,memorandum,"September 16, 2003","March 12, 2002",0.4023352861404419,17,0.4953573942184448,7,"[[4, 1, 0.5877467393875122], [7, 1, 0.505704402923584], [6, 1, 0.48163193464279175], [5, 1, 0.46812447905540466], [0, 0, 0.4514462947845459], [3, 1, 0.4377143979072571], [2, 1, 0.43562912940979004], [1, 1, 0.4009486138820648]]",False,2,[],0.013754309878521456,7,"[[0, 1, 0.019108224451016745], [7, 1, 0.015325718229451342], [4, 1, 0.0068289869550962855]]",0.0,1,"[[6, 1, 0.0], [7, 0, 0.0], [7, 1, 0.0]]",20,0.12169312169312169,6,True,0.0025114635936915874,9,1,0.2523840367794037,3,8,1
22,11326,memorandum,"September 16, 2003","April 07, 1980",0.4352404773235321,12,0.49451154470443726,8,"[[6, 0, 0.5405405759811401], [2, 0, 0.5231052041053772], [0, 0, 0.5025953054428101], [5, 0, 0.4600568413734436], [1, 0, 0.45628321170806885], [3, 0, 0.38047337532043457], [7, 0, 0.37928277254104614], [4, 0, 0.34552285075187683]]",False,2,[],0.01158060830647689,8,"[[7, 0, 0.01562916877330034], [2, 0, 0.013426100698857683], [4, 0, 0.005686555447272644]]",0.0,1,"[[5, 0, 0.0], [6, 0, 0.0], [7, 0, 0.0]]",20,0.11904761904761904,7,True,7.426381489494815e-05,10,1,0.0020507434383034706,10,8,1
22,11607,memorandum,"September 16, 2003","September 25, 1972",0.49708428978919983,3,0.45937860012054443,11,"[[1, 0, 0.5241852402687073], [0, 0, 0.5036917924880981], [2, 0, 0.4767407774925232], [6, 0, 0.45404717326164246], [5, 0, 0.37110766768455505], [7, 0, 0.3225107789039612], [3, 0, 0.26325854659080505], [4, 0, 0.2410336434841156]]",False,2,[],0.023758256163657097,6,"[[7, 0, 0.04130905196331324], [2, 0, 0.016765232294825627], [0, 0, 0.013200484232832427]]",0.0,1,"[[5, 0, 0.0], [6, 0, 0.0], [7, 0, 0.0]]",20,0.11833865059671511,8,True,0.28776782751083374,2,1,0.29746994376182556,2,8,1
22,10121,memorandum,"September 16, 2003","January 15, 2001",0.45272427797317505,7,0.4960114061832428,6,"[[2, 0, 0.5280627012252808], [5, 0, 0.49687138199806213], [0, 0, 0.496305376291275], [6, 0, 0.47868937253952026], [1, 0, 0.45613792538642883], [4, 0, 0.4499770998954773], [3, 0, 0.43459951877593994], [7, 0, 0.3710373044013977]]",False,2,[],0.008004551345793932,13,"[[4, 0, 0.014906746140137823], [0, 0, 0.006550510653276461], [1, 0, 0.002556397243967506]]",0.0,1,"[[5, 0, 0.0], [6, 0, 0.0], [7, 0, 0.0]]",20,0.11638361638361638,9,True,0.005179713014513254,6,1,0.057918086647987366,6,8,1
22,10009,memorandum,"September 16, 2003","November 26, 2002",0.47937288880348206,5,0.49658478796482086,5,"[[0, 0, 0.5573325157165527], [1, 0, 0.5185652375221252], [6, 0, 0.5033531188964844], [5, 0, 0.44072508811950684], [2, 0, 0.4157145321369171], [4, 0, 0.37608012557029724], [7, 0, 0.3551713824272156], [3, 0, 0.31975454092025757]]",False,2,[],0.0,20,"[[5, 0, 0.0], [6, 0, 0.0], [7, 0, 0.0]]",0.0,1,"[[5, 0, 0.0], [6, 0, 0.0], [7, 0, 0.0]]",20,0.11261904761904762,10,True,0.0031480705365538597,8,1,0.16451644897460938,4,8,1
23,24,memorandum,"February 28, 2003","March 11, 2002",0.5241512060165405,6,0.561566174030304,1,"[[16, 7, 0.6547259092330933], [4, 4, 0.6352664828300476], [4, 2, 0.6157882809638977], [4, 3, 0.6119250059127808], [5, 2, 0.6091323494911194], [17, 7, 0.5940030813217163], [2, 4, 0.5864161849021912], [4, 6, 0.5763183832168579], [13, 7, 0.5669254660606384], [14, 7, 0.5617058277130127], [15, 7, 0.5551453232765198], [0, 1, 0.5487654805183411], [17, 0, 0.5454845428466797], [9, 1, 0.5421254634857178], [1, 1, 0.5361112356185913], [6, 6, 0.5167679190635681], [7, 1, 0.5126673579216003], [10, 1, 0.4969989061355591], [3, 1, 0.4795621931552887], [12, 7, 0.465153306722641], [8, 1, 0.46210911870002747], [5, 5, 0.4527122974395752], [11, 1, 0.4505820870399475]]",True,1,"[[0, 4, [""shall establish""]], [2, 4, [""shall establish""]], [3, 4, [""shall establish""]], [4, 3, [""shall ensure""]], [4, 5, [""shall ensure""]], [17, 0, [""shall seek""]]]",0.1057677038055125,2,"[[17, 7, 0.1078063863049277], [3, 2, 0.10726112458977832], [17, 6, 0.10223560052183146]]",11.333333333333334,2,"[[3, 5, 34.0], [17, 5, 0.0], [17, 7, 0.0]]",20,0.13852813852813853,1,True,0.010489091277122498,2,1,0.9889278411865234,1,8,1
23,26,memorandum,"February 28, 2003","October 29, 2001",0.5090567469596863,8,0.5127081125974655,5,"[[3, 7, 0.6391072273254395], [5, 5, 0.5944316387176514], [3, 6, 0.5939801931381226], [13, 10, 0.5804036259651184], [6, 5, 0.5408572554588318], [0, 7, 0.54058837890625], [7, 5, 0.5355455875396729], [3, 3, 0.5226759314537048], [7, 9, 0.5220832824707031], [13, 0, 0.5197921395301819], [5, 1, 0.5189946889877319], [4, 10, 0.5074869394302368], [14, 3, 0.5065243244171143], [16, 9, 0.4903334975242615], [1, 7, 0.49007648229599], [3, 8, 0.48158228397369385], [12, 5, 0.4644370675086975], [5, 2, 0.4615480899810791], [15, 3, 0.46134352684020996], [2, 7, 0.44949838519096375], [9, 6, 0.4473896026611328], [17, 5, 0.4378185272216797], [10, 10, 0.4369351863861084], [11, 2, 0.41561591625213623], [8, 5, 0.3928871750831604], [13, 4, 0.3869752287864685]]",True,1,"[[1, 6, [""shall coordinate""]], [1, 7, [""shall coordinate""]], [4, 0, [""shall ensure""]], [4, 2, [""shall ensure""]], [4, 5, [""shall ensure""]], [5, 8, [""shall provide""]], [9, 8, [""shall provide""]], [10, 10, [""shall assist""]]]",0.1474653955772712,1,"[[3, 1, 0.17538785952150798], [3, 0, 0.15418731233591532], [10, 1, 0.11282101487439032]]",15.333333333333334,1,"[[3, 3, 36.0], [3, 0, 10.0], [17, 8, 0.0]]",20,0.13523809523809524,2,True,0.026556573808193207,1,1,0.740174412727356,2,8,1
23,10491,memorandum,"February 28, 2003","September 09, 1996",0.5954322814941406,1,0.5220022350549698,2,"[[1, 1, 0.5837488770484924], [9, 1, 0.5739181637763977], [3, 1, 0.5621145367622375], [0, 1, 0.5619577765464783], [1, 0, 0.5476452708244324], [6, 1, 0.5325809717178345], [10, 1, 0.5301516056060791], [2, 1, 0.5032437443733215], [4, 0, 0.5008001923561096], [11, 1, 0.486646443605423], [7, 1, 0.47073861956596375], [12, 1, 0.46599772572517395], [8, 1, 0.4551534056663513], [5, 1, 0.4288104772567749], [14, 1, 0.4286835789680481], [13, 1, 0.40952372550964355], [16, 1, 0.3950350284576416], [15, 1, 0.3685774505138397], [17, 1, 0.35185134410858154]]",False,2,[],0.015569614389685989,8,"[[1, 0, 0.016329316323830067], [9, 1, 0.01570307297220146], [4, 0, 0.01467645387302644]]",0.0,3,"[[16, 1, 0.0], [17, 0, 0.0], [17, 1, 0.0]]",20,0.12464709203839638,3,True,0.0023413405288010836,4,1,0.0009697519126348197,8,8,1
23,11944,memorandum,"February 28, 2003","June 01, 1953",0.5141778588294983,7,0.5011593699455261,6,"[[3, 4, 0.5979866981506348], [3, 1, 0.5696778297424316], [0, 4, 0.5286083221435547], [1, 4, 0.5279266238212585], [5, 3, 0.5194234251976013], [4, 3, 0.5182376503944397], [6, 3, 0.5016432404518127], [7, 3, 0.49758490920066833], [13, 3, 0.4972086548805237], [2, 1, 0.47785696387290955], [9, 1, 0.47591257095336914], [14, 4, 0.4704083204269409], [3, 2, 0.46909967064857483], [10, 3, 0.4669031798839569], [3, 0, 0.46287083625793457], [12, 3, 0.44075292348861694], [15, 4, 0.44020143151283264], [17, 4, 0.4379942715167999], [16, 4, 0.4309133291244507], [8, 4, 0.40314602851867676], [11, 1, 0.38041824102401733]]",False,2,[],0.0178084379194296,7,"[[13, 3, 0.0283785569917554], [15, 0, 0.01534006933540024], [17, 0, 0.009706687431133154]]",0.0,3,"[[17, 2, 0.0], [17, 3, 0.0], [17, 4, 0.0]]",20,0.11897683636814071,4,True,0.00022516825993079692,10,1,0.00014482441474683583,10,8,1
23,10008,memorandum,"February 28, 2003","November 26, 2002",0.49698400497436523,10,0.5155636817216873,4,"[[1, 0, 0.5804555416107178], [9, 0, 0.5200324058532715], [0, 0, 0.5153298377990723], [14, 0, 0.5037247538566589], [3, 0, 0.4867984652519226], [6, 0, 0.48087161779403687], [15, 0, 0.46087172627449036], [10, 0, 0.4549071192741394], [13, 0, 0.4484493136405945], [17, 0, 0.43657970428466797], [12, 0, 0.43517985939979553], [11, 0, 0.42356669902801514], [7, 0, 0.4166032671928406], [4, 0, 0.4117668867111206], [5, 0, 0.40376415848731995], [8, 0, 0.40240851044654846], [16, 0, 0.366415411233902], [2, 0, 0.3643677532672882]]",False,2,[],0.011663720341032266,14,"[[15, 0, 0.017770966980712084], [14, 0, 0.009884061542791013], [11, 0, 0.007336132499593696]]",0.0,3,"[[15, 0, 0.0], [16, 0, 0.0], [17, 0, 0.0]]",20,0.11455669224211423,5,True,0.00032630760688334703,6,1,0.001056683948263526,7,8,1
23,11181,memorandum,"February 28, 2003","October 27, 1986",0.4894769787788391,13,0.48208197951316833,11,"[[3, 2, 0.6011301279067993], [1, 2, 0.5656478404998779], [9, 2, 0.5308220982551575], [2, 2, 0.53055739402771], [6, 2, 0.5238626599311829], [0, 2, 0.5030351281166077], [3, 3, 0.48944705724716187], [10, 2, 0.4866522550582886], [3, 0, 0.4579978883266449], [3, 1, 0.45294374227523804], [7, 2, 0.45253950357437134], [4, 2, 0.45164749026298523], [8, 2, 0.44760850071907043], [13, 2, 0.4455411434173584], [12, 2, 0.43089914321899414], [15, 0, 0.417836993932724], [11, 2, 0.41609930992126465], [17, 2, 0.40087324380874634], [5, 0, 0.3969346582889557], [16, 2, 0.3814697861671448], [14, 0, 0.36495983600616455]]",True,1,"[[8, 2, [""shall consult""]]]",0.018922352165991724,6,"[[3, 0, 0.027695855921494685], [3, 1, 0.014819669299320517], [15, 0, 0.014251531277159975]]",0.0,3,"[[17, 1, 0.0], [17, 2, 0.0], [17, 3, 0.0]]",20,0.11419786384723271,6,True,0.00033930176869034767,5,1,0.010408313944935799,3,8,1
23,10968,memorandum,"February 28, 2003","January 25, 1991",0.5059695243835449,9,0.47492852807044983,13,"[[10, 1, 0.534940779209137], [9, 1, 0.5229981541633606], [3, 1, 0.5023248791694641], [4, 1, 0.4889349341392517], [6, 1, 0.46867191791534424], [2, 1, 0.46844160556793213], [13, 1, 0.4649670124053955], [3, 0, 0.45989492535591125], [7, 1, 0.4560867249965668], [1, 1, 0.45589178800582886], [11, 1, 0.4544668197631836], [5, 1, 0.4401722550392151], [15, 0, 0.43629464507102966], [17, 0, 0.4244343936443329], [12, 1, 0.42137864232063293], [8, 1, 0.4170178771018982], [16, 1, 0.39876237511634827], [14, 0, 0.39627668261528015], [0, 1, 0.39184463024139404]]",True,1,"[[8, 1, [""shall consult""]]]",0.022153121832523503,5,"[[9, 1, 0.030192503484583702], [11, 1, 0.01932001718812879], [8, 1, 0.016946844824858025]]",0.0,3,"[[16, 1, 0.0], [17, 0, 0.0], [17, 1, 0.0]]",20,0.11378129117259553,7,True,0.0002287133247591555,9,1,0.0010817153379321098,6,8,1
23,11673,memorandum,"February 28, 2003","June 07, 1968",0.5358080267906189,5,0.491937056183815,8,"[[0, 1, 0.5787377953529358], [1, 4, 0.5726778507232666], [1, 0, 0.5284791588783264], [3, 4, 0.5233569741249084], [9, 0, 0.5144126415252686], [2, 3, 0.49516525864601135], [7, 1, 0.4932593107223511], [10, 3, 0.4683162569999695], [6, 1, 0.4608129560947418], [1, 2, 0.45677831768989563], [13, 3, 0.4451057016849518], [4, 4, 0.4410790205001831], [5, 3, 0.4396938979625702], [8, 3, 0.4330314099788666], [12, 3, 0.42847636342048645], [11, 0, 0.4244399070739746], [14, 3, 0.40124833583831787], [17, 3, 0.39782074093818665], [16, 3, 0.3950985074043274], [15, 3, 0.32238224148750305]]",False,2,[],0.01531755520923554,9,"[[13, 3, 0.01614546105494879], [15, 4, 0.015079240351056022], [8, 3, 0.01472796422170181]]",0.0,3,"[[17, 2, 0.0], [17, 3, 0.0], [17, 4, 0.0]]",20,0.11367530520454058,8,True,0.00022960825299378484,8,1,0.0026522597763687372,5,8,1
23,11607,memorandum,"February 28, 2003","September 25, 1972",0.46816739439964294,21,0.4464132934808731,20,"[[0, 0, 0.5269239544868469], [1, 0, 0.4992572069168091], [3, 0, 0.45948320627212524], [6, 0, 0.4100418984889984], [4, 0, 0.4017167091369629], [5, 0, 0.38820621371269226], [14, 0, 0.3828209638595581], [7, 0, 0.37581172585487366], [9, 0, 0.34858840703964233], [13, 0, 0.3456784784793854], [2, 0, 0.34365516901016235], [15, 0, 0.33366918563842773], [12, 0, 0.3196401596069336], [8, 0, 0.30544188618659973], [10, 0, 0.3010631799697876], [16, 0, 0.28917059302330017], [17, 0, 0.2863677740097046], [11, 0, 0.26871028542518616]]",False,2,[],0.03644116706107082,3,"[[3, 0, 0.06476453512775676], [10, 0, 0.023027258384554498], [4, 0, 0.02153170767090119]]",0.0,3,"[[15, 0, 0.0], [16, 0, 0.0], [17, 0, 0.0]]",20,0.11195652173913043,9,True,0.003324436955153942,3,1,0.00695760827511549,4,8,1
23,10058,memorandum,"February 28, 2003","March 19, 2002",0.49267691373825073,12,0.5187919437885284,3,"[[1, 0, 0.5912095308303833], [9, 0, 0.518772304058075], [0, 0, 0.5093252658843994], [3, 0, 0.4848322868347168], [14, 0, 0.4766618609428406], [6, 0, 0.4697791039943695], [13, 0, 0.4637753367424011], [10, 0, 0.4519934058189392], [12, 0, 0.44223594665527344], [15, 0, 0.4253997802734375], [17, 0, 0.424957811832428], [11, 0, 0.4215007424354553], [7, 0, 0.4120177924633026], [4, 0, 0.40508976578712463], [8, 0, 0.40405330061912537], [5, 0, 0.3917268216609955], [2, 0, 0.3913325369358063], [16, 0, 0.35007500648498535]]",False,2,[],0.005641685073331532,21,"[[11, 0, 0.00849077504121469], [13, 0, 0.005279802974480925], [15, 0, 0.0031544772042989807]]",0.0,3,"[[15, 0, 0.0], [16, 0, 0.0], [17, 0, 0.0]]",20,0.11134676564156945,10,True,0.000293654651613906,7,1,0.0005193048273213208,9,8,1
24,26,memorandum,"March 11, 2002","October 29, 2001",0.46055036783218384,2,0.4832174926996231,3,"[[0, 9, 0.5459384918212891], [6, 10, 0.5262320637702942], [6, 1, 0.5229389667510986], [2, 5, 0.520857572555542], [7, 1, 0.5097141265869141], [6, 0, 0.5075715780258179], [1, 9, 0.5066541433334351], [0, 3, 0.5023105144500732], [0, 6, 0.4721882939338684], [6, 7, 0.47097745537757874], [0, 8, 0.4542718827724457], [5, 9, 0.43157774209976196], [2, 2, 0.4301185607910156], [3, 9, 0.4154689311981201], [4, 7, 0.4103766679763794], [6, 4, 0.36050185561180115]]",True,1,"[[3, 0, [""shall ensure""]], [3, 2, [""shall ensure""]], [3, 5, [""shall ensure""]], [5, 0, [""shall ensure""]], [5, 2, [""shall ensure""]], [5, 5, [""shall ensure""]]]",0.10351552945187713,1,"[[2, 1, 0.1224137429261849], [6, 1, 0.0958669553485613], [7, 1, 0.09226589008088519]]",9.666666666666666,1,"[[5, 3, 18.0], [2, 0, 11.0], [7, 10, 0.0]]",20,0.13871635610766045,1,True,0.01214717049151659,2,1,0.0012545945355668664,7,8,1
24,11892,memorandum,"March 11, 2002","May 18, 1955",0.39461758732795715,13,0.48695364594459534,2,"[[1, 0, 0.533685028553009], [4, 0, 0.48291015625], [2, 0, 0.4764719605445862], [3, 0, 0.4629116654396057], [0, 0, 0.4484984278678894], [6, 0, 0.39778950810432434], [7, 0, 0.3879290819168091], [5, 0, 0.33158230781555176]]",False,2,[],0.009456443230091031,6,"[[4, 0, 0.016810751440576345], [3, 0, 0.007582156879969773], [5, 0, 0.0039764213697269755]]",0.0,3,"[[5, 0, 0.0], [6, 0, 0.0], [7, 0, 0.0]]",20,0.12739434478564915,2,True,5.245676948106848e-05,8,1,0.004070138093084097,2,8,1
24,10607,memorandum,"March 11, 2002","June 28, 1995",0.4791429340839386,1,0.4751162528991699,7,"[[7, 2, 0.5693298578262329], [0, 2, 0.5218758583068848], [0, 3, 0.4998762309551239], [0, 9, 0.4946165382862091], [0, 6, 0.49151691794395447], [0, 10, 0.49075832962989807], [6, 2, 0.4881620407104492], [0, 0, 0.48431262373924255], [2, 2, 0.48073142766952515], [0, 1, 0.45598575472831726], [1, 0, 0.4514671564102173], [4, 2, 0.44181394577026367], [3, 2, 0.44008976221084595], [0, 5, 0.4382193684577942], [5, 3, 0.43648892641067505], [0, 11, 0.43626099824905396], [0, 8, 0.43603357672691345], [0, 7, 0.4324839115142822], [0, 4, 0.42845696210861206]]",True,1,"[[4, 3, [""shall establish""]], [4, 4, [""shall establish""]], [4, 5, [""shall establish""]]]",0.011976119592512153,3,"[[6, 2, 0.016325558985312502], [7, 2, 0.016022032609972973], [5, 0, 0.0035807671822509868]]",0.0,3,"[[7, 9, 0.0], [7, 10, 0.0], [7, 11, 0.0]]",20,0.12399355877616747,3,True,0.00023782205244060606,4,1,0.002182716503739357,4,8,1
24,11926,memorandum,"March 11, 2002","April 30, 1954",0.37681394815444946,24,0.4756581038236618,6,"[[1, 0, 0.5234130620956421], [4, 0, 0.4604724645614624], [0, 0, 0.45342421531677246], [2, 0, 0.4500387907028198], [3, 0, 0.43044620752334595], [7, 0, 0.3952283263206482], [6, 0, 0.38515254855155945], [5, 0, 0.32504957914352417]]",False,2,[],0.0094941894126239,5,"[[4, 0, 0.016877852958234858], [3, 0, 0.007612421692079413], [5, 0, 0.003992293587557429]]",0.0,3,"[[5, 0, 0.0], [6, 0, 0.0], [7, 0, 0.0]]",20,0.12193979933110369,4,True,2.556607432779856e-05,10,1,0.000682501879055053,8,8,1
24,11976,memorandum,"March 11, 2002","March 04, 1949",0.4307156205177307,4,0.49025461077690125,1,"[[2, 0, 0.5120851397514343], [1, 0, 0.4945690929889679], [0, 0, 0.48559948801994324], [7, 0, 0.4691642224788666], [3, 0, 0.46771496534347534], [6, 0, 0.4640243649482727], [4, 0, 0.430097758769989], [5, 0, 0.4241374731063843]]",False,2,[],0.0,13,"[[5, 0, 0.0], [6, 0, 0.0], [7, 0, 0.0]]",0.0,3,"[[5, 0, 0.0], [6, 0, 0.0], [7, 0, 0.0]]",20,0.12140033879164314,5,True,6.579465116374195e-05,7,1,0.00020027378923259676,10,8,1
24,10456,memorandum,"March 11, 2002","January 25, 1997",0.4098252058029175,6,0.4789371192455292,4,"[[2, 1, 0.5263598561286926], [3, 1, 0.5156170129776001], [6, 1, 0.49484121799468994], [7, 1, 0.4848530888557434], [4, 1, 0.4732521176338196], [0, 1, 0.46409741044044495], [5, 1, 0.45889419317245483], [1, 1, 0.43373870849609375], [4, 0, 0.42647525668144226]]",False,2,[],0.007228589698319116,9,"[[3, 0, 0.011914116358653564], [2, 0, 0.009771652736303782], [7, 1, 0.0]]",0.0,3,"[[6, 1, 0.0], [7, 0, 0.0], [7, 1, 0.0]]",20,0.11962768615692154,6,True,0.00015118200099095702,6,1,0.0015129382954910398,6,8,1
24,11607,memorandum,"March 11, 2002","September 25, 1972",0.42498862743377686,5,0.4262302368879318,13,"[[1, 0, 0.46523815393447876], [5, 0, 0.4347056746482849], [0, 0, 0.41650861501693726], [2, 0, 0.3921683728694916], [6, 0, 0.3598267436027527], [4, 0, 0.3558107614517212], [3, 0, 0.34281033277511597], [7, 0, 0.33070987462997437]]",False,2,[],0.01531025372182527,2,"[[2, 0, 0.016515517809060895], [7, 0, 0.014822487064041849], [6, 0, 0.014592756292373069]]",0.0,3,"[[5, 0, 0.0], [6, 0, 0.0], [7, 0, 0.0]]",20,0.11923583662714098,7,True,0.014172364957630634,1,1,0.013222822919487953,1,8,1
24,11474,memorandum,"March 11, 2002","September 14, 1977",0.4523361921310425,3,0.4298754334449768,11,"[[7, 1, 0.461557537317276], [7, 0, 0.4521943926811218], [6, 1, 0.4485728144645691], [0, 1, 0.42900151014328003], [2, 1, 0.40814441442489624], [4, 1, 0.3979562222957611], [1, 1, 0.39730972051620483], [5, 1, 0.3439556062221527], [3, 1, 0.3365013003349304]]",False,2,[],0.010884001634954949,4,"[[2, 0, 0.013188585744985382], [7, 0, 0.010341367203824392], [6, 0, 0.009122051956055076]]",0.0,3,"[[6, 1, 0.0], [7, 0, 0.0], [7, 1, 0.0]]",20,0.1174029920523609,8,True,4.006368908449076e-05,9,1,0.00046917638974264264,9,8,1
24,11728,memorandum,"March 11, 2002","February 16, 1966",0.38315463066101074,20,0.47687678039073944,5,"[[2, 0, 0.5208180546760559], [7, 0, 0.4653482139110565], [1, 0, 0.43793243169784546], [0, 0, 0.43391311168670654], [6, 0, 0.42647281289100647], [3, 0, 0.4158034324645996], [4, 0, 0.38249480724334717], [5, 0, 0.3807012140750885]]",False,2,[],0.0032671974195664067,12,"[[5, 0, 0.00627256562139219], [2, 0, 0.003529026637307029], [6, 0, 0.0]]",0.0,3,"[[5, 0, 0.0], [6, 0, 0.0], [7, 0, 0.0]]",20,0.11472826086956522,9,True,0.00035976935760118067,3,1,0.001661390531808138,5,8,1
24,11897,memorandum,"March 11, 2002","October 14, 1954",0.39504408836364746,12,0.4525044858455658,9,"[[2, 0, 0.49711987376213074], [1, 0, 0.4575318694114685], [0, 0, 0.41830629110336304], [7, 0, 0.41718775033950806], [4, 0, 0.37780454754829407], [6, 0, 0.3738771975040436], [3, 0, 0.36920154094696045], [5, 0, 0.35208365321159363]]",False,2,[],0.006534573313294256,10,"[[1, 0, 0.008690738037318691], [5, 0, 0.007684690266108948], [2, 0, 0.0032282916364551246]]",0.0,3,"[[5, 0, 0.0], [6, 0, 0.0], [7, 0, 0.0]]",20,0.11129435282358821,10,True,0.0001529638102510944,5,1,0.0025708680041134357,3,8,1
25,10192,memorandum,"October 29, 2001","April 19, 2000",0.4264608323574066,8,0.5243250727653503,4,"[[7, 1, 0.6053987145423889], [5, 2, 0.6051455736160278], [5, 6, 0.5950073003768921], [11, 2, 0.5870948433876038], [7, 0, 0.5736778378486633], [4, 2, 0.5726895928382874], [8, 1, 0.5429707765579224], [12, 1, 0.533157229423523], [6, 5, 0.5181691646575928], [5, 3, 0.5178433060646057], [13, 1, 0.502055823802948], [1, 6, 0.49916210770606995], [9, 1, 0.49767330288887024], [20, 7, 0.485463410615921], [10, 6, 0.48218703269958496], [0, 6, 0.48093611001968384], [15, 1, 0.4793965220451355], [5, 4, 0.47529950737953186], [18, 2, 0.47472649812698364], [19, 5, 0.45666489005088806], [17, 5, 0.4565644860267639], [2, 2, 0.4511531889438629], [16, 5, 0.44684505462646484], [14, 5, 0.43721744418144226], [3, 2, 0.41996926069259644]]",True,1,"[[0, 5, [""shall ensure""]], [2, 5, [""shall ensure""]], [7, 1, [""shall identify""]]]",0.03658818041203696,2,"[[12, 2, 0.04002257911583687], [10, 3, 0.03863848354122772], [12, 3, 0.031103478579046287]]",0.0,2,"[[20, 5, 0.0], [20, 6, 0.0], [20, 7, 0.0]]",20,0.13257575757575757,1,True,0.00018235458992421627,8,1,0.09877259284257889,4,8,1
25,10638,memorandum,"October 29, 2001","February 07, 1995",0.5598150491714478,1,0.5260278582572937,2,"[[0, 12, 0.615171492099762], [0, 6, 0.6060425043106079], [3, 14, 0.5911889672279358], [15, 2, 0.5881534814834595], [0, 7, 0.5825670957565308], [4, 12, 0.5762071013450623], [15, 1, 0.5729204416275024], [15, 4, 0.5609145164489746], [13, 14, 0.5570414066314697], [11, 5, 0.5557648539543152], [7, 12, 0.5534967184066772], [12, 5, 0.5471764802932739], [11, 13, 0.5408419370651245], [18, 14, 0.5329785943031311], [7, 9, 0.525271475315094], [15, 11, 0.521560788154602], [1, 12, 0.520747721195221], [0, 8, 0.5150743126869202], [5, 14, 0.5146077871322632], [9, 5, 0.5048350095748901], [12, 10, 0.4891833961009979], [0, 3, 0.4882957339286804], [8, 9, 0.48281681537628174], [6, 12, 0.4737541079521179], [20, 5, 0.4680480659008026], [2, 14, 0.46101683378219604], [4, 0, 0.4392448663711548], [19, 5, 0.43297767639160156], [17, 11, 0.43173128366470337], [10, 12, 0.415538489818573], [14, 2, 0.4095119535923004], [16, 11, 0.3913303017616272]]",True,1,"[[5, 1, [""shall implement""]], [5, 14, [""shall implement""]], [6, 7, [""shall develop""]], [9, 7, [""shall develop""]], [12, 0, [""shall seek""]], [12, 13, [""shall seek""]]]",0.029994207161984223,4,"[[1, 2, 0.04828958840568763], [1, 5, 0.023610805799058693], [12, 13, 0.018082227281206346]]",0.0,2,"[[0, 0, 0.0], [20, 13, 0.0], [20, 14, 0.0]]",20,0.13257575757575757,2,True,0.002491967985406518,5,1,0.015072628855705261,8,8,1
25,11620,memorandum,"October 29, 2001","September 07, 1971",0.41547566652297974,14,0.5390303432941437,1,"[[18, 1, 0.5970078110694885], [6, 1, 0.5802342891693115], [0, 1, 0.5523344874382019], [1, 1, 0.5438193082809448], [15, 1, 0.5398956537246704], [0, 0, 0.53359454870224], [2, 1, 0.5318922400474548], [7, 1, 0.5315494537353516], [17, 1, 0.5303785800933838], [20, 1, 0.5268362164497375], [13, 1, 0.5225709080696106], [11, 1, 0.5166552662849426], [12, 1, 0.5115670561790466], [16, 1, 0.5046454668045044], [4, 1, 0.5008563995361328], [3, 1, 0.4999152421951294], [10, 1, 0.487579345703125], [19, 1, 0.48020321130752563], [14, 1, 0.4691254496574402], [5, 1, 0.45686256885528564], [8, 1, 0.45355382561683655], [9, 1, 0.43046554923057556]]",False,2,[],0.024734163181894392,7,"[[0, 1, 0.029516044620547566], [18, 1, 0.024574710974446922], [16, 1, 0.02011173395068869]]",0.0,2,"[[19, 1, 0.0], [20, 0, 0.0], [20, 1, 0.0]]",20,0.13011063011063012,3,True,0.0006361911655403674,6,1,0.05582313984632492,6,8,1
25,11326,memorandum,"October 29, 2001","April 07, 1980",0.4227536618709564,9,0.5057863146066666,6,"[[0, 0, 0.5543571710586548], [1, 0, 0.5317698121070862], [15, 0, 0.5188621878623962], [12, 0, 0.5142470598220825], [5, 0, 0.506389319896698], [13, 0, 0.498221218585968], [3, 0, 0.4979340732097626], [7, 0, 0.49680954217910767], [4, 0, 0.48715195059776306], [18, 0, 0.4870869517326355], [2, 0, 0.4597323536872864], [20, 0, 0.44388970732688904], [8, 0, 0.42844563722610474], [17, 0, 0.4169390797615051], [10, 0, 0.41483598947525024], [9, 0, 0.40832579135894775], [11, 0, 0.4049195647239685], [6, 0, 0.3905087113380432], [14, 0, 0.3849721848964691], [19, 0, 0.3793112635612488], [16, 0, 0.3768148422241211]]",False,2,[],0.03154607871273012,3,"[[6, 0, 0.03891351064111797], [12, 0, 0.0377964425265432], [14, 0, 0.017928282970529202]]",0.0,2,"[[18, 0, 0.0], [19, 0, 0.0], [20, 0, 0.0]]",20,0.12739434478564915,4,True,0.0001523675600765273,9,1,0.0014103584690019488,9,8,1
25,10931,memorandum,"October 29, 2001","June 25, 1991",0.39847174286842346,19,0.40907733142375946,16,"[[6, 4, 0.552000105381012], [1, 4, 0.48262572288513184], [0, 4, 0.4734194874763489], [12, 4, 0.46958741545677185], [10, 4, 0.4646027088165283], [18, 4, 0.46187499165534973], [17, 4, 0.4569370448589325], [2, 4, 0.4555087983608246], [7, 4, 0.4418654143810272], [5, 4, 0.4413686990737915], [14, 4, 0.43583136796951294], [13, 4, 0.4345870614051819], [20, 4, 0.42457565665245056], [4, 4, 0.4205831289291382], [15, 4, 0.41640812158584595], [17, 3, 0.4139433801174164], [3, 4, 0.4129163920879364], [16, 4, 0.4111279845237732], [19, 4, 0.3969143331050873], [11, 4, 0.39260128140449524], [6, 0, 0.36717963218688965], [9, 4, 0.35395681858062744], [8, 4, 0.32993826270103455], [17, 2, 0.31273311376571655], [10, 1, 0.2712904214859009]]",False,2,[],0.03825796147726418,1,"[[6, 4, 0.059521969771211956], [13, 4, 0.029385051902997016], [10, 4, 0.02586686275758357]]",0.0,2,"[[20, 2, 0.0], [20, 3, 0.0], [20, 4, 0.0]]",20,0.12085137085137085,5,True,0.0001881420612335205,7,1,0.04146227240562439,7,8,1
25,11607,memorandum,"October 29, 2001","September 25, 1972",0.512870728969574,2,0.4726700037717819,9,"[[18, 0, 0.5470883250236511], [0, 0, 0.541265070438385], [1, 0, 0.4978252053260803], [4, 0, 0.49778640270233154], [3, 0, 0.49611321091651917], [15, 0, 0.4745042026042938], [13, 0, 0.42133766412734985], [2, 0, 0.4128887355327606], [6, 0, 0.4075276255607605], [10, 0, 0.3924899697303772], [5, 0, 0.38556715846061707], [7, 0, 0.37667351961135864], [17, 0, 0.37379276752471924], [12, 0, 0.36733710765838623], [20, 0, 0.3622317314147949], [19, 0, 0.3388216197490692], [14, 0, 0.30829280614852905], [11, 0, 0.30810967087745667], [8, 0, 0.30357298254966736], [16, 0, 0.2955818772315979], [9, 0, 0.25447845458984375]]",False,2,[],0.025237242735491144,6,"[[6, 0, 0.029656251716030695], [19, 0, 0.024304675002059718], [2, 0, 0.02175080148838301]]",6.666666666666667,1,"[[14, 0, 10.0], [16, 0, 10.0], [20, 0, 0.0]]",20,0.12056334470127573,6,True,0.06754669547080994,1,1,0.4765796661376953,1,8,1
25,11573,memorandum,"October 29, 2001","January 06, 1975",0.412651002407074,16,0.4637911319732666,11,"[[0, 0, 0.5231978297233582], [1, 0, 0.49024465680122375], [18, 0, 0.4894710183143616], [4, 0, 0.44793397188186646], [15, 0, 0.44305527210235596], [10, 0, 0.4402850866317749], [13, 0, 0.43864503502845764], [6, 0, 0.43851104378700256], [12, 0, 0.43474847078323364], [7, 0, 0.4315178096294403], [3, 0, 0.40431901812553406], [5, 0, 0.3812372386455536], [8, 0, 0.3606039583683014], [11, 0, 0.360010027885437], [2, 0, 0.35848039388656616], [17, 0, 0.35840338468551636], [20, 0, 0.35252153873443604], [9, 0, 0.34678223729133606], [14, 0, 0.3366423547267914], [19, 0, 0.33066266775131226], [16, 0, 0.32480067014694214]]",False,2,[],0.027974816872256586,5,"[[19, 0, 0.03300032988193539], [16, 0, 0.027650176126872365], [14, 0, 0.023273944607962005]]",0.0,2,"[[18, 0, 0.0], [19, 0, 0.0], [20, 0, 0.0]]",20,0.11771260997067448,7,True,0.003456409787759185,4,1,0.15304216742515564,3,8,1
25,11896,memorandum,"October 29, 2001","November 06, 1954",0.4186844825744629,12,0.48273172974586487,8,"[[1, 1, 0.5327960848808289], [0, 1, 0.5055660605430603], [18, 1, 0.504577100276947], [4, 1, 0.502585232257843], [7, 1, 0.49689623713493347], [13, 1, 0.49527329206466675], [6, 0, 0.4916272461414337], [12, 1, 0.48328691720962524], [11, 1, 0.4646208882331848], [15, 1, 0.4548609256744385], [5, 1, 0.45110583305358887], [2, 1, 0.4486195743083954], [3, 1, 0.4419843554496765], [8, 1, 0.42200320959091187], [14, 0, 0.4192443788051605], [10, 1, 0.4185125231742859], [16, 0, 0.4171895682811737], [17, 1, 0.41272133588790894], [20, 0, 0.3874812722206116], [9, 1, 0.3866727650165558], [19, 1, 0.3806633949279785]]",True,1,"[[10, 1, [""shall consult""]]]",0.01832450514932797,8,"[[16, 1, 0.02166773606409258], [14, 1, 0.019184030281842915], [12, 1, 0.014121749102048418]]",0.0,2,"[[19, 1, 0.0], [20, 0, 0.0], [20, 1, 0.0]]",20,0.11688311688311688,8,True,2.7751650122809224e-05,10,1,0.000816738058347255,10,8,1
25,10237,memorandum,"October 29, 2001","September 24, 1999",0.473221093416214,5,0.5252110362052917,3,"[[0, 0, 0.6041280031204224], [15, 0, 0.5169588923454285], [5, 0, 0.5097684264183044], [4, 0, 0.4997662603855133], [7, 0, 0.49754518270492554], [18, 0, 0.49405035376548767], [1, 0, 0.49378976225852966], [12, 0, 0.48388633131980896], [3, 0, 0.4812432527542114], [8, 0, 0.4730784595012665], [9, 0, 0.466117262840271], [13, 0, 0.4602651298046112], [11, 0, 0.43774908781051636], [2, 0, 0.40809211134910583], [10, 0, 0.39500439167022705], [20, 0, 0.38699573278427124], [17, 0, 0.3759096562862396], [14, 0, 0.35915935039520264], [19, 0, 0.35911092162132263], [6, 0, 0.3505095839500427], [16, 0, 0.3190474510192871]]",False,2,[],0.0063634969431255765,16,"[[18, 0, 0.009281869371307308], [15, 0, 0.0049570786508808485], [0, 0, 0.0048515428071885715]]",0.0,2,"[[18, 0, 0.0], [19, 0, 0.0], [20, 0, 0.0]]",20,0.11671058410188845,9,True,0.00851130299270153,2,1,0.16132023930549622,2,8,1
25,10121,memorandum,"October 29, 2001","January 15, 2001",0.47454938292503357,4,0.5238662958145142,5,"[[0, 0, 0.6025694012641907], [15, 0, 0.5325403809547424], [1, 0, 0.5002161264419556], [5, 0, 0.49653491377830505], [4, 0, 0.4964204430580139], [18, 0, 0.49606359004974365], [12, 0, 0.4894474148750305], [7, 0, 0.48634564876556396], [3, 0, 0.48527511954307556], [13, 0, 0.47566893696784973], [8, 0, 0.46459293365478516], [9, 0, 0.45361655950546265], [11, 0, 0.4380425214767456], [2, 0, 0.4121267795562744], [10, 0, 0.3905543088912964], [20, 0, 0.38223856687545776], [17, 0, 0.3714081645011902], [14, 0, 0.3598485589027405], [19, 0, 0.35646477341651917], [6, 0, 0.34120050072669983], [16, 0, 0.3172527551651001]]",False,2,[],0.007278129519906872,14,"[[18, 0, 0.010615962901374502], [15, 0, 0.0056695651438083946], [0, 0, 0.005548860514537721]]",0.0,2,"[[18, 0, 0.0], [19, 0, 0.0], [20, 0, 0.0]]",20,0.11486631016042781,10,True,0.006192990578711033,3,1,0.06954174488782883,5,8,1
26,10677,memorandum,"October 29, 2001","September 13, 1994",0.41817399859428406,10,0.502338096499443,4,"[[5, 3, 0.557468831539154], [7, 1, 0.5471971035003662], [6, 3, 0.5113319158554077], [0, 3, 0.5109462141990662], [5, 0, 0.5100523233413696], [3, 3, 0.4881211519241333], [10, 0, 0.4802815318107605], [1, 0, 0.4787798225879669], [5, 2, 0.473233163356781], [9, 0, 0.472059428691864], [8, 0, 0.4396211504936218], [2, 3, 0.4148438572883606], [4, 0, 0.40892094373703003]]",True,1,"[[6, 1, [""shall coordinate""]], [7, 1, [""shall coordinate""]]]",0.058157259192387144,1,"[[0, 0, 0.06999856479535346], [3, 0, 0.05499917025867469], [1, 0, 0.04947404252313327]]",0.0,3,"[[10, 1, 0.0], [10, 2, 0.0], [10, 3, 0.0]]",20,0.1327639751552795,1,True,0.00021402176935225725,9,1,0.004718369338661432,6,8,1
26,11570,memorandum,"October 29, 2001","February 13, 1975",0.5011368989944458,1,0.5247589498758316,1,"[[7, 1, 0.5555035471916199], [5, 1, 0.5489474534988403], [5, 0, 0.5439671874046326], [3, 1, 0.5352566838264465], [10, 1, 0.5237069129943848], [0, 1, 0.5231735706329346], [8, 0, 0.5136943459510803], [6, 1, 0.5039509534835815], [1, 1, 0.4807422161102295], [9, 1, 0.47486424446105957], [4, 1, 0.44765105843544006], [2, 1, 0.39011648297309875]]",False,2,[],0.0189193554869895,10,"[[3, 0, 0.024897828520178956], [0, 0, 0.01659749343038444], [10, 1, 0.01526274451040511]]",0.0,3,"[[9, 1, 0.0], [10, 0, 0.0], [10, 1, 0.0]]",20,0.12443064182194616,2,True,0.0005442132242023945,7,1,0.003621685318648815,7,8,1
26,10114,memorandum,"October 29, 2001","February 26, 2001",0.41064906120300293,13,0.43115606904029846,18,"[[3, 0, 0.4915298819541931], [0, 0, 0.4686453342437744], [10, 0, 0.46461379528045654], [7, 0, 0.4224112033843994], [6, 0, 0.4199379086494446], [1, 0, 0.414553165435791], [7, 1, 0.4089430868625641], [5, 0, 0.39347612857818604], [4, 0, 0.385384738445282], [9, 0, 0.36870360374450684], [8, 0, 0.3620506823062897], [2, 1, 0.3415255844593048]]",False,2,[],0.04262601378353684,2,"[[0, 0, 0.05787271816282337], [3, 0, 0.03601373037591505], [1, 0, 0.03399159281187208]]",8.0,1,"[[0, 0, 12.0], [3, 0, 12.0], [9, 1, 0.0]]",20,0.11938938254727728,3,True,0.0008559006382711232,6,1,0.020964238792657852,2,8,1
26,11607,memorandum,"October 29, 2001","September 25, 1972",0.4707496166229248,2,0.44515497982501984,12,"[[3, 0, 0.5092397928237915], [5, 0, 0.45790910720825195], [6, 0, 0.42734551429748535], [0, 0, 0.4214528799057007], [7, 0, 0.4053723216056824], [9, 0, 0.3896685242652893], [10, 0, 0.3763326406478882], [1, 0, 0.35337579250335693], [4, 0, 0.2923571467399597], [8, 0, 0.28469356894493103], [2, 0, 0.2740248143672943]]",False,2,[],0.04132213491488496,3,"[[0, 0, 0.05792168452225189], [3, 0, 0.03370751971148159], [1, 0, 0.032337200510921434]]",0.0,3,"[[8, 0, 0.0], [9, 0, 0.0], [10, 0, 0.0]]",20,0.11820652173913043,4,True,0.1919327974319458,1,1,0.4339814782142639,1,8,1
26,11620,memorandum,"October 29, 2001","September 07, 1971",0.3905697464942932,21,0.5028480738401413,3,"[[5, 1, 0.5859044790267944], [7, 1, 0.5715856552124023], [6, 1, 0.5632924437522888], [8, 1, 0.5004270672798157], [0, 1, 0.4745175540447235], [7, 0, 0.4602068066596985], [10, 1, 0.4562150537967682], [3, 0, 0.45412275195121765], [2, 1, 0.45197921991348267], [1, 1, 0.44811469316482544], [9, 1, 0.43953263759613037], [4, 1, 0.3633539080619812]]",False,2,[],0.014413556682817304,14,"[[0, 1, 0.01599078349571537], [0, 0, 0.01563507663624336], [10, 1, 0.011614809916493185]]",0.0,3,"[[9, 1, 0.0], [10, 0, 0.0], [10, 1, 0.0]]",20,0.11636828644501279,5,True,0.001536727068014443,4,1,0.0016875095898285508,9,8,1
26,11633,memorandum,"October 29, 2001","January 19, 1971",0.4107116758823395,12,0.5042608827352524,2,"[[10, 1, 0.5651761293411255], [5, 1, 0.5465624928474426], [8, 1, 0.5343840718269348], [1, 1, 0.5115829706192017], [4, 1, 0.4976562559604645], [3, 1, 0.4958387017250061], [9, 1, 0.48204874992370605], [0, 1, 0.4736464321613312], [7, 1, 0.47237831354141235], [6, 1, 0.4717336595058441], [5, 0, 0.4523622691631317], [2, 1, 0.4462703466415405]]",False,2,[],0.006444929900675173,18,"[[0, 0, 0.007498301918491051], [10, 0, 0.006665433050667629], [0, 1, 0.00517105473286684]]",0.0,3,"[[9, 1, 0.0], [10, 0, 0.0], [10, 1, 0.0]]",20,0.11524859579779488,6,True,0.0001376546424580738,10,1,0.0017140384297817945,8,8,1
26,11431,memorandum,"October 29, 2001","October 10, 1978",0.40530669689178467,17,0.477227047085762,8,"[[5, 0, 0.5150265097618103], [7, 0, 0.5135610103607178], [6, 0, 0.49977898597717285], [5, 1, 0.4744057357311249], [10, 1, 0.4623273015022278], [4, 1, 0.45792055130004883], [8, 1, 0.45325958728790283], [3, 1, 0.4480413794517517], [0, 0, 0.4445647597312927], [1, 1, 0.42877161502838135], [9, 0, 0.41873985528945923], [2, 1, 0.4151262044906616]]",False,2,[],0.02674337384321769,9,"[[0, 0, 0.035458553057617505], [1, 0, 0.023165324458345682], [3, 0, 0.021606244013689883]]",0.0,3,"[[9, 1, 0.0], [10, 0, 0.0], [10, 1, 0.0]]",20,0.11367530520454058,7,True,0.0008969393093138933,5,1,0.00712142838165164,5,8,1
26,28,memorandum,"October 29, 2001","June 20, 1951",0.42912498116493225,6,0.46926434338092804,9,"[[5, 0, 0.5019229054450989], [9, 2, 0.49178779125213623], [10, 2, 0.4872090220451355], [6, 0, 0.4760229289531708], [8, 0, 0.4711116552352905], [7, 0, 0.46761447191238403], [4, 1, 0.4594991207122803], [3, 2, 0.4349890351295471], [1, 0, 0.42496180534362793], [0, 0, 0.424907922744751], [2, 0, 0.3553529381752014]]",True,1,"[[1, 2, [""shall determine""]], [4, 2, [""shall determine""]], [9, 0, [""hereby establish""]]]",0.028172917112683465,8,"[[3, 0, 0.053946840873258184], [6, 2, 0.016436789388877583], [0, 0, 0.014135121075914631]]",0.0,3,"[[10, 0, 0.0], [10, 1, 0.0], [10, 2, 0.0]]",20,0.11367530520454058,8,True,0.00036400865064933896,8,1,0.00048406238784082234,10,8,1
26,11474,memorandum,"October 29, 2001","September 14, 1977",0.4231951832771301,8,0.48897120356559753,6,"[[8, 0, 0.5335063338279724], [8, 1, 0.5294567942619324], [5, 1, 0.4988805949687958], [7, 1, 0.48157238960266113], [6, 1, 0.46803396940231323], [3, 1, 0.4654419422149658], [1, 0, 0.44309645891189575], [10, 1, 0.42822331190109253], [0, 1, 0.42584291100502014], [4, 1, 0.4019848108291626], [9, 1, 0.39388972520828247], [2, 1, 0.37059712409973145]]",True,1,"[[9, 0, [""hereby establish""]]]",0.016378161185204715,12,"[[1, 0, 0.019199277323930543], [0, 0, 0.01797810229397587], [3, 0, 0.011957103937707724]]",0.0,3,"[[9, 1, 0.0], [10, 0, 0.0], [10, 1, 0.0]]",20,0.11318979933110368,9,True,0.004829722456634045,3,1,0.007815889082849026,4,8,1
26,11573,memorandum,"October 29, 2001","January 06, 1975",0.4608110785484314,3,0.4368244409561157,15,"[[3, 0, 0.4817216098308563], [5, 0, 0.45468032360076904], [0, 0, 0.42169010639190674], [6, 0, 0.4000215232372284], [9, 0, 0.3894180655479431], [1, 0, 0.3796660900115967], [8, 0, 0.3775501549243927], [10, 0, 0.37624096870422363], [7, 0, 0.37152934074401855], [4, 0, 0.3635198175907135], [2, 0, 0.2951623797416687]]",False,2,[],0.030920993715162094,6,"[[0, 0, 0.04908937567961272], [3, 0, 0.02992120954474156], [1, 0, 0.013752395921132005]]",0.0,3,"[[8, 0, 0.0], [9, 0, 0.0], [10, 0, 0.0]]",20,0.11051122790253225,10,True,0.005060331895947456,2,1,0.011869121342897415,3,8,1
28,11965,memorandum,"June 20, 1951","January 27, 1951",0.37726500630378723,4,0.4669620543718338,1,"[[2, 0, 0.4986855983734131], [2, 1, 0.48044687509536743], [1, 0, 0.4402259290218353], [0, 0, 0.3941620886325836]]",False,2,[],0.004242584683121975,3,"[[2, 0, 0.009691921013376868], [0, 0, 0.00203762795654702], [2, 1, 0.0009982050794420374]]",0.0,1,"[[1, 1, 0.0], [2, 0, 0.0], [2, 1, 0.0]]",20,0.13871635610766045,1,True,0.0018386653391644359,1,1,0.0005884087877348065,7,8,1
28,11966,memorandum,"June 20, 1951","January 17, 1951",0.34647542238235474,6,0.41801345348358154,6,"[[0, 0, 0.46960771083831787], [2, 0, 0.414217472076416], [1, 0, 0.377017080783844], [2, 1, 0.36188453435897827]]",False,2,[],0.020539766654261587,1,"[[0, 0, 0.04752233356662663], [2, 0, 0.012271911988578944], [1, 1, 0.0018250544075791818]]",0.0,1,"[[1, 1, 0.0], [2, 0, 0.0], [2, 1, 0.0]]",20,0.1336996336996337,2,True,0.0014664584305137396,2,1,0.001700722612440586,5,8,1
28,11968,memorandum,"June 20, 1951","September 29, 1950",0.3555915951728821,5,0.43413326144218445,5,"[[0, 0, 0.4658600687980652], [2, 0, 0.37217140197753906], [1, 0, 0.36918795108795166]]",False,2,[],0.006567165243946818,2,"[[0, 0, 0.008437636661138918], [1, 0, 0.006524072479753715], [2, 0, 0.004739786590947825]]",0.0,1,"[[0, 0, 0.0], [1, 0, 0.0], [2, 0, 0.0]]",20,0.13307359307359307,3,True,0.0001713081874186173,5,1,0.0013458605390042067,6,8,1
28,11975,memorandum,"June 20, 1951","July 14, 1949",0.33562496304512024,7,0.43760401010513306,4,"[[2, 0, 0.4620727300643921], [0, 0, 0.418267160654068], [1, 0, 0.3590660095214844]]",False,2,[],0.002820468092940745,5,"[[1, 0, 0.008461404278822235], [0, 0, 0.0], [2, 0, 0.0]]",0.0,1,"[[0, 0, 0.0], [1, 0, 0.0], [2, 0, 0.0]]",20,0.12928571428571428,4,True,0.00010229985491605476,7,1,0.002082970691844821,3,8,1
28,11967,memorandum,"June 20, 1951","November 21, 1950",0.3856821060180664,2,0.4459773600101471,2,"[[1, 0, 0.45673996210098267], [0, 0, 0.44391781091690063], [2, 0, 0.40498653054237366]]",False,2,[],0.0006412469667045903,9,"[[0, 0, 0.001923740900113771], [1, 0, 0.0], [2, 0, 0.0]]",0.0,1,"[[0, 0, 0.0], [1, 0, 0.0], [2, 0, 0.0]]",20,0.12755635169428273,5,True,0.000656372809316963,4,1,0.0064882696606218815,2,8,1
28,11976,memorandum,"June 20, 1951","March 04, 1949",0.45859089493751526,1,0.4401475042104721,3,"[[0, 0, 0.4590335488319397], [2, 0, 0.4107358157634735], [1, 0, 0.39401501417160034]]",False,2,[],0.0012232439407901328,8,"[[0, 0, 0.003669731822370398], [1, 0, 0.0], [2, 0, 0.0]]",0.0,1,"[[0, 0, 0.0], [1, 0, 0.0], [2, 0, 0.0]]",20,0.12681159420289856,6,True,0.00014883847325108945,6,1,0.0018102108733728528,4,8,1
28,11969,memorandum,"June 20, 1951","September 28, 1950",0.15454232692718506,9,0.22006192803382874,9,"[[1, 0, 0.27379468083381653], [0, 0, 0.22101803123950958], [1, 1, 0.17414745688438416], [2, 0, 0.15364566445350647]]",True,1,"[[2, 0, [""shall determine""]]]",0.003689214902652987,4,"[[1, 1, 0.004502686971407896], [0, 1, 0.003831271692636684], [2, 0, 0.002733686043914383]]",0.0,1,"[[1, 1, 0.0], [2, 0, 0.0], [2, 1, 0.0]]",20,0.12376847290640394,7,True,3.5494620533427224e-05,9,1,2.309707815584261e-05,9,8,1
28,11964,memorandum,"June 20, 1951","February 26, 1951",0.19927629828453064,8,0.33611850440502167,8,"[[0, 3, 0.370439350605011], [0, 5, 0.3630978465080261], [2, 3, 0.34549570083618164], [1, 3, 0.3444472551345825], [0, 4, 0.31156715750694275], [1, 1, 0.3043959140777588], [0, 2, 0.2830631732940674], [0, 0, 0.28009381890296936]]",False,2,[],0.0026152359259662243,6,"[[0, 4, 0.0035540564857105463], [1, 3, 0.0029269400936116825], [0, 1, 0.0013647111985764448]]",0.0,1,"[[2, 3, 0.0], [2, 4, 0.0], [2, 5, 0.0]]",20,0.12179487179487179,8,True,7.114059553714469e-05,8,1,0.00020184420282021165,8,8,1
28,11974,memorandum,"June 20, 1951","October 27, 1949",0.37872809171676636,3,0.36942070722579956,7,"[[2, 0, 0.37697890400886536], [1, 0, 0.3707360327243805], [0, 0, 0.33787262439727783]]",False,2,[],0.0015749170849308706,7,"[[2, 0, 0.004724751254792612], [0, 0, 0.0], [1, 0, 0.0]]",0.0,1,"[[0, 0, 0.0], [1, 0, 0.0], [2, 0, 0.0]]",20,0.12169312169312169,9,True,0.0008899655076675117,3,1,0.00985985528677702,1,8,1
37,264,executive_order,"February 06, 2026","January 20, 2025",0.5707380771636963,1,0.5381116271018982,2,"[[0, 19, 0.5950472354888916], [0, 5, 0.591123104095459], [0, 3, 0.5849984884262085], [0, 18, 0.5808722972869873], [0, 4, 0.5758828520774841], [0, 8, 0.5691320896148682], [0, 23, 0.565345048904419], [0, 16, 0.5564097166061401], [0, 27, 0.5525436401367188], [1, 21, 0.5510614514350891], [0, 20, 0.5485468506813049], [0, 17, 0.5439602136611938], [1, 24, 0.5301319360733032], [0, 22, 0.5256769061088562], [0, 11, 0.523996114730835], [0, 0, 0.5196150541305542], [0, 1, 0.5068315863609314], [1, 25, 0.5003241300582886], [0, 15, 0.48543399572372437], [0, 13, 0.48308420181274414], [1, 14, 0.4645223617553711], [0, 26, 0.4530797600746155], [0, 12, 0.4520505368709564], [0, 2, 0.42470476031303406], [0, 6, 0.4160327911376953], [0, 7, 0.4139454960823059], [0, 9, 0.40823763608932495], [0, 10, 0.40556010603904724], [1, 28, 0.2637481093406677]]",True,1,"[[0, 0, [""hereby order""]]]",0.054066882496344504,1,"[[1, 19, 0.06197512803439765], [1, 12, 0.054088554909674666], [0, 0, 0.046136964544961176]]",3.3333333333333335,3,"[[0, 0, 10.0], [1, 26, 0.0], [1, 28, 0.0]]",20,0.13655185394315827,1,True,0.13117322325706482,2,1,0.0960254967212677,2,8,1
37,270,executive_order,"February 06, 2026","January 20, 2025",0.5530999302864075,2,0.5539683401584625,1,"[[0, 8, 0.5889160633087158], [1, 8, 0.5783006548881531], [0, 0, 0.5678297877311707], [1, 7, 0.5636649131774902], [0, 4, 0.5629836320877075], [0, 9, 0.5539490580558777], [0, 10, 0.5462141036987305], [0, 3, 0.5348304510116577], [0, 6, 0.5230987071990967], [0, 5, 0.5101207494735718], [0, 2, 0.4550846219062805], [0, 1, 0.4480624198913574], [0, 11, 0.4371856451034546]]",True,1,"[[0, 0, [""hereby order""]], [1, 11, [""shall provide""]]]",0.04396853352477386,4,"[[0, 0, 0.05249427884197472], [1, 9, 0.04290943020982364], [1, 4, 0.036501891522523214]]",3.3333333333333335,3,"[[0, 0, 10.0], [1, 9, 0.0], [1, 11, 0.0]]",20,0.1327639751552795,2,True,0.006850480102002621,6,1,0.008445627987384796,6,8,1
37,604,executive_order,"February 06, 2026","October 24, 2017",0.4552639126777649,25,0.5084292590618134,4,"[[0, 3, 0.5470219850540161], [1, 3, 0.5198590755462646], [0, 2, 0.5151565074920654], [1, 4, 0.49369680881500244], [1, 0, 0.45600810647010803], [1, 1, 0.40520650148391724]]",True,1,"[[0, 0, [""hereby order""]]]",0.04160649475678508,5,"[[1, 4, 0.052013105762395845], [1, 1, 0.03939488725274346], [0, 0, 0.033411491255215954]]",3.6666666666666665,2,"[[0, 0, 11.0], [1, 3, 0.0], [1, 4, 0.0]]",20,0.12712121212121213,3,True,0.011597362346947193,4,1,0.03384403511881828,3,8,1
37,650,executive_order,"February 06, 2026","January 27, 2017",0.5425153970718384,3,0.5045876801013947,5,"[[1, 20, 0.545565128326416], [0, 7, 0.5430130958557129], [1, 2, 0.520179033279419], [0, 3, 0.5183701515197754], [1, 1, 0.505914032459259], [1, 5, 0.4912321865558624], [1, 6, 0.4866476058959961], [1, 17, 0.48044097423553467], [1, 8, 0.47664469480514526], [0, 0, 0.47476083040237427], [1, 9, 0.4731332063674927], [1, 11, 0.4491419494152069], [1, 18, 0.44893142580986023], [1, 15, 0.4456707239151001], [1, 10, 0.432953804731369], [1, 19, 0.4301859140396118], [1, 4, 0.4286598563194275], [1, 13, 0.42245912551879883], [0, 12, 0.4046691060066223], [1, 16, 0.3970203399658203], [0, 14, 0.3870181739330292]]",True,1,"[[0, 0, [""hereby order""]], [1, 2, [""shall provide""]]]",0.03951829392471191,7,"[[1, 2, 0.046100461732345686], [1, 5, 0.03710905247468997], [1, 1, 0.035345367567100085]]",4.0,1,"[[0, 0, 12.0], [1, 18, 0.0], [1, 20, 0.0]]",20,0.12465608465608466,4,True,0.005957154091447592,7,1,0.001941816764883697,8,8,1
37,639,executive_order,"February 06, 2026","March 06, 2017",0.47782978415489197,15,0.4901050925254822,10,"[[1, 3, 0.5307707786560059], [0, 10, 0.5175851583480835], [1, 5, 0.5065229535102844], [1, 8, 0.5055336952209473], [1, 4, 0.5027886629104614], [1, 15, 0.4894041419029236], [0, 6, 0.4764004051685333], [1, 12, 0.47594112157821655], [1, 17, 0.4650397300720215], [1, 11, 0.45260244607925415], [1, 16, 0.44653087854385376], [1, 0, 0.4322018027305603], [1, 9, 0.4285927414894104], [1, 7, 0.42554646730422974], [0, 2, 0.40816089510917664], [0, 1, 0.4004431962966919], [0, 14, 0.3740502893924713], [1, 13, 0.370464026927948]]",True,1,"[[0, 0, [""hereby order""]], [1, 5, [""shall provide""]]]",0.04528431665863802,3,"[[1, 8, 0.05023143089357457], [0, 0, 0.04282474650284135], [1, 5, 0.04279677257949813]]",3.6666666666666665,2,"[[0, 0, 11.0], [1, 15, 0.0], [1, 17, 0.0]]",20,0.12226613965744401,5,True,0.016265772748738527,3,2,0.0025708680041134357,7,8,1
37,861,executive_order,"February 06, 2026","November 09, 2010",0.5320968627929688,4,0.49444514513015747,8,"[[0, 0, 0.5518035292625427], [1, 2, 0.5259446501731873], [1, 1, 0.5058928728103638], [0, 3, 0.21642376482486725]]",True,1,"[[0, 0, [""hereby order""]]]",0.04057463627103551,6,"[[1, 1, 0.05691010990861748], [1, 2, 0.0463963033145625], [0, 0, 0.018417495589926544]]",0.0,4,"[[1, 1, 0.0], [1, 2, 0.0], [1, 3, 0.0]]",20,0.11584249084249085,6,True,0.0016356752021238208,8,1,0.001048469333909452,9,8,1
37,260,executive_order,"February 06, 2026","January 20, 2025",0.5279970765113831,5,0.5029258131980896,6,"[[0, 0, 0.5169440507888794], [1, 0, 0.4898819327354431], [1, 1, 0.48793333768844604]]",True,1,"[[0, 0, [""hereby order""]]]",0.027988821088013777,13,"[[0, 0, 0.045496951127036916], [1, 0, 0.021099593009635688], [0, 1, 0.017369919127368745]]",3.6666666666666665,2,"[[0, 0, 11.0], [1, 0, 0.0], [1, 1, 0.0]]",20,0.11421911421911422,7,True,0.011158030480146408,5,1,0.01342825498431921,5,8,1
37,226,executive_order,"February 06, 2026","February 01, 2025",0.4595525860786438,20,0.4700724333524704,17,"[[0, 7, 0.5379517674446106], [1, 7, 0.5163766741752625], [1, 6, 0.5082828998565674], [0, 8, 0.49694734811782837], [0, 1, 0.47489482164382935], [0, 4, 0.4644790589809418], [0, 0, 0.4314846396446228], [0, 10, 0.3984464704990387], [0, 2, 0.3439674377441406], [1, 5, 0.3130839467048645], [0, 9, 0.309002161026001], [0, 3, 0.26424622535705566]]",False,2,[],0.047620742596028186,2,"[[1, 8, 0.08400310265230856], [1, 6, 0.036881674161716026], [1, 10, 0.021977450974059957]]",0.0,4,"[[1, 8, 0.0], [1, 9, 0.0], [1, 10, 0.0]]",20,0.11414823914823916,8,True,0.000810387369710952,9,1,0.014615669846534729,4,8,1
37,1133,executive_order,"February 06, 2026","February 28, 2003",0.45540305972099304,24,0.48380838334560394,11,"[[1, 0, 0.5577542185783386], [0, 0, 0.5377395153045654], [1, 35, 0.5297430753707886], [0, 39, 0.5189645290374756], [0, 5, 0.5179574489593506], [0, 17, 0.5101670026779175], [1, 53, 0.5088212490081787], [1, 34, 0.501644492149353], [1, 41, 0.4860108494758606], [1, 28, 0.4818478226661682], [0, 31, 0.4788004159927368], [0, 20, 0.4735437035560608], [0, 52, 0.4688428044319153], [1, 32, 0.4644833207130432], [0, 22, 0.45653069019317627], [1, 6, 0.45471078157424927], [0, 16, 0.4533413052558899], [0, 19, 0.4532337784767151], [0, 45, 0.4494803547859192], [1, 44, 0.4490055441856384], [0, 2, 0.4457648992538452], [0, 24, 0.4357970952987671], [1, 18, 0.42939549684524536], [1, 3, 0.42801588773727417], [1, 51, 0.42037445306777954], [1, 26, 0.41996949911117554], [1, 36, 0.4198867082595825], [1, 40, 0.41561824083328247], [1, 46, 0.415367066860199], [1, 42, 0.41532447934150696], [1, 33, 0.41253823041915894], [1, 38, 0.4122333526611328], [0, 13, 0.41128385066986084], [1, 1, 0.4111254811286926], [1, 29, 0.4107934236526489], [0, 47, 0.40974342823028564], [1, 23, 0.4079459607601166], [1, 48, 0.4075480103492737], [1, 50, 0.40701648592948914], [1, 30, 0.4057767391204834], [1, 37, 0.4044628143310547], [1, 21, 0.3825923800468445], [0, 25, 0.38119077682495117], [0, 9, 0.3781588077545166], [1, 27, 0.3686872720718384], [1, 15, 0.3656538128852844], [0, 49, 0.361361563205719], [0, 8, 0.3593693673610687], [1, 14, 0.35199570655822754], [1, 43, 0.34399479627609253], [0, 12, 0.33610472083091736], [0, 10, 0.3330935835838318], [0, 54, 0.3074582517147064], [1, 4, 0.29067057371139526], [0, 7, 0.28610891103744507], [0, 11, 0.28553324937820435]]",True,1,"[[0, 8, [""hereby order""]], [1, 11, [""shall provide""]], [1, 14, [""shall provide""]], [1, 15, [""shall provide""]]]",0.03692102083538094,8,"[[1, 53, 0.0402860330481232], [1, 28, 0.03793255158916744], [1, 44, 0.032544477868852166]]",3.3333333333333335,3,"[[0, 8, 10.0], [1, 52, 0.0], [1, 54, 0.0]]",20,0.11145061109997996,9,True,0.22244157642126083,1,2,0.2782568037509918,1,8,1
37,3363,executive_order,"February 06, 2026","October 18, 1962",0.4670391380786896,17,0.5161020457744598,3,"[[1, 0, 0.535031795501709], [0, 0, 0.4593127965927124]]",False,2,[],0.008501326753392891,21,"[[1, 0, 0.015382386711812353], [0, 0, 0.001620266794973428]]",0.0,4,"[[0, 0, 0.0], [1, 0, 0.0]]",20,0.1095351714386709,10,True,2.7969301299890503e-05,10,1,0.0005442132242023945,10,8,1
38,82,executive_order,"January 30, 2026","August 13, 2025",0.39623162150382996,23,0.45185360312461853,5,"[[3, 4, 0.5576629638671875], [2, 4, 0.4578080475330353], [2, 2, 0.45287954807281494], [2, 3, 0.43739038705825806], [2, 0, 0.4372318983078003], [2, 1, 0.4195966124534607], [1, 3, 0.40918028354644775], [0, 0, 0.3463684022426605]]",True,1,"[[0, 0, [""hereby order""]]]",0.11063527039133164,1,"[[3, 4, 0.1883217071271249], [1, 3, 0.07666500991961259], [2, 1, 0.06691909412725745]]",11.666666666666666,1,"[[3, 4, 15.0], [1, 1, 10.0], [1, 2, 10.0]]",20,0.13523809523809524,1,True,0.0003799845289904624,7,1,0.043365802615880966,3,8,1
38,229,executive_order,"January 30, 2026","January 29, 2025",0.48142868280410767,1,0.46164821088314056,2,"[[0, 0, 0.5680123567581177], [1, 0, 0.5327011942863464], [1, 6, 0.5319110155105591], [2, 6, 0.4948399066925049], [1, 1, 0.4456326365470886], [3, 6, 0.41405144333839417], [1, 8, 0.4137512743473053], [0, 9, 0.4132441282272339], [2, 5, 0.38308435678482056], [1, 3, 0.38294756412506104], [3, 2, 0.3768653869628906], [3, 7, 0.3690154254436493], [3, 4, 0.3244878649711609]]",True,1,"[[0, 0, [""hereby order""]]]",0.042306396217803494,4,"[[1, 0, 0.05447054388962534], [1, 6, 0.041902820679559055], [1, 9, 0.030545824084226084]]",0.0,3,"[[3, 7, 0.0], [3, 8, 0.0], [3, 9, 0.0]]",20,0.13059947299077734,2,True,0.0844927579164505,1,1,0.32766830921173096,2,8,1
38,2881,executive_order,"January 30, 2026","June 29, 1970",0.4228704273700714,8,0.49611952900886536,1,"[[2, 0, 0.5574835538864136], [1, 0, 0.5113015174865723], [3, 1, 0.4584324359893799], [0, 0, 0.4099067747592926]]",True,1,"[[0, 0, [""hereby order""]]]",0.02574228718783206,6,"[[3, 0, 0.027568025174729442], [2, 1, 0.025045771682872208], [2, 0, 0.02461306470589454]]",0.0,3,"[[2, 1, 0.0], [3, 0, 0.0], [3, 1, 0.0]]",20,0.1295588469501513,3,True,0.06903792917728424,2,1,0.6187804341316223,1,8,1
38,166,executive_order,"January 30, 2026","March 27, 2025",0.4606895446777344,3,0.45830006897449493,3,"[[3, 6, 0.49445655941963196], [1, 6, 0.48802947998046875], [3, 5, 0.47136640548706055], [0, 0, 0.47061237692832947], [2, 6, 0.45790714025497437], [3, 2, 0.45266419649124146], [3, 1, 0.4372362196445465], [1, 3, 0.39847031235694885], [3, 4, 0.34713542461395264]]",True,1,"[[0, 0, [""hereby order""]]]",0.02365398698144283,7,"[[2, 6, 0.031777081581077546], [3, 6, 0.021368778881033793], [0, 0, 0.01781610048221716]]",0.0,3,"[[3, 4, 0.0], [3, 5, 0.0], [3, 6, 0.0]]",20,0.12399355877616747,4,True,0.04569203406572342,3,1,0.022116590291261673,4,8,1
38,3689,executive_order,"January 30, 2026","October 10, 1957",0.3963339328765869,22,0.40133634209632874,17,"[[3, 3, 0.44414544105529785], [1, 0, 0.42778655886650085], [2, 0, 0.39715033769607544], [3, 4, 0.3888411521911621], [1, 1, 0.36877933144569397], [0, 3, 0.36445534229278564], [2, 2, 0.3418887257575989]]",False,2,[],0.060286209214940545,2,"[[3, 4, 0.06956986929220886], [2, 4, 0.06705037645173881], [1, 4, 0.04423838190087398]]",0.0,3,"[[3, 2, 0.0], [3, 3, 0.0], [3, 4, 0.0]]",20,0.1159598333511377,5,True,0.001700722612440586,4,1,0.012624949216842651,6,8,1
38,552,executive_order,"January 30, 2026","April 10, 2019",0.3921954333782196,25,0.38971109688282013,21,"[[1, 5, 0.4507644474506378], [1, 4, 0.4473545551300049], [1, 10, 0.4436708688735962], [1, 9, 0.44084566831588745], [3, 5, 0.42283767461776733], [1, 3, 0.3886677026748657], [3, 8, 0.37428170442581177], [2, 3, 0.37110579013824463], [1, 7, 0.36490947008132935], [3, 6, 0.3587051033973694], [2, 0, 0.3579035997390747], [1, 2, 0.34846124053001404], [0, 10, 0.3346819579601288], [1, 1, 0.33267757296562195], [3, 11, 0.30665498971939087]]",True,1,"[[0, 0, [""hereby order""]]]",0.04589328419226735,3,"[[1, 7, 0.05529575979438974], [1, 5, 0.04608554209581209], [1, 3, 0.03629855068660022]]",10.0,2,"[[1, 5, 10.0], [1, 7, 10.0], [1, 10, 10.0]]",20,0.1133230502265497,6,True,0.0001523675600765273,8,1,0.005641908850520849,7,8,1
38,2339,executive_order,"January 30, 2026","September 18, 1978",0.40187162160873413,14,0.4575832188129425,4,"[[1, 0, 0.48934128880500793], [2, 0, 0.4177922308444977], [3, 0, 0.4025284945964813], [0, 0, 0.39363858103752136]]",False,2,[],0.0,20,"[[1, 0, 0.0], [2, 0, 0.0], [3, 0, 0.0]]",0.0,3,"[[1, 0, 0.0], [2, 0, 0.0], [3, 0, 0.0]]",20,0.11014492753623188,7,True,8.818922651698813e-05,9,1,0.0010733063099905849,10,8,1
38,1269,executive_order,"January 30, 2026","April 21, 2000",0.3990881145000458,19,0.4196584075689316,10,"[[3, 4, 0.4365254044532776], [2, 0, 0.4346013069152832], [1, 3, 0.43415403366088867], [1, 1, 0.4226887822151184], [1, 2, 0.3734514117240906], [0, 1, 0.3708498775959015]]",True,1,"[[0, 0, [""hereby order""]]]",0.00908229873240674,11,"[[2, 1, 0.013080968813257031], [3, 4, 0.007746085412921841], [2, 0, 0.006419841971041347]]",0.0,3,"[[3, 2, 0.0], [3, 3, 0.0], [3, 4, 0.0]]",20,0.10906965871902757,8,True,0.0012351679615676403,6,1,0.001957016997039318,8,8,1
38,3661,executive_order,"January 30, 2026","March 17, 1958",0.400027334690094,18,0.4278860092163086,6,"[[2, 0, 0.44666045904159546], [1, 0, 0.42351269721984863], [3, 0, 0.4006515145301819], [0, 0, 0.36562156677246094]]",False,2,[],0.000689565684332552,17,"[[2, 0, 0.001387091322894836], [0, 0, 0.0006816057301028203], [3, 0, 0.0]]",0.0,3,"[[1, 0, 0.0], [2, 0, 0.0], [3, 0, 0.0]]",20,0.10896682635813071,9,True,3.8831109122838825e-05,10,1,0.012821214273571968,5,8,1
38,612,executive_order,"January 30, 2026","August 15, 2017",0.44705575704574585,4,0.40713679790496826,15,"[[2, 14, 0.4676605463027954], [3, 14, 0.4601067304611206], [2, 3, 0.43366411328315735], [1, 14, 0.43073782324790955], [1, 6, 0.42805320024490356], [1, 5, 0.42789512872695923], [2, 9, 0.41046470403671265], [3, 7, 0.4090445935726166], [3, 16, 0.40644145011901855], [2, 13, 0.4060503840446472], [1, 11, 0.3977632522583008], [1, 4, 0.39438843727111816], [1, 2, 0.3934195935726166], [2, 1, 0.39155131578445435], [3, 10, 0.38589805364608765], [3, 12, 0.366791695356369], [2, 0, 0.3617245554924011], [2, 8, 0.352521151304245], [3, 15, 0.3352704644203186], [0, 14, 0.3059769868850708]]",True,1,"[[0, 0, [""hereby order""]]]",0.01633608750306809,8,"[[3, 15, 0.02368992807952882], [3, 16, 0.015079953896758824], [2, 15, 0.010238380532916626]]",0.0,3,"[[3, 14, 0.0], [3, 15, 0.0], [3, 16, 0.0]]",20,0.1077639751552795,10,True,0.0014052828482817858,5,2,0.0015731120947748423,9,8,1
39,388,executive_order,"January 29, 2026","May 28, 2021",0.5272327065467834,6,0.5114265382289886,3,"[[2, 7, 0.5706851482391357], [1, 7, 0.568693220615387], [2, 17, 0.5407212376594543], [2, 8, 0.5398348569869995], [2, 4, 0.531369686126709], [2, 15, 0.5308563709259033], [2, 6, 0.5157220959663391], [2, 14, 0.5061759948730469], [2, 11, 0.49975985288619995], [2, 9, 0.49511635303497314], [0, 8, 0.4863400459289551], [2, 12, 0.4816737174987793], [2, 13, 0.4526609480381012], [1, 1, 0.4517795443534851], [0, 0, 0.438876748085022], [2, 3, 0.43489938974380493], [2, 2, 0.43344026803970337], [1, 10, 0.4211249053478241], [2, 16, 0.41361159086227417], [2, 5, 0.3987368941307068]]",True,1,"[[0, 0, [""hereby order""]], [2, 4, [""shall report""]], [2, 11, [""shall report""]]]",0.08484522515258852,2,"[[2, 13, 0.08909868655373897], [2, 11, 0.08482162312870205], [1, 3, 0.08061536577532455]]",0.0,4,"[[2, 15, 0.0], [2, 16, 0.0], [2, 17, 0.0]]",20,0.13059947299077734,1,True,0.0012545945355668664,8,1,0.49404533207416534,3,8,2
39,465,executive_order,"January 29, 2026","October 03, 2020",0.5491244196891785,3,0.5267588794231415,1,"[[0, 0, 0.5758835077285767], [2, 2, 0.5341591238975525], [1, 2, 0.4812774956226349], [2, 1, 0.4591904282569885]]",True,1,"[[0, 0, [""hereby order""]], [1, 1, [""hereby establish""]]]",0.030031406853479728,10,"[[2, 1, 0.04336281771538393], [1, 1, 0.036538337407345405], [0, 1, 0.010193065437709859]]",3.3333333333333335,3,"[[1, 1, 10.0], [2, 1, 0.0], [2, 2, 0.0]]",20,0.12443064182194616,2,True,0.049958523362874985,3,1,0.006388320587575436,9,8,1
39,770,executive_order,"January 29, 2026","July 15, 2013",0.49769431352615356,8,0.4982861131429672,5,"[[2, 1, 0.5549672842025757], [1, 1, 0.5072128176689148], [0, 0, 0.48620036244392395], [2, 2, 0.45624595880508423], [2, 3, 0.4243680536746979]]",True,1,"[[0, 0, [""hereby order""]]]",0.04546639957231124,4,"[[1, 1, 0.07240369842602717], [2, 1, 0.053766363398248765], [2, 3, 0.010229136892657784]]",0.0,4,"[[2, 1, 0.0], [2, 2, 0.0], [2, 3, 0.0]]",20,0.12333333333333332,3,True,0.004365325439721346,6,1,0.02145073190331459,6,8,1
39,207,executive_order,"January 29, 2026","February 13, 2025",0.47606930136680603,17,0.4551590234041214,22,"[[0, 0, 0.5046489238739014], [2, 2, 0.4753706455230713], [2, 4, 0.45492738485336304], [0, 3, 0.42985856533050537], [1, 2, 0.42735034227371216], [0, 1, 0.39964234828948975], [2, 5, 0.38272082805633545]]",True,1,"[[0, 0, [""hereby order""]], [1, 2, [""hereby establish""]]]",0.0901683256042964,1,"[[2, 4, 0.1157189318499595], [2, 2, 0.1099798262880864], [1, 2, 0.0448062186748433]]",7.0,1,"[[2, 4, 21.0], [2, 3, 0.0], [2, 5, 0.0]]",20,0.11904761904761904,4,True,0.019271135330200195,4,1,0.007011795416474342,7,8,1
39,1829,executive_order,"January 29, 2026","March 26, 1987",0.5294064879417419,5,0.48123131692409515,11,"[[2, 2, 0.5250277519226074], [2, 1, 0.5178264379501343], [2, 3, 0.49265992641448975], [2, 4, 0.476274311542511], [1, 2, 0.4624793827533722], [2, 0, 0.4345349669456482], [0, 1, 0.4320868253707886]]",True,1,"[[1, 0, [""hereby establish""]]]",0.05040920738890283,3,"[[1, 0, 0.0756848632252094], [2, 0, 0.06443778488956631], [2, 3, 0.011104974051932774]]",0.0,4,"[[2, 2, 0.0], [2, 3, 0.0], [2, 4, 0.0]]",20,0.1174029920523609,5,True,0.053799644112586975,2,1,0.08035746961832047,4,8,1
39,98,executive_order,"January 29, 2026","July 24, 2025",0.48159945011138916,13,0.4796367436647415,12,"[[2, 3, 0.5136739015579224], [0, 3, 0.5127520561218262], [0, 1, 0.4758695960044861], [2, 5, 0.4652664065361023], [1, 1, 0.4603486657142639], [0, 0, 0.45704978704452515], [1, 4, 0.45334988832473755], [2, 2, 0.4168819487094879]]",True,1,"[[0, 0, [""hereby order""]]]",0.04117554009790992,6,"[[1, 4, 0.05074496485661073], [2, 5, 0.04240658187567272], [2, 4, 0.030375073561446305]]",5.0,2,"[[2, 5, 15.0], [2, 3, 0.0], [2, 4, 0.0]]",20,0.11516608391608392,6,True,0.013020489364862442,5,1,0.007011795416474342,8,8,1
39,2820,executive_order,"January 29, 2026","June 17, 1971",0.5560246706008911,2,0.5258381366729736,2,"[[2, 2, 0.6427308320999146], [2, 0, 0.5429626703262329], [1, 0, 0.5079746246337891], [0, 2, 0.4956214129924774], [2, 3, 0.4694557785987854], [2, 1, 0.35645341873168945]]",True,1,"[[1, 0, [""hereby establish""]]]",0.009538904957596786,18,"[[1, 0, 0.01682436629475082], [2, 2, 0.008226682057162949], [2, 0, 0.00356566652087659]]",0.0,4,"[[2, 1, 0.0], [2, 2, 0.0], [2, 3, 0.0]]",20,0.11343700159489634,7,True,0.08570927381515503,1,1,0.048136770725250244,5,8,1
39,1294,executive_order,"January 29, 2026","June 07, 1999",0.47616738080978394,16,0.48782558739185333,8,"[[1, 2, 0.6049219369888306], [2, 3, 0.601689338684082], [0, 5, 0.440875768661499], [2, 4, 0.43290674686431885], [2, 9, 0.43265044689178467], [1, 8, 0.4281463027000427], [2, 1, 0.41993874311447144], [2, 0, 0.40571826696395874], [2, 10, 0.35660824179649353], [1, 6, 0.302598237991333], [2, 7, 0.265322744846344]]",True,1,"[[0, 0, [""hereby order""]], [2, 3, [""shall report""]]]",0.037313593483617395,8,"[[1, 2, 0.049997646299059416], [1, 0, 0.03829588824234283], [2, 0, 0.023647245909449922]]",0.0,4,"[[2, 8, 0.0], [2, 9, 0.0], [2, 10, 0.0]]",20,0.11309523809523808,8,True,0.0007264874875545502,9,1,0.0025114635936915874,10,8,1
39,904,executive_order,"January 29, 2026","October 14, 2009",0.46855199337005615,21,0.4680059850215912,17,"[[2, 6, 0.5716924071311951], [2, 8, 0.5371227860450745], [1, 6, 0.5347420573234558], [1, 12, 0.4551476836204529], [0, 9, 0.44953393936157227], [1, 5, 0.4379647970199585], [2, 1, 0.43256235122680664], [2, 13, 0.414631724357605], [0, 0, 0.40957722067832947], [1, 4, 0.4052419662475586], [1, 7, 0.3934975266456604], [2, 11, 0.37111610174179077], [2, 3, 0.32822462916374207], [1, 2, 0.3235381841659546], [1, 10, 0.3131301999092102]]",True,1,"[[0, 0, [""hereby order""]], [2, 6, [""shall report""]]]",0.04297310114120661,5,"[[2, 6, 0.07347434237812867], [1, 5, 0.030687226999918268], [2, 8, 0.024757734045572882]]",0.0,4,"[[2, 11, 0.0], [2, 12, 0.0], [2, 13, 0.0]]",20,0.1086936936936937,9,True,0.00017605620087124407,10,1,0.5,2,8,1
39,2778,executive_order,"January 29, 2026","January 28, 1972",0.5389755964279175,4,0.5039269626140594,4,"[[2, 5, 0.5484909415245056], [2, 2, 0.5481967329978943], [2, 1, 0.5467687845230103], [2, 0, 0.48961928486824036], [2, 3, 0.4863777756690979], [1, 2, 0.47667834162712097], [0, 3, 0.4762805104255676], [2, 4, 0.4247702956199646]]",False,2,[],0.005091196039321403,21,"[[2, 0, 0.006684432163278487], [2, 2, 0.0055751423190126825], [2, 5, 0.003014013635673039]]",0.0,4,"[[2, 3, 0.0], [2, 4, 0.0], [2, 5, 0.0]]",20,0.10772357723577236,10,True,0.001524786464869976,7,1,0.7035188227891922,1,8,2
40,90,executive_order,"January 29, 2026","August 06, 2025",0.6353977918624878,4,0.6308827102184296,1,"[[3, 1, 0.7154003381729126], [4, 2, 0.7003993391990662], [6, 6, 0.6898324489593506], [5, 5, 0.6828055381774902], [7, 7, 0.6783290505409241], [8, 9, 0.6692930459976196], [0, 1, 0.6303074359893799], [9, 9, 0.6227098107337952], [4, 10, 0.6136882901191711], [7, 8, 0.5764380097389221], [1, 1, 0.5725409388542175], [4, 4, 0.5715770125389099], [2, 1, 0.5662474632263184], [3, 0, 0.5590306520462036], [10, 6, 0.5010461807250977], [5, 3, 0.39371418952941895]]",True,1,"[[0, 0, [""i hereby""]], [1, 1, [""i find""]], [1, 3, [""i find""]], [2, 1, [""i find""]], [2, 3, [""i find""]], [4, 2, [""i determine""]], [5, 5, [""shall determine""]], [5, 10, [""shall determine""]], [6, 5, [""shall determine""]], [6, 10, [""shall determine""]], [7, 6, [""shall recommend""]], [7, 7, [""shall recommend""]], [9, 9, [""shall take""]], [10, 8, [""hereby authorize""]]]",0.22007794167884373,5,"[[7, 7, 0.24223269499046807], [7, 8, 0.21094808270073584], [5, 5, 0.20705304734532728]]",45.333333333333336,1,"[[6, 4, 60.0], [7, 7, 40.0], [7, 8, 36.0]]",20,0.13523809523809524,1,True,0.9149009585380554,1,1,0.9947799444198608,1,8,1
40,226,executive_order,"January 29, 2026","February 01, 2025",0.6081579327583313,10,0.5882137715816498,2,"[[3, 2, 0.747795045375824], [0, 0, 0.7103211879730225], [4, 3, 0.6828691363334656], [3, 1, 0.6112548112869263], [4, 4, 0.6000679731369019], [3, 10, 0.5895936489105225], [6, 4, 0.5880218148231506], [9, 9, 0.5762552618980408], [9, 8, 0.5481695532798767], [10, 10, 0.5433691740036011], [7, 7, 0.528925895690918], [2, 1, 0.5111511945724487], [7, 6, 0.5000500679016113], [5, 4, 0.49592098593711853], [4, 5, 0.49477678537368774], [8, 8, 0.48952731490135193], [1, 1, 0.4764661192893982]]",True,1,"[[0, 0, [""i hereby""]], [0, 1, [""i hereby""]], [0, 2, [""i hereby""]], [5, 4, [""shall determine""]], [6, 4, [""shall determine""]], [7, 7, [""shall recommend""]], [9, 9, [""shall take""]], [10, 8, [""hereby authorize""]], [10, 10, [""hereby authorize""]]]",0.1933452511863006,7,"[[9, 9, 0.2426140490823778], [7, 8, 0.17930664853950792], [10, 10, 0.15811505593701614]]",18.0,10,"[[10, 10, 24.0], [1, 1, 20.0], [7, 8, 10.0]]",20,0.11582491582491583,2,True,0.9059898257255554,2,1,0.989591658115387,3,8,1
40,58,executive_order,"January 29, 2026","November 20, 2025",0.6533101797103882,1,0.5792405605316162,3,"[[6, 2, 0.6378019452095032], [4, 3, 0.6341226696968079], [4, 1, 0.6163190603256226], [7, 4, 0.6126319169998169], [3, 0, 0.604864776134491], [2, 0, 0.6020757555961609], [1, 0, 0.5780277252197266], [0, 0, 0.5627967119216919], [5, 4, 0.5494075417518616], [10, 4, 0.4977830648422241], [9, 4, 0.4927038848400116], [9, 5, 0.45115765929222107], [8, 5, 0.4500970244407654]]",True,1,"[[0, 0, [""i hereby""]], [4, 1, [""i determine""]], [9, 5, [""shall take""]], [10, 4, [""hereby authorize""]]]",0.16399695032216774,12,"[[7, 4, 0.21207864456676695], [6, 3, 0.14123792152115963], [2, 0, 0.13867428487857664]]",22.333333333333332,5,"[[7, 4, 27.0], [6, 3, 20.0], [6, 4, 20.0]]",20,0.11472826086956522,3,True,0.37022536993026733,4,1,0.8670357465744019,4,8,1
40,1197,executive_order,"January 29, 2026","August 17, 2001",0.6024652719497681,12,0.5722699463367462,6,"[[3, 0, 0.7764252424240112], [0, 0, 0.6216492652893066], [3, 1, 0.5822738409042358], [2, 1, 0.5624834299087524], [7, 1, 0.5274904370307922], [5, 2, 0.5217677354812622], [4, 1, 0.5055990219116211], [1, 1, 0.5042540431022644], [6, 1, 0.4553419351577759], [10, 2, 0.4338168501853943], [9, 2, 0.39451315999031067], [8, 2, 0.39155250787734985]]",True,1,"[[3, 0, [""hereby declare""]]]",0.2934822190333997,2,"[[3, 0, 0.7725833493741264], [3, 1, 0.05933794807047334], [1, 1, 0.048525359655599405]]",5.0,15,"[[3, 0, 15.0], [10, 1, 0.0], [10, 2, 0.0]]",20,0.11248751248751249,4,True,0.6791787147521973,3,1,0.5774953961372375,7,8,1
40,1496,executive_order,"January 29, 2026","June 30, 1994",0.6060648560523987,11,0.5701168775558472,8,"[[3, 0, 0.7764252424240112], [0, 0, 0.6216492652893066], [3, 1, 0.5822718143463135], [2, 1, 0.562905490398407], [5, 2, 0.5276951193809509], [7, 1, 0.5174242258071899], [1, 1, 0.5061193108558655], [4, 1, 0.4968355894088745], [6, 1, 0.4475148320198059], [10, 2, 0.419245183467865], [9, 2, 0.38417989015579224], [8, 2, 0.36580610275268555]]",True,1,"[[3, 0, [""hereby declare""]]]",0.29451440537798707,1,"[[3, 0, 0.7725833493741264], [3, 1, 0.06316632198401152], [1, 1, 0.04779354477582329]]",5.0,15,"[[3, 0, 15.0], [10, 1, 0.0], [10, 2, 0.0]]",20,0.1119047619047619,5,True,0.22815649211406708,6,1,0.3775406777858734,9,8,1
40,1495,executive_order,"January 29, 2026","August 19, 1994",0.613781213760376,8,0.5720079839229584,7,"[[3, 0, 0.7764252424240112], [0, 0, 0.6216492652893066], [3, 1, 0.5822738409042358], [2, 1, 0.5624834299087524], [7, 1, 0.5274904370307922], [5, 2, 0.5238744020462036], [4, 1, 0.5055990219116211], [1, 1, 0.5042540431022644], [6, 1, 0.4553419351577759], [10, 2, 0.43117356300354004], [9, 2, 0.39600929617881775], [8, 2, 0.37710505723953247]]",True,1,"[[3, 0, [""hereby declare""]]]",0.2934822190333997,2,"[[3, 0, 0.7725833493741264], [3, 1, 0.05933794807047334], [1, 1, 0.048525359655599405]]",5.0,15,"[[3, 0, 15.0], [10, 1, 0.0], [10, 2, 0.0]]",20,0.11106301106301106,6,True,0.13296423852443695,7,1,0.4882833957672119,8,8,1
40,96,executive_order,"January 29, 2026","July 30, 2025",0.5670492649078369,25,0.5700877010822296,9,"[[8, 13, 0.6444276571273804], [4, 6, 0.639369547367096], [9, 13, 0.6109517812728882], [4, 7, 0.6015303134918213], [6, 11, 0.601219892501831], [3, 4, 0.5966781377792358], [4, 8, 0.5958700180053711], [4, 2, 0.5865886211395264], [4, 15, 0.5849149227142334], [0, 0, 0.5842117071151733], [4, 1, 0.5707080960273743], [4, 3, 0.555600643157959], [4, 5, 0.5545787811279297], [5, 11, 0.5436803102493286], [2, 4, 0.5403220653533936], [4, 10, 0.5317802429199219], [7, 6, 0.5278450846672058], [1, 4, 0.5270916223526001], [4, 14, 0.5184862613677979], [7, 12, 0.49823808670043945], [4, 9, 0.46525871753692627], [10, 2, 0.44962677359580994]]",True,1,"[[4, 1, [""i determine""]], [4, 2, [""i determine""]], [4, 3, [""i determine""]], [4, 4, [""i determine""]], [4, 5, [""i determine""]], [4, 6, [""i determine""]], [4, 7, [""i determine""]], [4, 8, [""i determine""]], [5, 11, [""shall determine""]], [6, 11, [""shall determine""]], [8, 14, [""is authorized""]], [8, 15, [""is authorized""]], [9, 13, [""shall take""]]]",0.16133963220678868,13,"[[9, 13, 0.24764982145881886], [7, 15, 0.12248859508119692], [7, 12, 0.11388048008035023]]",27.666666666666668,2,"[[7, 10, 37.0], [7, 15, 31.0], [10, 15, 15.0]]",20,0.11024033437826541,7,True,0.007937993854284286,10,1,0.859663724899292,5,8,1
40,93,executive_order,"January 29, 2026","July 31, 2025",0.6374478340148926,3,0.5742688179016113,5,"[[7, 4, 0.7424346208572388], [7, 5, 0.663364589214325], [6, 4, 0.6229228377342224], [4, 1, 0.6113193035125732], [5, 4, 0.6016885042190552], [6, 2, 0.5758439302444458], [4, 0, 0.5665261745452881], [3, 4, 0.5590031147003174], [6, 3, 0.5360918045043945], [10, 4, 0.520928144454956], [0, 4, 0.4932221472263336], [8, 4, 0.4600018262863159], [9, 4, 0.4531438648700714], [2, 5, 0.43538203835487366], [1, 0, 0.35863667726516724]]",True,1,"[[0, 0, [""i hereby""]], [5, 2, [""shall determine""]], [6, 2, [""shall determine""]], [7, 5, [""shall recommend""]], [9, 4, [""shall take""]]]",0.15612847581340722,15,"[[7, 3, 0.21096537754470954], [6, 4, 0.16335080617258668], [6, 3, 0.09406924372292542]]",19.333333333333332,8,"[[7, 3, 31.0], [6, 3, 14.0], [10, 5, 13.0]]",20,0.10428571428571429,8,True,0.05033063143491745,9,1,0.9927672147750854,2,8,1
40,174,executive_order,"January 29, 2026","March 24, 2025",0.6303327083587646,5,0.5689137876033783,10,"[[5, 3, 0.6921356916427612], [7, 3, 0.6384469270706177], [6, 3, 0.6287965774536133], [4, 3, 0.6234694719314575], [4, 1, 0.6203374266624451], [4, 2, 0.6073278188705444], [5, 4, 0.5905247330665588], [10, 3, 0.5449986457824707], [1, 0, 0.5240243673324585], [2, 0, 0.4804641008377075], [3, 2, 0.47813573479652405], [0, 2, 0.452278196811676], [8, 2, 0.4081796705722809], [9, 2, 0.36960428953170776]]",True,1,"[[0, 0, [""i hereby""]], [10, 1, [""hereby authorize""]], [10, 2, [""hereby authorize""]], [10, 3, [""hereby authorize""]]]",0.14304752881595925,18,"[[10, 4, 0.15364872647962427], [7, 2, 0.1526004614089024], [6, 2, 0.1228933985593511]]",26.666666666666668,3,"[[10, 4, 32.0], [6, 1, 26.0], [7, 1, 22.0]]",20,0.10312738367658275,9,True,0.30404165387153625,5,1,0.6992543935775757,6,8,1
40,1876,executive_order,"January 29, 2026","January 07, 1986",0.6217848658561707,6,0.5570512115955353,14,"[[3, 0, 0.7286677360534668], [0, 0, 0.6472154855728149], [5, 2, 0.5619556307792664], [2, 0, 0.55975741147995], [7, 2, 0.5418339967727661], [1, 0, 0.5158653855323792], [5, 1, 0.5000767707824707], [4, 2, 0.47494009137153625], [10, 0, 0.4684383273124695], [6, 2, 0.46142998337745667], [9, 2, 0.3716830015182495], [8, 2, 0.357439249753952]]",True,1,"[[0, 1, [""i hereby""]], [3, 0, [""hereby declare""]], [10, 2, [""hereby authorize""]]]",0.23863950229822972,3,"[[3, 0, 0.4175077082375796], [2, 0, 0.1670325668889684], [1, 0, 0.13137823176814106]]",12.666666666666666,14,"[[1, 0, 21.0], [3, 0, 17.0], [10, 2, 0.0]]",20,0.10230179028132992,10,True,0.07263670116662979,8,1,0.28776782751083374,10,8,1
44,714,executive_order,"January 16, 2026","September 03, 2015",0.7154110670089722,2,0.7367237210273743,5,"[[0, 0, 0.7367237210273743]]",True,1,"[[0, 0, [""i hereby""]]]",0.7152318810454956,1,"[[0, 0, 0.7152318810454956]]",75.0,1,"[[0, 0, 75.0]]",20,0.13523809523809524,1,True,0.9971550703048706,3,1,0.9932550191879272,4,8,1
44,660,executive_order,"January 16, 2026","January 12, 2017",0.701066792011261,4,0.694930911064148,15,"[[0, 0, 0.694930911064148]]",True,1,"[[0, 0, [""i hereby""]]]",0.5922331211411525,2,"[[0, 0, 0.5922331211411525]]",69.0,2,"[[0, 0, 69.0]]",20,0.11948051948051948,2,True,0.9957020878791809,4,1,0.9935117363929749,3,8,1
44,1912,executive_order,"January 16, 2026","March 22, 1985",0.6634654402732849,15,0.7093262672424316,11,"[[0, 0, 0.7093262672424316]]",True,1,"[[0, 0, [""i hereby""]]]",0.37198163662111106,3,"[[0, 0, 0.37198163662111106]]",30.0,4,"[[0, 0, 30.0]]",20,0.1174029920523609,3,True,0.9915544390678406,7,1,0.9886682629585266,6,8,1
44,1577,executive_order,"January 16, 2026","March 29, 1993",0.6870304942131042,7,0.7332198619842529,7,"[[0, 0, 0.7332198619842529]]",True,1,"[[0, 0, [""i hereby""]]]",0.34596899006435755,7,"[[0, 0, 0.34596899006435755]]",25.0,6,"[[0, 0, 25.0]]",20,0.11253561253561253,4,True,0.9939496517181396,6,1,0.9932025074958801,5,8,1
44,1524,executive_order,"January 16, 2026","January 26, 1994",0.6906806826591492,5,0.7113329768180847,10,"[[0, 0, 0.7113329768180847]]",True,1,"[[0, 0, [""i hereby""]]]",0.34715069088764794,6,"[[0, 0, 0.34715069088764794]]",29.0,5,"[[0, 0, 29.0]]",20,0.1117948717948718,5,True,0.9943140745162964,5,1,0.9805806875228882,8,8,1
44,4195,executive_order,"January 16, 2026","March 26, 1951",0.6790897846221924,9,0.795668363571167,1,"[[0, 0, 0.795668363571167]]",True,1,"[[0, 0, [""i hereby""]]]",0.20480534750730528,17,"[[0, 0, 0.20480534750730528]]",13.0,9,"[[0, 0, 13.0]]",20,0.1091288332667643,6,True,0.999189555644989,1,1,0.9985104203224182,2,8,1
44,3625,executive_order,"January 16, 2026","December 13, 1958",0.6680278778076172,14,0.7402372360229492,4,"[[0, 0, 0.7402372360229492]]",True,1,"[[0, 0, [""i hereby""]]]",0.24219463358375326,13,"[[0, 0, 0.24219463358375326]]",23.0,7,"[[0, 0, 23.0]]",20,0.109006734006734,7,True,0.9839708209037781,10,1,0.9805806875228882,9,8,1
44,1422,executive_order,"January 16, 2026","April 01, 1996",0.6765606999397278,11,0.6637874841690063,19,"[[0, 0, 0.6637874841690063]]",True,1,"[[0, 0, [""i hereby""]]]",0.36805771208383486,4,"[[0, 0, 0.36805771208383486]]",30.0,4,"[[0, 0, 30.0]]",20,0.10897435897435898,8,True,0.9908744096755981,8,1,0.9867772459983826,7,8,1
44,968,executive_order,"January 16, 2026","November 19, 2007",0.655134916305542,20,0.6986896395683289,14,"[[0, 0, 0.6986896395683289]]",True,1,"[[0, 0, [""i hereby""]]]",0.33212851841126373,8,"[[0, 0, 0.33212851841126373]]",32.0,3,"[[0, 0, 32.0]]",20,0.10860431128973327,9,True,0.9897513389587402,9,1,0.9778834581375122,10,8,1
44,4290,executive_order,"January 16, 2026","June 27, 1950",0.6613856554031372,16,0.7814252376556396,2,"[[0, 0, 0.7814252376556396]]",True,1,"[[0, 0, [""i hereby""]]]",0.20806080188898735,16,"[[0, 0, 0.20806080188898735]]",13.0,9,"[[0, 0, 13.0]]",20,0.10771508185301289,10,True,0.9990378618240356,2,1,0.9985895752906799,1,8,1
46,808,executive_order,"January 09, 2026","May 16, 2012",0.5415975451469421,17,0.596630334854126,2,"[[4, 7, 0.8674595355987549], [6, 9, 0.820000410079956], [5, 8, 0.7164278030395508], [1, 0, 0.6170498132705688], [3, 7, 0.5503965020179749], [0, 0, 0.5018056631088257], [1, 4, 0.49988579750061035], [0, 1, 0.4904954135417938], [1, 5, 0.44783398509025574], [2, 4, 0.4466760754585266], [6, 2, 0.35459670424461365], [3, 6, 0.3427881598472595], [1, 3, 0.31918904185295105]]",True,1,"[[0, 4, [""i find""]], [1, 0, [""i hereby""]], [1, 1, [""i hereby""]], [1, 2, [""i hereby""]], [1, 3, [""i hereby""]], [2, 0, [""i hereby""]], [2, 1, [""i hereby""]], [2, 2, [""i hereby""]], [2, 3, [""i hereby""]], [6, 7, [""hereby authorize""]], [6, 9, [""hereby authorize""]]]",0.5351213472553396,2,"[[6, 9, 0.7693366538893895], [4, 7, 0.6810593477999013], [6, 7, 0.1549680400767277]]",44.666666666666664,3,"[[4, 7, 53.0], [6, 9, 48.0], [1, 3, 33.0]]",20,0.13438735177865613,1,True,0.230919748544693,6,1,0.9875683188438416,6,8,1
46,802,executive_order,"January 09, 2026","June 25, 2012",0.5422831177711487,16,0.6422349214553833,1,"[[4, 2, 0.8630849123001099], [6, 4, 0.820000410079956], [0, 1, 0.5609920024871826], [5, 3, 0.556694507598877], [1, 0, 0.5367381572723389], [3, 2, 0.5119836926460266], [2, 1, 0.46928125619888306]]",True,1,"[[1, 1, [""i hereby""]], [2, 1, [""i hereby""]], [6, 2, [""hereby authorize""]], [6, 4, [""hereby authorize""]]]",0.5085757252585897,3,"[[6, 4, 0.7693366538893895], [4, 2, 0.6409324815282188], [6, 2, 0.11545804035816096]]",43.0,4,"[[4, 2, 55.0], [6, 4, 48.0], [1, 0, 26.0]]",20,0.1327639751552795,2,True,0.9738444089889526,2,1,0.9967013001441956,2,8,1
46,395,executive_order,"January 09, 2026","April 15, 2021",0.5406489372253418,18,0.5646225214004517,11,"[[4, 9, 0.8751071095466614], [6, 11, 0.8198803663253784], [5, 10, 0.5492811799049377], [3, 9, 0.5480260848999023], [1, 0, 0.5372913479804993], [1, 6, 0.49988579750061035], [0, 6, 0.488881915807724], [1, 4, 0.4796168804168701], [2, 10, 0.46958819031715393], [1, 7, 0.44783398509025574], [0, 2, 0.4356207251548767], [0, 1, 0.43187230825424194], [2, 5, 0.4048590660095215], [5, 3, 0.3884527087211609], [3, 8, 0.3302854895591736]]",True,1,"[[0, 6, [""i find""]], [1, 0, [""i hereby""]], [1, 1, [""i hereby""]], [1, 4, [""i hereby""]], [1, 5, [""i hereby""]], [2, 0, [""i hereby""]], [2, 1, [""i hereby""]], [2, 4, [""i hereby""]], [2, 5, [""i hereby""]], [5, 10, [""shall take""]], [6, 9, [""hereby authorize""]], [6, 11, [""hereby authorize""]]]",0.6348847441352438,1,"[[4, 9, 0.8766399339245617], [6, 11, 0.844537998940928], [6, 9, 0.18347629954024158]]",47.0,2,"[[4, 9, 68.0], [6, 11, 48.0], [1, 1, 25.0]]",20,0.1253316575897221,3,True,0.011777843348681927,10,1,0.9902915358543396,4,8,1
46,759,executive_order,"January 09, 2026","March 06, 2014",0.5393787622451782,19,0.5775330662727356,9,"[[4, 9, 0.8689159750938416], [6, 11, 0.820000410079956], [5, 10, 0.723848819732666], [1, 0, 0.5574243068695068], [3, 9, 0.5499584674835205], [0, 0, 0.5106365084648132], [1, 6, 0.49988579750061035], [0, 1, 0.49078041315078735], [1, 7, 0.44783398509025574], [2, 6, 0.4466760754585266], [0, 2, 0.41240617632865906], [1, 3, 0.3907684087753296], [6, 4, 0.35459670424461365], [3, 8, 0.3302854895591736], [1, 5, 0.28839996457099915]]",True,1,"[[0, 6, [""i find""]], [1, 0, [""i hereby""]], [1, 1, [""i hereby""]], [1, 2, [""i hereby""]], [1, 3, [""i hereby""]], [1, 4, [""i hereby""]], [1, 5, [""i hereby""]], [2, 0, [""i hereby""]], [2, 1, [""i hereby""]], [2, 2, [""i hereby""]], [2, 3, [""i hereby""]], [2, 4, [""i hereby""]], [2, 5, [""i hereby""]], [6, 9, [""hereby authorize""]], [6, 11, [""hereby authorize""]]]",0.5351213472553396,2,"[[6, 11, 0.7693366538893895], [4, 9, 0.6810593477999013], [6, 9, 0.1549680400767277]]",44.666666666666664,3,"[[4, 9, 53.0], [6, 11, 48.0], [1, 1, 33.0]]",20,0.12341556494480033,4,True,0.5,5,1,0.982557475566864,8,8,1
46,1019,executive_order,"January 09, 2026","April 26, 2006",0.564853310585022,8,0.5942406058311462,5,"[[4, 6, 0.8572076559066772], [6, 9, 0.807039201259613], [5, 7, 0.6987305283546448], [1, 0, 0.554678738117218], [3, 6, 0.5440951585769653], [1, 3, 0.5244201421737671], [0, 0, 0.5221433639526367], [4, 8, 0.51908278465271], [1, 4, 0.48489314317703247], [1, 10, 0.47984445095062256], [1, 1, 0.4760153889656067], [2, 3, 0.448192298412323], [3, 5, 0.35453832149505615], [0, 2, 0.35213369131088257]]",True,1,"[[0, 3, [""i find""]], [1, 1, [""i hereby""]], [1, 2, [""i hereby""]], [2, 1, [""i hereby""]], [2, 2, [""i hereby""]], [6, 6, [""hereby authorize""]], [6, 9, [""hereby authorize""]], [6, 10, [""hereby authorize""]]]",0.42502452184717104,7,"[[4, 6, 0.5807176341617464], [6, 9, 0.565686090945281], [6, 8, 0.12866984043448568]]",42.666666666666664,5,"[[1, 0, 49.0], [4, 6, 41.0], [6, 9, 38.0]]",20,0.11703703703703704,5,True,0.637030839920044,4,1,0.9924227595329285,3,8,1
46,341,executive_order,"January 09, 2026","July 19, 2022",0.5729418992996216,4,0.5505123138427734,14,"[[4, 14, 0.8681290149688721], [6, 16, 0.6029677987098694], [5, 15, 0.5695971846580505], [1, 1, 0.5640944242477417], [0, 0, 0.5632472634315491], [3, 14, 0.5442911982536316], [0, 4, 0.511935293674469], [0, 5, 0.5106664896011353], [0, 6, 0.5002402663230896], [1, 11, 0.49988579750061035], [1, 2, 0.48075374960899353], [1, 9, 0.4796168804168701], [2, 6, 0.47892093658447266], [1, 12, 0.44783398509025574], [0, 7, 0.4373345971107483], [5, 8, 0.42307010293006897], [0, 3, 0.4155743718147278], [6, 13, 0.34799036383628845], [1, 10, 0.31573522090911865]]",True,1,"[[0, 11, [""i find""]], [1, 1, [""i hereby""]], [1, 2, [""i hereby""]], [1, 9, [""i hereby""]], [1, 10, [""i hereby""]], [2, 1, [""i hereby""]], [2, 2, [""i hereby""]], [2, 9, [""i hereby""]], [2, 10, [""i hereby""]], [4, 14, [""is authorized""]], [5, 15, [""shall take""]], [6, 16, [""hereby authorize""]]]",0.4471166506059227,5,"[[4, 14, 0.8896289829174145], [6, 16, 0.2478043202931281], [5, 15, 0.2039166486072255]]",48.333333333333336,1,"[[4, 14, 69.0], [6, 16, 48.0], [1, 6, 28.0]]",20,0.11703081232492997,6,True,0.018124720081686974,9,1,0.7745833992958069,10,8,1
46,978,executive_order,"January 09, 2026","August 01, 2007",0.5374781489372253,22,0.5906464457511902,7,"[[4, 7, 0.8681260347366333], [6, 10, 0.8196276426315308], [5, 8, 0.6987305283546448], [3, 7, 0.5512070655822754], [1, 0, 0.5433779954910278], [4, 9, 0.51908278465271], [1, 4, 0.5066700577735901], [0, 0, 0.49881333112716675], [1, 2, 0.4787917733192444], [0, 1, 0.47724297642707825], [2, 4, 0.44975894689559937], [1, 5, 0.44913309812545776], [3, 6, 0.35453832149505615], [0, 3, 0.3180353343486786]]",True,1,"[[0, 4, [""i find""]], [1, 0, [""i hereby""]], [1, 1, [""i hereby""]], [1, 2, [""i hereby""]], [1, 3, [""i hereby""]], [2, 0, [""i hereby""]], [2, 1, [""i hereby""]], [2, 2, [""i hereby""]], [2, 3, [""i hereby""]], [6, 7, [""hereby authorize""]], [6, 10, [""hereby authorize""]]]",0.4386931277988683,6,"[[4, 7, 0.6810593477999013], [6, 10, 0.48005199551997585], [6, 7, 0.1549680400767277]]",42.0,6,"[[4, 7, 53.0], [6, 10, 42.0], [1, 0, 31.0]]",20,0.11396011396011396,7,True,0.0838903859257698,7,1,0.9875683188438416,7,8,1
46,1116,executive_order,"January 09, 2026","May 22, 2003",0.5903303623199463,2,0.5963090360164642,3,"[[4, 2, 0.8355228304862976], [1, 0, 0.6076530814170837], [6, 2, 0.561930775642395], [3, 2, 0.5334209203720093], [5, 2, 0.5210620164871216], [1, 1, 0.5112408399581909], [5, 3, 0.5101457834243774], [0, 0, 0.49922388792037964], [2, 1, 0.47652870416641235]]",True,1,"[[1, 0, [""i hereby""]], [1, 1, [""i hereby""]], [2, 0, [""i hereby""]], [2, 1, [""i hereby""]], [6, 2, [""hereby authorize""]]]",0.29335710242634366,13,"[[4, 2, 0.615248672480085], [1, 0, 0.1425206358335864], [6, 2, 0.12230199896535955]]",39.666666666666664,7,"[[4, 2, 54.0], [1, 1, 33.0], [1, 0, 32.0]]",20,0.11081832820963256,8,True,0.9941800832748413,1,1,0.9898303151130676,5,8,1
46,571,executive_order,"January 09, 2026","September 12, 2018",0.5376489162445068,21,0.5724799931049347,10,"[[4, 13, 0.861961841583252], [6, 15, 0.8018385171890259], [5, 14, 0.7199984192848206], [3, 13, 0.5616284608840942], [5, 16, 0.5587502717971802], [1, 0, 0.5329642295837402], [1, 10, 0.49988579750061035], [0, 10, 0.488881915807724], [1, 6, 0.4834464490413666], [0, 5, 0.47747620940208435], [0, 8, 0.4601956009864807], [0, 1, 0.4523763060569763], [1, 11, 0.44783398509025574], [0, 2, 0.44745755195617676], [2, 10, 0.4466760754585266], [1, 4, 0.4459267258644104], [6, 3, 0.43752411007881165], [1, 9, 0.4159567952156067], [2, 12, 0.38076066970825195], [1, 7, 0.3203739821910858]]",True,1,"[[0, 10, [""i find""]], [1, 0, [""i hereby""]], [1, 6, [""i hereby""]], [1, 7, [""i hereby""]], [1, 8, [""i hereby""]], [1, 9, [""i hereby""]], [2, 0, [""i hereby""]], [2, 6, [""i hereby""]], [2, 7, [""i hereby""]], [2, 8, [""i hereby""]], [2, 9, [""i hereby""]], [6, 13, [""hereby authorize""]], [6, 15, [""hereby authorize""]]]",0.504613689413074,4,"[[6, 15, 0.7072820484133178], [4, 13, 0.6541193845710571], [6, 13, 0.15243963525484716]]",33.333333333333336,14,"[[4, 13, 41.0], [6, 15, 31.0], [1, 4, 28.0]]",20,0.10441176470588234,9,True,0.02080448903143406,8,1,0.9974884986877441,1,8,1
46,592,executive_order,"January 09, 2026","March 19, 2018",0.5368877649307251,23,0.5843020081520081,8,"[[4, 1, 0.8638041019439697], [5, 2, 0.7060653567314148], [6, 1, 0.553898811340332], [3, 1, 0.5426702499389648], [1, 3, 0.47679010033607483], [0, 0, 0.4729560911655426], [5, 4, 0.4408051669597626], [2, 3, 0.41945382952690125]]",True,1,"[[0, 3, [""i find""]], [5, 2, [""shall take""]], [6, 1, [""hereby authorize""]]]",0.35990948668882994,10,"[[4, 1, 0.6031609176657236], [5, 2, 0.3321735011327742], [6, 1, 0.14439404126799196]]",33.666666666666664,13,"[[4, 1, 48.0], [1, 0, 37.0], [6, 1, 16.0]]",20,0.09935064935064936,10,True,0.8840392827987671,3,1,0.974821150302887,9,8,1
47,155,executive_order,"January 07, 2026","April 09, 2025",0.5939719080924988,1,0.4655574709177017,4,"[[0, 0, 0.643272876739502], [1, 4, 0.4881269037723541], [1, 2, 0.4757215678691864], [4, 4, 0.4662573039531708], [0, 1, 0.46180522441864014], [1, 3, 0.4323517978191376], [2, 2, 0.42972028255462646], [6, 4, 0.3933214545249939], [0, 5, 0.3889196813106537], [5, 4, 0.37716543674468994], [3, 3, 0.3480428457260132]]",True,1,"[[0, 0, [""hereby order""]], [2, 4, [""shall provide""]], [2, 5, [""shall provide""]]]",0.06759874634158894,1,"[[0, 0, 0.1744743732046502], [4, 1, 0.015065182349209859], [2, 1, 0.01325668347090676]]",24.666666666666668,1,"[[0, 0, 63.0], [4, 1, 11.0], [6, 3, 0.0]]",20,0.1369047619047619,1,True,0.709019124507904,1,1,0.581303060054779,1,8,1
47,924,executive_order,"January 07, 2026","January 30, 2009",0.44900304079055786,15,0.4994051158428192,1,"[[4, 5, 0.5653664469718933], [4, 4, 0.5479137897491455], [2, 5, 0.5431408286094666], [2, 7, 0.542980432510376], [6, 5, 0.5398414134979248], [2, 3, 0.5241979956626892], [1, 5, 0.5213028192520142], [6, 2, 0.5192274451255798], [5, 4, 0.5071586966514587], [6, 1, 0.49484527111053467], [2, 6, 0.4861323833465576], [4, 9, 0.4624013602733612], [0, 0, 0.4480839967727661], [3, 3, 0.4074903428554535], [2, 8, 0.35068902373313904]]",True,1,"[[0, 0, [""hereby order""]], [2, 4, [""shall provide""]], [2, 5, [""shall provide""]], [3, 9, [""shall take""]], [4, 9, [""shall take""]]]",0.028653285333300364,4,"[[6, 9, 0.038016316267672705], [6, 1, 0.026576173406864585], [2, 2, 0.021367366325363804]]",0.0,4,"[[6, 7, 0.0], [6, 8, 0.0], [6, 9, 0.0]]",20,0.13095238095238093,2,True,0.0006986756925471127,6,1,0.17328819632530212,3,8,1
47,365,executive_order,"January 07, 2026","November 18, 2021",0.44081151485443115,19,0.4796903282403946,3,"[[6, 3, 0.5334982872009277], [4, 3, 0.5329174399375916], [1, 7, 0.5146379470825195], [2, 4, 0.5008217096328735], [4, 6, 0.4906198978424072], [3, 4, 0.48236897587776184], [4, 2, 0.4806494116783142], [5, 3, 0.4701693058013916], [5, 0, 0.4536322355270386], [4, 1, 0.4221743941307068], [0, 0, 0.42200055718421936], [2, 5, 0.32882368564605713]]",True,1,"[[0, 0, [""hereby order""]], [2, 3, [""shall provide""]], [3, 4, [""shall take""]], [4, 4, [""shall take""]]]",0.03036278980571211,3,"[[4, 6, 0.034007087898012475], [6, 7, 0.02866243807455113], [2, 3, 0.02841884344457272]]",0.0,4,"[[6, 5, 0.0], [6, 6, 0.0], [6, 7, 0.0]]",20,0.1286231884057971,3,True,8.38230480439961e-05,8,1,0.0008559006382711232,9,8,1
47,713,executive_order,"January 07, 2026","September 07, 2015",0.43527233600616455,23,0.44474421441555023,6,"[[4, 2, 0.5131323337554932], [6, 3, 0.5038748383522034], [1, 2, 0.44938790798187256], [4, 1, 0.44624823331832886], [2, 3, 0.4279178977012634], [4, 0, 0.4095107316970825], [5, 3, 0.3901262581348419], [0, 0, 0.33263710141181946], [3, 3, 0.3320024609565735]]",True,1,"[[0, 0, [""hereby order""]], [3, 3, [""shall take""]], [4, 3, [""shall take""]]]",0.026488904865068334,7,"[[6, 3, 0.03652324417335624], [2, 2, 0.022006039738761404], [2, 3, 0.020937430683087357]]",0.0,4,"[[6, 1, 0.0], [6, 2, 0.0], [6, 3, 0.0]]",20,0.11716524216524216,4,True,0.00016093082376755774,7,1,0.0011123251460958272,8,8,2
47,377,executive_order,"January 07, 2026","September 09, 2021",0.4611974358558655,14,0.44595402479171753,5,"[[4, 3, 0.4793442487716675], [4, 0, 0.4660359025001526], [5, 1, 0.4518584907054901], [6, 1, 0.4396684765815735], [1, 1, 0.4358394145965576], [4, 2, 0.43392693996429443], [3, 1, 0.41590869426727295], [2, 1, 0.41354900598526], [0, 0, 0.4026485085487366]]",True,1,"[[0, 0, [""hereby order""]], [3, 3, [""shall take""]], [4, 3, [""shall take""]]]",0.021323801788039304,10,"[[2, 1, 0.02283922968503937], [3, 2, 0.02231743095424908], [6, 3, 0.018814744724829465]]",0.0,4,"[[6, 1, 0.0], [6, 2, 0.0], [6, 3, 0.0]]",20,0.11499999999999999,5,True,4.702220030594617e-05,10,1,0.007999754510819912,7,8,1
47,151,executive_order,"January 07, 2026","April 09, 2025",0.47321802377700806,8,0.4296330660581589,11,"[[0, 0, 0.5028906464576721], [1, 5, 0.499803364276886], [1, 2, 0.4818141758441925], [4, 5, 0.455755352973938], [1, 1, 0.4540671706199646], [1, 3, 0.42413046956062317], [1, 6, 0.40049588680267334], [5, 5, 0.39016175270080566], [2, 5, 0.37379276752471924], [6, 5, 0.34978586435317993], [1, 4, 0.344039648771286], [3, 4, 0.3354322016239166]]",True,1,"[[0, 0, [""hereby order""]]]",0.027517264379191598,6,"[[0, 0, 0.032779158659312406], [6, 5, 0.028340851935431042], [4, 5, 0.021431782542831353]]",3.3333333333333335,3,"[[4, 0, 10.0], [6, 4, 0.0], [6, 5, 0.0]]",20,0.11419786384723271,6,True,0.038178276270627975,2,1,0.0844927579164505,4,8,1
47,613,executive_order,"January 07, 2026","July 21, 2017",0.48706620931625366,5,0.4116722047328949,20,"[[0, 0, 0.5091023445129395], [0, 1, 0.4681885838508606], [1, 1, 0.44400155544281006], [4, 1, 0.3087601661682129], [2, 1, 0.2824329733848572], [3, 1, 0.28085386753082275], [5, 1, 0.2699047923088074], [6, 1, 0.2478371560573578]]",True,1,"[[0, 0, [""hereby order""]], [2, 1, [""shall provide""]]]",0.03387193902154149,2,"[[0, 0, 0.04962535129403324], [0, 1, 0.031034966065400592], [2, 1, 0.02095549970519064]]",0.0,4,"[[5, 1, 0.0], [6, 0, 0.0], [6, 1, 0.0]]",20,0.11212121212121212,7,True,0.002099273493513465,5,1,0.06079566106200218,5,8,2
47,1500,executive_order,"January 07, 2026","June 03, 1994",0.5258314609527588,2,0.4230094999074936,15,"[[1, 16, 0.519197940826416], [0, 0, 0.5095890760421753], [1, 17, 0.5087460875511169], [1, 14, 0.4999682903289795], [1, 15, 0.47958338260650635], [0, 24, 0.4737495183944702], [1, 8, 0.47134724259376526], [1, 13, 0.4672907292842865], [1, 4, 0.45589756965637207], [1, 7, 0.453065425157547], [0, 25, 0.4447065591812134], [1, 1, 0.4444064497947693], [1, 26, 0.4354025721549988], [1, 12, 0.432033509016037], [3, 14, 0.42994260787963867], [1, 29, 0.42080843448638916], [1, 28, 0.4195992350578308], [4, 14, 0.4139386713504791], [1, 2, 0.41211140155792236], [2, 14, 0.4111384153366089], [1, 10, 0.40007078647613525], [1, 5, 0.3953027129173279], [1, 30, 0.3903144896030426], [1, 9, 0.3883708715438843], [5, 5, 0.38697364926338196], [1, 11, 0.38154178857803345], [1, 18, 0.37869131565093994], [1, 3, 0.3717324733734131], [1, 19, 0.3603488504886627], [1, 23, 0.358542263507843], [6, 15, 0.3543355166912079], [1, 22, 0.3528534471988678], [3, 27, 0.3488853871822357], [6, 6, 0.3376449942588806], [6, 31, 0.3292343020439148], [2, 20, 0.32582199573516846], [5, 21, 0.2766472399234772]]",True,1,"[[0, 0, [""hereby order""]], [1, 16, [""shall identify""]], [1, 29, [""shall identify""]], [2, 11, [""shall provide""]], [2, 19, [""shall provide""]], [3, 17, [""shall take""]], [4, 17, [""shall take""]], [5, 1, [""shall ensure""]], [6, 1, [""shall ensure""]]]",0.02795941065518325,5,"[[6, 26, 0.02962440921335404], [2, 26, 0.028001280177412498], [2, 25, 0.026252542574783214]]",0.0,4,"[[6, 29, 0.0], [6, 30, 0.0], [6, 31, 0.0]]",20,0.11023809523809523,8,True,0.02291019819676876,3,2,0.19072401523590088,2,8,1
47,522,executive_order,"January 07, 2026","October 31, 2019",0.485087513923645,6,0.4993584454059601,2,"[[4, 0, 0.5228426456451416], [1, 0, 0.5057750344276428], [2, 0, 0.5015929937362671], [6, 0, 0.48725414276123047], [5, 0, 0.452136754989624], [0, 0, 0.4442317485809326], [3, 0, 0.4172864854335785]]",False,2,[],0.001924416470699172,24,"[[2, 0, 0.005773249412097516], [5, 0, 0.0], [6, 0, 0.0]]",0.0,4,"[[4, 0, 0.0], [5, 0, 0.0], [6, 0, 0.0]]",20,0.10984848484848485,9,True,4.776264904648997e-05,9,1,0.0005442132242023945,10,8,1
47,816,executive_order,"January 07, 2026","March 16, 2012",0.5072654485702515,3,0.43148601055145264,9,"[[0, 0, 0.5350954532623291], [1, 9, 0.5335451364517212], [1, 4, 0.46666038036346436], [2, 4, 0.4625126123428345], [0, 8, 0.4478684067726135], [1, 2, 0.44684940576553345], [1, 7, 0.43934959173202515], [5, 4, 0.42829257249832153], [2, 3, 0.4175216257572174], [2, 5, 0.4157703220844269], [3, 3, 0.4154342710971832], [0, 1, 0.40999656915664673], [1, 6, 0.40647953748703003], [0, 10, 0.39694416522979736], [4, 7, 0.38778993487358093], [0, 12, 0.38366255164146423], [1, 15, 0.3730505108833313], [6, 3, 0.36457306146621704], [1, 13, 0.3622059226036072], [1, 14, 0.34034425020217896], [2, 11, 0.284225195646286]]",True,1,"[[0, 0, [""hereby order""]], [2, 10, [""shall provide""]], [2, 15, [""shall provide""]]]",0.015376748485814223,12,"[[6, 6, 0.0183747433667069], [4, 7, 0.013946873374632067], [2, 6, 0.013808628716103704]]",0.0,4,"[[6, 13, 0.0], [6, 14, 0.0], [6, 15, 0.0]]",20,0.10739942528735633,10,True,0.017338174860924482,4,2,0.057918086647987366,6,8,1
