child_id,parent_id,document_type,child_date,parent_date,document_embedding_score,document_embedding_rank,operative_embedding_score,operative_embedding_rank,operative_alignments,same_ordering_phrase,same_ordering_phrase_rank,same_ordering_phrase_alignments,segment_word_trigram_tfidf_score,segment_word_trigram_rank,segment_word_trigram_alignments,segment_text_reuse_words,segment_text_reuse_rank,segment_text_reuse_alignments,rrf_k,rrf_score,rrf_rank,selected_top_10,qwen_full_operative_score,qwen_full_operative_rank,qwen_full_model_calls,qwen_matched_pairs_score,qwen_matched_pairs_rank,qwen_matched_model_calls
1,13,memorandum,"January 21, 2021","June 05, 2008",0.4655061364173889,13,0.49788933992385864,6,"[[0, 3, 0.5331529378890991], [3, 2, 0.518212080001831], [1, 1, 0.5162203907966614], [3, 0, 0.502835214138031], [2, 1, 0.4241403341293335], [1, 4, 0.4188154339790344]]",True,1,"[[3, 4, [""shall provide""]]]",0.05326468491654764,1,"[[0, 3, 0.06005998868298652], [0, 1, 0.050875086052813115], [3, 3, 0.04885898001384329]]",6.666666666666667,2,"[[3, 0, 10.0], [3, 2, 10.0], [3, 3, 0.0]]",20,0.13153513153513152,1,True,7.368592923739925e-05,10,1,7.368592923739925e-05,10,1
1,21,memorandum,"January 21, 2021","December 17, 2003",0.4472230076789856,21,0.5034821629524231,4,"[[0, 8, 0.6348099708557129], [1, 8, 0.5190030336380005], [1, 3, 0.5132923722267151], [3, 6, 0.4856705665588379], [1, 5, 0.48541954159736633], [0, 4, 0.484650582075119], [1, 1, 0.48204827308654785], [0, 7, 0.4594027101993561], [1, 9, 0.4520280063152313], [2, 8, 0.4502902030944824], [1, 2, 0.42740243673324585], [0, 0, 0.42048484086990356]]",True,1,"[[2, 0, [""shall develop""]], [2, 6, [""shall develop""]], [2, 7, [""shall develop""]], [2, 8, [""shall develop""]], [3, 9, [""shall provide""]]]",0.04185165462243732,4,"[[0, 1, 0.04804930329639425], [2, 0, 0.03952640760701895], [2, 1, 0.03797925296389875]]",0.0,4,"[[3, 7, 0.0], [3, 8, 0.0], [3, 9, 0.0]]",20,0.125,2,True,0.00040765260928310454,6,1,0.00040765260928310454,6,1
1,19,memorandum,"January 21, 2021","January 30, 2004",0.45194482803344727,19,0.5078766644001007,3,"[[3, 2, 0.6178429126739502], [3, 3, 0.533004641532898], [3, 5, 0.5312657356262207], [3, 1, 0.5219498872756958], [1, 5, 0.5108484029769897], [3, 0, 0.5080353021621704], [3, 4, 0.49149420857429504], [0, 8, 0.47854185104370117], [3, 6, 0.4497617483139038], [3, 7, 0.4384891390800476], [2, 2, 0.42449769377708435]]",True,1,"[[2, 1, [""shall develop""]], [2, 4, [""shall develop""]], [3, 6, [""develop a plan""]]]",0.03224221558136477,7,"[[0, 4, 0.03303344664539408], [0, 3, 0.031949061646942806], [2, 4, 0.03174413845175743]]",3.3333333333333335,3,"[[3, 5, 10.0], [3, 7, 0.0], [3, 8, 0.0]]",20,0.12399355877616747,3,True,0.0024154833517968655,3,1,0.0024154833517968655,3,1
1,9053,memorandum,"January 21, 2021","September 18, 2018",0.5606457591056824,1,0.4960266649723053,9,"[[3, 0, 0.5551257729530334], [1, 1, 0.5364136099815369], [1, 11, 0.5225982666015625], [1, 19, 0.5133737921714783], [3, 21, 0.505244255065918], [0, 1, 0.5037058591842651], [1, 18, 0.4976322054862976], [1, 7, 0.49727559089660645], [3, 14, 0.4956318438053131], [1, 3, 0.48668166995048523], [1, 13, 0.4845660924911499], [1, 20, 0.48396819829940796], [1, 2, 0.47491949796676636], [1, 8, 0.4747089743614197], [1, 15, 0.473504900932312], [1, 9, 0.4712485074996948], [2, 9, 0.46577584743499756], [1, 4, 0.461040735244751], [1, 12, 0.4489748775959015], [1, 6, 0.43946200609207153], [1, 16, 0.4354006350040436], [1, 5, 0.43376582860946655], [1, 17, 0.431850403547287], [0, 10, 0.36617082357406616]]",True,1,"[[1, 9, [""shall identify""]], [1, 11, [""shall identify""]], [2, 18, [""shall develop""]], [3, 12, [""shall provide""]]]",0.04689284790133109,3,"[[2, 6, 0.048284664138430855], [0, 11, 0.047507357728671616], [0, 6, 0.0448865218368908]]",3.3333333333333335,3,"[[0, 11, 10.0], [3, 19, 0.0], [3, 21, 0.0]]",20,0.12143928035982009,4,True,0.17217186093330383,1,1,0.17217186093330383,1,1
1,16,memorandum,"January 21, 2021","January 31, 2007",0.5359107255935669,2,0.5499264895915985,1,"[[1, 3, 0.6257996559143066], [1, 8, 0.5756522417068481], [0, 1, 0.5756180882453918], [3, 15, 0.5754783153533936], [1, 9, 0.5677568316459656], [3, 12, 0.5390288233757019], [0, 5, 0.5327061414718628], [1, 14, 0.532563328742981], [1, 2, 0.531329870223999], [1, 7, 0.5162766575813293], [2, 1, 0.5104270577430725], [1, 6, 0.5028420686721802], [1, 11, 0.4923052191734314], [1, 4, 0.47984689474105835], [1, 10, 0.4773930609226227], [3, 13, 0.4668164849281311], [3, 0, 0.45694273710250854]]",True,1,"[[2, 6, [""shall develop""]], [2, 12, [""shall develop""]], [2, 15, [""shall develop""]], [3, 7, [""shall provide""]]]",0.018017591671793343,13,"[[3, 13, 0.01969284919575294], [0, 13, 0.019007652546272607], [1, 15, 0.015352273273354481]]",0.0,4,"[[3, 13, 0.0], [3, 14, 0.0], [3, 15, 0.0]]",20,0.11958874458874458,5,True,0.0023413405288010836,4,1,0.0023413405288010836,4,1
1,8901,memorandum,"January 21, 2021","January 14, 2021",0.4660067856311798,12,0.4447435736656189,22,"[[3, 1, 0.5374472141265869], [0, 16, 0.47583383321762085], [1, 1, 0.46987074613571167], [1, 9, 0.4530041813850403], [0, 12, 0.4507206976413727], [1, 13, 0.44840121269226074], [1, 7, 0.44353896379470825], [3, 14, 0.441420316696167], [1, 15, 0.42378687858581543], [2, 1, 0.42021340131759644], [1, 10, 0.41536736488342285], [3, 2, 0.4074944853782654], [1, 11, 0.4067099094390869], [1, 0, 0.36969274282455444], [1, 5, 0.366089791059494], [1, 3, 0.3579508066177368], [1, 8, 0.3573214113712311], [1, 4, 0.35105201601982117], [3, 6, 0.32614725828170776]]",True,1,"[[2, 2, [""shall develop""]], [3, 12, [""shall provide""]]]",0.05181948813448234,2,"[[0, 9, 0.06194878452961664], [3, 15, 0.049217525935419], [2, 15, 0.04429215393841136]]",3.3333333333333335,3,"[[0, 9, 10.0], [3, 14, 0.0], [3, 16, 0.0]]",20,0.11274233013363448,6,True,0.00025662482221378013,8,2,0.00025662482221378013,8,2
1,20,memorandum,"January 21, 2021","December 17, 2003",0.48906075954437256,9,0.48004482686519623,13,"[[3, 10, 0.5613352656364441], [0, 8, 0.5249192118644714], [1, 8, 0.515476644039154], [1, 0, 0.5006077885627747], [0, 6, 0.48698335886001587], [3, 4, 0.48510661721229553], [0, 11, 0.4769999384880066], [3, 12, 0.4612256586551666], [3, 2, 0.45440566539764404], [1, 9, 0.43606650829315186], [3, 13, 0.4322468638420105], [3, 5, 0.4227813482284546], [3, 1, 0.41775357723236084], [1, 3, 0.4159327745437622], [2, 8, 0.40008705854415894], [1, 7, 0.35852760076522827]]",True,1,"[[2, 8, [""shall develop""]], [2, 11, [""shall develop""]], [3, 9, [""shall provide""]]]",0.03471657276980138,6,"[[0, 11, 0.04279957451786713], [0, 8, 0.03651158083662469], [3, 11, 0.024838562954912335]]",3.3333333333333335,3,"[[3, 6, 10.0], [3, 11, 0.0], [3, 13, 0.0]]",20,0.11224282963413398,7,True,0.00034599160426296294,7,1,0.00034599160426296294,7,1
1,8974,memorandum,"January 21, 2021","March 13, 2020",0.4433116912841797,24,0.5165998935699463,2,"[[1, 0, 0.5630866289138794], [0, 0, 0.5537230372428894], [1, 1, 0.4931517243385315], [2, 0, 0.4611264169216156], [3, 0, 0.4423863887786865]]",False,2,[],0.011466080637837642,20,"[[2, 0, 0.0138324307475952], [0, 0, 0.011994774242393251], [3, 0, 0.00857103692352448]]",0.0,4,"[[2, 1, 0.0], [3, 0, 0.0], [3, 1, 0.0]]",20,0.11212121212121212,8,True,0.011072160676121712,2,1,0.011072160676121712,2,1
1,9262,memorandum,"January 21, 2021","February 25, 2015",0.44840550422668457,20,0.4743059128522873,15,"[[3, 1, 0.5882045030593872], [3, 0, 0.5278545618057251], [1, 3, 0.47408348321914673], [3, 2, 0.44783079624176025], [0, 3, 0.4386783838272095], [2, 3, 0.3763907551765442], [1, 4, 0.3583894968032837]]",True,1,"[[3, 2, [""shall provide""]], [3, 3, [""shall provide""]]]",0.038675460272693404,5,"[[2, 3, 0.04424199988266267], [3, 3, 0.04021934268141312], [0, 3, 0.03156503825400443]]",3.3333333333333335,3,"[[3, 3, 10.0], [3, 2, 0.0], [3, 4, 0.0]]",20,0.11204968944099379,9,True,0.00011959858238697052,9,1,0.00011959858238697052,9,1
1,23,memorandum,"January 21, 2021","February 28, 2003",0.45565861463546753,18,0.4688388407230377,17,"[[0, 8, 0.5117653012275696], [1, 3, 0.5036967992782593], [3, 8, 0.499015212059021], [0, 7, 0.49699193239212036], [3, 17, 0.4904221296310425], [0, 10, 0.48950785398483276], [0, 1, 0.48869821429252625], [0, 6, 0.4874199628829956], [0, 0, 0.4647570848464966], [3, 14, 0.45133569836616516], [1, 15, 0.45008236169815063], [1, 5, 0.4495806097984314], [1, 2, 0.44798973202705383], [1, 12, 0.43989962339401245], [0, 9, 0.43336454033851624], [1, 4, 0.4310944974422455], [2, 1, 0.41006290912628174], [3, 13, 0.408624529838562], [3, 16, 0.40177121758461], [0, 11, 0.3707650303840637]]",True,1,"[[2, 6, [""shall develop""]], [2, 7, [""shall develop""]], [2, 12, [""shall develop""]], [3, 5, [""shall provide""]], [3, 9, [""shall provide""]]]",0.027237326117818126,8,"[[3, 3, 0.029255777212855827], [3, 5, 0.02911057369925255], [3, 8, 0.023345627441346013]]",7.0,1,"[[3, 8, 11.0], [2, 13, 10.0], [3, 17, 0.0]]",20,0.11036036036036036,10,True,0.001972335623577237,5,1,0.001972335623577237,5,1
2,9063,memorandum,"January 15, 2021","May 24, 2018",0.5791825652122498,3,0.4614126533269882,9,"[[1, 3, 0.5836631655693054], [6, 3, 0.5309788584709167], [1, 2, 0.5286104083061218], [2, 2, 0.4856276512145996], [6, 0, 0.4820888936519623], [3, 2, 0.4534481167793274], [0, 1, 0.3587452471256256], [4, 2, 0.33691176772117615], [5, 2, 0.292463481426239]]",True,1,"[[6, 3, [""shall provide""]]]",0.08515589624471587,1,"[[1, 3, 0.12044679083497319], [6, 2, 0.07567546696923232], [6, 0, 0.0593454309299421]]",19.0,1,"[[6, 0, 27.0], [6, 2, 20.0], [1, 3, 10.0]]",20,0.1297208538587849,1,True,0.003565736347809434,3,1,0.003565736347809434,3,1
2,8908,memorandum,"January 15, 2021","December 09, 2020",0.7740744948387146,1,0.49796758592128754,4,"[[6, 1, 0.6959154605865479], [6, 2, 0.6015520095825195], [1, 1, 0.5951521992683411], [6, 0, 0.5722635984420776], [6, 3, 0.5557165145874023], [6, 5, 0.5466837286949158], [6, 4, 0.5263699293136597], [2, 0, 0.40604472160339355], [3, 4, 0.3798869848251343], [4, 4, 0.32285046577453613], [5, 4, 0.3073141276836395], [0, 5, 0.1827974170446396]]",True,1,"[[4, 3, [""shall determine""]], [6, 5, [""shall provide""]]]",0.04597143567832218,2,"[[1, 1, 0.05821680448646051], [1, 0, 0.04004225894330523], [6, 2, 0.039655243605200806]]",3.3333333333333335,5,"[[6, 2, 10.0], [6, 4, 0.0], [6, 5, 0.0]]",20,0.12712121212121213,2,True,0.42765991389751434,1,2,0.42765991389751434,1,2
2,9862,memorandum,"January 15, 2021","November 29, 2004",0.5221704244613647,11,0.46661949157714844,7,"[[1, 0, 0.5320432782173157], [1, 4, 0.5318272113800049], [1, 8, 0.5089162588119507], [1, 7, 0.5068491697311401], [2, 4, 0.4950016736984253], [6, 4, 0.4833050072193146], [1, 11, 0.48130571842193604], [1, 2, 0.47932472825050354], [1, 3, 0.47451427578926086], [1, 6, 0.46578091382980347], [1, 5, 0.4624880850315094], [3, 0, 0.4611086845397949], [4, 2, 0.4592427611351013], [1, 9, 0.4559508264064789], [6, 10, 0.4526407718658447], [4, 1, 0.4333353042602539], [5, 12, 0.39426133036613464], [0, 4, 0.3804280757904053]]",True,1,"[[6, 2, [""shall provide""]], [6, 4, [""shall provide""]], [6, 5, [""shall provide""]], [6, 9, [""shall provide""]], [6, 10, [""shall provide""]]]",0.03759985216727568,3,"[[6, 6, 0.04555849033246773], [1, 10, 0.03656085823241518], [1, 6, 0.030680207936944155]]",6.666666666666667,2,"[[1, 6, 10.0], [1, 10, 10.0], [6, 12, 0.0]]",20,0.1259698433611477,3,True,0.0020190137438476086,5,1,0.0020190137438476086,5,1
2,9135,memorandum,"January 15, 2021","January 28, 2017",0.5053974390029907,19,0.5051268339157104,2,"[[1, 8, 0.5510972142219543], [3, 9, 0.538982629776001], [1, 0, 0.529796302318573], [1, 7, 0.5294625759124756], [2, 9, 0.5253095626831055], [3, 5, 0.5124484300613403], [1, 6, 0.5007597208023071], [2, 4, 0.5003127455711365], [1, 3, 0.480124831199646], [5, 9, 0.47733044624328613], [3, 1, 0.47514230012893677], [6, 8, 0.47511026263237], [4, 9, 0.47306784987449646], [3, 2, 0.47095948457717896], [0, 4, 0.4685172140598297]]",True,1,"[[4, 2, [""shall determine""]], [4, 4, [""shall determine""]], [5, 1, [""shall perform""]], [6, 8, [""shall provide""]]]",0.03374060743651777,5,"[[4, 4, 0.04633161020012012], [1, 3, 0.03143120149912417], [4, 2, 0.02345901061030903]]",0.0,6,"[[6, 7, 0.0], [6, 8, 0.0], [6, 9, 0.0]]",20,0.12391608391608391,4,True,0.0012943679466843605,7,1,0.0012943679466843605,7,1
2,9060,memorandum,"January 15, 2021","June 18, 2018",0.68773353099823,2,0.5136015713214874,1,"[[6, 5, 0.6209390759468079], [1, 5, 0.5858590602874756], [6, 3, 0.5611749291419983], [1, 0, 0.555425763130188], [1, 1, 0.5525118112564087], [6, 4, 0.5358827114105225], [2, 5, 0.5282964110374451], [3, 5, 0.4678901731967926], [6, 2, 0.4475582540035248], [5, 2, 0.4312331974506378], [4, 2, 0.3997606039047241], [0, 2, 0.33736875653266907]]",False,2,[],0.027246946993790985,7,"[[6, 3, 0.03459832934846196], [6, 5, 0.025893622220214425], [6, 4, 0.021248889412696564]]",0.0,6,"[[6, 3, 0.0], [6, 4, 0.0], [6, 5, 0.0]]",20,0.12311762311762312,5,True,0.01024860143661499,2,1,0.01024860143661499,2,1
2,10275,memorandum,"January 15, 2021","May 19, 1999",0.5232725143432617,10,0.4522703289985657,12,"[[6, 0, 0.5060828328132629], [1, 0, 0.502321720123291], [2, 0, 0.4938823878765106], [1, 1, 0.4775394797325134], [3, 0, 0.45433080196380615], [2, 2, 0.4253108501434326], [5, 2, 0.39349856972694397], [4, 0, 0.36317500472068787], [0, 1, 0.33098241686820984]]",False,2,[],0.03534213823517234,4,"[[6, 0, 0.07396152496830613], [1, 0, 0.025054560040793428], [6, 2, 0.007010329696417457]]",6.666666666666667,2,"[[6, 0, 20.0], [6, 1, 0.0], [6, 2, 0.0]]",20,0.11837121212121213,6,True,0.0020033332984894514,6,1,0.0020033332984894514,6,1
2,9025,memorandum,"January 15, 2021","February 19, 2019",0.5538107752799988,5,0.49899281561374664,3,"[[1, 6, 0.6360857486724854], [6, 4, 0.548487663269043], [3, 6, 0.5409242510795593], [2, 6, 0.5199201703071594], [1, 1, 0.4985959529876709], [1, 3, 0.4951576590538025], [1, 5, 0.46028953790664673], [1, 0, 0.4586748480796814], [1, 2, 0.449312299489975], [4, 6, 0.4305403232574463], [5, 6, 0.3978385925292969], [0, 6, 0.3654990494251251]]",True,1,"[[6, 5, [""shall provide""]]]",0.02657327864260728,9,"[[1, 6, 0.032704882330779304], [6, 6, 0.024020120405597475], [6, 1, 0.022994833191445064]]",0.0,6,"[[6, 4, 0.0], [6, 5, 0.0], [6, 6, 0.0]]",20,0.11642255795179333,7,True,0.0003859660937450826,10,1,0.0003799845289904624,10,1
2,9128,memorandum,"January 15, 2021","April 04, 2017",0.5065338015556335,18,0.494223415851593,5,"[[1, 7, 0.5510972142219543], [3, 8, 0.5309752225875854], [1, 6, 0.5294625759124756], [2, 8, 0.5155048370361328], [3, 4, 0.5086089372634888], [1, 0, 0.5059934258460999], [1, 5, 0.5007597208023071], [3, 1, 0.48002636432647705], [5, 8, 0.4760223627090454], [6, 7, 0.47511026263237], [3, 3, 0.46263450384140015], [1, 2, 0.45827293395996094], [4, 8, 0.4538978040218353], [1, 9, 0.4512863755226135], [0, 4, 0.4311380088329315]]",True,1,"[[4, 1, [""shall determine""]], [4, 3, [""shall determine""]], [6, 7, [""shall provide""]]]",0.02690802001234933,8,"[[1, 2, 0.028608115655309338], [4, 1, 0.026590426376789482], [4, 3, 0.025525518004949177]]",0.0,6,"[[6, 7, 0.0], [6, 8, 0.0], [6, 9, 0.0]]",20,0.11417582417582417,8,True,0.0025509123224765062,4,1,0.0025509123224765062,4,1
2,8994,memorandum,"January 15, 2021","August 20, 2019",0.5599616169929504,4,0.4565165489912033,10,"[[6, 15, 0.5423640608787537], [1, 3, 0.5309810042381287], [1, 9, 0.5182112455368042], [1, 2, 0.5156330466270447], [6, 1, 0.5153534412384033], [6, 0, 0.5036924481391907], [1, 11, 0.49954983592033386], [6, 7, 0.4916670024394989], [6, 14, 0.4857518672943115], [6, 5, 0.47411584854125977], [1, 8, 0.4655207097530365], [6, 12, 0.46379318833351135], [2, 3, 0.45634016394615173], [6, 4, 0.45028963685035706], [3, 8, 0.44462212920188904], [6, 13, 0.44032031297683716], [6, 10, 0.4029303789138794], [1, 6, 0.3986021876335144], [4, 6, 0.37151777744293213], [5, 15, 0.3451606333255768], [0, 14, 0.33203113079071045]]",True,1,"[[2, 3, [""shall seek""]], [2, 4, [""shall seek""]], [6, 13, [""shall provide""]], [6, 14, [""shall provide""]], [6, 15, [""shall provide""]]]",0.028550194402768746,6,"[[6, 10, 0.034364304639008206], [6, 11, 0.026691036022967348], [6, 5, 0.02459524254633068]]",3.6666666666666665,4,"[[6, 5, 11.0], [6, 13, 0.0], [6, 15, 0.0]]",20,0.11346153846153846,9,True,0.0005316133028827608,9,1,0.0005316133028827608,9,1
2,11181,memorandum,"January 15, 2021","October 27, 1986",0.49200239777565,22,0.4775536507368088,6,"[[2, 2, 0.5138489007949829], [5, 2, 0.49720466136932373], [3, 2, 0.49667230248451233], [6, 1, 0.49348029494285583], [4, 2, 0.47225385904312134], [5, 3, 0.4666111469268799], [6, 0, 0.4504352807998657], [1, 3, 0.44323980808258057], [0, 2, 0.40139394998550415]]",False,2,[],0.022914221650136693,15,"[[6, 1, 0.03698950217452921], [6, 0, 0.016159821532681442], [6, 3, 0.015593341243199426]]",0.0,6,"[[6, 1, 0.0], [6, 2, 0.0], [6, 3, 0.0]]",20,0.1054945054945055,10,True,0.000693242356646806,8,1,0.000693242356646806,8,1
4,20,memorandum,"July 26, 2016","December 17, 2003",0.541607677936554,1,0.5340214967727661,1,"[[15, 8, 0.6256944537162781], [16, 2, 0.604942798614502], [3, 13, 0.6031981706619263], [16, 4, 0.5976980924606323], [14, 13, 0.5927987098693848], [14, 12, 0.5836306810379028], [15, 11, 0.56447833776474], [16, 3, 0.5528901815414429], [16, 0, 0.5524901747703552], [11, 13, 0.5498993396759033], [0, 2, 0.546062707901001], [15, 6, 0.5409230589866638], [6, 13, 0.5337707996368408], [1, 8, 0.5304460525512695], [16, 10, 0.5259132981300354], [2, 2, 0.5255939364433289], [13, 13, 0.5088707804679871], [15, 1, 0.5053791999816895], [10, 1, 0.4990904629230499], [7, 4, 0.4893380403518677], [8, 4, 0.4885184168815613], [15, 5, 0.472732275724411], [15, 9, 0.46790313720703125], [12, 12, 0.46483778953552246], [5, 10, 0.457565575838089], [9, 13, 0.45527324080467224], [4, 2, 0.4545242488384247], [1, 7, 0.400260329246521]]",True,1,"[[1, 9, [""shall provide""]], [2, 9, [""shall provide""]], [6, 8, [""shall develop""]], [6, 11, [""shall develop""]], [10, 1, [""shall coordinate""]], [10, 2, [""shall coordinate""]], [13, 13, [""shall submit""]], [14, 13, [""shall submit""]]]",0.09042706525995348,2,"[[3, 13, 0.10296912300184113], [14, 13, 0.1008461394562115], [3, 12, 0.06746593332180777]]",0.0,3,"[[16, 11, 0.0], [16, 12, 0.0], [16, 13, 0.0]]",20,0.13655185394315827,1,True,0.08151975274085999,2,1,0.08151975274085999,2,1
4,15,memorandum,"July 26, 2016","May 04, 2007",0.5088268518447876,3,0.5190490186214447,2,"[[15, 3, 0.6247350573539734], [14, 3, 0.6030663847923279], [16, 4, 0.5875023603439331], [1, 9, 0.5852357149124146], [13, 3, 0.5500530004501343], [3, 3, 0.544761061668396], [15, 7, 0.5433909893035889], [2, 3, 0.5252299904823303], [15, 6, 0.516353189945221], [7, 4, 0.51634681224823], [8, 4, 0.5127995610237122], [3, 1, 0.5086721181869507], [1, 2, 0.4993200898170471], [4, 4, 0.48813387751579285], [0, 4, 0.4876762628555298], [10, 3, 0.48644113540649414], [9, 9, 0.478898823261261], [15, 5, 0.47651582956314087], [11, 3, 0.4695124328136444], [5, 3, 0.4672045111656189], [12, 3, 0.4656764268875122], [3, 0, 0.4632837176322937], [15, 10, 0.4541727900505066], [6, 3, 0.45064809918403625], [3, 8, 0.43735867738723755]]",True,1,"[[1, 7, [""shall provide""]], [2, 7, [""shall provide""]], [4, 4, [""shall ensure""]], [4, 9, [""shall ensure""]], [10, 1, [""shall coordinate""]], [10, 5, [""shall coordinate""]], [15, 4, [""shall ensure""]], [15, 9, [""shall ensure""]]]",0.08007748217870869,4,"[[3, 0, 0.09320007640113998], [14, 0, 0.09127850784852148], [15, 3, 0.05575386228646463]]",10.0,2,"[[0, 0, 10.0], [13, 0, 10.0], [14, 0, 10.0]]",20,0.13257575757575757,2,True,0.0019267346942797303,5,1,0.0019267346942797303,5,1
4,23,memorandum,"July 26, 2016","February 28, 2003",0.5410058498382568,2,0.509277731180191,3,"[[2, 1, 0.5670003294944763], [16, 1, 0.5520744919776917], [14, 7, 0.5476447343826294], [15, 7, 0.5454051494598389], [1, 9, 0.5386537313461304], [3, 13, 0.5345832109451294], [14, 10, 0.523459255695343], [2, 6, 0.521875262260437], [3, 14, 0.5215213298797607], [15, 17, 0.5206751227378845], [12, 6, 0.5154911875724792], [14, 8, 0.5151349306106567], [7, 2, 0.5111503601074219], [16, 3, 0.5094349980354309], [5, 1, 0.5083560943603516], [8, 1, 0.504295825958252], [1, 11, 0.5017130970954895], [0, 1, 0.49950891733169556], [2, 0, 0.4993523359298706], [15, 15, 0.49307897686958313], [9, 13, 0.49288296699523926], [15, 4, 0.48761725425720215], [15, 5, 0.4874925911426544], [15, 16, 0.48536279797554016], [15, 12, 0.4751308858394623], [11, 11, 0.46921437978744507], [13, 3, 0.46405887603759766], [4, 1, 0.4546321928501129], [6, 10, 0.44637539982795715], [10, 2, 0.4366166591644287]]",True,1,"[[1, 5, [""shall provide""]], [1, 9, [""shall provide""]], [2, 5, [""shall provide""]], [2, 9, [""shall provide""]], [4, 4, [""shall ensure""]], [6, 6, [""shall develop""]], [6, 7, [""shall develop""]], [6, 12, [""shall develop""]], [10, 1, [""shall coordinate""]], [11, 11, [""shall make""]], [15, 4, [""shall ensure""]]]",0.08759061640514326,3,"[[3, 3, 0.09583016130247864], [14, 3, 0.09385436652352769], [16, 5, 0.07308732138942348]]",0.0,3,"[[0, 0, 0.0], [16, 16, 0.0], [16, 17, 0.0]]",20,0.13043478260869565,3,True,0.10521053522825241,1,1,0.10521053522825241,1,1
4,26,memorandum,"July 26, 2016","October 29, 2001",0.44698280096054077,6,0.4773978143930435,9,"[[15, 5, 0.5443487167358398], [15, 10, 0.5296721458435059], [15, 6, 0.5278770923614502], [15, 0, 0.5174320340156555], [15, 9, 0.5134420394897461], [3, 5, 0.5125319361686707], [16, 7, 0.5006201863288879], [15, 1, 0.49415600299835205], [15, 3, 0.4931739866733551], [7, 7, 0.4927119016647339], [9, 10, 0.48678863048553467], [13, 7, 0.48243024945259094], [14, 10, 0.48153287172317505], [1, 8, 0.47158533334732056], [8, 7, 0.46554720401763916], [0, 10, 0.45605018734931946], [6, 5, 0.4531444311141968], [10, 7, 0.43791598081588745], [5, 7, 0.432809054851532], [4, 10, 0.4292846918106079], [15, 2, 0.4186912477016449], [11, 7, 0.41589733958244324], [2, 10, 0.4037351906299591], [15, 4, 0.4025135040283203], [12, 8, 0.398254930973053]]",True,1,"[[1, 8, [""shall provide""]], [2, 8, [""shall provide""]], [4, 0, [""shall ensure""]], [4, 2, [""shall ensure""]], [4, 5, [""shall ensure""]], [10, 6, [""shall coordinate""]], [10, 7, [""shall coordinate""]], [15, 0, [""shall ensure""]], [15, 2, [""shall ensure""]], [15, 5, [""shall ensure""]]]",0.0906070919656643,1,"[[14, 1, 0.09478829098744819], [14, 0, 0.09021790542912232], [3, 1, 0.08681507948042241]]",0.0,3,"[[16, 8, 0.0], [16, 9, 0.0], [16, 10, 0.0]]",20,0.12558006710930247,4,True,0.08093671500682831,3,1,0.08093671500682831,3,1
4,21,memorandum,"July 26, 2016","December 17, 2003",0.44891077280044556,5,0.5086615234613419,4,"[[15, 8, 0.612736701965332], [1, 3, 0.5974867343902588], [1, 1, 0.5923095941543579], [16, 3, 0.5454524159431458], [11, 4, 0.5339072346687317], [15, 5, 0.5332313776016235], [8, 3, 0.5319731831550598], [14, 8, 0.5195274949073792], [12, 5, 0.5135807991027832], [12, 6, 0.49550336599349976], [16, 7, 0.49403515458106995], [14, 9, 0.48232144117355347], [7, 1, 0.4737406075000763], [10, 8, 0.4736138582229614], [16, 0, 0.46892687678337097], [4, 7, 0.4666128158569336], [13, 8, 0.4555628299713135], [6, 8, 0.4543396830558777], [2, 1, 0.45239776372909546], [3, 3, 0.4484216570854187], [8, 2, 0.4429793059825897], [5, 8, 0.43404990434646606], [0, 7, 0.42975035309791565], [9, 4, 0.42049381136894226]]",True,1,"[[1, 9, [""shall provide""]], [2, 9, [""shall provide""]], [6, 0, [""shall develop""]], [6, 6, [""shall develop""]], [6, 7, [""shall develop""]], [6, 8, [""shall develop""]], [10, 1, [""shall coordinate""]], [10, 3, [""shall coordinate""]]]",0.039771560802982664,9,"[[16, 6, 0.040049637496512414], [3, 9, 0.04004534332169966], [14, 9, 0.03921970159073592]]",0.0,3,"[[16, 7, 0.0], [16, 8, 0.0], [16, 9, 0.0]]",20,0.11962768615692154,5,True,0.0008426422718912363,7,1,0.0008426422718912363,7,1
4,9197,memorandum,"July 26, 2016","March 21, 2016",0.4399977922439575,8,0.4797212481498718,8,"[[16, 6, 0.5724266171455383], [16, 14, 0.5521811842918396], [8, 14, 0.5453519821166992], [1, 14, 0.5312424898147583], [16, 15, 0.5231772065162659], [7, 14, 0.5176270604133606], [16, 2, 0.5165911316871643], [14, 11, 0.5153849124908447], [16, 9, 0.5047756433486938], [16, 4, 0.49648627638816833], [16, 1, 0.49487507343292236], [16, 13, 0.492912232875824], [6, 11, 0.48878663778305054], [16, 5, 0.4815692901611328], [2, 6, 0.4789833426475525], [15, 4, 0.4744647443294525], [5, 11, 0.47326186299324036], [4, 14, 0.46968337893486023], [16, 0, 0.46912527084350586], [13, 11, 0.4675515592098236], [11, 11, 0.4669424891471863], [12, 11, 0.45958027243614197], [14, 12, 0.4584745168685913], [10, 4, 0.45617175102233887], [1, 3, 0.4412614405155182], [3, 12, 0.4378511607646942], [0, 6, 0.42913034558296204], [16, 7, 0.40619009733200073], [3, 10, 0.38577955961227417], [9, 13, 0.3683801591396332], [1, 8, 0.36662620306015015]]",True,1,"[[1, 10, [""shall provide""]], [1, 12, [""shall provide""]], [2, 10, [""shall provide""]], [2, 12, [""shall provide""]], [10, 4, [""shall coordinate""]], [10, 5, [""shall coordinate""]], [10, 6, [""shall coordinate""]], [10, 7, [""shall coordinate""]], [10, 8, [""shall coordinate""]], [10, 9, [""shall coordinate""]], [10, 15, [""shall coordinate""]]]",0.05007563665248952,7,"[[11, 11, 0.07348028067445184], [10, 5, 0.046360782461399824], [3, 10, 0.030385846821616894]]",0.0,3,"[[0, 0, 0.0], [16, 14, 0.0], [16, 15, 0.0]]",20,0.11622958362088796,6,True,0.00036686257226392627,9,1,0.00036686257226392627,9,1
4,10491,memorandum,"July 26, 2016","September 09, 1996",0.4611915647983551,4,0.49166758358478546,6,"[[1, 1, 0.523200511932373], [8, 1, 0.5139236450195312], [16, 1, 0.5085185170173645], [5, 1, 0.5083585977554321], [11, 1, 0.5064012408256531], [7, 1, 0.5018478035926819], [15, 1, 0.4964601993560791], [1, 0, 0.49517542123794556], [2, 1, 0.4860808849334717], [3, 1, 0.4834149479866028], [14, 1, 0.46952536702156067], [6, 1, 0.46364426612854004], [10, 1, 0.4556311368942261], [13, 1, 0.4485549330711365], [12, 1, 0.43726155161857605], [4, 1, 0.42577430605888367], [0, 1, 0.4210977852344513], [9, 1, 0.41080814599990845]]",False,2,[],0.02941522672578124,11,"[[11, 1, 0.042215953226862585], [10, 1, 0.025397042937211945], [6, 1, 0.020632684013269183]]",0.0,3,"[[15, 1, 0.0], [16, 0, 0.0], [16, 1, 0.0]]",20,0.11419786384723271,7,True,0.00025714197545312345,10,1,0.00025714197545312345,10,1
4,9262,memorandum,"July 26, 2016","February 25, 2015",0.429862916469574,11,0.4545493870973587,17,"[[14, 3, 0.5461888909339905], [13, 3, 0.5071389675140381], [15, 3, 0.49336934089660645], [2, 1, 0.48696595430374146], [2, 0, 0.4778177738189697], [3, 3, 0.46963992714881897], [16, 0, 0.456260085105896], [0, 1, 0.4547835886478424], [6, 3, 0.44638732075691223], [5, 0, 0.43991321325302124], [12, 1, 0.4362443685531616], [7, 0, 0.435657262802124], [9, 0, 0.4230279326438904], [11, 3, 0.4195842146873474], [8, 0, 0.41009247303009033], [14, 2, 0.40695619583129883], [4, 0, 0.39962583780288696], [1, 3, 0.39826011657714844], [15, 4, 0.3940877914428711], [10, 0, 0.3706832528114319]]",True,1,"[[1, 2, [""shall provide""]], [1, 3, [""shall provide""]], [2, 2, [""shall provide""]], [2, 3, [""shall provide""]], [4, 4, [""shall ensure""]], [15, 4, [""shall ensure""]]]",0.07303157375003172,5,"[[14, 3, 0.10171603133864003], [3, 3, 0.07296100916933734], [13, 3, 0.04441768074211778]]",10.0,2,"[[0, 3, 10.0], [13, 3, 10.0], [14, 3, 10.0]]",20,0.11248157248157248,8,True,0.004331502132117748,4,1,0.004331502132117748,4,1
4,9786,memorandum,"July 26, 2016","December 16, 2005",0.41964301466941833,14,0.45103132724761963,18,"[[14, 7, 0.5696541666984558], [15, 7, 0.5242967009544373], [15, 9, 0.5031582713127136], [1, 13, 0.49975821375846863], [15, 1, 0.49503523111343384], [6, 7, 0.49360233545303345], [13, 7, 0.49207377433776855], [15, 5, 0.47080785036087036], [3, 7, 0.46858638525009155], [15, 8, 0.46435511112213135], [15, 3, 0.4596564769744873], [7, 9, 0.455049604177475], [2, 1, 0.4543168544769287], [5, 1, 0.45364469289779663], [7, 0, 0.4491115212440491], [15, 10, 0.4488835334777832], [15, 12, 0.4401080012321472], [11, 1, 0.4371771216392517], [12, 3, 0.4320574402809143], [8, 1, 0.42695897817611694], [15, 11, 0.4248039722442627], [16, 1, 0.42472919821739197], [9, 8, 0.42300909757614136], [1, 15, 0.41322025656700134], [15, 4, 0.405793696641922], [10, 1, 0.40385085344314575], [15, 6, 0.3989515006542206], [1, 14, 0.39597365260124207], [0, 1, 0.38076257705688477], [4, 15, 0.3654837906360626], [15, 2, 0.3419550359249115]]",True,1,"[[1, 6, [""shall provide""]], [2, 6, [""shall provide""]], [4, 9, [""shall ensure""]], [4, 11, [""shall ensure""]], [6, 5, [""shall develop""]], [7, 3, [""shall identify""]], [8, 3, [""shall identify""]], [9, 3, [""shall identify""]], [12, 3, [""shall identify""]], [13, 7, [""shall submit""]], [13, 8, [""shall submit""]], [14, 7, [""shall submit""]], [14, 8, [""shall submit""]], [15, 9, [""shall ensure""]], [15, 11, [""shall ensure""]]]",0.049075189514879956,8,"[[3, 3, 0.050744784365976965], [14, 3, 0.04874433504916509], [8, 14, 0.0477364491294978]]",11.0,1,"[[3, 3, 11.0], [13, 3, 11.0], [14, 3, 11.0]]",20,0.10964912280701754,9,True,0.000661517377011478,8,1,0.000661517377011478,8,1
4,9865,memorandum,"July 26, 2016","November 18, 2004",0.40964335203170776,19,0.4262716472148895,21,"[[1, 2, 0.4878876805305481], [13, 2, 0.47497308254241943], [14, 2, 0.46519988775253296], [15, 2, 0.46172696352005005], [8, 0, 0.4598376154899597], [16, 2, 0.45807307958602905], [7, 2, 0.4486764073371887], [2, 2, 0.444685697555542], [14, 3, 0.42195186018943787], [11, 3, 0.418662965297699], [3, 2, 0.41513389348983765], [5, 0, 0.4079551100730896], [11, 1, 0.4027272164821625], [15, 4, 0.39430588483810425], [12, 3, 0.38693106174468994], [6, 0, 0.38499677181243896], [4, 0, 0.3835779130458832], [0, 2, 0.3462226688861847], [9, 3, 0.3426932096481323], [10, 3, 0.3391872048377991]]",False,2,[],0.07104368437961352,6,"[[14, 2, 0.07346163384112822], [14, 3, 0.07307074397063806], [3, 3, 0.0665986753270743]]",10.0,2,"[[3, 2, 10.0], [13, 2, 10.0], [14, 2, 10.0]]",20,0.10830632781852295,10,True,0.0010403185151517391,6,1,0.0010403185151517391,6,1
5,23,memorandum,"July 26, 2016","February 28, 2003",0.6122456192970276,2,0.5031102746725082,1,"[[2, 1, 0.5802972316741943], [0, 3, 0.5478329658508301], [1, 1, 0.5392799377441406], [2, 0, 0.5110920071601868], [2, 9, 0.49539050459861755], [0, 6, 0.4939568340778351], [0, 2, 0.4857751131057739], [0, 8, 0.47049134969711304], [0, 13, 0.44137680530548096], [0, 10, 0.4389399588108063], [0, 12, 0.4248042106628418], [0, 7, 0.4236338436603546], [0, 14, 0.42056065797805786], [2, 17, 0.4189260005950928], [2, 4, 0.4144517481327057], [0, 11, 0.41396987438201904], [0, 16, 0.3841182589530945], [0, 15, 0.38095784187316895], [0, 5, 0.36093443632125854]]",True,1,"[[0, 1, [""shall coordinate""]], [1, 0, [""shall establish""]], [1, 2, [""shall establish""]], [1, 3, [""shall establish""]], [2, 4, [""shall ensure""]]]",0.04965477958298956,4,"[[0, 3, 0.0669373387703767], [0, 4, 0.04313042740646101], [0, 10, 0.03889657257213096]]",0.0,4,"[[2, 15, 0.0], [2, 16, 0.0], [2, 17, 0.0]]",20,0.13095238095238093,1,True,0.08570927381515503,1,1,0.08570927381515503,1,1
5,6,memorandum,"July 26, 2016","June 24, 2015",0.44654417037963867,11,0.46199172735214233,8,"[[0, 5, 0.5397263765335083], [0, 8, 0.5063997507095337], [2, 3, 0.48269593715667725], [0, 20, 0.46967440843582153], [2, 17, 0.4674015939235687], [2, 19, 0.4634014964103699], [0, 9, 0.4625813663005829], [1, 8, 0.4564671814441681], [2, 13, 0.45459991693496704], [2, 15, 0.4441151022911072], [2, 6, 0.4333644509315491], [2, 16, 0.4296048581600189], [2, 10, 0.4292506277561188], [0, 2, 0.42731669545173645], [2, 12, 0.42292892932891846], [2, 4, 0.4099031090736389], [2, 7, 0.40948665142059326], [2, 1, 0.3797300159931183], [2, 18, 0.3761039972305298], [2, 14, 0.3537934422492981], [2, 0, 0.34787219762802124], [2, 11, 0.3414749205112457]]",True,1,"[[0, 5, [""shall coordinate""]], [0, 6, [""shall coordinate""]], [0, 15, [""shall coordinate""]], [0, 16, [""shall coordinate""]], [0, 19, [""shall coordinate""]], [1, 3, [""shall establish""]], [1, 4, [""shall establish""]], [2, 8, [""shall ensure""]], [2, 12, [""shall ensure""]], [2, 13, [""shall ensure""]]]",0.16362617704188295,1,"[[0, 5, 0.42910592153158056], [0, 9, 0.04547629392358687], [0, 6, 0.016296315670481475]]",15.666666666666666,1,"[[0, 5, 37.0], [0, 9, 10.0], [2, 20, 0.0]]",20,0.13095238095238093,2,True,0.0005669358652085066,7,2,0.0005669358652085066,7,2
5,15,memorandum,"July 26, 2016","May 04, 2007",0.542873740196228,3,0.48816411197185516,4,"[[0, 1, 0.5554970502853394], [0, 4, 0.5463805198669434], [2, 4, 0.5175830125808716], [2, 3, 0.5166255235671997], [1, 4, 0.516137957572937], [0, 0, 0.45953071117401123], [0, 7, 0.45235496759414673], [0, 2, 0.4466935694217682], [2, 6, 0.44182050228118896], [2, 5, 0.4241337180137634], [2, 9, 0.3765506148338318], [0, 10, 0.35726675391197205], [0, 8, 0.33562350273132324]]",True,1,"[[0, 1, [""shall coordinate""]], [0, 5, [""shall coordinate""]], [2, 4, [""shall ensure""]], [2, 9, [""shall ensure""]]]",0.04245594329567869,5,"[[0, 0, 0.06509401330940363], [0, 1, 0.04739414453298767], [0, 2, 0.014879672044644777]]",3.3333333333333335,3,"[[0, 0, 10.0], [2, 9, 0.0], [2, 10, 0.0]]",20,0.12514492753623188,3,True,0.0012545945355668664,6,1,0.0012743263505399227,6,1
5,20,memorandum,"July 26, 2016","December 17, 2003",0.6162005066871643,1,0.4893273711204529,3,"[[2, 4, 0.5825186371803284], [2, 2, 0.5797377824783325], [2, 0, 0.5371901392936707], [0, 4, 0.48597171902656555], [1, 2, 0.4823474586009979], [2, 3, 0.4789111316204071], [2, 10, 0.46683961153030396], [2, 12, 0.46127384901046753], [2, 8, 0.45618879795074463], [0, 13, 0.45557430386543274], [2, 1, 0.4321499764919281], [2, 5, 0.42753466963768005], [2, 11, 0.4136396646499634], [2, 6, 0.3968943953514099], [2, 9, 0.38929688930511475], [0, 7, 0.3861742615699768]]",True,1,"[[0, 1, [""shall coordinate""]], [0, 2, [""shall coordinate""]], [1, 5, [""shall establish""]]]",0.03581798703961183,6,"[[0, 13, 0.05772831165821676], [0, 12, 0.033372606324093355], [2, 4, 0.016353043136525365]]",0.0,4,"[[2, 11, 0.0], [2, 12, 0.0], [2, 13, 0.0]]",20,0.12360646599777034,4,True,0.002822832902893424,3,1,0.002822832902893424,3,1
5,9262,memorandum,"July 26, 2016","February 25, 2015",0.502116858959198,6,0.45660798251628876,10,"[[2, 1, 0.522027313709259], [2, 0, 0.4592057466506958], [1, 0, 0.45266836881637573], [2, 2, 0.44813528656959534], [0, 1, 0.4403715133666992], [2, 3, 0.4213406443595886], [2, 4, 0.3569255769252777]]",True,1,"[[1, 1, [""shall establish""]], [2, 4, [""shall ensure""]]]",0.05037077879890791,3,"[[2, 0, 0.06569482076633527], [2, 1, 0.04725680625253183], [0, 3, 0.03816070937785662]]",3.3333333333333335,3,"[[0, 3, 10.0], [2, 3, 0.0], [2, 4, 0.0]]",20,0.12028985507246376,5,True,0.02779562398791313,2,1,0.02779562398791313,2,1
5,26,memorandum,"July 26, 2016","October 29, 2001",0.4346810579299927,15,0.45655830204486847,11,"[[0, 7, 0.531576931476593], [0, 6, 0.5304024815559387], [0, 5, 0.521498441696167], [2, 7, 0.47622916102409363], [1, 7, 0.4703807234764099], [1, 10, 0.45469236373901367], [2, 9, 0.4218771457672119], [0, 8, 0.4182252287864685], [2, 0, 0.4068984389305115], [2, 3, 0.3785669207572937], [1, 1, 0.3733488619327545], [1, 4, 0.3101891279220581], [1, 2, 0.27698814868927]]",True,1,"[[0, 6, [""shall coordinate""]], [0, 7, [""shall coordinate""]], [2, 0, [""shall ensure""]], [2, 2, [""shall ensure""]], [2, 5, [""shall ensure""]]]",0.05428097626183248,2,"[[0, 1, 0.05885728025571363], [0, 6, 0.05863902373552411], [0, 0, 0.045346624794259695]]",0.0,4,"[[2, 8, 0.0], [2, 9, 0.0], [2, 10, 0.0]]",20,0.11937927663734116,6,True,0.001622966956347227,4,1,0.001622966956347227,4,1
5,21,memorandum,"July 26, 2016","December 17, 2003",0.5041242241859436,4,0.4707176983356476,6,"[[0, 3, 0.5282434225082397], [2, 3, 0.5042087435722351], [2, 1, 0.4987945854663849], [2, 7, 0.4588993191719055], [1, 3, 0.45058032870292664], [2, 0, 0.44917458295822144], [0, 4, 0.4419315457344055], [2, 6, 0.4398300051689148], [0, 8, 0.4355953335762024], [0, 5, 0.43169042468070984], [0, 2, 0.41255515813827515], [2, 9, 0.3741980195045471]]",True,1,"[[0, 1, [""shall coordinate""]], [0, 3, [""shall coordinate""]], [1, 2, [""shall establish""]], [1, 4, [""shall establish""]], [1, 5, [""shall establish""]]]",0.020187297692063563,7,"[[0, 9, 0.02765712288592444], [2, 0, 0.016801532509708603], [2, 3, 0.016103237680557648]]",0.0,4,"[[2, 7, 0.0], [2, 8, 0.0], [2, 9, 0.0]]",20,0.11716524216524216,7,True,0.000219953348278068,10,1,0.0002182420575991273,10,1
5,11532,memorandum,"July 26, 2016","August 26, 1976",0.46538567543029785,8,0.49485792219638824,2,"[[0, 0, 0.5469076037406921], [1, 0, 0.48436930775642395], [2, 0, 0.4796942472457886], [2, 1, 0.42520999908447266]]",False,2,[],0.000994807521480061,22,"[[2, 0, 0.002984422564440183], [1, 1, 0.0], [2, 1, 0.0]]",0.0,4,"[[1, 1, 0.0], [2, 0, 0.0], [2, 1, 0.0]]",20,0.11093073593073594,8,True,0.00130450667347759,5,1,0.00130450667347759,5,1
5,9786,memorandum,"July 26, 2016","December 16, 2005",0.4804803729057312,7,0.4020031839609146,16,"[[0, 1, 0.47211265563964844], [2, 1, 0.4592142701148987], [2, 3, 0.4225050210952759], [2, 9, 0.4197414815425873], [1, 1, 0.4160703420639038], [0, 0, 0.41502273082733154], [2, 11, 0.3824361562728882], [2, 5, 0.37868550419807434], [0, 8, 0.3719272017478943], [0, 13, 0.3652084469795227], [0, 15, 0.34447574615478516], [2, 10, 0.3433171808719635], [2, 7, 0.331923246383667], [0, 12, 0.33148521184921265], [2, 4, 0.32440102100372314], [2, 6, 0.3049510419368744], [0, 14, 0.2500842213630676], [2, 2, 0.2197057604789734]]",True,1,"[[2, 9, [""shall ensure""]], [2, 11, [""shall ensure""]]]",0.017100252641075044,8,"[[0, 3, 0.028512202195163663], [0, 1, 0.012211427599038009], [2, 0, 0.010577128129023457]]",3.6666666666666665,2,"[[0, 3, 11.0], [2, 13, 0.0], [2, 15, 0.0]]",20,0.10894660894660894,9,True,0.0005357805639505386,8,1,0.0005357805639505386,8,1
5,10491,memorandum,"July 26, 2016","September 09, 1996",0.5030854940414429,5,0.4874585121870041,5,"[[2, 1, 0.49781835079193115], [0, 1, 0.4924074411392212], [1, 1, 0.4827544093132019], [2, 0, 0.4700288772583008]]",False,2,[],0.0020675006935403097,18,"[[2, 0, 0.003292373650498311], [2, 1, 0.0021721037824999423], [1, 1, 0.000738024647622675]]",0.0,4,"[[1, 1, 0.0], [2, 0, 0.0], [2, 1, 0.0]]",20,0.10798245614035087,10,True,0.00046371284406632185,9,1,0.00046371284406632185,9,1
6,23,memorandum,"June 24, 2015","February 28, 2003",0.5547357797622681,1,0.5034182518720627,4,"[[6, 1, 0.5695236325263977], [5, 3, 0.5690501928329468], [3, 3, 0.5570139288902283], [4, 1, 0.5561575293540955], [8, 1, 0.5550578832626343], [17, 3, 0.5347665548324585], [3, 2, 0.5334867238998413], [15, 4, 0.5327022671699524], [7, 3, 0.5260758399963379], [19, 3, 0.5244781374931335], [2, 3, 0.5215696096420288], [9, 3, 0.51731938123703], [4, 0, 0.5161933898925781], [10, 1, 0.5160399079322815], [5, 7, 0.5085285305976868], [16, 3, 0.5083001852035522], [5, 6, 0.505509614944458], [14, 4, 0.5053721070289612], [11, 3, 0.49215519428253174], [13, 3, 0.4903551936149597], [5, 13, 0.4889312982559204], [10, 17, 0.48810210824012756], [12, 3, 0.48763275146484375], [2, 9, 0.4816148579120636], [10, 5, 0.48139211535453796], [0, 3, 0.4800173044204712], [2, 15, 0.47488370537757874], [17, 14, 0.4729132652282715], [1, 1, 0.46608611941337585], [18, 3, 0.4657192826271057], [5, 8, 0.46183156967163086], [5, 10, 0.4569227993488312], [17, 16, 0.44873449206352234], [20, 2, 0.4456901252269745], [5, 12, 0.43882477283477783], [2, 11, 0.41869866847991943]]",True,1,"[[3, 0, [""shall establish""]], [3, 2, [""shall establish""]], [3, 3, [""shall establish""]], [4, 0, [""shall establish""]], [4, 2, [""shall establish""]], [4, 3, [""shall establish""]], [5, 1, [""shall coordinate""]], [6, 1, [""shall coordinate""]], [8, 4, [""shall ensure""]], [12, 4, [""shall ensure""]], [13, 4, [""shall ensure""]], [14, 5, [""shall provide""]], [14, 9, [""shall provide""]], [15, 1, [""shall coordinate""]], [16, 1, [""shall coordinate""]], [17, 5, [""shall provide""]], [17, 9, [""shall provide""]], [18, 11, [""shall make""]], [19, 1, [""shall coordinate""]]]",0.039847947862597405,2,"[[4, 0, 0.04261799020647549], [9, 3, 0.041535596400124365], [14, 0, 0.03539025698119235]]",0.0,2,"[[0, 0, 0.0], [20, 16, 0.0], [20, 17, 0.0]]",20,0.13257575757575757,1,True,0.0030120296869426966,1,2,0.0030120296869426966,1,2
6,26,memorandum,"June 24, 2015","October 29, 2001",0.4452461004257202,24,0.4946294277906418,7,"[[5, 6, 0.5851359963417053], [5, 7, 0.579805314540863], [6, 7, 0.5599491596221924], [5, 5, 0.5589859485626221], [9, 3, 0.5515158176422119], [5, 8, 0.5395300984382629], [8, 7, 0.5321803092956543], [5, 0, 0.5216732621192932], [17, 9, 0.5198268294334412], [5, 10, 0.5195333957672119], [12, 7, 0.5008776783943176], [5, 1, 0.48773065209388733], [2, 9, 0.4857334494590759], [15, 7, 0.48267683386802673], [20, 8, 0.47737550735473633], [7, 10, 0.4726247191429138], [13, 10, 0.46545249223709106], [3, 9, 0.46367111802101135], [10, 9, 0.4635699689388275], [16, 5, 0.4586642384529114], [18, 9, 0.4556977450847626], [19, 7, 0.45565542578697205], [4, 7, 0.451707661151886], [1, 9, 0.44411957263946533], [11, 10, 0.4421265423297882], [0, 5, 0.42821264266967773], [20, 2, 0.38951608538627625], [14, 10, 0.38191166520118713], [13, 4, 0.34928232431411743]]",True,1,"[[5, 6, [""shall coordinate""]], [5, 7, [""shall coordinate""]], [6, 6, [""shall coordinate""]], [6, 7, [""shall coordinate""]], [8, 0, [""shall ensure""]], [8, 2, [""shall ensure""]], [8, 5, [""shall ensure""]], [12, 0, [""shall ensure""]], [12, 2, [""shall ensure""]], [12, 5, [""shall ensure""]], [13, 0, [""shall ensure""]], [13, 2, [""shall ensure""]], [13, 5, [""shall ensure""]], [14, 8, [""shall provide""]], [15, 6, [""shall coordinate""]], [15, 7, [""shall coordinate""]], [16, 6, [""shall coordinate""]], [16, 7, [""shall coordinate""]], [17, 8, [""shall provide""]], [19, 6, [""shall coordinate""]], [19, 7, [""shall coordinate""]]]",0.06908492403935686,1,"[[5, 6, 0.08735253795656103], [12, 2, 0.06530677095400747], [13, 2, 0.054595463207502096]]",0.0,2,"[[20, 8, 0.0], [20, 9, 0.0], [20, 10, 0.0]]",20,0.13011063011063012,2,True,0.00017638302233535796,5,2,0.0001731529482640326,5,2
6,25,memorandum,"June 24, 2015","October 29, 2001",0.5135222673416138,3,0.49841929972171783,6,"[[7, 1, 0.5649782419204712], [1, 5, 0.5619655847549438], [6, 0, 0.5596567392349243], [5, 0, 0.5464117527008057], [18, 4, 0.5449316501617432], [3, 12, 0.5401531457901001], [2, 5, 0.5352842211723328], [15, 2, 0.5340967774391174], [17, 1, 0.5289305448532104], [6, 3, 0.5285735130310059], [3, 13, 0.5247499942779541], [10, 1, 0.523002028465271], [8, 0, 0.5177172422409058], [13, 2, 0.5111232995986938], [19, 0, 0.5094255805015564], [4, 0, 0.5074267983436584], [9, 0, 0.5055845975875854], [11, 1, 0.4998626112937927], [2, 18, 0.49910151958465576], [14, 2, 0.49300000071525574], [12, 2, 0.49197837710380554], [3, 6, 0.48882997035980225], [2, 7, 0.4873896837234497], [10, 20, 0.4868742525577545], [5, 10, 0.4850252866744995], [0, 4, 0.47467949986457825], [5, 17, 0.4607127904891968], [18, 15, 0.4557012915611267], [10, 19, 0.45409226417541504], [16, 3, 0.44739460945129395], [15, 14, 0.4252241253852844], [3, 16, 0.40821510553359985], [1, 9, 0.3889722228050232], [20, 18, 0.38479602336883545], [18, 8, 0.3764697313308716], [20, 11, 0.3754989802837372]]",True,1,"[[0, 18, [""work closely with""]], [1, 13, [""shall also seek""]], [7, 1, [""shall report""]], [8, 0, [""shall ensure""]], [8, 2, [""shall ensure""]], [10, 1, [""shall report""]], [11, 1, [""shall report""]], [12, 0, [""shall ensure""]], [12, 2, [""shall ensure""]], [13, 0, [""shall ensure""]], [13, 2, [""shall ensure""]], [14, 3, [""shall provide""]], [14, 8, [""shall provide""]], [17, 3, [""shall provide""]], [17, 8, [""shall provide""]], [18, 15, [""shall make""]], [18, 17, [""shall make""]], [18, 19, [""shall make""]], [18, 20, [""shall make""]]]",0.03191262712263573,6,"[[15, 4, 0.034421145281351755], [4, 4, 0.03074817940106183], [9, 17, 0.03056855668549359]]",0.0,2,"[[0, 0, 0.0], [20, 19, 0.0], [20, 20, 0.0]]",20,0.12237762237762238,3,True,0.00011163832095917314,9,2,0.00011163832095917314,9,2
6,11944,memorandum,"June 24, 2015","June 01, 1953",0.44750550389289856,21,0.5200264155864716,2,"[[5, 4, 0.5883156061172485], [19, 4, 0.5654723644256592], [6, 4, 0.5592488050460815], [15, 4, 0.5571682453155518], [8, 4, 0.5559300184249878], [4, 4, 0.5542172789573669], [7, 3, 0.5475422143936157], [3, 4, 0.5445173382759094], [17, 3, 0.5392467975616455], [10, 3, 0.5335625410079956], [9, 4, 0.5156136751174927], [6, 1, 0.5099155306816101], [12, 4, 0.5054986476898193], [11, 4, 0.5051520466804504], [0, 4, 0.49878787994384766], [13, 4, 0.49843519926071167], [6, 2, 0.49813729524612427], [2, 4, 0.488692045211792], [18, 4, 0.4820517301559448], [7, 0, 0.4802202880382538], [1, 4, 0.4704698324203491], [14, 4, 0.44461530447006226], [16, 4, 0.4434848427772522], [20, 1, 0.4217374920845032]]",True,1,"[[7, 3, [""shall report""]], [10, 3, [""shall report""]], [11, 3, [""shall report""]], [20, 1, [""shall review""]]]",0.020618627868729273,12,"[[5, 3, 0.02667758512326932], [9, 3, 0.02027580460343561], [7, 3, 0.014902493879482889]]",0.0,2,"[[20, 2, 0.0], [20, 3, 0.0], [20, 4, 0.0]]",20,0.12215909090909091,4,True,0.00011936841110582463,8,2,0.00012107198926969431,8,2
6,15,memorandum,"June 24, 2015","May 04, 2007",0.4493018388748169,20,0.47359129786491394,13,"[[5, 1, 0.5355022549629211], [17, 0, 0.5149872899055481], [2, 7, 0.5079207420349121], [5, 3, 0.5058024525642395], [6, 3, 0.5048192143440247], [6, 4, 0.5034933090209961], [15, 3, 0.497660756111145], [13, 7, 0.4942876696586609], [3, 3, 0.48619914054870605], [16, 0, 0.48547375202178955], [16, 9, 0.48327964544296265], [9, 0, 0.4806232154369354], [12, 3, 0.47652071714401245], [15, 10, 0.4692700505256653], [8, 4, 0.4684191048145294], [7, 0, 0.46636009216308594], [2, 5, 0.46510159969329834], [15, 6, 0.4643018841743469], [20, 8, 0.4480553865432739], [10, 3, 0.4468512535095215], [2, 2, 0.43937209248542786], [4, 3, 0.4352095127105713], [11, 3, 0.4245835244655609], [19, 3, 0.42360594868659973], [14, 3, 0.4120742678642273], [18, 10, 0.4072187542915344], [1, 10, 0.397468239068985], [0, 3, 0.38800913095474243]]",True,1,"[[5, 1, [""shall coordinate""]], [5, 5, [""shall coordinate""]], [6, 1, [""shall coordinate""]], [6, 5, [""shall coordinate""]], [7, 6, [""shall report""]], [8, 4, [""shall ensure""]], [8, 9, [""shall ensure""]], [10, 6, [""shall report""]], [11, 6, [""shall report""]], [12, 4, [""shall ensure""]], [12, 9, [""shall ensure""]], [13, 4, [""shall ensure""]], [13, 9, [""shall ensure""]], [14, 7, [""shall provide""]], [15, 1, [""shall coordinate""]], [15, 5, [""shall coordinate""]], [16, 1, [""shall coordinate""]], [16, 5, [""shall coordinate""]], [17, 7, [""shall provide""]], [19, 1, [""shall coordinate""]], [19, 5, [""shall coordinate""]]]",0.03826498455244189,4,"[[5, 1, 0.052793946145147236], [9, 0, 0.03338872499942643], [6, 2, 0.028612282512751993]]",3.3333333333333335,1,"[[9, 0, 10.0], [20, 9, 0.0], [20, 10, 0.0]]",20,0.11958874458874458,5,True,0.00012231712753418833,7,2,0.00012231712753418833,7,2
6,7,memorandum,"June 24, 2015","January 17, 2014",0.47201114892959595,11,0.47593845427036285,10,"[[7, 10, 0.6042304635047913], [5, 10, 0.5476056933403015], [17, 10, 0.5418123006820679], [3, 10, 0.5388419032096863], [7, 9, 0.5241526961326599], [13, 9, 0.5207540988922119], [10, 10, 0.5145456194877625], [11, 10, 0.5117990970611572], [10, 7, 0.5070090889930725], [2, 8, 0.5048022270202637], [6, 10, 0.5030364990234375], [4, 10, 0.4935935437679291], [15, 8, 0.4902503788471222], [18, 10, 0.4882451891899109], [8, 10, 0.48653727769851685], [19, 10, 0.4864852726459503], [0, 8, 0.47389745712280273], [14, 8, 0.4676569700241089], [12, 9, 0.46461373567581177], [15, 12, 0.457792729139328], [17, 2, 0.45554012060165405], [1, 8, 0.4546090066432953], [9, 10, 0.4503040611743927], [18, 0, 0.44890928268432617], [15, 4, 0.4424881637096405], [17, 3, 0.4416697919368744], [16, 10, 0.4178392291069031], [17, 6, 0.41221538186073303], [20, 11, 0.4048372805118561], [18, 1, 0.38962793350219727], [15, 5, 0.36389321088790894]]",True,1,"[[3, 4, [""shall establish""]], [4, 4, [""shall establish""]], [5, 2, [""shall coordinate""]], [6, 2, [""shall coordinate""]], [8, 3, [""shall ensure""]], [12, 3, [""shall ensure""]], [13, 3, [""shall ensure""]], [14, 11, [""shall provide""]], [14, 12, [""shall provide""]], [15, 2, [""shall coordinate""]], [16, 2, [""shall coordinate""]], [17, 11, [""shall provide""]], [17, 12, [""shall provide""]], [19, 2, [""shall coordinate""]]]",0.032987594569042614,5,"[[20, 8, 0.043072169316841], [20, 3, 0.03387516610575569], [19, 10, 0.02201544828453116]]",0.0,2,"[[0, 0, 0.0], [20, 11, 0.0], [20, 12, 0.0]]",20,0.11878787878787879,6,True,6.819733607699163e-05,10,2,6.819733607699163e-05,10,2
6,11,memorandum,"June 24, 2015","August 04, 2011",0.45938482880592346,14,0.5039862990379333,3,"[[5, 0, 0.5488203763961792], [17, 0, 0.5481010675430298], [5, 1, 0.5418960452079773], [17, 2, 0.5353035926818848], [8, 0, 0.5346682071685791], [6, 0, 0.5338795781135559], [0, 0, 0.5288532376289368], [1, 0, 0.5259225368499756], [2, 0, 0.505205512046814], [4, 0, 0.5051414966583252], [9, 2, 0.5005974769592285], [3, 0, 0.49252480268478394], [16, 2, 0.4890062212944031], [18, 2, 0.4837474226951599], [17, 3, 0.4823586940765381], [19, 0, 0.4705493748188019], [12, 0, 0.4632441997528076], [15, 2, 0.46001797914505005], [10, 0, 0.44705820083618164], [7, 0, 0.4396924078464508], [13, 0, 0.4216124415397644], [11, 0, 0.40676766633987427], [14, 0, 0.39901575446128845], [20, 3, 0.3940100371837616]]",False,2,[],0.015732066627292707,15,"[[9, 3, 0.022373448075704506], [5, 3, 0.01484234214689758], [19, 2, 0.009980409659276032]]",0.0,2,"[[20, 1, 0.0], [20, 2, 0.0], [20, 3, 0.0]]",20,0.11750423489553924,7,True,0.00026666615303838626,4,2,0.00026666615303838626,4,2
6,11326,memorandum,"June 24, 2015","April 07, 1980",0.4860498905181885,6,0.5209174603223801,1,"[[7, 0, 0.5540966391563416], [3, 0, 0.5393314957618713], [15, 0, 0.5385587215423584], [18, 0, 0.5268245935440063], [2, 0, 0.5215858221054077], [4, 0, 0.5196975469589233], [10, 0, 0.517921507358551], [6, 0, 0.5125194191932678], [5, 0, 0.5089066028594971], [17, 0, 0.5072140693664551], [1, 0, 0.5029133558273315], [11, 0, 0.49745872616767883], [0, 0, 0.4960353970527649], [14, 0, 0.49251002073287964], [12, 0, 0.4744624197483063], [13, 0, 0.4709435701370239], [8, 0, 0.4652971029281616], [19, 0, 0.4612593948841095], [16, 0, 0.4610368609428406], [9, 0, 0.4328710734844208], [20, 0, 0.24105842411518097]]",False,2,[],0.007301263221593556,22,"[[7, 0, 0.010045044313783296], [11, 0, 0.006903407789501099], [17, 0, 0.004955337561496273]]",0.0,2,"[[18, 0, 0.0], [19, 0, 0.0], [20, 0, 0.0]]",20,0.11688311688311688,8,True,0.00012974185665370896,6,2,0.00012974185665370896,6,2
6,22,memorandum,"June 24, 2015","September 16, 2003",0.45347511768341064,16,0.4927264153957367,9,"[[10, 7, 0.5409183502197266], [3, 6, 0.539756178855896], [7, 7, 0.529340922832489], [15, 2, 0.5285302400588989], [2, 0, 0.5248040556907654], [18, 2, 0.5127589106559753], [17, 1, 0.5120405554771423], [14, 2, 0.5051858425140381], [4, 6, 0.49350476264953613], [11, 7, 0.4894143342971802], [6, 2, 0.4813518524169922], [1, 0, 0.48095911741256714], [12, 2, 0.47801345586776733], [20, 3, 0.47683390974998474], [13, 2, 0.4754626154899597], [15, 5, 0.4753900170326233], [5, 0, 0.4617624878883362], [0, 2, 0.4580722749233246], [19, 6, 0.44714871048927307], [8, 2, 0.41698315739631653], [16, 2, 0.41264480352401733], [9, 2, 0.41050297021865845], [10, 4, 0.4087822437286377]]",True,1,"[[3, 1, [""shall establish""]], [4, 1, [""shall establish""]], [7, 4, [""shall report""]], [7, 7, [""shall report""]], [10, 4, [""shall report""]], [10, 7, [""shall report""]], [11, 4, [""shall report""]], [11, 7, [""shall report""]]]",0.024946275729047646,9,"[[20, 7, 0.02777219248482363], [9, 7, 0.024783262841721273], [14, 0, 0.022283371860598027]]",0.0,2,"[[20, 5, 0.0], [20, 6, 0.0], [20, 7, 0.0]]",20,0.11442006269592477,9,True,0.0003852679656120017,2,2,0.0003852679656120017,2,2
6,10,memorandum,"June 24, 2015","February 28, 2012",0.5434444546699524,2,0.4332835525274277,20,"[[17, 8, 0.5484292507171631], [7, 8, 0.5033653378486633], [5, 8, 0.4982227385044098], [3, 8, 0.4880220293998718], [10, 8, 0.4819253385066986], [18, 0, 0.4778556525707245], [11, 8, 0.46170616149902344], [15, 8, 0.4608135223388672], [18, 1, 0.4527428150177002], [2, 0, 0.45258280634880066], [1, 0, 0.4518824517726898], [9, 8, 0.4484504759311676], [19, 0, 0.44666334986686707], [13, 8, 0.4437845051288605], [4, 0, 0.43893253803253174], [6, 8, 0.4349084794521332], [12, 8, 0.4247998595237732], [18, 2, 0.42316296696662903], [14, 8, 0.4200231730937958], [8, 8, 0.41885870695114136], [0, 0, 0.40714389085769653], [10, 6, 0.4028829038143158], [15, 4, 0.4006352722644806], [16, 8, 0.38811004161834717], [5, 3, 0.35416388511657715], [2, 7, 0.35366562008857727], [17, 5, 0.3413779139518738], [20, 8, 0.3399569094181061]]",True,1,"[[18, 6, [""shall make""]]]",0.03950818463260792,3,"[[16, 7, 0.04701884052267008], [16, 4, 0.03770728811538253], [19, 7, 0.033798425259771156]]",0.0,2,"[[20, 6, 0.0], [20, 7, 0.0], [20, 8, 0.0]]",20,0.11393280632411068,10,True,0.00034568879345897585,3,2,0.00034568879345897585,3,2
7,13,memorandum,"January 17, 2014","June 05, 2008",0.5217341184616089,8,0.5367812216281891,1,"[[11, 3, 0.6169082522392273], [10, 1, 0.5862231254577637], [7, 3, 0.5858049988746643], [8, 3, 0.5857889652252197], [9, 1, 0.5501419305801392], [3, 0, 0.5483670234680176], [2, 0, 0.5314721465110779], [12, 3, 0.5307873487472534], [6, 3, 0.5155999660491943], [10, 4, 0.513150691986084], [5, 1, 0.495960533618927], [4, 0, 0.4610879123210907], [9, 2, 0.4567413330078125], [1, 0, 0.4427720308303833], [0, 0, 0.42978256940841675]]",True,1,"[[2, 1, [""shall coordinate""]], [2, 2, [""shall coordinate""]], [11, 4, [""shall provide""]], [12, 4, [""shall provide""]]]",0.09671081011799927,1,"[[11, 3, 0.1292099830047527], [12, 3, 0.08950662551106042], [8, 3, 0.0714158218381847]]",10.666666666666666,1,"[[9, 0, 11.0], [9, 2, 11.0], [12, 3, 10.0]]",20,0.14285714285714285,1,True,0.0008426422718912363,7,1,0.0008426422718912363,7,1
7,9786,memorandum,"January 17, 2014","December 16, 2005",0.600165605545044,1,0.5165342688560486,6,"[[4, 12, 0.5848686695098877], [8, 10, 0.5785594582557678], [4, 4, 0.5516558289527893], [9, 0, 0.5501986742019653], [10, 0, 0.5466046333312988], [3, 5, 0.5427792072296143], [4, 1, 0.5366678237915039], [7, 6, 0.5352779626846313], [8, 9, 0.5323910713195801], [5, 10, 0.5318142771720886], [3, 3, 0.528531014919281], [3, 11, 0.5234085917472839], [12, 12, 0.5206705331802368], [8, 8, 0.5201765298843384], [6, 5, 0.5179252624511719], [2, 12, 0.5093570351600647], [5, 7, 0.5042421817779541], [11, 6, 0.48430025577545166], [8, 13, 0.47040966153144836], [0, 0, 0.464161217212677], [5, 14, 0.44848111271858215], [1, 4, 0.4448285698890686], [9, 15, 0.38752615451812744], [2, 2, 0.3507283329963684]]",True,1,"[[3, 9, [""shall ensure""]], [3, 11, [""shall ensure""]], [9, 3, [""shall identify""]], [10, 3, [""shall identify""]], [11, 6, [""shall provide""]], [12, 6, [""shall provide""]]]",0.05819999975441296,2,"[[7, 6, 0.10377696816931595], [12, 8, 0.035941546878819876], [9, 15, 0.03488148421510308]]",3.3333333333333335,4,"[[9, 8, 10.0], [12, 13, 0.0], [12, 15, 0.0]]",20,0.1255827505827506,2,True,0.0002396868512732908,9,1,0.0002396868512732908,9,1
7,22,memorandum,"January 17, 2014","September 16, 2003",0.4895269274711609,18,0.5078200697898865,7,"[[11, 7, 0.5704492330551147], [4, 2, 0.553902268409729], [3, 2, 0.5527715086936951], [6, 2, 0.5497646927833557], [7, 7, 0.534933865070343], [5, 2, 0.5344494581222534], [10, 7, 0.5335283279418945], [12, 7, 0.5332250595092773], [11, 4, 0.5329864025115967], [8, 2, 0.5312584042549133], [10, 6, 0.5036909580230713], [2, 2, 0.503402590751648], [8, 0, 0.48446813225746155], [2, 5, 0.48275017738342285], [9, 2, 0.47389400005340576], [1, 2, 0.4433954656124115], [2, 3, 0.43560487031936646], [10, 1, 0.4190409481525421], [0, 0, 0.41614556312561035]]",True,1,"[[4, 1, [""shall establish""]]]",0.03852761052444774,3,"[[11, 4, 0.0608450345903295], [12, 4, 0.028066654458362355], [8, 4, 0.02667114252465136]]",0.0,5,"[[12, 5, 0.0], [12, 6, 0.0], [12, 7, 0.0]]",20,0.12051529790660226,3,True,0.0026316740550100803,5,1,0.0026316740550100803,5,1
7,10356,memorandum,"January 17, 2014","May 14, 1998",0.5570762157440186,3,0.5191015303134918,4,"[[4, 0, 0.561907947063446], [8, 0, 0.5513796210289001], [2, 0, 0.5505162477493286], [3, 0, 0.541307270526886], [6, 0, 0.5389633774757385], [9, 0, 0.5177819728851318], [12, 0, 0.505652129650116], [5, 0, 0.49382930994033813], [7, 0, 0.467533677816391], [10, 0, 0.3864516317844391], [0, 0, 0.3786280155181885], [11, 0, 0.35735762119293213], [1, 0, 0.34052765369415283]]",False,2,[],0.02226211985640005,8,"[[4, 0, 0.032566384158219455], [3, 0, 0.01850418692330657], [12, 0, 0.015715788487674125]]",0.0,5,"[[10, 0, 0.0], [11, 0, 0.0], [12, 0, 0.0]]",20,0.11738095238095238,4,True,0.00130450667347759,6,1,0.00130450667347759,6,1
7,9835,memorandum,"January 17, 2014","April 21, 2005",0.47854310274124146,23,0.5364501476287842,2,"[[10, 2, 0.5956250429153442], [10, 0, 0.5802011489868164], [10, 3, 0.5578954815864563], [9, 2, 0.5438874363899231], [7, 2, 0.5418615937232971], [3, 2, 0.5328236222267151], [6, 2, 0.5270235538482666], [2, 2, 0.5267214179039001], [4, 2, 0.5152232050895691], [0, 3, 0.5062241554260254], [10, 1, 0.5048103928565979], [12, 2, 0.49571263790130615], [1, 3, 0.48732903599739075], [5, 3, 0.47977709770202637], [8, 2, 0.4755439758300781], [11, 2, 0.4447214901447296]]",False,2,[],0.01739206934673566,13,"[[9, 2, 0.02257140516167752], [2, 2, 0.01817413886342801], [9, 0, 0.011430664015101448]]",0.0,5,"[[12, 1, 0.0], [12, 2, 0.0], [12, 3, 0.0]]",20,0.11575757575757575,5,True,0.0065388246439397335,2,1,0.0065388246439397335,2,1
7,9690,memorandum,"January 17, 2014","September 08, 2007",0.5418469905853271,6,0.520511195063591,3,"[[10, 1, 0.6140992641448975], [9, 1, 0.5558618307113647], [10, 2, 0.5382699966430664], [10, 0, 0.5229968428611755], [8, 2, 0.5069594979286194], [4, 2, 0.48722705245018005], [0, 2, 0.48708468675613403], [3, 2, 0.4788592755794525], [7, 0, 0.4691789746284485], [5, 2, 0.4674733579158783], [6, 2, 0.4618724584579468], [2, 2, 0.45411205291748047], [12, 1, 0.4504786729812622], [1, 2, 0.4305887222290039], [11, 0, 0.40957435965538025]]",False,2,[],0.015265459006546555,15,"[[2, 0, 0.01726488071454048], [9, 1, 0.014762980738596767], [9, 0, 0.013768515566502413]]",0.0,5,"[[12, 0, 0.0], [12, 1, 0.0], [12, 2, 0.0]]",20,0.11204968944099379,6,True,0.004166256170719862,4,1,0.004231587518006563,4,1
7,9828,memorandum,"January 17, 2014","June 02, 2005",0.47958341240882874,22,0.48366327583789825,10,"[[10, 0, 0.5676308870315552], [9, 0, 0.5460689663887024], [7, 0, 0.5376975536346436], [9, 2, 0.5364712476730347], [12, 0, 0.5357159376144409], [4, 0, 0.5000490546226501], [2, 0, 0.49944353103637695], [3, 2, 0.49427610635757446], [0, 0, 0.49113550782203674], [9, 3, 0.4904751777648926], [8, 0, 0.4763110876083374], [11, 0, 0.4669899046421051], [6, 3, 0.4669564962387085], [5, 4, 0.4535561501979828], [9, 1, 0.4175379276275635], [9, 5, 0.378745436668396], [1, 0, 0.3765111267566681]]",True,1,"[[3, 3, [""shall ensure""]]]",0.026079577768530583,7,"[[9, 5, 0.04381785046080768], [6, 5, 0.019024779674810866], [6, 4, 0.015396103169973202]]",0.0,5,"[[12, 3, 0.0], [12, 4, 0.0], [12, 5, 0.0]]",20,0.11037037037037037,7,True,0.019419347867369652,1,1,0.019419347867369652,1,1
7,20,memorandum,"January 17, 2014","December 17, 2003",0.5214360952377319,9,0.4651980996131897,17,"[[9, 8, 0.5495074987411499], [10, 8, 0.5460382103919983], [8, 13, 0.5409227609634399], [12, 13, 0.5090568661689758], [6, 13, 0.5018463730812073], [10, 4, 0.4994068145751953], [6, 12, 0.4821088910102844], [11, 13, 0.47366833686828613], [9, 0, 0.47310948371887207], [2, 13, 0.4679428040981293], [3, 5, 0.46052318811416626], [10, 1, 0.4585527777671814], [10, 6, 0.4508354365825653], [4, 13, 0.44795721769332886], [5, 13, 0.4425411820411682], [7, 13, 0.4424915313720703], [10, 2, 0.43783384561538696], [0, 13, 0.4353138208389282], [1, 5, 0.419892817735672], [12, 10, 0.4174050986766815], [10, 9, 0.41181156039237976], [9, 11, 0.4056542217731476], [4, 7, 0.36453211307525635], [9, 3, 0.35581710934638977]]",True,1,"[[2, 1, [""shall coordinate""]], [2, 2, [""shall coordinate""]], [4, 5, [""shall establish""]], [6, 6, [""shall prepare""]], [11, 9, [""shall provide""]], [12, 9, [""shall provide""]]]",0.03521877517320982,4,"[[9, 6, 0.03584941969639702], [9, 8, 0.035838905776126896], [11, 13, 0.033968000047105575]]",3.3333333333333335,4,"[[9, 6, 10.0], [12, 11, 0.0], [12, 13, 0.0]]",20,0.11036036036036036,8,True,0.00017605620087124407,10,1,0.00017605620087124407,10,1
7,9713,memorandum,"January 17, 2014","April 10, 2007",0.5488168001174927,4,0.5188257098197937,5,"[[9, 2, 0.6321431994438171], [10, 2, 0.6184543371200562], [0, 0, 0.51533442735672], [4, 2, 0.5123825073242188], [3, 2, 0.5054166913032532], [12, 2, 0.4995664954185486], [2, 2, 0.4986024796962738], [4, 1, 0.49550455808639526], [8, 2, 0.49226224422454834], [6, 2, 0.4791094660758972], [7, 2, 0.4336094260215759], [5, 2, 0.4069709777832031], [1, 0, 0.3888480067253113], [11, 2, 0.3871781826019287]]",True,1,"[[3, 2, [""shall ensure""]]]",0.015192619198629112,16,"[[10, 2, 0.02113207091495343], [9, 2, 0.015127571139857833], [2, 0, 0.00931821554107608]]",0.0,5,"[[12, 0, 0.0], [12, 1, 0.0], [12, 2, 0.0]]",20,0.10777777777777778,9,True,0.004645557142794132,3,1,0.004681822843849659,3,1
7,10,memorandum,"January 17, 2014","February 28, 2012",0.5468294620513916,5,0.4775102734565735,13,"[[10, 8, 0.569680392742157], [9, 8, 0.5671825408935547], [2, 4, 0.4998701214790344], [5, 3, 0.49783921241760254], [3, 8, 0.4931701421737671], [6, 8, 0.4926309585571289], [8, 6, 0.4893624484539032], [5, 5, 0.48866212368011475], [0, 8, 0.4881725311279297], [5, 0, 0.46749210357666016], [5, 2, 0.4566819667816162], [5, 1, 0.45160233974456787], [4, 6, 0.4401344656944275], [1, 4, 0.43568065762519836], [7, 3, 0.4211059510707855], [12, 8, 0.41608455777168274], [8, 7, 0.4070779085159302], [11, 8, 0.352409303188324]]",True,1,"[[1, 0, [""is authorized""]], [1, 3, [""is authorized""]], [7, 5, [""shall determine""]], [7, 7, [""shall determine""]], [8, 5, [""shall determine""]], [8, 7, [""shall determine""]]]",0.01759510080530675,12,"[[5, 1, 0.025993156543017287], [1, 1, 0.01419528121378333], [5, 0, 0.012596864659119631]]",6.666666666666667,2,"[[5, 0, 10.0], [5, 1, 10.0], [12, 6, 0.0]]",20,0.10700757575757576,10,True,0.00041731575038284063,8,1,0.00041731575038284063,8,1
10,10014,memorandum,"February 28, 2012","October 16, 2002",0.5930371284484863,3,0.6215652227401733,1,"[[1, 0, 0.6794292330741882], [2, 0, 0.6397759318351746], [7, 0, 0.5879248380661011], [5, 0, 0.585138201713562], [6, 0, 0.58009272813797], [0, 0, 0.5704699754714966], [3, 0, 0.5381354093551636], [4, 0, 0.486941933631897], [8, 0, 0.4054025411605835]]",True,1,"[[1, 0, [""i hereby""]]]",0.04861401575745925,2,"[[1, 0, 0.09417170943219184], [2, 0, 0.033484959156258876], [0, 0, 0.018185378683927042]]",0.0,1,"[[6, 0, 0.0], [7, 0, 0.0], [8, 0, 0.0]]",20,0.1406926406926407,1,True,0.3073580265045166,1,1,0.3073580265045166,1,1
10,9603,memorandum,"February 28, 2012","January 22, 2009",0.5647810697555542,15,0.5046537667512894,4,"[[7, 1, 0.5929452180862427], [6, 1, 0.5922716856002808], [3, 1, 0.5569102764129639], [5, 1, 0.5132256746292114], [8, 1, 0.5120956897735596], [4, 1, 0.49081939458847046], [2, 1, 0.4879775047302246], [0, 1, 0.4528953731060028], [1, 1, 0.4362860321998596], [7, 0, 0.3955751061439514]]",False,2,[],0.05317047244149287,1,"[[6, 1, 0.09153105143332055], [8, 1, 0.05600956578130847], [2, 1, 0.011970800109849602]]",0.0,1,"[[7, 1, 0.0], [8, 0, 0.0], [8, 1, 0.0]]",20,0.1369047619047619,2,True,0.001367025775834918,9,1,0.001367025775834918,9,1
10,9586,memorandum,"February 28, 2012","April 09, 2009",0.595340371131897,2,0.6008318662643433,2,"[[1, 0, 0.6579660177230835], [2, 0, 0.6124417185783386], [5, 0, 0.568767786026001], [7, 0, 0.5653674602508545], [0, 0, 0.5502481460571289], [6, 0, 0.5482609272003174], [3, 0, 0.5202268362045288], [4, 0, 0.4844590127468109], [8, 0, 0.38554155826568604]]",True,1,"[[1, 0, [""i hereby""]]]",0.044685296137985005,3,"[[1, 0, 0.08656126547521609], [2, 0, 0.030778887379534627], [0, 0, 0.0167157355592043]]",0.0,1,"[[6, 0, 0.0], [7, 0, 0.0], [8, 0, 0.0]]",20,0.13655185394315827,3,True,0.04146227240562439,2,1,0.04146227240562439,2,1
10,9451,memorandum,"February 28, 2012","August 30, 2011",0.5719105005264282,11,0.5729117691516876,3,"[[1, 0, 0.622818112373352], [2, 0, 0.5961885452270508], [7, 0, 0.5577335953712463], [6, 0, 0.5480062961578369], [0, 0, 0.5461854934692383], [5, 0, 0.52070152759552], [3, 0, 0.4850141406059265], [4, 0, 0.4499627351760864], [8, 0, 0.3804381489753723]]",True,1,"[[1, 0, [""i hereby""]]]",0.0444835311781342,4,"[[1, 0, 0.08381137922789644], [2, 0, 0.03216868967923434], [0, 0, 0.01747052462727183]]",0.0,1,"[[6, 0, 0.0], [7, 0, 0.0], [8, 0, 0.0]]",20,0.1327639751552795,4,True,0.02262919954955578,3,1,0.02262919954955578,3,1
10,9485,memorandum,"February 28, 2012","October 06, 2010",0.5767475366592407,9,0.5729117691516876,3,"[[1, 0, 0.622818112373352], [2, 0, 0.5961885452270508], [7, 0, 0.5577335953712463], [6, 0, 0.5480062961578369], [0, 0, 0.5461854934692383], [5, 0, 0.52070152759552], [3, 0, 0.4850141406059265], [4, 0, 0.4499627351760864], [8, 0, 0.3804381489753723]]",True,1,"[[1, 0, [""i hereby""]]]",0.0444835311781342,4,"[[1, 0, 0.08381137922789644], [2, 0, 0.03216868967923434], [0, 0, 0.01747052462727183]]",0.0,1,"[[6, 0, 0.0], [7, 0, 0.0], [8, 0, 0.0]]",20,0.1327639751552795,5,True,0.02262919954955578,4,1,0.02262919954955578,4,1
10,9529,memorandum,"February 28, 2012","April 07, 2010",0.5771353244781494,8,0.5729117691516876,3,"[[1, 0, 0.622818112373352], [2, 0, 0.5961885452270508], [7, 0, 0.5577335953712463], [6, 0, 0.5480062961578369], [0, 0, 0.5461854934692383], [5, 0, 0.52070152759552], [3, 0, 0.4850141406059265], [4, 0, 0.4499627351760864], [8, 0, 0.3804381489753723]]",True,1,"[[1, 0, [""i hereby""]]]",0.0444835311781342,4,"[[1, 0, 0.08381137922789644], [2, 0, 0.03216868967923434], [0, 0, 0.01747052462727183]]",0.0,1,"[[6, 0, 0.0], [7, 0, 0.0], [8, 0, 0.0]]",20,0.1327639751552795,6,True,0.02262919954955578,5,1,0.02262919954955578,5,1
10,9569,memorandum,"February 28, 2012","July 08, 2009",0.5782197713851929,7,0.5729117691516876,3,"[[1, 0, 0.622818112373352], [2, 0, 0.5961885452270508], [7, 0, 0.5577335953712463], [6, 0, 0.5480062961578369], [0, 0, 0.5461854934692383], [5, 0, 0.52070152759552], [3, 0, 0.4850141406059265], [4, 0, 0.4499627351760864], [8, 0, 0.3804381489753723]]",True,1,"[[1, 0, [""i hereby""]]]",0.0444835311781342,4,"[[1, 0, 0.08381137922789644], [2, 0, 0.03216868967923434], [0, 0, 0.01747052462727183]]",0.0,1,"[[6, 0, 0.0], [7, 0, 0.0], [8, 0, 0.0]]",20,0.1327639751552795,7,True,0.02262919954955578,6,1,0.02262919954955578,6,1
10,9663,memorandum,"February 28, 2012","February 28, 2008",0.5786870718002319,6,0.5729117691516876,3,"[[1, 0, 0.622818112373352], [2, 0, 0.5961885452270508], [7, 0, 0.5577335953712463], [6, 0, 0.5480062961578369], [0, 0, 0.5461854934692383], [5, 0, 0.52070152759552], [3, 0, 0.4850141406059265], [4, 0, 0.4499627351760864], [8, 0, 0.3804381489753723]]",True,1,"[[1, 0, [""i hereby""]]]",0.0444835311781342,4,"[[1, 0, 0.08381137922789644], [2, 0, 0.03216868967923434], [0, 0, 0.01747052462727183]]",0.0,1,"[[6, 0, 0.0], [7, 0, 0.0], [8, 0, 0.0]]",20,0.1327639751552795,8,True,0.02262919954955578,7,1,0.02262919954955578,7,1
10,9482,memorandum,"February 28, 2012","October 25, 2010",0.5602344274520874,20,0.49028368294239044,5,"[[1, 0, 0.5386367440223694], [7, 0, 0.5043768286705017], [2, 0, 0.47671210765838623], [0, 0, 0.4586721658706665], [5, 0, 0.45510876178741455], [6, 0, 0.454617440700531], [3, 0, 0.408905953168869], [4, 0, 0.3674675226211548], [8, 0, 0.3128780126571655]]",True,1,"[[1, 0, [""i hereby""]]]",0.016647601693331793,5,"[[1, 0, 0.03266822826142748], [0, 0, 0.011475347408637811], [3, 0, 0.005799229409930093]]",0.0,1,"[[6, 0, 0.0], [7, 0, 0.0], [8, 0, 0.0]]",20,0.12761904761904763,9,True,0.0013885233784094453,8,1,0.0013885233784094453,8,1
10,10140,memorandum,"February 28, 2012","October 28, 2000",0.6118144392967224,1,0.46360616385936737,8,"[[1, 1, 0.5583611726760864], [7, 1, 0.500277042388916], [2, 1, 0.47023749351501465], [5, 1, 0.4571453034877777], [0, 1, 0.4449622631072998], [6, 1, 0.4278823435306549], [3, 1, 0.40553978085517883], [4, 1, 0.40482115745544434], [1, 0, 0.39784979820251465], [8, 0, 0.37273478507995605]]",True,1,"[[1, 0, [""i hereby""]], [1, 1, [""i hereby""]]]",0.004615577884708422,7,"[[1, 1, 0.009226672412253677], [5, 1, 0.0029644353994349995], [0, 0, 0.0016556258424365881]]",0.0,1,"[[7, 1, 0.0], [8, 0, 0.0], [8, 1, 0.0]]",20,0.12037037037037036,10,True,5.044728095526807e-05,10,1,5.044728095526807e-05,10,1
11,10677,memorandum,"August 04, 2011","September 13, 1994",0.4617235064506531,1,0.5423663854598999,1,"[[0, 3, 0.5764108896255493], [1, 0, 0.5698564052581787], [0, 1, 0.5467458963394165], [2, 3, 0.504980742931366], [1, 2, 0.499986469745636], [3, 0, 0.4946831464767456]]",True,1,"[[0, 0, [""i hereby""]]]",0.01531857659231823,2,"[[1, 3, 0.025021494984465657], [2, 1, 0.011673116219596043], [2, 0, 0.009261118572892989]]",0.0,1,"[[3, 1, 0.0], [3, 2, 0.0], [3, 3, 0.0]]",20,0.1406926406926407,1,True,9.610241977497935e-05,9,1,9.610241977497935e-05,9,1
11,28,memorandum,"August 04, 2011","June 20, 1951",0.4050561785697937,21,0.49807262420654297,4,"[[1, 0, 0.5819721221923828], [0, 0, 0.49625393748283386], [1, 2, 0.4757483899593353], [3, 0, 0.45399513840675354], [2, 0, 0.4521552622318268], [1, 1, 0.44243282079696655]]",False,2,[],0.009711655984066458,8,"[[3, 0, 0.011695886724952238], [3, 2, 0.011372319659495915], [0, 2, 0.006066761567751222]]",0.0,1,"[[3, 0, 0.0], [3, 1, 0.0], [3, 2, 0.0]]",20,0.125,2,True,5.9907062677666545e-05,10,1,5.9907062677666545e-05,10,1
11,26,memorandum,"August 04, 2011","October 29, 2001",0.40356558561325073,22,0.45922331511974335,15,"[[1, 5, 0.5222468376159668], [1, 6, 0.4768482446670532], [0, 7, 0.4714395999908447], [1, 9, 0.46998387575149536], [3, 10, 0.46786823868751526], [1, 3, 0.45848995447158813], [1, 8, 0.44719892740249634], [2, 5, 0.42968541383743286], [1, 0, 0.42735517024993896], [1, 1, 0.4212365448474884], [1, 2, 0.3909488022327423], [1, 4, 0.34838664531707764]]",False,2,[],0.016196236052785713,1,"[[3, 8, 0.029037061423512985], [3, 0, 0.010961569621171402], [3, 3, 0.008590077113672755]]",0.0,1,"[[3, 8, 0.0], [3, 9, 0.0], [3, 10, 0.0]]",20,0.1238095238095238,3,True,0.00021654403826687485,4,1,0.00021654403826687485,4,1
11,23,memorandum,"August 04, 2011","February 28, 2003",0.4392063021659851,4,0.4595150202512741,14,"[[1, 3, 0.5077130794525146], [1, 13, 0.5020971894264221], [0, 3, 0.48682287335395813], [3, 3, 0.4856072664260864], [1, 2, 0.47919756174087524], [1, 8, 0.47723454236984253], [1, 14, 0.46092483401298523], [1, 6, 0.44970759749412537], [0, 1, 0.44726836681365967], [1, 10, 0.4469791054725647], [2, 3, 0.4424649775028229], [1, 12, 0.4347570538520813], [0, 0, 0.4340594708919525], [1, 5, 0.43348586559295654], [1, 9, 0.4251232445240021], [1, 7, 0.42432859539985657], [3, 17, 0.4217400550842285], [1, 16, 0.40844032168388367], [1, 15, 0.3922252357006073], [1, 11, 0.3886492848396301], [3, 4, 0.3568733334541321]]",False,2,[],0.014702049162516995,3,"[[3, 14, 0.015563806159602112], [3, 13, 0.01493758005220954], [1, 14, 0.01360476127573933]]",0.0,1,"[[3, 15, 0.0], [3, 16, 0.0], [3, 17, 0.0]]",20,0.12050907319449519,4,True,0.000293654651613906,2,1,0.000293654651613906,2,1
11,11570,memorandum,"August 04, 2011","February 13, 1975",0.4171605706214905,14,0.48968617618083954,5,"[[1, 1, 0.5219564437866211], [1, 0, 0.5016615986824036], [0, 1, 0.4858101010322571], [3, 0, 0.43284404277801514], [2, 0, 0.4296429455280304]]",False,2,[],0.0045740149285316825,11,"[[2, 1, 0.008536046100467034], [2, 0, 0.003576851034947593], [0, 0, 0.0016091476501804217]]",0.0,1,"[[2, 1, 0.0], [3, 0, 0.0], [3, 1, 0.0]]",20,0.11987711213517666,5,True,0.00013446628872770816,6,1,0.00013446628872770816,6,1
11,11620,memorandum,"August 04, 2011","September 07, 1971",0.40186142921447754,23,0.5115815997123718,3,"[[1, 1, 0.5318109393119812], [0, 1, 0.5163303017616272], [3, 1, 0.5036880970001221], [2, 1, 0.5014129281044006], [1, 0, 0.48789429664611816]]",False,2,[],0.002347325147401113,15,"[[3, 1, 0.005712029603352245], [0, 1, 0.0013299458388510935], [2, 1, 0.0]]",0.0,1,"[[2, 1, 0.0], [3, 0, 0.0], [3, 1, 0.0]]",20,0.1196687370600414,6,True,0.00026738259475678205,3,1,0.00026738259475678205,3,1
11,9866,memorandum,"August 04, 2011","November 18, 2004",0.4264495372772217,10,0.5123052597045898,2,"[[3, 0, 0.5868706107139587], [1, 0, 0.43084365129470825], [2, 0, 0.39177894592285156], [0, 0, 0.34146642684936523]]",False,2,[],0.0005910896180163896,19,"[[3, 0, 0.0009716625366628825], [2, 0, 0.0008016063173862865], [1, 0, 0.0]]",0.0,1,"[[1, 0, 0.0], [2, 0, 0.0], [3, 0, 0.0]]",20,0.11871461871461872,7,True,0.0001076283588190563,8,1,0.0001076283588190563,8,1
11,20,memorandum,"August 04, 2011","December 17, 2003",0.3884640634059906,25,0.46564339101314545,11,"[[1, 8, 0.5188509225845337], [3, 12, 0.515249490737915], [1, 13, 0.5137286186218262], [2, 10, 0.4934251308441162], [0, 10, 0.4777154326438904], [3, 4, 0.46767038106918335], [1, 9, 0.42513447999954224], [1, 11, 0.4223581850528717], [3, 2, 0.4163464307785034], [3, 0, 0.41161808371543884], [1, 6, 0.3969908356666565], [3, 5, 0.3851073384284973], [0, 1, 0.3662303686141968], [3, 3, 0.35399329662323], [0, 7, 0.3329682946205139]]",False,2,[],0.011104910477194065,6,"[[3, 8, 0.012637506866051966], [2, 2, 0.01147102799702639], [0, 5, 0.00920619656850384]]",0.0,1,"[[3, 11, 0.0], [3, 12, 0.0], [3, 13, 0.0]]",20,0.11833865059671511,8,True,0.0001150173629866913,7,1,0.0001150173629866913,7,1
11,9865,memorandum,"August 04, 2011","November 18, 2004",0.40739691257476807,19,0.43781839311122894,20,"[[2, 1, 0.4687653183937073], [3, 3, 0.4598698318004608], [1, 0, 0.45428717136383057], [0, 1, 0.42871755361557007], [1, 2, 0.4258207678794861], [1, 4, 0.30489102005958557]]",True,1,"[[1, 1, [""i direct""]], [1, 2, [""i direct""]], [1, 3, [""i direct""]], [3, 1, [""i direct""]], [3, 2, [""i direct""]], [3, 3, [""i direct""]]]",0.011923676351954094,4,"[[0, 1, 0.015819940466767452], [3, 1, 0.01403206651690553], [0, 2, 0.0059190220721892966]]",0.0,1,"[[3, 2, 0.0], [3, 3, 0.0], [3, 4, 0.0]]",20,0.11428571428571428,9,True,0.00019949312263634056,5,1,0.00019949312263634056,5,1
11,11474,memorandum,"August 04, 2011","September 14, 1977",0.4335864782333374,6,0.4701143205165863,10,"[[3, 1, 0.5070052146911621], [1, 1, 0.48083367943763733], [0, 1, 0.44346868991851807], [2, 1, 0.44099873304367065], [3, 0, 0.43729889392852783]]",False,2,[],0.004088753387093629,12,"[[2, 0, 0.00768516222358198], [3, 1, 0.00291078765915065], [3, 0, 0.0016703102785482573]]",0.0,1,"[[2, 1, 0.0], [3, 0, 0.0], [3, 1, 0.0]]",20,0.11220238095238094,10,True,0.0032476766500622034,1,1,0.0032476766500622034,1,1
12,9742,memorandum,"January 09, 2009","October 02, 2006",0.5004563331604004,3,0.49471689760684967,1,"[[0, 0, 0.5143201351165771], [1, 0, 0.479759156703949], [0, 1, 0.4704681634902954]]",False,2,[],0.016491612519097344,2,"[[1, 0, 0.022084406132521644], [1, 1, 0.01648201800284804], [0, 0, 0.010908413421922352]]",0.0,1,"[[0, 1, 0.0], [1, 0, 0.0], [1, 1, 0.0]]",20,0.1406926406926407,1,True,0.0020143037545494735,1,2,0.0020143037545494735,1,2
12,9704,memorandum,"January 09, 2009","June 13, 2007",0.520749568939209,1,0.4853885918855667,2,"[[0, 0, 0.5331950187683105], [1, 0, 0.3419693112373352]]",False,2,[],0.009814736656705332,5,"[[0, 0, 0.014328547896336039], [1, 0, 0.0053009254170746254]]",0.0,1,"[[0, 0, 0.0], [1, 0, 0.0]]",20,0.13307359307359307,2,True,0.00021415741503005847,5,2,0.00021415741503005847,5,2
12,11017,memorandum,"January 09, 2009","August 14, 1990",0.4726774990558624,11,0.41915252804756165,4,"[[0, 0, 0.44518935680389404], [1, 0, 0.34104204177856445]]",False,2,[],0.004870640881604412,7,"[[0, 0, 0.008669054989525495], [1, 0, 0.0010722267736833274]]",0.0,1,"[[0, 0, 0.0], [1, 0, 0.0]]",20,0.1263227513227513,3,True,0.000144761706906138,8,2,0.000144761706906138,8,2
12,11137,memorandum,"January 09, 2009","September 23, 1987",0.47199171781539917,12,0.4054976999759674,7,"[[0, 0, 0.43087005615234375], [1, 0, 0.329380601644516]]",False,2,[],0.010762289380450096,4,"[[0, 0, 0.01868316347061276], [1, 0, 0.0028414152902874338]]",0.0,1,"[[0, 0, 0.0], [1, 0, 0.0]]",20,0.1263227513227513,4,True,0.00016893342399271205,6,2,0.00016893342399271205,6,2
12,11014,memorandum,"January 09, 2009","August 17, 1990",0.4623963236808777,16,0.41775090992450714,5,"[[0, 0, 0.4499586820602417], [1, 0, 0.32112759351730347]]",False,2,[],0.005102608470785375,6,"[[0, 0, 0.008437361026411799], [1, 0, 0.0017678559151589515]]",0.0,1,"[[0, 0, 0.0], [1, 0, 0.0]]",20,0.1260805860805861,5,True,0.00015178263856796548,7,2,0.00015178263856796548,7,2
12,20,memorandum,"January 09, 2009","December 17, 2003",0.4864482879638672,5,0.36042405664920807,17,"[[1, 0, 0.39458590745925903], [0, 13, 0.38501840829849243], [0, 4, 0.3802066445350647], [0, 5, 0.3617543876171112], [0, 6, 0.34664666652679443], [1, 2, 0.33456701040267944], [0, 12, 0.3262102007865906], [0, 1, 0.32333189249038696], [1, 10, 0.31077927350997925], [1, 11, 0.31063348054885864], [0, 9, 0.3010540008544922], [0, 8, 0.30088478326797485], [1, 3, 0.29606932401657104], [0, 7, 0.2629019618034363]]",True,1,"[[1, 3, [""work closely with""]]]",0.01896243109591396,1,"[[0, 0, 0.019511045230808217], [0, 8, 0.01944794188509874], [0, 4, 0.017928306171834916]]",0.0,1,"[[1, 11, 0.0], [1, 12, 0.0], [1, 13, 0.0]]",20,0.12226512226512226,6,True,0.0005340770585462451,3,2,0.0005340770585462451,3,2
12,11363,memorandum,"January 09, 2009","August 02, 1979",0.4823642373085022,7,0.3975500911474228,8,"[[1, 3, 0.453756719827652], [1, 5, 0.4474424123764038], [0, 5, 0.38355326652526855], [1, 2, 0.3768041729927063], [0, 1, 0.3698311448097229], [1, 4, 0.36860668659210205], [0, 0, 0.33994024991989136], [1, 6, 0.27873495221138]]",False,2,[],0.0046750532957506,8,"[[1, 2, 0.0059255026989332125], [1, 4, 0.005111324141561138], [0, 4, 0.00298833304675745]]",0.0,1,"[[1, 4, 0.0], [1, 5, 0.0], [1, 6, 0.0]]",20,0.11904761904761904,7,True,0.0006560961774084717,2,2,0.0006560961774084717,2,2
12,10174,memorandum,"January 09, 2009","June 12, 2000",0.47025707364082336,13,0.44097501039505005,3,"[[1, 2, 0.4741863012313843], [0, 2, 0.45570045709609985], [1, 0, 0.4209785461425781], [0, 1, 0.3558550477027893]]",False,2,[],0.0019330176077550316,16,"[[0, 0, 0.0028703517578614725], [0, 2, 0.001532478594151909], [1, 2, 0.001396222471251713]]",0.0,1,"[[1, 0, 0.0], [1, 1, 0.0], [1, 2, 0.0]]",20,0.11887508626639061,8,True,9.850024434854276e-05,9,2,9.850024434854276e-05,9,2
12,10692,memorandum,"January 09, 2009","July 19, 1994",0.45086854696273804,21,0.40821655094623566,6,"[[0, 0, 0.43365466594696045], [1, 0, 0.3319022059440613]]",False,2,[],0.002420758306184344,14,"[[0, 0, 0.004322663186094327], [1, 0, 0.0005188534262743614]]",0.0,1,"[[0, 0, 0.0], [1, 0, 0.0]]",20,0.11549235078646844,9,True,6.838237641204614e-05,10,2,6.838237641204614e-05,10,2
12,15,memorandum,"January 09, 2009","May 04, 2007",0.4931532144546509,4,0.33267220854759216,21,"[[0, 3, 0.38201361894607544], [0, 1, 0.353132039308548], [0, 6, 0.34227317571640015], [0, 10, 0.334723562002182], [1, 6, 0.3250024914741516], [0, 0, 0.31249263882637024], [0, 8, 0.3005538582801819], [0, 2, 0.295144647359848], [0, 4, 0.29446882009506226], [0, 7, 0.28188905119895935], [0, 5, 0.2789159119129181], [0, 9, 0.2545926570892334]]",True,1,"[[0, 8, [""shall be implemented""]]]",0.01122998664380178,3,"[[0, 9, 0.01140244741152994], [0, 7, 0.011150247108438049], [0, 6, 0.011137265411437352]]",0.0,1,"[[1, 8, 0.0], [1, 9, 0.0], [1, 10, 0.0]]",20,0.11548755239105185,10,True,0.0003644241369329393,4,2,0.0003644241369329393,4,2
13,9825,memorandum,"June 05, 2008","June 28, 2005",0.41904905438423157,16,0.6054146587848663,1,"[[3, 1, 0.7937068939208984], [3, 2, 0.7440068125724792], [4, 1, 0.6620604991912842], [2, 1, 0.5311922430992126], [2, 0, 0.508110761642456], [4, 3, 0.4824902415275574], [0, 0, 0.46146631240844727], [1, 1, 0.44532719254493713]]",False,2,[],0.10807021123209191,4,"[[3, 1, 0.16575260862027164], [2, 1, 0.09610391077329973], [0, 1, 0.06235411430270438]]",17.0,1,"[[2, 1, 20.0], [3, 1, 20.0], [0, 1, 11.0]]",20,0.1369047619047619,1,True,0.0028671587351709604,7,1,0.0028671587351709604,7,1
13,24,memorandum,"June 05, 2008","March 11, 2002",0.39829063415527344,24,0.5291929841041565,5,"[[3, 7, 0.6452269554138184], [3, 6, 0.5922724008560181], [3, 2, 0.5595011115074158], [4, 4, 0.537712812423706], [1, 4, 0.4996088743209839], [2, 7, 0.49841833114624023], [0, 3, 0.49294328689575195], [2, 0, 0.478127121925354], [2, 1, 0.4478466510772705], [2, 5, 0.4352010190486908]]",True,1,"[[3, 2, [""shall submit""]]]",0.13141198164730555,1,"[[3, 7, 0.1683439487501774], [3, 6, 0.1215698013324096], [3, 2, 0.10432219485932966]]",3.3333333333333335,8,"[[3, 2, 10.0], [4, 5, 0.0], [4, 7, 0.0]]",20,0.12333333333333332,2,True,0.0005549408961087465,10,1,0.0005549408961087465,10,1
13,9786,memorandum,"June 05, 2008","December 16, 2005",0.5858768224716187,3,0.5258655846118927,6,"[[1, 10, 0.5818029642105103], [3, 7, 0.578562319278717], [2, 7, 0.5548526048660278], [0, 11, 0.5526255369186401], [0, 3, 0.5505420565605164], [2, 8, 0.5451024770736694], [0, 5, 0.5390239357948303], [1, 9, 0.5364506244659424], [3, 13, 0.5272018909454346], [0, 1, 0.5249227285385132], [0, 12, 0.5179677605628967], [4, 13, 0.5064591765403748], [3, 6, 0.49803394079208374], [0, 4, 0.47763925790786743], [1, 0, 0.46602052450180054], [3, 15, 0.4153817892074585], [1, 14, 0.3925572335720062], [2, 2, 0.24609524011611938]]",True,1,"[[3, 7, [""shall submit""]], [3, 8, [""shall submit""]], [4, 6, [""shall provide""]]]",0.1071145443045527,5,"[[1, 10, 0.12329467558485187], [3, 7, 0.1207873740448613], [0, 10, 0.07726158328394492]]",15.0,3,"[[1, 10, 20.0], [0, 5, 13.0], [2, 7, 12.0]]",20,0.12193979933110369,3,True,0.004365325439721346,6,1,0.004365325439721346,6,1
13,18,memorandum,"June 05, 2008","August 27, 2004",0.6638199090957642,2,0.5736813843250275,3,"[[2, 0, 0.6530402898788452], [0, 0, 0.5181092619895935], [3, 0, 0.49141791462898254], [1, 0, 0.4698222279548645], [4, 0, 0.3392225503921509]]",True,1,"[[3, 0, [""shall submit""]]]",0.09559489495138389,6,"[[3, 0, 0.1811769902097941], [2, 0, 0.05565470952636365], [4, 0, 0.04995298511799387]]",0.0,9,"[[2, 0, 0.0], [3, 0, 0.0], [4, 0, 0.0]]",20,0.11642255795179333,4,True,0.02178117260336876,3,1,0.02161533385515213,3,1
13,22,memorandum,"June 05, 2008","September 16, 2003",0.6700388193130493,1,0.594514787197113,2,"[[3, 7, 0.758995771408081], [4, 7, 0.6784430146217346], [1, 6, 0.5985389351844788], [3, 4, 0.583462119102478], [1, 2, 0.5645622611045837], [0, 2, 0.5525593757629395], [2, 0, 0.5437657237052917], [2, 1, 0.5408151149749756], [0, 5, 0.5051150321960449], [0, 3, 0.40529727935791016]]",False,2,[],0.07981523206607474,8,"[[3, 7, 0.09946925431193049], [4, 4, 0.07202844420073642], [2, 7, 0.06794799768555732]]",0.0,9,"[[4, 5, 0.0], [4, 6, 0.0], [4, 7, 0.0]]",20,0.11565158978952082,5,True,0.9086179733276367,1,1,0.9086179733276367,1,1
13,23,memorandum,"June 05, 2008","February 28, 2003",0.480318546295166,8,0.5017703622579575,11,"[[4, 2, 0.5595827102661133], [1, 3, 0.5484486818313599], [3, 13, 0.5451722741127014], [2, 14, 0.5225446224212646], [3, 10, 0.5156083106994629], [3, 5, 0.5047922134399414], [3, 17, 0.5024912357330322], [2, 15, 0.49934154748916626], [0, 3, 0.4898639917373657], [2, 12, 0.48191115260124207], [1, 4, 0.4641767740249634], [1, 1, 0.4602891802787781], [2, 8, 0.45045292377471924], [3, 16, 0.4419599175453186], [3, 7, 0.4356039762496948], [0, 6, 0.4229363799095154], [4, 9, 0.387117475271225], [1, 0, 0.36410772800445557], [3, 11, 0.36099186539649963]]",True,1,"[[1, 1, [""shall coordinate""]], [2, 1, [""shall coordinate""]], [4, 5, [""shall provide""]], [4, 9, [""shall provide""]]]",0.11161465967320634,3,"[[3, 3, 0.17214581470054388], [3, 4, 0.08334963535067794], [2, 3, 0.07934852896839725]]",7.333333333333333,6,"[[0, 8, 11.0], [2, 8, 11.0], [4, 15, 0.0]]",20,0.11419786384723271,6,True,0.04672496020793915,2,1,0.048136770725250244,2,1
13,20,memorandum,"June 05, 2008","December 17, 2003",0.5062991380691528,6,0.48966868221759796,13,"[[3, 12, 0.6114156246185303], [3, 13, 0.6109284162521362], [3, 8, 0.5061256289482117], [2, 13, 0.5034607648849487], [4, 12, 0.5010894536972046], [1, 8, 0.49749529361724854], [0, 5, 0.49156448245048523], [0, 4, 0.46350282430648804], [3, 6, 0.45604419708251953], [3, 9, 0.44289010763168335], [0, 0, 0.4424758553504944], [2, 11, 0.4287724494934082], [2, 10, 0.4265548586845398], [1, 1, 0.41654282808303833], [0, 2, 0.3890875577926636], [2, 7, 0.375535249710083], [0, 3, 0.3552113175392151]]",True,1,"[[1, 1, [""shall coordinate""]], [1, 2, [""shall coordinate""]], [2, 1, [""shall coordinate""]], [2, 2, [""shall coordinate""]], [3, 13, [""shall submit""]], [4, 9, [""shall provide""]]]",0.13126833024504625,2,"[[3, 13, 0.1837170089520726], [3, 12, 0.13111714296895885], [2, 13, 0.07897083881410727]]",6.666666666666667,7,"[[0, 6, 10.0], [2, 6, 10.0], [4, 11, 0.0]]",20,0.1127946127946128,7,True,0.0012448433553799987,8,1,0.0012448433553799987,8,1
13,25,memorandum,"June 05, 2008","October 29, 2001",0.43291211128234863,12,0.5326671302318573,4,"[[1, 12, 0.6247634887695312], [3, 19, 0.6096954941749573], [3, 20, 0.590889573097229], [1, 13, 0.5799338817596436], [1, 2, 0.5701824426651001], [2, 18, 0.5653941631317139], [1, 14, 0.5569180250167847], [2, 15, 0.5565747618675232], [3, 10, 0.5507714748382568], [3, 17, 0.5439860820770264], [3, 1, 0.532228410243988], [2, 0, 0.5212409496307373], [1, 6, 0.520812451839447], [1, 16, 0.5180172920227051], [0, 12, 0.5026057362556458], [4, 1, 0.4812098741531372], [2, 7, 0.4572562575340271], [2, 4, 0.45480096340179443], [1, 3, 0.44319838285446167], [1, 5, 0.3948373794555664], [1, 11, 0.3877527713775635], [1, 8, 0.35454845428466797], [2, 9, 0.34680867195129395]]",True,1,"[[3, 14, [""shall submit""]], [3, 16, [""shall submit""]], [4, 3, [""shall provide""]], [4, 8, [""shall provide""]]]",0.07347068844648681,12,"[[3, 18, 0.12328870216975976], [2, 6, 0.054314214341018435], [3, 1, 0.04280914882868226]]",6.666666666666667,7,"[[0, 6, 10.0], [2, 6, 10.0], [4, 18, 0.0]]",20,0.10995370370370369,8,True,0.004829722456634045,5,1,0.004829722456634045,5,1
13,9865,memorandum,"June 05, 2008","November 18, 2004",0.46575552225112915,9,0.4858122617006302,14,"[[3, 3, 0.543056845664978], [3, 2, 0.526806652545929], [4, 2, 0.49154776334762573], [0, 2, 0.4789429306983948], [2, 1, 0.47865012288093567], [2, 0, 0.46123558282852173], [1, 2, 0.4604770541191101], [1, 4, 0.39569857716560364]]",False,2,[],0.07821193316589344,9,"[[3, 3, 0.10667961260454656], [3, 2, 0.06734952262346369], [2, 3, 0.060606664269670055]]",16.333333333333332,2,"[[2, 1, 19.0], [3, 1, 19.0], [0, 1, 11.0]]",20,0.10934906878111747,9,True,0.007755536586046219,4,1,0.007755536586046219,4,1
13,15,memorandum,"June 05, 2008","May 04, 2007",0.416694700717926,17,0.4682249575853348,16,"[[3, 3, 0.5496320724487305], [4, 9, 0.527053952217102], [2, 3, 0.4926583766937256], [3, 6, 0.4829920530319214], [3, 8, 0.48011159896850586], [0, 3, 0.4630761444568634], [1, 3, 0.43701156973838806], [3, 7, 0.4369741678237915], [3, 1, 0.43115049600601196], [3, 0, 0.42246049642562866], [0, 10, 0.41984254121780396], [0, 4, 0.3984173536300659], [4, 2, 0.37599003314971924], [3, 5, 0.3435736298561096]]",True,1,"[[1, 1, [""shall coordinate""]], [1, 5, [""shall coordinate""]], [2, 1, [""shall coordinate""]], [2, 5, [""shall coordinate""]], [4, 7, [""shall provide""]]]",0.07488981955972923,11,"[[3, 0, 0.11136274819852987], [3, 1, 0.05885130090016997], [3, 3, 0.054455409580487876]]",14.0,4,"[[2, 6, 20.0], [0, 1, 12.0], [3, 0, 10.0]]",20,0.10170250896057348,10,True,0.0007041516364552081,9,1,0.0007041516364552081,9,1
15,26,memorandum,"May 04, 2007","October 29, 2001",0.47873246669769287,11,0.5091037005186081,6,"[[1, 7, 0.6480779051780701], [1, 6, 0.6124007105827332], [1, 10, 0.5741896629333496], [1, 5, 0.5682873129844666], [1, 0, 0.5404723286628723], [1, 1, 0.5313539505004883], [0, 5, 0.5233395099639893], [9, 10, 0.5207958817481995], [4, 7, 0.517463207244873], [7, 5, 0.5161277055740356], [1, 8, 0.5116088390350342], [1, 3, 0.4967290759086609], [3, 5, 0.4853247404098511], [6, 5, 0.4771961271762848], [9, 2, 0.4723075032234192], [7, 9, 0.4715259075164795], [2, 9, 0.4340088963508606], [8, 8, 0.4252823293209076], [5, 7, 0.4186864197254181], [10, 9, 0.4123120903968811], [1, 4, 0.39471301436424255]]",True,1,"[[1, 6, [""shall coordinate""]], [1, 7, [""shall coordinate""]], [3, 3, [""shall perform""]], [4, 0, [""shall ensure""]], [4, 2, [""shall ensure""]], [4, 5, [""shall ensure""]], [5, 6, [""shall coordinate""]], [5, 7, [""shall coordinate""]], [7, 8, [""shall provide""]], [9, 0, [""shall ensure""]], [9, 2, [""shall ensure""]], [9, 5, [""shall ensure""]]]",0.10157612014190019,1,"[[0, 1, 0.11990440950302858], [1, 7, 0.09996276880957014], [6, 0, 0.08486118211310184]]",6.666666666666667,2,"[[6, 3, 20.0], [10, 8, 0.0], [10, 9, 0.0]]",20,0.13153513153513152,1,True,0.012527933344244957,2,1,0.012527933344244957,2,1
15,20,memorandum,"May 04, 2007","December 17, 2003",0.6306676268577576,1,0.5259351134300232,2,"[[10, 13, 0.6321926116943359], [6, 12, 0.5871679782867432], [3, 0, 0.5652257204055786], [7, 11, 0.5494863986968994], [0, 13, 0.5419797897338867], [4, 0, 0.5418529510498047], [4, 4, 0.5382663011550903], [9, 8, 0.5365175008773804], [7, 1, 0.5326657295227051], [1, 13, 0.5321579575538635], [8, 13, 0.517539918422699], [4, 2, 0.49840518832206726], [5, 0, 0.49719470739364624], [3, 6, 0.49267578125], [2, 3, 0.4797818064689636], [6, 10, 0.4600406587123871], [6, 5, 0.4345317482948303], [0, 9, 0.4171205759048462], [2, 7, 0.3898000419139862]]",True,1,"[[1, 1, [""shall coordinate""]], [1, 2, [""shall coordinate""]], [5, 1, [""shall coordinate""]], [5, 2, [""shall coordinate""]], [6, 12, [""shall report""]], [7, 9, [""shall provide""]]]",0.08233174173807432,3,"[[0, 13, 0.11760446780605925], [0, 12, 0.06798687668683093], [1, 13, 0.06140388072133279]]",0.0,5,"[[10, 11, 0.0], [10, 12, 0.0], [10, 13, 0.0]]",20,0.12893280632411067,2,True,0.0030994152184575796,3,1,0.0030994152184575796,3,1
15,23,memorandum,"May 04, 2007","February 28, 2003",0.6088414192199707,2,0.5113394856452942,5,"[[1, 3, 0.5758836269378662], [4, 2, 0.5575235486030579], [0, 3, 0.5518526434898376], [4, 1, 0.5509800314903259], [9, 9, 0.5402624011039734], [5, 1, 0.5384244918823242], [7, 1, 0.535897433757782], [2, 9, 0.5345966219902039], [3, 8, 0.534331738948822], [3, 10, 0.5302610993385315], [0, 14, 0.52365642786026], [7, 5, 0.5012681484222412], [6, 3, 0.4987592101097107], [3, 7, 0.4949646294116974], [3, 6, 0.4949503540992737], [10, 17, 0.4775562584400177], [10, 16, 0.47650063037872314], [10, 13, 0.4741573929786682], [7, 0, 0.4685627222061157], [0, 15, 0.4667128622531891], [9, 11, 0.46596598625183105], [3, 12, 0.43823617696762085], [8, 2, 0.4175400137901306], [7, 4, 0.4066920876502991]]",True,1,"[[1, 1, [""shall coordinate""]], [4, 4, [""shall ensure""]], [5, 1, [""shall coordinate""]], [7, 5, [""shall provide""]], [7, 9, [""shall provide""]], [9, 4, [""shall ensure""]]]",0.09117744505182145,2,"[[0, 3, 0.1303806755244335], [0, 4, 0.07279005950830157], [0, 10, 0.07036160012272924]]",0.0,5,"[[10, 15, 0.0], [10, 16, 0.0], [10, 17, 0.0]]",20,0.12545454545454546,3,True,0.01784873753786087,1,1,0.01784873753786087,1,1
15,9786,memorandum,"May 04, 2007","December 16, 2005",0.5328418016433716,4,0.4629669785499573,17,"[[8, 15, 0.5354893803596497], [1, 1, 0.5253050327301025], [9, 15, 0.5077568292617798], [6, 3, 0.5041517019271851], [9, 9, 0.500575840473175], [3, 9, 0.499815970659256], [1, 0, 0.4866611659526825], [9, 13, 0.48381686210632324], [3, 7, 0.47435662150382996], [10, 0, 0.47299259901046753], [7, 9, 0.4718893766403198], [0, 0, 0.4644995331764221], [4, 15, 0.4592743515968323], [8, 8, 0.4479891061782837], [2, 3, 0.4457092881202698], [10, 12, 0.4272959530353546], [6, 11, 0.4244641065597534], [3, 5, 0.42174291610717773], [10, 10, 0.4037819504737854], [6, 6, 0.4028240740299225], [5, 1, 0.39947864413261414], [10, 4, 0.38863280415534973], [8, 14, 0.37915438413619995], [6, 2, 0.3194468915462494]]",True,1,"[[4, 9, [""shall ensure""]], [4, 11, [""shall ensure""]], [7, 6, [""shall provide""]], [8, 14, [""shall be implemented""]], [8, 15, [""shall be implemented""]], [9, 9, [""shall ensure""]], [9, 11, [""shall ensure""]]]",0.069103469894668,4,"[[0, 3, 0.0764526008646701], [8, 14, 0.07167943364388843], [6, 13, 0.059178375175445455]]",7.333333333333333,1,"[[0, 3, 12.0], [1, 3, 10.0], [10, 15, 0.0]]",20,0.1163127413127413,4,True,0.0014214043039828539,5,1,0.0014214043039828539,5,1
15,11704,memorandum,"May 04, 2007","September 02, 1966",0.45605021715164185,25,0.5295481532812119,1,"[[4, 0, 0.6121928095817566], [3, 0, 0.4864380955696106], [9, 0, 0.47691819071769714], [7, 0, 0.4653586149215698], [6, 0, 0.45764437317848206], [2, 0, 0.43180590867996216], [1, 0, 0.43128275871276855], [0, 0, 0.42375171184539795], [5, 0, 0.4123377799987793], [8, 0, 0.4019015431404114], [10, 0, 0.3163067698478699]]",False,2,[],0.007757426089799218,16,"[[6, 0, 0.01266390024612484], [9, 0, 0.005480685954998867], [3, 0, 0.005127692068273949]]",0.0,5,"[[8, 0, 0.0], [9, 0, 0.0], [10, 0, 0.0]]",20,0.11539682539682539,5,True,0.00041731575038284063,8,1,0.00041731575038284063,8,1
15,9862,memorandum,"May 04, 2007","November 29, 2004",0.47778981924057007,12,0.4745576083660126,14,"[[8, 12, 0.5380711555480957], [7, 6, 0.5375809073448181], [4, 12, 0.5360523462295532], [6, 10, 0.5186679363250732], [3, 6, 0.5155969858169556], [3, 7, 0.5109395980834961], [9, 1, 0.48635900020599365], [3, 8, 0.4830823540687561], [2, 12, 0.4751453995704651], [10, 12, 0.4638849198818207], [3, 4, 0.45310771465301514], [3, 2, 0.44194525480270386], [3, 3, 0.44115930795669556], [5, 6, 0.4317746162414551], [6, 9, 0.4298097789287567], [6, 11, 0.4185284376144409], [0, 10, 0.40946081280708313], [1, 6, 0.40650177001953125], [3, 0, 0.39812082052230835], [2, 5, 0.39492157101631165]]",True,1,"[[7, 2, [""shall provide""]], [7, 4, [""shall provide""]], [7, 5, [""shall provide""]], [7, 9, [""shall provide""]], [7, 10, [""shall provide""]], [8, 12, [""shall be implemented""]]]",0.06429015488802653,5,"[[8, 12, 0.06819702865787533], [1, 10, 0.06636616131718111], [6, 6, 0.05830727468902314]]",4.0,3,"[[1, 10, 12.0], [10, 11, 0.0], [10, 12, 0.0]]",20,0.11289002557544757,6,True,0.0005747861578129232,7,1,0.0005747861578129232,7,1
15,21,memorandum,"May 04, 2007","December 17, 2003",0.5711158514022827,3,0.5077470541000366,7,"[[7, 8, 0.5804324150085449], [4, 3, 0.561766505241394], [4, 1, 0.5555825233459473], [9, 1, 0.5496073365211487], [7, 5, 0.542070746421814], [3, 8, 0.5387914180755615], [7, 6, 0.5087454915046692], [7, 7, 0.5071985125541687], [6, 3, 0.5054115653038025], [5, 8, 0.5024704933166504], [7, 4, 0.5012030005455017], [0, 3, 0.5001590847969055], [6, 9, 0.49242696166038513], [2, 3, 0.48634204268455505], [1, 3, 0.4845007061958313], [4, 2, 0.4500899314880371], [3, 0, 0.4405416250228882], [10, 6, 0.4201042652130127], [8, 8, 0.3867853283882141]]",True,1,"[[1, 1, [""shall coordinate""]], [1, 3, [""shall coordinate""]], [5, 1, [""shall coordinate""]], [5, 3, [""shall coordinate""]], [7, 9, [""shall provide""]]]",0.03358187883016232,8,"[[0, 9, 0.046075698178032864], [3, 0, 0.02779416109412013], [6, 4, 0.02687577721833398]]",0.0,5,"[[10, 7, 0.0], [10, 8, 0.0], [10, 9, 0.0]]",20,0.11275132275132274,7,True,0.0017546142917126417,4,1,0.0017546142917126417,4,1
15,11040,memorandum,"May 04, 2007","February 16, 1990",0.4615216553211212,20,0.5216998308897018,3,"[[9, 0, 0.5592024326324463], [8, 0, 0.5591514706611633], [4, 0, 0.5274497270584106], [3, 0, 0.5165868997573853], [2, 0, 0.5078012943267822], [0, 0, 0.47224515676498413], [1, 0, 0.4704403579235077], [7, 0, 0.45094189047813416], [10, 0, 0.447719007730484], [6, 0, 0.44707924127578735], [5, 0, 0.36755216121673584]]",False,2,[],0.007738728041093868,17,"[[6, 0, 0.017450858621110524], [8, 0, 0.005765325502171081], [10, 0, 0.0]]",0.0,5,"[[8, 0, 0.0], [9, 0, 0.0], [10, 0, 0.0]]",20,0.11050528789659225,8,True,0.00024826108710840344,10,1,0.00024923254386521876,10,1
15,11422,memorandum,"May 04, 2007","October 31, 1978",0.46202656626701355,19,0.495133712887764,8,"[[4, 0, 0.5428256392478943], [1, 0, 0.5022123456001282], [6, 0, 0.5007070899009705], [3, 0, 0.488867849111557], [9, 0, 0.47605493664741516], [7, 0, 0.4704754054546356], [8, 0, 0.41883397102355957], [2, 0, 0.3980972468852997], [0, 0, 0.3939201831817627], [10, 0, 0.36931443214416504], [5, 0, 0.36055082082748413]]",False,2,[],0.01239576420115141,12,"[[6, 0, 0.03351773172557869], [7, 0, 0.00366956087787554], [10, 0, 0.0]]",3.3333333333333335,4,"[[6, 0, 10.0], [9, 0, 0.0], [10, 0, 0.0]]",20,0.10863095238095238,9,True,0.0006337125669233501,6,1,0.0006337125669233501,6,1
15,11662,memorandum,"May 04, 2007","November 08, 1968",0.4691656827926636,16,0.5135266333818436,4,"[[4, 1, 0.6321491599082947], [8, 1, 0.5082070827484131], [2, 1, 0.5060310959815979], [9, 1, 0.4997759461402893], [6, 1, 0.4776473939418793], [3, 1, 0.47462496161460876], [1, 1, 0.4656255543231964], [7, 1, 0.460796058177948], [4, 0, 0.4565938115119934], [0, 1, 0.44269755482673645], [10, 0, 0.4358108639717102], [5, 1, 0.4061339497566223]]",False,2,[],0.007141967979112213,18,"[[6, 1, 0.010586247460068707], [9, 1, 0.005600173078452055], [3, 1, 0.005239483398815877]]",0.0,5,"[[9, 1, 0.0], [10, 0, 0.0], [10, 1, 0.0]]",20,0.10798245614035087,10,True,0.00030774305923841894,9,1,0.00030774305923841894,9,1
16,24,memorandum,"January 31, 2007","March 11, 2002",0.44642093777656555,7,0.5316325426101685,1,"[[13, 2, 0.6504722237586975], [13, 7, 0.6038196086883545], [13, 0, 0.5704378485679626], [1, 6, 0.5529537200927734], [11, 1, 0.5515910983085632], [8, 1, 0.5355952978134155], [13, 5, 0.5257591009140015], [3, 1, 0.5244750380516052], [13, 3, 0.5241361260414124], [7, 6, 0.5204700231552124], [2, 1, 0.5151849985122681], [12, 5, 0.5126915574073792], [0, 1, 0.5093856453895569], [5, 4, 0.48886391520500183], [14, 1, 0.4876153767108917], [6, 1, 0.476558119058609], [15, 7, 0.4755581021308899], [10, 1, 0.4599631428718567], [4, 1, 0.42099428176879883], [9, 1, 0.3938013017177582]]",True,1,"[[1, 4, [""shall establish""]], [2, 4, [""shall establish""]], [3, 3, [""shall ensure""]], [3, 5, [""shall ensure""]], [5, 3, [""shall ensure""]], [5, 5, [""shall ensure""]], [9, 3, [""shall ensure""]], [9, 5, [""shall ensure""]], [10, 3, [""shall ensure""]], [10, 5, [""shall ensure""]], [11, 3, [""shall ensure""]], [11, 5, [""shall ensure""]], [14, 3, [""shall ensure""]], [14, 5, [""shall ensure""]]]",0.05580800325135624,3,"[[13, 2, 0.0657893369220562], [13, 6, 0.05180860522908531], [13, 7, 0.049826067602927245]]",4.333333333333333,2,"[[13, 2, 13.0], [15, 5, 0.0], [15, 7, 0.0]]",20,0.13655185394315827,1,True,0.0001816438016248867,5,1,0.0001816438016248867,5,1
16,20,memorandum,"January 31, 2007","December 17, 2003",0.5288556218147278,2,0.5214575827121735,3,"[[13, 13, 0.617483377456665], [13, 12, 0.6078570485115051], [15, 8, 0.5631975531578064], [1, 8, 0.5552701354026794], [3, 8, 0.5471457839012146], [14, 10, 0.5431745052337646], [8, 8, 0.5423828959465027], [8, 0, 0.541053056716919], [12, 8, 0.5234925150871277], [6, 8, 0.5216019749641418], [7, 8, 0.5212714076042175], [14, 3, 0.5194503664970398], [2, 13, 0.516664981842041], [15, 5, 0.5136400461196899], [15, 4, 0.5133371353149414], [4, 8, 0.5091570019721985], [14, 1, 0.5068685412406921], [5, 0, 0.5038594007492065], [9, 8, 0.5004663467407227], [2, 6, 0.4916672110557556], [2, 11, 0.4908079504966736], [14, 2, 0.4880337417125702], [11, 8, 0.4824730157852173], [12, 9, 0.48070669174194336], [0, 10, 0.4653078019618988], [10, 8, 0.44024255871772766], [14, 7, 0.41449278593063354]]",True,1,"[[1, 5, [""shall establish""]], [2, 5, [""shall establish""]], [6, 8, [""shall develop""]], [6, 11, [""shall develop""]], [7, 9, [""shall provide""]], [12, 8, [""shall develop""]], [12, 11, [""shall develop""]], [15, 8, [""shall develop""]], [15, 11, [""shall develop""]]]",0.05912623735704531,2,"[[13, 13, 0.07156586249093494], [1, 8, 0.06127750443296981], [13, 12, 0.04453534514723118]]",0.0,5,"[[15, 11, 0.0], [15, 12, 0.0], [15, 13, 0.0]]",20,0.12893280632411067,2,True,0.00016410437820013613,6,1,0.00016410437820013613,6,1
16,23,memorandum,"January 31, 2007","February 28, 2003",0.47187501192092896,4,0.49567562341690063,7,"[[13, 17, 0.5911656022071838], [13, 16, 0.5683124661445618], [5, 2, 0.5648277997970581], [13, 5, 0.5577384829521179], [9, 2, 0.5514538288116455], [5, 3, 0.5296810269355774], [13, 14, 0.5258147716522217], [15, 1, 0.5235481262207031], [13, 15, 0.5169134736061096], [8, 1, 0.5109494924545288], [13, 13, 0.507176399230957], [13, 10, 0.5039206147193909], [3, 2, 0.5036800503730774], [12, 7, 0.4998350739479065], [8, 6, 0.49640336632728577], [8, 9, 0.4891289174556732], [1, 2, 0.4869977831840515], [14, 2, 0.4859681725502014], [2, 8, 0.47575902938842773], [13, 4, 0.45973050594329834], [8, 12, 0.4550561308860779], [7, 17, 0.4500584900379181], [8, 0, 0.44309115409851074], [11, 9, 0.4413120448589325], [6, 2, 0.44086337089538574], [8, 11, 0.42832043766975403], [0, 8, 0.4256519079208374], [10, 9, 0.40616193413734436], [4, 2, 0.38212206959724426]]",True,1,"[[1, 0, [""shall establish""]], [1, 2, [""shall establish""]], [1, 3, [""shall establish""]], [2, 0, [""shall establish""]], [2, 2, [""shall establish""]], [2, 3, [""shall establish""]], [3, 4, [""shall ensure""]], [5, 4, [""shall ensure""]], [6, 6, [""shall develop""]], [6, 7, [""shall develop""]], [6, 12, [""shall develop""]], [7, 5, [""shall provide""]], [7, 9, [""shall provide""]], [9, 4, [""shall ensure""]], [10, 4, [""shall ensure""]], [11, 4, [""shall ensure""]], [12, 6, [""shall develop""]], [12, 7, [""shall develop""]], [12, 12, [""shall develop""]], [14, 4, [""shall ensure""]], [15, 6, [""shall develop""]], [15, 7, [""shall develop""]], [15, 12, [""shall develop""]]]",0.06337390947411821,1,"[[13, 3, 0.07996331217206933], [6, 7, 0.055357779607220846], [13, 4, 0.05480063664306444]]",0.0,5,"[[2, 1, 0.0], [2, 2, 0.0], [2, 3, 0.0]]",20,0.12465608465608466,3,True,0.0001837845629779622,4,1,0.0001837845629779622,4,1
16,19,memorandum,"January 31, 2007","January 30, 2004",0.5375708937644958,1,0.5273004472255707,2,"[[12, 2, 0.6085955500602722], [14, 5, 0.6081457138061523], [11, 5, 0.5986361503601074], [13, 2, 0.5912181735038757], [8, 5, 0.572160542011261], [0, 5, 0.5507282018661499], [3, 5, 0.5461737513542175], [15, 5, 0.5445042848587036], [14, 3, 0.5285419225692749], [6, 5, 0.5244612693786621], [12, 1, 0.5238964557647705], [1, 2, 0.5229282379150391], [2, 2, 0.5191420316696167], [12, 7, 0.5018703937530518], [10, 5, 0.4943574070930481], [9, 5, 0.49406400322914124], [7, 2, 0.4893510043621063], [14, 0, 0.4883088171482086], [5, 0, 0.4819929003715515], [14, 6, 0.47971245646476746], [14, 8, 0.4749300181865692], [4, 5, 0.459617018699646], [15, 4, 0.4364885985851288]]",True,1,"[[1, 5, [""shall establish""]], [1, 7, [""shall establish""]], [2, 5, [""shall establish""]], [2, 7, [""shall establish""]], [6, 1, [""shall develop""]], [6, 4, [""shall develop""]], [12, 1, [""shall develop""]], [12, 4, [""shall develop""]], [15, 1, [""shall develop""]], [15, 4, [""shall develop""]]]",0.04329330132085113,7,"[[14, 5, 0.04665232856281791], [14, 4, 0.04348997673371369], [15, 4, 0.039737598666021785]]",0.0,5,"[[15, 6, 0.0], [15, 7, 0.0], [15, 8, 0.0]]",20,0.12249158249158248,4,True,0.00036400865064933896,2,1,0.00036400865064933896,2,1
16,9862,memorandum,"January 31, 2007","November 29, 2004",0.4206296503543854,18,0.4851263761520386,10,"[[13, 9, 0.620082676410675], [2, 7, 0.59034663438797], [13, 10, 0.5686174631118774], [1, 7, 0.5487796664237976], [2, 4, 0.542134165763855], [2, 2, 0.5250460505485535], [2, 3, 0.5053723454475403], [2, 8, 0.5028457641601562], [1, 11, 0.49454331398010254], [7, 11, 0.4866390526294708], [2, 6, 0.48470449447631836], [5, 7, 0.4765838384628296], [3, 3, 0.4745348393917084], [7, 0, 0.46663159132003784], [6, 7, 0.45919036865234375], [8, 7, 0.4571528434753418], [12, 9, 0.45672276616096497], [15, 6, 0.45062538981437683], [5, 12, 0.4496611952781677], [4, 2, 0.4301747679710388], [14, 8, 0.43016937375068665], [11, 3, 0.4211997389793396], [13, 5, 0.40725865960121155], [10, 3, 0.40723806619644165], [9, 12, 0.40631312131881714], [8, 1, 0.39457467198371887], [0, 4, 0.34451401233673096]]",True,1,"[[1, 8, [""shall establish""]], [2, 8, [""shall establish""]], [6, 6, [""shall develop""]], [6, 8, [""shall develop""]], [7, 2, [""shall provide""]], [7, 4, [""shall provide""]], [7, 5, [""shall provide""]], [7, 9, [""shall provide""]], [7, 10, [""shall provide""]], [12, 6, [""shall develop""]], [12, 8, [""shall develop""]], [15, 6, [""shall develop""]], [15, 8, [""shall develop""]]]",0.04837678891283557,6,"[[13, 10, 0.068200663919701], [13, 6, 0.05648112119473482], [2, 8, 0.0204485816240709]]",7.333333333333333,1,"[[13, 6, 12.0], [13, 10, 10.0], [15, 12, 0.0]]",20,0.1194139194139194,5,True,2.4973849576781504e-05,9,1,2.4973849576781504e-05,9,1
16,22,memorandum,"January 31, 2007","September 16, 2003",0.4289465546607971,12,0.48597151041030884,9,"[[13, 7, 0.7119313478469849], [13, 4, 0.5678823590278625], [12, 5, 0.5228046178817749], [2, 4, 0.5129371881484985], [15, 5, 0.5070550441741943], [15, 1, 0.49945780634880066], [1, 7, 0.4883866608142853], [15, 6, 0.472129762172699], [15, 2, 0.46844130754470825], [6, 6, 0.4595212936401367], [7, 7, 0.4470122158527374], [14, 3, 0.43732893466949463], [11, 0, 0.4339981973171234], [5, 6, 0.4322986900806427], [8, 7, 0.42809274792671204], [3, 7, 0.42109084129333496], [4, 6, 0.4168395698070526], [9, 3, 0.3805701732635498], [10, 0, 0.3628830313682556], [0, 1, 0.36038869619369507]]",True,1,"[[1, 1, [""shall establish""]], [2, 1, [""shall establish""]], [6, 5, [""shall develop""]], [6, 6, [""shall develop""]], [12, 5, [""shall develop""]], [12, 6, [""shall develop""]], [15, 5, [""shall develop""]], [15, 6, [""shall develop""]]]",0.05029528310987868,5,"[[13, 7, 0.06557999564474096], [12, 5, 0.05525838245609535], [15, 5, 0.03004747122879973]]",0.0,5,"[[15, 5, 0.0], [15, 6, 0.0], [15, 7, 0.0]]",20,0.11448275862068966,6,True,0.00021739141084253788,3,1,0.00021402176935225725,3,1
16,21,memorandum,"January 31, 2007","December 17, 2003",0.5056308507919312,3,0.5163087248802185,5,"[[14, 3, 0.5832330584526062], [13, 9, 0.5765588879585266], [11, 3, 0.5717899799346924], [3, 3, 0.5605087280273438], [9, 3, 0.5583782196044922], [12, 8, 0.5537669062614441], [5, 8, 0.5478630661964417], [8, 3, 0.5308475494384766], [3, 1, 0.5283268094062805], [15, 3, 0.5273815393447876], [6, 8, 0.5152881741523743], [12, 5, 0.5149598121643066], [12, 6, 0.5129214525222778], [1, 3, 0.510596752166748], [2, 8, 0.4958163797855377], [3, 4, 0.4942499101161957], [10, 3, 0.48567965626716614], [7, 8, 0.47064101696014404], [6, 7, 0.45852527022361755], [14, 2, 0.45525193214416504], [4, 8, 0.4490092992782593], [15, 0, 0.44385629892349243], [0, 8, 0.38987913727760315]]",True,1,"[[1, 2, [""shall establish""]], [1, 4, [""shall establish""]], [1, 5, [""shall establish""]], [2, 2, [""shall establish""]], [2, 4, [""shall establish""]], [2, 5, [""shall establish""]], [6, 0, [""shall develop""]], [6, 6, [""shall develop""]], [6, 7, [""shall develop""]], [6, 8, [""shall develop""]], [7, 9, [""shall provide""]], [12, 0, [""shall develop""]], [12, 6, [""shall develop""]], [12, 7, [""shall develop""]], [12, 8, [""shall develop""]], [15, 0, [""shall develop""]], [15, 6, [""shall develop""]], [15, 7, [""shall develop""]], [15, 8, [""shall develop""]]]",0.03048132523090422,11,"[[13, 9, 0.033414931641025394], [6, 6, 0.03170093253481142], [13, 3, 0.026328111516875852]]",0.0,5,"[[15, 7, 0.0], [15, 8, 0.0], [15, 9, 0.0]]",20,0.11225806451612903,7,True,9.72351263044402e-05,7,1,9.72351263044402e-05,7,1
16,10827,memorandum,"January 31, 2007","December 30, 1992",0.41432493925094604,19,0.44512395560741425,17,"[[8, 1, 0.5327386856079102], [9, 1, 0.4945327341556549], [10, 1, 0.465874046087265], [8, 0, 0.45607367157936096], [14, 1, 0.4219744801521301], [11, 1, 0.4188772141933441], [15, 1, 0.41675859689712524], [5, 1, 0.39299333095550537], [1, 1, 0.3915994167327881], [6, 1, 0.3861832618713379], [7, 1, 0.3835235834121704], [3, 1, 0.3818325400352478], [2, 1, 0.36399397253990173], [12, 1, 0.35477104783058167], [13, 0, 0.3297938108444214], [4, 1, 0.327016144990921], [0, 1, 0.27100515365600586]]",True,1,"[[3, 1, [""shall ensure""]], [5, 1, [""shall ensure""]], [9, 1, [""shall ensure""]], [10, 1, [""shall ensure""]], [11, 1, [""shall ensure""]], [14, 1, [""shall ensure""]]]",0.05438868376491134,4,"[[9, 1, 0.07205601269651857], [10, 1, 0.05373103682451304], [14, 1, 0.03737900177370244]]",0.0,5,"[[14, 1, 0.0], [15, 0, 0.0], [15, 1, 0.0]]",20,0.1086936936936937,8,True,0.001536727068014443,1,1,0.001536727068014443,1,1
16,11359,memorandum,"January 31, 2007","August 02, 1979",0.42161932587623596,17,0.5176791101694107,4,"[[1, 0, 0.5949806571006775], [1, 1, 0.5570871233940125], [3, 1, 0.5383599996566772], [7, 0, 0.5262711048126221], [5, 1, 0.49670884013175964], [2, 0, 0.4933297634124756], [14, 1, 0.4822181463241577], [15, 1, 0.4545207619667053], [11, 1, 0.44769808650016785], [13, 0, 0.44282329082489014], [12, 0, 0.44127392768859863], [8, 0, 0.44112926721572876], [9, 1, 0.43837976455688477], [6, 0, 0.4300881028175354], [4, 0, 0.3876190185546875], [0, 0, 0.3799237012863159], [10, 0, 0.3538646697998047]]",False,2,[],0.007367052225987454,17,"[[1, 0, 0.01152808296226871], [8, 0, 0.00586735398548333], [2, 0, 0.004705719730210324]]",0.0,5,"[[14, 1, 0.0], [15, 0, 0.0], [15, 1, 0.0]]",20,0.1086936936936937,9,True,1.4425705558096524e-05,10,1,1.4425705558096524e-05,10,1
16,9786,memorandum,"January 31, 2007","December 16, 2005",0.4560382664203644,6,0.4641399383544922,13,"[[13, 7, 0.6086878776550293], [15, 1, 0.5102288722991943], [13, 6, 0.5071660876274109], [1, 1, 0.5028162002563477], [12, 1, 0.5006518363952637], [15, 9, 0.49974536895751953], [15, 3, 0.49506068229675293], [15, 5, 0.4922795295715332], [8, 0, 0.4911259412765503], [15, 4, 0.4754316508769989], [2, 1, 0.4709313213825226], [13, 8, 0.4663146734237671], [1, 13, 0.46382850408554077], [13, 10, 0.46270477771759033], [14, 1, 0.46102118492126465], [15, 11, 0.46098792552948], [7, 13, 0.46013662219047546], [5, 9, 0.4442180097103119], [11, 3, 0.44121211767196655], [13, 12, 0.43895018100738525], [3, 1, 0.4326699376106262], [9, 1, 0.41340431571006775], [6, 1, 0.41242632269859314], [12, 2, 0.41050833463668823], [10, 3, 0.3920752704143524], [0, 3, 0.39135056734085083], [4, 1, 0.3838725984096527], [8, 15, 0.3822455406188965], [5, 14, 0.37038320302963257]]",True,1,"[[3, 9, [""shall ensure""]], [3, 11, [""shall ensure""]], [5, 9, [""shall ensure""]], [5, 11, [""shall ensure""]], [6, 5, [""shall develop""]], [7, 6, [""shall provide""]], [9, 9, [""shall ensure""]], [9, 11, [""shall ensure""]], [10, 9, [""shall ensure""]], [10, 11, [""shall ensure""]], [11, 9, [""shall ensure""]], [11, 11, [""shall ensure""]], [12, 5, [""shall develop""]], [14, 9, [""shall ensure""]], [14, 11, [""shall ensure""]], [15, 5, [""shall develop""]]]",0.032027001779119636,9,"[[13, 3, 0.03423854521676657], [1, 10, 0.03176872941675421], [13, 6, 0.030073730703838116]]",3.6666666666666665,3,"[[13, 3, 11.0], [15, 13, 0.0], [15, 15, 0.0]]",20,0.10826404979328517,10,True,5.518923353520222e-05,8,1,5.518923353520222e-05,8,1
17,22,memorandum,"August 27, 2004","September 16, 2003",0.45984458923339844,7,0.5486487448215485,1,"[[6, 7, 0.7806797027587891], [5, 0, 0.6811447739601135], [6, 4, 0.6097699403762817], [4, 7, 0.5597113370895386], [2, 7, 0.5165120363235474], [2, 3, 0.49455761909484863], [6, 5, 0.4606923460960388], [2, 2, 0.4546406865119934], [3, 5, 0.45130276679992676], [4, 6, 0.44848042726516724], [2, 1, 0.44008582830429077], [0, 3, 0.437191903591156], [1, 4, 0.4307449460029602]]",True,1,"[[0, 2, [""shall implement""]], [5, 0, [""shall be implemented""]], [6, 4, [""shall report""]], [6, 7, [""shall report""]]]",0.3338754035682309,1,"[[6, 7, 0.6013352008620901], [5, 0, 0.3154745037004153], [4, 7, 0.08481650614218716]]",12.0,1,"[[6, 7, 26.0], [5, 0, 10.0], [6, 5, 0.0]]",20,0.14285714285714285,1,True,0.6757646203041077,1,1,0.6757646203041077,1,1
17,20,memorandum,"August 27, 2004","December 17, 2003",0.5507742166519165,1,0.5112382918596268,4,"[[6, 13, 0.6369577646255493], [4, 13, 0.6149080395698547], [6, 12, 0.6119312047958374], [2, 13, 0.5513235330581665], [5, 13, 0.5322275161743164], [3, 13, 0.5202264785766602], [2, 11, 0.5193792581558228], [3, 7, 0.5019927024841309], [0, 13, 0.4830225110054016], [4, 8, 0.4804252088069916], [2, 5, 0.4768370985984802], [2, 6, 0.4674995541572571], [2, 10, 0.46330034732818604], [5, 0, 0.45659756660461426], [1, 8, 0.4517136216163635], [2, 4, 0.4388154149055481], [2, 1, 0.4324934482574463], [2, 2, 0.43088170886039734], [2, 3, 0.41929563879966736], [4, 9, 0.39750611782073975]]",True,1,"[[0, 0, [""shall implement""]], [3, 7, [""should be considered""]], [6, 12, [""shall report""]]]",0.10886247113180576,3,"[[4, 13, 0.11591512548218462], [2, 13, 0.11081460514581255], [0, 0, 0.09985768276742012]]",10.333333333333334,2,"[[0, 0, 11.0], [2, 13, 10.0], [4, 13, 10.0]]",20,0.13059947299077734,2,True,0.42250463366508484,2,1,0.42250463366508484,2,1
17,23,memorandum,"August 27, 2004","February 28, 2003",0.49188393354415894,3,0.4832474887371063,7,"[[6, 5, 0.6052690744400024], [6, 16, 0.5254350900650024], [6, 17, 0.524882435798645], [4, 17, 0.5103666186332703], [6, 10, 0.5056849718093872], [3, 12, 0.499858021736145], [6, 13, 0.498276948928833], [6, 15, 0.4922696053981781], [2, 17, 0.48109519481658936], [1, 2, 0.47609084844589233], [6, 14, 0.46420150995254517], [6, 4, 0.4627217650413513], [4, 11, 0.45996907353401184], [0, 9, 0.45695897936820984], [2, 6, 0.44880518317222595], [6, 3, 0.44811052083969116], [3, 1, 0.4371834397315979], [5, 16, 0.4206516444683075], [4, 8, 0.4175533652305603], [6, 7, 0.41522955894470215], [2, 0, 0.3862335681915283]]",True,1,"[[1, 4, [""shall ensure""]], [4, 11, [""shall make""]]]",0.11445043510513427,2,"[[4, 3, 0.13080729705505031], [2, 3, 0.12430388090086292], [6, 3, 0.08824012735948962]]",0.0,3,"[[6, 15, 0.0], [6, 16, 0.0], [6, 17, 0.0]]",20,0.1259698433611477,3,True,0.031618766486644745,4,1,0.03138043358922005,4,1
17,9967,memorandum,"August 27, 2004","July 08, 2003",0.46257567405700684,6,0.524892270565033,2,"[[0, 1, 0.5913568735122681], [0, 2, 0.5579935312271118], [1, 1, 0.5152151584625244], [3, 1, 0.5030174255371094], [4, 2, 0.5012510418891907], [0, 0, 0.4988695979118347], [5, 1, 0.495656818151474], [2, 1, 0.4801099896430969], [6, 1, 0.4160381257534027]]",True,1,"[[1, 1, [""shall ensure""]]]",0.005743919251415916,11,"[[2, 2, 0.005806516705022639], [2, 0, 0.005794515153933676], [4, 2, 0.005630725895291435]]",0.0,3,"[[6, 0, 0.0], [6, 1, 0.0], [6, 2, 0.0]]",20,0.1211908708402397,4,True,0.005343256518244743,5,1,0.005343256518244743,5,1
17,21,memorandum,"August 27, 2004","December 17, 2003",0.4333232045173645,25,0.4644513577222824,8,"[[6, 9, 0.616734504699707], [2, 6, 0.5057991743087769], [4, 9, 0.48224544525146484], [2, 8, 0.46689456701278687], [2, 5, 0.4593809247016907], [3, 2, 0.4570047855377197], [2, 3, 0.44717884063720703], [0, 3, 0.44430041313171387], [2, 1, 0.4389316141605377], [1, 3, 0.42453694343566895], [2, 4, 0.4085618257522583], [2, 7, 0.38565292954444885], [5, 8, 0.38321560621261597], [3, 0, 0.3688352108001709]]",False,2,[],0.035187079648690577,5,"[[4, 9, 0.039682204570885005], [2, 9, 0.03803221792315971], [6, 9, 0.027846816452027023]]",0.0,3,"[[6, 7, 0.0], [6, 8, 0.0], [6, 9, 0.0]]",20,0.11919254658385092,5,True,0.0028009270317852497,6,1,0.0028009270317852497,6,1
17,11728,memorandum,"August 27, 2004","February 16, 1966",0.44102221727371216,16,0.5145747363567352,3,"[[6, 0, 0.5756720304489136], [2, 0, 0.4886332154273987], [4, 0, 0.4760337471961975], [5, 0, 0.4281262755393982], [1, 0, 0.42738401889801025], [3, 0, 0.3971169888973236], [0, 0, 0.3813759684562683]]",False,2,[],0.0,15,"[[4, 0, 0.0], [5, 0, 0.0], [6, 0, 0.0]]",0.0,3,"[[4, 0, 0.0], [5, 0, 0.0], [6, 0, 0.0]]",20,0.115527950310559,6,True,0.00019716942915692925,10,1,0.00019716942915692925,10,1
17,10210,memorandum,"August 27, 2004","December 17, 1999",0.43494272232055664,22,0.44091683626174927,13,"[[6, 6, 0.5200273990631104], [0, 6, 0.47669705748558044], [2, 1, 0.4473617970943451], [4, 5, 0.4448837339878082], [4, 2, 0.4349881410598755], [1, 6, 0.43064749240875244], [2, 0, 0.4265296459197998], [2, 4, 0.4106154441833496], [2, 3, 0.3922196626663208], [5, 6, 0.3889697194099426], [3, 5, 0.387622594833374]]",True,1,"[[4, 3, [""shall make""]]]",0.035387676563243514,4,"[[2, 6, 0.050659517134454504], [4, 3, 0.03262243250268894], [2, 3, 0.0228810800525871]]",0.0,3,"[[6, 4, 0.0], [6, 5, 0.0], [6, 6, 0.0]]",20,0.11544795783926218,7,True,0.0012065897462889552,7,1,0.0011972112115472555,7,1
17,10607,memorandum,"August 27, 2004","June 28, 1995",0.5447020530700684,2,0.5081368982791901,5,"[[4, 2, 0.6269347071647644], [2, 2, 0.6073273420333862], [3, 2, 0.5566521286964417], [2, 0, 0.5430470705032349], [0, 2, 0.5201379060745239], [6, 2, 0.5172441601753235], [2, 1, 0.5114620327949524], [2, 5, 0.5055868625640869], [2, 3, 0.5013904571533203], [3, 6, 0.48128360509872437], [2, 8, 0.4790147542953491], [3, 9, 0.4712095260620117], [2, 11, 0.4640212059020996], [1, 2, 0.462127685546875], [5, 2, 0.4545013904571533], [3, 10, 0.4449656307697296], [2, 4, 0.39476969838142395], [3, 7, 0.35172802209854126]]",True,1,"[[2, 1, [""shall identify""]], [2, 8, [""shall identify""]], [4, 6, [""shall make""]], [4, 9, [""shall make""]]]",0.0034305100809929687,13,"[[2, 0, 0.010291530242978906], [6, 9, 0.0], [6, 11, 0.0]]",0.0,3,"[[6, 9, 0.0], [6, 10, 0.0], [6, 11, 0.0]]",20,0.11378129117259553,8,True,0.05146276578307152,3,1,0.05146276578307152,3,1
17,11033,memorandum,"August 27, 2004","April 25, 1990",0.4368323087692261,21,0.4476838558912277,11,"[[2, 0, 0.470500111579895], [4, 0, 0.4606632590293884], [0, 0, 0.44161319732666016], [3, 0, 0.4239383935928345], [5, 0, 0.4034205973148346], [6, 0, 0.39189839363098145], [1, 0, 0.3820391893386841]]",False,2,[],0.008457425724036715,8,"[[6, 0, 0.015817766324969937], [2, 0, 0.004850682002733435], [4, 0, 0.004703828844406775]]",0.0,3,"[[4, 0, 0.0], [5, 0, 0.0], [6, 0, 0.0]]",20,0.11145061109997996,9,True,0.0002453695051372051,9,1,0.0002453695051372051,9,1
17,11089,memorandum,"August 27, 2004","November 18, 1988",0.44690781831741333,11,0.45082755386829376,10,"[[0, 0, 0.468667596578598], [1, 0, 0.4567755460739136], [2, 0, 0.4555584192276001], [4, 0, 0.4425913393497467], [6, 0, 0.42260462045669556], [5, 0, 0.4127759337425232], [3, 0, 0.37193912267684937]]",False,2,[],0.006545193848135047,9,"[[4, 0, 0.010027224163934612], [2, 0, 0.005170136648063515], [6, 0, 0.004438220732407016]]",0.0,3,"[[4, 0, 0.0], [5, 0, 0.0], [6, 0, 0.0]]",20,0.11129435282358821,10,True,0.00028130740975029767,8,1,0.00028130740975029767,8,1
18,22,memorandum,"August 27, 2004","September 16, 2003",0.8096424341201782,1,0.5605370402336121,1,"[[0, 5, 0.5940241813659668], [0, 6, 0.581211507320404], [0, 4, 0.5762244462966919], [0, 1, 0.5702685713768005], [0, 7, 0.5395713448524475], [0, 0, 0.4570215344429016], [0, 2, 0.45030951499938965], [0, 3, 0.44776827096939087]]",False,2,[],0.08169323576680712,1,"[[0, 7, 0.16602161816644184], [0, 4, 0.059035181816369034], [0, 2, 0.02002290731761051]]",18.0,1,"[[0, 7, 54.0], [0, 5, 0.0], [0, 6, 0.0]]",20,0.14285714285714285,1,True,0.9713473320007324,1,1,0.9713473320007324,1,1
18,19,memorandum,"August 27, 2004","January 30, 2004",0.4535357654094696,10,0.4561365991830826,3,"[[0, 2, 0.5287749767303467], [0, 3, 0.4727250337600708], [0, 0, 0.385174036026001], [0, 5, 0.3728390336036682], [0, 4, 0.35935232043266296], [0, 1, 0.35431092977523804], [0, 8, 0.3512345850467682], [0, 7, 0.3257463872432709], [0, 6, 0.3013266324996948]]",True,1,"[[0, 8, [""shall submit""]]]",0.04835614309296124,6,"[[0, 2, 0.05829992833737295], [0, 3, 0.04438960625484892], [0, 4, 0.04237889468666185]]",11.0,3,"[[0, 0, 11.0], [0, 3, 11.0], [0, 4, 11.0]]",20,0.1254180602006689,2,True,0.00391482375562191,7,1,0.00391482375562191,7,1
18,24,memorandum,"August 27, 2004","March 11, 2002",0.45534637570381165,9,0.45077651739120483,4,"[[0, 7, 0.48438864946365356], [0, 2, 0.45413103699684143], [0, 6, 0.45323777198791504], [0, 5, 0.4304223656654358], [0, 1, 0.4046343266963959], [0, 0, 0.38938671350479126], [0, 3, 0.3632364571094513], [0, 4, 0.3578779697418213]]",True,1,"[[0, 2, [""shall submit""]]]",0.06542136626214022,3,"[[0, 7, 0.08175727707018714], [0, 6, 0.07145664248051273], [0, 2, 0.043050179235720826]]",3.3333333333333335,7,"[[0, 5, 10.0], [0, 6, 0.0], [0, 7, 0.0]]",20,0.12218196457326891,3,True,0.0010322310263291001,9,1,0.001048469333909452,9,1
18,20,memorandum,"August 27, 2004","December 17, 2003",0.5177297592163086,3,0.41512736678123474,9,"[[0, 12, 0.45980700850486755], [0, 13, 0.44603395462036133], [0, 5, 0.41881459951400757], [0, 6, 0.41646867990493774], [0, 8, 0.4145108759403229], [0, 4, 0.3799499273300171], [0, 11, 0.36517804861068726], [0, 9, 0.36439090967178345], [0, 10, 0.3582701086997986], [0, 1, 0.3514697253704071], [0, 0, 0.3373159170150757], [0, 2, 0.3223699629306793], [0, 7, 0.28924858570098877], [0, 3, 0.262440025806427]]",True,1,"[[0, 13, [""shall submit""]]]",0.06628530874291629,2,"[[0, 13, 0.08289210733857229], [0, 12, 0.07270647978365234], [0, 8, 0.04325733910652423]]",7.0,5,"[[0, 8, 11.0], [0, 13, 10.0], [0, 12, 0.0]]",20,0.11993730407523512,4,True,0.0014214043039828539,8,1,0.0014214043039828539,8,1
18,23,memorandum,"August 27, 2004","February 28, 2003",0.4744194447994232,6,0.422990620136261,6,"[[0, 15, 0.47115373611450195], [0, 17, 0.4522162079811096], [0, 14, 0.42073971033096313], [0, 16, 0.4153955578804016], [0, 10, 0.4098070561885834], [0, 5, 0.39836835861206055], [0, 8, 0.39734703302383423], [0, 6, 0.39465802907943726], [0, 1, 0.3833600878715515], [0, 4, 0.37023165822029114], [0, 7, 0.36569491028785706], [0, 3, 0.3588201403617859], [0, 13, 0.35844171047210693], [0, 0, 0.34366369247436523], [0, 12, 0.3298192620277405], [0, 2, 0.32057666778564453], [0, 11, 0.2891558110713959], [0, 9, 0.26744508743286133]]",False,2,[],0.04948611345669404,4,"[[0, 3, 0.05962028384727595], [0, 4, 0.04823394587320939], [0, 10, 0.0406041106495968]]",4.0,6,"[[0, 13, 12.0], [0, 16, 0.0], [0, 17, 0.0]]",20,0.11858974358974358,5,True,0.018546564504504204,6,1,0.018546564504504204,6,1
18,21,memorandum,"August 27, 2004","December 17, 2003",0.42572706937789917,15,0.41615088284015656,8,"[[0, 9, 0.45090121030807495], [0, 8, 0.44312584400177], [0, 6, 0.441936731338501], [0, 5, 0.4220781922340393], [0, 3, 0.3706156015396118], [0, 0, 0.3689829707145691], [0, 2, 0.35015445947647095], [0, 4, 0.32693183422088623], [0, 7, 0.3237053155899048], [0, 1, 0.31557366251945496]]",False,2,[],0.04102392182616871,7,"[[0, 0, 0.04823930785297321], [0, 9, 0.04688546612065641], [0, 5, 0.02794699150487651]]",11.333333333333334,2,"[[0, 9, 34.0], [0, 7, 0.0], [0, 8, 0.0]]",20,0.1182058682058682,6,True,0.00022516825993079692,10,1,0.00022516825993079692,10,1
18,25,memorandum,"August 27, 2004","October 29, 2001",0.5979918241500854,2,0.4630288779735565,2,"[[0, 15, 0.5048763155937195], [0, 18, 0.5042396187782288], [0, 20, 0.4990636706352234], [0, 13, 0.4812505841255188], [0, 12, 0.47983089089393616], [0, 19, 0.4772833287715912], [0, 1, 0.4537115693092346], [0, 0, 0.4466630816459656], [0, 4, 0.4374157786369324], [0, 10, 0.43315398693084717], [0, 16, 0.41615110635757446], [0, 3, 0.415395587682724], [0, 17, 0.41292309761047363], [0, 7, 0.4089459776878357], [0, 2, 0.3894491493701935], [0, 14, 0.3888494074344635], [0, 6, 0.3726884722709656], [0, 11, 0.36257442831993103], [0, 9, 0.3498075604438782], [0, 8, 0.3128287196159363], [0, 5, 0.2977086007595062]]",True,1,"[[0, 14, [""shall submit""]], [0, 16, [""shall submit""]]]",0.037002870533658465,8,"[[0, 18, 0.0710902156676103], [0, 1, 0.02001338565020369], [0, 14, 0.019905010283161405]]",0.0,8,"[[0, 18, 0.0], [0, 19, 0.0], [0, 20, 0.0]]",20,0.11688311688311688,7,True,0.06142403930425644,4,1,0.06142403930425644,4,1
18,11607,memorandum,"August 27, 2004","September 25, 1972",0.4719441533088684,7,0.43794816732406616,5,"[[0, 0, 0.43794816732406616]]",False,2,[],0.019470110922201116,9,"[[0, 0, 0.019470110922201116]]",0.0,8,"[[0, 0, 0.0]]",20,0.11019704433497537,8,True,0.31742629408836365,2,1,0.31742629408836365,2,1
18,26,memorandum,"August 27, 2004","October 29, 2001",0.4200893044471741,18,0.35280101001262665,15,"[[0, 5, 0.39734917879104614], [0, 9, 0.3612290620803833], [0, 6, 0.33193379640579224], [0, 3, 0.33075273036956787], [0, 10, 0.32103636860847473], [0, 0, 0.31708574295043945], [0, 7, 0.31481263041496277], [0, 1, 0.2888867259025574], [0, 2, 0.2772976756095886], [0, 8, 0.25893518328666687], [0, 4, 0.19146232306957245]]",False,2,[],0.048690148892596145,5,"[[0, 1, 0.06270834847245398], [0, 0, 0.05320631245470714], [0, 3, 0.03015578575062732]]",3.3333333333333335,7,"[[0, 3, 10.0], [0, 9, 0.0], [0, 10, 0.0]]",20,0.10560846560846561,9,True,0.057918086647987366,5,1,0.057918086647987366,5,1
18,9914,memorandum,"August 27, 2004","March 18, 2004",0.39511922001838684,23,0.4170847535133362,7,"[[0, 0, 0.4170847535133362]]",False,2,[],0.0033172229825817055,13,"[[0, 0, 0.0033172229825817055]]",0.0,8,"[[0, 0, 0.0]]",20,0.10305435305435305,10,True,0.18242551386356354,3,1,0.18242551386356354,3,1
19,20,memorandum,"January 30, 2004","December 17, 2003",0.6551726460456848,1,0.5297760367393494,2,"[[1, 8, 0.6045759916305542], [3, 3, 0.5921715497970581], [3, 10, 0.5779837369918823], [3, 12, 0.5680526494979858], [2, 12, 0.567747175693512], [3, 13, 0.5600317716598511], [7, 8, 0.5418304204940796], [3, 4, 0.535132646560669], [3, 11, 0.5253155827522278], [3, 0, 0.5228526592254639], [1, 9, 0.5177897214889526], [8, 11, 0.5156722068786621], [5, 8, 0.5118932723999023], [4, 3, 0.507145881652832], [0, 10, 0.5063683390617371], [3, 6, 0.5052275657653809], [1, 1, 0.502173125743866], [1, 2, 0.4980253577232361], [3, 5, 0.4771323800086975], [6, 8, 0.4660373628139496], [7, 7, 0.3596866726875305]]",True,1,"[[1, 8, [""shall develop""]], [1, 11, [""shall develop""]], [2, 1, [""shall coordinate""]], [2, 2, [""shall coordinate""]], [4, 8, [""shall develop""]], [4, 11, [""shall develop""]], [5, 5, [""shall establish""]], [7, 5, [""shall establish""]], [8, 13, [""shall submit""]]]",0.07363636306254341,1,"[[3, 8, 0.08241164466100107], [2, 8, 0.07024210311926678], [5, 8, 0.06825534140736236]]",11.0,3,"[[0, 8, 11.0], [4, 8, 11.0], [5, 6, 11.0]]",20,0.13655185394315827,1,True,0.02931223064661026,4,1,0.02931223064661026,4,1
19,21,memorandum,"January 30, 2004","December 17, 2003",0.5263126492500305,6,0.5119078755378723,4,"[[5, 3, 0.608235239982605], [5, 4, 0.5537289381027222], [3, 5, 0.5305421352386475], [5, 6, 0.5283710360527039], [7, 3, 0.5254727005958557], [3, 9, 0.5074309706687927], [2, 9, 0.5069440007209778], [3, 8, 0.5066710710525513], [8, 8, 0.5051894187927246], [1, 3, 0.5051354169845581], [3, 0, 0.5022600889205933], [6, 3, 0.4994385242462158], [4, 6, 0.4857848286628723], [3, 7, 0.4856953024864197], [3, 2, 0.44709494709968567], [0, 8, 0.44692152738571167], [8, 1, 0.4418356120586395]]",True,1,"[[1, 0, [""shall develop""]], [1, 6, [""shall develop""]], [1, 7, [""shall develop""]], [1, 8, [""shall develop""]], [2, 1, [""shall coordinate""]], [2, 3, [""shall coordinate""]], [4, 0, [""shall develop""]], [4, 6, [""shall develop""]], [4, 7, [""shall develop""]], [4, 8, [""shall develop""]], [5, 2, [""shall establish""]], [5, 4, [""shall establish""]], [5, 5, [""shall establish""]], [7, 2, [""shall establish""]], [7, 4, [""shall establish""]], [7, 5, [""shall establish""]]]",0.053714990444219325,4,"[[2, 0, 0.0561564142767245], [3, 5, 0.056008609415460126], [2, 1, 0.048979947640473365]]",12.0,2,"[[2, 1, 12.0], [5, 0, 12.0], [5, 1, 12.0]]",20,0.12878787878787878,2,True,0.00877910852432251,7,1,0.00877910852432251,7,1
19,23,memorandum,"January 30, 2004","February 28, 2003",0.5399770736694336,4,0.47857628762722015,11,"[[3, 8, 0.5369335412979126], [2, 17, 0.535129189491272], [1, 2, 0.5237399339675903], [4, 8, 0.5073733925819397], [3, 10, 0.4955649971961975], [2, 16, 0.49233385920524597], [5, 3, 0.48809677362442017], [3, 6, 0.48521554470062256], [2, 15, 0.4837031960487366], [2, 14, 0.4813346862792969], [7, 2, 0.47023195028305054], [2, 13, 0.47016018629074097], [3, 5, 0.46373528242111206], [4, 1, 0.4564037621021271], [8, 10, 0.45138686895370483], [3, 0, 0.4453314542770386], [3, 7, 0.44506290555000305], [6, 5, 0.44049736857414246], [3, 9, 0.43512633442878723], [1, 4, 0.4313986003398895], [0, 2, 0.425750732421875], [3, 11, 0.41876089572906494], [3, 12, 0.3824353814125061]]",True,1,"[[1, 6, [""shall develop""]], [1, 7, [""shall develop""]], [1, 12, [""shall develop""]], [2, 1, [""shall coordinate""]], [4, 6, [""shall develop""]], [4, 7, [""shall develop""]], [4, 12, [""shall develop""]], [5, 0, [""shall establish""]], [5, 2, [""shall establish""]], [5, 3, [""shall establish""]], [7, 0, [""shall establish""]], [7, 2, [""shall establish""]], [7, 3, [""shall establish""]]]",0.05485008857945595,3,"[[7, 15, 0.06367316752207886], [1, 13, 0.05453063721489307], [3, 15, 0.0463464610013959]]",7.333333333333333,5,"[[1, 13, 12.0], [5, 8, 10.0], [8, 15, 0.0]]",20,0.11573632538569426,3,True,0.40544870495796204,2,1,0.40544870495796204,2,1
19,22,memorandum,"January 30, 2004","September 16, 2003",0.4527479410171509,19,0.45990101993083954,15,"[[2, 7, 0.5306127667427063], [1, 2, 0.5301509499549866], [1, 1, 0.48322683572769165], [3, 7, 0.46669915318489075], [2, 4, 0.46395593881607056], [1, 3, 0.46046942472457886], [2, 5, 0.45411962270736694], [2, 6, 0.44826066493988037], [6, 6, 0.4418078362941742], [7, 5, 0.4387512803077698], [0, 3, 0.42763930559158325], [8, 7, 0.42016029357910156], [5, 6, 0.4185376763343811], [7, 0, 0.4063059389591217], [4, 5, 0.35461878776550293]]",True,1,"[[0, 0, [""shall be implemented""]], [1, 5, [""shall develop""]], [1, 6, [""shall develop""]], [4, 5, [""shall develop""]], [4, 6, [""shall develop""]], [5, 1, [""shall establish""]], [7, 1, [""shall establish""]]]",0.058174299421941654,2,"[[1, 2, 0.06253591260634293], [1, 7, 0.06216538098452312], [0, 0, 0.0498216046749589]]",10.666666666666666,4,"[[1, 2, 11.0], [1, 7, 11.0], [0, 0, 10.0]]",20,0.1156926406926407,4,True,0.013848611153662205,6,1,0.013636834919452667,6,1
19,24,memorandum,"January 30, 2004","March 11, 2002",0.503530740737915,7,0.5077419131994247,5,"[[3, 1, 0.555420458316803], [2, 2, 0.546812117099762], [2, 6, 0.5456165671348572], [2, 0, 0.5268712043762207], [1, 3, 0.5251911878585815], [2, 7, 0.5227935910224915], [5, 1, 0.5059837102890015], [1, 4, 0.5001214742660522], [2, 5, 0.4979119300842285], [4, 1, 0.46456196904182434], [8, 6, 0.45429399609565735], [7, 6, 0.4492996335029602], [0, 4, 0.44861483573913574], [6, 2, 0.4408454895019531]]",True,1,"[[5, 4, [""shall establish""]], [7, 4, [""shall establish""]], [8, 2, [""shall submit""]]]",0.023097542786815407,7,"[[4, 7, 0.029228956640539875], [2, 6, 0.02014319608485891], [3, 5, 0.019920475635047445]]",0.0,6,"[[8, 5, 0.0], [8, 6, 0.0], [8, 7, 0.0]]",20,0.1154985754985755,5,True,0.0032224839087575674,9,1,0.0032224839087575674,9,1
19,11781,memorandum,"January 30, 2004","January 24, 1961",0.54313063621521,3,0.5128547549247742,3,"[[5, 0, 0.526122510433197], [7, 0, 0.520110547542572], [1, 0, 0.5132914781570435], [6, 0, 0.5115793943405151], [2, 0, 0.5099580883979797], [8, 0, 0.5002955198287964], [0, 0, 0.4761783182621002], [3, 0, 0.47562164068222046], [4, 0, 0.46312546730041504]]",False,2,[],0.01412494935187908,11,"[[4, 0, 0.014860786193353175], [7, 0, 0.013919654954460873], [1, 0, 0.013594406907823185]]",0.0,6,"[[6, 0, 0.0], [7, 0, 0.0], [8, 0, 0.0]]",20,0.11419786384723271,6,True,0.00010679088154574856,10,1,0.00010679088154574856,10,1
19,10259,memorandum,"January 30, 2004","July 03, 1999",0.49767205119132996,9,0.46470947563648224,13,"[[6, 0, 0.5070509910583496], [2, 2, 0.491790235042572], [5, 0, 0.46734803915023804], [7, 0, 0.45599865913391113], [3, 2, 0.453714519739151], [8, 2, 0.44400131702423096], [1, 0, 0.43111103773117065], [6, 1, 0.4252808094024658], [4, 2, 0.4210739731788635], [0, 0, 0.4203154146671295]]",False,2,[],0.021037883096130916,9,"[[4, 0, 0.024687796973857774], [1, 0, 0.019937100442975697], [7, 2, 0.018488751871559288]]",13.0,1,"[[4, 0, 15.0], [0, 0, 12.0], [1, 0, 12.0]]",20,0.11240483654276757,7,True,0.016914913430809975,5,1,0.016914913430809975,5,1
19,10456,memorandum,"January 30, 2004","January 25, 1997",0.5984518527984619,2,0.5336220860481262,1,"[[2, 1, 0.5874367356300354], [0, 1, 0.5557273030281067], [4, 0, 0.5273141264915466], [3, 1, 0.503677487373352], [7, 0, 0.5004698038101196], [6, 1, 0.4922858476638794], [5, 0, 0.48991918563842773], [1, 0, 0.4774360954761505], [8, 0, 0.4545518755912781]]",True,1,"[[3, 1, [""should identify""]]]",0.0030751385947419725,19,"[[2, 1, 0.006066097604194695], [4, 0, 0.003159318180031222], [8, 0, 0.0]]",0.0,6,"[[7, 1, 0.0], [8, 0, 0.0], [8, 1, 0.0]]",20,0.11172161172161171,8,True,0.9358173608779907,1,1,0.9358173608779907,1,1
19,10402,memorandum,"January 30, 2004","October 02, 1997",0.45434486865997314,18,0.4871673285961151,9,"[[6, 3, 0.5550621151924133], [2, 3, 0.5204476118087769], [6, 0, 0.5203011631965637], [0, 3, 0.5042765736579895], [6, 1, 0.49855077266693115], [3, 3, 0.47693493962287903], [4, 1, 0.47223716974258423], [5, 3, 0.4714575409889221], [1, 3, 0.46426451206207275], [7, 1, 0.4641457796096802], [5, 2, 0.4618379771709442], [2, 4, 0.43172502517700195], [8, 1, 0.39872676134109497]]",False,2,[],0.026427909501501073,6,"[[4, 1, 0.03150734164783813], [3, 4, 0.024311909374633983], [1, 4, 0.023464477482031107]]",0.0,6,"[[8, 2, 0.0], [8, 3, 0.0], [8, 4, 0.0]]",20,0.11140583554376658,9,True,0.008644177578389645,8,1,0.008644177578389645,8,1
19,11470,memorandum,"January 30, 2004","September 30, 1977",0.4949759542942047,10,0.49203921854496,7,"[[1, 2, 0.5409795641899109], [7, 0, 0.5122331380844116], [4, 2, 0.4824303984642029], [6, 0, 0.4808976650238037], [2, 2, 0.4733279049396515], [8, 0, 0.46922487020492554], [1, 1, 0.4673190414905548], [5, 2, 0.465352863073349], [0, 2, 0.4578058421611786], [3, 2, 0.41285908222198486]]",False,2,[],0.01946726299748584,10,"[[4, 1, 0.021651557172101075], [7, 1, 0.020065836846653355], [4, 0, 0.016684394973703078]]",0.0,6,"[[8, 0, 0.0], [8, 1, 0.0], [8, 2, 0.0]]",20,0.10883190883190882,10,True,0.05582313984632492,3,1,0.05623634159564972,3,1
20,23,memorandum,"December 17, 2003","February 28, 2003",0.6270198822021484,1,0.5395445823669434,2,"[[4, 3, 0.6227043867111206], [0, 1, 0.6109551191329956], [5, 4, 0.5698689818382263], [11, 10, 0.5688900947570801], [12, 5, 0.5688559412956238], [8, 2, 0.5666220188140869], [5, 17, 0.5610570311546326], [9, 2, 0.5406339168548584], [2, 1, 0.5403120517730713], [0, 0, 0.5372464656829834], [1, 1, 0.5353296995162964], [5, 6, 0.5340173840522766], [11, 8, 0.5325667262077332], [10, 6, 0.5217576622962952], [3, 1, 0.5188636779785156], [13, 14, 0.5174736976623535], [5, 15, 0.5024410486221313], [0, 9, 0.5016391277313232], [13, 13, 0.4943509101867676], [6, 8, 0.4938494861125946], [13, 16, 0.4931308329105377], [7, 12, 0.4817383885383606], [11, 11, 0.46264201402664185], [11, 7, 0.45159202814102173]]",True,1,"[[1, 1, [""shall coordinate""]], [2, 1, [""shall coordinate""]], [5, 0, [""shall establish""]], [5, 2, [""shall establish""]], [5, 3, [""shall establish""]], [8, 6, [""shall develop""]], [8, 7, [""shall develop""]], [8, 12, [""shall develop""]], [9, 5, [""shall provide""]], [9, 9, [""shall provide""]], [11, 6, [""shall develop""]], [11, 7, [""shall develop""]], [11, 12, [""shall develop""]]]",0.16546047334681854,1,"[[13, 3, 0.25777137568840364], [12, 3, 0.1506295582972909], [13, 4, 0.08798048605476111]]",21.333333333333332,2,"[[13, 3, 36.0], [12, 3, 18.0], [6, 8, 10.0]]",20,0.13852813852813853,1,True,0.008187909610569477,3,1,0.008187909610569477,3,1
20,24,memorandum,"December 17, 2003","March 11, 2002",0.5192021131515503,2,0.5489624440670013,1,"[[9, 3, 0.6037121415138245], [12, 2, 0.5954506993293762], [13, 7, 0.5925962924957275], [11, 1, 0.5743535161018372], [0, 1, 0.5555002689361572], [5, 2, 0.553579568862915], [9, 0, 0.5480389595031738], [3, 1, 0.5464336276054382], [10, 1, 0.544407069683075], [4, 1, 0.5396921038627625], [8, 4, 0.5392137169837952], [1, 1, 0.5255506038665771], [13, 6, 0.5227352976799011], [2, 1, 0.5141090750694275], [9, 5, 0.5083130598068237], [6, 4, 0.4224753677845001], [7, 1, 0.41615110635757446]]",True,1,"[[5, 4, [""shall establish""]], [13, 2, [""shall submit""]]]",0.09671158648193356,3,"[[13, 7, 0.10943418863949184], [13, 2, 0.09749622243580974], [13, 6, 0.08320434837049911]]",17.666666666666668,3,"[[13, 5, 36.0], [12, 5, 17.0], [13, 6, 0.0]]",20,0.13457556935817805,2,True,0.0037654137704521418,4,1,0.0037654137704521418,4,1
20,26,memorandum,"December 17, 2003","October 29, 2001",0.47942712903022766,6,0.4669942408800125,11,"[[12, 5, 0.5537153482437134], [5, 5, 0.504627525806427], [5, 9, 0.49691444635391235], [5, 6, 0.49062061309814453], [4, 7, 0.48714664578437805], [5, 0, 0.48705223202705383], [10, 9, 0.4842635989189148], [8, 6, 0.4834100008010864], [1, 5, 0.48333442211151123], [0, 6, 0.48302194476127625], [8, 10, 0.481048583984375], [9, 9, 0.4808005690574646], [2, 5, 0.4651066064834595], [5, 3, 0.4588669538497925], [13, 8, 0.4586930572986603], [11, 9, 0.457244336605072], [3, 9, 0.4403165280818939], [12, 1, 0.4334259033203125], [6, 9, 0.43334707617759705], [11, 2, 0.4042978882789612], [8, 4, 0.37617582082748413], [7, 8, 0.3343200385570526]]",True,1,"[[1, 6, [""shall coordinate""]], [1, 7, [""shall coordinate""]], [2, 6, [""shall coordinate""]], [2, 7, [""shall coordinate""]], [9, 8, [""shall provide""]]]",0.11680162907775841,2,"[[13, 1, 0.1376560370949977], [13, 0, 0.12129302104632435], [12, 1, 0.09145582909195313]]",21.666666666666668,1,"[[13, 3, 38.0], [12, 3, 17.0], [4, 9, 10.0]]",20,0.1253316575897221,3,True,0.03649376705288887,1,1,0.03649376705288887,1,1
20,25,memorandum,"December 17, 2003","October 29, 2001",0.4253484606742859,24,0.5003505647182465,4,"[[8, 6, 0.6610672473907471], [9, 18, 0.5794887542724609], [5, 12, 0.5669745206832886], [6, 6, 0.5520405173301697], [12, 19, 0.5368536114692688], [9, 1, 0.5353220701217651], [8, 10, 0.5339374542236328], [13, 17, 0.5298278331756592], [0, 6, 0.5164036154747009], [9, 0, 0.5128777623176575], [9, 2, 0.5120939016342163], [12, 20, 0.5109263062477112], [9, 15, 0.5067921876907349], [1, 6, 0.49880778789520264], [5, 13, 0.49740082025527954], [5, 16, 0.4930351972579956], [9, 3, 0.48781120777130127], [4, 6, 0.48662069439888], [5, 14, 0.4857751429080963], [2, 6, 0.47867387533187866], [9, 4, 0.4724712371826172], [3, 6, 0.47102025151252747], [11, 17, 0.4622894823551178], [10, 6, 0.4516192674636841], [7, 14, 0.42044827342033386], [9, 7, 0.40267038345336914], [5, 5, 0.379775732755661], [5, 11, 0.3525882661342621], [6, 8, 0.3238402009010315], [13, 9, 0.3149907886981964]]",True,1,"[[0, 5, [""shall implement""]], [3, 18, [""work closely with""]], [8, 6, [""shall develop""]], [8, 9, [""shall develop""]], [9, 3, [""shall provide""]], [9, 8, [""shall provide""]], [11, 6, [""shall develop""]], [11, 9, [""shall develop""]], [12, 1, [""shall report""]], [13, 14, [""shall submit""]], [13, 16, [""shall submit""]]]",0.07492236179656676,5,"[[6, 6, 0.10329137791371618], [13, 18, 0.06570088946364631], [8, 2, 0.055774818012337815]]",4.0,5,"[[6, 6, 12.0], [4, 9, 0.0], [4, 10, 0.0]]",20,0.12166666666666667,4,True,0.002822832902893424,5,1,0.002822832902893424,5,1
20,22,memorandum,"December 17, 2003","September 16, 2003",0.5180148482322693,3,0.49982771277427673,6,"[[12, 7, 0.6140064001083374], [9, 1, 0.5821371078491211], [5, 5, 0.5671051144599915], [5, 2, 0.5487309098243713], [13, 7, 0.5452067255973816], [8, 7, 0.5019914507865906], [0, 0, 0.49073824286460876], [8, 3, 0.4715782701969147], [8, 6, 0.4705817699432373], [12, 4, 0.44884192943573], [6, 7, 0.4487306475639343], [4, 2, 0.4458237886428833], [1, 2, 0.44241440296173096], [11, 0, 0.42999550700187683], [10, 1, 0.42289847135543823], [2, 1, 0.4205319881439209], [3, 3, 0.40615323185920715], [7, 0, 0.3384332060813904]]",True,1,"[[0, 2, [""shall implement""]], [5, 1, [""shall establish""]], [8, 5, [""shall develop""]], [8, 6, [""shall develop""]], [11, 5, [""shall develop""]], [11, 6, [""shall develop""]], [12, 4, [""shall report""]], [12, 7, [""shall report""]]]",0.07817686547530688,4,"[[13, 7, 0.10604151727092877], [12, 7, 0.07321461443396489], [0, 0, 0.05527446472102698]]",0.0,6,"[[13, 5, 0.0], [13, 6, 0.0], [13, 7, 0.0]]",20,0.11858974358974358,5,True,0.010091315023601055,2,1,0.010091315023601055,2,1
20,11673,memorandum,"December 17, 2003","June 07, 1968",0.481224924325943,5,0.5064796954393387,3,"[[8, 3, 0.5751172304153442], [6, 3, 0.5578187704086304], [0, 4, 0.5450290441513062], [4, 4, 0.520785927772522], [0, 0, 0.5186939835548401], [6, 2, 0.5118401646614075], [11, 3, 0.5067700147628784], [1, 4, 0.4996589422225952], [2, 4, 0.496410608291626], [0, 1, 0.4929794669151306], [3, 0, 0.4766095280647278], [13, 3, 0.45257294178009033], [9, 2, 0.44359639286994934], [12, 4, 0.43863245844841003], [10, 3, 0.43685057759284973], [5, 4, 0.42498743534088135], [7, 3, 0.4043435752391815]]",True,1,"[[3, 2, [""work closely with""]]]",0.023826114141735685,9,"[[6, 3, 0.037545377377942044], [4, 3, 0.017856600102741316], [6, 2, 0.01607636494452369]]",0.0,6,"[[13, 2, 0.0], [13, 3, 0.0], [13, 4, 0.0]]",20,0.11642255795179333,6,True,0.0002332232252229005,9,1,0.0002332232252229005,9,1
20,11181,memorandum,"December 17, 2003","October 27, 1986",0.4356575906276703,16,0.47867515683174133,7,"[[3, 2, 0.5535424947738647], [0, 2, 0.5353006720542908], [8, 2, 0.5310345888137817], [1, 2, 0.5245929956436157], [2, 2, 0.5050239562988281], [0, 1, 0.5015556812286377], [4, 2, 0.4882115125656128], [10, 2, 0.4751734137535095], [0, 0, 0.4651263952255249], [8, 3, 0.4530511498451233], [12, 2, 0.449668824672699], [5, 2, 0.432464063167572], [6, 1, 0.4320448338985443], [11, 2, 0.41976502537727356], [13, 2, 0.4099131226539612], [9, 2, 0.3978158235549927], [7, 2, 0.3418881893157959]]",False,2,[],0.019273207625958577,11,"[[8, 2, 0.025314769813611956], [0, 0, 0.018395180510154933], [12, 2, 0.014109672554108846]]",0.0,6,"[[13, 1, 0.0], [13, 2, 0.0], [13, 3, 0.0]]",20,0.10775664001470453,7,True,0.0007854739669710398,7,1,0.0007854739669710398,7,1
20,9970,memorandum,"December 17, 2003","May 29, 2003",0.4379850924015045,12,0.4388795793056488,17,"[[2, 3, 0.484687864780426], [8, 3, 0.48438045382499695], [3, 3, 0.472830206155777], [6, 0, 0.47240129113197327], [0, 3, 0.4621269702911377], [4, 3, 0.4582679867744446], [6, 1, 0.45022469758987427], [5, 1, 0.4409646987915039], [8, 5, 0.43707430362701416], [12, 1, 0.4316932260990143], [11, 3, 0.427517831325531], [9, 3, 0.4219294786453247], [6, 2, 0.41183972358703613], [13, 0, 0.40175861120224], [1, 3, 0.40107080340385437], [8, 4, 0.3977687954902649], [10, 3, 0.38196635246276855], [7, 1, 0.3543736934661865]]",True,1,"[[6, 1, [""shall prepare""]], [9, 4, [""shall provide""]]]",0.03765125558501062,7,"[[13, 2, 0.05270153715399738], [12, 2, 0.03831739435181219], [5, 2, 0.021934835249222295]]",10.0,4,"[[13, 2, 20.0], [12, 2, 10.0], [13, 4, 0.0]]",20,0.10573073073073072,8,True,6.949273665668443e-05,10,1,6.949273665668443e-05,10,1
20,10491,memorandum,"December 17, 2003","September 09, 1996",0.43601831793785095,14,0.4778642803430557,8,"[[4, 1, 0.523564338684082], [1, 1, 0.5153130292892456], [0, 1, 0.5118986964225769], [3, 1, 0.49697795510292053], [2, 1, 0.49425947666168213], [8, 1, 0.47974321246147156], [1, 0, 0.47041597962379456], [10, 1, 0.4633970260620117], [5, 1, 0.46109384298324585], [6, 1, 0.4395158886909485], [12, 1, 0.43606889247894287], [11, 1, 0.4227685332298279], [9, 1, 0.4045516848564148], [13, 1, 0.39565610885620117], [7, 1, 0.3775293529033661]]",False,2,[],0.0124296696131777,13,"[[12, 1, 0.014391154492109396], [8, 1, 0.012471078413293441], [6, 1, 0.010426775934130264]]",0.0,6,"[[12, 1, 0.0], [13, 0, 0.0], [13, 1, 0.0]]",20,0.10447885447885448,9,True,0.0003785036678891629,8,1,0.0003770285693462938,8,1
20,11607,memorandum,"December 17, 2003","September 25, 1972",0.4791153073310852,7,0.46018317341804504,13,"[[4, 0, 0.529189944267273], [2, 0, 0.4575238823890686], [9, 0, 0.4547165036201477], [0, 0, 0.44561251997947693], [8, 0, 0.43906235694885254], [5, 0, 0.40629735589027405], [1, 0, 0.40013331174850464], [10, 0, 0.3822832405567169], [12, 0, 0.37116169929504395], [3, 0, 0.3683615028858185], [6, 0, 0.3681773543357849], [11, 0, 0.36157190799713135], [13, 0, 0.2627406120300293], [7, 0, 0.22963741421699524]]",False,2,[],0.030321121699277365,8,"[[12, 0, 0.036325917018693296], [13, 0, 0.03508214631610984], [8, 0, 0.019555301763028964]]",0.0,6,"[[11, 0, 0.0], [12, 0, 0.0], [13, 0, 0.0]]",20,0.10447885447885448,10,True,0.0012160416226834059,6,1,0.0012160416226834059,6,1
21,23,memorandum,"December 17, 2003","February 28, 2003",0.614120364189148,1,0.5701339542865753,2,"[[9, 5, 0.7252721190452576], [0, 1, 0.6167654991149902], [6, 5, 0.6120094060897827], [6, 4, 0.5978243350982666], [6, 6, 0.5958888530731201], [1, 11, 0.5866914391517639], [4, 11, 0.5845870971679688], [7, 1, 0.5754342079162598], [1, 9, 0.5701929330825806], [3, 3, 0.5673054456710815], [0, 0, 0.5628688335418701], [8, 8, 0.5623475313186646], [5, 6, 0.5590579509735107], [2, 8, 0.5564154386520386], [2, 12, 0.5519136786460876], [9, 10, 0.5361490249633789], [6, 17, 0.5211083889007568], [1, 2, 0.5200143456459045], [5, 7, 0.49188232421875], [9, 16, 0.4736223518848419], [5, 13, 0.4670324921607971], [5, 15, 0.4383361339569092], [9, 14, 0.4370121359825134]]",True,1,"[[0, 6, [""shall develop""]], [0, 7, [""shall develop""]], [0, 12, [""shall develop""]], [1, 1, [""shall coordinate""]], [2, 0, [""shall establish""]], [2, 2, [""shall establish""]], [2, 3, [""shall establish""]], [3, 1, [""shall coordinate""]], [4, 0, [""shall establish""]], [4, 2, [""shall establish""]], [4, 3, [""shall establish""]], [5, 0, [""shall establish""]], [5, 2, [""shall establish""]], [5, 3, [""shall establish""]], [6, 6, [""shall develop""]], [6, 7, [""shall develop""]], [6, 12, [""shall develop""]], [7, 6, [""shall develop""]], [7, 7, [""shall develop""]], [7, 12, [""shall develop""]], [8, 6, [""shall develop""]], [8, 7, [""shall develop""]], [8, 12, [""shall develop""]], [9, 5, [""shall provide""]], [9, 9, [""shall provide""]]]",0.07880394542064842,1,"[[0, 11, 0.08391942814084155], [0, 0, 0.08312580397829422], [1, 9, 0.06936660414280948]]",0.0,1,"[[9, 15, 0.0], [9, 16, 0.0], [9, 17, 0.0]]",20,0.1406926406926407,1,True,0.9339146018028259,1,1,0.9339146018028259,1,1
21,24,memorandum,"December 17, 2003","March 11, 2002",0.4575690031051636,20,0.5266097784042358,4,"[[9, 2, 0.6014747023582458], [6, 4, 0.5718532800674438], [8, 4, 0.5668705701828003], [1, 4, 0.5353866815567017], [4, 4, 0.5334510803222656], [8, 3, 0.5249224901199341], [4, 1, 0.5231258273124695], [9, 7, 0.5226562023162842], [3, 1, 0.5180368423461914], [7, 1, 0.5160061717033386], [5, 6, 0.5144611597061157], [0, 1, 0.4837651252746582], [9, 0, 0.48266053199768066], [2, 1, 0.4732770323753357], [9, 5, 0.432936429977417]]",True,1,"[[2, 4, [""shall establish""]], [4, 4, [""shall establish""]], [5, 4, [""shall establish""]]]",0.03869250902598859,2,"[[9, 2, 0.04743080890985431], [9, 7, 0.03525748888423305], [9, 6, 0.03338922928387843]]",0.0,1,"[[9, 5, 0.0], [9, 6, 0.0], [9, 7, 0.0]]",20,0.13474025974025974,2,True,0.00214894930832088,4,1,0.00214894930832088,4,1
21,11892,memorandum,"December 17, 2003","May 18, 1955",0.5917481184005737,3,0.570615142583847,1,"[[5, 0, 0.610150158405304], [7, 0, 0.6078199744224548], [3, 0, 0.5581752061843872], [4, 0, 0.5565595030784607], [8, 0, 0.5309104919433594], [1, 0, 0.5267753601074219], [6, 0, 0.5070723295211792], [2, 0, 0.49284031987190247], [0, 0, 0.47308728098869324], [9, 0, 0.4474108815193176]]",False,2,[],0.007270435207859596,13,"[[4, 0, 0.008549979004643226], [6, 0, 0.007661853455839992], [0, 0, 0.005599473163095571]]",0.0,1,"[[7, 0, 0.0], [8, 0, 0.0], [9, 0, 0.0]]",20,0.12554112554112554,3,True,0.0010162439430132508,6,1,0.0010162439430132508,6,1
21,11701,memorandum,"December 17, 2003","November 11, 1966",0.5139424800872803,6,0.5166000723838806,7,"[[8, 0, 0.6080002188682556], [5, 0, 0.550725519657135], [4, 0, 0.5328367948532104], [1, 1, 0.5199976563453674], [7, 0, 0.4812195897102356], [8, 2, 0.479911744594574], [0, 1, 0.4761780798435211], [3, 0, 0.46266040205955505], [6, 1, 0.45460933446884155], [2, 0, 0.44771048426628113], [9, 1, 0.4383646249771118]]",False,2,[],0.013423369084949838,5,"[[8, 1, 0.017533323013602747], [6, 1, 0.01187735335805053], [6, 0, 0.010859430883196236]]",0.0,1,"[[9, 0, 0.0], [9, 1, 0.0], [9, 2, 0.0]]",20,0.12465608465608466,4,True,0.004503272473812103,2,1,0.004503272473812103,2,1
21,10677,memorandum,"December 17, 2003","September 13, 1994",0.45871686935424805,18,0.49536050856113434,12,"[[1, 3, 0.545157253742218], [1, 1, 0.542094886302948], [3, 3, 0.5371509790420532], [4, 1, 0.5327168703079224], [8, 1, 0.5299091339111328], [7, 3, 0.5260200500488281], [5, 3, 0.4999772608280182], [8, 2, 0.46770304441452026], [0, 3, 0.4568127691745758], [6, 3, 0.45418164134025574], [4, 0, 0.43633249402046204], [9, 2, 0.4322139322757721], [2, 3, 0.41485095024108887]]",True,1,"[[1, 1, [""shall coordinate""]], [3, 1, [""shall coordinate""]]]",0.015237192466419391,3,"[[9, 0, 0.020726274292862806], [0, 3, 0.013495737303237346], [4, 2, 0.011489565803158016]]",0.0,1,"[[9, 1, 0.0], [9, 2, 0.0], [9, 3, 0.0]]",20,0.12234730848861283,5,True,4.7576457291143015e-05,10,1,4.7576457291143015e-05,10,1
21,11926,memorandum,"December 17, 2003","April 30, 1954",0.5943925380706787,2,0.5530463755130768,3,"[[5, 0, 0.5984898805618286], [7, 0, 0.5738661289215088], [4, 0, 0.5475789308547974], [8, 0, 0.5087406039237976], [3, 0, 0.5079399347305298], [6, 0, 0.49539661407470703], [1, 0, 0.48715972900390625], [2, 0, 0.4792044162750244], [0, 0, 0.4448333978652954], [9, 0, 0.432819128036499]]",False,2,[],0.00729945575689393,12,"[[4, 0, 0.008584106959552796], [6, 0, 0.007692436383484919], [0, 0, 0.005621823927644079]]",0.0,1,"[[7, 0, 0.0], [8, 0, 0.0], [9, 0, 0.0]]",20,0.12234730848861283,6,True,0.0002663404738996178,9,1,0.0002663404738996178,9,1
21,10491,memorandum,"December 17, 2003","September 09, 1996",0.495105117559433,7,0.5247757732868195,5,"[[1, 1, 0.5571050643920898], [3, 1, 0.5532422661781311], [8, 1, 0.5519940853118896], [4, 1, 0.5381536483764648], [3, 0, 0.5186394453048706], [7, 1, 0.5091558694839478], [0, 1, 0.49920815229415894], [5, 1, 0.49631306529045105], [2, 1, 0.4921709895133972], [6, 0, 0.47830626368522644], [9, 1, 0.4411431550979614]]",False,2,[],0.009300092715304513,9,"[[2, 0, 0.010894522863582676], [0, 1, 0.009563250830390427], [4, 0, 0.007442504451940435]]",0.0,1,"[[8, 1, 0.0], [9, 0, 0.0], [9, 1, 0.0]]",20,0.12210180623973726,7,True,0.0015487611526623368,5,1,0.0015487611526623368,5,1
21,11673,memorandum,"December 17, 2003","June 07, 1968",0.48288023471832275,9,0.48408782482147217,14,"[[1, 0, 0.5227056741714478], [8, 3, 0.515710175037384], [4, 0, 0.5092750191688538], [7, 0, 0.5055760145187378], [3, 0, 0.49803221225738525], [1, 4, 0.4850206971168518], [5, 3, 0.47997474670410156], [8, 1, 0.47968026995658875], [2, 0, 0.4667511582374573], [0, 0, 0.4420173466205597], [6, 0, 0.4410226047039032], [8, 2, 0.4342290163040161], [9, 2, 0.42600035667419434]]",False,2,[],0.013440452664833414,4,"[[1, 4, 0.024934337535832157], [0, 4, 0.00785258551248444], [7, 4, 0.007534434946183645]]",0.0,1,"[[9, 2, 0.0], [9, 3, 0.0], [9, 4, 0.0]]",20,0.11869747899159663,8,True,0.0004108485300093889,8,1,0.0004108485300093889,8,1
21,11662,memorandum,"December 17, 2003","November 08, 1968",0.476123571395874,10,0.5019024312496185,10,"[[1, 1, 0.5727721452713013], [3, 1, 0.5328434705734253], [5, 1, 0.5210844278335571], [4, 1, 0.5010870695114136], [4, 0, 0.4985567033290863], [8, 1, 0.4673355221748352], [2, 1, 0.45136696100234985], [0, 1, 0.43423992395401], [7, 0, 0.40899449586868286], [6, 1, 0.4076443314552307], [9, 0, 0.3840356171131134]]",False,2,[],0.011200426854660028,7,"[[1, 0, 0.015348152440613374], [0, 0, 0.009592713355503733], [1, 1, 0.00866041476786297]]",0.0,1,"[[8, 1, 0.0], [9, 0, 0.0], [9, 1, 0.0]]",20,0.11798941798941798,9,True,0.0024726232513785362,3,1,0.0024726232513785362,3,1
21,11704,memorandum,"December 17, 2003","September 02, 1966",0.48313799500465393,8,0.5150887668132782,8,"[[3, 0, 0.5525707602500916], [1, 0, 0.5410909056663513], [5, 0, 0.5393956899642944], [8, 0, 0.5292261838912964], [4, 0, 0.4882068932056427], [0, 0, 0.4564695954322815], [2, 0, 0.45159912109375], [7, 0, 0.42821186780929565], [6, 0, 0.40806567668914795], [9, 0, 0.38123100996017456]]",False,2,[],0.007430010307396855,10,"[[1, 0, 0.008475633327356227], [2, 0, 0.007229429683183195], [4, 0, 0.006584967911651145]]",0.0,1,"[[7, 0, 0.0], [8, 0, 0.0], [9, 0, 0.0]]",20,0.11666666666666667,10,True,0.000693242356646806,7,1,0.000693242356646806,7,1
22,24,memorandum,"September 16, 2003","March 11, 2002",0.48126283288002014,4,0.5620871484279633,1,"[[2, 4, 0.6156526803970337], [2, 3, 0.6100013852119446], [7, 7, 0.6051464080810547], [0, 1, 0.5794938206672668], [7, 2, 0.571853756904602], [7, 6, 0.5666483640670776], [1, 3, 0.5525346398353577], [5, 6, 0.5514423251152039], [4, 7, 0.5448166131973267], [1, 5, 0.5202582478523254], [2, 0, 0.5083433985710144], [6, 6, 0.4868490695953369], [3, 3, 0.4800606369972229]]",True,1,"[[1, 4, [""shall establish""]]]",0.0735479780038427,2,"[[7, 2, 0.08422342762544957], [7, 6, 0.08029244635351199], [4, 7, 0.056128060032566526]]",0.0,1,"[[7, 5, 0.0], [7, 6, 0.0], [7, 7, 0.0]]",20,0.1406926406926407,1,True,0.015306354500353336,5,1,0.015306354500353336,5,1
22,25,memorandum,"September 16, 2003","October 29, 2001",0.5446652770042419,1,0.5558996498584747,2,"[[2, 2, 0.652428150177002], [2, 12, 0.6347203254699707], [7, 19, 0.6129526495933533], [0, 18, 0.6030681729316711], [1, 0, 0.5953578948974609], [7, 20, 0.586129903793335], [1, 15, 0.5732364654541016], [6, 13, 0.5660719871520996], [1, 3, 0.5631755590438843], [2, 6, 0.5478575825691223], [5, 12, 0.5456397533416748], [6, 7, 0.5419514179229736], [4, 19, 0.5333534479141235], [2, 1, 0.5317815542221069], [7, 10, 0.530410647392273], [2, 14, 0.5261569023132324], [0, 5, 0.5122551918029785], [7, 17, 0.5076484680175781], [2, 4, 0.4890499711036682], [3, 12, 0.48158830404281616], [2, 16, 0.4602639973163605], [5, 9, 0.43007323145866394], [6, 8, 0.42237693071365356], [6, 11, 0.41085880994796753]]",True,1,"[[2, 5, [""shall implement""]], [3, 11, [""shall conduct""]], [4, 1, [""shall report""]], [5, 6, [""shall develop""]], [5, 9, [""shall develop""]], [6, 6, [""shall develop""]], [6, 9, [""shall develop""]], [7, 1, [""shall report""]]]",0.06725059442980148,4,"[[2, 2, 0.08300941139338779], [7, 2, 0.06851525062198122], [7, 18, 0.05022712127403545]]",0.0,1,"[[7, 18, 0.0], [7, 19, 0.0], [7, 20, 0.0]]",20,0.13474025974025974,2,True,0.10894504189491272,4,1,0.10894504189491272,4,1
22,23,memorandum,"September 16, 2003","February 28, 2003",0.5190731287002563,2,0.508637011051178,4,"[[5, 15, 0.5674500465393066], [0, 14, 0.5591464042663574], [5, 12, 0.5579807758331299], [5, 17, 0.5542970299720764], [5, 4, 0.5496068000793457], [2, 2, 0.5411593914031982], [1, 2, 0.5307183265686035], [7, 17, 0.5293926000595093], [7, 13, 0.5265629291534424], [7, 5, 0.5182588696479797], [5, 16, 0.5173770189285278], [1, 1, 0.5170426368713379], [5, 6, 0.5050781965255737], [2, 3, 0.5008224248886108], [7, 10, 0.4976729452610016], [0, 0, 0.4788281321525574], [6, 1, 0.47397473454475403], [5, 7, 0.47040703892707825], [4, 2, 0.4416975975036621], [3, 2, 0.43755412101745605], [5, 9, 0.42973241209983826], [5, 8, 0.4202626943588257], [5, 11, 0.41678667068481445]]",True,1,"[[1, 0, [""shall establish""]], [1, 2, [""shall establish""]], [1, 3, [""shall establish""]], [5, 6, [""shall develop""]], [5, 7, [""shall develop""]], [5, 12, [""shall develop""]], [6, 6, [""shall develop""]], [6, 7, [""shall develop""]], [6, 12, [""shall develop""]]]",0.07120248937648406,3,"[[7, 3, 0.10541118829044673], [7, 4, 0.06008277688898775], [7, 10, 0.04811350295001771]]",0.0,1,"[[7, 15, 0.0], [7, 16, 0.0], [7, 17, 0.0]]",20,0.1327639751552795,3,True,0.11201596260070801,3,1,0.11201596260070801,3,1
22,11614,memorandum,"September 16, 2003","March 08, 1972",0.3999304473400116,23,0.5319417864084244,3,"[[2, 0, 0.5731924176216125], [6, 1, 0.5585225820541382], [5, 1, 0.5196850895881653], [0, 1, 0.49520331621170044], [1, 0, 0.49023115634918213], [7, 1, 0.47612816095352173], [3, 0, 0.4637089967727661], [4, 1, 0.40753641724586487]]",False,2,[],0.03394042369040913,5,"[[7, 0, 0.051063684583841355], [2, 0, 0.026150843729449414], [0, 1, 0.024606742757936617]]",0.0,1,"[[6, 1, 0.0], [7, 0, 0.0], [7, 1, 0.0]]",20,0.13109730848861284,4,True,0.004198795184493065,7,1,0.004198795184493065,7,1
22,26,memorandum,"September 16, 2003","October 29, 2001",0.44027310609817505,10,0.4554869830608368,14,"[[5, 5, 0.5218409895896912], [5, 6, 0.5043029189109802], [2, 9, 0.4884083569049835], [5, 7, 0.4861752390861511], [7, 10, 0.475149929523468], [5, 0, 0.47022485733032227], [1, 9, 0.4640861749649048], [0, 9, 0.4478246569633484], [5, 3, 0.4465991258621216], [7, 1, 0.4449874758720398], [3, 8, 0.43734946846961975], [6, 5, 0.4225533604621887], [4, 2, 0.3957442343235016], [3, 4, 0.3271147906780243]]",False,2,[],0.0785205871774861,1,"[[7, 1, 0.09821457347256021], [7, 0, 0.09465545161565896], [7, 3, 0.042691736444239126]]",0.0,1,"[[7, 8, 0.0], [7, 9, 0.0], [7, 10, 0.0]]",20,0.12464985994397759,5,True,0.590779185295105,1,1,0.590779185295105,1,1
22,10060,memorandum,"September 16, 2003","March 12, 2002",0.4023352861404419,17,0.4953573942184448,7,"[[4, 1, 0.5877467393875122], [7, 1, 0.505704402923584], [6, 1, 0.48163193464279175], [5, 1, 0.46812447905540466], [0, 0, 0.4514462947845459], [3, 1, 0.4377143979072571], [2, 1, 0.43562912940979004], [1, 1, 0.4009486138820648]]",False,2,[],0.013754309878521456,7,"[[0, 1, 0.019108224451016745], [7, 1, 0.015325718229451342], [4, 1, 0.0068289869550962855]]",0.0,1,"[[6, 1, 0.0], [7, 0, 0.0], [7, 1, 0.0]]",20,0.12169312169312169,6,True,0.002491967985406518,9,1,0.002491967985406518,9,1
22,11326,memorandum,"September 16, 2003","April 07, 1980",0.4352404773235321,12,0.49451154470443726,8,"[[6, 0, 0.5405405759811401], [2, 0, 0.5231052041053772], [0, 0, 0.5025953054428101], [5, 0, 0.4600568413734436], [1, 0, 0.45628321170806885], [3, 0, 0.38047337532043457], [7, 0, 0.37928277254104614], [4, 0, 0.34552285075187683]]",False,2,[],0.01158060830647689,8,"[[7, 0, 0.01562916877330034], [2, 0, 0.013426100698857683], [4, 0, 0.005686555447272644]]",0.0,1,"[[5, 0, 0.0], [6, 0, 0.0], [7, 0, 0.0]]",20,0.11904761904761904,7,True,7.282752630999312e-05,10,1,7.282752630999312e-05,10,1
22,11607,memorandum,"September 16, 2003","September 25, 1972",0.49708428978919983,3,0.45937860012054443,11,"[[1, 0, 0.5241852402687073], [0, 0, 0.5036917924880981], [2, 0, 0.4767407774925232], [6, 0, 0.45404717326164246], [5, 0, 0.37110766768455505], [7, 0, 0.3225107789039612], [3, 0, 0.26325854659080505], [4, 0, 0.2410336434841156]]",False,2,[],0.023758256163657097,6,"[[7, 0, 0.04130905196331324], [2, 0, 0.016765232294825627], [0, 0, 0.013200484232832427]]",0.0,1,"[[5, 0, 0.0], [6, 0, 0.0], [7, 0, 0.0]]",20,0.11833865059671511,8,True,0.2845759987831116,2,1,0.2845759987831116,2,1
22,10121,memorandum,"September 16, 2003","January 15, 2001",0.45272427797317505,7,0.4960114061832428,6,"[[2, 0, 0.5280627012252808], [5, 0, 0.49687138199806213], [0, 0, 0.496305376291275], [6, 0, 0.47868937253952026], [1, 0, 0.45613792538642883], [4, 0, 0.4499770998954773], [3, 0, 0.43459951877593994], [7, 0, 0.3710373044013977]]",False,2,[],0.008004551345793932,13,"[[4, 0, 0.014906746140137823], [0, 0, 0.006550510653276461], [1, 0, 0.002556397243967506]]",0.0,1,"[[5, 0, 0.0], [6, 0, 0.0], [7, 0, 0.0]]",20,0.11638361638361638,9,True,0.0050211502239108086,6,1,0.0050211502239108086,6,1
22,10009,memorandum,"September 16, 2003","November 26, 2002",0.47937288880348206,5,0.49658478796482086,5,"[[0, 0, 0.5573325157165527], [1, 0, 0.5185652375221252], [6, 0, 0.5033531188964844], [5, 0, 0.44072508811950684], [2, 0, 0.4157145321369171], [4, 0, 0.37608012557029724], [7, 0, 0.3551713824272156], [3, 0, 0.31975454092025757]]",False,2,[],0.0,20,"[[5, 0, 0.0], [6, 0, 0.0], [7, 0, 0.0]]",0.0,1,"[[5, 0, 0.0], [6, 0, 0.0], [7, 0, 0.0]]",20,0.11261904761904762,10,True,0.0031480705365538597,8,1,0.0031480705365538597,8,1
23,24,memorandum,"February 28, 2003","March 11, 2002",0.5241512060165405,6,0.561566174030304,1,"[[16, 7, 0.6547259092330933], [4, 4, 0.6352664828300476], [4, 2, 0.6157882809638977], [4, 3, 0.6119250059127808], [5, 2, 0.6091323494911194], [17, 7, 0.5940030813217163], [2, 4, 0.5864161849021912], [4, 6, 0.5763183832168579], [13, 7, 0.5669254660606384], [14, 7, 0.5617058277130127], [15, 7, 0.5551453232765198], [0, 1, 0.5487654805183411], [17, 0, 0.5454845428466797], [9, 1, 0.5421254634857178], [1, 1, 0.5361112356185913], [6, 6, 0.5167679190635681], [7, 1, 0.5126673579216003], [10, 1, 0.4969989061355591], [3, 1, 0.4795621931552887], [12, 7, 0.465153306722641], [8, 1, 0.46210911870002747], [5, 5, 0.4527122974395752], [11, 1, 0.4505820870399475]]",True,1,"[[0, 4, [""shall establish""]], [2, 4, [""shall establish""]], [3, 4, [""shall establish""]], [4, 3, [""shall ensure""]], [4, 5, [""shall ensure""]], [17, 0, [""shall seek""]]]",0.1057677038055125,2,"[[17, 7, 0.1078063863049277], [3, 2, 0.10726112458977832], [17, 6, 0.10223560052183146]]",11.333333333333334,2,"[[3, 5, 34.0], [17, 5, 0.0], [17, 7, 0.0]]",20,0.13852813852813853,1,True,0.010489091277122498,2,1,0.010489091277122498,2,1
23,26,memorandum,"February 28, 2003","October 29, 2001",0.5090567469596863,8,0.5127081125974655,5,"[[3, 7, 0.6391072273254395], [5, 5, 0.5944316387176514], [3, 6, 0.5939801931381226], [13, 10, 0.5804036259651184], [6, 5, 0.5408572554588318], [0, 7, 0.54058837890625], [7, 5, 0.5355455875396729], [3, 3, 0.5226759314537048], [7, 9, 0.5220832824707031], [13, 0, 0.5197921395301819], [5, 1, 0.5189946889877319], [4, 10, 0.5074869394302368], [14, 3, 0.5065243244171143], [16, 9, 0.4903334975242615], [1, 7, 0.49007648229599], [3, 8, 0.48158228397369385], [12, 5, 0.4644370675086975], [5, 2, 0.4615480899810791], [15, 3, 0.46134352684020996], [2, 7, 0.44949838519096375], [9, 6, 0.4473896026611328], [17, 5, 0.4378185272216797], [10, 10, 0.4369351863861084], [11, 2, 0.41561591625213623], [8, 5, 0.3928871750831604], [13, 4, 0.3869752287864685]]",True,1,"[[1, 6, [""shall coordinate""]], [1, 7, [""shall coordinate""]], [4, 0, [""shall ensure""]], [4, 2, [""shall ensure""]], [4, 5, [""shall ensure""]], [5, 8, [""shall provide""]], [9, 8, [""shall provide""]], [10, 10, [""shall assist""]]]",0.1474653955772712,1,"[[3, 1, 0.17538785952150798], [3, 0, 0.15418731233591532], [10, 1, 0.11282101487439032]]",15.333333333333334,1,"[[3, 3, 36.0], [3, 0, 10.0], [17, 8, 0.0]]",20,0.13523809523809524,2,True,0.026355354115366936,1,1,0.026355354115366936,1,1
23,10491,memorandum,"February 28, 2003","September 09, 1996",0.5954322814941406,1,0.5220022350549698,2,"[[1, 1, 0.5837488770484924], [9, 1, 0.5739181637763977], [3, 1, 0.5621145367622375], [0, 1, 0.5619577765464783], [1, 0, 0.5476452708244324], [6, 1, 0.5325809717178345], [10, 1, 0.5301516056060791], [2, 1, 0.5032437443733215], [4, 0, 0.5008001923561096], [11, 1, 0.486646443605423], [7, 1, 0.47073861956596375], [12, 1, 0.46599772572517395], [8, 1, 0.4551534056663513], [5, 1, 0.4288104772567749], [14, 1, 0.4286835789680481], [13, 1, 0.40952372550964355], [16, 1, 0.3950350284576416], [15, 1, 0.3685774505138397], [17, 1, 0.35185134410858154]]",False,2,[],0.015569614389685989,8,"[[1, 0, 0.016329316323830067], [9, 1, 0.01570307297220146], [4, 0, 0.01467645387302644]]",0.0,3,"[[16, 1, 0.0], [17, 0, 0.0], [17, 1, 0.0]]",20,0.12464709203839638,3,True,0.0023413405288010836,4,1,0.0023413405288010836,4,1
23,11944,memorandum,"February 28, 2003","June 01, 1953",0.5141778588294983,7,0.5011593699455261,6,"[[3, 4, 0.5979866981506348], [3, 1, 0.5696778297424316], [0, 4, 0.5286083221435547], [1, 4, 0.5279266238212585], [5, 3, 0.5194234251976013], [4, 3, 0.5182376503944397], [6, 3, 0.5016432404518127], [7, 3, 0.49758490920066833], [13, 3, 0.4972086548805237], [2, 1, 0.47785696387290955], [9, 1, 0.47591257095336914], [14, 4, 0.4704083204269409], [3, 2, 0.46909967064857483], [10, 3, 0.4669031798839569], [3, 0, 0.46287083625793457], [12, 3, 0.44075292348861694], [15, 4, 0.44020143151283264], [17, 4, 0.4379942715167999], [16, 4, 0.4309133291244507], [8, 4, 0.40314602851867676], [11, 1, 0.38041824102401733]]",False,2,[],0.0178084379194296,7,"[[13, 3, 0.0283785569917554], [15, 0, 0.01534006933540024], [17, 0, 0.009706687431133154]]",0.0,3,"[[17, 2, 0.0], [17, 3, 0.0], [17, 4, 0.0]]",20,0.11897683636814071,4,True,0.00022516825993079692,10,1,0.00022516825993079692,10,1
23,10008,memorandum,"February 28, 2003","November 26, 2002",0.49698400497436523,10,0.5155636817216873,4,"[[1, 0, 0.5804555416107178], [9, 0, 0.5200324058532715], [0, 0, 0.5153298377990723], [14, 0, 0.5037247538566589], [3, 0, 0.4867984652519226], [6, 0, 0.48087161779403687], [15, 0, 0.46087172627449036], [10, 0, 0.4549071192741394], [13, 0, 0.4484493136405945], [17, 0, 0.43657970428466797], [12, 0, 0.43517985939979553], [11, 0, 0.42356669902801514], [7, 0, 0.4166032671928406], [4, 0, 0.4117668867111206], [5, 0, 0.40376415848731995], [8, 0, 0.40240851044654846], [16, 0, 0.366415411233902], [2, 0, 0.3643677532672882]]",False,2,[],0.011663720341032266,14,"[[15, 0, 0.017770966980712084], [14, 0, 0.009884061542791013], [11, 0, 0.007336132499593696]]",0.0,3,"[[15, 0, 0.0], [16, 0, 0.0], [17, 0, 0.0]]",20,0.11455669224211423,5,True,0.0003275842755101621,6,1,0.0003275842755101621,6,1
23,11181,memorandum,"February 28, 2003","October 27, 1986",0.4894769787788391,13,0.48208197951316833,11,"[[3, 2, 0.6011301279067993], [1, 2, 0.5656478404998779], [9, 2, 0.5308220982551575], [2, 2, 0.53055739402771], [6, 2, 0.5238626599311829], [0, 2, 0.5030351281166077], [3, 3, 0.48944705724716187], [10, 2, 0.4866522550582886], [3, 0, 0.4579978883266449], [3, 1, 0.45294374227523804], [7, 2, 0.45253950357437134], [4, 2, 0.45164749026298523], [8, 2, 0.44760850071907043], [13, 2, 0.4455411434173584], [12, 2, 0.43089914321899414], [15, 0, 0.417836993932724], [11, 2, 0.41609930992126465], [17, 2, 0.40087324380874634], [5, 0, 0.3969346582889557], [16, 2, 0.3814697861671448], [14, 0, 0.36495983600616455]]",True,1,"[[8, 2, [""shall consult""]]]",0.018922352165991724,6,"[[3, 0, 0.027695855921494685], [3, 1, 0.014819669299320517], [15, 0, 0.014251531277159975]]",0.0,3,"[[17, 1, 0.0], [17, 2, 0.0], [17, 3, 0.0]]",20,0.11419786384723271,6,True,0.00033930176869034767,5,1,0.00033930176869034767,5,1
23,10968,memorandum,"February 28, 2003","January 25, 1991",0.5059695243835449,9,0.47492852807044983,13,"[[10, 1, 0.534940779209137], [9, 1, 0.5229981541633606], [3, 1, 0.5023248791694641], [4, 1, 0.4889349341392517], [6, 1, 0.46867191791534424], [2, 1, 0.46844160556793213], [13, 1, 0.4649670124053955], [3, 0, 0.45989492535591125], [7, 1, 0.4560867249965668], [1, 1, 0.45589178800582886], [11, 1, 0.4544668197631836], [5, 1, 0.4401722550392151], [15, 0, 0.43629464507102966], [17, 0, 0.4244343936443329], [12, 1, 0.42137864232063293], [8, 1, 0.4170178771018982], [16, 1, 0.39876237511634827], [14, 0, 0.39627668261528015], [0, 1, 0.39184463024139404]]",True,1,"[[8, 1, [""shall consult""]]]",0.022153121832523503,5,"[[9, 1, 0.030192503484583702], [11, 1, 0.01932001718812879], [8, 1, 0.016946844824858025]]",0.0,3,"[[16, 1, 0.0], [17, 0, 0.0], [17, 1, 0.0]]",20,0.11378129117259553,7,True,0.0002287133247591555,9,1,0.0002287133247591555,9,1
23,11673,memorandum,"February 28, 2003","June 07, 1968",0.5358080267906189,5,0.491937056183815,8,"[[0, 1, 0.5787377953529358], [1, 4, 0.5726778507232666], [1, 0, 0.5284791588783264], [3, 4, 0.5233569741249084], [9, 0, 0.5144126415252686], [2, 3, 0.49516525864601135], [7, 1, 0.4932593107223511], [10, 3, 0.4683162569999695], [6, 1, 0.4608129560947418], [1, 2, 0.45677831768989563], [13, 3, 0.4451057016849518], [4, 4, 0.4410790205001831], [5, 3, 0.4396938979625702], [8, 3, 0.4330314099788666], [12, 3, 0.42847636342048645], [11, 0, 0.4244399070739746], [14, 3, 0.40124833583831787], [17, 3, 0.39782074093818665], [16, 3, 0.3950985074043274], [15, 3, 0.32238224148750305]]",False,2,[],0.01531755520923554,9,"[[13, 3, 0.01614546105494879], [15, 4, 0.015079240351056022], [8, 3, 0.01472796422170181]]",0.0,3,"[[17, 2, 0.0], [17, 3, 0.0], [17, 4, 0.0]]",20,0.11367530520454058,8,True,0.00022960825299378484,8,1,0.00022960825299378484,8,1
23,11607,memorandum,"February 28, 2003","September 25, 1972",0.46816739439964294,21,0.4464132934808731,20,"[[0, 0, 0.5269239544868469], [1, 0, 0.4992572069168091], [3, 0, 0.45948320627212524], [6, 0, 0.4100418984889984], [4, 0, 0.4017167091369629], [5, 0, 0.38820621371269226], [14, 0, 0.3828209638595581], [7, 0, 0.37581172585487366], [9, 0, 0.34858840703964233], [13, 0, 0.3456784784793854], [2, 0, 0.34365516901016235], [15, 0, 0.33366918563842773], [12, 0, 0.3196401596069336], [8, 0, 0.30544188618659973], [10, 0, 0.3010631799697876], [16, 0, 0.28917059302330017], [17, 0, 0.2863677740097046], [11, 0, 0.26871028542518616]]",False,2,[],0.03644116706107082,3,"[[3, 0, 0.06476453512775676], [10, 0, 0.023027258384554498], [4, 0, 0.02153170767090119]]",0.0,3,"[[15, 0, 0.0], [16, 0, 0.0], [17, 0, 0.0]]",20,0.11195652173913043,9,True,0.003324436955153942,3,1,0.0032986511941999197,3,1
23,10058,memorandum,"February 28, 2003","March 19, 2002",0.49267691373825073,12,0.5187919437885284,3,"[[1, 0, 0.5912095308303833], [9, 0, 0.518772304058075], [0, 0, 0.5093252658843994], [3, 0, 0.4848322868347168], [14, 0, 0.4766618609428406], [6, 0, 0.4697791039943695], [13, 0, 0.4637753367424011], [10, 0, 0.4519934058189392], [12, 0, 0.44223594665527344], [15, 0, 0.4253997802734375], [17, 0, 0.424957811832428], [11, 0, 0.4215007424354553], [7, 0, 0.4120177924633026], [4, 0, 0.40508976578712463], [8, 0, 0.40405330061912537], [5, 0, 0.3917268216609955], [2, 0, 0.3913325369358063], [16, 0, 0.35007500648498535]]",False,2,[],0.005641685073331532,21,"[[11, 0, 0.00849077504121469], [13, 0, 0.005279802974480925], [15, 0, 0.0031544772042989807]]",0.0,3,"[[15, 0, 0.0], [16, 0, 0.0], [17, 0, 0.0]]",20,0.11134676564156945,10,True,0.00028130740975029767,7,1,0.00028130740975029767,7,1
24,26,memorandum,"March 11, 2002","October 29, 2001",0.46055036783218384,2,0.4832174926996231,3,"[[0, 9, 0.5459384918212891], [6, 10, 0.5262320637702942], [6, 1, 0.5229389667510986], [2, 5, 0.520857572555542], [7, 1, 0.5097141265869141], [6, 0, 0.5075715780258179], [1, 9, 0.5066541433334351], [0, 3, 0.5023105144500732], [0, 6, 0.4721882939338684], [6, 7, 0.47097745537757874], [0, 8, 0.4542718827724457], [5, 9, 0.43157774209976196], [2, 2, 0.4301185607910156], [3, 9, 0.4154689311981201], [4, 7, 0.4103766679763794], [6, 4, 0.36050185561180115]]",True,1,"[[3, 0, [""shall ensure""]], [3, 2, [""shall ensure""]], [3, 5, [""shall ensure""]], [5, 0, [""shall ensure""]], [5, 2, [""shall ensure""]], [5, 5, [""shall ensure""]]]",0.10351552945187713,1,"[[2, 1, 0.1224137429261849], [6, 1, 0.0958669553485613], [7, 1, 0.09226589008088519]]",9.666666666666666,1,"[[5, 3, 18.0], [2, 0, 11.0], [7, 10, 0.0]]",20,0.13871635610766045,1,True,0.01214717049151659,2,1,0.01214717049151659,2,1
24,11892,memorandum,"March 11, 2002","May 18, 1955",0.39461758732795715,13,0.48695364594459534,2,"[[1, 0, 0.533685028553009], [4, 0, 0.48291015625], [2, 0, 0.4764719605445862], [3, 0, 0.4629116654396057], [0, 0, 0.4484984278678894], [6, 0, 0.39778950810432434], [7, 0, 0.3879290819168091], [5, 0, 0.33158230781555176]]",False,2,[],0.009456443230091031,6,"[[4, 0, 0.016810751440576345], [3, 0, 0.007582156879969773], [5, 0, 0.0039764213697269755]]",0.0,3,"[[5, 0, 0.0], [6, 0, 0.0], [7, 0, 0.0]]",20,0.12739434478564915,2,True,5.245676948106848e-05,8,1,5.245676948106848e-05,8,1
24,10607,memorandum,"March 11, 2002","June 28, 1995",0.4791429340839386,1,0.4751162528991699,7,"[[7, 2, 0.5693298578262329], [0, 2, 0.5218758583068848], [0, 3, 0.4998762309551239], [0, 9, 0.4946165382862091], [0, 6, 0.49151691794395447], [0, 10, 0.49075832962989807], [6, 2, 0.4881620407104492], [0, 0, 0.48431262373924255], [2, 2, 0.48073142766952515], [0, 1, 0.45598575472831726], [1, 0, 0.4514671564102173], [4, 2, 0.44181394577026367], [3, 2, 0.44008976221084595], [0, 5, 0.4382193684577942], [5, 3, 0.43648892641067505], [0, 11, 0.43626099824905396], [0, 8, 0.43603357672691345], [0, 7, 0.4324839115142822], [0, 4, 0.42845696210861206]]",True,1,"[[4, 3, [""shall establish""]], [4, 4, [""shall establish""]], [4, 5, [""shall establish""]]]",0.011976119592512153,3,"[[6, 2, 0.016325558985312502], [7, 2, 0.016022032609972973], [5, 0, 0.0035807671822509868]]",0.0,3,"[[7, 9, 0.0], [7, 10, 0.0], [7, 11, 0.0]]",20,0.12399355877616747,3,True,0.0002387526328675449,4,1,0.0002387526328675449,4,1
24,11926,memorandum,"March 11, 2002","April 30, 1954",0.37681394815444946,24,0.4756581038236618,6,"[[1, 0, 0.5234130620956421], [4, 0, 0.4604724645614624], [0, 0, 0.45342421531677246], [2, 0, 0.4500387907028198], [3, 0, 0.43044620752334595], [7, 0, 0.3952283263206482], [6, 0, 0.38515254855155945], [5, 0, 0.32504957914352417]]",False,2,[],0.0094941894126239,5,"[[4, 0, 0.016877852958234858], [3, 0, 0.007612421692079413], [5, 0, 0.003992293587557429]]",0.0,3,"[[5, 0, 0.0], [6, 0, 0.0], [7, 0, 0.0]]",20,0.12193979933110369,4,True,2.5367122361785732e-05,10,1,2.5367122361785732e-05,10,1
24,11976,memorandum,"March 11, 2002","March 04, 1949",0.4307156205177307,4,0.49025461077690125,1,"[[2, 0, 0.5120851397514343], [1, 0, 0.4945690929889679], [0, 0, 0.48559948801994324], [7, 0, 0.4691642224788666], [3, 0, 0.46771496534347534], [6, 0, 0.4640243649482727], [4, 0, 0.430097758769989], [5, 0, 0.4241374731063843]]",False,2,[],0.0,13,"[[5, 0, 0.0], [6, 0, 0.0], [7, 0, 0.0]]",0.0,3,"[[5, 0, 0.0], [6, 0, 0.0], [7, 0, 0.0]]",20,0.12140033879164314,5,True,6.605214002775028e-05,7,1,6.65701663820073e-05,7,1
24,10456,memorandum,"March 11, 2002","January 25, 1997",0.4098252058029175,6,0.4789371192455292,4,"[[2, 1, 0.5263598561286926], [3, 1, 0.5156170129776001], [6, 1, 0.49484121799468994], [7, 1, 0.4848530888557434], [4, 1, 0.4732521176338196], [0, 1, 0.46409741044044495], [5, 1, 0.45889419317245483], [1, 1, 0.43373870849609375], [4, 0, 0.42647525668144226]]",False,2,[],0.007228589698319116,9,"[[3, 0, 0.011914116358653564], [2, 0, 0.009771652736303782], [7, 1, 0.0]]",0.0,3,"[[6, 1, 0.0], [7, 0, 0.0], [7, 1, 0.0]]",20,0.11962768615692154,6,True,0.0001523675600765273,6,1,0.0001523675600765273,5,1
24,11607,memorandum,"March 11, 2002","September 25, 1972",0.42498862743377686,5,0.4262302368879318,13,"[[1, 0, 0.46523815393447876], [5, 0, 0.4347056746482849], [0, 0, 0.41650861501693726], [2, 0, 0.3921683728694916], [6, 0, 0.3598267436027527], [4, 0, 0.3558107614517212], [3, 0, 0.34281033277511597], [7, 0, 0.33070987462997437]]",False,2,[],0.01531025372182527,2,"[[2, 0, 0.016515517809060895], [7, 0, 0.014822487064041849], [6, 0, 0.014592756292373069]]",0.0,3,"[[5, 0, 0.0], [6, 0, 0.0], [7, 0, 0.0]]",20,0.11923583662714098,7,True,0.014392335899174213,1,1,0.014392335899174213,1,1
24,11474,memorandum,"March 11, 2002","September 14, 1977",0.4523361921310425,3,0.4298754334449768,11,"[[7, 1, 0.461557537317276], [7, 0, 0.4521943926811218], [6, 1, 0.4485728144645691], [0, 1, 0.42900151014328003], [2, 1, 0.40814441442489624], [4, 1, 0.3979562222957611], [1, 1, 0.39730972051620483], [5, 1, 0.3439556062221527], [3, 1, 0.3365013003349304]]",False,2,[],0.010884001634954949,4,"[[2, 0, 0.013188585744985382], [7, 0, 0.010341367203824392], [6, 0, 0.009122051956055076]]",0.0,3,"[[6, 1, 0.0], [7, 0, 0.0], [7, 1, 0.0]]",20,0.1174029920523609,8,True,3.9135655242716894e-05,9,1,3.9135655242716894e-05,9,1
24,11728,memorandum,"March 11, 2002","February 16, 1966",0.38315463066101074,20,0.47687678039073944,5,"[[2, 0, 0.5208180546760559], [7, 0, 0.4653482139110565], [1, 0, 0.43793243169784546], [0, 0, 0.43391311168670654], [6, 0, 0.42647281289100647], [3, 0, 0.4158034324645996], [4, 0, 0.38249480724334717], [5, 0, 0.3807012140750885]]",False,2,[],0.0032671974195664067,12,"[[5, 0, 0.00627256562139219], [2, 0, 0.003529026637307029], [6, 0, 0.0]]",0.0,3,"[[5, 0, 0.0], [6, 0, 0.0], [7, 0, 0.0]]",20,0.11472826086956522,9,True,0.0003514382697176188,3,1,0.0003514382697176188,3,1
24,11897,memorandum,"March 11, 2002","October 14, 1954",0.39504408836364746,12,0.4525044858455658,9,"[[2, 0, 0.49711987376213074], [1, 0, 0.4575318694114685], [0, 0, 0.41830629110336304], [7, 0, 0.41718775033950806], [4, 0, 0.37780454754829407], [6, 0, 0.3738771975040436], [3, 0, 0.36920154094696045], [5, 0, 0.35208365321159363]]",False,2,[],0.006534573313294256,10,"[[1, 0, 0.008690738037318691], [5, 0, 0.007684690266108948], [2, 0, 0.0032282916364551246]]",0.0,3,"[[5, 0, 0.0], [6, 0, 0.0], [7, 0, 0.0]]",20,0.11129435282358821,10,True,0.0001529638102510944,5,1,0.0001523675600765273,6,1
25,10192,memorandum,"October 29, 2001","April 19, 2000",0.4264608323574066,8,0.5243250727653503,4,"[[7, 1, 0.6053987145423889], [5, 2, 0.6051455736160278], [5, 6, 0.5950073003768921], [11, 2, 0.5870948433876038], [7, 0, 0.5736778378486633], [4, 2, 0.5726895928382874], [8, 1, 0.5429707765579224], [12, 1, 0.533157229423523], [6, 5, 0.5181691646575928], [5, 3, 0.5178433060646057], [13, 1, 0.502055823802948], [1, 6, 0.49916210770606995], [9, 1, 0.49767330288887024], [20, 7, 0.485463410615921], [10, 6, 0.48218703269958496], [0, 6, 0.48093611001968384], [15, 1, 0.4793965220451355], [5, 4, 0.47529950737953186], [18, 2, 0.47472649812698364], [19, 5, 0.45666489005088806], [17, 5, 0.4565644860267639], [2, 2, 0.4511531889438629], [16, 5, 0.44684505462646484], [14, 5, 0.43721744418144226], [3, 2, 0.41996926069259644]]",True,1,"[[0, 5, [""shall ensure""]], [2, 5, [""shall ensure""]], [7, 1, [""shall identify""]]]",0.03658818041203696,2,"[[12, 2, 0.04002257911583687], [10, 3, 0.03863848354122772], [12, 3, 0.031103478579046287]]",0.0,2,"[[20, 5, 0.0], [20, 6, 0.0], [20, 7, 0.0]]",20,0.13257575757575757,1,True,0.00018235458992421627,8,1,0.00018235458992421627,8,1
25,10638,memorandum,"October 29, 2001","February 07, 1995",0.5598150491714478,1,0.5260278582572937,2,"[[0, 12, 0.615171492099762], [0, 6, 0.6060425043106079], [3, 14, 0.5911889672279358], [15, 2, 0.5881534814834595], [0, 7, 0.5825670957565308], [4, 12, 0.5762071013450623], [15, 1, 0.5729204416275024], [15, 4, 0.5609145164489746], [13, 14, 0.5570414066314697], [11, 5, 0.5557648539543152], [7, 12, 0.5534967184066772], [12, 5, 0.5471764802932739], [11, 13, 0.5408419370651245], [18, 14, 0.5329785943031311], [7, 9, 0.525271475315094], [15, 11, 0.521560788154602], [1, 12, 0.520747721195221], [0, 8, 0.5150743126869202], [5, 14, 0.5146077871322632], [9, 5, 0.5048350095748901], [12, 10, 0.4891833961009979], [0, 3, 0.4882957339286804], [8, 9, 0.48281681537628174], [6, 12, 0.4737541079521179], [20, 5, 0.4680480659008026], [2, 14, 0.46101683378219604], [4, 0, 0.4392448663711548], [19, 5, 0.43297767639160156], [17, 11, 0.43173128366470337], [10, 12, 0.415538489818573], [14, 2, 0.4095119535923004], [16, 11, 0.3913303017616272]]",True,1,"[[5, 1, [""shall implement""]], [5, 14, [""shall implement""]], [6, 7, [""shall develop""]], [9, 7, [""shall develop""]], [12, 0, [""shall seek""]], [12, 13, [""shall seek""]]]",0.029994207161984223,4,"[[1, 2, 0.04828958840568763], [1, 5, 0.023610805799058693], [12, 13, 0.018082227281206346]]",0.0,2,"[[0, 0, 0.0], [20, 13, 0.0], [20, 14, 0.0]]",20,0.13257575757575757,2,True,0.002491967985406518,5,1,0.002491967985406518,5,1
25,11620,memorandum,"October 29, 2001","September 07, 1971",0.41547566652297974,14,0.5390303432941437,1,"[[18, 1, 0.5970078110694885], [6, 1, 0.5802342891693115], [0, 1, 0.5523344874382019], [1, 1, 0.5438193082809448], [15, 1, 0.5398956537246704], [0, 0, 0.53359454870224], [2, 1, 0.5318922400474548], [7, 1, 0.5315494537353516], [17, 1, 0.5303785800933838], [20, 1, 0.5268362164497375], [13, 1, 0.5225709080696106], [11, 1, 0.5166552662849426], [12, 1, 0.5115670561790466], [16, 1, 0.5046454668045044], [4, 1, 0.5008563995361328], [3, 1, 0.4999152421951294], [10, 1, 0.487579345703125], [19, 1, 0.48020321130752563], [14, 1, 0.4691254496574402], [5, 1, 0.45686256885528564], [8, 1, 0.45355382561683655], [9, 1, 0.43046554923057556]]",False,2,[],0.024734163181894392,7,"[[0, 1, 0.029516044620547566], [18, 1, 0.024574710974446922], [16, 1, 0.02011173395068869]]",0.0,2,"[[19, 1, 0.0], [20, 0, 0.0], [20, 1, 0.0]]",20,0.13011063011063012,3,True,0.0006462032906711102,6,1,0.0006462032906711102,6,1
25,11326,memorandum,"October 29, 2001","April 07, 1980",0.4227536618709564,9,0.5057863146066666,6,"[[0, 0, 0.5543571710586548], [1, 0, 0.5317698121070862], [15, 0, 0.5188621878623962], [12, 0, 0.5142470598220825], [5, 0, 0.506389319896698], [13, 0, 0.498221218585968], [3, 0, 0.4979340732097626], [7, 0, 0.49680954217910767], [4, 0, 0.48715195059776306], [18, 0, 0.4870869517326355], [2, 0, 0.4597323536872864], [20, 0, 0.44388970732688904], [8, 0, 0.42844563722610474], [17, 0, 0.4169390797615051], [10, 0, 0.41483598947525024], [9, 0, 0.40832579135894775], [11, 0, 0.4049195647239685], [6, 0, 0.3905087113380432], [14, 0, 0.3849721848964691], [19, 0, 0.3793112635612488], [16, 0, 0.3768148422241211]]",False,2,[],0.03154607871273012,3,"[[6, 0, 0.03891351064111797], [12, 0, 0.0377964425265432], [14, 0, 0.017928282970529202]]",0.0,2,"[[18, 0, 0.0], [19, 0, 0.0], [20, 0, 0.0]]",20,0.12739434478564915,4,True,0.0001523675600765273,9,1,0.0001523675600765273,9,1
25,10931,memorandum,"October 29, 2001","June 25, 1991",0.39847174286842346,19,0.40907733142375946,16,"[[6, 4, 0.552000105381012], [1, 4, 0.48262572288513184], [0, 4, 0.4734194874763489], [12, 4, 0.46958741545677185], [10, 4, 0.4646027088165283], [18, 4, 0.46187499165534973], [17, 4, 0.4569370448589325], [2, 4, 0.4555087983608246], [7, 4, 0.4418654143810272], [5, 4, 0.4413686990737915], [14, 4, 0.43583136796951294], [13, 4, 0.4345870614051819], [20, 4, 0.42457565665245056], [4, 4, 0.4205831289291382], [15, 4, 0.41640812158584595], [17, 3, 0.4139433801174164], [3, 4, 0.4129163920879364], [16, 4, 0.4111279845237732], [19, 4, 0.3969143331050873], [11, 4, 0.39260128140449524], [6, 0, 0.36717963218688965], [9, 4, 0.35395681858062744], [8, 4, 0.32993826270103455], [17, 2, 0.31273311376571655], [10, 1, 0.2712904214859009]]",False,2,[],0.03825796147726418,1,"[[6, 4, 0.059521969771211956], [13, 4, 0.029385051902997016], [10, 4, 0.02586686275758357]]",0.0,2,"[[20, 2, 0.0], [20, 3, 0.0], [20, 4, 0.0]]",20,0.12085137085137085,5,True,0.00018522574100643396,7,1,0.00018522574100643396,7,1
25,11607,memorandum,"October 29, 2001","September 25, 1972",0.512870728969574,2,0.4726700037717819,9,"[[18, 0, 0.5470883250236511], [0, 0, 0.541265070438385], [1, 0, 0.4978252053260803], [4, 0, 0.49778640270233154], [3, 0, 0.49611321091651917], [15, 0, 0.4745042026042938], [13, 0, 0.42133766412734985], [2, 0, 0.4128887355327606], [6, 0, 0.4075276255607605], [10, 0, 0.3924899697303772], [5, 0, 0.38556715846061707], [7, 0, 0.37667351961135864], [17, 0, 0.37379276752471924], [12, 0, 0.36733710765838623], [20, 0, 0.3622317314147949], [19, 0, 0.3388216197490692], [14, 0, 0.30829280614852905], [11, 0, 0.30810967087745667], [8, 0, 0.30357298254966736], [16, 0, 0.2955818772315979], [9, 0, 0.25447845458984375]]",False,2,[],0.025237242735491144,6,"[[6, 0, 0.029656251716030695], [19, 0, 0.024304675002059718], [2, 0, 0.02175080148838301]]",6.666666666666667,1,"[[14, 0, 10.0], [16, 0, 10.0], [20, 0, 0.0]]",20,0.12056334470127573,6,True,0.06853749603033066,1,1,0.06853749603033066,1,1
25,11573,memorandum,"October 29, 2001","January 06, 1975",0.412651002407074,16,0.4637911319732666,11,"[[0, 0, 0.5231978297233582], [1, 0, 0.49024465680122375], [18, 0, 0.4894710183143616], [4, 0, 0.44793397188186646], [15, 0, 0.44305527210235596], [10, 0, 0.4402850866317749], [13, 0, 0.43864503502845764], [6, 0, 0.43851104378700256], [12, 0, 0.43474847078323364], [7, 0, 0.4315178096294403], [3, 0, 0.40431901812553406], [5, 0, 0.3812372386455536], [8, 0, 0.3606039583683014], [11, 0, 0.360010027885437], [2, 0, 0.35848039388656616], [17, 0, 0.35840338468551636], [20, 0, 0.35252153873443604], [9, 0, 0.34678223729133606], [14, 0, 0.3366423547267914], [19, 0, 0.33066266775131226], [16, 0, 0.32480067014694214]]",False,2,[],0.027974816872256586,5,"[[19, 0, 0.03300032988193539], [16, 0, 0.027650176126872365], [14, 0, 0.023273944607962005]]",0.0,2,"[[18, 0, 0.0], [19, 0, 0.0], [20, 0, 0.0]]",20,0.11771260997067448,7,True,0.0034296035300940275,4,1,0.0034296035300940275,4,1
25,11896,memorandum,"October 29, 2001","November 06, 1954",0.4186844825744629,12,0.48273172974586487,8,"[[1, 1, 0.5327960848808289], [0, 1, 0.5055660605430603], [18, 1, 0.504577100276947], [4, 1, 0.502585232257843], [7, 1, 0.49689623713493347], [13, 1, 0.49527329206466675], [6, 0, 0.4916272461414337], [12, 1, 0.48328691720962524], [11, 1, 0.4646208882331848], [15, 1, 0.4548609256744385], [5, 1, 0.45110583305358887], [2, 1, 0.4486195743083954], [3, 1, 0.4419843554496765], [8, 1, 0.42200320959091187], [14, 0, 0.4192443788051605], [10, 1, 0.4185125231742859], [16, 0, 0.4171895682811737], [17, 1, 0.41272133588790894], [20, 0, 0.3874812722206116], [9, 1, 0.3866727650165558], [19, 1, 0.3806633949279785]]",True,1,"[[10, 1, [""shall consult""]]]",0.01832450514932797,8,"[[16, 1, 0.02166773606409258], [14, 1, 0.019184030281842915], [12, 1, 0.014121749102048418]]",0.0,2,"[[19, 1, 0.0], [20, 0, 0.0], [20, 1, 0.0]]",20,0.11688311688311688,8,True,2.8078768082195893e-05,10,1,2.8078768082195893e-05,10,1
25,10237,memorandum,"October 29, 2001","September 24, 1999",0.473221093416214,5,0.5252110362052917,3,"[[0, 0, 0.6041280031204224], [15, 0, 0.5169588923454285], [5, 0, 0.5097684264183044], [4, 0, 0.4997662603855133], [7, 0, 0.49754518270492554], [18, 0, 0.49405035376548767], [1, 0, 0.49378976225852966], [12, 0, 0.48388633131980896], [3, 0, 0.4812432527542114], [8, 0, 0.4730784595012665], [9, 0, 0.466117262840271], [13, 0, 0.4602651298046112], [11, 0, 0.43774908781051636], [2, 0, 0.40809211134910583], [10, 0, 0.39500439167022705], [20, 0, 0.38699573278427124], [17, 0, 0.3759096562862396], [14, 0, 0.35915935039520264], [19, 0, 0.35911092162132263], [6, 0, 0.3505095839500427], [16, 0, 0.3190474510192871]]",False,2,[],0.0063634969431255765,16,"[[18, 0, 0.009281869371307308], [15, 0, 0.0049570786508808485], [0, 0, 0.0048515428071885715]]",0.0,2,"[[18, 0, 0.0], [19, 0, 0.0], [20, 0, 0.0]]",20,0.11671058410188845,9,True,0.00851130299270153,2,1,0.00851130299270153,2,1
25,10121,memorandum,"October 29, 2001","January 15, 2001",0.47454938292503357,4,0.5238662958145142,5,"[[0, 0, 0.6025694012641907], [15, 0, 0.5325403809547424], [1, 0, 0.5002161264419556], [5, 0, 0.49653491377830505], [4, 0, 0.4964204430580139], [18, 0, 0.49606359004974365], [12, 0, 0.4894474148750305], [7, 0, 0.48634564876556396], [3, 0, 0.48527511954307556], [13, 0, 0.47566893696784973], [8, 0, 0.46459293365478516], [9, 0, 0.45361655950546265], [11, 0, 0.4380425214767456], [2, 0, 0.4121267795562744], [10, 0, 0.3905543088912964], [20, 0, 0.38223856687545776], [17, 0, 0.3714081645011902], [14, 0, 0.3598485589027405], [19, 0, 0.35646477341651917], [6, 0, 0.34120050072669983], [16, 0, 0.3172527551651001]]",False,2,[],0.007278129519906872,14,"[[18, 0, 0.010615962901374502], [15, 0, 0.0056695651438083946], [0, 0, 0.005548860514537721]]",0.0,2,"[[18, 0, 0.0], [19, 0, 0.0], [20, 0, 0.0]]",20,0.11486631016042781,10,True,0.006338921375572681,3,1,0.006338921375572681,3,1
26,10677,memorandum,"October 29, 2001","September 13, 1994",0.41817399859428406,10,0.502338096499443,4,"[[5, 3, 0.557468831539154], [7, 1, 0.5471971035003662], [6, 3, 0.5113319158554077], [0, 3, 0.5109462141990662], [5, 0, 0.5100523233413696], [3, 3, 0.4881211519241333], [10, 0, 0.4802815318107605], [1, 0, 0.4787798225879669], [5, 2, 0.473233163356781], [9, 0, 0.472059428691864], [8, 0, 0.4396211504936218], [2, 3, 0.4148438572883606], [4, 0, 0.40892094373703003]]",True,1,"[[6, 1, [""shall coordinate""]], [7, 1, [""shall coordinate""]]]",0.058157259192387144,1,"[[0, 0, 0.06999856479535346], [3, 0, 0.05499917025867469], [1, 0, 0.04947404252313327]]",0.0,3,"[[10, 1, 0.0], [10, 2, 0.0], [10, 3, 0.0]]",20,0.1327639751552795,1,True,0.00021739141084253788,9,1,0.00021739141084253788,9,1
26,11570,memorandum,"October 29, 2001","February 13, 1975",0.5011368989944458,1,0.5247589498758316,1,"[[7, 1, 0.5555035471916199], [5, 1, 0.5489474534988403], [5, 0, 0.5439671874046326], [3, 1, 0.5352566838264465], [10, 1, 0.5237069129943848], [0, 1, 0.5231735706329346], [8, 0, 0.5136943459510803], [6, 1, 0.5039509534835815], [1, 1, 0.4807422161102295], [9, 1, 0.47486424446105957], [4, 1, 0.44765105843544006], [2, 1, 0.39011648297309875]]",False,2,[],0.0189193554869895,10,"[[3, 0, 0.024897828520178956], [0, 0, 0.01659749343038444], [10, 1, 0.01526274451040511]]",0.0,3,"[[9, 1, 0.0], [10, 0, 0.0], [10, 1, 0.0]]",20,0.12443064182194616,2,True,0.0005316133028827608,7,1,0.0005316133028827608,7,1
26,10114,memorandum,"October 29, 2001","February 26, 2001",0.41064906120300293,13,0.43115606904029846,18,"[[3, 0, 0.4915298819541931], [0, 0, 0.4686453342437744], [10, 0, 0.46461379528045654], [7, 0, 0.4224112033843994], [6, 0, 0.4199379086494446], [1, 0, 0.414553165435791], [7, 1, 0.4089430868625641], [5, 0, 0.39347612857818604], [4, 0, 0.385384738445282], [9, 0, 0.36870360374450684], [8, 0, 0.3620506823062897], [2, 1, 0.3415255844593048]]",False,2,[],0.04262601378353684,2,"[[0, 0, 0.05787271816282337], [3, 0, 0.03601373037591505], [1, 0, 0.03399159281187208]]",8.0,1,"[[0, 0, 12.0], [3, 0, 12.0], [9, 1, 0.0]]",20,0.11938938254727728,3,True,0.0008761799545027316,6,1,0.0008761799545027316,6,1
26,11607,memorandum,"October 29, 2001","September 25, 1972",0.4707496166229248,2,0.44515497982501984,12,"[[3, 0, 0.5092397928237915], [5, 0, 0.45790910720825195], [6, 0, 0.42734551429748535], [0, 0, 0.4214528799057007], [7, 0, 0.4053723216056824], [9, 0, 0.3896685242652893], [10, 0, 0.3763326406478882], [1, 0, 0.35337579250335693], [4, 0, 0.2923571467399597], [8, 0, 0.28469356894493103], [2, 0, 0.2740248143672943]]",False,2,[],0.04132213491488496,3,"[[0, 0, 0.05792168452225189], [3, 0, 0.03370751971148159], [1, 0, 0.032337200510921434]]",0.0,3,"[[8, 0, 0.0], [9, 0, 0.0], [10, 0, 0.0]]",20,0.11820652173913043,4,True,0.19314737617969513,1,1,0.19314737617969513,1,1
26,11620,memorandum,"October 29, 2001","September 07, 1971",0.3905697464942932,21,0.5028480738401413,3,"[[5, 1, 0.5859044790267944], [7, 1, 0.5715856552124023], [6, 1, 0.5632924437522888], [8, 1, 0.5004270672798157], [0, 1, 0.4745175540447235], [7, 0, 0.4602068066596985], [10, 1, 0.4562150537967682], [3, 0, 0.45412275195121765], [2, 1, 0.45197921991348267], [1, 1, 0.44811469316482544], [9, 1, 0.43953263759613037], [4, 1, 0.3633539080619812]]",False,2,[],0.014413556682817304,14,"[[0, 1, 0.01599078349571537], [0, 0, 0.01563507663624336], [10, 1, 0.011614809916493185]]",0.0,3,"[[9, 1, 0.0], [10, 0, 0.0], [10, 1, 0.0]]",20,0.11636828644501279,5,True,0.0015731120947748423,4,1,0.0015731120947748423,4,1
26,11633,memorandum,"October 29, 2001","January 19, 1971",0.4107116758823395,12,0.5042608827352524,2,"[[10, 1, 0.5651761293411255], [5, 1, 0.5465624928474426], [8, 1, 0.5343840718269348], [1, 1, 0.5115829706192017], [4, 1, 0.4976562559604645], [3, 1, 0.4958387017250061], [9, 1, 0.48204874992370605], [0, 1, 0.4736464321613312], [7, 1, 0.47237831354141235], [6, 1, 0.4717336595058441], [5, 0, 0.4523622691631317], [2, 1, 0.4462703466415405]]",False,2,[],0.006444929900675173,18,"[[0, 0, 0.007498301918491051], [10, 0, 0.006665433050667629], [0, 1, 0.00517105473286684]]",0.0,3,"[[9, 1, 0.0], [10, 0, 0.0], [10, 1, 0.0]]",20,0.11524859579779488,6,True,0.00014091856428422034,10,1,0.00014091856428422034,10,1
26,11431,memorandum,"October 29, 2001","October 10, 1978",0.40530669689178467,17,0.477227047085762,8,"[[5, 0, 0.5150265097618103], [7, 0, 0.5135610103607178], [6, 0, 0.49977898597717285], [5, 1, 0.4744057357311249], [10, 1, 0.4623273015022278], [4, 1, 0.45792055130004883], [8, 1, 0.45325958728790283], [3, 1, 0.4480413794517517], [0, 0, 0.4445647597312927], [1, 1, 0.42877161502838135], [9, 0, 0.41873985528945923], [2, 1, 0.4151262044906616]]",False,2,[],0.02674337384321769,9,"[[0, 0, 0.035458553057617505], [1, 0, 0.023165324458345682], [3, 0, 0.021606244013689883]]",0.0,3,"[[9, 1, 0.0], [10, 0, 0.0], [10, 1, 0.0]]",20,0.11367530520454058,7,True,0.0008899655076675117,5,1,0.0008899655076675117,5,1
26,28,memorandum,"October 29, 2001","June 20, 1951",0.42912498116493225,6,0.46926434338092804,9,"[[5, 0, 0.5019229054450989], [9, 2, 0.49178779125213623], [10, 2, 0.4872090220451355], [6, 0, 0.4760229289531708], [8, 0, 0.4711116552352905], [7, 0, 0.46761447191238403], [4, 1, 0.4594991207122803], [3, 2, 0.4349890351295471], [1, 0, 0.42496180534362793], [0, 0, 0.424907922744751], [2, 0, 0.3553529381752014]]",True,1,"[[1, 2, [""shall determine""]], [4, 2, [""shall determine""]], [9, 0, [""hereby establish""]]]",0.028172917112683465,8,"[[3, 0, 0.053946840873258184], [6, 2, 0.016436789388877583], [0, 0, 0.014135121075914631]]",0.0,3,"[[10, 0, 0.0], [10, 1, 0.0], [10, 2, 0.0]]",20,0.11367530520454058,8,True,0.00036259007174521685,8,1,0.00036259007174521685,8,1
26,11474,memorandum,"October 29, 2001","September 14, 1977",0.4231951832771301,8,0.48897120356559753,6,"[[8, 0, 0.5335063338279724], [8, 1, 0.5294567942619324], [5, 1, 0.4988805949687958], [7, 1, 0.48157238960266113], [6, 1, 0.46803396940231323], [3, 1, 0.4654419422149658], [1, 0, 0.44309645891189575], [10, 1, 0.42822331190109253], [0, 1, 0.42584291100502014], [4, 1, 0.4019848108291626], [9, 1, 0.39388972520828247], [2, 1, 0.37059712409973145]]",True,1,"[[9, 0, [""hereby establish""]]]",0.016378161185204715,12,"[[1, 0, 0.019199277323930543], [0, 0, 0.01797810229397587], [3, 0, 0.011957103937707724]]",0.0,3,"[[9, 1, 0.0], [10, 0, 0.0], [10, 1, 0.0]]",20,0.11318979933110368,9,True,0.004792316816747189,3,1,0.004792316816747189,3,1
26,11573,memorandum,"October 29, 2001","January 06, 1975",0.4608110785484314,3,0.4368244409561157,15,"[[3, 0, 0.4817216098308563], [5, 0, 0.45468032360076904], [0, 0, 0.42169010639190674], [6, 0, 0.4000215232372284], [9, 0, 0.3894180655479431], [1, 0, 0.3796660900115967], [8, 0, 0.3775501549243927], [10, 0, 0.37624096870422363], [7, 0, 0.37152934074401855], [4, 0, 0.3635198175907135], [2, 0, 0.2951623797416687]]",False,2,[],0.030920993715162094,6,"[[0, 0, 0.04908937567961272], [3, 0, 0.02992120954474156], [1, 0, 0.013752395921132005]]",0.0,3,"[[8, 0, 0.0], [9, 0, 0.0], [10, 0, 0.0]]",20,0.11051122790253225,10,True,0.005099818110466003,2,1,0.005099818110466003,2,1
28,11965,memorandum,"June 20, 1951","January 27, 1951",0.37726500630378723,4,0.4669620543718338,1,"[[2, 0, 0.4986855983734131], [2, 1, 0.48044687509536743], [1, 0, 0.4402259290218353], [0, 0, 0.3941620886325836]]",False,2,[],0.004242584683121975,3,"[[2, 0, 0.009691921013376868], [0, 0, 0.00203762795654702], [2, 1, 0.0009982050794420374]]",0.0,1,"[[1, 1, 0.0], [2, 0, 0.0], [2, 1, 0.0]]",20,0.13871635610766045,1,True,0.0018102108733728528,1,1,0.0018102108733728528,1,1
28,11966,memorandum,"June 20, 1951","January 17, 1951",0.34647542238235474,6,0.41801345348358154,6,"[[0, 0, 0.46960771083831787], [2, 0, 0.414217472076416], [1, 0, 0.377017080783844], [2, 1, 0.36188453435897827]]",False,2,[],0.020539766654261587,1,"[[0, 0, 0.04752233356662663], [2, 0, 0.012271911988578944], [1, 1, 0.0018250544075791818]]",0.0,1,"[[1, 1, 0.0], [2, 0, 0.0], [2, 1, 0.0]]",20,0.1336996336996337,2,True,0.0014664584305137396,2,1,0.0014664584305137396,2,1
28,11968,memorandum,"June 20, 1951","September 29, 1950",0.3555915951728821,5,0.43413326144218445,5,"[[0, 0, 0.4658600687980652], [2, 0, 0.37217140197753906], [1, 0, 0.36918795108795166]]",False,2,[],0.006567165243946818,2,"[[0, 0, 0.008437636661138918], [1, 0, 0.006524072479753715], [2, 0, 0.004739786590947825]]",0.0,1,"[[0, 0, 0.0], [1, 0, 0.0], [2, 0, 0.0]]",20,0.13307359307359307,3,True,0.000172651547472924,5,1,0.000172651547472924,5,1
28,11975,memorandum,"June 20, 1951","July 14, 1949",0.33562496304512024,7,0.43760401010513306,4,"[[2, 0, 0.4620727300643921], [0, 0, 0.418267160654068], [1, 0, 0.3590660095214844]]",False,2,[],0.002820468092940745,5,"[[1, 0, 0.008461404278822235], [0, 0, 0.0], [2, 0, 0.0]]",0.0,1,"[[0, 0, 0.0], [1, 0, 0.0], [2, 0, 0.0]]",20,0.12928571428571428,4,True,0.00010150382877327502,7,1,0.00010150382877327502,7,1
28,11967,memorandum,"June 20, 1951","November 21, 1950",0.3856821060180664,2,0.4459773600101471,2,"[[1, 0, 0.45673996210098267], [0, 0, 0.44391781091690063], [2, 0, 0.40498653054237366]]",False,2,[],0.0006412469667045903,9,"[[0, 0, 0.001923740900113771], [1, 0, 0.0], [2, 0, 0.0]]",0.0,1,"[[0, 0, 0.0], [1, 0, 0.0], [2, 0, 0.0]]",20,0.12755635169428273,5,True,0.0006512682302854955,4,1,0.0006512682302854955,4,1
28,11976,memorandum,"June 20, 1951","March 04, 1949",0.45859089493751526,1,0.4401475042104721,3,"[[0, 0, 0.4590335488319397], [2, 0, 0.4107358157634735], [1, 0, 0.39401501417160034]]",False,2,[],0.0012232439407901328,8,"[[0, 0, 0.003669731822370398], [1, 0, 0.0], [2, 0, 0.0]]",0.0,1,"[[0, 0, 0.0], [1, 0, 0.0], [2, 0, 0.0]]",20,0.12681159420289856,6,True,0.00014768038818147033,6,1,0.00014768038818147033,6,1
28,11969,memorandum,"June 20, 1951","September 28, 1950",0.15454232692718506,9,0.22006192803382874,9,"[[1, 0, 0.27379468083381653], [0, 0, 0.22101803123950958], [1, 1, 0.17414745688438416], [2, 0, 0.15364566445350647]]",True,1,"[[2, 0, [""shall determine""]]]",0.003689214902652987,4,"[[1, 1, 0.004502686971407896], [0, 1, 0.003831271692636684], [2, 0, 0.002733686043914383]]",0.0,1,"[[1, 1, 0.0], [2, 0, 0.0], [2, 1, 0.0]]",20,0.12376847290640394,7,True,3.535625000949949e-05,9,1,3.535625000949949e-05,9,1
28,11964,memorandum,"June 20, 1951","February 26, 1951",0.19927629828453064,8,0.33611850440502167,8,"[[0, 3, 0.370439350605011], [0, 5, 0.3630978465080261], [2, 3, 0.34549570083618164], [1, 3, 0.3444472551345825], [0, 4, 0.31156715750694275], [1, 1, 0.3043959140777588], [0, 2, 0.2830631732940674], [0, 0, 0.28009381890296936]]",False,2,[],0.0026152359259662243,6,"[[0, 4, 0.0035540564857105463], [1, 3, 0.0029269400936116825], [0, 1, 0.0013647111985764448]]",0.0,1,"[[2, 3, 0.0], [2, 4, 0.0], [2, 5, 0.0]]",20,0.12179487179487179,8,True,6.895198748679832e-05,8,1,6.895198748679832e-05,8,1
28,11974,memorandum,"June 20, 1951","October 27, 1949",0.37872809171676636,3,0.36942070722579956,7,"[[2, 0, 0.37697890400886536], [1, 0, 0.3707360327243805], [0, 0, 0.33787262439727783]]",False,2,[],0.0015749170849308706,7,"[[2, 0, 0.004724751254792612], [0, 0, 0.0], [1, 0, 0.0]]",0.0,1,"[[0, 0, 0.0], [1, 0, 0.0], [2, 0, 0.0]]",20,0.12169312169312169,9,True,0.0008899655076675117,3,1,0.0008899655076675117,3,1
37,264,executive_order,"February 06, 2026","January 20, 2025",0.5707380771636963,1,0.5381116271018982,2,"[[0, 19, 0.5950472354888916], [0, 5, 0.591123104095459], [0, 3, 0.5849984884262085], [0, 18, 0.5808722972869873], [0, 4, 0.5758828520774841], [0, 8, 0.5691320896148682], [0, 23, 0.565345048904419], [0, 16, 0.5564097166061401], [0, 27, 0.5525436401367188], [1, 21, 0.5510614514350891], [0, 20, 0.5485468506813049], [0, 17, 0.5439602136611938], [1, 24, 0.5301319360733032], [0, 22, 0.5256769061088562], [0, 11, 0.523996114730835], [0, 0, 0.5196150541305542], [0, 1, 0.5068315863609314], [1, 25, 0.5003241300582886], [0, 15, 0.48543399572372437], [0, 13, 0.48308420181274414], [1, 14, 0.4645223617553711], [0, 26, 0.4530797600746155], [0, 12, 0.4520505368709564], [0, 2, 0.42470476031303406], [0, 6, 0.4160327911376953], [0, 7, 0.4139454960823059], [0, 9, 0.40823763608932495], [0, 10, 0.40556010603904724], [1, 28, 0.2637481093406677]]",True,1,"[[0, 0, [""hereby order""]]]",0.054066882496344504,1,"[[1, 19, 0.06197512803439765], [1, 12, 0.054088554909674666], [0, 0, 0.046136964544961176]]",3.3333333333333335,3,"[[0, 0, 10.0], [1, 26, 0.0], [1, 28, 0.0]]",20,0.13655185394315827,1,True,0.13117322325706482,2,1,0.13117322325706482,2,1
37,270,executive_order,"February 06, 2026","January 20, 2025",0.5530999302864075,2,0.5539683401584625,1,"[[0, 8, 0.5889160633087158], [1, 8, 0.5783006548881531], [0, 0, 0.5678297877311707], [1, 7, 0.5636649131774902], [0, 4, 0.5629836320877075], [0, 9, 0.5539490580558777], [0, 10, 0.5462141036987305], [0, 3, 0.5348304510116577], [0, 6, 0.5230987071990967], [0, 5, 0.5101207494735718], [0, 2, 0.4550846219062805], [0, 1, 0.4480624198913574], [0, 11, 0.4371856451034546]]",True,1,"[[0, 0, [""hereby order""]], [1, 11, [""shall provide""]]]",0.04396853352477386,4,"[[0, 0, 0.05249427884197472], [1, 9, 0.04290943020982364], [1, 4, 0.036501891522523214]]",3.3333333333333335,3,"[[0, 0, 10.0], [1, 9, 0.0], [1, 11, 0.0]]",20,0.1327639751552795,2,True,0.006850480102002621,6,1,0.007066401187330484,6,1
37,604,executive_order,"February 06, 2026","October 24, 2017",0.4552639126777649,25,0.5084292590618134,4,"[[0, 3, 0.5470219850540161], [1, 3, 0.5198590755462646], [0, 2, 0.5151565074920654], [1, 4, 0.49369680881500244], [1, 0, 0.45600810647010803], [1, 1, 0.40520650148391724]]",True,1,"[[0, 0, [""hereby order""]]]",0.04160649475678508,5,"[[1, 4, 0.052013105762395845], [1, 1, 0.03939488725274346], [0, 0, 0.033411491255215954]]",3.6666666666666665,2,"[[0, 0, 11.0], [1, 3, 0.0], [1, 4, 0.0]]",20,0.12712121212121213,3,True,0.011777843348681927,4,1,0.011777843348681927,4,1
37,650,executive_order,"February 06, 2026","January 27, 2017",0.5425153970718384,3,0.5045876801013947,5,"[[1, 20, 0.545565128326416], [0, 7, 0.5430130958557129], [1, 2, 0.520179033279419], [0, 3, 0.5183701515197754], [1, 1, 0.505914032459259], [1, 5, 0.4912321865558624], [1, 6, 0.4866476058959961], [1, 17, 0.48044097423553467], [1, 8, 0.47664469480514526], [0, 0, 0.47476083040237427], [1, 9, 0.4731332063674927], [1, 11, 0.4491419494152069], [1, 18, 0.44893142580986023], [1, 15, 0.4456707239151001], [1, 10, 0.432953804731369], [1, 19, 0.4301859140396118], [1, 4, 0.4286598563194275], [1, 13, 0.42245912551879883], [0, 12, 0.4046691060066223], [1, 16, 0.3970203399658203], [0, 14, 0.3870181739330292]]",True,1,"[[0, 0, [""hereby order""]], [1, 2, [""shall provide""]]]",0.03951829392471191,7,"[[1, 2, 0.046100461732345686], [1, 5, 0.03710905247468997], [1, 1, 0.035345367567100085]]",4.0,1,"[[0, 0, 12.0], [1, 18, 0.0], [1, 20, 0.0]]",20,0.12465608465608466,4,True,0.005957154091447592,7,1,0.005957154091447592,7,1
37,639,executive_order,"February 06, 2026","March 06, 2017",0.47782978415489197,15,0.4901050925254822,10,"[[1, 3, 0.5307707786560059], [0, 10, 0.5175851583480835], [1, 5, 0.5065229535102844], [1, 8, 0.5055336952209473], [1, 4, 0.5027886629104614], [1, 15, 0.4894041419029236], [0, 6, 0.4764004051685333], [1, 12, 0.47594112157821655], [1, 17, 0.4650397300720215], [1, 11, 0.45260244607925415], [1, 16, 0.44653087854385376], [1, 0, 0.4322018027305603], [1, 9, 0.4285927414894104], [1, 7, 0.42554646730422974], [0, 2, 0.40816089510917664], [0, 1, 0.4004431962966919], [0, 14, 0.3740502893924713], [1, 13, 0.370464026927948]]",True,1,"[[0, 0, [""hereby order""]], [1, 5, [""shall provide""]]]",0.04528431665863802,3,"[[1, 8, 0.05023143089357457], [0, 0, 0.04282474650284135], [1, 5, 0.04279677257949813]]",3.6666666666666665,2,"[[0, 0, 11.0], [1, 15, 0.0], [1, 17, 0.0]]",20,0.12226613965744401,5,True,0.0162690756842494,3,2,0.0162690756842494,3,2
37,861,executive_order,"February 06, 2026","November 09, 2010",0.5320968627929688,4,0.49444514513015747,8,"[[0, 0, 0.5518035292625427], [1, 2, 0.5259446501731873], [1, 1, 0.5058928728103638], [0, 3, 0.21642376482486725]]",True,1,"[[0, 0, [""hereby order""]]]",0.04057463627103551,6,"[[1, 1, 0.05691010990861748], [1, 2, 0.0463963033145625], [0, 0, 0.018417495589926544]]",0.0,4,"[[1, 1, 0.0], [1, 2, 0.0], [1, 3, 0.0]]",20,0.11584249084249085,6,True,0.001661390531808138,8,1,0.001661390531808138,8,1
37,260,executive_order,"February 06, 2026","January 20, 2025",0.5279970765113831,5,0.5029258131980896,6,"[[0, 0, 0.5169440507888794], [1, 0, 0.4898819327354431], [1, 1, 0.48793333768844604]]",True,1,"[[0, 0, [""hereby order""]]]",0.027988821088013777,13,"[[0, 0, 0.045496951127036916], [1, 0, 0.021099593009635688], [0, 1, 0.017369919127368745]]",3.6666666666666665,2,"[[0, 0, 11.0], [1, 0, 0.0], [1, 1, 0.0]]",20,0.11421911421911422,7,True,0.011244560591876507,5,1,0.010902373120188713,5,1
37,226,executive_order,"February 06, 2026","February 01, 2025",0.4595525860786438,20,0.4700724333524704,17,"[[0, 7, 0.5379517674446106], [1, 7, 0.5163766741752625], [1, 6, 0.5082828998565674], [0, 8, 0.49694734811782837], [0, 1, 0.47489482164382935], [0, 4, 0.4644790589809418], [0, 0, 0.4314846396446228], [0, 10, 0.3984464704990387], [0, 2, 0.3439674377441406], [1, 5, 0.3130839467048645], [0, 9, 0.309002161026001], [0, 3, 0.26424622535705566]]",False,2,[],0.047620742596028186,2,"[[1, 8, 0.08400310265230856], [1, 6, 0.036881674161716026], [1, 10, 0.021977450974059957]]",0.0,4,"[[1, 8, 0.0], [1, 9, 0.0], [1, 10, 0.0]]",20,0.11414823914823916,8,True,0.000810387369710952,9,1,0.000810387369710952,9,1
37,1133,executive_order,"February 06, 2026","February 28, 2003",0.45540305972099304,24,0.48380838334560394,11,"[[1, 0, 0.5577542185783386], [0, 0, 0.5377395153045654], [1, 35, 0.5297430753707886], [0, 39, 0.5189645290374756], [0, 5, 0.5179574489593506], [0, 17, 0.5101670026779175], [1, 53, 0.5088212490081787], [1, 34, 0.501644492149353], [1, 41, 0.4860108494758606], [1, 28, 0.4818478226661682], [0, 31, 0.4788004159927368], [0, 20, 0.4735437035560608], [0, 52, 0.4688428044319153], [1, 32, 0.4644833207130432], [0, 22, 0.45653069019317627], [1, 6, 0.45471078157424927], [0, 16, 0.4533413052558899], [0, 19, 0.4532337784767151], [0, 45, 0.4494803547859192], [1, 44, 0.4490055441856384], [0, 2, 0.4457648992538452], [0, 24, 0.4357970952987671], [1, 18, 0.42939549684524536], [1, 3, 0.42801588773727417], [1, 51, 0.42037445306777954], [1, 26, 0.41996949911117554], [1, 36, 0.4198867082595825], [1, 40, 0.41561824083328247], [1, 46, 0.415367066860199], [1, 42, 0.41532447934150696], [1, 33, 0.41253823041915894], [1, 38, 0.4122333526611328], [0, 13, 0.41128385066986084], [1, 1, 0.4111254811286926], [1, 29, 0.4107934236526489], [0, 47, 0.40974342823028564], [1, 23, 0.4079459607601166], [1, 48, 0.4075480103492737], [1, 50, 0.40701648592948914], [1, 30, 0.4057767391204834], [1, 37, 0.4044628143310547], [1, 21, 0.3825923800468445], [0, 25, 0.38119077682495117], [0, 9, 0.3781588077545166], [1, 27, 0.3686872720718384], [1, 15, 0.3656538128852844], [0, 49, 0.361361563205719], [0, 8, 0.3593693673610687], [1, 14, 0.35199570655822754], [1, 43, 0.34399479627609253], [0, 12, 0.33610472083091736], [0, 10, 0.3330935835838318], [0, 54, 0.3074582517147064], [1, 4, 0.29067057371139526], [0, 7, 0.28610891103744507], [0, 11, 0.28553324937820435]]",True,1,"[[0, 8, [""hereby order""]], [1, 11, [""shall provide""]], [1, 14, [""shall provide""]], [1, 15, [""shall provide""]]]",0.03692102083538094,8,"[[1, 53, 0.0402860330481232], [1, 28, 0.03793255158916744], [1, 44, 0.032544477868852166]]",3.3333333333333335,3,"[[0, 8, 10.0], [1, 52, 0.0], [1, 54, 0.0]]",20,0.11145061109997996,9,True,0.22249767929315567,1,2,0.22249767929315567,1,2
37,3363,executive_order,"February 06, 2026","October 18, 1962",0.4670391380786896,17,0.5161020457744598,3,"[[1, 0, 0.535031795501709], [0, 0, 0.4593127965927124]]",False,2,[],0.008501326753392891,21,"[[1, 0, 0.015382386711812353], [0, 0, 0.001620266794973428]]",0.0,4,"[[0, 0, 0.0], [1, 0, 0.0]]",20,0.1095351714386709,10,True,2.7428344765212387e-05,10,1,2.7535692424862646e-05,10,1
38,82,executive_order,"January 30, 2026","August 13, 2025",0.39623162150382996,23,0.45185360312461853,5,"[[3, 4, 0.5576629638671875], [2, 4, 0.4578080475330353], [2, 2, 0.45287954807281494], [2, 3, 0.43739038705825806], [2, 0, 0.4372318983078003], [2, 1, 0.4195966124534607], [1, 3, 0.40918028354644775], [0, 0, 0.3463684022426605]]",True,1,"[[0, 0, [""hereby order""]]]",0.11063527039133164,1,"[[3, 4, 0.1883217071271249], [1, 3, 0.07666500991961259], [2, 1, 0.06691909412725745]]",11.666666666666666,1,"[[3, 4, 15.0], [1, 1, 10.0], [1, 2, 10.0]]",20,0.13523809523809524,1,True,0.0003829635970760137,7,1,0.0003829635970760137,7,1
38,229,executive_order,"January 30, 2026","January 29, 2025",0.48142868280410767,1,0.46164821088314056,2,"[[0, 0, 0.5680123567581177], [1, 0, 0.5327011942863464], [1, 6, 0.5319110155105591], [2, 6, 0.4948399066925049], [1, 1, 0.4456326365470886], [3, 6, 0.41405144333839417], [1, 8, 0.4137512743473053], [0, 9, 0.4132441282272339], [2, 5, 0.38308435678482056], [1, 3, 0.38294756412506104], [3, 2, 0.3768653869628906], [3, 7, 0.3690154254436493], [3, 4, 0.3244878649711609]]",True,1,"[[0, 0, [""hereby order""]]]",0.042306396217803494,4,"[[1, 0, 0.05447054388962534], [1, 6, 0.041902820679559055], [1, 9, 0.030545824084226084]]",0.0,3,"[[3, 7, 0.0], [3, 8, 0.0], [3, 9, 0.0]]",20,0.13059947299077734,2,True,0.0844927579164505,1,1,0.0844927579164505,1,1
38,2881,executive_order,"January 30, 2026","June 29, 1970",0.4228704273700714,8,0.49611952900886536,1,"[[2, 0, 0.5574835538864136], [1, 0, 0.5113015174865723], [3, 1, 0.4584324359893799], [0, 0, 0.4099067747592926]]",True,1,"[[0, 0, [""hereby order""]]]",0.02574228718783206,6,"[[3, 0, 0.027568025174729442], [2, 1, 0.025045771682872208], [2, 0, 0.02461306470589454]]",0.0,3,"[[2, 1, 0.0], [3, 0, 0.0], [3, 1, 0.0]]",20,0.1295588469501513,3,True,0.06804042309522629,2,1,0.06804042309522629,2,1
38,166,executive_order,"January 30, 2026","March 27, 2025",0.4606895446777344,3,0.45830006897449493,3,"[[3, 6, 0.49445655941963196], [1, 6, 0.48802947998046875], [3, 5, 0.47136640548706055], [0, 0, 0.47061237692832947], [2, 6, 0.45790714025497437], [3, 2, 0.45266419649124146], [3, 1, 0.4372362196445465], [1, 3, 0.39847031235694885], [3, 4, 0.34713542461395264]]",True,1,"[[0, 0, [""hereby order""]]]",0.02365398698144283,7,"[[2, 6, 0.031777081581077546], [3, 6, 0.021368778881033793], [0, 0, 0.01781610048221716]]",0.0,3,"[[3, 4, 0.0], [3, 5, 0.0], [3, 6, 0.0]]",20,0.12399355877616747,4,True,0.04672496020793915,3,1,0.04707418009638786,3,1
38,3689,executive_order,"January 30, 2026","October 10, 1957",0.3963339328765869,22,0.40133634209632874,17,"[[3, 3, 0.44414544105529785], [1, 0, 0.42778655886650085], [2, 0, 0.39715033769607544], [3, 4, 0.3888411521911621], [1, 1, 0.36877933144569397], [0, 3, 0.36445534229278564], [2, 2, 0.3418887257575989]]",False,2,[],0.060286209214940545,2,"[[3, 4, 0.06956986929220886], [2, 4, 0.06705037645173881], [1, 4, 0.04423838190087398]]",0.0,3,"[[3, 2, 0.0], [3, 3, 0.0], [3, 4, 0.0]]",20,0.1159598333511377,5,True,0.0016875095898285508,4,1,0.0016875095898285508,4,1
38,552,executive_order,"January 30, 2026","April 10, 2019",0.3921954333782196,25,0.38971109688282013,21,"[[1, 5, 0.4507644474506378], [1, 4, 0.4473545551300049], [1, 10, 0.4436708688735962], [1, 9, 0.44084566831588745], [3, 5, 0.42283767461776733], [1, 3, 0.3886677026748657], [3, 8, 0.37428170442581177], [2, 3, 0.37110579013824463], [1, 7, 0.36490947008132935], [3, 6, 0.3587051033973694], [2, 0, 0.3579035997390747], [1, 2, 0.34846124053001404], [0, 10, 0.3346819579601288], [1, 1, 0.33267757296562195], [3, 11, 0.30665498971939087]]",True,1,"[[0, 0, [""hereby order""]]]",0.04589328419226735,3,"[[1, 7, 0.05529575979438974], [1, 5, 0.04608554209581209], [1, 3, 0.03629855068660022]]",10.0,2,"[[1, 5, 10.0], [1, 7, 10.0], [1, 10, 10.0]]",20,0.1133230502265497,6,True,0.00015720343799330294,8,1,0.00015720343799330294,8,1
38,2339,executive_order,"January 30, 2026","September 18, 1978",0.40187162160873413,14,0.4575832188129425,4,"[[1, 0, 0.48934128880500793], [2, 0, 0.4177922308444977], [3, 0, 0.4025284945964813], [0, 0, 0.39363858103752136]]",False,2,[],0.0,20,"[[1, 0, 0.0], [2, 0, 0.0], [3, 0, 0.0]]",0.0,3,"[[1, 0, 0.0], [2, 0, 0.0], [3, 0, 0.0]]",20,0.11014492753623188,7,True,8.648363291285932e-05,9,1,8.716189040569589e-05,9,1
38,1269,executive_order,"January 30, 2026","April 21, 2000",0.3990881145000458,19,0.4196584075689316,10,"[[3, 4, 0.4365254044532776], [2, 0, 0.4346013069152832], [1, 3, 0.43415403366088867], [1, 1, 0.4226887822151184], [1, 2, 0.3734514117240906], [0, 1, 0.3708498775959015]]",True,1,"[[0, 0, [""hereby order""]]]",0.00908229873240674,11,"[[2, 1, 0.013080968813257031], [3, 4, 0.007746085412921841], [2, 0, 0.006419841971041347]]",0.0,3,"[[3, 2, 0.0], [3, 3, 0.0], [3, 4, 0.0]]",20,0.10906965871902757,8,True,0.0012843082658946514,6,1,0.0012843082658946514,6,1
38,3661,executive_order,"January 30, 2026","March 17, 1958",0.400027334690094,18,0.4278860092163086,6,"[[2, 0, 0.44666045904159546], [1, 0, 0.42351269721984863], [3, 0, 0.4006515145301819], [0, 0, 0.36562156677246094]]",False,2,[],0.000689565684332552,17,"[[2, 0, 0.001387091322894836], [0, 0, 0.0006816057301028203], [3, 0, 0.0]]",0.0,3,"[[1, 0, 0.0], [2, 0, 0.0], [3, 0, 0.0]]",20,0.10896682635813071,9,True,3.8831109122838825e-05,10,1,3.8831109122838825e-05,10,1
38,612,executive_order,"January 30, 2026","August 15, 2017",0.44705575704574585,4,0.40713679790496826,15,"[[2, 14, 0.4676605463027954], [3, 14, 0.4601067304611206], [2, 3, 0.43366411328315735], [1, 14, 0.43073782324790955], [1, 6, 0.42805320024490356], [1, 5, 0.42789512872695923], [2, 9, 0.41046470403671265], [3, 7, 0.4090445935726166], [3, 16, 0.40644145011901855], [2, 13, 0.4060503840446472], [1, 11, 0.3977632522583008], [1, 4, 0.39438843727111816], [1, 2, 0.3934195935726166], [2, 1, 0.39155131578445435], [3, 10, 0.38589805364608765], [3, 12, 0.366791695356369], [2, 0, 0.3617245554924011], [2, 8, 0.352521151304245], [3, 15, 0.3352704644203186], [0, 14, 0.3059769868850708]]",True,1,"[[0, 0, [""hereby order""]]]",0.01633608750306809,8,"[[3, 15, 0.02368992807952882], [3, 16, 0.015079953896758824], [2, 15, 0.010238380532916626]]",0.0,3,"[[3, 14, 0.0], [3, 15, 0.0], [3, 16, 0.0]]",20,0.1077639751552795,10,True,0.0014052828482817858,5,2,0.0014052828482817858,5,2
39,388,executive_order,"January 29, 2026","May 28, 2021",0.5272327065467834,6,0.5114265382289886,3,"[[2, 7, 0.5706851482391357], [1, 7, 0.568693220615387], [2, 17, 0.5407212376594543], [2, 8, 0.5398348569869995], [2, 4, 0.531369686126709], [2, 15, 0.5308563709259033], [2, 6, 0.5157220959663391], [2, 14, 0.5061759948730469], [2, 11, 0.49975985288619995], [2, 9, 0.49511635303497314], [0, 8, 0.4863400459289551], [2, 12, 0.4816737174987793], [2, 13, 0.4526609480381012], [1, 1, 0.4517795443534851], [0, 0, 0.438876748085022], [2, 3, 0.43489938974380493], [2, 2, 0.43344026803970337], [1, 10, 0.4211249053478241], [2, 16, 0.41361159086227417], [2, 5, 0.3987368941307068]]",True,1,"[[0, 0, [""hereby order""]], [2, 4, [""shall report""]], [2, 11, [""shall report""]]]",0.08484522515258852,2,"[[2, 13, 0.08909868655373897], [2, 11, 0.08482162312870205], [1, 3, 0.08061536577532455]]",0.0,4,"[[2, 15, 0.0], [2, 16, 0.0], [2, 17, 0.0]]",20,0.13059947299077734,1,True,0.0012255674228072166,8,1,0.0012255674228072166,8,1
39,465,executive_order,"January 29, 2026","October 03, 2020",0.5491244196891785,3,0.5267588794231415,1,"[[0, 0, 0.5758835077285767], [2, 2, 0.5341591238975525], [1, 2, 0.4812774956226349], [2, 1, 0.4591904282569885]]",True,1,"[[0, 0, [""hereby order""]], [1, 1, [""hereby establish""]]]",0.030031406853479728,10,"[[2, 1, 0.04336281771538393], [1, 1, 0.036538337407345405], [0, 1, 0.010193065437709859]]",3.3333333333333335,3,"[[1, 1, 10.0], [2, 1, 0.0], [2, 2, 0.0]]",20,0.12443064182194616,2,True,0.048136770725250244,3,1,0.04885777831077576,3,1
39,770,executive_order,"January 29, 2026","July 15, 2013",0.49769431352615356,8,0.4982861131429672,5,"[[2, 1, 0.5549672842025757], [1, 1, 0.5072128176689148], [0, 0, 0.48620036244392395], [2, 2, 0.45624595880508423], [2, 3, 0.4243680536746979]]",True,1,"[[0, 0, [""hereby order""]]]",0.04546639957231124,4,"[[1, 1, 0.07240369842602717], [2, 1, 0.053766363398248765], [2, 3, 0.010229136892657784]]",0.0,4,"[[2, 1, 0.0], [2, 2, 0.0], [2, 3, 0.0]]",20,0.12333333333333332,3,True,0.004297938663512468,6,1,0.004297938663512468,6,1
39,207,executive_order,"January 29, 2026","February 13, 2025",0.47606930136680603,17,0.4551590234041214,22,"[[0, 0, 0.5046489238739014], [2, 2, 0.4753706455230713], [2, 4, 0.45492738485336304], [0, 3, 0.42985856533050537], [1, 2, 0.42735034227371216], [0, 1, 0.39964234828948975], [2, 5, 0.38272082805633545]]",True,1,"[[0, 0, [""hereby order""]], [1, 2, [""hereby establish""]]]",0.0901683256042964,1,"[[2, 4, 0.1157189318499595], [2, 2, 0.1099798262880864], [1, 2, 0.0448062186748433]]",7.0,1,"[[2, 4, 21.0], [2, 3, 0.0], [2, 5, 0.0]]",20,0.11904761904761904,4,True,0.020177319645881653,4,1,0.020177319645881653,4,1
39,1829,executive_order,"January 29, 2026","March 26, 1987",0.5294064879417419,5,0.48123131692409515,11,"[[2, 2, 0.5250277519226074], [2, 1, 0.5178264379501343], [2, 3, 0.49265992641448975], [2, 4, 0.476274311542511], [1, 2, 0.4624793827533722], [2, 0, 0.4345349669456482], [0, 1, 0.4320868253707886]]",True,1,"[[1, 0, [""hereby establish""]]]",0.05040920738890283,3,"[[1, 0, 0.0756848632252094], [2, 0, 0.06443778488956631], [2, 3, 0.011104974051932774]]",0.0,4,"[[2, 2, 0.0], [2, 3, 0.0], [2, 4, 0.0]]",20,0.1174029920523609,5,True,0.05460060387849808,2,1,0.05460060387849808,2,1
39,98,executive_order,"January 29, 2026","July 24, 2025",0.48159945011138916,13,0.4796367436647415,12,"[[2, 3, 0.5136739015579224], [0, 3, 0.5127520561218262], [0, 1, 0.4758695960044861], [2, 5, 0.4652664065361023], [1, 1, 0.4603486657142639], [0, 0, 0.45704978704452515], [1, 4, 0.45334988832473755], [2, 2, 0.4168819487094879]]",True,1,"[[0, 0, [""hereby order""]]]",0.04117554009790992,6,"[[1, 4, 0.05074496485661073], [2, 5, 0.04240658187567272], [2, 4, 0.030375073561446305]]",5.0,2,"[[2, 5, 15.0], [2, 3, 0.0], [2, 4, 0.0]]",20,0.11516608391608392,6,True,0.013121270574629307,5,1,0.013020489364862442,5,1
39,2820,executive_order,"January 29, 2026","June 17, 1971",0.5560246706008911,2,0.5258381366729736,2,"[[2, 2, 0.6427308320999146], [2, 0, 0.5429626703262329], [1, 0, 0.5079746246337891], [0, 2, 0.4956214129924774], [2, 3, 0.4694557785987854], [2, 1, 0.35645341873168945]]",True,1,"[[1, 0, [""hereby establish""]]]",0.009538904957596786,18,"[[1, 0, 0.01682436629475082], [2, 2, 0.008226682057162949], [2, 0, 0.00356566652087659]]",0.0,4,"[[2, 1, 0.0], [2, 2, 0.0], [2, 3, 0.0]]",20,0.11343700159489634,7,True,0.08210662752389908,1,1,0.08210662752389908,1,1
39,1294,executive_order,"January 29, 2026","June 07, 1999",0.47616738080978394,16,0.48782558739185333,8,"[[1, 2, 0.6049219369888306], [2, 3, 0.601689338684082], [0, 5, 0.440875768661499], [2, 4, 0.43290674686431885], [2, 9, 0.43265044689178467], [1, 8, 0.4281463027000427], [2, 1, 0.41993874311447144], [2, 0, 0.40571826696395874], [2, 10, 0.35660824179649353], [1, 6, 0.302598237991333], [2, 7, 0.265322744846344]]",True,1,"[[0, 0, [""hereby order""]], [2, 3, [""shall report""]]]",0.037313593483617395,8,"[[1, 2, 0.049997646299059416], [1, 0, 0.03829588824234283], [2, 0, 0.023647245909449922]]",0.0,4,"[[2, 8, 0.0], [2, 9, 0.0], [2, 10, 0.0]]",20,0.11309523809523808,8,True,0.0007152323960326612,9,1,0.0007152323960326612,9,1
39,904,executive_order,"January 29, 2026","October 14, 2009",0.46855199337005615,21,0.4680059850215912,17,"[[2, 6, 0.5716924071311951], [2, 8, 0.5371227860450745], [1, 6, 0.5347420573234558], [1, 12, 0.4551476836204529], [0, 9, 0.44953393936157227], [1, 5, 0.4379647970199585], [2, 1, 0.43256235122680664], [2, 13, 0.414631724357605], [0, 0, 0.40957722067832947], [1, 4, 0.4052419662475586], [1, 7, 0.3934975266456604], [2, 11, 0.37111610174179077], [2, 3, 0.32822462916374207], [1, 2, 0.3235381841659546], [1, 10, 0.3131301999092102]]",True,1,"[[0, 0, [""hereby order""]], [2, 6, [""shall report""]]]",0.04297310114120661,5,"[[2, 6, 0.07347434237812867], [1, 5, 0.030687226999918268], [2, 8, 0.024757734045572882]]",0.0,4,"[[2, 11, 0.0], [2, 12, 0.0], [2, 13, 0.0]]",20,0.1086936936936937,9,True,0.00017400544311385602,10,1,0.00017400544311385602,10,1
39,2778,executive_order,"January 29, 2026","January 28, 1972",0.5389755964279175,4,0.5039269626140594,4,"[[2, 5, 0.5484909415245056], [2, 2, 0.5481967329978943], [2, 1, 0.5467687845230103], [2, 0, 0.48961928486824036], [2, 3, 0.4863777756690979], [1, 2, 0.47667834162712097], [0, 3, 0.4762805104255676], [2, 4, 0.4247702956199646]]",False,2,[],0.005091196039321403,21,"[[2, 0, 0.006684432163278487], [2, 2, 0.0055751423190126825], [2, 5, 0.003014013635673039]]",0.0,4,"[[2, 3, 0.0], [2, 4, 0.0], [2, 5, 0.0]]",20,0.10772357723577236,10,True,0.001536727068014443,7,1,0.001536727068014443,7,1
40,90,executive_order,"January 29, 2026","August 06, 2025",0.6353977918624878,4,0.6308827102184296,1,"[[3, 1, 0.7154003381729126], [4, 2, 0.7003993391990662], [6, 6, 0.6898324489593506], [5, 5, 0.6828055381774902], [7, 7, 0.6783290505409241], [8, 9, 0.6692930459976196], [0, 1, 0.6303074359893799], [9, 9, 0.6227098107337952], [4, 10, 0.6136882901191711], [7, 8, 0.5764380097389221], [1, 1, 0.5725409388542175], [4, 4, 0.5715770125389099], [2, 1, 0.5662474632263184], [3, 0, 0.5590306520462036], [10, 6, 0.5010461807250977], [5, 3, 0.39371418952941895]]",True,1,"[[0, 0, [""i hereby""]], [1, 1, [""i find""]], [1, 3, [""i find""]], [2, 1, [""i find""]], [2, 3, [""i find""]], [4, 2, [""i determine""]], [5, 5, [""shall determine""]], [5, 10, [""shall determine""]], [6, 5, [""shall determine""]], [6, 10, [""shall determine""]], [7, 6, [""shall recommend""]], [7, 7, [""shall recommend""]], [9, 9, [""shall take""]], [10, 8, [""hereby authorize""]]]",0.22007794167884373,5,"[[7, 7, 0.24223269499046807], [7, 8, 0.21094808270073584], [5, 5, 0.20705304734532728]]",45.333333333333336,1,"[[6, 4, 60.0], [7, 7, 40.0], [7, 8, 36.0]]",20,0.13523809523809524,1,True,0.9149009585380554,1,1,0.9149009585380554,1,1
40,226,executive_order,"January 29, 2026","February 01, 2025",0.6081579327583313,10,0.5882137715816498,2,"[[3, 2, 0.747795045375824], [0, 0, 0.7103211879730225], [4, 3, 0.6828691363334656], [3, 1, 0.6112548112869263], [4, 4, 0.6000679731369019], [3, 10, 0.5895936489105225], [6, 4, 0.5880218148231506], [9, 9, 0.5762552618980408], [9, 8, 0.5481695532798767], [10, 10, 0.5433691740036011], [7, 7, 0.528925895690918], [2, 1, 0.5111511945724487], [7, 6, 0.5000500679016113], [5, 4, 0.49592098593711853], [4, 5, 0.49477678537368774], [8, 8, 0.48952731490135193], [1, 1, 0.4764661192893982]]",True,1,"[[0, 0, [""i hereby""]], [0, 1, [""i hereby""]], [0, 2, [""i hereby""]], [5, 4, [""shall determine""]], [6, 4, [""shall determine""]], [7, 7, [""shall recommend""]], [9, 9, [""shall take""]], [10, 8, [""hereby authorize""]], [10, 10, [""hereby authorize""]]]",0.1933452511863006,7,"[[9, 9, 0.2426140490823778], [7, 8, 0.17930664853950792], [10, 10, 0.15811505593701614]]",18.0,10,"[[10, 10, 24.0], [1, 1, 20.0], [7, 8, 10.0]]",20,0.11582491582491583,2,True,0.907312273979187,2,1,0.907312273979187,2,1
40,58,executive_order,"January 29, 2026","November 20, 2025",0.6533101797103882,1,0.5792405605316162,3,"[[6, 2, 0.6378019452095032], [4, 3, 0.6341226696968079], [4, 1, 0.6163190603256226], [7, 4, 0.6126319169998169], [3, 0, 0.604864776134491], [2, 0, 0.6020757555961609], [1, 0, 0.5780277252197266], [0, 0, 0.5627967119216919], [5, 4, 0.5494075417518616], [10, 4, 0.4977830648422241], [9, 4, 0.4927038848400116], [9, 5, 0.45115765929222107], [8, 5, 0.4500970244407654]]",True,1,"[[0, 0, [""i hereby""]], [4, 1, [""i determine""]], [9, 5, [""shall take""]], [10, 4, [""hereby authorize""]]]",0.16399695032216774,12,"[[7, 4, 0.21207864456676695], [6, 3, 0.14123792152115963], [2, 0, 0.13867428487857664]]",22.333333333333332,5,"[[7, 4, 27.0], [6, 3, 20.0], [6, 4, 20.0]]",20,0.11472826086956522,3,True,0.36658975481987,4,1,0.37022536993026733,4,1
40,1197,executive_order,"January 29, 2026","August 17, 2001",0.6024652719497681,12,0.5722699463367462,6,"[[3, 0, 0.7764252424240112], [0, 0, 0.6216492652893066], [3, 1, 0.5822738409042358], [2, 1, 0.5624834299087524], [7, 1, 0.5274904370307922], [5, 2, 0.5217677354812622], [4, 1, 0.5055990219116211], [1, 1, 0.5042540431022644], [6, 1, 0.4553419351577759], [10, 2, 0.4338168501853943], [9, 2, 0.39451315999031067], [8, 2, 0.39155250787734985]]",True,1,"[[3, 0, [""hereby declare""]]]",0.2934822190333997,2,"[[3, 0, 0.7725833493741264], [3, 1, 0.05933794807047334], [1, 1, 0.048525359655599405]]",5.0,15,"[[3, 0, 15.0], [10, 1, 0.0], [10, 2, 0.0]]",20,0.11248751248751249,4,True,0.6791787147521973,3,1,0.6791787147521973,3,1
40,1496,executive_order,"January 29, 2026","June 30, 1994",0.6060648560523987,11,0.5701168775558472,8,"[[3, 0, 0.7764252424240112], [0, 0, 0.6216492652893066], [3, 1, 0.5822718143463135], [2, 1, 0.562905490398407], [5, 2, 0.5276951193809509], [7, 1, 0.5174242258071899], [1, 1, 0.5061193108558655], [4, 1, 0.4968355894088745], [6, 1, 0.4475148320198059], [10, 2, 0.419245183467865], [9, 2, 0.38417989015579224], [8, 2, 0.36580610275268555]]",True,1,"[[3, 0, [""hereby declare""]]]",0.29451440537798707,1,"[[3, 0, 0.7725833493741264], [3, 1, 0.06316632198401152], [1, 1, 0.04779354477582329]]",5.0,15,"[[3, 0, 15.0], [10, 1, 0.0], [10, 2, 0.0]]",20,0.1119047619047619,5,True,0.22815649211406708,6,1,0.22815649211406708,6,1
40,1495,executive_order,"January 29, 2026","August 19, 1994",0.613781213760376,8,0.5720079839229584,7,"[[3, 0, 0.7764252424240112], [0, 0, 0.6216492652893066], [3, 1, 0.5822738409042358], [2, 1, 0.5624834299087524], [7, 1, 0.5274904370307922], [5, 2, 0.5238744020462036], [4, 1, 0.5055990219116211], [1, 1, 0.5042540431022644], [6, 1, 0.4553419351577759], [10, 2, 0.43117356300354004], [9, 2, 0.39600929617881775], [8, 2, 0.37710505723953247]]",True,1,"[[3, 0, [""hereby declare""]]]",0.2934822190333997,2,"[[3, 0, 0.7725833493741264], [3, 1, 0.05933794807047334], [1, 1, 0.048525359655599405]]",5.0,15,"[[3, 0, 15.0], [10, 1, 0.0], [10, 2, 0.0]]",20,0.11106301106301106,6,True,0.13296423852443695,7,1,0.13296423852443695,7,1
40,96,executive_order,"January 29, 2026","July 30, 2025",0.5670492649078369,25,0.5700877010822296,9,"[[8, 13, 0.6444276571273804], [4, 6, 0.639369547367096], [9, 13, 0.6109517812728882], [4, 7, 0.6015303134918213], [6, 11, 0.601219892501831], [3, 4, 0.5966781377792358], [4, 8, 0.5958700180053711], [4, 2, 0.5865886211395264], [4, 15, 0.5849149227142334], [0, 0, 0.5842117071151733], [4, 1, 0.5707080960273743], [4, 3, 0.555600643157959], [4, 5, 0.5545787811279297], [5, 11, 0.5436803102493286], [2, 4, 0.5403220653533936], [4, 10, 0.5317802429199219], [7, 6, 0.5278450846672058], [1, 4, 0.5270916223526001], [4, 14, 0.5184862613677979], [7, 12, 0.49823808670043945], [4, 9, 0.46525871753692627], [10, 2, 0.44962677359580994]]",True,1,"[[4, 1, [""i determine""]], [4, 2, [""i determine""]], [4, 3, [""i determine""]], [4, 4, [""i determine""]], [4, 5, [""i determine""]], [4, 6, [""i determine""]], [4, 7, [""i determine""]], [4, 8, [""i determine""]], [5, 11, [""shall determine""]], [6, 11, [""shall determine""]], [8, 14, [""is authorized""]], [8, 15, [""is authorized""]], [9, 13, [""shall take""]]]",0.16133963220678868,13,"[[9, 13, 0.24764982145881886], [7, 15, 0.12248859508119692], [7, 12, 0.11388048008035023]]",27.666666666666668,2,"[[7, 10, 37.0], [7, 15, 31.0], [10, 15, 15.0]]",20,0.11024033437826541,7,True,0.007937993854284286,10,1,0.007937993854284286,10,1
40,93,executive_order,"January 29, 2026","July 31, 2025",0.6374478340148926,3,0.5742688179016113,5,"[[7, 4, 0.7424346208572388], [7, 5, 0.663364589214325], [6, 4, 0.6229228377342224], [4, 1, 0.6113193035125732], [5, 4, 0.6016885042190552], [6, 2, 0.5758439302444458], [4, 0, 0.5665261745452881], [3, 4, 0.5590031147003174], [6, 3, 0.5360918045043945], [10, 4, 0.520928144454956], [0, 4, 0.4932221472263336], [8, 4, 0.4600018262863159], [9, 4, 0.4531438648700714], [2, 5, 0.43538203835487366], [1, 0, 0.35863667726516724]]",True,1,"[[0, 0, [""i hereby""]], [5, 2, [""shall determine""]], [6, 2, [""shall determine""]], [7, 5, [""shall recommend""]], [9, 4, [""shall take""]]]",0.15612847581340722,15,"[[7, 3, 0.21096537754470954], [6, 4, 0.16335080617258668], [6, 3, 0.09406924372292542]]",19.333333333333332,8,"[[7, 3, 31.0], [6, 3, 14.0], [10, 5, 13.0]]",20,0.10428571428571429,8,True,0.05070536211133003,9,1,0.05033063143491745,9,1
40,174,executive_order,"January 29, 2026","March 24, 2025",0.6303327083587646,5,0.5689137876033783,10,"[[5, 3, 0.6921356916427612], [7, 3, 0.6384469270706177], [6, 3, 0.6287965774536133], [4, 3, 0.6234694719314575], [4, 1, 0.6203374266624451], [4, 2, 0.6073278188705444], [5, 4, 0.5905247330665588], [10, 3, 0.5449986457824707], [1, 0, 0.5240243673324585], [2, 0, 0.4804641008377075], [3, 2, 0.47813573479652405], [0, 2, 0.452278196811676], [8, 2, 0.4081796705722809], [9, 2, 0.36960428953170776]]",True,1,"[[0, 0, [""i hereby""]], [10, 1, [""hereby authorize""]], [10, 2, [""hereby authorize""]], [10, 3, [""hereby authorize""]]]",0.14304752881595925,18,"[[10, 4, 0.15364872647962427], [7, 2, 0.1526004614089024], [6, 2, 0.1228933985593511]]",26.666666666666668,3,"[[10, 4, 32.0], [6, 1, 26.0], [7, 1, 22.0]]",20,0.10312738367658275,9,True,0.3073580265045166,5,1,0.3073580265045166,5,1
40,1876,executive_order,"January 29, 2026","January 07, 1986",0.6217848658561707,6,0.5570512115955353,14,"[[3, 0, 0.7286677360534668], [0, 0, 0.6472154855728149], [5, 2, 0.5619556307792664], [2, 0, 0.55975741147995], [7, 2, 0.5418339967727661], [1, 0, 0.5158653855323792], [5, 1, 0.5000767707824707], [4, 2, 0.47494009137153625], [10, 0, 0.4684383273124695], [6, 2, 0.46142998337745667], [9, 2, 0.3716830015182495], [8, 2, 0.357439249753952]]",True,1,"[[0, 1, [""i hereby""]], [3, 0, [""hereby declare""]], [10, 2, [""hereby authorize""]]]",0.23863950229822972,3,"[[3, 0, 0.4175077082375796], [2, 0, 0.1670325668889684], [1, 0, 0.13137823176814106]]",12.666666666666666,14,"[[1, 0, 21.0], [3, 0, 17.0], [10, 2, 0.0]]",20,0.10230179028132992,10,True,0.07423136383295059,8,1,0.07423136383295059,8,1
44,714,executive_order,"January 16, 2026","September 03, 2015",0.7154110670089722,2,0.7367237210273743,5,"[[0, 0, 0.7367237210273743]]",True,1,"[[0, 0, [""i hereby""]]]",0.7152318810454956,1,"[[0, 0, 0.7152318810454956]]",75.0,1,"[[0, 0, 75.0]]",20,0.13523809523809524,1,True,0.9971550703048706,3,1,0.9971550703048706,3,1
44,660,executive_order,"January 16, 2026","January 12, 2017",0.701066792011261,4,0.694930911064148,15,"[[0, 0, 0.694930911064148]]",True,1,"[[0, 0, [""i hereby""]]]",0.5922331211411525,2,"[[0, 0, 0.5922331211411525]]",69.0,2,"[[0, 0, 69.0]]",20,0.11948051948051948,2,True,0.9957020878791809,4,1,0.9957020878791809,4,1
44,1912,executive_order,"January 16, 2026","March 22, 1985",0.6634654402732849,15,0.7093262672424316,11,"[[0, 0, 0.7093262672424316]]",True,1,"[[0, 0, [""i hereby""]]]",0.37198163662111106,3,"[[0, 0, 0.37198163662111106]]",30.0,4,"[[0, 0, 30.0]]",20,0.1174029920523609,3,True,0.9915544390678406,7,1,0.9915544390678406,7,1
44,1577,executive_order,"January 16, 2026","March 29, 1993",0.6870304942131042,7,0.7332198619842529,7,"[[0, 0, 0.7332198619842529]]",True,1,"[[0, 0, [""i hereby""]]]",0.34596899006435755,7,"[[0, 0, 0.34596899006435755]]",25.0,6,"[[0, 0, 25.0]]",20,0.11253561253561253,4,True,0.9939024448394775,6,1,0.9939024448394775,6,1
44,1524,executive_order,"January 16, 2026","January 26, 1994",0.6906806826591492,5,0.7113329768180847,10,"[[0, 0, 0.7113329768180847]]",True,1,"[[0, 0, [""i hereby""]]]",0.34715069088764794,6,"[[0, 0, 0.34715069088764794]]",29.0,5,"[[0, 0, 29.0]]",20,0.1117948717948718,5,True,0.9943140745162964,5,1,0.9943140745162964,5,1
44,4195,executive_order,"January 16, 2026","March 26, 1951",0.6790897846221924,9,0.795668363571167,1,"[[0, 0, 0.795668363571167]]",True,1,"[[0, 0, [""i hereby""]]]",0.20480534750730528,17,"[[0, 0, 0.20480534750730528]]",13.0,9,"[[0, 0, 13.0]]",20,0.1091288332667643,6,True,0.9991832375526428,1,1,0.9991832375526428,1,1
44,3625,executive_order,"January 16, 2026","December 13, 1958",0.6680278778076172,14,0.7402372360229492,4,"[[0, 0, 0.7402372360229492]]",True,1,"[[0, 0, [""i hereby""]]]",0.24219463358375326,13,"[[0, 0, 0.24219463358375326]]",23.0,7,"[[0, 0, 23.0]]",20,0.109006734006734,7,True,0.9839708209037781,10,1,0.9839708209037781,10,1
44,1422,executive_order,"January 16, 2026","April 01, 1996",0.6765606999397278,11,0.6637874841690063,19,"[[0, 0, 0.6637874841690063]]",True,1,"[[0, 0, [""i hereby""]]]",0.36805771208383486,4,"[[0, 0, 0.36805771208383486]]",30.0,4,"[[0, 0, 30.0]]",20,0.10897435897435898,8,True,0.9908744096755981,8,1,0.9908744096755981,8,1
44,968,executive_order,"January 16, 2026","November 19, 2007",0.655134916305542,20,0.6986896395683289,14,"[[0, 0, 0.6986896395683289]]",True,1,"[[0, 0, [""i hereby""]]]",0.33212851841126373,8,"[[0, 0, 0.33212851841126373]]",32.0,3,"[[0, 0, 32.0]]",20,0.10860431128973327,9,True,0.9898303151130676,9,1,0.9898303151130676,9,1
44,4290,executive_order,"January 16, 2026","June 27, 1950",0.6613856554031372,16,0.7814252376556396,2,"[[0, 0, 0.7814252376556396]]",True,1,"[[0, 0, [""i hereby""]]]",0.20806080188898735,16,"[[0, 0, 0.20806080188898735]]",13.0,9,"[[0, 0, 13.0]]",20,0.10771508185301289,10,True,0.9990302324295044,2,1,0.9990302324295044,2,1
46,808,executive_order,"January 09, 2026","May 16, 2012",0.5415975451469421,17,0.596630334854126,2,"[[4, 7, 0.8674595355987549], [6, 9, 0.820000410079956], [5, 8, 0.7164278030395508], [1, 0, 0.6170498132705688], [3, 7, 0.5503965020179749], [0, 0, 0.5018056631088257], [1, 4, 0.49988579750061035], [0, 1, 0.4904954135417938], [1, 5, 0.44783398509025574], [2, 4, 0.4466760754585266], [6, 2, 0.35459670424461365], [3, 6, 0.3427881598472595], [1, 3, 0.31918904185295105]]",True,1,"[[0, 4, [""i find""]], [1, 0, [""i hereby""]], [1, 1, [""i hereby""]], [1, 2, [""i hereby""]], [1, 3, [""i hereby""]], [2, 0, [""i hereby""]], [2, 1, [""i hereby""]], [2, 2, [""i hereby""]], [2, 3, [""i hereby""]], [6, 7, [""hereby authorize""]], [6, 9, [""hereby authorize""]]]",0.5351213472553396,2,"[[6, 9, 0.7693366538893895], [4, 7, 0.6810593477999013], [6, 7, 0.1549680400767277]]",44.666666666666664,3,"[[4, 7, 53.0], [6, 9, 48.0], [1, 3, 33.0]]",20,0.13438735177865613,1,True,0.23370634019374847,6,1,0.23370634019374847,6,1
46,802,executive_order,"January 09, 2026","June 25, 2012",0.5422831177711487,16,0.6422349214553833,1,"[[4, 2, 0.8630849123001099], [6, 4, 0.820000410079956], [0, 1, 0.5609920024871826], [5, 3, 0.556694507598877], [1, 0, 0.5367381572723389], [3, 2, 0.5119836926460266], [2, 1, 0.46928125619888306]]",True,1,"[[1, 1, [""i hereby""]], [2, 1, [""i hereby""]], [6, 2, [""hereby authorize""]], [6, 4, [""hereby authorize""]]]",0.5085757252585897,3,"[[6, 4, 0.7693366538893895], [4, 2, 0.6409324815282188], [6, 2, 0.11545804035816096]]",43.0,4,"[[4, 2, 55.0], [6, 4, 48.0], [1, 0, 26.0]]",20,0.1327639751552795,2,True,0.9742394685745239,2,1,0.9742394685745239,2,1
46,395,executive_order,"January 09, 2026","April 15, 2021",0.5406489372253418,18,0.5646225214004517,11,"[[4, 9, 0.8751071095466614], [6, 11, 0.8198803663253784], [5, 10, 0.5492811799049377], [3, 9, 0.5480260848999023], [1, 0, 0.5372913479804993], [1, 6, 0.49988579750061035], [0, 6, 0.488881915807724], [1, 4, 0.4796168804168701], [2, 10, 0.46958819031715393], [1, 7, 0.44783398509025574], [0, 2, 0.4356207251548767], [0, 1, 0.43187230825424194], [2, 5, 0.4048590660095215], [5, 3, 0.3884527087211609], [3, 8, 0.3302854895591736]]",True,1,"[[0, 6, [""i find""]], [1, 0, [""i hereby""]], [1, 1, [""i hereby""]], [1, 4, [""i hereby""]], [1, 5, [""i hereby""]], [2, 0, [""i hereby""]], [2, 1, [""i hereby""]], [2, 4, [""i hereby""]], [2, 5, [""i hereby""]], [5, 10, [""shall take""]], [6, 9, [""hereby authorize""]], [6, 11, [""hereby authorize""]]]",0.6348847441352438,1,"[[4, 9, 0.8766399339245617], [6, 11, 0.844537998940928], [6, 9, 0.18347629954024158]]",47.0,2,"[[4, 9, 68.0], [6, 11, 48.0], [1, 1, 25.0]]",20,0.1253316575897221,3,True,0.011777843348681927,10,1,0.011777843348681927,10,1
46,759,executive_order,"January 09, 2026","March 06, 2014",0.5393787622451782,19,0.5775330662727356,9,"[[4, 9, 0.8689159750938416], [6, 11, 0.820000410079956], [5, 10, 0.723848819732666], [1, 0, 0.5574243068695068], [3, 9, 0.5499584674835205], [0, 0, 0.5106365084648132], [1, 6, 0.49988579750061035], [0, 1, 0.49078041315078735], [1, 7, 0.44783398509025574], [2, 6, 0.4466760754585266], [0, 2, 0.41240617632865906], [1, 3, 0.3907684087753296], [6, 4, 0.35459670424461365], [3, 8, 0.3302854895591736], [1, 5, 0.28839996457099915]]",True,1,"[[0, 6, [""i find""]], [1, 0, [""i hereby""]], [1, 1, [""i hereby""]], [1, 2, [""i hereby""]], [1, 3, [""i hereby""]], [1, 4, [""i hereby""]], [1, 5, [""i hereby""]], [2, 0, [""i hereby""]], [2, 1, [""i hereby""]], [2, 2, [""i hereby""]], [2, 3, [""i hereby""]], [2, 4, [""i hereby""]], [2, 5, [""i hereby""]], [6, 9, [""hereby authorize""]], [6, 11, [""hereby authorize""]]]",0.5351213472553396,2,"[[6, 11, 0.7693366538893895], [4, 9, 0.6810593477999013], [6, 9, 0.1549680400767277]]",44.666666666666664,3,"[[4, 9, 53.0], [6, 11, 48.0], [1, 1, 33.0]]",20,0.12341556494480033,4,True,0.5,5,1,0.5,5,1
46,1019,executive_order,"January 09, 2026","April 26, 2006",0.564853310585022,8,0.5942406058311462,5,"[[4, 6, 0.8572076559066772], [6, 9, 0.807039201259613], [5, 7, 0.6987305283546448], [1, 0, 0.554678738117218], [3, 6, 0.5440951585769653], [1, 3, 0.5244201421737671], [0, 0, 0.5221433639526367], [4, 8, 0.51908278465271], [1, 4, 0.48489314317703247], [1, 10, 0.47984445095062256], [1, 1, 0.4760153889656067], [2, 3, 0.448192298412323], [3, 5, 0.35453832149505615], [0, 2, 0.35213369131088257]]",True,1,"[[0, 3, [""i find""]], [1, 1, [""i hereby""]], [1, 2, [""i hereby""]], [2, 1, [""i hereby""]], [2, 2, [""i hereby""]], [6, 6, [""hereby authorize""]], [6, 9, [""hereby authorize""]], [6, 10, [""hereby authorize""]]]",0.42502452184717104,7,"[[4, 6, 0.5807176341617464], [6, 9, 0.565686090945281], [6, 8, 0.12866984043448568]]",42.666666666666664,5,"[[1, 0, 49.0], [4, 6, 41.0], [6, 9, 38.0]]",20,0.11703703703703704,5,True,0.6352224349975586,4,1,0.6352224349975586,4,1
46,341,executive_order,"January 09, 2026","July 19, 2022",0.5729418992996216,4,0.5505123138427734,14,"[[4, 14, 0.8681290149688721], [6, 16, 0.6029677987098694], [5, 15, 0.5695971846580505], [1, 1, 0.5640944242477417], [0, 0, 0.5632472634315491], [3, 14, 0.5442911982536316], [0, 4, 0.511935293674469], [0, 5, 0.5106664896011353], [0, 6, 0.5002402663230896], [1, 11, 0.49988579750061035], [1, 2, 0.48075374960899353], [1, 9, 0.4796168804168701], [2, 6, 0.47892093658447266], [1, 12, 0.44783398509025574], [0, 7, 0.4373345971107483], [5, 8, 0.42307010293006897], [0, 3, 0.4155743718147278], [6, 13, 0.34799036383628845], [1, 10, 0.31573522090911865]]",True,1,"[[0, 11, [""i find""]], [1, 1, [""i hereby""]], [1, 2, [""i hereby""]], [1, 9, [""i hereby""]], [1, 10, [""i hereby""]], [2, 1, [""i hereby""]], [2, 2, [""i hereby""]], [2, 9, [""i hereby""]], [2, 10, [""i hereby""]], [4, 14, [""is authorized""]], [5, 15, [""shall take""]], [6, 16, [""hereby authorize""]]]",0.4471166506059227,5,"[[4, 14, 0.8896289829174145], [6, 16, 0.2478043202931281], [5, 15, 0.2039166486072255]]",48.333333333333336,1,"[[4, 14, 69.0], [6, 16, 48.0], [1, 6, 28.0]]",20,0.11703081232492997,6,True,0.018124720081686974,9,1,0.018124720081686974,9,1
46,978,executive_order,"January 09, 2026","August 01, 2007",0.5374781489372253,22,0.5906464457511902,7,"[[4, 7, 0.8681260347366333], [6, 10, 0.8196276426315308], [5, 8, 0.6987305283546448], [3, 7, 0.5512070655822754], [1, 0, 0.5433779954910278], [4, 9, 0.51908278465271], [1, 4, 0.5066700577735901], [0, 0, 0.49881333112716675], [1, 2, 0.4787917733192444], [0, 1, 0.47724297642707825], [2, 4, 0.44975894689559937], [1, 5, 0.44913309812545776], [3, 6, 0.35453832149505615], [0, 3, 0.3180353343486786]]",True,1,"[[0, 4, [""i find""]], [1, 0, [""i hereby""]], [1, 1, [""i hereby""]], [1, 2, [""i hereby""]], [1, 3, [""i hereby""]], [2, 0, [""i hereby""]], [2, 1, [""i hereby""]], [2, 2, [""i hereby""]], [2, 3, [""i hereby""]], [6, 7, [""hereby authorize""]], [6, 10, [""hereby authorize""]]]",0.4386931277988683,6,"[[4, 7, 0.6810593477999013], [6, 10, 0.48005199551997585], [6, 7, 0.1549680400767277]]",42.0,6,"[[4, 7, 53.0], [6, 10, 42.0], [1, 0, 31.0]]",20,0.11396011396011396,7,True,0.09268777817487717,7,1,0.09009299427270889,7,1
46,1116,executive_order,"January 09, 2026","May 22, 2003",0.5903303623199463,2,0.5963090360164642,3,"[[4, 2, 0.8355228304862976], [1, 0, 0.6076530814170837], [6, 2, 0.561930775642395], [3, 2, 0.5334209203720093], [5, 2, 0.5210620164871216], [1, 1, 0.5112408399581909], [5, 3, 0.5101457834243774], [0, 0, 0.49922388792037964], [2, 1, 0.47652870416641235]]",True,1,"[[1, 0, [""i hereby""]], [1, 1, [""i hereby""]], [2, 0, [""i hereby""]], [2, 1, [""i hereby""]], [6, 2, [""hereby authorize""]]]",0.29335710242634366,13,"[[4, 2, 0.615248672480085], [1, 0, 0.1425206358335864], [6, 2, 0.12230199896535955]]",39.666666666666664,7,"[[4, 2, 54.0], [1, 1, 33.0], [1, 0, 32.0]]",20,0.11081832820963256,8,True,0.994401752948761,1,1,0.994401752948761,1,1
46,571,executive_order,"January 09, 2026","September 12, 2018",0.5376489162445068,21,0.5724799931049347,10,"[[4, 13, 0.861961841583252], [6, 15, 0.8018385171890259], [5, 14, 0.7199984192848206], [3, 13, 0.5616284608840942], [5, 16, 0.5587502717971802], [1, 0, 0.5329642295837402], [1, 10, 0.49988579750061035], [0, 10, 0.488881915807724], [1, 6, 0.4834464490413666], [0, 5, 0.47747620940208435], [0, 8, 0.4601956009864807], [0, 1, 0.4523763060569763], [1, 11, 0.44783398509025574], [0, 2, 0.44745755195617676], [2, 10, 0.4466760754585266], [1, 4, 0.4459267258644104], [6, 3, 0.43752411007881165], [1, 9, 0.4159567952156067], [2, 12, 0.38076066970825195], [1, 7, 0.3203739821910858]]",True,1,"[[0, 10, [""i find""]], [1, 0, [""i hereby""]], [1, 6, [""i hereby""]], [1, 7, [""i hereby""]], [1, 8, [""i hereby""]], [1, 9, [""i hereby""]], [2, 0, [""i hereby""]], [2, 6, [""i hereby""]], [2, 7, [""i hereby""]], [2, 8, [""i hereby""]], [2, 9, [""i hereby""]], [6, 13, [""hereby authorize""]], [6, 15, [""hereby authorize""]]]",0.504613689413074,4,"[[6, 15, 0.7072820484133178], [4, 13, 0.6541193845710571], [6, 13, 0.15243963525484716]]",33.333333333333336,14,"[[4, 13, 41.0], [6, 15, 31.0], [1, 4, 28.0]]",20,0.10441176470588234,9,True,0.02080448903143406,8,1,0.02080448903143406,8,1
46,592,executive_order,"January 09, 2026","March 19, 2018",0.5368877649307251,23,0.5843020081520081,8,"[[4, 1, 0.8638041019439697], [5, 2, 0.7060653567314148], [6, 1, 0.553898811340332], [3, 1, 0.5426702499389648], [1, 3, 0.47679010033607483], [0, 0, 0.4729560911655426], [5, 4, 0.4408051669597626], [2, 3, 0.41945382952690125]]",True,1,"[[0, 3, [""i find""]], [5, 2, [""shall take""]], [6, 1, [""hereby authorize""]]]",0.35990948668882994,10,"[[4, 1, 0.6031609176657236], [5, 2, 0.3321735011327742], [6, 1, 0.14439404126799196]]",33.666666666666664,13,"[[4, 1, 48.0], [1, 0, 37.0], [6, 1, 16.0]]",20,0.09935064935064936,10,True,0.8840392827987671,3,1,0.8840392827987671,3,1
47,155,executive_order,"January 07, 2026","April 09, 2025",0.5939719080924988,1,0.4655574709177017,4,"[[0, 0, 0.643272876739502], [1, 4, 0.4881269037723541], [1, 2, 0.4757215678691864], [4, 4, 0.4662573039531708], [0, 1, 0.46180522441864014], [1, 3, 0.4323517978191376], [2, 2, 0.42972028255462646], [6, 4, 0.3933214545249939], [0, 5, 0.3889196813106537], [5, 4, 0.37716543674468994], [3, 3, 0.3480428457260132]]",True,1,"[[0, 0, [""hereby order""]], [2, 4, [""shall provide""]], [2, 5, [""shall provide""]]]",0.06759874634158894,1,"[[0, 0, 0.1744743732046502], [4, 1, 0.015065182349209859], [2, 1, 0.01325668347090676]]",24.666666666666668,1,"[[0, 0, 63.0], [4, 1, 11.0], [6, 3, 0.0]]",20,0.1369047619047619,1,True,0.709019124507904,1,1,0.709019124507904,1,1
47,924,executive_order,"January 07, 2026","January 30, 2009",0.44900304079055786,15,0.4994051158428192,1,"[[4, 5, 0.5653664469718933], [4, 4, 0.5479137897491455], [2, 5, 0.5431408286094666], [2, 7, 0.542980432510376], [6, 5, 0.5398414134979248], [2, 3, 0.5241979956626892], [1, 5, 0.5213028192520142], [6, 2, 0.5192274451255798], [5, 4, 0.5071586966514587], [6, 1, 0.49484527111053467], [2, 6, 0.4861323833465576], [4, 9, 0.4624013602733612], [0, 0, 0.4480839967727661], [3, 3, 0.4074903428554535], [2, 8, 0.35068902373313904]]",True,1,"[[0, 0, [""hereby order""]], [2, 4, [""shall provide""]], [2, 5, [""shall provide""]], [3, 9, [""shall take""]], [4, 9, [""shall take""]]]",0.028653285333300364,4,"[[6, 9, 0.038016316267672705], [6, 1, 0.026576173406864585], [2, 2, 0.021367366325363804]]",0.0,4,"[[6, 7, 0.0], [6, 8, 0.0], [6, 9, 0.0]]",20,0.13095238095238093,2,True,0.0006986756925471127,6,1,0.0006986756925471127,6,1
47,365,executive_order,"January 07, 2026","November 18, 2021",0.44081151485443115,19,0.4796903282403946,3,"[[6, 3, 0.5334982872009277], [4, 3, 0.5329174399375916], [1, 7, 0.5146379470825195], [2, 4, 0.5008217096328735], [4, 6, 0.4906198978424072], [3, 4, 0.48236897587776184], [4, 2, 0.4806494116783142], [5, 3, 0.4701693058013916], [5, 0, 0.4536322355270386], [4, 1, 0.4221743941307068], [0, 0, 0.42200055718421936], [2, 5, 0.32882368564605713]]",True,1,"[[0, 0, [""hereby order""]], [2, 3, [""shall provide""]], [3, 4, [""shall take""]], [4, 4, [""shall take""]]]",0.03036278980571211,3,"[[4, 6, 0.034007087898012475], [6, 7, 0.02866243807455113], [2, 3, 0.02841884344457272]]",0.0,4,"[[6, 5, 0.0], [6, 6, 0.0], [6, 7, 0.0]]",20,0.1286231884057971,3,True,8.34962775115855e-05,8,1,8.34962775115855e-05,8,1
47,713,executive_order,"January 07, 2026","September 07, 2015",0.43527233600616455,23,0.44474421441555023,6,"[[4, 2, 0.5131323337554932], [6, 3, 0.5038748383522034], [1, 2, 0.44938790798187256], [4, 1, 0.44624823331832886], [2, 3, 0.4279178977012634], [4, 0, 0.4095107316970825], [5, 3, 0.3901262581348419], [0, 0, 0.33263710141181946], [3, 3, 0.3320024609565735]]",True,1,"[[0, 0, [""hereby order""]], [3, 3, [""shall take""]], [4, 3, [""shall take""]]]",0.026488904865068334,7,"[[6, 3, 0.03652324417335624], [2, 2, 0.022006039738761404], [2, 3, 0.020937430683087357]]",0.0,4,"[[6, 1, 0.0], [6, 2, 0.0], [6, 3, 0.0]]",20,0.11716524216524216,4,True,0.0001547666179249063,7,1,0.0001547666179249063,7,1
47,377,executive_order,"January 07, 2026","September 09, 2021",0.4611974358558655,14,0.44595402479171753,5,"[[4, 3, 0.4793442487716675], [4, 0, 0.4660359025001526], [5, 1, 0.4518584907054901], [6, 1, 0.4396684765815735], [1, 1, 0.4358394145965576], [4, 2, 0.43392693996429443], [3, 1, 0.41590869426727295], [2, 1, 0.41354900598526], [0, 0, 0.4026485085487366]]",True,1,"[[0, 0, [""hereby order""]], [3, 3, [""shall take""]], [4, 3, [""shall take""]]]",0.021323801788039304,10,"[[2, 1, 0.02283922968503937], [3, 2, 0.02231743095424908], [6, 3, 0.018814744724829465]]",0.0,4,"[[6, 1, 0.0], [6, 2, 0.0], [6, 3, 0.0]]",20,0.11499999999999999,5,True,4.665628875955008e-05,10,1,4.629321847460233e-05,10,1
47,151,executive_order,"January 07, 2026","April 09, 2025",0.47321802377700806,8,0.4296330660581589,11,"[[0, 0, 0.5028906464576721], [1, 5, 0.499803364276886], [1, 2, 0.4818141758441925], [4, 5, 0.455755352973938], [1, 1, 0.4540671706199646], [1, 3, 0.42413046956062317], [1, 6, 0.40049588680267334], [5, 5, 0.39016175270080566], [2, 5, 0.37379276752471924], [6, 5, 0.34978586435317993], [1, 4, 0.344039648771286], [3, 4, 0.3354322016239166]]",True,1,"[[0, 0, [""hereby order""]]]",0.027517264379191598,6,"[[0, 0, 0.032779158659312406], [6, 5, 0.028340851935431042], [4, 5, 0.021431782542831353]]",3.3333333333333335,3,"[[4, 0, 10.0], [6, 4, 0.0], [6, 5, 0.0]]",20,0.11419786384723271,6,True,0.03875619173049927,2,1,0.03875619173049927,2,1
47,613,executive_order,"January 07, 2026","July 21, 2017",0.48706620931625366,5,0.4116722047328949,20,"[[0, 0, 0.5091023445129395], [0, 1, 0.4681885838508606], [1, 1, 0.44400155544281006], [4, 1, 0.3087601661682129], [2, 1, 0.2824329733848572], [3, 1, 0.28085386753082275], [5, 1, 0.2699047923088074], [6, 1, 0.2478371560573578]]",True,1,"[[0, 0, [""hereby order""]], [2, 1, [""shall provide""]]]",0.03387193902154149,2,"[[0, 0, 0.04962535129403324], [0, 1, 0.031034966065400592], [2, 1, 0.02095549970519064]]",0.0,4,"[[5, 1, 0.0], [6, 0, 0.0], [6, 1, 0.0]]",20,0.11212121212121212,7,True,0.0020667947828769684,5,1,0.002082970691844821,5,1
47,1500,executive_order,"January 07, 2026","June 03, 1994",0.5258314609527588,2,0.4230094999074936,15,"[[1, 16, 0.519197940826416], [0, 0, 0.5095890760421753], [1, 17, 0.5087460875511169], [1, 14, 0.4999682903289795], [1, 15, 0.47958338260650635], [0, 24, 0.4737495183944702], [1, 8, 0.47134724259376526], [1, 13, 0.4672907292842865], [1, 4, 0.45589756965637207], [1, 7, 0.453065425157547], [0, 25, 0.4447065591812134], [1, 1, 0.4444064497947693], [1, 26, 0.4354025721549988], [1, 12, 0.432033509016037], [3, 14, 0.42994260787963867], [1, 29, 0.42080843448638916], [1, 28, 0.4195992350578308], [4, 14, 0.4139386713504791], [1, 2, 0.41211140155792236], [2, 14, 0.4111384153366089], [1, 10, 0.40007078647613525], [1, 5, 0.3953027129173279], [1, 30, 0.3903144896030426], [1, 9, 0.3883708715438843], [5, 5, 0.38697364926338196], [1, 11, 0.38154178857803345], [1, 18, 0.37869131565093994], [1, 3, 0.3717324733734131], [1, 19, 0.3603488504886627], [1, 23, 0.358542263507843], [6, 15, 0.3543355166912079], [1, 22, 0.3528534471988678], [3, 27, 0.3488853871822357], [6, 6, 0.3376449942588806], [6, 31, 0.3292343020439148], [2, 20, 0.32582199573516846], [5, 21, 0.2766472399234772]]",True,1,"[[0, 0, [""hereby order""]], [1, 16, [""shall identify""]], [1, 29, [""shall identify""]], [2, 11, [""shall provide""]], [2, 19, [""shall provide""]], [3, 17, [""shall take""]], [4, 17, [""shall take""]], [5, 1, [""shall ensure""]], [6, 1, [""shall ensure""]]]",0.02795941065518325,5,"[[6, 26, 0.02962440921335404], [2, 26, 0.028001280177412498], [2, 25, 0.026252542574783214]]",0.0,4,"[[6, 29, 0.0], [6, 30, 0.0], [6, 31, 0.0]]",20,0.11023809523809523,8,True,0.02291080169379711,3,2,0.02291080169379711,3,2
47,522,executive_order,"January 07, 2026","October 31, 2019",0.485087513923645,6,0.4993584454059601,2,"[[4, 0, 0.5228426456451416], [1, 0, 0.5057750344276428], [2, 0, 0.5015929937362671], [6, 0, 0.48725414276123047], [5, 0, 0.452136754989624], [0, 0, 0.4442317485809326], [3, 0, 0.4172864854335785]]",False,2,[],0.001924416470699172,24,"[[2, 0, 0.005773249412097516], [5, 0, 0.0], [6, 0, 0.0]]",0.0,4,"[[4, 0, 0.0], [5, 0, 0.0], [6, 0, 0.0]]",20,0.10984848484848485,9,True,4.683888619183563e-05,9,1,4.702220030594617e-05,9,1
47,816,executive_order,"January 07, 2026","March 16, 2012",0.5072654485702515,3,0.43148601055145264,9,"[[0, 0, 0.5350954532623291], [1, 9, 0.5335451364517212], [1, 4, 0.46666038036346436], [2, 4, 0.4625126123428345], [0, 8, 0.4478684067726135], [1, 2, 0.44684940576553345], [1, 7, 0.43934959173202515], [5, 4, 0.42829257249832153], [2, 3, 0.4175216257572174], [2, 5, 0.4157703220844269], [3, 3, 0.4154342710971832], [0, 1, 0.40999656915664673], [1, 6, 0.40647953748703003], [0, 10, 0.39694416522979736], [4, 7, 0.38778993487358093], [0, 12, 0.38366255164146423], [1, 15, 0.3730505108833313], [6, 3, 0.36457306146621704], [1, 13, 0.3622059226036072], [1, 14, 0.34034425020217896], [2, 11, 0.284225195646286]]",True,1,"[[0, 0, [""hereby order""]], [2, 10, [""shall provide""]], [2, 15, [""shall provide""]]]",0.015376748485814223,12,"[[6, 6, 0.0183747433667069], [4, 7, 0.013946873374632067], [2, 6, 0.013808628716103704]]",0.0,4,"[[6, 13, 0.0], [6, 14, 0.0], [6, 15, 0.0]]",20,0.10739942528735633,10,True,0.017338999081403017,4,2,0.017338999081403017,4,2
50,147,executive_order,"December 18, 2025","April 15, 2025",0.455294132232666,3,0.4645548015832901,1,"[[1, 5, 0.4817241430282593], [2, 3, 0.47904640436172485], [2, 2, 0.4711994528770447], [2, 6, 0.4661698341369629], [0, 5, 0.46172547340393066], [2, 7, 0.4462653398513794], [0, 0, 0.4411684572696686], [2, 4, 0.43714702129364014], [2, 1, 0.41683346033096313]]",True,1,"[[0, 0, [""hereby order""]], [1, 2, [""shall take""]], [1, 3, [""shall take""]], [1, 6, [""shall take""]]]",0.03877990179839517,3,"[[2, 6, 0.05408290666158626], [2, 5, 0.041251693590458494], [1, 1, 0.021005105143140766]]",0.0,1,"[[2, 5, 0.0], [2, 6, 0.0], [2, 7, 0.0]]",20,0.13871635610766045,1,True,0.00024156630388461053,5,1,0.00024156630388461053,5,1
50,474,executive_order,"December 18, 2025","August 06, 2020",0.41494321823120117,14,0.4196110665798187,7,"[[2, 8, 0.46360838413238525], [2, 7, 0.44459253549575806], [1, 4, 0.43232354521751404], [2, 9, 0.4314180314540863], [0, 4, 0.40871384739875793], [2, 1, 0.40665990114212036], [2, 6, 0.40378761291503906], [1, 5, 0.3938450217247009], [2, 2, 0.3868030309677124], [2, 0, 0.37246590852737427], [2, 3, 0.30789852142333984]]",True,1,"[[0, 0, [""hereby order""]], [1, 4, [""shall take""]], [1, 5, [""shall take""]], [1, 7, [""shall take""]]]",0.04073152235048511,2,"[[2, 6, 0.053081613066282986], [2, 5, 0.03976452211844438], [2, 7, 0.029348431866727975]]",0.0,1,"[[2, 7, 0.0], [2, 8, 0.0], [2, 9, 0.0]]",20,0.13011063011063012,2,True,0.00016474656877107918,6,1,0.00016093082376755774,6,1
50,468,executive_order,"December 18, 2025","September 24, 2020",0.44495874643325806,6,0.40828029811382294,14,"[[2, 1, 0.4295869469642639], [0, 0, 0.41662997007369995], [1, 0, 0.33413946628570557]]",True,1,"[[0, 0, [""hereby order""]], [1, 1, [""shall take""]]]",0.04360687905895332,1,"[[2, 1, 0.07704232714270828], [2, 0, 0.04526987221110877], [0, 1, 0.008508437823042912]]",0.0,1,"[[1, 1, 0.0], [2, 0, 0.0], [2, 1, 0.0]]",20,0.12464985994397759,3,True,0.0031164378160610795,2,2,0.0031164378160610795,2,2
50,424,executive_order,"December 18, 2025","January 21, 2021",0.41279733180999756,15,0.4182511568069458,9,"[[2, 4, 0.4721531867980957], [2, 0, 0.4600512981414795], [2, 5, 0.4520849585533142], [1, 0, 0.39920172095298767], [2, 1, 0.3933575749397278], [2, 3, 0.38699835538864136], [0, 0, 0.3723905086517334], [2, 2, 0.3668774366378784]]",True,1,"[[0, 0, [""hereby order""]]]",0.03513726287673851,5,"[[2, 0, 0.07963156324606341], [0, 0, 0.01382350989531227], [2, 3, 0.01195671548883986]]",0.0,1,"[[2, 3, 0.0], [2, 4, 0.0], [2, 5, 0.0]]",20,0.12210180623973726,4,True,0.0001431373821105808,7,1,0.0001431373821105808,7,1
50,332,executive_order,"December 18, 2025","October 14, 2022",0.41019588708877563,16,0.4491659700870514,3,"[[2, 1, 0.5286163091659546], [2, 0, 0.4268907904624939], [0, 0, 0.3817712366580963], [1, 1, 0.3513476848602295]]",True,1,"[[0, 0, [""hereby order""]], [1, 1, [""shall take""]]]",0.0092103017911451,13,"[[2, 0, 0.022308138402760386], [0, 0, 0.0041930054683140495], [1, 0, 0.001129761502360863]]",0.0,1,"[[1, 1, 0.0], [2, 0, 0.0], [2, 1, 0.0]]",20,0.12140033879164314,5,True,0.0006023541209287941,3,1,0.0006023541209287941,3,1
50,1396,executive_order,"December 18, 2025","November 06, 1996",0.4166029393672943,13,0.42569856345653534,5,"[[1, 1, 0.49001920223236084], [0, 1, 0.4373197853565216], [1, 0, 0.4365430176258087], [2, 0, 0.41172167658805847], [1, 2, 0.28856849670410156]]",True,1,"[[0, 0, [""hereby order""]]]",0.012068405406863367,10,"[[2, 2, 0.02189964220231736], [1, 2, 0.011618662865450585], [0, 2, 0.002686911152822156]]",0.0,1,"[[2, 0, 0.0], [2, 1, 0.0], [2, 2, 0.0]]",20,0.12095238095238095,6,True,0.016914913430809975,1,1,0.01652955822646618,1,1
50,770,executive_order,"December 18, 2025","July 15, 2013",0.40295952558517456,18,0.41285623610019684,11,"[[2, 1, 0.4533628821372986], [2, 2, 0.42634713649749756], [2, 3, 0.4190915524959564], [1, 3, 0.40687137842178345], [2, 0, 0.3822789788246155], [0, 0, 0.35609275102615356]]",True,1,"[[0, 0, [""hereby order""]]]",0.03329903799677644,6,"[[2, 1, 0.06534775367467761], [2, 0, 0.021818951329142376], [0, 1, 0.01273040898650934]]",0.0,1,"[[2, 1, 0.0], [2, 2, 0.0], [2, 3, 0.0]]",20,0.11833865059671511,7,True,0.00040448151412419975,4,1,0.00040448151412419975,4,1
50,831,executive_order,"December 18, 2025","October 31, 2011",0.4424896240234375,7,0.42881356179714203,4,"[[1, 1, 0.4366779327392578], [2, 1, 0.42566198110580444], [0, 0, 0.42220985889434814]]",True,1,"[[0, 0, [""hereby order""]], [1, 1, [""shall take""]]]",0.0066832417033379716,15,"[[2, 0, 0.010398496337428096], [0, 0, 0.0067016233335850765], [0, 1, 0.002949605439000743]]",0.0,1,"[[1, 1, 0.0], [2, 0, 0.0], [2, 1, 0.0]]",20,0.11785714285714285,8,True,6.352188938762993e-05,8,1,6.302758993115276e-05,8,1
50,1272,executive_order,"December 18, 2025","March 07, 2000",0.4476061463356018,5,0.40420864522457123,16,"[[0, 2, 0.46613261103630066], [2, 0, 0.46053779125213623], [2, 3, 0.3952878713607788], [1, 2, 0.37424570322036743], [2, 1, 0.334128737449646], [2, 4, 0.30768051743507385], [1, 5, 0.28490400314331055]]",True,1,"[[0, 0, [""hereby order""]]]",0.03692822882262529,4,"[[2, 1, 0.061987868982407435], [2, 0, 0.04060704490977665], [1, 3, 0.008189772575691787]]",0.0,1,"[[2, 3, 0.0], [2, 4, 0.0], [2, 5, 0.0]]",20,0.11706349206349206,9,True,5.4546289902646095e-05,9,1,5.4546289902646095e-05,9,1
50,218,executive_order,"December 18, 2025","February 05, 2025",0.4214248061180115,11,0.4527042359113693,2,"[[1, 0, 0.46983927488327026], [2, 0, 0.43227410316467285], [0, 0, 0.4045942723751068]]",False,2,[],0.00037773454363361774,24,"[[1, 0, 0.0011332036309008532], [0, 0, 0.0], [2, 0, 0.0]]",0.0,1,"[[0, 0, 0.0], [1, 0, 0.0], [2, 0, 0.0]]",20,0.1158008658008658,10,True,1.7262952951568877e-06,10,1,1.7262952951568877e-06,10,1
52,225,executive_order,"December 15, 2025","February 01, 2025",0.616442084312439,1,0.503783717751503,6,"[[0, 1, 0.5701911449432373], [0, 0, 0.5634599328041077], [3, 7, 0.5614408254623413], [1, 1, 0.5306158065795898], [3, 6, 0.5225101113319397], [2, 7, 0.5079046487808228], [4, 1, 0.502232015132904], [2, 9, 0.47187405824661255], [0, 2, 0.4658401310443878], [3, 8, 0.4650137722492218], [3, 10, 0.4261825680732727], [3, 4, 0.4235686659812927], [0, 3, 0.41321784257888794], [1, 5, 0.3206964433193207]]",True,1,"[[1, 0, [""i hereby""]], [1, 1, [""i hereby""]], [1, 2, [""i hereby""]], [2, 9, [""shall take""]], [3, 4, [""shall determine""]]]",0.073937426731986,1,"[[0, 0, 0.10248323004320387], [2, 9, 0.06464992381331883], [3, 8, 0.05467912633943531]]",6.0,2,"[[0, 0, 18.0], [4, 9, 0.0], [4, 10, 0.0]]",20,0.13153513153513152,1,True,0.0015731120947748423,5,1,0.0015731120947748423,5,1
52,251,executive_order,"December 15, 2025","January 20, 2025",0.569800078868866,6,0.5308741331100464,1,"[[0, 0, 0.6198909282684326], [0, 2, 0.5486149787902832], [0, 1, 0.540808916091919], [3, 2, 0.5128611922264099], [2, 2, 0.5008527040481567], [4, 2, 0.48584043979644775], [3, 3, 0.4708518981933594], [1, 2, 0.4640875458717346]]",True,1,"[[0, 0, [""hereby order""]], [1, 1, [""i hereby""]], [2, 2, [""shall take""]], [2, 3, [""shall take""]]]",0.031169730045614435,7,"[[3, 2, 0.04432487040943601], [3, 3, 0.030703825801779716], [0, 0, 0.018480493925627596]]",0.0,4,"[[4, 1, 0.0], [4, 2, 0.0], [4, 3, 0.0]]",20,0.1263227513227513,2,True,0.023509450256824493,1,1,0.023509450256824493,1,1
52,224,executive_order,"December 15, 2025","February 01, 2025",0.5820662975311279,3,0.49633166193962097,9,"[[0, 1, 0.6680043935775757], [1, 1, 0.5149024724960327], [3, 1, 0.5140161514282227], [0, 0, 0.5106606483459473], [3, 7, 0.5090389251708984], [4, 1, 0.4978485107421875], [2, 9, 0.47187405824661255], [0, 2, 0.4658401310443878], [3, 8, 0.4650137722492218], [3, 10, 0.43282437324523926], [0, 6, 0.42626625299453735], [0, 4, 0.39812496304512024], [0, 3, 0.3909077048301697], [1, 5, 0.3141210675239563]]",True,1,"[[1, 0, [""i hereby""]], [1, 1, [""i hereby""]], [1, 2, [""i hereby""]], [2, 9, [""shall take""]], [3, 4, [""shall determine""]]]",0.0697738106833831,2,"[[0, 0, 0.08999238189739521], [2, 9, 0.06464992381331883], [3, 8, 0.05467912633943531]]",6.0,2,"[[0, 0, 18.0], [4, 9, 0.0], [4, 10, 0.0]]",20,0.12539184952978055,3,True,0.0014779429184272885,6,1,0.0014779429184272885,6,1
52,61,executive_order,"December 15, 2025","November 04, 2025",0.554621696472168,7,0.492473304271698,10,"[[0, 0, 0.6355363726615906], [3, 0, 0.5251027345657349], [1, 0, 0.5250417590141296], [4, 0, 0.523733377456665], [2, 0, 0.5067344307899475], [3, 3, 0.4863150119781494], [3, 4, 0.4659445285797119], [3, 5, 0.37880295515060425], [3, 1, 0.37498363852500916], [3, 2, 0.30871888995170593]]",True,1,"[[1, 0, [""i hereby""]], [2, 5, [""shall take""]], [3, 3, [""shall determine""]]]",0.05702789686654424,4,"[[4, 5, 0.08035918459221829], [3, 4, 0.048081927044102586], [3, 3, 0.042642578963311834]]",5.0,3,"[[4, 5, 15.0], [4, 3, 0.0], [4, 4, 0.0]]",20,0.11847826086956521,4,True,0.007695647422224283,3,1,0.007695647422224283,3,1
52,226,executive_order,"December 15, 2025","February 01, 2025",0.5374572277069092,9,0.4705950617790222,14,"[[0, 1, 0.551052451133728], [3, 7, 0.5286502838134766], [0, 0, 0.5279078483581543], [0, 2, 0.4658401310443878], [1, 2, 0.46379485726356506], [3, 8, 0.46357113122940063], [2, 7, 0.4595850706100464], [3, 6, 0.4537639617919922], [4, 7, 0.4427967369556427], [3, 10, 0.43282437324523926], [3, 4, 0.4251241683959961], [2, 9, 0.4041237235069275], [0, 3, 0.39526206254959106], [1, 5, 0.32403671741485596]]",True,1,"[[1, 0, [""i hereby""]], [1, 1, [""i hereby""]], [1, 2, [""i hereby""]], [2, 9, [""shall take""]], [3, 4, [""shall determine""]]]",0.06669150479204326,3,"[[0, 0, 0.09527175961161383], [3, 8, 0.05401058597273566], [2, 9, 0.0507921687917803]]",6.0,2,"[[0, 0, 18.0], [4, 9, 0.0], [4, 10, 0.0]]",20,0.11834457102999302,5,True,0.0004994205082766712,9,1,0.0004994205082766712,9,1
52,56,executive_order,"December 15, 2025","November 24, 2025",0.46929094195365906,19,0.45644600689411163,17,"[[0, 0, 0.49806708097457886], [0, 1, 0.4806479215621948], [3, 1, 0.45720693469047546], [0, 2, 0.43332695960998535], [1, 1, 0.4283662438392639], [4, 2, 0.4260633885860443], [2, 2, 0.4013533592224121]]",True,1,"[[0, 0, [""hereby order""]], [2, 2, [""shall take""]]]",0.03939311352727843,5,"[[4, 2, 0.06628713613332621], [3, 1, 0.027042626201260175], [2, 1, 0.024849578247248906]]",8.333333333333334,1,"[[4, 2, 15.0], [2, 1, 10.0], [4, 1, 0.0]]",20,0.11464607464607465,6,True,0.008251599036157131,2,1,0.008251599036157131,2,1
52,643,executive_order,"December 15, 2025","February 09, 2017",0.5771361589431763,4,0.5269905477762222,2,"[[0, 0, 0.5732814073562622], [2, 0, 0.5063126087188721], [4, 0, 0.4888445734977722], [3, 0, 0.43679434061050415], [1, 0, 0.3982654809951782]]",True,1,"[[0, 0, [""hereby order""]]]",0.009431563976532603,20,"[[3, 0, 0.015502140033948331], [2, 0, 0.006702538537956837], [0, 0, 0.006090013357692646]]",0.0,4,"[[2, 0, 0.0], [3, 0, 0.0], [4, 0, 0.0]]",20,0.11212121212121212,7,True,0.0014437558129429817,7,1,0.0014437558129429817,7,1
52,2743,executive_order,"December 15, 2025","July 27, 1972",0.48063939809799194,15,0.5173401534557343,5,"[[3, 5, 0.5755487084388733], [4, 5, 0.5641508102416992], [2, 5, 0.5257678031921387], [3, 2, 0.5190899968147278], [0, 5, 0.5020114779472351], [3, 0, 0.49748989939689636], [3, 3, 0.4957626163959503], [4, 1, 0.495564341545105], [1, 5, 0.4784536063671112], [3, 4, 0.44950711727142334]]",False,2,[],0.013775072239106914,16,"[[3, 2, 0.01739083342857606], [3, 0, 0.014527541665928435], [2, 2, 0.009406841622816242]]",0.0,4,"[[4, 3, 0.0], [4, 4, 0.0], [4, 5, 0.0]]",20,0.10944444444444444,8,True,0.0010162439430132508,8,1,0.0010162439430132508,8,1
52,360,executive_order,"December 15, 2025","December 15, 2021",0.5149844884872437,11,0.47196707129478455,12,"[[0, 0, 0.6022549867630005], [4, 1, 0.5274003744125366], [4, 7, 0.501592755317688], [2, 1, 0.49765121936798096], [0, 2, 0.4760679602622986], [3, 1, 0.44431307911872864], [1, 7, 0.3920735716819763], [3, 6, 0.38493141531944275], [3, 3, 0.3842088580131531], [3, 4, 0.3828875720500946], [4, 5, 0.3502201437950134]]",True,1,"[[1, 0, [""i hereby""]], [2, 1, [""shall take""]]]",0.027149575824067962,8,"[[3, 4, 0.04061702815531913], [4, 4, 0.02092590987503632], [3, 3, 0.019905789441848436]]",0.0,4,"[[4, 5, 0.0], [4, 6, 0.0], [4, 7, 0.0]]",20,0.10863095238095238,9,True,0.001941816764883697,4,1,0.001941816764883697,4,1
52,191,executive_order,"December 15, 2025","March 03, 2025",0.5844882130622864,2,0.5223678350448608,3,"[[0, 0, 0.6129176616668701], [3, 0, 0.5233936309814453], [1, 0, 0.5209511518478394], [4, 0, 0.5189464092254639], [2, 0, 0.49094074964523315], [1, 2, 0.4788562059402466], [2, 1, 0.44214338064193726]]",False,2,[],0.004331322811109058,24,"[[0, 0, 0.005054610598686246], [3, 0, 0.0044002186851926145], [2, 0, 0.003539139149448316]]",0.0,4,"[[4, 0, 0.0], [4, 1, 0.0], [4, 2, 0.0]]",20,0.10787220026350461,10,True,0.000250207755016163,10,1,0.000250207755016163,10,1
53,384,executive_order,"December 11, 2025","June 25, 2021",0.41609853506088257,22,0.4175655245780945,2,"[[4, 3, 0.4818873107433319], [4, 6, 0.46999433636665344], [3, 7, 0.4608640670776367], [4, 4, 0.45845359563827515], [4, 2, 0.45362406969070435], [4, 14, 0.44948887825012207], [4, 1, 0.43956702947616577], [4, 5, 0.4308444559574127], [4, 23, 0.42641985416412354], [4, 12, 0.4187929630279541], [4, 13, 0.4173823297023773], [4, 21, 0.41651391983032227], [1, 7, 0.41038721799850464], [4, 22, 0.4098718464374542], [4, 18, 0.4042820334434509], [4, 9, 0.4027627408504486], [2, 7, 0.3998531997203827], [4, 15, 0.3942635655403137], [4, 16, 0.39335957169532776], [4, 11, 0.391581267118454], [4, 17, 0.3880751132965088], [4, 0, 0.38303402066230774], [4, 24, 0.37664729356765747], [4, 10, 0.3644084930419922], [0, 14, 0.3635305166244507], [4, 20, 0.36076921224594116], [3, 8, 0.35576575994491577], [4, 19, 0.34701210260391235]]",True,1,"[[0, 0, [""hereby order""]], [1, 5, [""shall review""]], [1, 20, [""shall review""]], [2, 5, [""shall review""]], [2, 20, [""shall review""]], [4, 5, [""shall take""]], [4, 6, [""shall take""]], [4, 12, [""shall take""]], [4, 13, [""shall take""]], [4, 16, [""shall take""]], [4, 18, [""shall take""]], [4, 22, [""shall take""]], [4, 23, [""shall take""]], [4, 24, [""shall take""]]]",0.026162777843075358,1,"[[4, 20, 0.0396320533399346], [3, 20, 0.02905184884331445], [3, 11, 0.009804431345977034]]",0.0,3,"[[4, 22, 0.0], [4, 23, 0.0], [4, 24, 0.0]]",20,0.13655185394315827,1,True,0.0007352100510615855,1,2,0.0007352100510615855,1,2
53,89,executive_order,"December 11, 2025","August 07, 2025",0.42927122116088867,14,0.41099874675273895,6,"[[0, 0, 0.4738364517688751], [0, 2, 0.4141359329223633], [0, 1, 0.40664854645729065], [4, 1, 0.39350754022598267], [2, 2, 0.3663094937801361], [1, 2, 0.3599103093147278], [3, 1, 0.35872188210487366]]",True,1,"[[0, 0, [""hereby order""]], [1, 2, [""shall review""]], [2, 2, [""shall review""]]]",0.016770061408924095,4,"[[4, 2, 0.03395928296800309], [2, 2, 0.008768534674896612], [2, 1, 0.007582366583872586]]",4.333333333333333,2,"[[4, 2, 13.0], [4, 0, 0.0], [4, 1, 0.0]]",20,0.1255827505827506,2,True,0.0006118339952081442,2,1,0.000593020988162607,2,1
53,88,executive_order,"December 11, 2025","August 07, 2025",0.47405704855918884,1,0.41080452501773834,7,"[[4, 0, 0.4594506323337555], [3, 0, 0.4358685612678528], [0, 0, 0.3278888761997223], [1, 0, 0.31426575779914856], [2, 0, 0.273318350315094]]",True,1,"[[0, 0, [""hereby order""]]]",0.014907219359863652,7,"[[4, 0, 0.02848392156233455], [3, 0, 0.010112670146069995], [1, 0, 0.00612506637118641]]",5.333333333333333,1,"[[4, 0, 16.0], [2, 0, 0.0], [3, 0, 0.0]]",20,0.12169312169312169,3,True,0.0004373344127088785,4,1,0.0004373344127088785,4,1
53,930,executive_order,"December 11, 2025","January 21, 2009",0.44925713539123535,4,0.4153440147638321,4,"[[2, 3, 0.45593905448913574], [2, 4, 0.44555777311325073], [1, 3, 0.43852555751800537], [4, 3, 0.4314664602279663], [4, 2, 0.43110018968582153], [3, 0, 0.41225144267082214], [0, 2, 0.3972227871417999], [3, 5, 0.3442126512527466], [4, 1, 0.33258044719696045]]",True,1,"[[0, 0, [""hereby order""]], [4, 1, [""shall take""]]]",0.012385764751272337,10,"[[2, 2, 0.019558636632578164], [2, 3, 0.012970709737077857], [1, 5, 0.004627947884160989]]",0.0,3,"[[4, 3, 0.0], [4, 4, 0.0], [4, 5, 0.0]]",20,0.11847826086956521,4,True,0.0001172855991171673,9,1,0.0001172855991171673,9,1
53,3495,executive_order,"December 11, 2025","March 06, 1961",0.43162184953689575,12,0.397524893283844,14,"[[2, 10, 0.5259445905685425], [2, 9, 0.45714592933654785], [4, 9, 0.4357648491859436], [1, 4, 0.42902812361717224], [3, 9, 0.4048693776130676], [2, 12, 0.3987860381603241], [3, 17, 0.3967808187007904], [4, 8, 0.3920798599720001], [1, 5, 0.3815973997116089], [0, 9, 0.3750011920928955], [4, 16, 0.3675170838832855], [4, 0, 0.35983794927597046], [2, 11, 0.35889488458633423], [4, 15, 0.3585900664329529], [4, 13, 0.3576809763908386], [4, 7, 0.3316722512245178], [4, 19, 0.3294474482536316], [3, 3, 0.3172610104084015], [4, 1, 0.31042543053627014], [2, 14, 0.2927064895629883], [3, 6, 0.2906145453453064], [3, 18, 0.2899685800075531], [2, 2, 0.27258414030075073]]",True,1,"[[4, 13, [""shall take""]], [4, 17, [""shall take""]]]",0.018566737785296532,2,"[[4, 17, 0.022705054649042624], [4, 16, 0.01940860103023894], [3, 16, 0.013586557676608038]]",0.0,3,"[[4, 17, 0.0], [4, 18, 0.0], [4, 19, 0.0]]",20,0.11834457102999302,5,True,0.0002403338221483864,7,2,0.0002403338221483864,7,2
53,3198,executive_order,"December 11, 2025","May 08, 1965",0.4150148332118988,24,0.39917413890361786,12,"[[4, 3, 0.4808298349380493], [1, 7, 0.4395787715911865], [4, 8, 0.43621334433555603], [3, 7, 0.4332749545574188], [0, 3, 0.4213396906852722], [0, 1, 0.38719457387924194], [4, 5, 0.37697285413742065], [2, 3, 0.3505651354789734], [4, 4, 0.32516756653785706], [4, 9, 0.3228784501552582], [4, 0, 0.32250475883483887], [3, 2, 0.32156994938850403], [0, 6, 0.3193961977958679]]",True,1,"[[0, 0, [""hereby order""]]]",0.016719578131942445,5,"[[4, 5, 0.03344067062258662], [2, 5, 0.00904029405152513], [4, 6, 0.007677769721715589]]",0.0,3,"[[4, 7, 0.0], [4, 8, 0.0], [4, 9, 0.0]]",20,0.11472826086956522,6,True,0.0005614787223748863,3,1,0.0005614787223748863,3,1
53,655,executive_order,"December 11, 2025","January 17, 2017",0.4382251501083374,8,0.4175794869661331,1,"[[3, 17, 0.46276143193244934], [4, 19, 0.46205925941467285], [2, 12, 0.4607119858264923], [4, 16, 0.45604896545410156], [4, 11, 0.4440867006778717], [4, 18, 0.44111543893814087], [1, 18, 0.44031473994255066], [3, 4, 0.43433651328086853], [1, 15, 0.4159889221191406], [3, 3, 0.4141191244125366], [1, 14, 0.4125869870185852], [4, 5, 0.3938441276550293], [3, 0, 0.3929860591888428], [3, 21, 0.3925892114639282], [2, 9, 0.3839999735355377], [2, 7, 0.37711355090141296], [3, 10, 0.3725583553314209], [0, 19, 0.3698008060455322], [4, 2, 0.3676069676876068], [4, 8, 0.3672574758529663], [3, 13, 0.3649486303329468], [4, 6, 0.36342158913612366], [4, 22, 0.35349947214126587], [4, 1, 0.35332366824150085], [3, 20, 0.3528735935688019], [4, 23, 0.26486507058143616]]",True,1,"[[0, 0, [""hereby order""]], [0, 4, [""hereby order""]]]",0.005775229993860265,23,"[[0, 0, 0.007041072365615927], [2, 3, 0.005253698956648894], [2, 17, 0.005030918659315972]]",0.0,3,"[[4, 21, 0.0], [4, 22, 0.0], [4, 23, 0.0]]",20,0.1143531224421012,7,True,0.00024224363005487248,6,2,0.00024224363005487248,6,2
53,434,executive_order,"December 11, 2025","January 20, 2021",0.45938611030578613,2,0.40934017300605774,9,"[[2, 3, 0.45499783754348755], [2, 4, 0.4420199394226074], [1, 3, 0.4372260570526123], [4, 3, 0.4283342957496643], [4, 2, 0.42514267563819885], [3, 0, 0.40574580430984497], [0, 0, 0.38525575399398804], [3, 5, 0.32693561911582947], [4, 1, 0.3233688771724701]]",True,1,"[[0, 0, [""hereby order""]], [4, 1, [""shall take""]]]",0.013409374035011551,8,"[[2, 2, 0.02050496046246849], [2, 3, 0.012957185387185457], [4, 1, 0.006765976255380713]]",0.0,3,"[[4, 3, 0.0], [4, 4, 0.0], [4, 5, 0.0]]",20,0.11367530520454058,8,True,0.0001666947537160013,8,2,0.00016679178588674404,8,2
53,2311,executive_order,"December 11, 2025","December 28, 1978",0.4161035418510437,21,0.41216789186000824,5,"[[3, 9, 0.4970690608024597], [3, 16, 0.46691277623176575], [3, 8, 0.4662214517593384], [3, 19, 0.45980197191238403], [3, 18, 0.44501230120658875], [3, 15, 0.44268080592155457], [3, 2, 0.4401493966579437], [4, 9, 0.4252476990222931], [3, 12, 0.42325836420059204], [3, 13, 0.4196856617927551], [3, 6, 0.4146836996078491], [3, 7, 0.41358935832977295], [3, 21, 0.41084980964660645], [3, 10, 0.4067297875881195], [3, 4, 0.4060978293418884], [3, 22, 0.40457531809806824], [4, 14, 0.3999154269695282], [3, 23, 0.3996436595916748], [3, 5, 0.3983634412288666], [3, 17, 0.3954724073410034], [3, 1, 0.3905450701713562], [3, 20, 0.3820990025997162], [0, 9, 0.381914347410202], [2, 14, 0.37949782609939575], [3, 3, 0.3793275058269501], [1, 4, 0.3784228563308716], [3, 0, 0.3743099868297577], [3, 11, 0.35676389932632446], [4, 24, 0.3038773238658905]]",True,1,"[[0, 0, [""hereby order""]]]",0.01034992544333547,14,"[[4, 13, 0.013690090675782392], [3, 13, 0.011460377227065074], [4, 7, 0.005899308427158948]]",0.0,3,"[[4, 22, 0.0], [4, 23, 0.0], [4, 24, 0.0]]",20,0.11289002557544757,9,True,3.14813823933946e-05,10,2,3.14813823933946e-05,10,2
53,150,executive_order,"December 11, 2025","April 09, 2025",0.4133521318435669,25,0.3729655146598816,22,"[[0, 0, 0.43247705698013306], [2, 4, 0.4119383692741394], [0, 1, 0.4091220796108246], [4, 1, 0.36685529351234436], [1, 1, 0.3576016128063202], [4, 5, 0.35006579756736755], [4, 3, 0.3451283574104309], [3, 1, 0.33009594678878784], [3, 2, 0.3243379294872284], [3, 6, 0.2898920178413391]]",True,1,"[[0, 0, [""hereby order""]], [1, 4, [""shall review""]], [2, 4, [""shall review""]]]",0.018170434326165167,3,"[[1, 1, 0.02509910501013927], [0, 0, 0.01731516107640379], [0, 1, 0.01209703689195244]]",0.0,3,"[[4, 4, 0.0], [4, 5, 0.0], [4, 6, 0.0]]",20,0.11076604554865424,10,True,0.000285736023215577,5,1,0.00027911883080378175,5,1
55,1148,executive_order,"December 06, 2025","July 09, 2002",0.4357837438583374,10,0.5047506093978882,3,"[[1, 3, 0.5728497505187988], [1, 0, 0.5396288633346558], [1, 2, 0.46043312549591064], [1, 1, 0.4412347376346588], [0, 0, 0.4390794634819031]]",False,2,[],0.025759218047020697,1,"[[1, 0, 0.03305036492348747], [1, 3, 0.024198048612963402], [0, 0, 0.020029240604611215]]",0.0,1,"[[1, 1, 0.0], [1, 2, 0.0], [1, 3, 0.0]]",20,0.13871635610766045,1,True,0.005343256518244743,4,1,0.005343256518244743,4,1
55,900,executive_order,"December 06, 2025","November 17, 2009",0.4331600069999695,12,0.5132991522550583,2,"[[1, 2, 0.5745819807052612], [1, 3, 0.5656963586807251], [1, 1, 0.5374456644058228], [1, 0, 0.4860665500164032], [0, 3, 0.48076894879341125], [1, 5, 0.4578734040260315], [1, 4, 0.3718731999397278]]",False,2,[],0.021829389153301473,3,"[[1, 0, 0.029044816055088362], [0, 0, 0.01936287476380489], [1, 4, 0.01708047664101117]]",0.0,1,"[[1, 3, 0.0], [1, 4, 0.0], [1, 5, 0.0]]",20,0.13655185394315827,2,True,0.0007041516364552081,6,1,0.0007041516364552081,6,1
55,383,executive_order,"December 06, 2025","July 09, 2021",0.4808512032032013,2,0.500550702214241,4,"[[0, 3, 0.5490921139717102], [0, 1, 0.5369887351989746], [1, 3, 0.534150242805481], [0, 0, 0.5011959075927734], [0, 4, 0.441081166267395], [1, 2, 0.26904296875]]",True,1,"[[0, 0, [""hereby order""]]]",0.020079511380895938,6,"[[1, 4, 0.021254875279647117], [1, 2, 0.021130619408635472], [1, 3, 0.017853039454405216]]",0.0,1,"[[1, 2, 0.0], [1, 3, 0.0], [1, 4, 0.0]]",20,0.12774725274725274,3,True,0.006149039836600423,3,2,0.006162408273667097,3,2
55,575,executive_order,"December 06, 2025","July 11, 2018",0.4586809575557709,6,0.4744202047586441,6,"[[1, 2, 0.5172854661941528], [1, 0, 0.5154394507408142], [0, 0, 0.4757147431373596], [1, 1, 0.45356428623199463], [1, 3, 0.4014962911605835], [1, 4, 0.37391602993011475]]",False,2,[],0.021025920743457268,4,"[[1, 2, 0.02267873589727204], [1, 0, 0.022641728103844364], [0, 2, 0.017757298229255394]]",0.0,1,"[[1, 2, 0.0], [1, 3, 0.0], [1, 4, 0.0]]",20,0.12774725274725274,4,True,0.004645557142794132,5,1,0.004645557142794132,5,1
55,694,executive_order,"December 06, 2025","April 15, 2016",0.5043258666992188,1,0.5194169878959656,1,"[[0, 1, 0.5419914722442627], [0, 3, 0.5359543561935425], [0, 0, 0.5243008136749268], [1, 1, 0.5227973461151123], [1, 4, 0.5225199460983276], [1, 5, 0.4878513813018799], [0, 2, 0.4260193109512329]]",True,1,"[[0, 0, [""hereby order""]]]",0.012842040336046781,11,"[[0, 0, 0.015331291269233008], [1, 5, 0.013807259943955048], [1, 4, 0.009387569794952292]]",0.0,1,"[[1, 3, 0.0], [1, 4, 0.0], [1, 5, 0.0]]",20,0.12749615975422426,5,True,0.06705628335475922,1,1,0.06705628335475922,1,1
55,629,executive_order,"December 06, 2025","April 25, 2017",0.4254276752471924,18,0.444226399064064,10,"[[0, 0, 0.5102794170379639], [1, 4, 0.4783073365688324], [0, 2, 0.4427548944950104], [0, 1, 0.4240744709968567], [1, 5, 0.3974921703338623], [0, 3, 0.31672656536102295], [0, 6, 0.18948091566562653]]",True,1,"[[0, 0, [""hereby order""]]]",0.024205819652900824,2,"[[1, 4, 0.030614474095071512], [0, 0, 0.026228434701639342], [1, 2, 0.015774550161991623]]",0.0,1,"[[1, 4, 0.0], [1, 5, 0.0], [1, 6, 0.0]]",20,0.1264069264069264,6,True,0.0006312434561550617,7,1,0.0006312434561550617,7,1
55,2395,executive_order,"December 06, 2025","December 01, 1977",0.4652741253376007,5,0.4679130017757416,7,"[[1, 0, 0.4891429841518402], [0, 0, 0.46287858486175537], [1, 1, 0.43048739433288574]]",False,2,[],0.01637930742498299,8,"[[1, 0, 0.0221166992907785], [1, 1, 0.016589177318673726], [0, 0, 0.010432045665496744]]",0.0,1,"[[0, 1, 0.0], [1, 0, 0.0], [1, 1, 0.0]]",20,0.12037037037037036,7,True,0.043042849749326706,2,1,0.043691057711839676,2,1
55,401,executive_order,"December 06, 2025","February 24, 2021",0.47082749009132385,4,0.4511650949716568,9,"[[0, 1, 0.5293976664543152], [0, 5, 0.5210594534873962], [0, 10, 0.4851813018321991], [1, 10, 0.4486072063446045], [0, 7, 0.4385264217853546], [0, 12, 0.4376623034477234], [0, 15, 0.43639904260635376], [0, 0, 0.4328608512878418], [0, 8, 0.4100475609302521], [0, 4, 0.40374457836151123], [0, 3, 0.3952813446521759], [0, 2, 0.3942437767982483], [0, 9, 0.38118457794189453], [0, 6, 0.3795732855796814], [0, 11, 0.3535637855529785], [1, 13, 0.31539681553840637], [1, 14, 0.2991213798522949]]",True,1,"[[0, 0, [""hereby order""]]]",0.013107416007614475,10,"[[1, 1, 0.020051282133726814], [0, 0, 0.010946839948918227], [1, 4, 0.00832412594019839]]",0.0,1,"[[1, 13, 0.0], [1, 14, 0.0], [1, 15, 0.0]]",20,0.11543513957307061,8,True,0.0006070755189284682,8,1,0.0006070755189284682,8,1
55,296,executive_order,"December 06, 2025","June 14, 2024",0.41684114933013916,24,0.4074518084526062,16,"[[0, 2, 0.505308985710144], [0, 1, 0.44378626346588135], [0, 4, 0.42605793476104736], [0, 0, 0.3890012502670288], [0, 6, 0.35921788215637207], [1, 2, 0.34968996047973633], [1, 3, 0.31174415349960327], [1, 5, 0.2767123579978943]]",True,1,"[[0, 0, [""hereby order""]]]",0.020318636592350295,5,"[[1, 5, 0.02277077087714395], [0, 2, 0.021487276849761303], [1, 1, 0.01669786205014563]]",0.0,1,"[[1, 4, 0.0], [1, 5, 0.0], [1, 6, 0.0]]",20,0.11539682539682539,9,True,0.0001699752756394446,10,1,0.0001699752756394446,10,1
55,506,executive_order,"December 06, 2025","April 04, 2020",0.42860910296440125,16,0.42376117408275604,12,"[[0, 1, 0.4865475594997406], [0, 12, 0.45749831199645996], [1, 15, 0.4517102837562561], [0, 2, 0.4465596675872803], [0, 0, 0.4275614619255066], [0, 5, 0.4107581675052643], [1, 9, 0.4093484878540039], [0, 4, 0.4007822871208191], [0, 3, 0.3968704342842102], [1, 11, 0.38010868430137634], [1, 10, 0.3750849962234497], [1, 14, 0.34257972240448], [1, 16, 0.332409143447876], [1, 7, 0.32630518078804016], [1, 13, 0.32597196102142334], [1, 6, 0.25364524126052856], [0, 8, 0.20894722640514374]]",True,1,"[[0, 0, [""hereby order""]], [1, 13, [""shall take""]]]",0.014484593080125284,9,"[[1, 1, 0.014950732093589016], [1, 0, 0.014673206587700993], [1, 16, 0.013829840559085838]]",0.0,1,"[[1, 14, 0.0], [1, 15, 0.0], [1, 16, 0.0]]",20,0.11335180623973727,10,True,0.00018319173250347376,9,2,0.00018319173250347376,9,2
57,141,executive_order,"November 24, 2025","April 23, 2025",0.4924296438694,12,0.5087000727653503,4,"[[6, 8, 0.5553463697433472], [11, 7, 0.5530001521110535], [11, 5, 0.5520680546760559], [11, 3, 0.548762321472168], [11, 4, 0.540681004524231], [11, 9, 0.539965033531189], [10, 4, 0.5368983149528503], [9, 3, 0.5304058790206909], [7, 2, 0.5303720235824585], [1, 1, 0.5283130407333374], [4, 4, 0.48717764019966125], [2, 4, 0.4842579960823059], [6, 6, 0.48139268159866333], [0, 5, 0.4731355607509613], [3, 4, 0.46719202399253845], [8, 2, 0.4628482460975647], [0, 0, 0.45764869451522827], [5, 4, 0.45499077439308167], [12, 4, 0.4481976628303528], [14, 4, 0.42922842502593994], [13, 7, 0.3883141577243805]]",True,1,"[[0, 0, [""hereby order""]], [1, 1, [""hereby establish""]], [2, 2, [""shall establish""]], [2, 9, [""shall establish""]], [3, 5, [""shall identify""]], [3, 6, [""shall take""]], [3, 7, [""shall take""]], [8, 5, [""shall identify""]], [11, 2, [""shall establish""]], [11, 9, [""shall establish""]]]",0.056502347371349515,4,"[[3, 5, 0.06086567584759188], [1, 1, 0.05442102474587675], [4, 9, 0.05422034152057993]]",11.666666666666666,1,"[[3, 5, 12.0], [4, 9, 12.0], [4, 7, 11.0]]",20,0.13095238095238093,1,True,0.023689471185207367,7,1,0.023689471185207367,7,1
57,560,executive_order,"November 24, 2025","February 11, 2019",0.6506524682044983,1,0.5545233190059662,1,"[[10, 3, 0.677434504032135], [11, 3, 0.6626591682434082], [2, 7, 0.6448869705200195], [12, 4, 0.6177576184272766], [10, 1, 0.584893524646759], [6, 14, 0.5807338953018188], [12, 6, 0.5772311091423035], [11, 15, 0.5745741128921509], [6, 8, 0.5675274729728699], [0, 0, 0.5645878314971924], [5, 3, 0.5587286353111267], [2, 16, 0.5557662844657898], [3, 7, 0.5424066781997681], [10, 2, 0.5417115688323975], [1, 1, 0.5399447083473206], [3, 5, 0.536835253238678], [14, 8, 0.5307326316833496], [7, 14, 0.5148812532424927], [4, 3, 0.5029875040054321], [10, 9, 0.4810633361339569], [13, 3, 0.480840802192688], [9, 3, 0.48051756620407104], [6, 12, 0.4802072048187256], [8, 16, 0.47895634174346924], [2, 11, 0.47851482033729553], [5, 13, 0.45185667276382446], [7, 10, 0.4430808424949646]]",True,1,"[[0, 0, [""hereby order""]], [1, 9, [""shall provide""]], [1, 16, [""shall provide""]], [3, 2, [""shall take""]], [3, 3, [""shall identify""]], [3, 6, [""shall identify""]], [3, 7, [""shall identify""]], [4, 5, [""shall also identify""]], [6, 4, [""shall review""]], [6, 12, [""shall review""]], [8, 3, [""shall identify""]], [8, 6, [""shall identify""]], [8, 7, [""shall identify""]], [9, 4, [""shall review""]], [9, 12, [""shall review""]], [14, 8, [""shall submit a report""]]]",0.05778521532716441,2,"[[4, 5, 0.09972397686576465], [4, 4, 0.03952371424939186], [7, 14, 0.034107954866336734]]",6.666666666666667,7,"[[3, 4, 10.0], [3, 16, 10.0], [14, 16, 0.0]]",20,0.13011063011063012,2,True,0.4687906503677368,1,1,0.4687906503677368,1,1
57,337,executive_order,"November 24, 2025","September 12, 2022",0.49666762351989746,10,0.48269493877887726,8,"[[5, 9, 0.6426982283592224], [3, 9, 0.5490448474884033], [12, 9, 0.541790783405304], [4, 9, 0.5367457270622253], [3, 10, 0.5335107445716858], [1, 1, 0.5261073112487793], [7, 9, 0.5128196477890015], [2, 9, 0.5122520327568054], [8, 2, 0.5083894729614258], [14, 9, 0.5073079466819763], [10, 9, 0.49994611740112305], [5, 3, 0.4896673858165741], [7, 7, 0.4892362356185913], [9, 1, 0.48915088176727295], [14, 6, 0.4820810556411743], [14, 5, 0.4781802296638489], [5, 23, 0.4743308126926422], [3, 13, 0.47256630659103394], [6, 11, 0.4691014289855957], [5, 21, 0.4637663960456848], [7, 20, 0.46046340465545654], [9, 4, 0.45815110206604004], [11, 1, 0.4578232169151306], [14, 16, 0.4555998146533966], [9, 19, 0.4533809423446655], [5, 8, 0.4521768093109131], [13, 1, 0.4513368606567383], [0, 1, 0.4512929618358612], [8, 29, 0.44602170586586], [7, 17, 0.4408247768878937], [8, 30, 0.4400315284729004], [3, 12, 0.43043747544288635], [3, 28, 0.4239213466644287], [14, 24, 0.4168233573436737], [8, 27, 0.413654088973999], [7, 14, 0.41161221265792847], [9, 25, 0.409862756729126], [14, 26, 0.40902531147003174], [0, 22, 0.40846899151802063], [10, 15, 0.38821643590927124], [8, 18, 0.3850773870944977], [0, 0, 0.3716982901096344]]",True,1,"[[0, 0, [""hereby order""]], [1, 15, [""shall provide""]], [1, 26, [""shall provide""]], [1, 30, [""shall provide""]], [2, 8, [""shall establish""]], [2, 14, [""shall establish""]], [3, 3, [""shall identify""]], [3, 10, [""shall identify""]], [3, 12, [""shall identify""]], [3, 20, [""shall identify""]], [3, 29, [""shall identify""]], [6, 4, [""shall review""]], [8, 3, [""shall identify""]], [8, 10, [""shall identify""]], [8, 12, [""shall identify""]], [8, 20, [""shall identify""]], [8, 29, [""shall identify""]], [9, 4, [""shall review""]], [11, 1, [""shall coordinate""]], [11, 8, [""shall establish""]], [11, 14, [""shall establish""]], [14, 2, [""shall submit a report""]]]",0.050885640998861954,5,"[[6, 30, 0.07576571500790825], [14, 2, 0.03921241743006797], [4, 13, 0.037678790558609655]]",10.333333333333334,4,"[[3, 24, 11.0], [3, 3, 10.0], [14, 16, 10.0]]",20,0.11738095238095238,3,True,0.00029348885436775163,10,2,0.00029348885436775163,10,2
57,243,executive_order,"November 24, 2025","January 23, 2025",0.47194382548332214,24,0.49390001595020294,7,"[[0, 0, 0.5645351409912109], [1, 1, 0.5425324440002441], [1, 2, 0.5274369120597839], [11, 2, 0.5182638168334961], [10, 2, 0.5020381212234497], [9, 2, 0.4970628023147583], [6, 1, 0.4913448095321655], [13, 2, 0.4783724248409271], [2, 1, 0.4712354242801666], [3, 2, 0.4679306149482727], [8, 1, 0.4626157283782959], [7, 1, 0.4611389636993408], [12, 2, 0.44432371854782104], [9, 3, 0.43694671988487244], [4, 2, 0.4144788086414337], [5, 2, 0.39414697885513306], [14, 1, 0.3390389084815979]]",True,1,"[[0, 0, [""hereby order""]]]",0.0585577798553501,1,"[[11, 1, 0.07694307485619659], [11, 2, 0.053649340564529024], [1, 1, 0.045080924145324705]]",0.0,11,"[[14, 1, 0.0], [14, 2, 0.0], [14, 3, 0.0]]",20,0.11691414917221368,4,True,0.3849121630191803,3,1,0.3849121630191803,3,1
57,99,executive_order,"November 24, 2025","July 23, 2025",0.5562397837638855,5,0.5041603893041611,5,"[[0, 0, 0.5799108147621155], [6, 1, 0.5419318675994873], [11, 1, 0.5346204042434692], [11, 4, 0.5249472856521606], [2, 1, 0.5245276093482971], [11, 3, 0.5182029604911804], [2, 2, 0.5181906819343567], [1, 4, 0.5058997869491577], [10, 3, 0.4991150200366974], [12, 3, 0.467833012342453], [7, 1, 0.45671117305755615], [3, 3, 0.4508349895477295], [8, 1, 0.45009955763816833], [13, 1, 0.43609753251075745], [4, 1, 0.43048715591430664], [14, 4, 0.4086744785308838], [9, 1, 0.395664781332016], [5, 2, 0.3928528428077698]]",True,1,"[[0, 0, [""hereby order""]], [11, 3, [""shall coordinate""]]]",0.042149466958863326,8,"[[3, 1, 0.04836574959544701], [7, 1, 0.046173122900272964], [4, 1, 0.03190952838087002]]",8.666666666666666,5,"[[14, 4, 15.0], [3, 1, 11.0], [14, 3, 0.0]]",20,0.11571428571428571,5,True,0.36296921968460083,4,1,0.3775406777858734,4,1
57,315,executive_order,"November 24, 2025","July 28, 2023",0.47077974677085876,25,0.46328267455101013,16,"[[7, 8, 0.504165768623352], [14, 5, 0.5020179152488708], [6, 2, 0.48882216215133667], [11, 1, 0.48730069398880005], [7, 4, 0.4836737811565399], [14, 3, 0.4815475046634674], [6, 7, 0.47677361965179443], [10, 1, 0.47578164935112], [3, 8, 0.4719337224960327], [8, 8, 0.47161412239074707], [5, 3, 0.47048333287239075], [1, 1, 0.4684024751186371], [6, 6, 0.461227685213089], [12, 1, 0.45434948801994324], [9, 8, 0.44849693775177], [13, 2, 0.4392210841178894], [0, 1, 0.43334877490997314], [0, 0, 0.4288392961025238], [4, 4, 0.41532617807388306], [8, 9, 0.40413686633110046], [2, 3, 0.39589598774909973], [7, 10, 0.39379680156707764]]",True,1,"[[0, 0, [""hereby order""]], [1, 7, [""shall provide""]], [1, 10, [""shall provide""]], [2, 10, [""shall establish""]], [11, 1, [""shall coordinate""]], [11, 10, [""shall establish""]], [12, 3, [""shall ensure""]], [12, 7, [""shall ensure""]], [12, 10, [""shall ensure""]], [14, 7, [""shall submit a report""]]]",0.057613537851783414,3,"[[3, 8, 0.06408262912545361], [7, 8, 0.05861612866008879], [4, 8, 0.05014185576980783]]",11.0,3,"[[3, 8, 11.0], [3, 9, 11.0], [8, 2, 11.0]]",20,0.11473429951690821,6,True,0.0031974867451936007,8,1,0.0031974867451936007,8,1
57,1828,executive_order,"November 24, 2025","April 10, 1987",0.4873320758342743,13,0.5090056657791138,3,"[[8, 3, 0.5684365034103394], [11, 1, 0.546703577041626], [13, 1, 0.5444491505622864], [7, 3, 0.5443404912948608], [12, 1, 0.5303633213043213], [8, 4, 0.5275658369064331], [12, 0, 0.519189715385437], [6, 3, 0.49890026450157166], [14, 3, 0.4945509433746338], [0, 3, 0.48961615562438965], [9, 4, 0.48435619473457336], [1, 4, 0.4794965386390686], [10, 1, 0.4741683602333069], [3, 3, 0.47312602400779724], [5, 3, 0.45821890234947205], [13, 2, 0.45525407791137695], [2, 1, 0.4399685263633728], [4, 3, 0.39202532172203064]]",True,1,"[[0, 0, [""hereby order""]], [3, 3, [""shall identify""]], [8, 3, [""shall identify""]], [10, 4, [""shall convene""]]]",0.03582953322901302,11,"[[5, 2, 0.06220045782570853], [11, 1, 0.02367644156909098], [5, 0, 0.021611700292239557]]",0.0,11,"[[14, 2, 0.0], [14, 3, 0.0], [14, 4, 0.0]]",20,0.10799438990182328,7,True,0.0009697519126348197,9,1,0.0009622125653550029,9,1
57,309,executive_order,"November 24, 2025","October 30, 2023",0.5767844915390015,4,0.5241002142429352,2,"[[2, 0, 0.6162726283073425], [2, 2, 0.6096560955047607], [2, 1, 0.6044519543647766], [6, 2, 0.5959374904632568], [2, 4, 0.5635399222373962], [12, 0, 0.5283679962158203], [1, 1, 0.5260261297225952], [7, 2, 0.5167814493179321], [3, 0, 0.5146312713623047], [0, 0, 0.5131866335868835], [2, 3, 0.5083428025245667], [10, 0, 0.4981487989425659], [2, 6, 0.4968026578426361], [3, 5, 0.4835590124130249], [4, 2, 0.4780217707157135], [11, 2, 0.4719582200050354], [5, 0, 0.4691818952560425], [8, 3, 0.45752236247062683], [9, 2, 0.4320036470890045], [13, 2, 0.4017186462879181], [14, 1, 0.38333699107170105]]",True,1,"[[0, 0, [""hereby order""]]]",0.031704529188932414,15,"[[7, 1, 0.05060348771824971], [10, 1, 0.029642476237307903], [4, 1, 0.014867623611239625]]",0.0,11,"[[14, 4, 0.0], [14, 5, 0.0], [14, 6, 0.0]]",20,0.10628403854210305,8,True,0.3871224373579025,2,2,0.3874615281820297,2,2
57,459,executive_order,"November 24, 2025","December 03, 2020",0.5290321111679077,7,0.47922955453395844,9,"[[10, 10, 0.5467193126678467], [6, 9, 0.5455658435821533], [11, 12, 0.5284507274627686], [3, 9, 0.5258193612098694], [2, 9, 0.5161117911338806], [4, 10, 0.5057613253593445], [12, 10, 0.4992997348308563], [1, 10, 0.4960649013519287], [6, 11, 0.48461490869522095], [6, 8, 0.4795279800891876], [2, 2, 0.47472909092903137], [2, 3, 0.47160714864730835], [9, 10, 0.46620091795921326], [5, 10, 0.46608495712280273], [2, 6, 0.4627242088317871], [2, 7, 0.46104925870895386], [2, 1, 0.45803961157798767], [7, 9, 0.4512997269630432], [0, 10, 0.44758057594299316], [2, 0, 0.4399317502975464], [8, 9, 0.43858298659324646], [10, 4, 0.4376259446144104], [14, 9, 0.43646207451820374], [13, 10, 0.40046849846839905], [1, 5, 0.3683067560195923]]",True,1,"[[0, 0, [""hereby order""]], [1, 8, [""shall provide""]], [3, 9, [""shall identify""]], [3, 10, [""shall identify""]], [3, 12, [""shall identify""]], [8, 9, [""shall identify""]], [8, 10, [""shall identify""]], [8, 12, [""shall identify""]], [12, 2, [""shall ensure""]], [12, 3, [""shall ensure""]], [12, 4, [""shall ensure""]], [12, 5, [""shall ensure""]], [12, 6, [""shall ensure""]], [12, 7, [""shall ensure""]]]",0.03537841274652742,12,"[[7, 12, 0.04264448220068435], [8, 9, 0.04062040449858116], [7, 9, 0.022870351540316747]]",7.0,6,"[[8, 9, 11.0], [3, 12, 10.0], [14, 12, 0.0]]",20,0.10419429708222812,9,True,0.04023794084787369,6,1,0.04023794084787369,6,1
57,100,executive_order,"November 24, 2025","July 23, 2025",0.4843568801879883,15,0.4531997740268707,17,"[[2, 0, 0.5376978516578674], [6, 2, 0.5159803628921509], [0, 0, 0.5152091979980469], [3, 1, 0.4994143843650818], [4, 0, 0.4872335195541382], [3, 7, 0.47466951608657837], [7, 3, 0.4443996846675873], [12, 1, 0.4316193461418152], [1, 2, 0.42989155650138855], [5, 1, 0.4213390350341797], [14, 1, 0.4200185537338257], [10, 1, 0.41462549567222595], [3, 5, 0.41266971826553345], [7, 6, 0.4096865653991699], [13, 1, 0.4096235930919647], [9, 2, 0.407632976770401], [8, 0, 0.4019157588481903], [11, 0, 0.38746243715286255], [12, 4, 0.37051087617874146]]",True,1,"[[0, 0, [""hereby order""]], [3, 1, [""shall identify""]], [3, 3, [""shall identify""]], [8, 1, [""shall identify""]], [8, 3, [""shall identify""]], [11, 4, [""shall coordinate""]]]",0.04348489907180237,6,"[[14, 7, 0.05860856768424427], [8, 1, 0.05290866185922358], [7, 3, 0.01893746767193927]]",5.333333333333333,8,"[[14, 7, 16.0], [14, 5, 0.0], [14, 6, 0.0]]",20,0.1012028512028512,10,True,0.12852513790130615,5,1,0.12852513790130615,5,1
60,489,executive_order,"November 13, 2025","June 24, 2020",0.7137287259101868,1,0.5884338915348053,1,"[[0, 0, 0.6686792373657227], [1, 4, 0.654816210269928], [1, 6, 0.6229208111763], [1, 1, 0.6137877702713013], [1, 2, 0.5991445183753967], [2, 6, 0.5806375741958618], [2, 7, 0.5787080526351929], [0, 10, 0.5534746646881104], [2, 5, 0.5362935066223145], [0, 3, 0.5232710838317871], [2, 9, 0.4947546124458313], [1, 12, 0.4893726110458374], [1, 13, 0.4808230400085449], [2, 8, 0.4482195973396301], [1, 11, 0.32592979073524475]]",True,1,"[[0, 0, [""hereby order""]]]",0.06120422198570657,1,"[[0, 0, 0.06575451540295492], [2, 0, 0.060680029776718346], [2, 2, 0.057178120777446446]]",0.0,1,"[[2, 11, 0.0], [2, 12, 0.0], [2, 13, 0.0]]",20,0.14285714285714285,1,True,0.8019358515739441,1,1,0.8019358515739441,1,1
60,324,executive_order,"November 13, 2025","April 18, 2023",0.5000274181365967,6,0.4871763736009598,3,"[[0, 1, 0.5632745623588562], [0, 15, 0.5242117643356323], [1, 15, 0.5224863886833191], [1, 20, 0.5006590485572815], [0, 17, 0.49257177114486694], [1, 8, 0.49255886673927307], [2, 15, 0.4848077893257141], [1, 10, 0.4823575019836426], [1, 12, 0.4649743139743805], [1, 6, 0.46291008591651917], [2, 18, 0.45916712284088135], [0, 13, 0.45764243602752686], [1, 5, 0.45476001501083374], [2, 7, 0.45047181844711304], [0, 14, 0.4431222081184387], [0, 11, 0.43700286746025085], [2, 2, 0.42651212215423584], [0, 0, 0.42502880096435547], [0, 16, 0.4167768955230713], [2, 3, 0.4127419590950012], [2, 19, 0.4079585671424866], [1, 9, 0.38287442922592163], [2, 4, 0.30984869599342346]]",True,1,"[[0, 0, [""hereby order""]]]",0.029155169269464255,3,"[[2, 5, 0.0318635426730437], [1, 5, 0.02893558490102117], [1, 16, 0.0266663802343279]]",0.0,1,"[[2, 18, 0.0], [2, 19, 0.0], [2, 20, 0.0]]",20,0.13457556935817805,2,True,0.0008550055208615959,5,2,0.0008550055208615959,5,2
60,344,executive_order,"November 13, 2025","June 15, 2022",0.5629909634590149,2,0.512238472700119,2,"[[1, 5, 0.6351935863494873], [0, 5, 0.6009749174118042], [2, 5, 0.5351307392120361], [0, 4, 0.5085248947143555], [1, 16, 0.48459869623184204], [2, 11, 0.48209115862846375], [1, 14, 0.47208985686302185], [2, 6, 0.4683373272418976], [1, 15, 0.4657132625579834], [1, 13, 0.4619930386543274], [0, 0, 0.45987260341644287], [2, 12, 0.4595688581466675], [2, 3, 0.4552187919616699], [1, 1, 0.4369323253631592], [1, 7, 0.4364270269870758], [1, 10, 0.42789238691329956], [0, 8, 0.41016533970832825], [0, 2, 0.3814800977706909], [1, 18, 0.3704071640968323], [1, 9, 0.3675360083580017], [0, 19, 0.3549351692199707], [0, 21, 0.3504481613636017], [0, 20, 0.3346097469329834], [0, 17, 0.32492831349372864]]",True,1,"[[0, 0, [""hereby order""]]]",0.02110383179533769,6,"[[1, 1, 0.022184515794936036], [2, 4, 0.02061691587742085], [1, 2, 0.020510063713656188]]",0.0,1,"[[2, 19, 0.0], [2, 20, 0.0], [2, 21, 0.0]]",20,0.13153513153513152,3,True,0.009843862149864435,2,2,0.009843936888501048,2,2
60,214,executive_order,"November 13, 2025","February 07, 2025",0.5215807557106018,3,0.45410947501659393,7,"[[2, 0, 0.5164244174957275], [2, 1, 0.4985669255256653], [2, 2, 0.484826922416687], [0, 1, 0.45802533626556396], [2, 3, 0.4045296907424927], [0, 4, 0.40064096450805664], [1, 1, 0.3672138452529907]]",True,1,"[[0, 0, [""hereby order""]]]",0.04199927177318332,2,"[[2, 2, 0.07337475665568398], [2, 0, 0.03625233022041022], [1, 4, 0.016370728443455752]]",0.0,1,"[[2, 2, 0.0], [2, 3, 0.0], [2, 4, 0.0]]",20,0.13011063011063012,4,True,0.008445627987384796,3,1,0.008445627987384796,3,1
60,404,executive_order,"November 13, 2025","February 14, 2021",0.5215436816215515,4,0.4611617922782898,5,"[[2, 0, 0.5331588983535767], [2, 2, 0.5182779431343079], [0, 3, 0.45583170652389526], [1, 3, 0.377560555934906], [2, 1, 0.3599574565887451]]",True,1,"[[0, 0, [""hereby order""]]]",0.023924328340235734,4,"[[2, 3, 0.04377460161171551], [2, 2, 0.016437712158542915], [2, 0, 0.011560671250448771]]",0.0,1,"[[2, 1, 0.0], [2, 2, 0.0], [2, 3, 0.0]]",20,0.12928571428571428,5,True,0.00021909605129621923,8,1,0.00021909605129621923,8,1
60,860,executive_order,"November 13, 2025","November 17, 2010",0.47822630405426025,10,0.4532441794872284,8,"[[2, 1, 0.5290262699127197], [2, 0, 0.5048975944519043], [2, 2, 0.4733699560165405], [0, 2, 0.4500347077846527], [0, 3, 0.427461177110672], [1, 2, 0.4252697825431824], [0, 6, 0.4072622060775757], [2, 5, 0.37137433886528015], [0, 4, 0.3552554249763489]]",False,2,[],0.01510835418270947,10,"[[2, 4, 0.015784104557631778], [2, 5, 0.015209686676006442], [2, 6, 0.01433127131449019]]",0.0,1,"[[2, 4, 0.0], [2, 5, 0.0], [2, 6, 0.0]]",20,0.11666666666666667,6,True,0.00019716942915692925,9,1,0.00019716942915692925,9,1
60,960,executive_order,"November 13, 2025","February 07, 2008",0.4606979787349701,16,0.44371461868286133,9,"[[0, 0, 0.5160444974899292], [2, 0, 0.5080257654190063], [1, 0, 0.47593921422958374], [1, 3, 0.45869964361190796], [1, 1, 0.3756934106349945], [2, 4, 0.36124759912490845], [0, 2, 0.22544534504413605]]",True,1,"[[0, 0, [""hereby order""]]]",0.015964182894381944,9,"[[1, 1, 0.019754291811895468], [2, 1, 0.019098063291252246], [1, 4, 0.009040193579998116]]",0.0,1,"[[2, 2, 0.0], [2, 3, 0.0], [2, 4, 0.0]]",20,0.11658456486042693,7,True,0.0010403185151517391,4,1,0.0010403185151517391,4,1
60,1221,executive_order,"November 13, 2025","January 29, 2001",0.47343939542770386,12,0.42469505965709686,13,"[[2, 1, 0.4802663326263428], [2, 0, 0.4269085228443146], [1, 2, 0.4241354763507843], [0, 1, 0.4003426730632782], [0, 3, 0.326590895652771]]",True,1,"[[0, 0, [""hereby order""]]]",0.02069424577565421,7,"[[2, 0, 0.028370959835383444], [2, 1, 0.019804386593903718], [1, 1, 0.013907390897675476]]",0.0,1,"[[2, 1, 0.0], [2, 2, 0.0], [2, 3, 0.0]]",20,0.11495911495911496,8,True,0.0003569705877453089,6,1,0.0003569705877453089,6,1
60,588,executive_order,"November 13, 2025","May 03, 2018",0.5046191811561584,5,0.478093758225441,4,"[[2, 2, 0.5302779674530029], [2, 1, 0.5066689252853394], [2, 0, 0.49740830063819885], [0, 1, 0.4745733141899109], [0, 3, 0.4171752631664276], [1, 1, 0.4000634253025055]]",True,1,"[[0, 0, [""hereby order""]]]",0.009402625413274785,21,"[[2, 1, 0.009965647096645582], [2, 2, 0.009508598255384195], [2, 3, 0.008733630887794584]]",0.0,1,"[[2, 1, 0.0], [2, 2, 0.0], [2, 3, 0.0]]",20,0.1136759581881533,9,True,0.00035419364576227963,7,1,0.00035419364576227963,7,1
60,919,executive_order,"November 13, 2025","February 05, 2009",0.48578327894210815,8,0.4129295349121094,21,"[[2, 0, 0.5073438882827759], [0, 0, 0.45989909768104553], [2, 2, 0.37624359130859375], [1, 0, 0.33779454231262207], [2, 1, 0.2889522314071655]]",False,2,[],0.023428236085422553,5,"[[1, 2, 0.02900710083969365], [2, 2, 0.02760547231441811], [2, 0, 0.013672135102155904]]",0.0,1,"[[2, 0, 0.0], [2, 1, 0.0], [2, 2, 0.0]]",20,0.11200929152148664,10,True,9.83811987680383e-05,10,1,9.954076813301072e-05,10,1
66,1191,executive_order,"September 29, 2025","October 08, 2001",0.4702064096927643,8,0.4525749981403351,5,"[[2, 13, 0.5192743539810181], [0, 22, 0.4938669502735138], [1, 6, 0.48271310329437256], [1, 1, 0.4803551733493805], [1, 8, 0.4778802990913391], [1, 5, 0.4650048613548279], [1, 10, 0.45640790462493896], [1, 7, 0.45398712158203125], [1, 24, 0.4487636685371399], [1, 11, 0.4451390504837036], [1, 12, 0.43195927143096924], [0, 23, 0.4307861030101776], [1, 9, 0.4177120327949524], [1, 2, 0.41287821531295776], [1, 25, 0.4066038131713867], [0, 0, 0.40433937311172485], [2, 16, 0.40018296241760254], [2, 14, 0.39636558294296265], [1, 3, 0.39068323373794556], [0, 26, 0.38477301597595215], [0, 27, 0.36300092935562134], [2, 20, 0.35976266860961914], [1, 19, 0.35305556654930115], [0, 28, 0.34620916843414307], [1, 17, 0.3406752943992615], [1, 4, 0.3340478241443634], [2, 15, 0.33355510234832764], [2, 18, 0.31922465562820435], [2, 21, 0.24021577835083008]]",False,2,[],0.03750590748966003,1,"[[2, 20, 0.04265632926744188], [2, 15, 0.03838125610629785], [2, 4, 0.03148013709524037]]",0.0,1,"[[2, 26, 0.0], [2, 27, 0.0], [2, 28, 0.0]]",20,0.13523809523809524,1,True,0.0006166296661831439,5,1,0.0006166296661831439,5,1
66,1462,executive_order,"September 29, 2025","March 15, 1995",0.4436279535293579,20,0.4620335251092911,2,"[[0, 0, 0.4940944314002991], [2, 2, 0.47800880670547485], [1, 0, 0.4773157835006714], [2, 3, 0.4485333561897278], [0, 1, 0.34307295083999634]]",False,2,[],0.023719919983984806,4,"[[1, 2, 0.02676806645544728], [2, 3, 0.02418211603281789], [0, 0, 0.02020957746368924]]",0.0,1,"[[2, 1, 0.0], [2, 2, 0.0], [2, 3, 0.0]]",20,0.13474025974025974,2,True,0.0003920417802873999,8,1,0.0003920417802873999,8,1
66,4056,executive_order,"September 29, 2025","June 30, 1952",0.46109098196029663,10,0.4616345465183258,3,"[[2, 5, 0.5195611715316772], [1, 13, 0.5071743726730347], [2, 4, 0.5066525936126709], [1, 11, 0.48823702335357666], [1, 10, 0.4878666400909424], [2, 16, 0.47505977749824524], [0, 10, 0.4646168649196625], [2, 15, 0.4638304114341736], [1, 12, 0.4519505500793457], [2, 6, 0.4498780369758606], [1, 9, 0.43026793003082275], [0, 2, 0.4198729395866394], [0, 1, 0.4128604531288147], [2, 7, 0.4048725962638855], [2, 3, 0.4037373661994934], [2, 19, 0.3975153863430023], [0, 18, 0.3685547411441803], [2, 8, 0.3592018783092499], [2, 14, 0.3324624300003052], [2, 0, 0.3263813257217407], [2, 17, 0.3170943260192871]]",True,1,"[[1, 14, [""shall take""]], [2, 14, [""shall take""]]]",0.022855244831504255,5,"[[1, 12, 0.03183205703122621], [2, 9, 0.018423155764845833], [2, 7, 0.018310521698440718]]",0.0,1,"[[2, 17, 0.0], [2, 18, 0.0], [2, 19, 0.0]]",20,0.13109730848861284,3,True,0.0007672925130464137,4,1,0.0007672925130464137,4,1
66,341,executive_order,"September 29, 2025","July 19, 2022",0.4431621730327606,22,0.44253329932689667,9,"[[1, 1, 0.5330319404602051], [0, 1, 0.47895193099975586], [1, 4, 0.46986785531044006], [1, 5, 0.4626762568950653], [1, 3, 0.4584047198295593], [2, 14, 0.4552355408668518], [1, 2, 0.45037680864334106], [0, 0, 0.4381130337715149], [2, 15, 0.4337328374385834], [1, 6, 0.42836493253707886], [1, 16, 0.4235747158527374], [1, 8, 0.36878588795661926], [1, 12, 0.3500964343547821], [2, 11, 0.32314205169677734], [2, 9, 0.29938459396362305], [2, 13, 0.2965587079524994], [0, 7, 0.28219491243362427], [2, 10, 0.258347749710083]]",True,1,"[[1, 15, [""shall take""]], [2, 15, [""shall take""]]]",0.02803300327739498,2,"[[1, 8, 0.034250489014189096], [1, 7, 0.02633614318248155], [1, 14, 0.023512377635514285]]",0.0,1,"[[2, 14, 0.0], [2, 15, 0.0], [2, 16, 0.0]]",20,0.12755635169428273,4,True,0.0004765612829942256,7,1,0.0004765612829942256,7,1
66,825,executive_order,"September 29, 2025","December 19, 2011",0.4445626735687256,19,0.4790482223033905,1,"[[1, 1, 0.5067795515060425], [1, 2, 0.49713945388793945], [1, 0, 0.48070019483566284], [1, 3, 0.47556573152542114], [2, 3, 0.4680292010307312], [0, 0, 0.4293419122695923]]",True,1,"[[0, 0, [""hereby order""]]]",0.010586208615018813,15,"[[0, 0, 0.019957400790820392], [1, 2, 0.006187680394527979], [0, 1, 0.005613544659708068]]",0.0,1,"[[2, 1, 0.0], [2, 2, 0.0], [2, 3, 0.0]]",20,0.1238095238095238,5,True,0.006097561679780483,2,1,0.006097561679780483,2,1
66,4123,executive_order,"September 29, 2025","November 01, 1951",0.45245808362960815,12,0.4505676031112671,6,"[[1, 3, 0.48696017265319824], [2, 5, 0.4677335023880005], [0, 3, 0.4663839340209961], [1, 2, 0.4634307622909546], [2, 6, 0.4594433009624481], [2, 4, 0.41309911012649536], [0, 0, 0.4110961854457855], [2, 8, 0.4041948914527893], [0, 7, 0.3730584383010864], [2, 1, 0.367967814207077]]",True,1,"[[1, 4, [""shall take""]], [2, 4, [""shall take""]]]",0.019826941196517026,8,"[[1, 2, 0.03165850835468554], [1, 8, 0.01510164413361095], [0, 3, 0.012720671101254591]]",0.0,1,"[[2, 6, 0.0], [2, 7, 0.0], [2, 8, 0.0]]",20,0.12179487179487179,6,True,0.006797531619668007,1,1,0.006797531619668007,1,1
66,3964,executive_order,"September 29, 2025","June 01, 1953",0.44090336561203003,24,0.43413572013378143,14,"[[2, 10, 0.45949745178222656], [2, 12, 0.45508283376693726], [1, 6, 0.452933132648468], [2, 1, 0.4462240934371948], [1, 5, 0.44350898265838623], [2, 4, 0.4429512917995453], [0, 1, 0.43146640062332153], [1, 2, 0.4248789846897125], [2, 11, 0.4207157492637634], [1, 3, 0.4135356843471527], [0, 0, 0.4001621603965759], [2, 9, 0.3967556655406952], [1, 7, 0.38430166244506836], [2, 8, 0.32342764735221863]]",False,2,[],0.0249415660555513,3,"[[1, 5, 0.030982799922156676], [1, 6, 0.024266044762457847], [2, 2, 0.019575853482039378]]",0.0,1,"[[2, 10, 0.0], [2, 11, 0.0], [2, 12, 0.0]]",20,0.12050907319449519,7,True,0.0005112579092383385,6,1,0.0005193048273213208,6,1
66,979,executive_order,"September 29, 2025","July 20, 2007",0.4522976875305176,14,0.45426902174949646,4,"[[0, 0, 0.5438599586486816], [1, 0, 0.5286387801170349], [0, 1, 0.4515988230705261], [2, 5, 0.3970292806625366], [0, 4, 0.39119917154312134], [0, 2, 0.3798767924308777], [0, 3, 0.3486080765724182]]",True,1,"[[0, 0, [""hereby order""]]]",0.012771711969671943,13,"[[0, 0, 0.017168846299355858], [1, 5, 0.01691860648183326], [1, 0, 0.00422768312782671]]",0.0,1,"[[2, 3, 0.0], [2, 4, 0.0], [2, 5, 0.0]]",20,0.11958874458874458,8,True,0.00030534894904121757,9,1,0.00030534894904121757,9,1
66,3959,executive_order,"September 29, 2025","June 25, 1953",0.5024411082267761,2,0.44019944965839386,12,"[[0, 3, 0.4718574285507202], [1, 3, 0.466854989528656], [1, 2, 0.45351892709732056], [1, 0, 0.4270343780517578], [2, 3, 0.4227524995803833], [2, 1, 0.353898286819458]]",False,2,[],0.021060950817826968,6,"[[2, 3, 0.03770211703436088], [1, 2, 0.014265096533753506], [0, 3, 0.011215638885366513]]",0.0,1,"[[2, 1, 0.0], [2, 2, 0.0], [2, 3, 0.0]]",20,0.11733058608058608,9,True,0.00012533750850707293,10,1,0.00012533750850707293,10,1
66,244,executive_order,"September 29, 2025","January 22, 2025",0.4823206663131714,3,0.44516099989414215,8,"[[0, 0, 0.4927974343299866], [1, 0, 0.461265504360199], [1, 1, 0.452374666929245], [2, 1, 0.2991449534893036]]",True,1,"[[0, 0, [""hereby order""]], [1, 1, [""shall take""]], [2, 1, [""shall take""]]]",0.01517165018116303,10,"[[1, 1, 0.02044540639869855], [0, 0, 0.012723407542823322], [1, 0, 0.01234613660196722]]",0.0,1,"[[1, 1, 0.0], [2, 0, 0.0], [2, 1, 0.0]]",20,0.11666666666666667,10,True,0.004399413242936134,3,1,0.004399413242936134,3,1
68,264,executive_order,"September 19, 2025","January 20, 2025",0.5387178063392639,2,0.5093316584825516,2,"[[0, 0, 0.6602590084075928], [0, 1, 0.612013041973114], [0, 3, 0.6100502014160156], [0, 2, 0.5832591652870178], [0, 23, 0.5676394701004028], [1, 20, 0.5585981607437134], [0, 27, 0.5282935500144958], [0, 4, 0.5279311537742615], [0, 16, 0.5252050161361694], [0, 26, 0.5219958424568176], [0, 5, 0.5168006420135498], [1, 21, 0.5129122734069824], [0, 11, 0.5012482404708862], [0, 22, 0.4896981716156006], [0, 18, 0.4873254597187042], [2, 20, 0.4727395474910736], [0, 8, 0.4687008559703827], [0, 17, 0.46734046936035156], [3, 21, 0.4659261107444763], [0, 13, 0.4636903405189514], [0, 15, 0.45968592166900635], [0, 19, 0.45748472213745117], [0, 25, 0.4546545743942261], [0, 10, 0.44882988929748535], [0, 14, 0.4478033483028412], [3, 24, 0.43988269567489624], [3, 28, 0.3877943456172943], [3, 12, 0.3676377534866333], [3, 9, 0.31178969144821167], [3, 6, 0.264570027589798], [3, 7, 0.2561010718345642]]",True,1,"[[0, 0, [""hereby order""]]]",0.06598435460164807,2,"[[3, 28, 0.07077732047606593], [3, 27, 0.0679571093479109], [2, 5, 0.05921863398096738]]",23.0,1,"[[2, 5, 25.0], [2, 22, 23.0], [3, 5, 21.0]]",20,0.13852813852813853,1,True,0.7853085398674011,1,1,0.7853085398674011,1,1
68,650,executive_order,"September 19, 2025","January 27, 2017",0.536404013633728,3,0.4715797156095505,8,"[[0, 13, 0.5352256298065186], [0, 3, 0.5253275632858276], [1, 7, 0.5153534412384033], [0, 14, 0.4960458278656006], [0, 0, 0.49462106823921204], [0, 12, 0.49444955587387085], [2, 7, 0.4797912836074829], [3, 7, 0.4654761850833893], [0, 15, 0.4624329209327698], [3, 6, 0.455312579870224], [3, 19, 0.4548102617263794], [0, 10, 0.4391518235206604], [3, 8, 0.43809014558792114], [1, 11, 0.4348345398902893], [1, 5, 0.43440383672714233], [0, 17, 0.4271931052207947], [1, 16, 0.421425461769104], [1, 9, 0.417961984872818], [1, 20, 0.4029303789138794], [3, 18, 0.3870750665664673], [1, 4, 0.38444897532463074], [3, 1, 0.3592979609966278], [2, 2, 0.3477613031864166]]",True,1,"[[0, 0, [""hereby order""]], [1, 3, [""i hereby""]], [1, 4, [""i hereby""]], [1, 12, [""i hereby""]], [1, 14, [""i hereby""]]]",0.07628066086330997,1,"[[2, 2, 0.0964995569012211], [3, 2, 0.06673233143129788], [2, 1, 0.0656100942574109]]",0.0,5,"[[3, 18, 0.0], [3, 19, 0.0], [3, 20, 0.0]]",20,0.12333333333333332,2,True,0.0832919329404831,6,1,0.0832919329404831,6,1
68,406,executive_order,"September 19, 2025","February 04, 2021",0.5018844604492188,7,0.44520193338394165,16,"[[0, 0, 0.5534003973007202], [1, 0, 0.4699918031692505], [3, 2, 0.4577938914299011], [3, 6, 0.45728620886802673], [3, 3, 0.4416660964488983], [3, 4, 0.4281734824180603], [0, 1, 0.4262051582336426], [2, 0, 0.41634953022003174], [3, 5, 0.416124165058136], [3, 10, 0.4090096354484558], [3, 11, 0.40639767050743103], [3, 8, 0.39147454500198364], [1, 7, 0.37127411365509033], [3, 9, 0.3322627544403076], [0, 12, 0.3171919584274292]]",True,1,"[[1, 0, [""i hereby""]]]",0.05996261020931323,4,"[[2, 5, 0.06462224585162352], [2, 6, 0.0594948737351434], [2, 9, 0.055770711041172795]]",22.0,2,"[[2, 1, 22.0], [2, 3, 22.0], [2, 7, 22.0]]",20,0.11489898989898989,3,True,0.012920473702251911,10,1,0.012920473702251911,10,1
68,200,executive_order,"September 19, 2025","February 19, 2025",0.5449293851852417,1,0.5195944309234619,1,"[[0, 0, 0.5733872652053833], [1, 0, 0.4507766664028168], [2, 0, 0.4404933452606201], [3, 0, 0.39854902029037476]]",True,1,"[[0, 0, [""hereby order""]]]",0.012866438562080066,18,"[[0, 0, 0.020375282167428944], [2, 0, 0.009972280009384094], [3, 0, 0.00825175350942716]]",0.0,5,"[[1, 0, 0.0], [2, 0, 0.0], [3, 0, 0.0]]",20,0.11393483709273183,4,True,0.6187804341316223,2,1,0.6187804341316223,2,1
68,409,executive_order,"September 19, 2025","February 02, 2021",0.5104095935821533,5,0.46907880902290344,9,"[[0, 3, 0.542584240436554], [0, 0, 0.5251854062080383], [0, 1, 0.5145862102508545], [0, 2, 0.49621129035949707], [3, 3, 0.49161213636398315], [1, 1, 0.4872640371322632], [0, 6, 0.47770097851753235], [0, 4, 0.47734129428863525], [0, 5, 0.4556789994239807], [2, 3, 0.4069667458534241], [3, 9, 0.39332568645477295], [1, 8, 0.3479018807411194], [3, 7, 0.3299920856952667]]",True,1,"[[0, 0, [""hereby order""]]]",0.049241028740369897,6,"[[2, 3, 0.056823241510697856], [3, 3, 0.04658287667158524], [2, 5, 0.04431696803882661]]",0.0,5,"[[3, 7, 0.0], [3, 8, 0.0], [3, 9, 0.0]]",20,0.11294429708222811,5,True,0.018404891714453697,9,1,0.018404891714453697,9,1
68,132,executive_order,"September 19, 2025","April 28, 2025",0.4708675742149353,17,0.4842337518930435,4,"[[0, 3, 0.5597798228263855], [0, 0, 0.523856520652771], [2, 2, 0.5090752840042114], [3, 2, 0.49970534443855286], [1, 2, 0.48922207951545715], [3, 1, 0.39650678634643555], [1, 4, 0.28089064359664917]]",True,1,"[[0, 0, [""hereby order""]]]",0.028289183556426668,12,"[[2, 0, 0.035965849473201486], [3, 0, 0.02471898206723499], [0, 0, 0.02418271912884353]]",0.0,5,"[[3, 2, 0.0], [3, 3, 0.0], [3, 4, 0.0]]",20,0.11291666666666667,6,True,0.5039061903953552,3,1,0.5039061903953552,3,1
68,270,executive_order,"September 19, 2025","January 20, 2025",0.4648572504520416,20,0.47564034163951874,7,"[[0, 0, 0.6149675846099854], [0, 6, 0.5435911417007446], [0, 7, 0.5181400775909424], [0, 5, 0.514628529548645], [0, 4, 0.4947666525840759], [1, 7, 0.487713485956192], [1, 8, 0.4769611656665802], [3, 7, 0.4459228813648224], [2, 8, 0.4363468289375305], [0, 3, 0.4323262572288513], [0, 10, 0.41992971301078796], [1, 9, 0.37989500164985657], [1, 11, 0.3686235547065735], [1, 1, 0.35145512223243713], [1, 2, 0.34523096680641174]]",True,1,"[[0, 0, [""hereby order""]]]",0.04360195713302025,8,"[[2, 11, 0.04470846912701207], [2, 2, 0.04387206432228688], [3, 11, 0.0422253379497618]]",0.0,5,"[[3, 9, 0.0], [3, 10, 0.0], [3, 11, 0.0]]",20,0.11275132275132274,7,True,0.09739039838314056,4,1,0.09739039838314056,4,1
68,258,executive_order,"September 19, 2025","January 20, 2025",0.46334975957870483,22,0.5038680285215378,3,"[[0, 0, 0.5362282991409302], [1, 1, 0.5297441482543945], [2, 1, 0.42691323161125183], [3, 1, 0.4061136245727539]]",True,1,"[[0, 0, [""hereby order""]]]",0.014369063373347138,16,"[[0, 0, 0.022749759680468405], [2, 1, 0.012789237633887868], [3, 1, 0.007568192805685138]]",0.0,5,"[[2, 1, 0.0], [3, 0, 0.0], [3, 1, 0.0]]",20,0.11125603864734299,8,True,0.08945459872484207,5,1,0.08945459872484207,5,1
68,639,executive_order,"September 19, 2025","March 06, 2017",0.4764060080051422,14,0.44327394664287567,17,"[[1, 10, 0.49606072902679443], [0, 14, 0.4881669282913208], [0, 6, 0.4849488139152527], [3, 17, 0.4530702531337738], [0, 15, 0.44600170850753784], [2, 10, 0.4458010494709015], [0, 0, 0.43330618739128113], [1, 3, 0.4260443449020386], [3, 11, 0.4232374429702759], [1, 12, 0.4186294674873352], [0, 1, 0.40754199028015137], [0, 2, 0.4052313566207886], [1, 8, 0.4016522467136383], [3, 9, 0.3891354203224182], [3, 13, 0.3874439597129822], [3, 16, 0.38270390033721924], [3, 7, 0.3635408282279968], [3, 4, 0.3514639735221863], [2, 5, 0.3257371187210083]]",True,1,"[[0, 0, [""hereby order""]], [1, 6, [""i hereby""]], [1, 14, [""i hereby""]]]",0.05763690519868712,5,"[[2, 4, 0.060431761115956814], [2, 5, 0.05899764245690872], [2, 8, 0.053481312023195816]]",21.333333333333332,3,"[[2, 15, 22.0], [3, 1, 21.0], [3, 15, 21.0]]",20,0.11050528789659225,9,True,0.03617238625884056,8,2,0.03617238625884056,8,2
68,604,executive_order,"September 19, 2025","October 24, 2017",0.4650576114654541,19,0.4334755539894104,21,"[[1, 3, 0.45640164613723755], [0, 3, 0.45420077443122864], [0, 0, 0.45111894607543945], [3, 4, 0.427776575088501], [1, 2, 0.42575937509536743], [2, 3, 0.41980189085006714], [0, 1, 0.3759728670120239]]",True,1,"[[0, 0, [""hereby order""]]]",0.06238341673681069,3,"[[2, 4, 0.0698805132177445], [3, 4, 0.060965973552965694], [2, 3, 0.05630376343972186]]",20.333333333333332,4,"[[2, 4, 21.0], [2, 3, 20.0], [3, 4, 20.0]]",20,0.1095351714386709,10,True,0.04778006672859192,7,1,0.04778006672859192,7,1
69,294,executive_order,"September 16, 2025","July 24, 2024",0.8355393409729004,16,0.8338091969490051,2,"[[0, 0, 0.8658281564712524], [1, 1, 0.8236716985702515], [2, 2, 0.8119279146194458]]",True,1,"[[0, 0, [""hereby order""]], [1, 1, [""shall perform""]], [2, 2, [""shall report""]]]",0.8804469097987214,1,"[[1, 1, 0.9999999999999999], [2, 2, 0.8726948390017767], [0, 0, 0.768645890394388]]",66.33333333333333,1,"[[2, 2, 124.0], [0, 0, 60.0], [1, 1, 15.0]]",20,0.1406926406926407,1,True,0.9992734789848328,3,1,0.9992734789848328,3,1
69,342,executive_order,"September 16, 2025","July 15, 2022",0.8108354806900024,21,0.8342199325561523,1,"[[0, 0, 0.8639187812805176], [1, 1, 0.8236716985702515], [2, 2, 0.815069317817688]]",True,1,"[[0, 0, [""hereby order""]], [1, 1, [""shall perform""]], [2, 2, [""shall report""]]]",0.8777511788585897,2,"[[1, 1, 0.9999999999999999], [0, 0, 0.8421334854333931], [2, 2, 0.791120051142376]]",62.0,3,"[[2, 2, 109.0], [0, 0, 62.0], [1, 1, 15.0]]",20,0.13655185394315827,2,True,0.9990745782852173,4,1,0.9990745782852173,4,1
69,749,executive_order,"September 16, 2025","June 14, 2014",0.8420063257217407,14,0.8327834010124207,4,"[[0, 0, 0.8588037490844727], [1, 1, 0.8236716985702515], [2, 2, 0.8158746361732483]]",True,1,"[[0, 0, [""hereby order""]], [1, 1, [""shall perform""]], [2, 2, [""shall report""]]]",0.852635100170864,3,"[[1, 1, 0.9999999999999999], [2, 2, 0.9268486646040122], [0, 0, 0.63105663590858]]",63.0,2,"[[2, 2, 126.0], [0, 0, 48.0], [1, 1, 15.0]]",20,0.13059947299077734,3,True,0.9984752535820007,8,1,0.9984752535820007,8,1
69,765,executive_order,"September 16, 2025","November 21, 2013",0.9233121871948242,1,0.8306347727775574,5,"[[0, 0, 0.8523578643798828], [1, 1, 0.8236716985702515], [2, 2, 0.8158746361732483]]",True,1,"[[0, 0, [""hereby order""]], [1, 1, [""shall perform""]], [2, 2, [""shall report""]]]",0.8396123728996657,4,"[[1, 1, 0.9999999999999999], [2, 2, 0.9268486646040122], [0, 0, 0.5919884540949854]]",62.0,3,"[[2, 2, 126.0], [0, 0, 45.0], [1, 1, 15.0]]",20,0.12514492753623188,4,True,0.998745322227478,5,1,0.998745322227478,5,1
69,833,executive_order,"September 16, 2025","October 06, 2011",0.8091303110122681,23,0.8334205150604248,3,"[[0, 0, 0.861520528793335], [1, 1, 0.8236716985702515], [2, 2, 0.815069317817688]]",True,1,"[[0, 0, [""hereby order""]], [1, 1, [""shall perform""]], [2, 2, [""shall report""]]]",0.8333308931589097,6,"[[1, 1, 0.9999999999999999], [2, 2, 0.791120051142376], [0, 0, 0.7088726283343534]]",58.333333333333336,5,"[[2, 2, 109.0], [0, 0, 51.0], [1, 1, 15.0]]",20,0.12193979933110369,5,True,0.9992903470993042,2,1,0.9992903470993042,2,1
69,719,executive_order,"September 16, 2025","July 15, 2015",0.8612297773361206,12,0.830406129360199,6,"[[0, 0, 0.8516719341278076], [1, 1, 0.8236716985702515], [2, 2, 0.8158746361732483]]",True,1,"[[0, 0, [""hereby order""]], [1, 1, [""shall perform""]], [2, 2, [""shall report""]]]",0.8386668041349586,5,"[[1, 1, 0.9999999999999999], [2, 2, 0.9268486646040122], [0, 0, 0.5891517478008642]]",61.333333333333336,4,"[[2, 2, 126.0], [0, 0, 43.0], [1, 1, 15.0]]",20,0.12012820512820513,6,True,0.9980732202529907,10,1,0.9980732202529907,10,1
69,1002,executive_order,"September 16, 2025","December 06, 2006",0.8258553743362427,17,0.828754723072052,7,"[[0, 0, 0.8473037481307983], [1, 1, 0.8236716985702515], [2, 2, 0.8152889013290405]]",True,1,"[[0, 0, [""hereby order""]], [1, 1, [""shall perform""]], [2, 2, [""shall report""]]]",0.8145811794405269,7,"[[1, 1, 0.9999999999999999], [2, 2, 0.8517900914889234], [0, 0, 0.5919534468326572]]",58.0,6,"[[2, 2, 114.0], [0, 0, 45.0], [1, 1, 15.0]]",20,0.11253561253561253,7,True,0.9986955523490906,6,1,0.9986955523490906,6,1
69,1010,executive_order,"September 16, 2025","July 03, 2006",0.8203142881393433,19,0.8277881741523743,8,"[[0, 0, 0.8465006947517395], [1, 1, 0.8236716985702515], [2, 2, 0.8131921291351318]]",True,1,"[[0, 0, [""hereby order""]], [1, 1, [""shall perform""]], [2, 2, [""shall report""]]]",0.7795414657923234,8,"[[1, 1, 0.9999999999999999], [2, 2, 0.7906377879930142], [0, 0, 0.5479866093839562]]",54.333333333333336,7,"[[2, 2, 102.0], [0, 0, 46.0], [1, 1, 15.0]]",20,0.10846560846560846,8,True,0.9985674619674683,7,1,0.9985674619674683,7,1
69,757,executive_order,"September 16, 2025","March 20, 2014",0.9095802307128906,2,0.779459536075592,13,"[[0, 0, 0.8520963788032532], [1, 1, 0.8236716985702515], [2, 3, 0.7453327178955078], [2, 2, 0.5864410996437073]]",True,1,"[[0, 0, [""hereby order""]], [1, 1, [""shall perform""]]]",0.7286143556002815,9,"[[1, 1, 0.9999999999999999], [0, 0, 0.6291441775951441], [2, 3, 0.5566988892057004]]",48.333333333333336,8,"[[2, 3, 82.0], [0, 0, 48.0], [1, 1, 15.0]]",20,0.10050007463800567,9,True,0.9982317090034485,9,1,0.9982317090034485,9,1
69,1415,executive_order,"September 16, 2025","May 17, 1996",0.8065685629844666,24,0.821491539478302,9,"[[0, 0, 0.8482246398925781], [1, 1, 0.8236716985702515], [2, 2, 0.7925782203674316]]",True,1,"[[0, 0, [""hereby order""]], [1, 1, [""shall perform""]], [2, 2, [""shall report""]]]",0.6727042904546292,11,"[[1, 1, 0.9999999999999999], [2, 2, 0.5984780409756832], [0, 0, 0.4196348303882044]]",39.666666666666664,10,"[[2, 2, 76.0], [0, 0, 28.0], [1, 1, 15.0]]",20,0.10007415647015203,10,True,0.99935382604599,1,1,0.99935382604599,1,1
73,3358,executive_order,"September 05, 2025","November 19, 1962",0.5461163520812988,5,0.5614961683750153,1,"[[1, 0, 0.5826612114906311], [4, 0, 0.5723524689674377], [0, 0, 0.5191972255706787], [2, 0, 0.5167717933654785], [3, 0, 0.5106730461120605]]",False,2,[],0.03248206121152917,5,"[[2, 0, 0.0361532187748088], [4, 0, 0.03281695133836301], [0, 0, 0.028476013521415714]]",0.0,1,"[[2, 0, 0.0], [3, 0, 0.0], [4, 0, 0.0]]",20,0.13523809523809524,1,True,0.7461389899253845,1,1,0.7461389899253845,1,1
73,1777,executive_order,"September 05, 2025","June 08, 1988",0.5200856924057007,8,0.5264082849025726,3,"[[2, 1, 0.5574595332145691], [3, 1, 0.5487379431724548], [1, 1, 0.5452667474746704], [2, 0, 0.5378185510635376], [4, 1, 0.48147591948509216], [0, 1, 0.39294758439064026]]",False,2,[],0.02651598542279671,6,"[[2, 1, 0.0359660054486115], [2, 0, 0.026102248242373966], [4, 1, 0.01747970257740467]]",0.0,1,"[[3, 1, 0.0], [4, 0, 0.0], [4, 1, 0.0]]",20,0.1295588469501513,2,True,0.09138210862874985,2,1,0.09138210862874985,2,1
73,886,executive_order,"September 05, 2025","March 01, 2010",0.5329633951187134,7,0.5169122368097305,6,"[[2, 0, 0.5926715135574341], [1, 0, 0.5243574380874634], [3, 0, 0.5097061395645142], [1, 1, 0.48910146951675415], [4, 1, 0.44724997878074646], [0, 1, 0.39070457220077515]]",True,1,"[[0, 0, [""hereby order""]]]",0.03809933619932471,3,"[[2, 0, 0.05563984718328862], [2, 1, 0.033313046916785924], [4, 1, 0.02534511449789958]]",0.0,1,"[[3, 1, 0.0], [4, 0, 0.0], [4, 1, 0.0]]",20,0.1295588469501513,3,True,0.00877910852432251,4,1,0.00877910852432251,4,1
73,1133,executive_order,"September 05, 2025","February 28, 2003",0.5061768889427185,14,0.4863687753677368,14,"[[1, 18, 0.5595692992210388], [1, 26, 0.5492607355117798], [1, 44, 0.5435500144958496], [1, 30, 0.5383726954460144], [1, 29, 0.5376638174057007], [1, 42, 0.5363707542419434], [1, 43, 0.5312283635139465], [1, 23, 0.5297587513923645], [1, 47, 0.5295675992965698], [1, 48, 0.5279330015182495], [1, 53, 0.526843786239624], [1, 40, 0.5241409540176392], [2, 18, 0.5222797393798828], [3, 18, 0.5148887634277344], [1, 46, 0.512641191482544], [1, 1, 0.5117579698562622], [1, 32, 0.50980544090271], [1, 51, 0.5096065402030945], [1, 3, 0.5092382431030273], [1, 37, 0.5058795213699341], [1, 33, 0.5052247047424316], [4, 42, 0.5022681951522827], [1, 21, 0.500975489616394], [1, 28, 0.49869000911712646], [1, 45, 0.49537283182144165], [1, 0, 0.48628470301628113], [1, 36, 0.48624223470687866], [1, 41, 0.4829683303833008], [1, 6, 0.48011550307273865], [2, 52, 0.48008033633232117], [1, 38, 0.47633296251296997], [1, 19, 0.46974506974220276], [1, 2, 0.46459904313087463], [1, 35, 0.4637830853462219], [1, 50, 0.463429719209671], [1, 17, 0.46181511878967285], [1, 22, 0.46090173721313477], [0, 18, 0.45999282598495483], [1, 39, 0.4524962306022644], [1, 24, 0.44920337200164795], [1, 27, 0.44732093811035156], [1, 54, 0.43754079937934875], [1, 5, 0.42686522006988525], [3, 9, 0.4257003664970398], [1, 20, 0.423450767993927], [1, 34, 0.41226351261138916], [1, 4, 0.4063369929790497], [3, 13, 0.40503183007240295], [1, 31, 0.39686712622642517], [1, 25, 0.39393526315689087], [3, 16, 0.39133524894714355], [1, 49, 0.3867790102958679], [3, 14, 0.36273276805877686], [3, 10, 0.3573993444442749], [4, 15, 0.3448382616043091], [2, 8, 0.3308609127998352], [1, 7, 0.3233761191368103], [3, 12, 0.3179033100605011], [3, 11, 0.2895883321762085]]",True,1,"[[0, 8, [""hereby order""]]]",0.09855585887797591,1,"[[3, 13, 0.10473379551749298], [4, 13, 0.0960500489138912], [3, 17, 0.09488373220254352]]",0.0,1,"[[0, 0, 0.0], [4, 53, 0.0], [4, 54, 0.0]]",20,0.12464985994397759,4,True,0.0017325571388937533,7,2,0.0017325571388937533,7,2
73,1646,executive_order,"September 05, 2025","September 26, 1991",0.5723632574081421,1,0.5551456212997437,2,"[[1, 2, 0.6103266477584839], [4, 2, 0.6027884483337402], [1, 1, 0.5983016490936279], [2, 1, 0.5748140215873718], [3, 2, 0.5244343280792236], [0, 2, 0.4691327214241028], [1, 0, 0.4533475339412689]]",True,1,"[[0, 0, [""hereby order""]]]",0.013841802529821512,17,"[[2, 2, 0.019391670038506184], [0, 0, 0.011159828051251666], [2, 1, 0.010973909499706684]]",0.0,1,"[[4, 0, 0.0], [4, 1, 0.0], [4, 2, 0.0]]",20,0.1201006201006201,5,True,0.06853749603033066,3,1,0.06705628335475922,3,1
73,2645,executive_order,"September 05, 2025","March 26, 1974",0.50218665599823,17,0.525982528924942,4,"[[1, 0, 0.5570535659790039], [4, 0, 0.5452479124069214], [3, 0, 0.5049632787704468], [2, 0, 0.49946674704551697], [0, 0, 0.36782577633857727]]",False,2,[],0.015656345142309184,16,"[[2, 0, 0.027857015287881613], [4, 0, 0.012536760772219751], [0, 0, 0.006575259366826197]]",0.0,1,"[[2, 0, 0.0], [3, 0, 0.0], [4, 0, 0.0]]",20,0.11706349206349206,6,True,0.0015731120947748423,8,1,0.0015731120947748423,8,1
73,550,executive_order,"September 05, 2025","April 24, 2019",0.49916303157806396,25,0.44594456255435944,23,"[[4, 8, 0.5048041939735413], [2, 2, 0.49034979939460754], [1, 2, 0.4851801097393036], [1, 1, 0.4815838932991028], [4, 7, 0.4787425100803375], [3, 8, 0.47787079215049744], [1, 10, 0.4754551649093628], [1, 0, 0.4672301113605499], [3, 6, 0.447345495223999], [4, 12, 0.4194905757904053], [2, 9, 0.39770078659057617], [2, 5, 0.38458192348480225], [3, 11, 0.3676757514476776], [0, 10, 0.36426711082458496], [3, 4, 0.33210062980651855], [2, 3, 0.3090701699256897]]",True,1,"[[0, 0, [""hereby order""]], [3, 12, [""shall submit""]], [4, 12, [""shall submit""]]]",0.03978570560143949,2,"[[3, 12, 0.041314249305916], [2, 0, 0.04056338735065294], [2, 6, 0.03747948014774953]]",0.0,1,"[[4, 10, 0.0], [4, 11, 0.0], [4, 12, 0.0]]",20,0.11632940702708144,7,True,0.001151399570517242,9,1,0.001151399570517242,9,1
73,3259,executive_order,"September 05, 2025","July 07, 1964",0.5095129013061523,13,0.47440579533576965,18,"[[1, 0, 0.5030184388160706], [3, 0, 0.48629653453826904], [3, 1, 0.46649500727653503], [4, 0, 0.46602535247802734], [2, 0, 0.46196943521499634], [0, 1, 0.4029647707939148]]",False,2,[],0.03483219865967616,4,"[[2, 0, 0.04218712480330205], [4, 0, 0.03762432284304493], [4, 1, 0.02468514833268151]]",0.0,1,"[[3, 1, 0.0], [4, 0, 0.0], [4, 1, 0.0]]",20,0.11560150375939848,8,True,0.00045474793296307325,10,1,0.00044770087697543204,10,1
73,2534,executive_order,"September 05, 2025","October 15, 1975",0.5139049887657166,11,0.49828478693962097,11,"[[2, 0, 0.5143898725509644], [1, 0, 0.5130171775817871], [4, 0, 0.5047703385353088], [3, 0, 0.49116331338882446], [0, 0, 0.387557715177536]]",False,2,[],0.02186152349179935,8,"[[2, 0, 0.04274743855381541], [4, 0, 0.014980292901616659], [0, 0, 0.007856839019965978]]",0.0,1,"[[2, 0, 0.0], [3, 0, 0.0], [4, 0, 0.0]]",20,0.11559139784946236,9,True,0.004718369338661432,5,1,0.004718369338661432,5,1
73,3752,executive_order,"September 05, 2025","May 18, 1956",0.5506367087364197,3,0.5088371336460114,8,"[[3, 0, 0.542887806892395], [1, 0, 0.5336413383483887], [4, 0, 0.5153864026069641], [2, 0, 0.5072764158248901], [1, 2, 0.5014098286628723], [1, 1, 0.48833268880844116], [0, 0, 0.4347957670688629]]",False,2,[],0.017864792166085053,11,"[[2, 0, 0.03182785091890636], [0, 1, 0.013899865194780939], [0, 0, 0.007866660384567865]]",0.0,1,"[[4, 0, 0.0], [4, 1, 0.0], [4, 2, 0.0]]",20,0.11559139784946236,10,True,0.0023413405288010836,6,1,0.0023413405288010836,6,1
77,486,executive_order,"August 25, 2025","June 26, 2020",0.571033239364624,1,0.5171527117490768,1,"[[0, 0, 0.5426933765411377], [0, 1, 0.5066784024238586], [0, 2, 0.42546433210372925]]",True,1,"[[0, 0, [""hereby order""]]]",0.014099348243482286,3,"[[0, 2, 0.017568997697413012], [0, 0, 0.017032413747979595], [0, 1, 0.007696633285054245]]",0.0,2,"[[0, 0, 0.0], [0, 1, 0.0], [0, 2, 0.0]]",20,0.13655185394315827,1,True,0.004609572701156139,3,1,0.004609572701156139,3,1
77,264,executive_order,"August 25, 2025","January 20, 2025",0.5046034455299377,3,0.4442497491836548,7,"[[0, 11, 0.4930674433708191], [0, 5, 0.4844444990158081], [0, 23, 0.47401076555252075], [0, 15, 0.4565347135066986], [0, 2, 0.4489876329898834], [0, 0, 0.4408998191356659], [0, 1, 0.44080695509910583], [0, 3, 0.43604597449302673], [0, 22, 0.42650312185287476], [0, 4, 0.42485445737838745], [0, 28, 0.4237513542175293], [0, 19, 0.4224318861961365], [0, 21, 0.4208441376686096], [0, 27, 0.420734167098999], [0, 18, 0.40187960863113403], [0, 10, 0.40025585889816284], [0, 20, 0.3980652093887329], [0, 16, 0.3935921788215637], [0, 26, 0.38514474034309387], [0, 17, 0.3703118860721588], [0, 25, 0.36115241050720215], [0, 8, 0.35846614837646484], [0, 24, 0.34945666790008545], [0, 13, 0.3378431499004364], [0, 6, 0.313747763633728], [0, 14, 0.30855226516723633], [0, 9, 0.30694758892059326], [0, 12, 0.30582183599472046], [0, 7, 0.2623741626739502]]",True,1,"[[0, 0, [""hereby order""]]]",0.06110377333297623,1,"[[0, 27, 0.09089629559076294], [0, 28, 0.06571005584818496], [0, 23, 0.026704968559980766]]",26.333333333333332,1,"[[0, 27, 44.0], [0, 28, 22.0], [0, 23, 13.0]]",20,0.13227513227513227,2,True,0.015189049765467644,2,1,0.015189049765467644,2,1
77,132,executive_order,"August 25, 2025","April 28, 2025",0.4603535830974579,15,0.4471159726381302,6,"[[0, 3, 0.49403342604637146], [0, 1, 0.45355916023254395], [0, 0, 0.42543479800224304], [0, 2, 0.3262878656387329], [0, 4, 0.30167722702026367]]",True,1,"[[0, 0, [""hereby order""]]]",0.014802629970707698,2,"[[0, 1, 0.018819381540141962], [0, 0, 0.017130263510449006], [0, 2, 0.00845824486153213]]",0.0,2,"[[0, 2, 0.0], [0, 3, 0.0], [0, 4, 0.0]]",20,0.12937062937062938,3,True,0.0034030054230242968,5,1,0.0034030054230242968,5,1
77,213,executive_order,"August 25, 2025","February 07, 2025",0.4603370428085327,16,0.44908204674720764,5,"[[0, 0, 0.46505576372146606], [0, 1, 0.4011608958244324]]",True,1,"[[0, 0, [""hereby order""]]]",0.012037568883678119,4,"[[0, 0, 0.014064443655433686], [0, 1, 0.010010694111922552]]",0.0,2,"[[0, 0, 0.0], [0, 1, 0.0]]",20,0.12712121212121213,4,True,0.0011695101857185364,6,1,0.0011695101857185364,6,1
77,261,executive_order,"August 25, 2025","January 20, 2025",0.5053020715713501,2,0.47176845371723175,3,"[[0, 0, 0.5175009965896606], [0, 1, 0.3916270434856415], [0, 2, 0.36897966265678406]]",True,1,"[[0, 0, [""hereby order""]]]",0.008532218519261033,9,"[[0, 1, 0.01360817680914443], [0, 0, 0.007665650567996609], [0, 2, 0.004322828180642061]]",0.0,2,"[[0, 0, 0.0], [0, 1, 0.0], [0, 2, 0.0]]",20,0.12341556494480033,5,True,0.0006312434561550617,8,1,0.0006312434561550617,8,1
77,231,executive_order,"August 25, 2025","January 29, 2025",0.4727911353111267,9,0.46568314731121063,4,"[[0, 1, 0.4788762032985687], [0, 0, 0.4733428955078125], [0, 2, 0.40525108575820923]]",True,1,"[[0, 0, [""hereby order""]]]",0.008324424064878948,10,"[[0, 0, 0.008952254648776758], [0, 2, 0.008141406643997094], [0, 1, 0.007879610901862996]]",0.0,2,"[[0, 0, 0.0], [0, 1, 0.0], [0, 2, 0.0]]",20,0.12045454545454545,6,True,0.02909075655043125,1,1,0.02909075655043125,1,1
77,3569,executive_order,"August 25, 2025","November 27, 1959",0.44685834646224976,24,0.4770946502685547,2,"[[0, 0, 0.4770946502685547]]",False,2,[],0.006249717796170428,14,"[[0, 0, 0.006249717796170428]]",0.0,2,"[[0, 0, 0.0]]",20,0.12032085561497327,7,True,7.226082379929721e-05,10,1,7.226082379929721e-05,10,1
77,341,executive_order,"August 25, 2025","July 19, 2022",0.47785019874572754,7,0.42882461845874786,10,"[[0, 1, 0.49050816893577576], [0, 6, 0.4175450801849365], [0, 2, 0.411903440952301], [0, 7, 0.40799006819725037], [0, 8, 0.4060478210449219], [0, 5, 0.38765305280685425], [0, 15, 0.38216713070869446], [0, 4, 0.37165534496307373], [0, 11, 0.37142467498779297], [0, 16, 0.3562055230140686], [0, 12, 0.3527218699455261], [0, 0, 0.3507850766181946], [0, 3, 0.3418005704879761], [0, 10, 0.3157311677932739], [0, 14, 0.29580187797546387], [0, 13, 0.2934092581272125], [0, 9, 0.2880486845970154]]",False,2,[],0.011041069331044458,6,"[[0, 7, 0.013527624368598752], [0, 8, 0.010866681677530906], [0, 14, 0.008728901947003716]]",0.0,2,"[[0, 14, 0.0], [0, 15, 0.0], [0, 16, 0.0]]",20,0.11724941724941726,8,True,0.0010005044750869274,7,1,0.0010005044750869274,7,1
77,1345,executive_order,"August 25, 2025","February 09, 1998",0.46976277232170105,12,0.4424494653940201,8,"[[0, 1, 0.44916993379592896], [0, 0, 0.42228806018829346]]",True,1,"[[0, 0, [""hereby order""]]]",0.008885805207948846,8,"[[0, 0, 0.011777337129413963], [0, 1, 0.005994273286483727]]",0.0,2,"[[0, 0, 0.0], [0, 1, 0.0]]",20,0.11688311688311688,9,True,0.0005484791472554207,9,1,0.0005484791472554207,9,1
77,269,executive_order,"August 25, 2025","January 20, 2025",0.44947344064712524,22,0.4275771677494049,13,"[[0, 0, 0.4275771677494049]]",True,1,"[[0, 0, [""hereby order""]]]",0.011135888271187023,5,"[[0, 0, 0.011135888271187023]]",0.0,2,"[[0, 0, 0.0]]",20,0.11575757575757575,10,True,0.0037072531413286924,4,1,0.003649987280368805,4,1
80,345,executive_order,"August 25, 2025","May 25, 2022",0.5181864500045776,4,0.45751091837882996,9,"[[0, 0, 0.521692156791687], [1, 17, 0.5173810720443726], [1, 32, 0.5028071403503418], [1, 10, 0.487739235162735], [1, 16, 0.48125943541526794], [0, 30, 0.4695325493812561], [1, 7, 0.46689027547836304], [0, 8, 0.4640679359436035], [1, 18, 0.46371930837631226], [1, 2, 0.46112364530563354], [2, 13, 0.4409843683242798], [1, 19, 0.43981897830963135], [2, 23, 0.4266793727874756], [1, 22, 0.4266035258769989], [1, 25, 0.4241943359375], [1, 11, 0.42334502935409546], [1, 20, 0.4194262623786926], [1, 29, 0.40599149465560913], [1, 28, 0.4056354761123657], [1, 27, 0.40221917629241943], [2, 5, 0.4010773301124573], [1, 15, 0.4003833532333374], [1, 21, 0.3952268958091736], [1, 4, 0.3949154019355774], [0, 1, 0.3945896029472351], [1, 14, 0.3926805853843689], [0, 12, 0.3914627432823181], [2, 24, 0.37388676404953003], [1, 3, 0.36920803785324097], [1, 31, 0.35841065645217896], [2, 6, 0.33950215578079224], [2, 26, 0.3378453254699707], [2, 9, 0.3147866725921631]]",True,1,"[[1, 21, [""shall submit""]], [1, 29, [""shall submit""]]]",0.06396405138150657,1,"[[2, 26, 0.07920097392405942], [2, 23, 0.05828629394527227], [2, 25, 0.05440488627518803]]",10.333333333333334,2,"[[1, 16, 11.0], [1, 7, 10.0], [1, 10, 10.0]]",20,0.12755635169428273,1,True,0.005392756080254912,1,2,0.005392835242673755,1,2
80,442,executive_order,"August 25, 2025","January 18, 2021",0.4605061709880829,15,0.4740958660840988,5,"[[1, 4, 0.520482063293457], [1, 3, 0.482343852519989], [0, 0, 0.479390949010849], [1, 2, 0.45997241139411926], [2, 4, 0.445381224155426], [1, 1, 0.39001214504241943]]",True,1,"[[0, 0, [""hereby order""]]]",0.036238904159815954,7,"[[1, 2, 0.06310102956267707], [2, 3, 0.02297576656316683], [1, 4, 0.022639916353603958]]",12.666666666666666,1,"[[1, 2, 24.0], [1, 4, 14.0], [2, 3, 0.0]]",20,0.12465608465608466,2,True,8.648363291285932e-05,10,1,8.648363291285932e-05,10,1
80,490,executive_order,"August 25, 2025","June 16, 2020",0.501655638217926,7,0.4574665278196335,10,"[[1, 1, 0.48786091804504395], [1, 3, 0.46926766633987427], [0, 1, 0.4533537030220032], [0, 0, 0.45222023129463196], [2, 1, 0.43575865030288696], [1, 2, 0.4144192337989807]]",True,1,"[[0, 0, [""hereby order""]]]",0.04638997529871521,3,"[[2, 2, 0.05728868939716355], [2, 1, 0.04631233796262056], [1, 2, 0.03556889853636152]]",6.666666666666667,4,"[[1, 2, 10.0], [2, 3, 10.0], [2, 1, 0.0]]",20,0.11847826086956521,3,True,0.0005152656813152134,8,1,0.0005152656813152134,8,1
80,98,executive_order,"August 25, 2025","July 24, 2025",0.57569819688797,2,0.5078319162130356,2,"[[1, 1, 0.5557217597961426], [1, 2, 0.5487776398658752], [0, 0, 0.5334053635597229], [2, 3, 0.48919063806533813], [2, 4, 0.4144994020462036], [2, 5, 0.3957531452178955]]",True,1,"[[0, 0, [""hereby order""]]]",0.028897777314222283,12,"[[2, 5, 0.043905183613923315], [0, 0, 0.023561461428050788], [0, 2, 0.019226686900692742]]",5.0,6,"[[2, 5, 15.0], [2, 3, 0.0], [2, 4, 0.0]]",20,0.11516608391608392,4,True,0.003621685318648815,2,1,0.003621685318648815,2,1
80,272,executive_order,"August 25, 2025","January 20, 2025",0.5067095160484314,6,0.49383074045181274,3,"[[1, 6, 0.5575236082077026], [1, 2, 0.5409797430038452], [0, 6, 0.49521613121032715], [0, 0, 0.48681899905204773], [1, 5, 0.4863160252571106], [1, 3, 0.48413681983947754], [1, 1, 0.4508097469806671], [1, 4, 0.44309040904045105], [2, 2, 0.4318125545978546]]",True,1,"[[0, 0, [""hereby order""]]]",0.033264319997884206,8,"[[1, 6, 0.03978827149418572], [1, 2, 0.030552918402714967], [1, 1, 0.02945177009675193]]",0.0,9,"[[2, 4, 0.0], [2, 5, 0.0], [2, 6, 0.0]]",20,0.11367530520454058,5,True,0.0009110512328334153,6,1,0.0009110512328334153,6,1
80,85,executive_order,"August 25, 2025","August 11, 2025",0.47196608781814575,10,0.4489033967256546,12,"[[2, 3, 0.4615177512168884], [0, 0, 0.4607332944869995], [2, 1, 0.44401270151138306], [1, 3, 0.43425095081329346], [2, 2, 0.41629400849342346]]",True,1,"[[0, 0, [""hereby order""]]]",0.03819232090575562,4,"[[2, 3, 0.057449015806489534], [1, 3, 0.051215965374915476], [0, 0, 0.005911981535861846]]",5.333333333333333,5,"[[2, 3, 16.0], [2, 1, 0.0], [2, 2, 0.0]]",20,0.11291666666666667,6,True,0.0005884087877348065,7,1,0.0005884087877348065,7,1
80,341,executive_order,"August 25, 2025","July 19, 2022",0.46141016483306885,13,0.4292016178369522,20,"[[1, 4, 0.466202050447464], [1, 1, 0.45203500986099243], [2, 15, 0.45087945461273193], [1, 11, 0.446774959564209], [0, 1, 0.4443880319595337], [1, 12, 0.43875378370285034], [2, 14, 0.4354917109012604], [1, 5, 0.4287465512752533], [1, 16, 0.40966904163360596], [1, 6, 0.40221360325813293], [0, 0, 0.39991283416748047], [1, 2, 0.3944821357727051], [2, 9, 0.3927982449531555], [1, 3, 0.3865794539451599], [1, 7, 0.3708924353122711], [1, 10, 0.3423280119895935], [1, 13, 0.33139628171920776], [1, 8, 0.32870543003082275]]",True,1,"[[2, 3, [""shall identify""]], [2, 4, [""shall identify""]]]",0.047155853564943125,2,"[[2, 3, 0.07109726628405079], [1, 4, 0.04341101479223611], [2, 6, 0.026959279618542487]]",6.666666666666667,4,"[[1, 2, 10.0], [1, 4, 10.0], [2, 16, 0.0]]",20,0.11212121212121212,7,True,0.00032503585680387914,9,1,0.00032503585680387914,9,1
80,593,executive_order,"August 25, 2025","March 07, 2018",0.5326489210128784,3,0.4689081609249115,7,"[[1, 8, 0.513100266456604], [2, 4, 0.5046915411949158], [0, 0, 0.49651002883911133], [0, 5, 0.4714706838130951], [1, 6, 0.41221413016319275], [1, 7, 0.40603354573249817], [2, 2, 0.40449732542037964], [1, 1, 0.39717620611190796], [2, 3, 0.2917480766773224]]",True,1,"[[0, 0, [""hereby order""]]]",0.036711092883539055,6,"[[1, 6, 0.0547608172008504], [1, 7, 0.038904442526307974], [2, 1, 0.016468018923458783]]",3.3333333333333335,8,"[[1, 6, 10.0], [2, 7, 0.0], [2, 8, 0.0]]",20,0.11121286121286121,8,True,0.0009399440023116767,5,1,0.0009399440023116767,5,1
80,142,executive_order,"August 25, 2025","April 23, 2025",0.4522307813167572,18,0.43894340097904205,17,"[[0, 0, 0.46360549330711365], [1, 1, 0.4388476014137268], [1, 2, 0.4219481348991394], [2, 0, 0.40680623054504395]]",True,1,"[[0, 0, [""hereby order""]]]",0.037204779523226934,5,"[[1, 1, 0.05892971552664801], [1, 2, 0.03896326290695082], [0, 0, 0.013721360136081977]]",7.0,3,"[[1, 1, 11.0], [1, 2, 10.0], [2, 2, 0.0]]",20,0.11050528789659225,9,True,0.0014779429184272885,4,1,0.0014779429184272885,4,1
80,413,executive_order,"August 25, 2025","January 26, 2021",0.5889896154403687,1,0.5344051271677017,1,"[[0, 0, 0.5825182199478149], [1, 0, 0.45818689465522766], [2, 0, 0.4181710183620453]]",True,1,"[[0, 0, [""hereby order""]]]",0.005021455191461932,23,"[[2, 0, 0.007143026621379348], [1, 0, 0.006706398955380499], [0, 0, 0.0012149399976259466]]",0.0,9,"[[0, 0, 0.0], [1, 0, 0.0], [2, 0, 0.0]]",20,0.10535762019322564,10,True,0.002453428227454424,3,1,0.002453428227454424,3,1
81,361,executive_order,"August 21, 2025","December 13, 2021",0.5637357831001282,2,0.5147361010313034,2,"[[2, 5, 0.589850902557373], [0, 5, 0.5686342716217041], [2, 3, 0.5339742302894592], [0, 0, 0.5313699841499329], [1, 5, 0.5066158771514893], [0, 1, 0.4847661852836609], [2, 2, 0.479267954826355], [3, 3, 0.47503286600112915], [0, 6, 0.4712129831314087], [2, 7, 0.4557570815086365], [1, 4, 0.40931057929992676]]",True,1,"[[0, 0, [""hereby order""]], [1, 2, [""shall report""]]]",0.029228986490110947,2,"[[2, 5, 0.047658622185846204], [2, 7, 0.023351292380815288], [1, 2, 0.01667704490367135]]",0.0,2,"[[3, 5, 0.0], [3, 6, 0.0], [3, 7, 0.0]]",20,0.13636363636363635,1,True,0.11776105687022209,1,2,0.11759667471051216,1,2
81,254,executive_order,"August 21, 2025","January 20, 2025",0.4538159966468811,11,0.47493165731430054,3,"[[1, 1, 0.5085746049880981], [3, 1, 0.49750515818595886], [2, 3, 0.46956080198287964], [0, 0, 0.4614427089691162], [3, 2, 0.4227917790412903]]",True,1,"[[0, 0, [""hereby order""]]]",0.01343494767804989,7,"[[3, 1, 0.0226652494670977], [0, 0, 0.011286064975994985], [1, 3, 0.006353528591056986]]",0.0,2,"[[3, 1, 0.0], [3, 2, 0.0], [3, 3, 0.0]]",20,0.1259698433611477,2,True,0.0006312434561550617,7,1,0.0006312434561550617,7,1
81,384,executive_order,"August 21, 2025","June 25, 2021",0.4372396469116211,23,0.4360579401254654,12,"[[3, 11, 0.5294168591499329], [3, 13, 0.5221414566040039], [3, 7, 0.48886439204216003], [2, 1, 0.4768245220184326], [3, 4, 0.4595535099506378], [3, 12, 0.4591525197029114], [3, 14, 0.45130056142807007], [2, 2, 0.4441263675689697], [0, 11, 0.44158631563186646], [1, 14, 0.4378890097141266], [3, 10, 0.43357977271080017], [2, 18, 0.4318016767501831], [2, 19, 0.4118070900440216], [3, 15, 0.4031095504760742], [0, 0, 0.3981677293777466], [2, 8, 0.39768099784851074], [2, 3, 0.3926810026168823], [3, 17, 0.38247033953666687], [1, 6, 0.3773614764213562], [2, 5, 0.37595200538635254], [3, 20, 0.37441587448120117], [3, 16, 0.3485722541809082], [3, 21, 0.3398266136646271], [3, 9, 0.3350929021835327], [2, 22, 0.2777962386608124], [3, 23, 0.2568986415863037], [2, 24, 0.24857307970523834]]",True,1,"[[0, 0, [""hereby order""]], [2, 7, [""shall consult""]], [3, 7, [""shall consult""]]]",0.030691419499341965,1,"[[2, 7, 0.0612759703503553], [3, 7, 0.015512435679746396], [2, 18, 0.015285852467924188]]",0.0,2,"[[3, 22, 0.0], [3, 23, 0.0], [3, 24, 0.0]]",20,0.12432359307359307,3,True,0.0002363496896577999,10,2,0.0002363496896577999,10,2
81,969,executive_order,"August 21, 2025","November 13, 2007",0.4650186598300934,7,0.44591525197029114,8,"[[2, 1, 0.5017073154449463], [3, 4, 0.45851343870162964], [1, 5, 0.4451304078102112], [0, 1, 0.41828614473342896], [2, 0, 0.41536813974380493], [2, 2, 0.412149578332901], [3, 3, 0.3826582729816437]]",True,1,"[[0, 0, [""hereby order""]]]",0.016029731589695024,4,"[[2, 4, 0.02216166448214199], [3, 3, 0.014481973734240351], [3, 2, 0.011445556552702725]]",0.0,2,"[[3, 3, 0.0], [3, 4, 0.0], [3, 5, 0.0]]",20,0.12283549783549783,4,True,0.00034599160426296294,9,1,0.00034599160426296294,9,1
81,1867,executive_order,"August 21, 2025","February 25, 1986",0.4533082842826843,12,0.4299713522195816,13,"[[0, 2, 0.45165717601776123], [3, 4, 0.4487155079841614], [1, 2, 0.4399959444999695], [2, 3, 0.40784502029418945], [2, 1, 0.40399351716041565], [0, 0, 0.4022354781627655]]",True,1,"[[1, 1, [""shall report""]]]",0.01841023870516086,3,"[[3, 0, 0.02188627626672464], [3, 4, 0.021309083158956327], [1, 4, 0.012035356689801616]]",3.3333333333333335,1,"[[3, 0, 10.0], [3, 2, 0.0], [3, 4, 0.0]]",20,0.12140033879164314,5,True,0.002099273493513465,5,1,0.002099273493513465,5,1
81,210,executive_order,"August 21, 2025","February 10, 2025",0.47380468249320984,5,0.446731373667717,7,"[[0, 0, 0.4827508330345154], [1, 1, 0.4629666805267334], [3, 1, 0.45218518376350403], [0, 2, 0.4107583165168762], [2, 1, 0.36731386184692383]]",True,1,"[[0, 0, [""hereby order""]]]",0.01475208663577375,6,"[[0, 0, 0.02307889788934671], [3, 1, 0.01168574028262229], [1, 1, 0.009491621735352253]]",0.0,2,"[[3, 0, 0.0], [3, 1, 0.0], [3, 2, 0.0]]",20,0.12095312095312095,6,True,0.008644177578389645,4,1,0.008644177578389645,4,1
81,202,executive_order,"August 21, 2025","February 19, 2025",0.44205474853515625,18,0.4648565202951431,6,"[[1, 4, 0.5532125234603882], [1, 3, 0.4988079369068146], [0, 0, 0.4502637982368469], [1, 1, 0.4369608461856842], [2, 4, 0.4281769096851349], [3, 1, 0.42174211144447327], [3, 2, 0.39257603883743286]]",True,1,"[[0, 0, [""hereby order""]]]",0.011979603543702234,10,"[[0, 0, 0.017994328778563544], [3, 1, 0.009908699960428227], [1, 4, 0.008035781892114933]]",0.0,2,"[[3, 2, 0.0], [3, 3, 0.0], [3, 4, 0.0]]",20,0.11724941724941726,7,True,0.0005703156930394471,8,1,0.0005703156930394471,8,1
81,2144,executive_order,"August 21, 2025","January 16, 1981",0.6098394989967346,1,0.5417951047420502,1,"[[3, 0, 0.59131920337677], [2, 0, 0.5381877422332764], [0, 0, 0.5369918346405029], [2, 1, 0.5104126334190369], [1, 0, 0.46439850330352783]]",False,2,[],0.0,25,"[[2, 1, 0.0], [3, 0, 0.0], [3, 1, 0.0]]",0.0,2,"[[2, 1, 0.0], [3, 0, 0.0], [3, 1, 0.0]]",20,0.1152958152958153,8,True,0.09739039838314056,2,1,0.09739039838314056,2,1
81,848,executive_order,"August 21, 2025","April 27, 2011",0.4665336608886719,6,0.47233569622039795,4,"[[3, 2, 0.5223436951637268], [2, 2, 0.4821867346763611], [1, 2, 0.4570545256137848], [3, 3, 0.456914484500885], [0, 2, 0.4553079605102539], [0, 0, 0.45071589946746826], [2, 1, 0.4318188726902008]]",True,1,"[[0, 0, [""hereby order""]]]",0.006637751707887948,18,"[[3, 3, 0.00839370167223174], [0, 0, 0.006326679385068808], [0, 3, 0.005192874066363295]]",0.0,2,"[[3, 1, 0.0], [3, 2, 0.0], [3, 3, 0.0]]",20,0.11343700159489634,9,True,0.0008830458973534405,6,1,0.0008830458973534405,6,1
81,451,executive_order,"August 21, 2025","December 18, 2020",0.49232470989227295,3,0.4679693132638931,5,"[[1, 2, 0.5357671976089478], [2, 2, 0.4833121597766876], [3, 2, 0.4536266326904297], [0, 0, 0.4524889290332794], [3, 1, 0.3756635785102844]]",True,1,"[[0, 0, [""hereby order""]]]",0.007816262987956568,17,"[[2, 2, 0.009503529245354008], [0, 0, 0.007336402499953126], [1, 2, 0.006608857218562568]]",0.0,2,"[[3, 0, 0.0], [3, 1, 0.0], [3, 2, 0.0]]",20,0.11248157248157248,10,True,0.03760863468050957,3,1,0.03760863468050957,3,1
82,115,executive_order,"August 13, 2025","June 06, 2025",0.52334064245224,2,0.4879014492034912,4,"[[0, 0, 0.5474010705947876], [4, 5, 0.5238890647888184], [1, 4, 0.4859292507171631], [0, 2, 0.48034101724624634], [2, 4, 0.46884214878082275], [0, 1, 0.4584856331348419], [1, 3, 0.4250984489917755], [3, 4, 0.41866594552993774]]",True,1,"[[0, 0, [""hereby order""]]]",0.12553768790813463,1,"[[4, 5, 0.22679363039772832], [1, 3, 0.08966896904547571], [3, 5, 0.06015046428119985]]",14.0,5,"[[1, 3, 29.0], [4, 5, 13.0], [4, 3, 0.0]]",20,0.12928571428571428,1,True,0.00012780926772393286,10,1,0.00012780926772393286,10,1
82,154,executive_order,"August 13, 2025","April 09, 2025",0.46392935514450073,14,0.43854178488254547,16,"[[1, 11, 0.5523527264595032], [1, 10, 0.5399670600891113], [0, 11, 0.49105578660964966], [1, 12, 0.47029805183410645], [3, 11, 0.46351781487464905], [2, 11, 0.4610041081905365], [1, 1, 0.4461997151374817], [1, 4, 0.40883493423461914], [1, 9, 0.4076468348503113], [0, 8, 0.4067763388156891], [1, 2, 0.39602410793304443], [1, 7, 0.3905097246170044], [4, 11, 0.3857949376106262], [1, 3, 0.3444995880126953], [0, 0, 0.3266277611255646], [1, 6, 0.31173086166381836], [4, 5, 0.2809319496154785]]",True,1,"[[0, 0, [""hereby order""]]]",0.10569419688476313,2,"[[1, 10, 0.12169119162833338], [1, 11, 0.09861058191303147], [1, 1, 0.09678081711292456]]",36.333333333333336,1,"[[1, 10, 37.0], [1, 11, 37.0], [1, 8, 35.0]]",20,0.12085137085137085,2,True,0.0007810538809280843,6,2,0.0007810538809280843,6,2
82,505,executive_order,"August 13, 2025","April 06, 2020",0.5419025421142578,1,0.5027527511119843,3,"[[1, 4, 0.6205462217330933], [0, 0, 0.517308235168457], [2, 2, 0.5061469674110413], [3, 2, 0.4957272708415985], [2, 3, 0.4450754225254059], [0, 1, 0.4299900233745575], [4, 2, 0.3687317371368408]]",True,1,"[[0, 0, [""hereby order""]], [1, 4, [""shall report""]]]",0.07854333873365715,4,"[[1, 2, 0.09190343043556401], [2, 4, 0.07814056878406363], [1, 4, 0.0655860169813438]]",0.0,9,"[[4, 2, 0.0], [4, 3, 0.0], [4, 4, 0.0]]",20,0.11962768615692154,3,True,0.010328153148293495,3,1,0.01065251138061285,3,1
82,492,executive_order,"August 13, 2025","June 04, 2020",0.4621553122997284,17,0.45843827724456787,9,"[[1, 3, 0.5695911049842834], [1, 2, 0.5464520454406738], [1, 12, 0.5425257682800293], [1, 5, 0.523339033126831], [1, 11, 0.521281361579895], [1, 16, 0.5204532742500305], [1, 6, 0.4960995018482208], [1, 10, 0.46686050295829773], [1, 4, 0.46466559171676636], [1, 13, 0.46405190229415894], [2, 3, 0.451254665851593], [1, 15, 0.45033952593803406], [1, 8, 0.43049710988998413], [3, 12, 0.42163100838661194], [2, 7, 0.41934049129486084], [0, 1, 0.4187820255756378], [2, 9, 0.4129955768585205], [4, 2, 0.4044940173625946], [0, 14, 0.3756991922855377], [2, 0, 0.2603672444820404]]",False,2,[],0.07543980604705515,6,"[[1, 3, 0.07987617441354264], [1, 2, 0.07665683304649423], [1, 5, 0.06978641068112856]]",22.666666666666668,2,"[[1, 3, 24.0], [1, 2, 22.0], [3, 2, 22.0]]",20,0.11839884253677357,4,True,0.001062735595041886,5,2,0.001062735595041886,5,2
82,940,executive_order,"August 13, 2025","November 18, 2008",0.44610366225242615,23,0.4610839933156967,8,"[[1, 2, 0.49953779578208923], [4, 2, 0.4728781580924988], [3, 2, 0.4699089527130127], [3, 1, 0.4564947485923767], [3, 0, 0.44965076446533203], [0, 1, 0.4179779589176178], [2, 2, 0.4077315926551819]]",True,1,"[[0, 0, [""hereby order""]]]",0.07565056548285636,5,"[[1, 2, 0.08628419152884409], [4, 2, 0.07168541204137625], [3, 2, 0.06898209287834875]]",6.666666666666667,7,"[[0, 0, 10.0], [1, 2, 10.0], [4, 2, 0.0]]",20,0.11275132275132274,5,True,0.8267117738723755,1,1,0.8267117738723755,1,1
82,271,executive_order,"August 13, 2025","January 20, 2025",0.4806036353111267,11,0.4494534730911255,11,"[[2, 7, 0.5590100288391113], [1, 7, 0.5291294455528259], [1, 2, 0.5037544965744019], [1, 19, 0.49244382977485657], [1, 16, 0.4881749749183655], [1, 13, 0.4722689986228943], [1, 15, 0.4680790305137634], [0, 7, 0.46397531032562256], [2, 5, 0.4612584114074707], [2, 17, 0.45258238911628723], [1, 3, 0.4509887099266052], [4, 13, 0.4491882920265198], [1, 8, 0.437433123588562], [1, 28, 0.4370213747024536], [1, 9, 0.43426835536956787], [1, 10, 0.43038028478622437], [1, 12, 0.425534725189209], [3, 2, 0.4234464764595032], [1, 11, 0.42045485973358154], [0, 0, 0.41726845502853394], [1, 18, 0.40928131341934204], [1, 1, 0.4046213626861572], [1, 14, 0.3996933400630951], [2, 22, 0.3884010910987854], [3, 25, 0.38787323236465454], [4, 29, 0.3867398202419281], [1, 20, 0.3746623992919922], [1, 4, 0.37124109268188477], [2, 6, 0.3488568365573883], [1, 21, 0.3485608696937561], [2, 27, 0.3279966413974762], [1, 24, 0.3274407684803009], [1, 26, 0.29734426736831665], [2, 23, 0.29507601261138916]]",True,1,"[[0, 0, [""hereby order""]]]",0.05865571878226617,8,"[[3, 28, 0.06355280341929667], [3, 9, 0.058518749335909434], [1, 28, 0.05389560359159241]]",21.666666666666668,3,"[[1, 28, 30.0], [3, 28, 24.0], [0, 0, 11.0]]",20,0.11145061109997996,6,True,0.000661620229948312,7,2,0.000661620229948312,7,2
82,1744,executive_order,"August 13, 2025","April 20, 1989",0.44924667477607727,22,0.5062664449214935,2,"[[2, 4, 0.5832428932189941], [2, 2, 0.5691446661949158], [2, 1, 0.5361117124557495], [3, 4, 0.5268527269363403], [1, 2, 0.506601095199585], [2, 0, 0.5009618997573853], [0, 4, 0.496849000453949], [1, 6, 0.4934771955013275], [2, 5, 0.4620145857334137], [4, 5, 0.41731682419776917], [3, 3, 0.39956948161125183]]",True,1,"[[0, 0, [""hereby order""]], [1, 1, [""shall report""]], [3, 3, [""shall establish""]]]",0.032843373277249635,12,"[[2, 0, 0.04070757978722566], [1, 0, 0.032295291407177074], [3, 4, 0.025527248637346168]]",0.0,9,"[[4, 4, 0.0], [4, 5, 0.0], [4, 6, 0.0]]",20,0.11118730407523511,7,True,0.010818447917699814,2,1,0.011072160676121712,2,1
82,112,executive_order,"August 13, 2025","June 06, 2025",0.4455186724662781,25,0.436084046959877,19,"[[1, 6, 0.47990211844444275], [1, 3, 0.4769604206085205], [2, 3, 0.4632246494293213], [1, 5, 0.4360879957675934], [0, 3, 0.4355250597000122], [4, 7, 0.43163883686065674], [3, 1, 0.42507368326187134], [2, 2, 0.3987892270088196], [0, 4, 0.382047563791275], [0, 0, 0.3702618479728699]]",True,1,"[[0, 0, [""hereby order""]]]",0.10187230877207935,3,"[[4, 7, 0.144330972619944], [3, 5, 0.08483535205845222], [3, 6, 0.07645060163784181]]",21.333333333333332,4,"[[3, 5, 24.0], [1, 6, 20.0], [3, 6, 20.0]]",20,0.11078595317725752,8,True,0.000205022151931189,9,1,0.000205022151931189,9,1
82,2347,executive_order,"August 13, 2025","August 16, 1978",0.48938336968421936,7,0.5162512362003326,1,"[[2, 5, 0.5661930441856384], [3, 4, 0.5490020513534546], [0, 5, 0.5288969278335571], [2, 3, 0.5167649388313293], [1, 5, 0.515977680683136], [0, 2, 0.49458661675453186], [4, 4, 0.4944341480731964], [2, 1, 0.45668527483940125], [0, 0, 0.4263775050640106]]",True,1,"[[0, 0, [""hereby order""]]]",0.0030754660406711195,22,"[[2, 5, 0.00348428685665478], [3, 3, 0.0030108613310483763], [4, 2, 0.0027312499343102015]]",0.0,9,"[[4, 3, 0.0], [4, 4, 0.0], [4, 5, 0.0]]",20,0.10591133004926108,9,True,0.0003029734070878476,8,1,0.0002994447131641209,8,1
82,612,executive_order,"August 13, 2025","August 15, 2017",0.46149498224258423,18,0.47645536065101624,5,"[[1, 9, 0.5562238097190857], [1, 1, 0.5451427698135376], [1, 3, 0.5420843362808228], [1, 8, 0.5389661192893982], [2, 8, 0.5346699357032776], [1, 5, 0.5298353433609009], [1, 14, 0.5107399225234985], [1, 6, 0.5068440437316895], [2, 13, 0.5055904984474182], [1, 7, 0.5028910636901855], [1, 2, 0.49544915556907654], [1, 4, 0.49171707034111023], [1, 11, 0.47899317741394043], [1, 10, 0.46765896677970886], [1, 12, 0.46085280179977417], [1, 0, 0.45671796798706055], [2, 16, 0.4197939336299896], [4, 14, 0.4092428684234619], [3, 11, 0.4074120819568634], [0, 13, 0.39525073766708374], [3, 15, 0.36046281456947327]]",True,1,"[[0, 0, [""hereby order""]], [2, 16, [""shall coordinate""]], [3, 1, [""shall establish""]]]",0.018301038412706847,19,"[[3, 1, 0.023844686637237912], [1, 1, 0.01963794360997091], [3, 8, 0.011420484990911722]]",3.3333333333333335,8,"[[1, 1, 10.0], [4, 14, 0.0], [4, 15, 0.0]]",20,0.10135531135531135,10,True,0.0013479523768182844,4,2,0.0013479523768182844,4,2
85,166,executive_order,"August 11, 2025","March 27, 2025",0.6920678615570068,1,0.5798167288303375,1,"[[1, 3, 0.6322177648544312], [0, 0, 0.6231842041015625], [3, 5, 0.6145923733711243], [1, 2, 0.5661793947219849], [0, 1, 0.5586238503456116], [2, 3, 0.5121115446090698], [1, 6, 0.5105649828910828], [3, 4, 0.4433862268924713]]",True,1,"[[0, 0, [""hereby order""]]]",0.0941178493299963,2,"[[0, 5, 0.10974769287815501], [0, 6, 0.10028242934031885], [2, 2, 0.07232342577151507]]",0.0,3,"[[3, 4, 0.0], [3, 5, 0.0], [3, 6, 0.0]]",20,0.13655185394315827,1,True,0.04023794084787369,2,1,0.04023794084787369,2,1
85,1230,executive_order,"August 11, 2025","January 15, 2001",0.5369770526885986,7,0.47418731451034546,9,"[[1, 0, 0.5418851971626282], [1, 4, 0.4946955442428589], [0, 0, 0.4649248719215393], [2, 0, 0.461340069770813], [1, 2, 0.458564817905426], [1, 3, 0.4457967281341553], [3, 0, 0.44295966625213623], [3, 1, 0.41204339265823364]]",True,1,"[[0, 0, [""hereby order""]], [2, 1, [""shall provide""]], [2, 3, [""shall provide""]], [3, 1, [""shall provide""]], [3, 3, [""shall provide""]]]",0.11115816076495867,1,"[[0, 2, 0.1288050918484085], [0, 0, 0.10887704672663978], [2, 2, 0.09579234371982775]]",0.0,3,"[[3, 2, 0.0], [3, 3, 0.0], [3, 4, 0.0]]",20,0.12558006710930247,2,True,0.00036829791497439146,6,1,0.00036829791497439146,6,1
85,2848,executive_order,"August 11, 2025","December 08, 1970",0.47992610931396484,23,0.5153988748788834,4,"[[2, 0, 0.541204571723938], [1, 0, 0.5086065530776978], [3, 0, 0.4946786165237427], [0, 0, 0.4138829708099365]]",False,2,[],0.050710865822747274,6,"[[2, 0, 0.061077904496221413], [0, 0, 0.05799154806057348], [1, 0, 0.033063144911446914]]",0.0,3,"[[1, 0, 0.0], [2, 0, 0.0], [3, 0, 0.0]]",20,0.12360646599777034,3,True,2.195349043176975e-05,10,1,2.195349043176975e-05,10,1
85,3018,executive_order,"August 11, 2025","March 13, 1968",0.5011698603630066,18,0.5345058441162109,2,"[[2, 0, 0.5621148943901062], [1, 0, 0.5251060724258423], [3, 0, 0.5130844116210938], [0, 0, 0.42728179693222046]]",False,2,[],0.04157075447688314,10,"[[2, 0, 0.05006924118885777], [0, 0, 0.04753916871754698], [1, 0, 0.02710385352424468]]",0.0,3,"[[1, 0, 0.0], [2, 0, 0.0], [3, 0, 0.0]]",20,0.12226613965744401,4,True,4.434627408045344e-05,9,1,4.434627408045344e-05,9,1
85,1958,executive_order,"August 11, 2025","February 17, 1984",0.5312409400939941,10,0.4908081889152527,6,"[[1, 0, 0.5055033564567566], [2, 0, 0.48788273334503174], [0, 0, 0.4568405747413635], [3, 0, 0.45422545075416565]]",True,1,"[[0, 0, [""hereby order""]]]",0.04465117850255201,9,"[[2, 0, 0.06282845986557226], [0, 0, 0.0495054763244832], [1, 0, 0.02161959931760055]]",0.0,3,"[[1, 0, 0.0], [2, 0, 0.0], [3, 0, 0.0]]",20,0.11642255795179333,5,True,0.0005316133028827608,5,1,0.0005316133028827608,5,1
85,2934,executive_order,"August 11, 2025","October 01, 1969",0.4907817840576172,20,0.4670799821615219,12,"[[1, 0, 0.510705292224884], [3, 1, 0.47683775424957275], [2, 0, 0.4735434651374817], [2, 2, 0.44762128591537476], [0, 0, 0.3620009422302246]]",False,2,[],0.07036209871492026,4,"[[2, 1, 0.08303194925801873], [0, 1, 0.07152927512924938], [2, 0, 0.05652507175749266]]",0.0,3,"[[3, 0, 0.0], [3, 1, 0.0], [3, 2, 0.0]]",20,0.11639492753623187,6,True,5.9907062677666545e-05,8,1,5.9907062677666545e-05,8,1
85,3016,executive_order,"August 11, 2025","April 05, 1968",0.5752356052398682,4,0.4883037358522415,7,"[[1, 4, 0.5393279194831848], [1, 0, 0.5345895886421204], [0, 0, 0.5301127433776855], [2, 4, 0.5054036378860474], [2, 5, 0.47390851378440857], [3, 4, 0.46296799182891846], [1, 1, 0.43113410472869873], [1, 3, 0.4270257353782654], [1, 2, 0.39694076776504517]]",False,2,[],0.045020062101644547,8,"[[2, 4, 0.05920592405017], [0, 4, 0.043804471702306266], [1, 4, 0.032049790552457366]]",0.0,3,"[[3, 3, 0.0], [3, 4, 0.0], [3, 5, 0.0]]",20,0.11622958362088796,7,True,0.0016356752021238208,4,1,0.001622966956347227,4,1
85,264,executive_order,"August 11, 2025","January 20, 2025",0.4770306348800659,25,0.414574533700943,25,"[[1, 3, 0.47526177763938904], [1, 19, 0.4623643159866333], [1, 5, 0.45875516533851624], [1, 23, 0.45137202739715576], [1, 24, 0.42581382393836975], [0, 3, 0.42214512825012207], [0, 0, 0.42117464542388916], [3, 23, 0.42048248648643494], [1, 4, 0.41928738355636597], [1, 17, 0.4162214994430542], [1, 9, 0.41471418738365173], [1, 27, 0.41386014223098755], [2, 23, 0.40954485535621643], [1, 11, 0.4047757089138031], [1, 1, 0.4041471779346466], [1, 18, 0.4028971791267395], [2, 26, 0.3992100954055786], [1, 2, 0.39846307039260864], [1, 7, 0.39579927921295166], [1, 8, 0.3935282826423645], [1, 22, 0.39281994104385376], [1, 6, 0.39144405722618103], [1, 16, 0.3910611867904663], [1, 15, 0.38668930530548096], [1, 12, 0.3860241770744324], [3, 28, 0.3835529088973999], [3, 25, 0.36225220561027527], [1, 20, 0.357441246509552], [3, 10, 0.34767675399780273], [3, 14, 0.32863742113113403], [1, 21, 0.32293668389320374], [1, 13, 0.31324243545532227]]",True,1,"[[0, 0, [""hereby order""]]]",0.0861242546961702,3,"[[3, 27, 0.13792092255377003], [3, 28, 0.09480746261720116], [3, 6, 0.025644378917539422]]",16.666666666666668,1,"[[3, 27, 36.0], [3, 28, 14.0], [3, 26, 0.0]]",20,0.11331953071083506,8,True,0.00017952796770259738,7,1,0.00017952796770259738,7,1
85,644,executive_order,"August 11, 2025","February 09, 2017",0.5966627597808838,2,0.5175221115350723,3,"[[0, 0, 0.5583641529083252], [1, 0, 0.5149549245834351], [3, 0, 0.4169333875179291], [2, 0, 0.4164678156375885]]",True,1,"[[0, 0, [""hereby order""]]]",0.0029502444670810473,24,"[[3, 0, 0.006557631867667399], [0, 0, 0.0014029271239273194], [2, 0, 0.0008901744096484225]]",0.0,3,"[[1, 0, 0.0], [2, 0, 0.0], [3, 0, 0.0]]",20,0.10968379446640317,9,True,0.23792991042137146,1,1,0.23792991042137146,1,1
85,1803,executive_order,"August 11, 2025","November 24, 1987",0.5258532762527466,12,0.47273360192775726,10,"[[1, 3, 0.49487218260765076], [3, 2, 0.4880799651145935], [2, 2, 0.47437584400177], [1, 0, 0.45904189348220825], [0, 0, 0.44568932056427], [1, 1, 0.43685755133628845]]",True,1,"[[0, 0, [""hereby order""]]]",0.038440566395805696,11,"[[1, 0, 0.05416965962294533], [1, 3, 0.04469425170297886], [3, 2, 0.016457787861492892]]",0.0,3,"[[3, 1, 0.0], [3, 2, 0.0], [3, 3, 0.0]]",20,0.10906965871902757,10,True,0.0020507434383034706,3,1,0.0020507434383034706,3,1
87,197,executive_order,"August 07, 2025","February 26, 2025",0.5686278343200684,1,0.538937896490097,1,"[[3, 2, 0.6075677275657654], [4, 2, 0.6032833456993103], [7, 1, 0.5940752029418945], [7, 4, 0.5700887441635132], [1, 2, 0.5651699304580688], [0, 2, 0.5641077756881714], [0, 0, 0.5559594631195068], [5, 4, 0.5521506071090698], [3, 3, 0.5081918239593506], [4, 7, 0.503075122833252], [6, 4, 0.49098026752471924], [3, 5, 0.47742319107055664], [2, 2, 0.4700649380683899], [4, 8, 0.4623892605304718], [7, 6, 0.4187864065170288]]",True,1,"[[0, 0, [""hereby order""]], [3, 2, [""shall review""]], [6, 6, [""shall take""]], [7, 6, [""shall take""]]]",0.03494110322911399,2,"[[0, 0, 0.04822058443339789], [4, 1, 0.03234984723309108], [2, 1, 0.02425287802085301]]",11.0,2,"[[0, 0, 13.0], [0, 8, 10.0], [3, 7, 10.0]]",20,0.13852813852813853,1,True,0.08819004893302917,2,1,0.08819004893302917,2,1
87,254,executive_order,"August 07, 2025","January 20, 2025",0.5145564675331116,9,0.48759403824806213,5,"[[4, 3, 0.5474702715873718], [7, 3, 0.5208362340927124], [4, 1, 0.5030681490898132], [3, 1, 0.4918327331542969], [0, 3, 0.4811323285102844], [6, 2, 0.4749501347541809], [5, 3, 0.47282344102859497], [2, 2, 0.4706012010574341], [0, 0, 0.4373893141746521], [1, 1, 0.4161021113395691]]",True,1,"[[0, 0, [""hereby order""]], [3, 2, [""shall review""]], [6, 3, [""shall take""]], [7, 3, [""shall take""]]]",0.03247740495413866,3,"[[7, 3, 0.07428025238788258], [7, 1, 0.012376260319138632], [0, 1, 0.010775702155394765]]",14.333333333333334,1,"[[7, 3, 43.0], [7, 1, 0.0], [7, 2, 0.0]]",20,0.13109730848861284,2,True,0.0838903859257698,3,1,0.0838903859257698,3,1
87,118,executive_order,"August 07, 2025","May 23, 2025",0.5375187397003174,3,0.4818878173828125,7,"[[0, 0, 0.506303071975708], [7, 2, 0.5024598836898804], [2, 3, 0.4912974536418915], [2, 1, 0.4878459572792053], [1, 2, 0.4825040102005005], [7, 4, 0.4758441746234894], [4, 3, 0.4692690670490265], [5, 2, 0.45385444164276123], [6, 2, 0.44836127758026123], [3, 2, 0.41415485739707947]]",True,1,"[[0, 0, [""hereby order""]], [3, 1, [""shall review""]], [6, 1, [""shall take""]], [7, 1, [""shall take""]]]",0.05003204613978716,1,"[[7, 4, 0.05998003517251936], [5, 2, 0.05913440688227863], [4, 2, 0.030981696364563497]]",6.666666666666667,3,"[[0, 1, 10.0], [3, 1, 10.0], [7, 4, 0.0]]",20,0.12813434552564987,3,True,0.02178117260336876,4,1,0.02178117260336876,4,1
87,126,executive_order,"August 07, 2025","May 05, 2025",0.557910680770874,2,0.4896046817302704,3,"[[0, 6, 0.5624039173126221], [0, 1, 0.5450069308280945], [0, 3, 0.5449849367141724], [0, 5, 0.5278429985046387], [1, 3, 0.49624887108802795], [0, 7, 0.4929963946342468], [0, 2, 0.49205702543258667], [3, 3, 0.4901547431945801], [7, 6, 0.48322662711143494], [4, 3, 0.4812048077583313], [0, 4, 0.47411826252937317], [2, 3, 0.45634984970092773], [6, 6, 0.4495334327220917], [7, 8, 0.4425598680973053], [5, 3, 0.43327397108078003], [0, 0, 0.39696866273880005]]",True,1,"[[0, 0, [""hereby order""]], [5, 4, [""shall ensure""]], [5, 6, [""shall ensure""]]]",0.027579359044620045,4,"[[4, 6, 0.032523813863722634], [4, 2, 0.027794388429535733], [7, 2, 0.022419874840601768]]",0.0,6,"[[7, 6, 0.0], [7, 7, 0.0], [7, 8, 0.0]]",20,0.12360646599777034,4,True,0.35220178961753845,1,1,0.3415825068950653,1,1
87,962,executive_order,"August 07, 2025","January 29, 2008",0.5178889036178589,8,0.48923568427562714,4,"[[7, 1, 0.5224275588989258], [0, 0, 0.522013783454895], [1, 1, 0.5092666745185852], [2, 1, 0.5038052201271057], [7, 2, 0.4573160409927368], [4, 0, 0.452908992767334], [3, 1, 0.44981473684310913], [5, 0, 0.4418305456638336], [6, 2, 0.42101699113845825]]",True,1,"[[0, 0, [""hereby order""]], [6, 1, [""shall take""]], [7, 1, [""shall take""]]]",0.026296343572572555,5,"[[1, 2, 0.027374913709890612], [2, 2, 0.0264126259950591], [7, 2, 0.025101491012767957]]",3.3333333333333335,5,"[[0, 1, 10.0], [7, 0, 0.0], [7, 2, 0.0]]",20,0.12166666666666667,5,True,0.0045384312979876995,6,1,0.0045384312979876995,6,1
87,202,executive_order,"August 07, 2025","February 19, 2025",0.5205700397491455,7,0.4951072782278061,2,"[[3, 3, 0.558312177658081], [3, 4, 0.5403482913970947], [4, 3, 0.5241762399673462], [0, 1, 0.5126058459281921], [4, 2, 0.5123135447502136], [6, 2, 0.4846429228782654], [1, 1, 0.4790676236152649], [7, 1, 0.47409558296203613], [5, 1, 0.43007799983024597], [4, 0, 0.41965410113334656], [2, 1, 0.38956373929977417]]",True,1,"[[0, 0, [""hereby order""]], [6, 3, [""shall take""]], [7, 3, [""shall take""]]]",0.01497436331037324,13,"[[3, 4, 0.017334424349364302], [2, 1, 0.016353478168323776], [7, 1, 0.011235187413431642]]",3.3333333333333335,5,"[[0, 1, 10.0], [7, 2, 0.0], [7, 4, 0.0]]",20,0.11575757575757575,6,True,0.0034030054230242968,7,1,0.0034030054230242968,7,1
87,899,executive_order,"August 07, 2025","November 20, 2009",0.5261141061782837,5,0.4758720397949219,11,"[[0, 0, 0.5572099685668945], [0, 1, 0.5157199501991272], [3, 4, 0.48829513788223267], [7, 2, 0.48397889733314514], [0, 7, 0.482552170753479], [1, 6, 0.4788688123226166], [0, 8, 0.475700706243515], [0, 13, 0.47442060708999634], [6, 4, 0.46863090991973877], [3, 11, 0.46825292706489563], [7, 3, 0.46764278411865234], [7, 10, 0.46145787835121155], [5, 2, 0.45540234446525574], [6, 9, 0.45294734835624695], [2, 2, 0.45207488536834717], [4, 4, 0.445739209651947], [0, 12, 0.4433726966381073], [0, 14, 0.43524760007858276], [7, 5, 0.4088688790798187]]",True,1,"[[0, 0, [""hereby order""]], [2, 2, [""shall designate""]], [3, 6, [""shall review""]]]",0.024518694946310027,6,"[[5, 6, 0.026516381862633703], [3, 6, 0.025297054666687142], [3, 13, 0.021742648309609248]]",3.3333333333333335,5,"[[0, 0, 10.0], [7, 12, 0.0], [7, 14, 0.0]]",20,0.1107196029776675,7,True,0.0014437558129429817,8,1,0.0014779429184272885,8,1
87,307,executive_order,"August 07, 2025","December 06, 2023",0.504471480846405,12,0.47440798580646515,12,"[[6, 11, 0.536054253578186], [0, 8, 0.5323706865310669], [1, 10, 0.49470585584640503], [7, 12, 0.49101200699806213], [4, 11, 0.48831257224082947], [5, 12, 0.47788500785827637], [0, 4, 0.4752141535282135], [0, 3, 0.47364240884780884], [3, 3, 0.4715471863746643], [1, 5, 0.4713076949119568], [0, 2, 0.46474021673202515], [1, 7, 0.4423508644104004], [0, 0, 0.42375341057777405], [2, 8, 0.4180000424385071], [7, 6, 0.4178828299045563], [1, 1, 0.3922117054462433], [0, 9, 0.3657945990562439]]",True,1,"[[0, 0, [""hereby order""]], [5, 9, [""shall ensure""]], [6, 8, [""shall take""]], [7, 8, [""shall take""]]]",0.017794858885777448,11,"[[3, 4, 0.021796730418313415], [7, 12, 0.015922976378669816], [5, 9, 0.015664869860349113]]",4.0,4,"[[0, 0, 12.0], [7, 10, 0.0], [7, 12, 0.0]]",20,0.10517473118279569,8,True,4.006368908449076e-05,9,1,4.006368908449076e-05,9,1
87,150,executive_order,"August 07, 2025","April 09, 2025",0.48984646797180176,18,0.46837952733039856,14,"[[3, 4, 0.5752992630004883], [4, 4, 0.5373606085777283], [1, 4, 0.5206272006034851], [0, 4, 0.47724097967147827], [7, 4, 0.47628921270370483], [5, 4, 0.45540809631347656], [2, 4, 0.4512476921081543], [7, 5, 0.4503771662712097], [0, 1, 0.447624534368515], [4, 2, 0.4418889284133911], [0, 3, 0.4361562132835388], [0, 0, 0.42617684602737427], [6, 4, 0.39482545852661133], [5, 6, 0.3775292634963989]]",True,1,"[[0, 0, [""hereby order""]], [3, 4, [""shall review""]]]",0.024026403952645287,7,"[[4, 4, 0.027176143452734114], [1, 2, 0.02504795014408591], [7, 5, 0.019855118261115835]]",0.0,6,"[[7, 4, 0.0], [7, 5, 0.0], [7, 6, 0.0]]",20,0.10491034020445786,9,True,0.004943688865751028,5,1,0.004867417272180319,5,1
87,2047,executive_order,"August 07, 2025","July 14, 1982",0.4969730079174042,14,0.48151063919067383,9,"[[4, 1, 0.5195464491844177], [7, 1, 0.5119228363037109], [1, 0, 0.4890342652797699], [7, 2, 0.48461803793907166], [6, 1, 0.4805697202682495], [5, 1, 0.46358954906463623], [3, 2, 0.44460242986679077], [0, 0, 0.4404658079147339], [2, 1, 0.37257587909698486]]",False,2,[],0.01424181440111521,15,"[[7, 1, 0.023016711255073912], [7, 2, 0.010696004617631876], [0, 1, 0.00901272733063985]]",0.0,6,"[[7, 0, 0.0], [7, 1, 0.0], [7, 2, 0.0]]",20,0.10151572565365669,10,True,3.959695459343493e-05,10,1,3.959695459343493e-05,10,1
88,572,executive_order,"August 07, 2025","August 31, 2018",0.49355900287628174,1,0.44468386471271515,1,"[[0, 2, 0.4591757655143738], [0, 0, 0.45278874039649963], [0, 1, 0.37861135601997375]]",True,1,"[[0, 0, [""hereby order""]]]",0.02431708182574695,1,"[[0, 2, 0.040108013049122974], [0, 0, 0.019977691193047053], [0, 1, 0.012865541235070827]]",16.0,1,"[[0, 0, 24.0], [0, 2, 24.0], [0, 1, 0.0]]",20,0.14285714285714285,1,True,0.004573863931000233,1,1,0.004573863931000233,1,1
88,136,executive_order,"August 07, 2025","April 23, 2025",0.4184465706348419,7,0.3873429000377655,11,"[[0, 0, 0.4094877243041992], [0, 4, 0.3893466591835022], [0, 2, 0.38762331008911133], [0, 1, 0.32723474502563477], [0, 3, 0.31229811906814575]]",True,1,"[[0, 0, [""hereby order""]]]",0.02133720734686478,3,"[[0, 3, 0.026672295670196], [0, 1, 0.024417515910681035], [0, 0, 0.012921810459717303]]",11.0,3,"[[0, 0, 11.0], [0, 1, 11.0], [0, 3, 11.0]]",20,0.11921458625525946,2,True,0.000656372809316963,2,1,0.000656372809316963,2,1
88,352,executive_order,"August 07, 2025","March 09, 2022",0.39318326115608215,20,0.34632058441638947,21,"[[0, 2, 0.37791988253593445], [0, 0, 0.3640146553516388], [0, 3, 0.29878872632980347], [0, 1, 0.281013548374176], [0, 4, 0.2518696188926697]]",True,1,"[[0, 0, [""hereby order""]]]",0.023652459894280543,2,"[[0, 4, 0.033032990618044704], [0, 2, 0.02914390136653696], [0, 1, 0.00878048769825996]]",11.333333333333334,2,"[[0, 2, 24.0], [0, 4, 10.0], [0, 3, 0.0]]",20,0.11529933481152993,3,True,0.00021088908397359774,5,2,0.00021088908397359774,5,2
88,164,executive_order,"August 07, 2025","March 31, 2025",0.39704781770706177,19,0.39265698194503784,9,"[[0, 1, 0.398288369178772], [0, 0, 0.37576279044151306]]",True,1,"[[0, 0, [""hereby order""]]]",0.012641003246993798,7,"[[0, 1, 0.014817561026530968], [0, 0, 0.010464445467456628]]",10.5,4,"[[0, 0, 11.0], [0, 1, 10.0]]",20,0.11318646232439336,4,True,0.00048785717808641493,3,1,0.00048785717808641493,3,1
88,140,executive_order,"August 07, 2025","April 23, 2025",0.40398919582366943,11,0.3999875336885452,6,"[[0, 6, 0.4252113103866577], [0, 0, 0.3812524080276489], [0, 2, 0.3801645040512085], [0, 1, 0.37153661251068115], [0, 4, 0.36199408769607544], [0, 3, 0.35601550340652466], [0, 5, 0.3471716642379761]]",True,1,"[[0, 0, [""hereby order""]]]",0.01223074049425576,9,"[[0, 4, 0.01670034596626301], [0, 3, 0.01151399570329827], [0, 2, 0.008477879813206003]]",3.6666666666666665,7,"[[0, 0, 11.0], [0, 5, 0.0], [0, 6, 0.0]]",20,0.10998133411926515,5,True,0.00034870434319600463,4,1,0.00035419364576227963,4,1
88,293,executive_order,"August 07, 2025","September 06, 2024",0.45573902130126953,2,0.43498334288597107,2,"[[0, 0, 0.4481501877307892], [0, 1, 0.3954828083515167]]",True,1,"[[0, 0, [""hereby order""]]]",0.008919741932912138,14,"[[0, 0, 0.010264560272333266], [0, 1, 0.007574923593491011]]",0.0,9,"[[0, 0, 0.0], [0, 1, 0.0]]",20,0.10934906878111747,6,True,7.282752630999312e-05,7,1,7.282752630999312e-05,7,1
88,606,executive_order,"August 07, 2025","October 12, 2017",0.40686601400375366,9,0.3780912607908249,13,"[[0, 0, 0.38574329018592834], [0, 1, 0.3551352024078369]]",True,1,"[[0, 0, [""hereby order""]]]",0.016401867293095562,5,"[[0, 1, 0.019850048187042627], [0, 0, 0.012953686399148494]]",5.5,6,"[[0, 0, 11.0], [0, 1, 0.0]]",20,0.10876456876456878,7,True,1.9373936083866283e-05,10,1,1.9373936083866283e-05,10,1
88,271,executive_order,"August 07, 2025","January 20, 2025",0.3869628608226776,22,0.3133607655763626,25,"[[0, 3, 0.34371402859687805], [0, 1, 0.34170836210250854], [0, 20, 0.33659082651138306], [0, 9, 0.3313446640968323], [0, 5, 0.3296068012714386], [0, 13, 0.32872915267944336], [0, 11, 0.3249315023422241], [0, 0, 0.32363975048065186], [0, 14, 0.3228447437286377], [0, 4, 0.3221418559551239], [0, 2, 0.3068554997444153], [0, 22, 0.30334293842315674], [0, 12, 0.29941123723983765], [0, 10, 0.29251036047935486], [0, 28, 0.2760768234729767], [0, 29, 0.26845866441726685], [0, 17, 0.2682953476905823], [0, 15, 0.2682470381259918], [0, 16, 0.26485589146614075], [0, 23, 0.2639614939689636], [0, 18, 0.26267099380493164], [0, 19, 0.2604586184024811], [0, 7, 0.25325077772140503], [0, 21, 0.25310784578323364], [0, 8, 0.2479010671377182], [0, 26, 0.23615804314613342], [0, 27, 0.23223453760147095], [0, 24, 0.2255677878856659], [0, 6, 0.21602076292037964], [0, 25, 0.18558773398399353]]",True,1,"[[0, 0, [""hereby order""]]]",0.016750828660702585,4,"[[0, 2, 0.01932784015095189], [0, 28, 0.01716569552521268], [0, 9, 0.013758950305943188]]",7.0,5,"[[0, 0, 11.0], [0, 28, 10.0], [0, 27, 0.0]]",20,0.10388888888888889,8,True,0.0001045132230501622,6,2,0.00010330586519557983,6,2
88,384,executive_order,"August 07, 2025","June 25, 2021",0.44606852531433105,3,0.3990815281867981,7,"[[0, 17, 0.43870681524276733], [0, 0, 0.43742987513542175], [0, 4, 0.4302653670310974], [0, 7, 0.41450434923171997], [0, 2, 0.40447959303855896], [0, 19, 0.40246716141700745], [0, 3, 0.39298155903816223], [0, 12, 0.3922223746776581], [0, 22, 0.385333776473999], [0, 16, 0.3805485963821411], [0, 23, 0.3770880103111267], [0, 5, 0.3675421476364136], [0, 14, 0.365605890750885], [0, 21, 0.36087465286254883], [0, 1, 0.3596590459346771], [0, 6, 0.3561842739582062], [0, 24, 0.3523753881454468], [0, 11, 0.3323168158531189], [0, 15, 0.32520079612731934], [0, 10, 0.32300716638565063], [0, 20, 0.292033851146698], [0, 9, 0.2880128026008606], [0, 13, 0.2802817225456238], [0, 8, 0.2763938009738922], [0, 18, 0.25089195370674133]]",True,1,"[[0, 0, [""hereby order""]]]",0.010332856581399657,11,"[[0, 18, 0.014564862282250691], [0, 20, 0.00877321072863097], [0, 0, 0.007660496733317308]]",0.0,9,"[[0, 22, 0.0], [0, 23, 0.0], [0, 24, 0.0]]",20,0.10377786017385572,9,True,4.185661964584142e-05,8,2,4.185661964584142e-05,8,2
88,836,executive_order,"August 07, 2025","August 18, 2011",0.4289844334125519,5,0.4112575203180313,4,"[[0, 1, 0.4228453040122986], [0, 0, 0.4049675166606903], [0, 2, 0.371196448802948]]",True,1,"[[0, 0, [""hereby order""]]]",0.003985801801972316,20,"[[0, 1, 0.006826181457630405], [0, 2, 0.002900348154520767], [0, 0, 0.002230875793765776]]",0.0,9,"[[0, 0, 0.0], [0, 1, 0.0], [0, 2, 0.0]]",20,0.10114942528735632,10,True,2.1528880097321235e-05,9,1,2.1528880097321235e-05,9,1
89,647,executive_order,"August 07, 2025","February 03, 2017",0.45263615250587463,11,0.4620436280965805,6,"[[1, 1, 0.49737340211868286], [1, 0, 0.4760003983974457], [2, 3, 0.45476478338241577], [0, 0, 0.4358140230178833], [1, 2, 0.4176074266433716]]",True,1,"[[0, 0, [""hereby order""]]]",0.026898687532187285,5,"[[0, 1, 0.03781937557505931], [0, 2, 0.022955213138276847], [2, 2, 0.0199214738832257]]",0.0,4,"[[2, 1, 0.0], [2, 2, 0.0], [2, 3, 0.0]]",20,0.12012820512820513,1,True,0.0008231386309489608,1,1,0.0008231386309489608,1,1
89,261,executive_order,"August 07, 2025","January 20, 2025",0.456099271774292,8,0.5039581507444382,1,"[[2, 1, 0.5481020212173462], [1, 1, 0.5152778029441833], [0, 0, 0.484585165977478], [2, 2, 0.4430966079235077]]",True,1,"[[0, 0, [""hereby order""]]]",0.009528306235992991,20,"[[1, 1, 0.011907927635523598], [1, 2, 0.008608605098799314], [2, 2, 0.00806838597365606]]",3.6666666666666665,2,"[[0, 0, 11.0], [2, 1, 0.0], [2, 2, 0.0]]",20,0.11807359307359308,2,True,1.6701422282494605e-05,10,1,1.6701422282494605e-05,10,1
89,820,executive_order,"August 07, 2025","February 05, 2012",0.4384424090385437,16,0.41693058609962463,15,"[[1, 6, 0.5194511413574219], [1, 8, 0.45427751541137695], [1, 12, 0.45329898595809937], [1, 11, 0.43642574548721313], [1, 9, 0.4359171390533447], [0, 0, 0.43044430017471313], [1, 10, 0.41946113109588623], [1, 7, 0.41527625918388367], [2, 6, 0.36558645963668823], [1, 4, 0.35066908597946167], [2, 3, 0.3468847870826721], [0, 2, 0.3263731598854065], [2, 1, 0.2987583577632904], [1, 5, 0.2525363564491272]]",True,1,"[[0, 0, [""hereby order""]]]",0.03990849561069807,1,"[[1, 6, 0.04761278344962849], [1, 8, 0.041266680896874], [1, 9, 0.03084602248559172]]",0.0,4,"[[2, 10, 0.0], [2, 11, 0.0], [2, 12, 0.0]]",20,0.11785714285714285,3,True,3.867972918669693e-05,9,1,3.867972918669693e-05,9,1
89,201,executive_order,"August 07, 2025","February 19, 2025",0.45098137855529785,13,0.4682829678058624,4,"[[2, 1, 0.5261885523796082], [2, 0, 0.46582579612731934], [2, 4, 0.4591328501701355], [2, 2, 0.4556291997432709], [1, 0, 0.4551432728767395], [0, 0, 0.4497162699699402], [2, 3, 0.4459754228591919], [2, 5, 0.4443989396095276], [1, 6, 0.4196985363960266]]",True,1,"[[0, 0, [""hereby order""]]]",0.022650706261906236,9,"[[0, 2, 0.02588368712462208], [1, 2, 0.021179547897230203], [2, 2, 0.020888883763866422]]",0.0,4,"[[2, 4, 0.0], [2, 5, 0.0], [2, 6, 0.0]]",20,0.11781609195402298,4,True,0.00021485923207364976,5,1,0.00022167809947859496,5,1
89,257,executive_order,"August 07, 2025","January 20, 2025",0.4759138822555542,3,0.47501057386398315,3,"[[1, 2, 0.5081918835639954], [0, 2, 0.5044416189193726], [1, 3, 0.5034033060073853], [2, 2, 0.48111405968666077], [0, 0, 0.47221124172210693], [1, 4, 0.42194217443466187], [0, 1, 0.40433159470558167], [1, 5, 0.402551531791687]]",True,1,"[[0, 0, [""hereby order""]], [2, 3, [""shall review""]]]",0.022176383202289873,11,"[[1, 5, 0.029145716321666154], [2, 5, 0.01996294797882749], [1, 4, 0.017420485306375987]]",0.0,4,"[[2, 3, 0.0], [2, 4, 0.0], [2, 5, 0.0]]",20,0.1174029920523609,5,True,0.000539980421308428,3,1,0.000539980421308428,3,1
89,217,executive_order,"August 07, 2025","February 06, 2025",0.4312056005001068,19,0.44994087517261505,9,"[[2, 2, 0.5103203058242798], [0, 2, 0.5076372623443604], [1, 2, 0.4808999001979828], [1, 3, 0.3915802538394928], [0, 0, 0.3817503750324249], [1, 4, 0.36274072527885437], [1, 1, 0.35492148995399475]]",True,1,"[[0, 0, [""hereby order""]]]",0.02334725489885617,6,"[[1, 3, 0.025875447264855987], [1, 1, 0.0256843275461333], [1, 2, 0.018481989885579222]]",0.0,4,"[[2, 2, 0.0], [2, 3, 0.0], [2, 4, 0.0]]",20,0.11461096374889479,6,True,0.0007495314930565655,2,1,0.0007495314930565655,2,1
89,245,executive_order,"August 07, 2025","January 21, 2025",0.4537305533885956,10,0.4652586877346039,5,"[[1, 3, 0.4862983822822571], [2, 3, 0.48484084010124207], [2, 4, 0.47841519117355347], [1, 2, 0.4649905860424042], [0, 0, 0.4466223120689392], [0, 1, 0.4133242964744568]]",True,1,"[[0, 0, [""hereby order""]]]",0.010682495477011502,17,"[[1, 3, 0.016286742414107876], [2, 4, 0.008110741985450864], [0, 0, 0.007650002031475765]]",3.6666666666666665,2,"[[0, 0, 11.0], [2, 3, 0.0], [2, 4, 0.0]]",20,0.11248157248157248,7,True,0.00010310212383046746,7,1,0.00010310212383046746,7,1
89,400,executive_order,"August 07, 2025","March 07, 2021",0.45556145906448364,9,0.39958739280700684,23,"[[1, 1, 0.4414195418357849], [2, 6, 0.44105637073516846], [1, 5, 0.435470849275589], [1, 8, 0.42555004358291626], [0, 6, 0.40787583589553833], [2, 7, 0.39488810300827026], [2, 10, 0.36775943636894226], [0, 13, 0.36472541093826294], [0, 0, 0.3606664836406708], [1, 3, 0.35900264978408813], [1, 12, 0.35205814242362976], [0, 2, 0.3408830165863037], [0, 4, 0.33496084809303284], [1, 9, 0.32128748297691345], [0, 11, 0.315707802772522], [1, 14, 0.28042712807655334]]",True,1,"[[0, 0, [""hereby order""]]]",0.03810731193370181,2,"[[1, 7, 0.04396576197811717], [1, 6, 0.03559355216819013], [1, 8, 0.03476262165479814]]",3.3333333333333335,3,"[[1, 7, 10.0], [2, 12, 0.0], [2, 13, 0.0]]",20,0.11218862027759904,8,True,0.0003406293108128011,4,1,0.000337979436153546,4,1
89,797,executive_order,"August 07, 2025","July 30, 2012",0.42744189500808716,24,0.4121119827032089,18,"[[1, 12, 0.5306400656700134], [1, 4, 0.4653685688972473], [0, 4, 0.4098358750343323], [1, 10, 0.39800211787223816], [1, 3, 0.39382755756378174], [1, 0, 0.3914082646369934], [1, 6, 0.39040642976760864], [1, 13, 0.3901137709617615], [2, 4, 0.3861022889614105], [1, 5, 0.380347341299057], [1, 1, 0.36435723304748535], [1, 2, 0.35890936851501465], [0, 8, 0.35254400968551636], [2, 9, 0.3386346995830536], [0, 7, 0.32094112038612366], [2, 11, 0.27293574810028076]]",True,1,"[[0, 0, [""hereby order""]]]",0.035458404478049765,3,"[[1, 12, 0.05101201920585274], [1, 6, 0.029216706250192858], [2, 5, 0.026146487978103684]]",0.0,4,"[[2, 11, 0.0], [2, 12, 0.0], [2, 13, 0.0]]",20,0.11146071700991608,9,True,6.377049430739135e-05,8,2,6.377049430739135e-05,8,2
89,923,executive_order,"August 07, 2025","January 30, 2009",0.4577541947364807,6,0.48550790548324585,2,"[[1, 0, 0.4934665262699127], [0, 0, 0.4709612727165222], [2, 0, 0.4682199954986572]]",True,1,"[[0, 0, [""hereby order""]]]",0.0021788723220216694,23,"[[0, 0, 0.005091597253050051], [2, 0, 0.001445019713014957], [1, 0, 0.0]]",0.0,4,"[[0, 0, 0.0], [1, 0, 0.0], [2, 0, 0.0]]",20,0.11037702607470048,10,True,0.0001553722540847957,6,1,0.0001553722540847957,6,1
91,185,executive_order,"August 05, 2025","March 07, 2025",0.5948244333267212,1,0.7766174077987671,1,"[[3, 3, 0.881525993347168], [6, 6, 0.8687831163406372], [2, 2, 0.8518998622894287], [4, 4, 0.8295637369155884], [7, 7, 0.7518452405929565], [5, 5, 0.7345813512802124], [1, 1, 0.6499495506286621], [0, 0, 0.6447904109954834]]",True,1,"[[0, 0, [""hereby order""]], [1, 1, [""hereby establish"", ""shall designate""]], [2, 2, [""shall report""]], [3, 3, [""shall convene""]], [4, 4, [""shall assist""]], [5, 5, [""shall coordinate""]], [6, 6, [""shall provide""]], [6, 7, [""shall provide""]], [7, 6, [""shall provide""]], [7, 7, [""shall provide""]]]",0.9999999999999999,1,"[[2, 2, 0.9999999999999999], [3, 3, 0.9999999999999999], [6, 6, 0.9999999999999999]]",111.66666666666667,1,"[[4, 4, 198.0], [4, 2, 69.0], [7, 7, 68.0]]",20,0.14285714285714285,1,True,0.9985334873199463,1,1,0.9985334873199463,1,1
91,229,executive_order,"August 05, 2025","January 29, 2025",0.49790245294570923,10,0.6392429172992706,2,"[[3, 3, 0.8071074485778809], [5, 5, 0.7307164072990417], [4, 4, 0.7176746129989624], [4, 2, 0.640824556350708], [2, 2, 0.6280111074447632], [1, 2, 0.6258243322372437], [0, 0, 0.6024524569511414], [1, 1, 0.5922266244888306], [7, 8, 0.5870150327682495], [7, 7, 0.5840026140213013], [5, 6, 0.5828797817230225], [6, 6, 0.5676820278167725], [0, 9, 0.3568543493747711]]",True,1,"[[0, 0, [""hereby order""]], [1, 1, [""hereby establish""]], [2, 2, [""shall report""]], [3, 3, [""shall convene""]], [4, 4, [""shall assist""]], [5, 5, [""shall coordinate""]], [5, 6, [""shall coordinate""]], [6, 7, [""shall provide""]], [6, 8, [""shall provide""]], [7, 7, [""shall provide""]], [7, 8, [""shall provide""]]]",0.44968226834482206,2,"[[3, 3, 0.6096422370968044], [4, 4, 0.41280411193444094], [1, 2, 0.32660045600322063]]",35.0,2,"[[4, 4, 77.0], [1, 2, 14.0], [7, 7, 14.0]]",20,0.13636363636363635,2,True,0.9949396848678589,2,1,0.9949396848678589,2,1
91,735,executive_order,"August 05, 2025","December 18, 2014",0.5096931457519531,7,0.5731175541877747,4,"[[4, 1, 0.6768233776092529], [7, 3, 0.6738412976264954], [6, 3, 0.6051770448684692], [4, 0, 0.5734189748764038], [3, 1, 0.5569648146629333], [1, 1, 0.5255351066589355], [5, 3, 0.49689188599586487], [6, 2, 0.4649677574634552], [2, 1, 0.4525620639324188], [0, 0, 0.4039823114871979]]",True,1,"[[0, 0, [""hereby order""]], [1, 1, [""shall designate""]], [6, 3, [""shall provide""]], [7, 3, [""shall provide""]]]",0.12528844867229919,5,"[[7, 3, 0.14013365879442], [3, 3, 0.1295700565679275], [1, 1, 0.10616163065455003]]",0.0,4,"[[7, 1, 0.0], [7, 2, 0.0], [7, 3, 0.0]]",20,0.12333333333333332,3,True,0.13296423852443695,6,1,0.13296423852443695,6,1
91,1008,executive_order,"August 05, 2025","August 29, 2006",0.521583080291748,5,0.5562790930271149,7,"[[4, 2, 0.6357333064079285], [3, 2, 0.6332542896270752], [7, 7, 0.5883231163024902], [6, 6, 0.5822396874427795], [6, 1, 0.5649953484535217], [6, 0, 0.5496344566345215], [5, 4, 0.542485773563385], [7, 5, 0.5201104283332825], [1, 2, 0.514041543006897], [2, 5, 0.5095676183700562], [7, 3, 0.4757879376411438], [0, 4, 0.4355098605155945]]",True,1,"[[0, 0, [""hereby order""]], [3, 2, [""shall convene""]], [5, 4, [""shall coordinate""]], [6, 6, [""shall provide""]], [6, 7, [""shall provide""]], [7, 6, [""shall provide""]], [7, 7, [""shall provide""]]]",0.13073757860070467,3,"[[3, 2, 0.22073034757068033], [4, 3, 0.09544915693903887], [1, 2, 0.07603323129239484]]",0.0,4,"[[7, 5, 0.0], [7, 6, 0.0], [7, 7, 0.0]]",20,0.12218196457326891,4,True,0.023870835080742836,9,1,0.023870835080742836,9,1
91,1015,executive_order,"August 05, 2025","June 07, 2006",0.537829577922821,2,0.5799566507339478,3,"[[3, 1, 0.7268460988998413], [4, 1, 0.6559519171714783], [4, 0, 0.615572988986969], [6, 3, 0.5649945735931396], [6, 2, 0.5594468116760254], [1, 1, 0.5411651730537415], [7, 3, 0.5236477255821228], [5, 2, 0.4974159598350525], [0, 2, 0.4394456744194031], [2, 1, 0.39611828327178955]]",True,1,"[[1, 2, [""shall designate""]], [3, 1, [""shall convene""]], [6, 3, [""shall provide""]], [7, 3, [""shall provide""]]]",0.104459832427022,8,"[[3, 1, 0.15782367736707517], [1, 1, 0.08675459226667914], [7, 1, 0.0688012276473117]]",0.0,4,"[[7, 1, 0.0], [7, 2, 0.0], [7, 3, 0.0]]",20,0.1208592132505176,5,True,0.7461389899253845,4,1,0.7461389899253845,4,1
91,521,executive_order,"August 05, 2025","November 26, 2019",0.4794319272041321,19,0.5566128194332123,6,"[[4, 3, 0.7101879119873047], [7, 6, 0.6088923811912537], [6, 2, 0.583115816116333], [7, 5, 0.5708763599395752], [4, 1, 0.5465585589408875], [3, 3, 0.5425252914428711], [6, 4, 0.5307525396347046], [1, 3, 0.4981105327606201], [5, 3, 0.49604693055152893], [2, 5, 0.48202502727508545], [0, 5, 0.4548782408237457], [0, 0, 0.4133864641189575]]",True,1,"[[0, 0, [""hereby order""]], [1, 1, [""hereby establish""]], [1, 3, [""shall designate""]], [5, 4, [""shall coordinate""]], [6, 2, [""shall provide""]], [7, 2, [""shall provide""]]]",0.10656760426339679,7,"[[3, 5, 0.12208577399276638], [4, 5, 0.09937826197321611], [7, 5, 0.09823877682420785]]",0.0,4,"[[7, 4, 0.0], [7, 5, 0.0], [7, 6, 0.0]]",20,0.11716524216524216,6,True,0.842863142490387,3,1,0.842863142490387,3,1
91,2059,executive_order,"August 05, 2025","April 23, 1982",0.5125579833984375,6,0.5422823131084442,10,"[[4, 1, 0.651999831199646], [3, 1, 0.577062726020813], [1, 1, 0.5528854131698608], [7, 2, 0.5310285091400146], [4, 0, 0.5233902931213379], [6, 2, 0.5035560131072998], [2, 1, 0.45507994294166565], [0, 0, 0.4369732439517975], [5, 2, 0.4174814820289612]]",True,1,"[[0, 0, [""hereby order""]], [1, 1, [""shall designate""]]]",0.1160469028585737,6,"[[1, 1, 0.1277317249580102], [7, 2, 0.11629122921446648], [3, 1, 0.10411775440324442]]",0.0,4,"[[7, 0, 0.0], [7, 1, 0.0], [7, 2, 0.0]]",20,0.11346153846153846,7,True,0.0384661927819252,8,1,0.0384661927819252,8,1
91,1980,executive_order,"August 05, 2025","September 08, 1983",0.47420379519462585,22,0.5501997172832489,9,"[[4, 1, 0.67738938331604], [7, 4, 0.6232631206512451], [6, 4, 0.5873379111289978], [3, 1, 0.5802505612373352], [4, 0, 0.5780825614929199], [1, 1, 0.5608570575714111], [6, 2, 0.48096588253974915], [2, 1, 0.46583715081214905], [5, 4, 0.4468621015548706], [2, 3, 0.4232081472873688], [0, 0, 0.40874308347702026]]",True,1,"[[0, 0, [""hereby order""]], [1, 1, [""shall designate""]]]",0.08789617128178885,10,"[[1, 1, 0.094039779864315], [7, 4, 0.09299424029699126], [3, 1, 0.0766544936840603]]",0.0,4,"[[7, 2, 0.0], [7, 3, 0.0], [7, 4, 0.0]]",20,0.10948275862068965,8,True,0.0204885546118021,10,1,0.0204885546118021,10,1
91,2083,executive_order,"August 05, 2025","December 21, 1981",0.502372145652771,9,0.5512505769729614,8,"[[4, 0, 0.6084586381912231], [4, 1, 0.5801312327384949], [6, 1, 0.5458314418792725], [7, 1, 0.5297775268554688], [3, 1, 0.5248843431472778], [1, 1, 0.5058685541152954], [5, 1, 0.5032655000686646], [2, 1, 0.4619171917438507], [0, 1, 0.38564690947532654]]",True,1,"[[0, 0, [""hereby order""]], [1, 1, [""shall designate""]]]",0.08277280947207108,12,"[[7, 1, 0.09705627943564601], [3, 1, 0.08460704747322799], [1, 1, 0.06665510150733925]]",0.0,4,"[[6, 1, 0.0], [7, 0, 0.0], [7, 1, 0.0]]",20,0.10863095238095238,9,True,0.2568320035934448,5,1,0.2568320035934448,5,1
91,900,executive_order,"August 05, 2025","November 17, 2009",0.47461163997650146,21,0.5718887150287628,5,"[[3, 1, 0.6875608563423157], [4, 1, 0.6293011903762817], [4, 0, 0.5981833934783936], [1, 1, 0.5908573865890503], [6, 1, 0.5747842788696289], [6, 4, 0.5746452212333679], [5, 3, 0.5616832375526428], [7, 4, 0.542026937007904], [4, 2, 0.5326135158538818], [7, 5, 0.5064883232116699], [0, 1, 0.4839952886104584], [2, 1, 0.4651111960411072]]",True,1,"[[1, 0, [""hereby establish""]], [3, 1, [""shall convene""]], [3, 2, [""shall convene""]], [6, 4, [""shall provide""]], [7, 4, [""shall provide""]]]",0.05567559849552168,18,"[[3, 1, 0.0687513440954482], [1, 1, 0.05116528799876534], [7, 5, 0.04711016339235151]]",0.0,4,"[[7, 3, 0.0], [7, 4, 0.0], [7, 5, 0.0]]",20,0.10798245614035087,10,True,0.04401865229010582,7,1,0.04401865229010582,7,1
97,142,executive_order,"July 24, 2025","April 23, 2025",0.39645522832870483,23,0.48276253044605255,3,"[[1, 1, 0.5540531873703003], [1, 2, 0.5339422225952148], [2, 2, 0.47885027527809143], [1, 0, 0.4437885284423828], [0, 0, 0.4306478500366211], [4, 2, 0.41603392362594604], [3, 2, 0.3950667977333069]]",True,1,"[[0, 0, [""hereby order""]]]",0.06620906681294687,2,"[[1, 1, 0.10425721238290392], [1, 2, 0.07639291681760636], [2, 2, 0.017977071238330353]]",13.666666666666666,2,"[[1, 2, 22.0], [1, 1, 19.0], [4, 2, 0.0]]",20,0.13438735177865613,1,True,0.0003029734070878476,5,1,0.0003029734070878476,5,1
97,1742,executive_order,"July 24, 2025","April 28, 1989",0.4091528654098511,14,0.4769955575466156,5,"[[1, 6, 0.5421276092529297], [1, 5, 0.5398622155189514], [1, 12, 0.5323108434677124], [1, 4, 0.5314965844154358], [1, 2, 0.5217965841293335], [1, 3, 0.5186260342597961], [2, 2, 0.487617552280426], [4, 2, 0.4784501791000366], [1, 10, 0.4622575044631958], [2, 7, 0.4572654366493225], [1, 0, 0.454196572303772], [4, 8, 0.44833996891975403], [3, 4, 0.4444796144962311], [2, 11, 0.4359923303127289], [0, 8, 0.43363112211227417], [4, 1, 0.40246331691741943], [1, 9, 0.35075390338897705]]",True,1,"[[0, 0, [""hereby order""]], [1, 9, [""shall develop""]], [1, 10, [""shall develop""]]]",0.06669583724022281,1,"[[1, 2, 0.07843725748767606], [1, 10, 0.06841387407238646], [1, 12, 0.053236380160605876]]",0.0,4,"[[4, 10, 0.0], [4, 11, 0.0], [4, 12, 0.0]]",20,0.12928571428571428,2,True,2.1112482500029728e-05,10,1,2.1112482500029728e-05,10,1
97,399,executive_order,"July 24, 2025","March 08, 2021",0.4433613419532776,4,0.4841163754463196,2,"[[1, 1, 0.5497770309448242], [2, 1, 0.5142547488212585], [0, 1, 0.467146635055542], [0, 0, 0.46436798572540283], [4, 1, 0.4059053659439087], [3, 1, 0.3687173128128052]]",True,1,"[[0, 0, [""hereby order""]]]",0.027836916477078807,9,"[[1, 1, 0.05540175391978803], [0, 0, 0.01436250199870065], [2, 1, 0.013746493512747746]]",5.666666666666667,3,"[[1, 1, 17.0], [4, 0, 0.0], [4, 1, 0.0]]",20,0.12341556494480033,3,True,0.000593020988162607,3,1,0.000593020988162607,3,1
97,2098,executive_order,"July 24, 2025","September 15, 1981",0.4337890148162842,9,0.48222558200359344,4,"[[1, 5, 0.552026629447937], [1, 3, 0.5516988039016724], [1, 0, 0.5271720290184021], [1, 8, 0.5260388255119324], [2, 5, 0.5097320079803467], [1, 4, 0.5056365132331848], [1, 2, 0.4920586943626404], [4, 3, 0.46583235263824463], [0, 5, 0.4549814462661743], [2, 1, 0.45281559228897095], [4, 6, 0.43395769596099854], [3, 3, 0.41101035475730896], [1, 7, 0.3302067816257477]]",True,1,"[[0, 0, [""hereby order""]]]",0.03400413647298051,7,"[[1, 3, 0.04433360214989117], [1, 8, 0.03319840691621456], [1, 2, 0.024480400352835822]]",0.0,4,"[[4, 6, 0.0], [4, 7, 0.0], [4, 8, 0.0]]",20,0.12037037037037036,4,True,2.8970060157007538e-05,9,1,2.8409745937096886e-05,9,1
97,292,executive_order,"July 24, 2025","September 26, 2024",0.3963215947151184,24,0.42073921859264374,23,"[[1, 4, 0.4956510663032532], [1, 3, 0.47422656416893005], [2, 4, 0.4566357135772705], [3, 4, 0.4366224408149719], [4, 3, 0.4303920567035675], [1, 1, 0.37396240234375], [0, 3, 0.3703896403312683], [1, 2, 0.342715859413147], [0, 0, 0.33114534616470337]]",True,1,"[[0, 0, [""hereby order""]], [1, 3, [""shall develop""]], [1, 4, [""shall develop""]]]",0.049075711061748926,3,"[[1, 4, 0.08385281949480738], [1, 3, 0.03490238657110035], [4, 1, 0.028471927119339033]]",14.666666666666666,1,"[[1, 3, 22.0], [1, 4, 22.0], [4, 2, 0.0]]",20,0.1143531224421012,5,True,0.00012533750850707293,8,1,0.00012533750850707293,8,1
97,555,executive_order,"July 24, 2025","March 21, 2019",0.39687246084213257,22,0.454767644405365,11,"[[1, 3, 0.4946874976158142], [1, 2, 0.4861609935760498], [2, 1, 0.47419214248657227], [2, 0, 0.44870349764823914], [0, 1, 0.43401145935058594], [4, 1, 0.4131317734718323], [3, 2, 0.35197335481643677]]",True,1,"[[0, 0, [""hereby order""]]]",0.04389295116692746,5,"[[4, 2, 0.06337585762753226], [1, 3, 0.036758783199285744], [4, 3, 0.031544212673964366]]",0.0,4,"[[4, 1, 0.0], [4, 2, 0.0], [4, 3, 0.0]]",20,0.1139247311827957,6,True,0.00016282752039842308,6,1,0.0001590562314959243,7,1
97,219,executive_order,"July 24, 2025","February 05, 2025",0.6105642318725586,1,0.5296516418457031,1,"[[0, 2, 0.5931397676467896], [0, 0, 0.5845504403114319], [2, 2, 0.5667634010314941], [3, 4, 0.5159595012664795], [0, 1, 0.5146063566207886], [4, 2, 0.5093086957931519], [1, 2, 0.49182623624801636], [2, 3, 0.41126248240470886]]",True,1,"[[0, 0, [""hereby order""]], [0, 2, [""hereby order""]]]",0.011752498970671545,22,"[[4, 2, 0.015715118315750207], [1, 0, 0.011529016694549957], [0, 0, 0.008013361901714469]]",0.0,4,"[[4, 2, 0.0], [4, 3, 0.0], [4, 4, 0.0]]",20,0.11309523809523808,7,True,0.09203286468982697,1,1,0.09203286468982697,1,1
97,827,executive_order,"July 24, 2025","December 02, 2011",0.4058246612548828,15,0.4434887766838074,15,"[[1, 6, 0.5224873423576355], [1, 3, 0.47176143527030945], [4, 9, 0.46937599778175354], [1, 1, 0.463612824678421], [2, 6, 0.45836567878723145], [1, 5, 0.45731472969055176], [1, 7, 0.44170016050338745], [1, 0, 0.43888038396835327], [3, 6, 0.41475778818130493], [0, 0, 0.4145646393299103], [1, 4, 0.4121910333633423], [4, 10, 0.3722788393497467], [1, 2, 0.3640938997268677], [3, 8, 0.3280431032180786]]",True,1,"[[1, 6, [""shall develop""]]]",0.044237641230176615,4,"[[1, 1, 0.049886779166477435], [1, 9, 0.04403303111440162], [1, 3, 0.03879311340965076]]",0.0,4,"[[4, 8, 0.0], [4, 9, 0.0], [4, 10, 0.0]]",20,0.1119047619047619,8,True,0.00016093082376755774,7,1,0.00016093082376755774,6,1
97,2552,executive_order,"July 24, 2025","June 19, 1975",0.47648271918296814,3,0.4630478620529175,7,"[[4, 2, 0.5795143842697144], [4, 1, 0.5339661836624146], [3, 2, 0.5007120966911316], [1, 4, 0.4491334557533264], [4, 0, 0.41871681809425354], [0, 2, 0.40222957730293274], [2, 2, 0.4014948308467865], [4, 3, 0.31606325507164]]",True,1,"[[2, 2, [""shall determine""]]]",0.024121477541876015,11,"[[3, 1, 0.036099380099551485], [4, 1, 0.019950043348235014], [3, 2, 0.01631500917784154]]",0.0,4,"[[4, 2, 0.0], [4, 3, 0.0], [4, 4, 0.0]]",20,0.11096176821983272,9,True,0.00045474793296307325,4,1,0.00045474793296307325,4,1
97,1254,executive_order,"July 24, 2025","August 09, 2000",0.4208688735961914,12,0.47007377445697784,6,"[[4, 3, 0.5199528932571411], [4, 1, 0.5076955556869507], [2, 1, 0.5013025999069214], [3, 1, 0.49389582872390747], [1, 1, 0.4719808101654053], [4, 4, 0.4584791958332062], [4, 0, 0.449268102645874], [0, 1, 0.4129221439361572], [3, 2, 0.3652873933315277]]",True,1,"[[0, 0, [""hereby order""]], [1, 1, [""shall develop""]]]",0.016029135073848334,17,"[[1, 2, 0.019883716955093233], [4, 0, 0.017726133258183667], [1, 0, 0.010477555008268104]]",0.0,4,"[[4, 2, 0.0], [4, 3, 0.0], [4, 4, 0.0]]",20,0.10715523215523215,10,True,0.005730246659368277,2,1,0.005730246659368277,2,1
98,490,executive_order,"July 24, 2025","June 16, 2020",0.5913682579994202,2,0.5624367892742157,1,"[[3, 2, 0.6465632915496826], [3, 1, 0.6309641599655151], [5, 1, 0.6086097359657288], [2, 2, 0.5899559855461121], [1, 2, 0.5770034790039062], [1, 3, 0.4905124306678772], [0, 1, 0.4850333333015442], [2, 0, 0.4831560254096985], [4, 2, 0.4652816951274872]]",True,1,"[[0, 0, [""hereby order""]], [1, 1, [""shall take""]], [2, 1, [""shall take""]], [3, 1, [""shall take""]], [4, 1, [""shall take""]], [5, 1, [""shall take""]]]",0.0429830730167999,3,"[[5, 2, 0.047226390119849394], [1, 2, 0.041191556065504335], [4, 2, 0.04053127286504597]]",7.0,2,"[[5, 2, 11.0], [1, 2, 10.0], [5, 1, 0.0]]",20,0.13655185394315827,1,True,0.0029349515680223703,2,1,0.0029349515680223703,2,1
98,1527,executive_order,"July 24, 2025","January 17, 1994",0.4719557762145996,19,0.47888049483299255,6,"[[5, 5, 0.5563617944717407], [5, 2, 0.5288456678390503], [4, 9, 0.5284200310707092], [5, 4, 0.5238293409347534], [5, 11, 0.5214000940322876], [4, 1, 0.5164690017700195], [5, 10, 0.5062074065208435], [5, 12, 0.4975767135620117], [4, 14, 0.476838618516922], [2, 1, 0.47461840510368347], [1, 10, 0.467168927192688], [3, 1, 0.4630545377731323], [5, 8, 0.4607222378253937], [4, 0, 0.44531548023223877], [0, 0, 0.44111475348472595], [5, 7, 0.4392704367637634], [5, 3, 0.3967706561088562], [5, 6, 0.3716981112957001], [1, 13, 0.2698429226875305]]",True,1,"[[0, 0, [""hereby order""]], [1, 2, [""shall take""]], [2, 2, [""shall take""]], [3, 2, [""shall take""]], [4, 2, [""shall take""]], [5, 2, [""shall take""]], [5, 4, [""shall review""]], [5, 7, [""shall review""]]]",0.12113043239682512,1,"[[5, 7, 0.1428495619248888], [5, 14, 0.11274475286093703], [5, 11, 0.10779698240464954]]",3.3333333333333335,5,"[[2, 3, 10.0], [5, 12, 0.0], [5, 14, 0.0]]",20,0.1260805860805861,2,True,0.0007916296017356217,4,1,0.0007916296017356217,4,1
98,473,executive_order,"July 24, 2025","August 08, 2020",0.4757673740386963,18,0.4823581129312515,5,"[[0, 0, 0.4969560205936432], [5, 1, 0.4927884340286255], [2, 1, 0.4626743197441101], [4, 1, 0.46220117807388306], [3, 1, 0.4537769556045532], [1, 1, 0.45066696405410767]]",True,1,"[[0, 0, [""hereby order""]], [1, 1, [""shall take""]], [2, 1, [""shall take""]], [3, 1, [""shall take""]], [4, 1, [""shall take""]], [5, 1, [""shall review"", ""shall take""]]]",0.05379708926677334,2,"[[5, 1, 0.0919072653142782], [4, 1, 0.049299281374518944], [5, 0, 0.020184721111522873]]",3.3333333333333335,5,"[[4, 0, 10.0], [5, 0, 0.0], [5, 1, 0.0]]",20,0.12545454545454546,3,True,0.00010595991625450552,7,1,0.00010595991625450552,7,1
98,465,executive_order,"July 24, 2025","October 03, 2020",0.5543055534362793,4,0.5302291512489319,2,"[[1, 2, 0.6139039993286133], [3, 2, 0.5860315561294556], [3, 0, 0.5498483180999756], [0, 0, 0.5218286514282227], [5, 2, 0.4961087107658386], [2, 2, 0.48189082741737366], [4, 2, 0.44958236813545227], [1, 1, 0.4429495334625244]]",True,1,"[[0, 0, [""hereby order""]]]",0.02347994771162455,13,"[[5, 1, 0.029405802217338434], [3, 0, 0.025421289013048746], [3, 1, 0.015612751904486466]]",0.0,6,"[[5, 0, 0.0], [5, 1, 0.0], [5, 2, 0.0]]",20,0.11421911421911422,4,True,0.00020825011597480625,6,1,0.00020825011597480625,6,1
98,264,executive_order,"July 24, 2025","January 20, 2025",0.5613359212875366,3,0.4748864024877548,7,"[[2, 23, 0.5429287552833557], [2, 25, 0.5314865112304688], [2, 17, 0.5268972516059875], [2, 5, 0.526260256767273], [2, 3, 0.5247401595115662], [2, 18, 0.5118967890739441], [2, 16, 0.5102003812789917], [5, 25, 0.5085114240646362], [3, 25, 0.5038999319076538], [2, 11, 0.4995468258857727], [2, 19, 0.49417394399642944], [2, 4, 0.4875582754611969], [2, 8, 0.48097848892211914], [0, 0, 0.4773394763469696], [1, 2, 0.46320024132728577], [2, 20, 0.45987141132354736], [2, 24, 0.4510743021965027], [0, 1, 0.4488140940666199], [4, 3, 0.4452476501464844], [2, 26, 0.44317930936813354], [2, 15, 0.4395703673362732], [2, 27, 0.4351842403411865], [5, 12, 0.43499523401260376], [2, 22, 0.43056604266166687], [5, 9, 0.43020009994506836], [2, 10, 0.4217676520347595], [5, 7, 0.4089316427707672], [2, 6, 0.40568405389785767], [2, 21, 0.40547943115234375], [4, 14, 0.38806045055389404], [2, 13, 0.38089293241500854], [1, 28, 0.3664819300174713]]",True,1,"[[0, 0, [""hereby order""]], [1, 2, [""shall take""]], [1, 3, [""shall take""]], [1, 5, [""shall take""]], [1, 6, [""shall take""]], [1, 8, [""shall take""]], [1, 9, [""shall take""]], [1, 11, [""shall take""]], [1, 12, [""shall take""]], [1, 15, [""shall take""]], [1, 18, [""shall take""]], [1, 20, [""shall take""]], [1, 21, [""shall take""]], [1, 22, [""shall take""]], [1, 25, [""shall take""]], [1, 26, [""shall take""]], [1, 27, [""shall take""]], [2, 2, [""shall take""]], [2, 3, [""shall take""]], [2, 5, [""shall take""]], [2, 6, [""shall take""]], [2, 8, [""shall take""]], [2, 9, [""shall take""]], [2, 11, [""shall take""]], [2, 12, [""shall take""]], [2, 15, [""shall take""]], [2, 18, [""shall take""]], [2, 20, [""shall take""]], [2, 21, [""shall take""]], [2, 22, [""shall take""]], [2, 25, [""shall take""]], [2, 26, [""shall take""]], [2, 27, [""shall take""]], [3, 2, [""shall take""]], [3, 3, [""shall take""]], [3, 5, [""shall take""]], [3, 6, [""shall take""]], [3, 8, [""shall take""]], [3, 9, [""shall take""]], [3, 11, [""shall take""]], [3, 12, [""shall take""]], [3, 15, [""shall take""]], [3, 18, [""shall take""]], [3, 20, [""shall take""]], [3, 21, [""shall take""]], [3, 22, [""shall take""]], [3, 25, [""shall take""]], [3, 26, [""shall take""]], [3, 27, [""shall take""]], [4, 2, [""shall take""]], [4, 3, [""shall take""]], [4, 5, [""shall take""]], [4, 6, [""shall take""]], [4, 8, [""shall take""]], [4, 9, [""shall take""]], [4, 11, [""shall take""]], [4, 12, [""shall take""]], [4, 15, [""shall take""]], [4, 18, [""shall take""]], [4, 20, [""shall take""]], [4, 21, [""shall take""]], [4, 22, [""shall take""]], [4, 25, [""shall take""]], [4, 26, [""shall take""]], [4, 27, [""shall take""]], [5, 2, [""shall take""]], [5, 3, [""shall take""]], [5, 5, [""shall take""]], [5, 6, [""shall take""]], [5, 8, [""shall take""]], [5, 9, [""shall take""]], [5, 11, [""shall take""]], [5, 12, [""shall take""]], [5, 15, [""shall take""]], [5, 18, [""shall take""]], [5, 20, [""shall take""]], [5, 21, [""shall take""]], [5, 22, [""shall take""]], [5, 25, [""shall take""]], [5, 26, [""shall take""]], [5, 27, [""shall take""]]]",0.027231673797007888,10,"[[2, 19, 0.029233706706059258], [4, 18, 0.02625867239847151], [1, 6, 0.026202642286492904]]",6.666666666666667,3,"[[2, 25, 10.0], [4, 25, 10.0], [5, 26, 0.0]]",20,0.11384863123993558,5,True,0.0009473090176470578,3,1,0.0009473090176470578,3,1
98,388,executive_order,"July 24, 2025","May 28, 2021",0.4689338803291321,22,0.4516526013612747,14,"[[3, 9, 0.5129306316375732], [3, 8, 0.5128434300422668], [5, 8, 0.5043526887893677], [2, 8, 0.4958098232746124], [1, 8, 0.494877427816391], [4, 7, 0.46845391392707825], [3, 5, 0.4541325569152832], [5, 2, 0.44149041175842285], [0, 8, 0.4409022927284241], [1, 1, 0.4398479461669922], [1, 15, 0.43215757608413696], [1, 14, 0.4267627000808716], [1, 6, 0.4266274571418762], [1, 10, 0.4222601056098938], [4, 17, 0.40795615315437317], [5, 4, 0.39776134490966797], [2, 16, 0.374517023563385], [4, 13, 0.37155821919441223], [1, 12, 0.3643013834953308], [5, 0, 0.3613295555114746], [3, 3, 0.35687166452407837], [4, 11, 0.3357105255126953]]",True,1,"[[0, 0, [""hereby order""]]]",0.0404719965984828,4,"[[4, 3, 0.043557806609821406], [5, 3, 0.03968504641672682], [3, 3, 0.038173136768900176]]",0.0,6,"[[5, 15, 0.0], [5, 16, 0.0], [5, 17, 0.0]]",20,0.10953996983408748,6,True,4.889526098850183e-05,10,1,4.889526098850183e-05,10,1
98,124,executive_order,"July 24, 2025","May 09, 2025",0.4997822046279907,9,0.44587716460227966,16,"[[3, 1, 0.4838981330394745], [4, 1, 0.4829564094543457], [0, 1, 0.4792276620864868], [2, 1, 0.47588104009628296], [4, 2, 0.460745245218277], [0, 0, 0.4539000391960144], [1, 1, 0.44246649742126465], [5, 1, 0.42220309376716614], [4, 3, 0.37482666969299316], [5, 4, 0.3632075786590576]]",True,1,"[[0, 0, [""hereby order""]], [1, 1, [""shall take""]], [1, 2, [""shall take""]], [1, 3, [""shall take""]], [2, 1, [""shall take""]], [2, 2, [""shall take""]], [2, 3, [""shall take""]], [3, 1, [""shall take""]], [3, 2, [""shall take""]], [3, 3, [""shall take""]], [4, 1, [""shall take""]], [4, 2, [""shall take""]], [4, 3, [""shall take""]], [5, 1, [""shall take""]], [5, 2, [""shall take""]], [5, 3, [""shall take""]]]",0.03652647847354312,5,"[[5, 1, 0.05681276647160287], [4, 1, 0.029032907421062598], [2, 1, 0.023733761527963908]]",5.333333333333333,4,"[[2, 1, 16.0], [5, 2, 0.0], [5, 4, 0.0]]",20,0.10944444444444444,7,True,0.0004108485300093889,5,1,0.0004108485300093889,5,1
98,2949,executive_order,"July 24, 2025","May 26, 1969",0.4794572591781616,14,0.4532208889722824,12,"[[5, 2, 0.5007200241088867], [4, 2, 0.4913856089115143], [1, 2, 0.48410215973854065], [3, 2, 0.46922552585601807], [1, 0, 0.46612077951431274], [2, 2, 0.4634442925453186], [0, 0, 0.4552026689052582], [4, 1, 0.37567976117134094], [5, 3, 0.37385979294776917]]",False,2,[],0.035710684054231744,6,"[[5, 1, 0.05826918536026094], [4, 1, 0.026897803286783234], [5, 2, 0.02196506351565106]]",0.0,6,"[[5, 1, 0.0], [5, 2, 0.0], [5, 3, 0.0]]",20,0.10817307692307693,8,True,5.62776840524748e-05,9,1,5.62776840524748e-05,9,1
98,406,executive_order,"July 24, 2025","February 04, 2021",0.4819453954696655,13,0.4104726016521454,25,"[[0, 0, 0.47343969345092773], [4, 2, 0.43512603640556335], [2, 0, 0.4337461590766907], [2, 5, 0.42197543382644653], [2, 1, 0.4205329418182373], [2, 6, 0.4164675176143646], [2, 10, 0.41255807876586914], [5, 5, 0.4112910032272339], [1, 6, 0.406094491481781], [2, 3, 0.40493646264076233], [3, 0, 0.38942208886146545], [2, 4, 0.38177549839019775], [1, 8, 0.3745829463005066], [4, 7, 0.37195754051208496], [1, 11, 0.3691617250442505], [1, 9, 0.35353726148605347], [2, 12, 0.31314486265182495]]",True,1,"[[1, 7, [""shall take""]], [2, 7, [""shall take""]], [3, 7, [""shall take""]], [4, 7, [""shall take""]], [5, 7, [""shall take""]]]",0.029545287410932253,7,"[[5, 9, 0.04095869490353969], [5, 6, 0.026175076091910214], [5, 11, 0.02150209123734687]]",7.333333333333333,1,"[[5, 6, 12.0], [5, 9, 10.0], [5, 11, 0.0]]",20,0.10687830687830688,9,True,8.124428131850436e-05,8,1,8.124428131850436e-05,8,1
98,1571,executive_order,"July 24, 2025","May 19, 1993",0.6097416877746582,1,0.5003240406513214,3,"[[4, 3, 0.5686136484146118], [4, 2, 0.5558514595031738], [2, 2, 0.5272514820098877], [0, 2, 0.5213028788566589], [3, 2, 0.5186690092086792], [1, 2, 0.5176191329956055], [2, 0, 0.5169563293457031], [5, 2, 0.5050192475318909], [1, 4, 0.4568530023097992], [1, 1, 0.44172781705856323], [1, 5, 0.3054109215736389]]",False,2,[],0.005070456466832836,23,"[[3, 3, 0.007627218871618295], [1, 4, 0.005849831822925925], [2, 4, 0.0017343187059542888]]",0.0,6,"[[5, 3, 0.0], [5, 4, 0.0], [5, 5, 0.0]]",20,0.10519561328459205,10,True,0.05582313984632492,1,1,0.05582313984632492,1,1
99,560,executive_order,"July 23, 2025","February 11, 2019",0.6051628589630127,1,0.5382833182811737,1,"[[0, 0, 0.6202953457832336], [1, 14, 0.5785547494888306], [0, 16, 0.571043848991394], [3, 15, 0.5624485015869141], [1, 3, 0.5622613430023193], [2, 8, 0.5537580251693726], [3, 2, 0.5390586256980896], [0, 11, 0.5314886569976807], [3, 1, 0.5283310413360596], [4, 15, 0.5197800397872925], [3, 7, 0.5100833177566528], [1, 12, 0.48899734020233154], [2, 4, 0.475635290145874], [0, 9, 0.4729425311088562], [1, 10, 0.46829891204833984], [3, 5, 0.4205065369606018], [1, 13, 0.40789398550987244], [2, 6, 0.37158986926078796]]",True,1,"[[0, 0, [""hereby order""]], [2, 11, [""shall issue""]], [2, 12, [""shall issue""]], [2, 14, [""shall issue""]]]",0.05821054180189824,4,"[[1, 10, 0.06284461500574284], [0, 0, 0.0561359810369992], [1, 14, 0.05565102936295267]]",10.333333333333334,6,"[[1, 14, 11.0], [1, 4, 10.0], [1, 16, 10.0]]",20,0.12774725274725274,1,True,0.46101680397987366,1,1,0.46101680397987366,1,1
99,141,executive_order,"July 23, 2025","April 23, 2025",0.5240269303321838,7,0.5017685294151306,8,"[[0, 0, 0.5503228306770325], [1, 8, 0.5456579327583313], [1, 6, 0.5372745394706726], [1, 7, 0.530013918876648], [1, 2, 0.5146581530570984], [1, 5, 0.4955769181251526], [2, 4, 0.4769574999809265], [4, 5, 0.4696651101112366], [3, 6, 0.466952919960022], [2, 3, 0.4641452431678772], [0, 9, 0.4575923979282379], [4, 1, 0.44405829906463623]]",True,1,"[[0, 0, [""hereby order""]], [2, 5, [""shall issue""]]]",0.08701807327189764,2,"[[1, 2, 0.11347542742791134], [1, 5, 0.0888974469106869], [1, 8, 0.05868134547709467]]",11.666666666666666,4,"[[0, 0, 12.0], [1, 5, 12.0], [1, 2, 11.0]]",20,0.12283549783549783,2,True,0.026759283617138863,5,1,0.026759283617138863,5,1
99,315,executive_order,"July 23, 2025","July 28, 2023",0.4764323830604553,22,0.4652826488018036,16,"[[1, 4, 0.5524587035179138], [1, 8, 0.5471818447113037], [4, 2, 0.4851197600364685], [0, 2, 0.4519508481025696], [2, 8, 0.4484403729438782], [0, 0, 0.4429607391357422], [0, 1, 0.43974101543426514], [2, 5, 0.43602240085601807], [2, 9, 0.4360102415084839], [1, 10, 0.43379366397857666], [0, 6, 0.43256041407585144], [3, 1, 0.4216260015964508], [0, 7, 0.41973400115966797], [2, 3, 0.4195251166820526]]",True,1,"[[0, 0, [""hereby order""]], [3, 1, [""shall coordinate""]]]",0.08741490939311129,1,"[[1, 8, 0.1254127104451261], [1, 4, 0.06971498262174339], [1, 1, 0.06711703511246438]]",12.666666666666666,3,"[[1, 8, 13.0], [1, 9, 13.0], [1, 1, 12.0]]",20,0.11887508626639061,3,True,0.0010242064017802477,8,1,0.0010162439430132508,8,1
99,278,executive_order,"July 23, 2025","January 14, 2025",0.5618219375610352,2,0.5074816942214966,5,"[[2, 6, 0.5943670272827148], [2, 7, 0.5883732438087463], [2, 8, 0.5746995806694031], [3, 7, 0.5566359758377075], [0, 0, 0.5445477962493896], [1, 7, 0.5023301839828491], [4, 7, 0.47842416167259216], [2, 2, 0.464341402053833], [2, 1, 0.4237164556980133], [2, 3, 0.4004761576652527], [3, 5, 0.3852035403251648], [3, 4, 0.34159624576568604]]",True,1,"[[0, 0, [""hereby order""]], [3, 6, [""shall coordinate""]]]",0.04221142803564624,7,"[[3, 2, 0.06235362126631017], [3, 4, 0.033449984862864435], [1, 2, 0.030830677977764134]]",10.666666666666666,5,"[[0, 0, 12.0], [2, 2, 10.0], [3, 2, 10.0]]",20,0.11703703703703704,4,True,0.08021745644509792,3,2,0.08021745644509792,3,2
99,309,executive_order,"July 23, 2025","October 30, 2023",0.5507794618606567,4,0.49988213181495667,9,"[[0, 0, 0.5698276162147522], [2, 6, 0.5250838994979858], [1, 1, 0.5248265862464905], [1, 2, 0.5058259963989258], [3, 2, 0.4697512984275818], [2, 4, 0.45501914620399475], [0, 5, 0.44571349024772644], [4, 2, 0.4418095648288727], [2, 3, 0.428234338760376]]",True,1,"[[0, 0, [""hereby order""]]]",0.03268180524512326,10,"[[3, 4, 0.033888926649208576], [1, 4, 0.03221653554987635], [1, 6, 0.03193995353628487]]",17.0,1,"[[3, 4, 22.0], [2, 4, 19.0], [1, 4, 10.0]]",20,0.11543513957307061,5,True,0.05306340008974075,4,2,0.05306340008974075,4,2
99,120,executive_order,"July 23, 2025","May 23, 2025",0.554841160774231,3,0.43781423568725586,23,"[[0, 7, 0.49748918414115906], [4, 7, 0.4957372546195984], [3, 7, 0.49249911308288574], [0, 0, 0.4805825352668762], [1, 7, 0.46902936697006226], [2, 7, 0.4623710513114929], [2, 3, 0.41272586584091187], [1, 1, 0.3720967769622803], [1, 4, 0.3717554807662964], [3, 8, 0.36693501472473145], [3, 2, 0.3537047803401947], [3, 5, 0.3443882465362549], [3, 6, 0.33015164732933044]]",True,1,"[[0, 0, [""hereby order""]]]",0.07184679515390584,3,"[[1, 7, 0.11078741213512293], [3, 7, 0.05621096679061999], [1, 4, 0.04854200653597456]]",15.666666666666666,2,"[[1, 7, 22.0], [1, 5, 13.0], [1, 4, 12.0]]",20,0.11218862027759904,6,True,0.004133968148380518,7,1,0.004133968148380518,7,1
99,243,executive_order,"July 23, 2025","January 23, 2025",0.5254993438720703,6,0.5190401971340179,2,"[[0, 0, 0.6383129358291626], [1, 1, 0.5357244610786438], [1, 2, 0.5135610103607178], [3, 2, 0.47485584020614624], [1, 3, 0.44339483976364136], [4, 2, 0.44067350029945374], [2, 2, 0.4370933771133423]]",True,1,"[[0, 0, [""hereby order""]]]",0.02185129802069462,15,"[[0, 0, 0.037579737160445964], [1, 1, 0.02005440268184954], [1, 3, 0.007919754219788355]]",4.0,8,"[[0, 0, 12.0], [4, 1, 0.0], [4, 3, 0.0]]",20,0.10974025974025974,7,True,0.22815649211406708,2,1,0.22815649211406708,2,1
99,3288,executive_order,"July 23, 2025","December 12, 1963",0.5190494060516357,8,0.505201905965805,6,"[[4, 0, 0.5525017380714417], [1, 0, 0.5510870218276978], [1, 1, 0.5503595471382141], [3, 1, 0.508564829826355], [0, 0, 0.46645113825798035], [2, 0, 0.46123170852661133], [3, 3, 0.45379793643951416], [4, 2, 0.4530866742134094]]",False,2,[],0.03318784426240045,9,"[[3, 0, 0.04625797414565321], [4, 0, 0.02675950551119949], [1, 0, 0.026546053130348628]]",0.0,11,"[[4, 1, 0.0], [4, 2, 0.0], [4, 3, 0.0]]",20,0.10520236159835715,8,True,0.006797531619668007,6,1,0.006797531619668007,6,1
99,1828,executive_order,"July 23, 2025","April 10, 1987",0.4774245619773865,18,0.5136472880840302,3,"[[4, 1, 0.5625024437904358], [0, 1, 0.5589228868484497], [1, 1, 0.5438410043716431], [2, 1, 0.5151139497756958], [3, 1, 0.4866388738155365], [0, 4, 0.48333483934402466], [4, 2, 0.4801410436630249], [4, 0, 0.4747018814086914], [2, 3, 0.46877357363700867]]",True,1,"[[0, 0, [""hereby order""]]]",0.021364230088825376,16,"[[1, 4, 0.030698230852162497], [1, 2, 0.019298579309106834], [1, 3, 0.014095880105206786]]",3.3333333333333335,10,"[[1, 4, 10.0], [4, 2, 0.0], [4, 3, 0.0]]",20,0.10458937198067633,9,True,0.00047285447362810373,10,1,0.00047285447362810373,10,1
99,885,executive_order,"July 23, 2025","March 11, 2010",0.4880657494068146,13,0.5119613707065582,4,"[[1, 8, 0.5642051696777344], [4, 2, 0.53807532787323], [4, 4, 0.5362845659255981], [1, 1, 0.5202836990356445], [4, 3, 0.5089299082756042], [3, 4, 0.5083650350570679], [4, 7, 0.5068771839141846], [0, 8, 0.49644678831100464], [4, 0, 0.49080273509025574], [4, 6, 0.4692903459072113], [2, 8, 0.46687155961990356], [4, 5, 0.44742047786712646]]",True,1,"[[0, 0, [""hereby order""]], [3, 1, [""shall coordinate""]]]",0.02472520757382475,13,"[[3, 3, 0.035377069365104624], [2, 4, 0.020519758210670404], [1, 0, 0.018278795145699227]]",0.0,11,"[[4, 6, 0.0], [4, 7, 0.0], [4, 8, 0.0]]",20,0.10422776148582599,10,True,0.00048785717808641493,9,1,0.00048785717808641493,9,1
102,462,executive_order,"July 17, 2025","October 21, 2020",0.8190262317657471,1,0.703313797712326,1,"[[2, 3, 0.8669617772102356], [1, 2, 0.8561983108520508], [3, 4, 0.752548098564148], [0, 1, 0.7448005676269531], [2, 7, 0.6613255739212036], [0, 0, 0.6446655988693237], [3, 10, 0.5152652263641357], [2, 9, 0.42927348613739014], [1, 5, 0.42820408940315247], [0, 6, 0.360318124294281], [3, 8, 0.35694342851638794]]",True,1,"[[0, 0, [""hereby order""]], [1, 2, [""is amended""]], [1, 4, [""is amended""]], [2, 3, [""shall be subject""]], [3, 2, [""is amended""]], [3, 4, [""is amended""]]]",0.766679554815024,1,"[[2, 3, 0.9119524386215135], [1, 2, 0.8744781669811738], [3, 4, 0.5136080588423848]]",154.0,1,"[[2, 3, 279.0], [0, 1, 104.0], [3, 4, 79.0]]",20,0.14285714285714285,1,True,0.9829546809196472,2,1,0.9829546809196472,2,1
102,390,executive_order,"July 17, 2025","May 14, 2021",0.573187530040741,18,0.7030059099197388,2,"[[2, 3, 0.8076626062393188], [1, 2, 0.805611252784729], [3, 4, 0.7275048494338989], [0, 3, 0.615212619304657], [3, 1, 0.5579643249511719], [0, 0, 0.4363272190093994]]",True,1,"[[0, 0, [""hereby order""]], [1, 1, [""is amended""]], [1, 2, [""is amended""]], [1, 4, [""is amended""]], [2, 3, [""shall be subject""]], [3, 1, [""is amended""]], [3, 2, [""is amended""]], [3, 4, [""is amended""]]]",0.7131353419285897,2,"[[1, 2, 0.7862795856785122], [2, 3, 0.7411291383675174], [3, 4, 0.6119973017397397]]",110.0,2,"[[2, 3, 203.0], [3, 4, 65.0], [1, 2, 62.0]]",20,0.13636363636363635,2,True,0.9752018451690674,3,1,0.9752018451690674,3,1
102,3982,executive_order,"July 17, 2025","March 31, 1953",0.7051976323127747,2,0.6439332962036133,4,"[[2, 2, 0.6914759874343872], [2, 1, 0.6486883163452148], [3, 2, 0.6363791227340698], [1, 2, 0.6269854307174683], [0, 2, 0.6195898652076721], [1, 0, 0.592612624168396]]",True,1,"[[2, 2, [""shall be subject""]]]",0.25039469167947026,4,"[[1, 1, 0.31520227353461433], [3, 2, 0.2503472745547662], [2, 1, 0.18563452694903024]]",46.0,4,"[[2, 2, 68.0], [3, 2, 39.0], [2, 1, 31.0]]",20,0.125,3,True,0.9909447431564331,1,1,0.9909447431564331,1,1
102,3958,executive_order,"July 17, 2025","June 25, 1953",0.5828539133071899,12,0.6720518171787262,3,"[[3, 0, 0.7080155611038208], [1, 0, 0.6553457379341125], [2, 0, 0.5956789255142212], [0, 0, 0.5853121280670166]]",False,2,[],0.16281142468458118,5,"[[3, 0, 0.4198610968463752], [1, 0, 0.03978915249936063], [2, 0, 0.028784024708007745]]",16.333333333333332,5,"[[3, 0, 49.0], [1, 0, 0.0], [2, 0, 0.0]]",20,0.12347826086956522,4,True,0.5,6,1,0.5,6,1
102,3844,executive_order,"July 17, 2025","November 22, 1954",0.6534325480461121,3,0.5819843113422394,9,"[[2, 8, 0.665220320224762], [2, 7, 0.6561834216117859], [3, 8, 0.6487057209014893], [1, 7, 0.621360182762146], [0, 8, 0.6206192970275879], [3, 0, 0.6085561513900757], [3, 6, 0.5664972066879272], [0, 10, 0.5508047342300415], [3, 14, 0.5480544567108154], [0, 12, 0.5417194366455078], [2, 1, 0.5408371686935425], [2, 4, 0.5141969919204712], [2, 3, 0.5141660571098328], [2, 11, 0.5135602355003357], [3, 5, 0.484052449464798], [3, 2, 0.45406782627105713], [1, 9, 0.43024057149887085], [3, 13, 0.2867262363433838]]",True,1,"[[2, 8, [""shall be subject""]]]",0.2900275248304726,3,"[[1, 7, 0.43551082634806254], [2, 7, 0.2316697720285074], [3, 8, 0.20290197611484795]]",54.666666666666664,3,"[[2, 8, 69.0], [3, 8, 52.0], [1, 7, 43.0]]",20,0.12143928035982009,5,True,0.9615674018859863,4,2,0.9615674018859863,4,2
102,4452,executive_order,"July 17, 2025","June 28, 1948",0.5975974798202515,8,0.5848778486251831,7,"[[2, 1, 0.5993881225585938], [1, 1, 0.5981430411338806], [3, 1, 0.5762901306152344], [3, 0, 0.5727919936180115], [0, 1, 0.5608411431312561]]",False,2,[],0.06288762585160045,6,"[[3, 1, 0.0941061475059868], [1, 1, 0.05922569734937851], [2, 1, 0.03533103269943604]]",0.0,6,"[[2, 1, 0.0], [3, 0, 0.0], [3, 1, 0.0]]",20,0.11396011396011396,6,True,0.8998277187347412,5,1,0.8998277187347412,5,1
102,3105,executive_order,"July 17, 2025","November 17, 1966",0.6251580119132996,7,0.565968245267868,10,"[[1, 5, 0.6605496406555176], [0, 2, 0.6055620312690735], [3, 5, 0.6040815711021423], [2, 5, 0.600455105304718], [0, 6, 0.5821110010147095], [0, 0, 0.576187252998352], [3, 1, 0.5644031167030334], [3, 3, 0.5367482304573059], [0, 4, 0.5279159545898438], [3, 11, 0.48483091592788696], [3, 9, 0.4836815595626831], [3, 10, 0.4074918031692505], [3, 7, 0.38964125514030457], [0, 8, 0.3521704375743866]]",True,1,"[[1, 5, [""is amended""]], [1, 6, [""is amended""]], [3, 5, [""is amended""]], [3, 6, [""is amended""]]]",0.060771833698395485,7,"[[1, 5, 0.07544154798484783], [2, 5, 0.06983067027119337], [3, 11, 0.03704328283914525]]",0.0,6,"[[3, 9, 0.0], [3, 10, 0.0], [3, 11, 0.0]]",20,0.10883190883190882,7,True,0.005819959565997124,7,1,0.005819959565997124,7,1
102,2398,executive_order,"July 17, 2025","November 30, 1977",0.6495692729949951,4,0.6127453148365021,5,"[[0, 0, 0.6274097561836243], [2, 0, 0.6220505237579346], [1, 0, 0.5721017122268677], [3, 0, 0.570761501789093]]",True,1,"[[0, 0, [""hereby order""]]]",0.02171747671351207,14,"[[2, 0, 0.03968023832171328], [1, 0, 0.02006463544523433], [3, 0, 0.0054075563735886]]",0.0,6,"[[1, 0, 0.0], [2, 0, 0.0], [3, 0, 0.0]]",20,0.10787330316742082,8,True,0.005260852165520191,8,1,0.005139611195772886,8,1
102,2580,executive_order,"July 17, 2025","February 15, 1975",0.6408801078796387,5,0.5831891298294067,8,"[[0, 1, 0.6137479543685913], [2, 1, 0.5813254117965698], [0, 0, 0.5661391615867615], [1, 0, 0.5616092085838318], [3, 0, 0.5490562915802002]]",True,1,"[[1, 0, [""is amended""]], [1, 1, [""is amended""]], [3, 0, [""is amended""]], [3, 1, [""is amended""]]]",0.04225044900176749,11,"[[2, 0, 0.07719625570250735], [1, 0, 0.03903491495816763], [3, 0, 0.010520176344627485]]",0.0,6,"[[2, 1, 0.0], [3, 0, 0.0], [3, 1, 0.0]]",20,0.10643388869195321,9,True,0.004070138093084097,9,1,0.004070138093084097,9,1
102,2376,executive_order,"July 17, 2025","March 07, 1978",0.5811405181884766,13,0.5851468741893768,6,"[[0, 2, 0.6153873205184937], [2, 2, 0.5955820083618164], [1, 2, 0.5877922177314758], [1, 1, 0.5689520835876465], [3, 2, 0.5618566274642944], [1, 0, 0.5560781955718994]]",True,1,"[[1, 0, [""is amended""]], [1, 1, [""is amended""]], [1, 2, [""is amended""]], [3, 0, [""is amended""]], [3, 1, [""is amended""]], [3, 2, [""is amended""]]]",0.01222200527288305,16,"[[1, 0, 0.01993084263081877], [3, 0, 0.012013759903794262], [3, 1, 0.004721413284036124]]",0.0,6,"[[3, 0, 0.0], [3, 1, 0.0], [3, 2, 0.0]]",20,0.1047008547008547,10,True,0.0006986756925471127,10,1,0.0006986756925471127,10,1
103,552,executive_order,"July 07, 2025","April 10, 2019",0.4589386582374573,19,0.4730963557958603,7,"[[4, 5, 0.5594815015792847], [3, 4, 0.5547556281089783], [4, 7, 0.5457658171653748], [4, 9, 0.5413014888763428], [4, 10, 0.5092859864234924], [3, 1, 0.47820961475372314], [1, 4, 0.47789695858955383], [3, 3, 0.4591183662414551], [3, 2, 0.4275801479816437], [2, 7, 0.4230504333972931], [0, 7, 0.4132484197616577], [4, 6, 0.3964565694332123], [0, 0, 0.38950708508491516], [3, 8, 0.3418019413948059], [4, 11, 0.3228093385696411]]",True,1,"[[0, 0, [""hereby order""]], [4, 5, [""shall submit a report""]], [4, 7, [""shall submit a report""]], [4, 10, [""shall submit a report""]]]",0.16187703447874605,1,"[[4, 10, 0.17175954740972305], [4, 7, 0.1665637112803855], [4, 5, 0.14730784474612965]]",26.0,1,"[[4, 5, 26.0], [4, 7, 26.0], [4, 10, 26.0]]",20,0.13227513227513227,1,True,0.0010733063099905849,9,1,0.0010733063099905849,9,1
103,271,executive_order,"July 07, 2025","January 20, 2025",0.566603422164917,1,0.4949515610933304,2,"[[3, 1, 0.5595042705535889], [2, 2, 0.5594831109046936], [4, 13, 0.5589135885238647], [4, 28, 0.5321300625801086], [0, 0, 0.5269800424575806], [1, 9, 0.4920290410518646], [3, 10, 0.4910653233528137], [3, 18, 0.48885607719421387], [3, 14, 0.4804201126098633], [4, 15, 0.47439292073249817], [1, 12, 0.47432106733322144], [1, 5, 0.46939176321029663], [2, 7, 0.4651716351509094], [1, 11, 0.4599763751029968], [3, 19, 0.4545484185218811], [1, 4, 0.4480651021003723], [3, 16, 0.4468690752983093], [3, 22, 0.44583380222320557], [3, 20, 0.4339277148246765], [3, 21, 0.43320661783218384], [1, 3, 0.4303418695926666], [3, 17, 0.417529821395874], [3, 8, 0.41165199875831604], [2, 29, 0.38901758193969727], [2, 25, 0.38438498973846436], [0, 23, 0.37734708189964294], [1, 6, 0.3764403760433197], [2, 24, 0.3686676025390625], [2, 26, 0.3628905117511749], [4, 27, 0.3022758960723877]]",True,1,"[[0, 0, [""hereby order""]], [1, 5, [""shall take""]], [2, 5, [""shall take""]], [4, 13, [""shall submit a report""]], [4, 15, [""shall submit a report""]], [4, 28, [""shall submit a report""]]]",0.07672442474428243,4,"[[4, 28, 0.09753174360045071], [4, 4, 0.07677551808496044], [4, 13, 0.055866012547436124]]",10.333333333333334,4,"[[0, 0, 11.0], [4, 4, 10.0], [4, 28, 10.0]]",20,0.12878787878787878,2,True,0.1110457293689251,2,2,0.1110457293689251,2,2
103,636,executive_order,"July 07, 2025","March 28, 2017",0.5370518565177917,2,0.5031319260597229,1,"[[3, 1, 0.5639291405677795], [4, 3, 0.5550166964530945], [3, 11, 0.5449617505073547], [3, 5, 0.5262649655342102], [3, 12, 0.5259895324707031], [1, 11, 0.5089246034622192], [0, 0, 0.4875883162021637], [1, 4, 0.4835782051086426], [3, 7, 0.47614210844039917], [2, 5, 0.46785983443260193], [3, 9, 0.45301228761672974], [3, 6, 0.44595614075660706], [3, 10, 0.4454449713230133], [3, 8, 0.4366256594657898], [4, 2, 0.4202911853790283]]",True,1,"[[0, 0, [""hereby order""]], [1, 10, [""shall take""]], [2, 10, [""shall take""]]]",0.06582430855094797,5,"[[4, 3, 0.08892079057185065], [4, 1, 0.0879365439374993], [4, 12, 0.020615591143493962]]",3.3333333333333335,7,"[[4, 1, 10.0], [4, 11, 0.0], [4, 12, 0.0]]",20,0.12465608465608466,3,True,0.13939638435840607,1,1,0.13939638435840607,1,1
103,159,executive_order,"July 07, 2025","April 08, 2025",0.4643716812133789,15,0.4591776132583618,12,"[[1, 13, 0.5584787726402283], [1, 4, 0.5570629835128784], [3, 4, 0.5121148824691772], [1, 12, 0.473080039024353], [0, 4, 0.4694409966468811], [4, 13, 0.46706250309944153], [2, 4, 0.4604225158691406], [1, 6, 0.4570353627204895], [3, 11, 0.44832876324653625], [3, 3, 0.448153555393219], [0, 0, 0.438157320022583], [3, 2, 0.40902161598205566], [1, 5, 0.386848509311676], [2, 8, 0.3840499520301819], [1, 7, 0.37357357144355774], [3, 9, 0.3582454323768616], [0, 1, 0.3485783040523529], [1, 10, 0.30730336904525757]]",True,1,"[[0, 0, [""hereby order""]], [1, 5, [""shall take""]], [1, 8, [""shall take""]], [1, 10, [""shall take""]], [1, 12, [""shall take""]], [2, 5, [""shall take""]], [2, 8, [""shall take""]], [2, 10, [""shall take""]], [2, 12, [""shall take""]]]",0.08467815453683529,3,"[[4, 13, 0.09099524090898728], [4, 3, 0.08229237425758118], [4, 4, 0.08074684844393741]]",15.333333333333334,2,"[[4, 3, 24.0], [0, 0, 11.0], [4, 11, 11.0]]",20,0.12018280632411067,4,True,0.06954174488782883,3,1,0.06954174488782883,3,1
103,412,executive_order,"July 07, 2025","January 27, 2021",0.4881247878074646,6,0.4708535373210907,8,"[[0, 17, 0.5636858344078064], [3, 14, 0.5375680923461914], [3, 23, 0.5280873775482178], [3, 13, 0.5197738409042358], [4, 23, 0.5186610221862793], [3, 15, 0.5173635482788086], [0, 16, 0.507585883140564], [2, 23, 0.493801087141037], [4, 24, 0.4935479760169983], [1, 13, 0.47036266326904297], [1, 12, 0.4627525210380554], [2, 1, 0.45886218547821045], [0, 18, 0.4535169005393982], [2, 4, 0.4431273639202118], [1, 2, 0.43902426958084106], [2, 20, 0.4342091679573059], [4, 25, 0.4328230917453766], [3, 27, 0.415958434343338], [2, 19, 0.4149886965751648], [2, 3, 0.41337329149246216], [4, 30, 0.40648847818374634], [2, 29, 0.4044959545135498], [4, 22, 0.3883780837059021], [3, 28, 0.38459479808807373], [3, 9, 0.37487098574638367], [4, 5, 0.37053877115249634], [0, 7, 0.369693398475647], [4, 26, 0.36885643005371094], [2, 6, 0.36722928285598755], [4, 10, 0.3655071258544922], [0, 21, 0.34386828541755676], [0, 11, 0.3408072888851166], [2, 0, 0.3366018235683441], [3, 8, 0.3134501576423645]]",True,1,"[[0, 0, [""hereby order""]], [1, 13, [""shall take""]], [1, 27, [""shall take""]], [2, 13, [""shall take""]], [2, 27, [""shall take""]], [4, 30, [""shall submit a report""]]]",0.08492822666513954,2,"[[4, 1, 0.11282966076425639], [4, 15, 0.0718309404699673], [3, 15, 0.07012407876119493]]",6.666666666666667,6,"[[4, 1, 10.0], [4, 4, 10.0], [4, 29, 0.0]]",20,0.11963036963036963,5,True,0.0032810141565278172,7,2,0.003279734868556261,7,2
103,248,executive_order,"July 07, 2025","January 20, 2025",0.5076907873153687,4,0.48080748319625854,3,"[[4, 7, 0.5632482767105103], [3, 11, 0.5576610565185547], [2, 8, 0.551413357257843], [3, 10, 0.5226593613624573], [0, 0, 0.4842720031738281], [2, 3, 0.48424088954925537], [3, 6, 0.45845580101013184], [4, 13, 0.4519535303115845], [1, 3, 0.44825083017349243], [2, 2, 0.4280553162097931], [3, 4, 0.4199368357658386], [3, 5, 0.4173368811607361], [3, 12, 0.3978728652000427], [2, 1, 0.3622022271156311], [2, 9, 0.35112759470939636], [3, 15, 0.3438611924648285], [3, 14, 0.25603657960891724]]",True,1,"[[0, 0, [""hereby order""]], [3, 12, [""shall conduct""]]]",0.06523670007821998,6,"[[4, 5, 0.07420309344358622], [4, 13, 0.0654660318637519], [4, 15, 0.05604097492732184]]",3.3333333333333335,7,"[[4, 3, 10.0], [4, 13, 0.0], [4, 15, 0.0]]",20,0.11897683636814071,6,True,0.0030278353951871395,8,1,0.0030278353951871395,8,1
103,585,executive_order,"July 07, 2025","May 17, 2018",0.47382116317749023,10,0.47532370686531067,5,"[[3, 5, 0.5509601831436157], [3, 2, 0.5369917154312134], [3, 4, 0.5308966636657715], [4, 4, 0.5263366103172302], [3, 3, 0.48168107867240906], [2, 3, 0.47863510251045227], [1, 2, 0.4768841862678528], [4, 6, 0.45931950211524963], [4, 1, 0.45091938972473145], [2, 7, 0.41195106506347656], [2, 8, 0.38901758193969727], [0, 2, 0.388920396566391], [0, 0, 0.3849637508392334]]",True,1,"[[0, 0, [""hereby order""]]]",0.04622354612130449,9,"[[4, 4, 0.051069319764651074], [4, 2, 0.04970881533083875], [4, 5, 0.03789250326842365]]",6.666666666666667,6,"[[4, 2, 10.0], [4, 4, 10.0], [4, 8, 0.0]]",20,0.11294429708222811,7,True,0.0008761799545027316,10,1,0.0008761799545027316,10,1
103,158,executive_order,"July 07, 2025","April 08, 2025",0.5365005731582642,3,0.478036493062973,4,"[[0, 0, 0.5206480026245117], [3, 1, 0.48555758595466614], [2, 2, 0.4653376042842865], [1, 1, 0.44221165776252747], [4, 2, 0.4140380918979645]]",True,1,"[[0, 0, [""hereby order""]], [4, 1, [""shall submit a report""]]]",0.022125553463671132,16,"[[4, 1, 0.051519870920156294], [3, 1, 0.008871900254709462], [4, 2, 0.005984889216147641]]",0.0,8,"[[4, 0, 0.0], [4, 1, 0.0], [4, 2, 0.0]]",20,0.10515873015873015,8,True,0.06097518280148506,4,1,0.06097518280148506,4,1
103,119,executive_order,"July 07, 2025","May 23, 2025",0.45829299092292786,20,0.41352716088294983,20,"[[1, 3, 0.47685888409614563], [0, 0, 0.43333593010902405], [2, 3, 0.42846977710723877], [3, 3, 0.4083946645259857], [3, 1, 0.4075930714607239], [3, 5, 0.40203857421875], [1, 6, 0.39719319343566895], [0, 4, 0.39577269554138184], [1, 2, 0.3735122084617615], [4, 1, 0.37023571133613586], [3, 7, 0.3424580991268158]]",True,1,"[[0, 0, [""hereby order""]], [1, 5, [""shall take""]], [1, 7, [""shall take""]], [2, 5, [""shall take""]], [2, 7, [""shall take""]]]",0.04283713964028935,10,"[[4, 7, 0.048993643762415294], [4, 4, 0.04762091906677419], [4, 2, 0.03189685609167859]]",10.666666666666666,3,"[[0, 0, 12.0], [4, 4, 10.0], [4, 7, 10.0]]",20,0.10181159420289855,9,True,0.0120537793263793,6,1,0.0120537793263793,6,1
103,2381,executive_order,"July 07, 2025","February 03, 1978",0.4657823443412781,14,0.46094246208667755,11,"[[3, 5, 0.5075567960739136], [0, 3, 0.48045051097869873], [0, 0, 0.4767459034919739], [0, 2, 0.4755074381828308], [0, 1, 0.470002144575119], [3, 4, 0.4615534543991089], [2, 7, 0.4441494643688202], [3, 8, 0.4393903613090515], [1, 5, 0.4350639879703522], [3, 6, 0.42421936988830566], [4, 7, 0.42021748423576355]]",True,1,"[[0, 0, [""hereby order""]]]",0.03822228525801714,11,"[[4, 5, 0.04213588819936019], [4, 4, 0.03720376834205874], [2, 4, 0.035327199232632486]]",0.0,8,"[[4, 6, 0.0], [4, 7, 0.0], [4, 8, 0.0]]",20,0.10023041474654378,10,True,0.026355354115366936,5,1,0.026355354115366936,5,1
105,1067,executive_order,"July 03, 2025","August 26, 2004",0.5166982412338257,12,0.5706130266189575,1,"[[1, 0, 0.5900335311889648], [0, 0, 0.5123514533042908]]",True,1,"[[0, 0, [""hereby order""]]]",0.02162493056148429,5,"[[1, 0, 0.03430796241342883], [0, 0, 0.008941898709539748]]",0.0,2,"[[0, 0, 0.0], [1, 0, 0.0]]",20,0.13307359307359307,1,True,0.07696083933115005,5,1,0.07696083933115005,5,1
105,464,executive_order,"July 03, 2025","October 13, 2020",0.5270665287971497,9,0.5528255105018616,5,"[[0, 0, 0.5808372497558594], [1, 2, 0.5377718806266785], [1, 1, 0.5204300880432129]]",True,1,"[[0, 0, [""hereby order""]], [1, 1, [""hereby establish""]]]",0.04817310072767075,2,"[[1, 1, 0.12160415865268459], [1, 2, 0.015951557869714493], [0, 0, 0.006963585660613168]]",3.3333333333333335,1,"[[1, 1, 10.0], [1, 0, 0.0], [1, 2, 0.0]]",20,0.13307359307359307,2,True,0.04115288704633713,6,1,0.04115288704633713,6,1
105,3142,executive_order,"July 03, 2025","May 04, 1966",0.6326144933700562,1,0.565139502286911,2,"[[0, 3, 0.6250137090682983], [1, 3, 0.6081407070159912], [1, 1, 0.564633846282959], [0, 5, 0.5524730682373047], [1, 7, 0.5174945592880249], [0, 2, 0.515937089920044], [1, 0, 0.4903534948825836], [0, 6, 0.45250385999679565], [1, 4, 0.391204833984375]]",True,1,"[[1, 1, [""hereby establish""]], [1, 7, [""hereby establish""]]]",0.03087570675904611,4,"[[1, 1, 0.05513733742546576], [1, 3, 0.019836775947286826], [1, 7, 0.01765300690438575]]",0.0,2,"[[1, 5, 0.0], [1, 6, 0.0], [1, 7, 0.0]]",20,0.13257575757575757,3,True,0.9507778882980347,2,1,0.9504110217094421,2,1
105,2947,executive_order,"July 03, 2025","May 29, 1969",0.47592881321907043,19,0.5328730046749115,6,"[[0, 4, 0.626990795135498], [1, 4, 0.5881366729736328], [0, 7, 0.5434261560440063], [1, 3, 0.5141240954399109], [1, 6, 0.47627022862434387], [1, 1, 0.44061392545700073], [1, 5, 0.38855117559432983], [1, 2, 0.375347375869751], [1, 0, 0.30013447999954224]]",True,1,"[[1, 1, [""hereby establish""]], [1, 6, [""hereby establish""]]]",0.03489808436692684,3,"[[1, 1, 0.049526911536348694], [1, 2, 0.03700700692527172], [1, 4, 0.018160334639160104]]",0.0,2,"[[1, 5, 0.0], [1, 6, 0.0], [1, 7, 0.0]]",20,0.12739434478564915,4,True,0.28140559792518616,3,1,0.28140559792518616,3,1
105,3403,executive_order,"July 03, 2025","April 27, 1962",0.624104380607605,2,0.5565451085567474,4,"[[0, 1, 0.5781047344207764], [1, 1, 0.5501865148544312], [1, 0, 0.5197844505310059]]",True,1,"[[1, 0, [""hereby establish""]]]",0.019449825581779934,6,"[[1, 0, 0.04269467534848388], [1, 1, 0.013385400486249286], [0, 1, 0.0022694009106066374]]",0.0,2,"[[0, 1, 0.0], [1, 0, 0.0], [1, 1, 0.0]]",20,0.1255827505827506,5,True,0.9653811454772949,1,1,0.9653811454772949,1,1
105,628,executive_order,"July 03, 2025","April 26, 2017",0.498613178730011,14,0.4742869734764099,16,"[[1, 2, 0.5035623908042908], [0, 0, 0.49636563658714294], [1, 1, 0.440108984708786], [1, 3, 0.35440272092819214]]",True,1,"[[0, 0, [""hereby order""]]]",0.05445278714964887,1,"[[1, 3, 0.09733012599345289], [1, 2, 0.06079679285164873], [0, 0, 0.005231442603844979]]",0.0,2,"[[1, 1, 0.0], [1, 2, 0.0], [1, 3, 0.0]]",20,0.12085137085137085,6,True,0.001356401713564992,9,1,0.001356401713564992,9,1
105,1457,executive_order,"July 03, 2025","June 07, 1995",0.5789955854415894,4,0.5577666759490967,3,"[[1, 1, 0.581500768661499], [0, 0, 0.5594604015350342], [0, 2, 0.49419718980789185]]",True,1,"[[1, 1, [""hereby establish""]]]",0.00870686433146271,16,"[[1, 1, 0.012261740437720511], [1, 2, 0.009457686677484462], [1, 0, 0.004401165879183156]]",0.0,2,"[[1, 0, 0.0], [1, 1, 0.0], [1, 2, 0.0]]",20,0.11671058410188845,7,True,0.028870906680822372,7,1,0.028870906680822372,7,1
105,1358,executive_order,"July 03, 2025","September 11, 1997",0.47238457202911377,21,0.48945067822933197,12,"[[1, 7, 0.5461745858192444], [1, 1, 0.5167810320854187], [0, 0, 0.5068948268890381], [0, 3, 0.4842550456523895], [1, 5, 0.4797070026397705], [1, 8, 0.4102970361709595], [1, 2, 0.4039275050163269], [1, 4, 0.37864309549331665], [1, 6, 0.3446199595928192]]",True,1,"[[0, 0, [""hereby order""]], [1, 7, [""hereby establish""]]]",0.014504937813718255,8,"[[1, 5, 0.01709282004556691], [1, 7, 0.015447054871688138], [1, 6, 0.01097493852389972]]",0.0,2,"[[1, 6, 0.0], [1, 7, 0.0], [1, 8, 0.0]]",20,0.11241883116883117,8,True,0.00024632958229631186,10,1,0.000250207755016163,10,1
105,976,executive_order,"July 03, 2025","August 16, 2007",0.5813434720039368,3,0.5206671953201294,7,"[[0, 0, 0.5484914183616638], [1, 0, 0.5067742466926575], [1, 1, 0.47891175746917725]]",True,1,"[[0, 0, [""hereby order""]]]",0.009334842192510987,15,"[[1, 0, 0.015783964575352524], [0, 0, 0.006601806417164955], [1, 1, 0.0056187555850154836]]",0.0,2,"[[0, 1, 0.0], [1, 0, 0.0], [1, 1, 0.0]]",20,0.11106301106301106,9,True,0.1859472095966339,4,1,0.1859472095966339,4,1
105,262,executive_order,"July 03, 2025","January 20, 2025",0.4850417375564575,17,0.4753674119710922,15,"[[0, 0, 0.4869541823863983], [1, 0, 0.44060710072517395]]",True,1,"[[0, 0, [""hereby order""]]]",0.013598491334718745,10,"[[1, 0, 0.021336031026263965], [0, 0, 0.005860951643173525]]",0.0,2,"[[0, 0, 0.0], [1, 0, 0.0]]",20,0.10735930735930736,10,True,0.001972335623577237,8,1,0.001972335623577237,8,1
108,1136,executive_order,"June 30, 2025","January 21, 2003",0.5071461200714111,7,0.5269554853439331,2,"[[0, 1, 0.5858213901519775], [0, 5, 0.49187779426574707], [0, 4, 0.48369500041007996], [0, 8, 0.4809597432613373], [0, 0, 0.4721784293651581], [0, 7, 0.4393830895423889], [0, 6, 0.42874372005462646], [0, 2, 0.42477673292160034], [0, 3, 0.4053703248500824]]",True,1,"[[0, 1, [""hereby establish""]]]",0.028206332955413138,1,"[[0, 1, 0.055497080075558244], [0, 6, 0.01991901584151974], [0, 4, 0.009202902949161432]]",0.0,1,"[[0, 6, 0.0], [0, 7, 0.0], [0, 8, 0.0]]",20,0.1406926406926407,1,True,0.0064882696606218815,6,1,0.0064882696606218815,6,1
108,2964,executive_order,"June 30, 2025","February 14, 1969",0.5437127351760864,1,0.5319352596998215,1,"[[0, 0, 0.5639341473579407], [0, 2, 0.49973034858703613], [0, 1, 0.49385836720466614], [0, 3, 0.44222262501716614]]",False,2,[],0.010997178488219806,5,"[[0, 3, 0.018240137608634417], [0, 2, 0.007740010504371184], [0, 0, 0.00701138735165382]]",0.0,1,"[[0, 1, 0.0], [0, 2, 0.0], [0, 3, 0.0]]",20,0.13523809523809524,2,True,0.011072160676121712,4,1,0.011072160676121712,4,1
108,3496,executive_order,"June 30, 2025","March 01, 1961",0.5374094843864441,3,0.5140130817890167,3,"[[0, 0, 0.5248895883560181], [0, 1, 0.4813835620880127]]",False,2,[],0.010784893040386576,6,"[[0, 0, 0.021569786080773153], [0, 1, 0.0]]",0.0,1,"[[0, 0, 0.0], [0, 1, 0.0]]",20,0.1295588469501513,3,True,0.046378206461668015,1,1,0.046378206461668015,1,1
108,4360,executive_order,"June 30, 2025","June 13, 1949",0.4855826497077942,20,0.4978039264678955,8,"[[0, 0, 0.4978039264678955]]",False,2,[],0.01623720578173403,2,"[[0, 0, 0.01623720578173403]]",0.0,1,"[[0, 0, 0.0]]",20,0.12878787878787878,4,True,0.009340024553239346,5,1,0.009340024553239346,5,1
108,4044,executive_order,"June 30, 2025","August 02, 1952",0.5112965106964111,5,0.4994726777076721,7,"[[0, 0, 0.4994726777076721]]",False,2,[],0.013475336089552498,3,"[[0, 0, 0.013475336089552498]]",0.0,1,"[[0, 0, 0.0]]",20,0.12813434552564987,5,True,0.0007321813027374446,7,1,0.0007321813027374446,7,1
108,3314,executive_order,"June 30, 2025","April 18, 1963",0.4851985573768616,21,0.5049798041582108,5,"[[0, 1, 0.5877680778503418], [0, 2, 0.44968244433403015], [0, 0, 0.4169740378856659], [0, 4, 0.3913137912750244], [0, 5, 0.3843812346458435], [0, 3, 0.3030294179916382]]",True,1,"[[0, 1, [""hereby establish""]]]",0.005135382198010922,8,"[[0, 1, 0.009323238270757369], [0, 4, 0.003139113706147381], [0, 3, 0.0029437946171280175]]",0.0,1,"[[0, 3, 0.0], [0, 4, 0.0], [0, 5, 0.0]]",20,0.12333333333333332,6,True,0.0005442132242023945,9,1,0.0005442132242023945,9,1
108,1191,executive_order,"June 30, 2025","October 08, 2001",0.4926773011684418,15,0.48459233343601227,11,"[[0, 0, 0.5528460144996643], [0, 11, 0.5341625809669495], [0, 24, 0.5048422813415527], [0, 1, 0.49338215589523315], [0, 6, 0.4895201325416565], [0, 9, 0.465578556060791], [0, 25, 0.4538656771183014], [0, 8, 0.4466441869735718], [0, 18, 0.4365960657596588], [0, 14, 0.4363875389099121], [0, 13, 0.43429458141326904], [0, 2, 0.4236539304256439], [0, 20, 0.41152477264404297], [0, 15, 0.40944457054138184], [0, 12, 0.40869832038879395], [0, 22, 0.40524446964263916], [0, 3, 0.4035811424255371], [0, 10, 0.39256513118743896], [0, 26, 0.3893911838531494], [0, 19, 0.3870895206928253], [0, 28, 0.3866667151451111], [0, 16, 0.38199982047080994], [0, 5, 0.3775137662887573], [0, 7, 0.3764188587665558], [0, 17, 0.36155539751052856], [0, 27, 0.35941648483276367], [0, 23, 0.3572161793708801], [0, 4, 0.32382458448410034], [0, 21, 0.26989632844924927]]",False,2,[],0.012214823652339888,4,"[[0, 11, 0.015304991117652027], [0, 3, 0.011126009706217958], [0, 0, 0.010213470133149676]]",0.0,1,"[[0, 26, 0.0], [0, 27, 0.0], [0, 28, 0.0]]",20,0.1215437788018433,7,True,0.014503580518066883,3,1,0.014503580518066883,3,1
108,2282,executive_order,"June 30, 2025","May 16, 1979",0.5061244964599609,8,0.48667071759700775,10,"[[0, 4, 0.5410351753234863], [0, 0, 0.5180009603500366], [0, 10, 0.4915848970413208], [0, 5, 0.4894554615020752], [0, 3, 0.485076904296875], [0, 11, 0.483952134847641], [0, 8, 0.48075398802757263], [0, 7, 0.40395236015319824], [0, 1, 0.40270334482192993], [0, 12, 0.4006999433040619], [0, 9, 0.3829469084739685], [0, 6, 0.3625490069389343], [0, 2, 0.32512831687927246], [0, 13, 0.2844483256340027]]",True,1,"[[0, 5, [""hereby establish""]]]",0.005186393547173485,7,"[[0, 5, 0.008719696144975335], [0, 0, 0.005116054570965752], [0, 10, 0.0017234299255793682]]",0.0,1,"[[0, 11, 0.0], [0, 12, 0.0], [0, 13, 0.0]]",20,0.11798941798941798,8,True,0.0006878511630930007,8,1,0.0006878511630930007,8,1
108,2058,executive_order,"June 30, 2025","April 27, 1982",0.5056278705596924,9,0.5087980628013611,4,"[[0, 0, 0.5181877613067627], [0, 1, 0.48062899708747864]]",False,2,[],0.0,15,"[[0, 0, 0.0], [0, 1, 0.0]]",0.0,1,"[[0, 0, 0.0], [0, 1, 0.0]]",20,0.11785714285714285,9,True,0.043042849749326706,2,1,0.043042849749326706,2,1
108,3307,executive_order,"June 30, 2025","June 13, 1963",0.5097538828849792,6,0.4998302161693573,6,"[[0, 1, 0.5106805562973022], [0, 0, 0.46727919578552246]]",False,2,[],0.0,15,"[[0, 0, 0.0], [0, 1, 0.0]]",0.0,1,"[[0, 0, 0.0], [0, 1, 0.0]]",20,0.11465201465201465,10,True,0.0001308397768298164,10,1,0.0001308397768298164,10,1
112,619,executive_order,"June 06, 2025","May 11, 2017",0.4912923574447632,7,0.4670560657978058,12,"[[6, 1, 0.526656448841095], [6, 10, 0.5219867825508118], [6, 6, 0.5002904534339905], [6, 9, 0.496643990278244], [6, 5, 0.49430525302886963], [2, 6, 0.48812606930732727], [0, 5, 0.48387405276298523], [6, 4, 0.4835004508495331], [6, 3, 0.48164495825767517], [3, 1, 0.47898608446121216], [6, 2, 0.47889968752861023], [6, 8, 0.4776226282119751], [3, 7, 0.4557197093963623], [7, 7, 0.4467743933200836], [5, 3, 0.4319306015968323], [6, 11, 0.42229223251342773], [1, 7, 0.4034510850906372], [0, 0, 0.3932393789291382], [4, 6, 0.39123010635375977]]",True,1,"[[0, 0, [""hereby order""]], [3, 7, [""shall make""]], [5, 1, [""shall provide""]], [5, 2, [""shall submit""]], [5, 4, [""shall provide""]], [5, 5, [""shall provide""]], [5, 8, [""shall submit""]], [5, 9, [""shall provide""]], [5, 10, [""shall submit""]], [5, 11, [""shall provide""]], [6, 2, [""shall submit""]], [6, 8, [""shall submit""]], [6, 10, [""shall submit""]]]",0.09597726582936099,1,"[[6, 10, 0.10854849527238991], [6, 9, 0.09120778234085047], [6, 11, 0.08817551987484257]]",11.0,5,"[[6, 9, 12.0], [7, 3, 11.0], [6, 10, 10.0]]",20,0.11886904761904762,1,True,0.00039821304380893707,8,1,0.00039821304380893707,8,1
112,276,executive_order,"June 06, 2025","January 16, 2025",0.48085692524909973,13,0.47618409991264343,8,"[[3, 4, 0.5479415059089661], [6, 12, 0.5416050553321838], [6, 26, 0.5406688451766968], [3, 18, 0.533927321434021], [6, 24, 0.5316969156265259], [6, 29, 0.5306102633476257], [2, 12, 0.5288074612617493], [6, 5, 0.5201533436775208], [3, 25, 0.5139356851577759], [3, 21, 0.509972333908081], [6, 13, 0.5099164247512817], [6, 15, 0.5062738656997681], [3, 22, 0.4941471517086029], [6, 14, 0.49027055501937866], [6, 3, 0.4851810038089752], [3, 19, 0.48108553886413574], [0, 18, 0.48083820939064026], [6, 20, 0.4803885221481323], [6, 10, 0.47719457745552063], [6, 36, 0.476574569940567], [1, 12, 0.4679906368255615], [6, 37, 0.4636935591697693], [5, 26, 0.4633755683898926], [3, 23, 0.46078574657440186], [7, 13, 0.458626389503479], [6, 16, 0.4581315517425537], [3, 27, 0.4528191387653351], [0, 0, 0.45108407735824585], [6, 35, 0.4459705948829651], [6, 6, 0.44380104541778564], [6, 31, 0.4421223998069763], [6, 28, 0.4406776428222656], [6, 17, 0.4327477216720581], [3, 1, 0.4309784173965454], [6, 11, 0.4302702248096466], [6, 8, 0.4278252422809601], [6, 34, 0.4264638423919678], [6, 30, 0.4261600375175476], [6, 32, 0.4240875244140625], [3, 9, 0.4042730927467346], [4, 18, 0.402961790561676], [6, 7, 0.36717915534973145], [6, 33, 0.35229063034057617], [0, 2, 0.3493901789188385]]",True,1,"[[0, 0, [""hereby order""]], [2, 4, [""shall review""]], [2, 20, [""shall review""]], [2, 25, [""shall review""]], [2, 27, [""shall review""]], [4, 11, [""shall take""]], [4, 19, [""shall take""]], [4, 22, [""shall take""]], [4, 23, [""shall take""]], [4, 29, [""shall take""]], [4, 30, [""shall take""]], [4, 32, [""shall take""]], [4, 37, [""shall take""]], [5, 5, [""shall provide""]], [5, 7, [""shall provide""]], [5, 17, [""shall provide""]], [5, 21, [""shall submit""]], [6, 21, [""shall submit""]]]",0.059234839804712974,8,"[[6, 35, 0.06010180588823265], [5, 35, 0.059100909099928864], [6, 26, 0.05850180442597742]]",16.666666666666668,2,"[[5, 8, 22.0], [6, 11, 14.0], [6, 26, 14.0]]",20,0.11688311688311688,2,True,0.0013892750721424818,4,2,0.0013892750721424818,4,2
112,1133,executive_order,"June 06, 2025","February 28, 2003",0.49412575364112854,5,0.4849369376897812,4,"[[1, 2, 0.5515551567077637], [2, 2, 0.5269368886947632], [0, 18, 0.5261923670768738], [1, 20, 0.5219610333442688], [6, 51, 0.5206242799758911], [0, 44, 0.51739102602005], [2, 16, 0.5160614848136902], [3, 34, 0.5126879811286926], [6, 45, 0.50800621509552], [0, 26, 0.506558895111084], [0, 48, 0.5064321756362915], [0, 30, 0.5062131285667419], [2, 52, 0.5060333609580994], [6, 53, 0.5023310780525208], [0, 23, 0.4986385107040405], [0, 19, 0.4972343146800995], [6, 35, 0.4960688352584839], [2, 17, 0.49606773257255554], [6, 32, 0.49269312620162964], [0, 6, 0.4925538897514343], [0, 24, 0.4865817427635193], [1, 5, 0.4831738770008087], [6, 33, 0.4810292422771454], [0, 22, 0.47445935010910034], [7, 20, 0.4739333391189575], [0, 39, 0.473711758852005], [2, 13, 0.4724549949169159], [2, 3, 0.4723353385925293], [0, 31, 0.4722899794578552], [0, 49, 0.4693792462348938], [6, 50, 0.46849462389945984], [0, 8, 0.4676205515861511], [1, 46, 0.4670148193836212], [2, 47, 0.4668090343475342], [1, 36, 0.46569952368736267], [1, 27, 0.4650622010231018], [1, 29, 0.4647466540336609], [5, 19, 0.4619036316871643], [2, 9, 0.45953747630119324], [2, 12, 0.45870375633239746], [2, 1, 0.4564273953437805], [0, 0, 0.4494422972202301], [2, 10, 0.44912582635879517], [4, 22, 0.44209668040275574], [6, 41, 0.44113782048225403], [6, 28, 0.43947163224220276], [6, 42, 0.43809542059898376], [1, 37, 0.4372389316558838], [2, 14, 0.43448030948638916], [0, 25, 0.430891752243042], [0, 38, 0.43072548508644104], [1, 40, 0.4302411675453186], [6, 21, 0.42340290546417236], [0, 7, 0.4138040542602539], [2, 11, 0.3945152759552002], [1, 43, 0.391023188829422], [2, 15, 0.3794475793838501], [1, 4, 0.37510836124420166], [1, 54, 0.37455761432647705]]",True,1,"[[0, 8, [""hereby order""]], [5, 10, [""shall ensure""]], [5, 11, [""shall provide""]], [5, 13, [""shall ensure""]], [5, 14, [""shall provide""]], [5, 15, [""shall provide""]]]",0.07203935957372164,3,"[[2, 17, 0.0887625612757145], [2, 13, 0.06623693377001699], [6, 28, 0.061118583675433394]]",0.0,12,"[[0, 0, 0.0], [7, 53, 0.0], [7, 54, 0.0]]",20,0.11639492753623187,3,True,0.004776481539011002,2,2,0.004776481539011002,2,2
112,675,executive_order,"June 06, 2025","October 13, 2016",0.4753199815750122,17,0.4777345061302185,7,"[[6, 13, 0.558613657951355], [3, 15, 0.5357034802436829], [1, 3, 0.5131552219390869], [3, 1, 0.5125830173492432], [3, 14, 0.5102771520614624], [1, 2, 0.5026960968971252], [3, 16, 0.49847111105918884], [2, 1, 0.49759775400161743], [2, 7, 0.47702473402023315], [0, 1, 0.47587719559669495], [6, 11, 0.46966636180877686], [7, 1, 0.46928146481513977], [1, 6, 0.4652980864048004], [0, 0, 0.4652038812637329], [2, 10, 0.45483073592185974], [3, 5, 0.4399106502532959], [5, 15, 0.42942458391189575], [3, 4, 0.4259609878063202], [6, 12, 0.42284876108169556], [7, 9, 0.4115836024284363], [4, 9, 0.40347570180892944], [6, 8, 0.39919984340667725], [3, 17, 0.39837443828582764]]",True,1,"[[0, 0, [""hereby order""]], [3, 15, [""shall make""]], [5, 4, [""shall ensure""]], [5, 6, [""shall ensure""]], [5, 12, [""shall provide""]], [5, 13, [""shall provide""]]]",0.056081597286757656,9,"[[6, 8, 0.057001056637098604], [5, 15, 0.05625866210775215], [5, 14, 0.05498507311542222]]",15.0,3,"[[5, 14, 21.0], [5, 15, 12.0], [6, 15, 12.0]]",20,0.1149980565272919,4,True,0.0011247574584558606,6,1,0.0011247574584558606,6,1
112,439,executive_order,"June 06, 2025","January 18, 2021",0.7092103958129883,1,0.5551633834838867,1,"[[6, 2, 0.6192067861557007], [0, 2, 0.6054409742355347], [0, 0, 0.5953510999679565], [6, 1, 0.5650057196617126], [2, 1, 0.545927882194519], [5, 1, 0.5445035696029663], [3, 2, 0.5278099179267883], [7, 2, 0.4724923372268677], [1, 1, 0.43985775113105774], [4, 1, 0.38187187910079956]]",True,1,"[[2, 1, [""shall review""]], [2, 2, [""shall review""]]]",0.031536344873355604,13,"[[3, 2, 0.03528888764218544], [5, 2, 0.03457281432559918], [6, 2, 0.024747332652282177]]",10.333333333333334,7,"[[5, 1, 20.0], [5, 2, 11.0], [7, 2, 0.0]]",20,0.11495911495911496,5,True,0.9529258608818054,1,1,0.9529258608818054,1,1
112,546,executive_order,"June 06, 2025","May 15, 2019",0.47907209396362305,15,0.4855475127696991,3,"[[6, 5, 0.5842558741569519], [3, 5, 0.5341969728469849], [6, 4, 0.5115243196487427], [2, 5, 0.49554768204689026], [0, 1, 0.49300840497016907], [6, 3, 0.47443416714668274], [7, 5, 0.45760035514831543], [3, 2, 0.44640493392944336], [5, 5, 0.44214755296707153], [1, 5, 0.436039000749588], [4, 5, 0.42026591300964355], [0, 0, 0.4196462333202362]]",True,1,"[[0, 1, [""hereby order""]], [5, 4, [""shall provide""]]]",0.06420972709679346,5,"[[7, 5, 0.07280612965656488], [5, 5, 0.068162294808227], [6, 5, 0.051660756825588496]]",0.0,12,"[[7, 3, 0.0], [7, 4, 0.0], [7, 5, 0.0]]",20,0.11472826086956522,6,True,0.00018667822587303817,10,1,0.00018667822587303817,10,1
112,264,executive_order,"June 06, 2025","January 20, 2025",0.4823600947856903,12,0.4635425806045532,13,"[[6, 14, 0.5359824299812317], [2, 6, 0.5040510296821594], [2, 5, 0.5028308629989624], [4, 5, 0.5009105801582336], [1, 6, 0.4957617521286011], [0, 5, 0.48703429102897644], [4, 3, 0.48128944635391235], [4, 11, 0.47673746943473816], [0, 0, 0.47660404443740845], [1, 1, 0.4722183048725128], [6, 15, 0.4721551537513733], [7, 9, 0.46986889839172363], [3, 14, 0.4621873199939728], [4, 12, 0.4586557149887085], [6, 17, 0.4561847448348999], [6, 23, 0.45471397042274475], [4, 26, 0.44839638471603394], [2, 7, 0.44413065910339355], [5, 14, 0.43202728033065796], [4, 27, 0.4302803874015808], [0, 4, 0.430001437664032], [4, 19, 0.4276646673679352], [6, 20, 0.4266279339790344], [6, 24, 0.42106109857559204], [4, 18, 0.41801589727401733], [4, 22, 0.4144745469093323], [4, 2, 0.41400033235549927], [4, 8, 0.41208094358444214], [6, 16, 0.40897199511528015], [4, 28, 0.40178391337394714], [5, 25, 0.40073633193969727], [4, 10, 0.3951229751110077], [6, 21, 0.3898298740386963], [2, 13, 0.3476366102695465]]",True,1,"[[0, 0, [""hereby order""]], [4, 2, [""shall take""]], [4, 3, [""shall take""]], [4, 5, [""shall take""]], [4, 6, [""shall take""]], [4, 8, [""shall take""]], [4, 9, [""shall take""]], [4, 11, [""shall take""]], [4, 12, [""shall take""]], [4, 15, [""shall take""]], [4, 18, [""shall take""]], [4, 20, [""shall take""]], [4, 21, [""shall take""]], [4, 22, [""shall take""]], [4, 25, [""shall take""]], [4, 26, [""shall take""]], [4, 27, [""shall take""]], [5, 4, [""shall ensure""]], [7, 16, [""shall promptly take""]], [7, 17, [""shall promptly take""]], [7, 23, [""shall promptly take""]]]",0.07279711323996337,2,"[[6, 14, 0.0865581116846672], [6, 5, 0.06840407734809435], [7, 5, 0.06342915068712854]]",10.666666666666666,6,"[[6, 14, 12.0], [5, 23, 10.0], [6, 23, 10.0]]",20,0.11421911421911422,7,True,0.0027362213004380465,3,1,0.0027362213004380465,3,1
112,1191,executive_order,"June 06, 2025","October 08, 2001",0.5359340310096741,2,0.4813590347766876,5,"[[2, 13, 0.5547905564308167], [2, 14, 0.5498101711273193], [0, 22, 0.5479459762573242], [1, 24, 0.51179039478302], [6, 22, 0.508533775806427], [2, 0, 0.5042195320129395], [2, 1, 0.5033758282661438], [6, 6, 0.49802684783935547], [6, 23, 0.4913784861564636], [2, 10, 0.48458194732666016], [6, 15, 0.4829663932323456], [2, 2, 0.47936755418777466], [5, 14, 0.4772554337978363], [3, 24, 0.47366470098495483], [7, 5, 0.4712798595428467], [0, 26, 0.46682050824165344], [6, 17, 0.4641640782356262], [2, 19, 0.45942506194114685], [2, 11, 0.4580268859863281], [7, 25, 0.4579889476299286], [7, 8, 0.45593518018722534], [2, 16, 0.4486422836780548], [0, 7, 0.4481220245361328], [0, 28, 0.44562774896621704], [6, 20, 0.44298797845840454], [2, 9, 0.44152501225471497], [6, 3, 0.43956685066223145], [0, 27, 0.4392003118991852], [2, 12, 0.4381263852119446], [2, 18, 0.43002885580062866], [4, 13, 0.42173194885253906], [2, 4, 0.4099184274673462], [1, 21, 0.3128357529640198]]",True,1,"[[2, 10, [""shall review""]], [2, 16, [""shall review""]], [5, 17, [""shall provide""]], [5, 18, [""shall provide""]]]",0.06702570591710343,4,"[[2, 9, 0.09219883353031348], [2, 10, 0.05717939270963432], [2, 17, 0.05169889151136249]]",0.0,12,"[[7, 26, 0.0], [7, 27, 0.0], [7, 28, 0.0]]",20,0.11291666666666667,8,True,0.0003514382697176188,9,1,0.0003514382697176188,9,1
112,292,executive_order,"June 06, 2025","September 26, 2024",0.4689924418926239,18,0.48107172548770905,6,"[[2, 1, 0.601054310798645], [1, 1, 0.5049511194229126], [7, 4, 0.4929094612598419], [7, 3, 0.4883846044540405], [6, 4, 0.4804290533065796], [6, 2, 0.46308600902557373], [3, 4, 0.4611279368400574], [0, 2, 0.45605117082595825], [5, 2, 0.43937939405441284], [0, 0, 0.3809293210506439], [4, 3, 0.379063218832016]]",True,1,"[[0, 0, [""hereby order""]], [1, 1, [""hereby establish""]], [5, 2, [""shall submit""]], [6, 2, [""shall submit""]]]",0.061584143683850144,6,"[[2, 1, 0.08428668317097118], [6, 4, 0.05342838197473622], [5, 4, 0.04703736590584301]]",10.0,8,"[[6, 2, 10.0], [6, 3, 10.0], [6, 4, 10.0]]",20,0.11263736263736264,9,True,0.0007978334906511009,7,1,0.0007978334906511009,7,1
112,783,executive_order,"June 06, 2025","February 12, 2013",0.4925680160522461,6,0.46770964562892914,11,"[[2, 11, 0.5312804579734802], [6, 16, 0.5218847393989563], [6, 6, 0.5093909502029419], [6, 15, 0.5072119235992432], [3, 6, 0.5007694959640503], [6, 21, 0.4979422092437744], [2, 2, 0.4963602125644684], [6, 7, 0.49460193514823914], [4, 4, 0.4930034875869751], [7, 2, 0.47673067450523376], [6, 20, 0.47412586212158203], [6, 17, 0.4735901951789856], [0, 0, 0.46571964025497437], [6, 19, 0.45546436309814453], [2, 5, 0.44270241260528564], [6, 1, 0.4392240643501282], [1, 2, 0.437528133392334], [5, 3, 0.4344961643218994], [6, 14, 0.42155176401138306], [6, 22, 0.41933342814445496], [6, 9, 0.4174900949001312], [3, 12, 0.4120546579360962], [3, 8, 0.4106115400791168], [2, 18, 0.4097045063972473], [0, 13, 0.3629148602485657], [3, 10, 0.3224231004714966]]",True,1,"[[0, 0, [""hereby order""]], [2, 17, [""shall review""]], [3, 15, [""shall make""]], [3, 16, [""shall make""]], [5, 10, [""shall provide""]], [5, 11, [""shall provide""]], [5, 12, [""shall provide""]], [5, 18, [""shall provide""]]]",0.059281471326634215,7,"[[4, 2, 0.0683845841653258], [6, 2, 0.05743985561428758], [6, 16, 0.05201997420028926]]",11.0,5,"[[5, 0, 13.0], [6, 0, 10.0], [6, 16, 10.0]]",20,0.10929510155316607,10,True,0.0013885233784094453,5,1,0.0013885233784094453,5,1
115,3766,executive_order,"June 06, 2025","January 28, 1956",0.425312340259552,20,0.49019084870815277,4,"[[4, 3, 0.5842918753623962], [4, 5, 0.5764706134796143], [5, 3, 0.5531802773475647], [4, 2, 0.5382712483406067], [4, 4, 0.5344794988632202], [1, 3, 0.4664403200149536], [3, 3, 0.4581187665462494], [5, 0, 0.44303762912750244], [4, 6, 0.4426776170730591], [2, 3, 0.44186699390411377], [5, 1, 0.39654475450515747], [0, 0, 0.3648720383644104]]",False,2,[],0.04419691766929056,1,"[[4, 4, 0.1221301633879049], [3, 0, 0.005281314986628734], [4, 0, 0.00517927463333802]]",0.0,2,"[[5, 4, 0.0], [5, 5, 0.0], [5, 6, 0.0]]",20,0.13474025974025974,1,True,0.002957902615889907,4,1,0.002957902615889907,4,1
115,3537,executive_order,"June 06, 2025","August 11, 1960",0.428853839635849,18,0.515685111284256,1,"[[1, 2, 0.5808171629905701], [5, 2, 0.522451639175415], [2, 2, 0.5224120020866394], [3, 2, 0.5118564963340759], [2, 0, 0.49571505188941956], [0, 2, 0.47990861535072327], [4, 2, 0.47732752561569214], [1, 1, 0.4701916575431824]]",False,2,[],0.029770866718111622,6,"[[5, 2, 0.03638088563916766], [1, 2, 0.03593510942112273], [2, 2, 0.0169966050940445]]",0.0,2,"[[5, 0, 0.0], [5, 1, 0.0], [5, 2, 0.0]]",20,0.13153513153513152,2,True,0.000810387369710952,6,1,0.000810387369710952,6,1
115,1596,executive_order,"June 06, 2025","December 03, 1992",0.4209422171115875,23,0.5138226002454758,2,"[[1, 7, 0.5993097424507141], [1, 6, 0.5860758423805237], [2, 7, 0.581479549407959], [1, 3, 0.5666707158088684], [1, 1, 0.5636600255966187], [1, 2, 0.5391839742660522], [5, 3, 0.5339096188545227], [4, 3, 0.5214637517929077], [0, 3, 0.4987974762916565], [3, 3, 0.4891202747821808], [1, 8, 0.4622673988342285], [1, 4, 0.3778643012046814], [2, 5, 0.36937469244003296], [1, 0, 0.34827926754951477]]",False,2,[],0.026048185094917024,8,"[[4, 3, 0.03099012687717764], [4, 6, 0.02400486747846193], [5, 2, 0.023149560929111513]]",0.0,2,"[[5, 6, 0.0], [5, 7, 0.0], [5, 8, 0.0]]",20,0.12662337662337664,3,True,2.9083441404509358e-05,10,1,2.9083441404509358e-05,10,1
115,201,executive_order,"June 06, 2025","February 19, 2025",0.42019355297088623,24,0.45307542383670807,10,"[[4, 5, 0.5059040784835815], [2, 0, 0.4930442273616791], [4, 2, 0.4821012616157532], [3, 2, 0.47360265254974365], [1, 0, 0.47163355350494385], [4, 3, 0.444257915019989], [1, 1, 0.4439825117588043], [0, 0, 0.4413222670555115], [1, 4, 0.3949733078479767], [5, 3, 0.3672754764556885], [4, 6, 0.36721372604370117]]",True,1,"[[0, 0, [""hereby order""]], [3, 6, [""shall issue""]], [4, 2, [""shall provide""]]]",0.03451567791660315,3,"[[4, 2, 0.04510154289341766], [3, 2, 0.033249854343688906], [1, 2, 0.025195636512702874]]",0.0,2,"[[5, 4, 0.0], [5, 5, 0.0], [5, 6, 0.0]]",20,0.12226613965744401,4,True,0.0035106490831822157,3,1,0.0035106490831822157,3,1
115,3271,executive_order,"June 06, 2025","April 01, 1964",0.5666468143463135,1,0.44328585267066956,13,"[[3, 0, 0.5287152528762817], [4, 0, 0.4826054573059082], [5, 0, 0.4610525667667389], [0, 0, 0.41520288586616516], [2, 0, 0.3965740203857422], [1, 0, 0.3868870437145233], [5, 1, 0.354082316160202]]",False,2,[],0.03619637808794997,2,"[[3, 0, 0.04430396235752118], [5, 0, 0.035313497584691836], [4, 0, 0.02897167432163689]]",0.0,2,"[[4, 1, 0.0], [5, 0, 0.0], [5, 1, 0.0]]",20,0.12121212121212122,5,True,0.17895591259002686,1,1,0.17895591259002686,1,1
115,149,executive_order,"June 06, 2025","April 09, 2025",0.4448181688785553,10,0.44494760036468506,12,"[[0, 0, 0.5091926455497742], [2, 0, 0.47889453172683716], [1, 3, 0.469032347202301], [1, 6, 0.4653890132904053], [1, 4, 0.46221476793289185], [1, 5, 0.4395374357700348], [3, 7, 0.43935248255729675], [1, 1, 0.42658209800720215], [4, 8, 0.4236117899417877], [0, 2, 0.36295849084854126], [5, 8, 0.3540397882461548]]",True,1,"[[0, 0, [""hereby order""]], [3, 3, [""shall issue""]], [4, 1, [""shall provide""]], [4, 4, [""shall provide""]], [4, 5, [""shall provide""]], [4, 7, [""shall provide""]]]",0.03350944197723862,4,"[[3, 1, 0.04572868521636019], [1, 1, 0.028665194425728836], [4, 1, 0.026134446289626807]]",3.3333333333333335,1,"[[3, 1, 10.0], [5, 6, 0.0], [5, 8, 0.0]]",20,0.12053571428571427,6,True,0.0002396868512732908,7,1,0.0002396868512732908,7,1
115,152,executive_order,"June 06, 2025","April 09, 2025",0.4384072721004486,12,0.4937593340873718,3,"[[1, 3, 0.5258456468582153], [3, 2, 0.5159473419189453], [4, 4, 0.5153967142105103], [2, 3, 0.5093741416931152], [2, 0, 0.4936961233615875], [0, 0, 0.47554704546928406], [2, 1, 0.4533337354660034], [5, 1, 0.37793779373168945]]",True,1,"[[0, 0, [""hereby order""]], [3, 2, [""shall issue""]], [4, 1, [""shall provide""]], [4, 3, [""shall provide""]]]",0.01636339643271621,12,"[[4, 4, 0.021064763775878896], [3, 2, 0.016209837480575244], [4, 2, 0.01181558804169448]]",0.0,2,"[[5, 2, 0.0], [5, 3, 0.0], [5, 4, 0.0]]",20,0.12018280632411067,7,True,9.610241977497935e-05,8,1,9.610241977497935e-05,8,1
115,3569,executive_order,"June 06, 2025","November 27, 1959",0.46194764971733093,5,0.48950254917144775,5,"[[5, 0, 0.5283143520355225], [4, 0, 0.5068700313568115], [1, 0, 0.4679957628250122], [2, 0, 0.41929852962493896], [3, 0, 0.4140438437461853], [0, 0, 0.3676220178604126]]",False,2,[],0.016497952193829005,11,"[[5, 0, 0.02677388961120223], [3, 0, 0.011864523465866948], [1, 0, 0.01085544350441783]]",0.0,2,"[[3, 0, 0.0], [4, 0, 0.0], [5, 0, 0.0]]",20,0.11771260997067448,8,True,5.562206206377596e-05,9,1,5.562206206377596e-05,9,1
115,642,executive_order,"June 06, 2025","February 24, 2017",0.42987897992134094,17,0.43423841893672943,15,"[[0, 0, 0.4825945198535919], [1, 5, 0.45809170603752136], [3, 1, 0.4496520757675171], [4, 4, 0.4397534132003784], [2, 3, 0.4348551630973816], [1, 6, 0.3931392431259155], [4, 2, 0.37092554569244385], [5, 1, 0.3496185541152954]]",True,1,"[[0, 0, [""hereby order""]], [3, 6, [""shall issue""]], [4, 5, [""shall provide""]], [5, 4, [""shall seek""]]]",0.029901449838197775,5,"[[0, 0, 0.049756207083780535], [1, 5, 0.02228387158618258], [1, 1, 0.01766427084463021]]",0.0,2,"[[5, 4, 0.0], [5, 5, 0.0], [5, 6, 0.0]]",20,0.11402597402597403,9,True,0.02779562398791313,2,1,0.02779562398791313,2,1
115,810,executive_order,"June 06, 2025","May 01, 2012",0.4578849673271179,6,0.4810010939836502,6,"[[4, 3, 0.5786280632019043], [4, 1, 0.5496819019317627], [4, 0, 0.5391941666603088], [4, 2, 0.47812777757644653], [5, 3, 0.4732719957828522], [1, 3, 0.38913312554359436], [3, 3, 0.38427475094795227], [2, 3, 0.38283413648605347], [0, 3, 0.3454233407974243]]",True,1,"[[0, 0, [""hereby order""]]]",0.010109207856440513,15,"[[3, 1, 0.012486375344279654], [4, 1, 0.010918423306101786], [3, 2, 0.006922824918940099]]",0.0,2,"[[5, 1, 0.0], [5, 2, 0.0], [5, 3, 0.0]]",20,0.11248751248751249,10,True,0.0018969200318679214,5,1,0.0018969200318679214,5,1
120,448,executive_order,"May 23, 2025","January 05, 2021",0.6718003749847412,1,0.5797368884086609,1,"[[1, 1, 0.6761400699615479], [0, 0, 0.6715763807296753], [6, 6, 0.6257679462432861], [3, 6, 0.5978158712387085], [0, 7, 0.5760393142700195], [0, 4, 0.5749754905700684], [7, 6, 0.565232515335083], [0, 3, 0.5547388195991516], [0, 2, 0.5489463210105896], [4, 7, 0.5344107151031494], [5, 4, 0.5317249298095703], [2, 6, 0.5033103823661804], [4, 5, 0.4643557369709015], [8, 6, 0.4501780867576599]]",True,1,"[[0, 0, [""hereby order""]], [5, 2, [""shall identify""]], [7, 6, [""shall consult""]]]",0.06723074362722818,2,"[[7, 7, 0.07858382354956378], [1, 1, 0.06163733558315249], [3, 6, 0.06147107174896829]]",27.333333333333332,2,"[[7, 7, 43.0], [7, 3, 27.0], [0, 0, 12.0]]",20,0.13852813852813853,1,True,0.9643214344978333,1,1,0.9643214344978333,1,1
120,159,executive_order,"May 23, 2025","April 08, 2025",0.5428060293197632,4,0.5026852935552597,3,"[[4, 13, 0.5972784757614136], [7, 5, 0.5906819105148315], [3, 11, 0.561653733253479], [1, 13, 0.5479006171226501], [6, 13, 0.5281649231910706], [0, 13, 0.5148024559020996], [0, 12, 0.5060194730758667], [5, 8, 0.5001553297042847], [8, 13, 0.49575257301330566], [5, 7, 0.4892103672027588], [0, 0, 0.46582362055778503], [7, 4, 0.4628047049045563], [7, 6, 0.4579419493675232], [2, 13, 0.4570811986923218], [3, 10, 0.45139074325561523], [8, 2, 0.4050208330154419], [4, 3, 0.39612454175949097], [5, 1, 0.3767770826816559], [5, 9, 0.3577946424484253]]",True,1,"[[0, 0, [""hereby order""]], [2, 1, [""shall designate""]], [4, 1, [""shall designate""]], [5, 4, [""shall identify""]], [5, 6, [""shall identify""]], [5, 11, [""shall identify""]]]",0.07900830453124875,1,"[[4, 13, 0.08795449710448962], [7, 4, 0.07574115192170049], [7, 5, 0.07332926456755616]]",25.333333333333332,3,"[[7, 13, 34.0], [7, 4, 21.0], [7, 11, 21.0]]",20,0.13457556935817805,2,True,0.7799928784370422,2,1,0.7799928784370422,2,1
120,1260,executive_order,"May 23, 2025","June 21, 2000",0.5100916624069214,9,0.47959408164024353,6,"[[5, 1, 0.5661706924438477], [0, 0, 0.5015289783477783], [6, 1, 0.4919726848602295], [8, 2, 0.4733141362667084], [2, 2, 0.4557187557220459], [1, 0, 0.4456107020378113], [8, 3, 0.43701761960983276], [4, 2, 0.4356529414653778], [7, 1, 0.43176567554473877], [3, 0, 0.38038790225982666]]",False,2,[],0.055667559375726865,4,"[[7, 2, 0.08043108023641506], [3, 2, 0.043706104999880854], [1, 2, 0.04286549289088468]]",6.666666666666667,7,"[[7, 2, 20.0], [8, 1, 0.0], [8, 3, 0.0]]",20,0.11716524216524216,3,True,0.007011795416474342,6,1,0.007011795416474342,6,1
120,802,executive_order,"May 23, 2025","June 25, 2012",0.5124585628509521,8,0.4629673361778259,9,"[[5, 1, 0.5513998866081238], [0, 0, 0.5042423009872437], [6, 1, 0.480709433555603], [1, 0, 0.479562371969223], [8, 2, 0.4656186103820801], [2, 2, 0.45655515789985657], [7, 1, 0.4346982538700104], [4, 2, 0.432259738445282], [3, 4, 0.39406293630599976], [8, 3, 0.3815114200115204]]",False,2,[],0.05809897933474592,3,"[[7, 2, 0.08208458159241487], [3, 2, 0.04994944660713312], [1, 2, 0.04226290980468978]]",6.666666666666667,7,"[[7, 2, 20.0], [8, 2, 0.0], [8, 3, 0.0]]",20,0.1149980565272919,4,True,0.0032986511941999197,9,1,0.0032986511941999197,9,1
120,554,executive_order,"May 23, 2025","March 26, 2019",0.5008540749549866,13,0.4714242070913315,7,"[[1, 14, 0.5349172353744507], [3, 8, 0.5292311310768127], [0, 2, 0.5263665318489075], [0, 9, 0.5152301788330078], [6, 2, 0.5015444755554199], [7, 2, 0.4884033799171448], [2, 2, 0.4685799479484558], [1, 11, 0.4661707282066345], [0, 1, 0.4656376242637634], [0, 3, 0.46400684118270874], [3, 12, 0.46351873874664307], [3, 5, 0.45985090732574463], [1, 10, 0.45629608631134033], [5, 12, 0.4527408480644226], [4, 11, 0.4514124393463135], [1, 16, 0.450743168592453], [0, 0, 0.43900516629219055], [1, 15, 0.4280775487422943], [2, 4, 0.41965627670288086], [5, 7, 0.4183410704135895], [2, 13, 0.4123058319091797], [8, 9, 0.38794445991516113], [6, 6, 0.3791351914405823]]",True,1,"[[0, 0, [""hereby order""]], [3, 4, [""shall provide""]], [5, 3, [""shall identify""]], [5, 11, [""shall identify""]], [6, 6, [""shall implement""]], [6, 13, [""shall implement""]], [8, 4, [""shall provide""]]]",0.039162826500866395,13,"[[7, 1, 0.04762701373507266], [2, 2, 0.034990487299885645], [7, 2, 0.034870978467640895]]",28.0,1,"[[7, 3, 34.0], [7, 1, 30.0], [7, 16, 20.0]]",20,0.11495911495911496,5,True,0.00040765260928310454,10,1,0.00040765260928310454,10,1
120,248,executive_order,"May 23, 2025","January 20, 2025",0.539905846118927,5,0.45906537771224976,10,"[[3, 6, 0.5117728114128113], [4, 4, 0.5053722858428955], [2, 2, 0.5004220008850098], [1, 12, 0.49991482496261597], [6, 2, 0.4912964999675751], [3, 5, 0.49009227752685547], [5, 4, 0.4812126159667969], [5, 3, 0.4766547679901123], [7, 6, 0.46852824091911316], [0, 0, 0.4664924740791321], [8, 6, 0.45242810249328613], [4, 11, 0.4419734477996826], [5, 15, 0.44001272320747375], [2, 8, 0.4180643856525421], [3, 13, 0.41725876927375793], [4, 10, 0.3916206955909729], [2, 9, 0.37438449263572693], [8, 7, 0.3614858090877533], [0, 1, 0.33963412046432495], [3, 14, 0.27282074093818665]]",True,1,"[[0, 0, [""hereby order""]], [3, 5, [""shall provide""]], [3, 6, [""shall provide""]], [3, 7, [""shall provide""]], [5, 2, [""shall identify""]], [5, 4, [""shall identify""]], [5, 5, [""shall identify""]], [5, 14, [""shall identify""]], [8, 5, [""shall provide""]], [8, 6, [""shall provide""]], [8, 7, [""shall provide""]]]",0.052706070578836924,7,"[[3, 13, 0.059920728911641116], [1, 5, 0.04942166257831201], [7, 13, 0.04877582024655767]]",10.333333333333334,5,"[[7, 15, 11.0], [3, 5, 10.0], [3, 13, 10.0]]",20,0.11037037037037037,6,True,0.009268012829124928,5,1,0.009268012829124928,5,1
120,1761,executive_order,"May 23, 2025","November 18, 1988",0.49665385484695435,16,0.4395376592874527,14,"[[3, 7, 0.5092678070068359], [0, 7, 0.49647757411003113], [0, 9, 0.4702119827270508], [6, 7, 0.4529978036880493], [6, 6, 0.4519682228565216], [0, 5, 0.4485483765602112], [5, 9, 0.4480496644973755], [2, 6, 0.447147935628891], [2, 2, 0.44549083709716797], [1, 9, 0.4322862923145294], [2, 3, 0.4301881194114685], [7, 9, 0.4236988127231598], [0, 4, 0.40661588311195374], [0, 8, 0.4039597511291504], [8, 6, 0.4033583402633667], [0, 1, 0.4025519788265228], [4, 7, 0.38361454010009766], [0, 0, 0.38095176219940186]]",True,1,"[[0, 0, [""hereby order""]]]",0.05490583832898821,5,"[[7, 9, 0.07772591052367192], [3, 9, 0.04584677432873973], [7, 7, 0.04114483013455299]]",7.333333333333333,6,"[[7, 7, 22.0], [8, 7, 0.0], [8, 9, 0.0]]",20,0.10787330316742082,7,True,0.006191542372107506,7,2,0.006191542372107506,7,2
120,816,executive_order,"May 23, 2025","March 16, 2012",0.5025461316108704,12,0.45885898172855377,11,"[[0, 0, 0.5131924152374268], [2, 5, 0.5116591453552246], [2, 4, 0.4999818801879883], [6, 9, 0.49416279792785645], [5, 6, 0.48374688625335693], [6, 7, 0.47190672159194946], [6, 2, 0.4661818742752075], [2, 12, 0.46393612027168274], [1, 6, 0.4625096321105957], [3, 3, 0.46114295721054077], [0, 1, 0.45983895659446716], [2, 11, 0.4511629641056061], [2, 10, 0.44218412041664124], [4, 2, 0.42771807312965393], [7, 9, 0.42436298727989197], [6, 8, 0.42350074648857117], [8, 3, 0.40578287839889526], [3, 13, 0.39393991231918335], [6, 15, 0.37120282649993896], [7, 14, 0.33703166246414185]]",True,1,"[[0, 0, [""hereby order""]], [3, 10, [""shall provide""]], [3, 15, [""shall provide""]], [7, 3, [""shall consult""]], [8, 10, [""shall provide""]], [8, 15, [""shall provide""]]]",0.04824916529157075,10,"[[7, 13, 0.05068015950664483], [7, 1, 0.04911172054953405], [7, 6, 0.04495561581853336]]",13.333333333333334,4,"[[7, 13, 30.0], [3, 7, 10.0], [8, 15, 0.0]]",20,0.10725806451612903,8,True,0.0052182229701429605,8,2,0.0052182229701429605,8,2
120,278,executive_order,"May 23, 2025","January 14, 2025",0.5335887670516968,6,0.46393588185310364,8,"[[4, 2, 0.5672889947891235], [4, 5, 0.516402542591095], [4, 3, 0.5068937540054321], [0, 0, 0.505924642086029], [3, 6, 0.4941745400428772], [3, 8, 0.4669409394264221], [1, 2, 0.4585934281349182], [3, 7, 0.4562126696109772], [5, 2, 0.44690948724746704], [6, 2, 0.42920374870300293], [4, 4, 0.4151275157928467], [3, 1, 0.39991116523742676], [7, 2, 0.39016085863113403], [2, 5, 0.36960116028785706], [8, 2, 0.36011216044425964]]",True,1,"[[0, 0, [""hereby order""]], [2, 5, [""shall designate""]], [3, 8, [""shall provide""]], [4, 5, [""shall designate""]], [5, 2, [""shall identify""]], [7, 7, [""shall consult""]], [8, 8, [""shall provide""]]]",0.049939895791883106,8,"[[7, 4, 0.05414325122848229], [7, 2, 0.05153467857027135], [6, 6, 0.04414175757689569]]",4.0,8,"[[0, 0, 12.0], [8, 6, 0.0], [8, 7, 0.0]]",20,0.10714285714285714,9,True,0.2144189476966858,4,2,0.2144189476966858,4,2
120,2361,executive_order,"May 23, 2025","May 11, 1978",0.5255774259567261,7,0.5226955413818359,2,"[[7, 1, 0.6490506529808044], [6, 1, 0.5546589493751526], [3, 1, 0.5479431748390198], [4, 1, 0.5456510782241821], [5, 1, 0.5289440155029297], [1, 1, 0.5238327383995056], [2, 1, 0.48449233174324036], [2, 0, 0.4800625443458557], [0, 1, 0.4800306558609009], [8, 1, 0.4455910623073578], [8, 2, 0.42032864689826965]]",True,1,"[[0, 0, [""hereby order""]], [7, 1, [""shall consult""]]]",0.017802771708456802,16,"[[7, 1, 0.02457543753187917], [3, 1, 0.015360430830790297], [6, 1, 0.01347244676270094]]",0.0,10,"[[8, 0, 0.0], [8, 1, 0.0], [8, 2, 0.0]]",20,0.10656565656565656,10,True,0.3090237081050873,3,1,0.3023911118507385,3,1
123,361,executive_order,"May 09, 2025","December 13, 2021",0.4816187620162964,17,0.5161134153604507,4,"[[1, 2, 0.5578298568725586], [0, 3, 0.5334833860397339], [1, 5, 0.5273537039756775], [0, 4, 0.5240685939788818], [0, 0, 0.5133775472640991], [0, 1, 0.4738953411579132], [0, 7, 0.4155350923538208], [0, 6, 0.34701815247535706]]",True,1,"[[0, 0, [""hereby order""]], [1, 1, [""shall review""]], [1, 5, [""shall submit""]]]",0.03025367672390099,5,"[[1, 2, 0.03341911790847654], [1, 4, 0.028974998448769544], [1, 5, 0.02836691381445689]]",3.3333333333333335,2,"[[1, 0, 10.0], [1, 5, 0.0], [1, 7, 0.0]]",20,0.12712121212121213,1,True,0.0007066998368827626,4,2,0.0007067493861541152,4,2
123,4496,executive_order,"May 09, 2025","February 04, 1948",0.4726641774177551,24,0.49645501375198364,7,"[[1, 1, 0.5134220719337463], [0, 2, 0.5018527507781982], [0, 0, 0.44054317474365234]]",False,2,[],0.03984379871828066,2,"[[1, 0, 0.05175186058678192], [0, 0, 0.035758064194487474], [1, 2, 0.03202147137357257]]",0.0,3,"[[1, 0, 0.0], [1, 1, 0.0], [1, 2, 0.0]]",20,0.1259698433611477,2,True,0.007232763338834047,3,1,0.007232763338834047,3,1
123,4418,executive_order,"May 09, 2025","October 09, 1948",0.4790685474872589,18,0.47355441749095917,15,"[[1, 0, 0.4799362123012543], [0, 0, 0.45440900325775146]]",True,1,"[[0, 0, [""hereby order""]]]",0.05971708443042879,1,"[[1, 0, 0.07578188932452266], [0, 0, 0.04365227953633493]]",0.0,3,"[[0, 0, 0.0], [1, 0, 0.0]]",20,0.1196687370600414,3,True,0.000205022151931189,7,1,0.000205022151931189,7,1
123,2375,executive_order,"May 09, 2025","March 23, 1978",0.5475491285324097,4,0.5226804614067078,2,"[[1, 8, 0.5767698287963867], [0, 0, 0.576373815536499], [1, 9, 0.5463382005691528], [0, 1, 0.5234187841415405], [0, 6, 0.5039282441139221], [0, 10, 0.5000076293945312], [0, 5, 0.4264766573905945], [0, 7, 0.39852970838546753], [0, 3, 0.38435348868370056], [0, 2, 0.38325822353363037], [0, 4, 0.33722546696662903]]",True,1,"[[1, 1, [""shall review""]], [1, 8, [""shall submit""]]]",0.015746789743651138,13,"[[1, 8, 0.03118936995307048], [0, 8, 0.01237167235730943], [0, 10, 0.0036793269205735]]",0.0,3,"[[1, 8, 0.0], [1, 9, 0.0], [1, 10, 0.0]]",20,0.11923583662714098,4,True,6.402006692951545e-05,10,1,6.402006692951545e-05,10,1
123,201,executive_order,"May 09, 2025","February 19, 2025",0.4728744626045227,22,0.48652733862400055,11,"[[0, 0, 0.5206166505813599], [1, 2, 0.5019562840461731], [0, 1, 0.4959484934806824], [0, 3, 0.48570165038108826], [0, 5, 0.43220454454421997], [0, 6, 0.3988747000694275], [0, 4, 0.3970750570297241]]",True,1,"[[0, 0, [""hereby order""]]]",0.033039169710726686,3,"[[1, 2, 0.05093183955679052], [1, 6, 0.02515875746470473], [1, 4, 0.02302691211068481]]",0.0,3,"[[1, 4, 0.0], [1, 5, 0.0], [1, 6, 0.0]]",20,0.11921458625525946,5,True,0.0004108485300093889,6,1,0.0004108485300093889,6,1
123,227,executive_order,"May 09, 2025","January 31, 2025",0.597988486289978,1,0.5189892053604126,3,"[[0, 0, 0.5692543983459473], [0, 1, 0.5092875957489014], [1, 1, 0.4997757375240326], [0, 2, 0.47583648562431335], [0, 3, 0.4594748616218567]]",True,1,"[[0, 0, [""hereby order""]]]",0.012404242131153305,15,"[[1, 1, 0.01772854158550503], [1, 3, 0.012763503356060949], [0, 0, 0.0067206814518939294]]",0.0,3,"[[1, 1, 0.0], [1, 2, 0.0], [1, 3, 0.0]]",20,0.115527950310559,6,True,0.10087861120700836,2,1,0.10087861120700836,2,1
123,2245,executive_order,"May 09, 2025","November 30, 1979",0.5476642847061157,3,0.5267357677221298,1,"[[1, 4, 0.5570682287216187], [0, 0, 0.5529832243919373], [1, 3, 0.4974253475666046], [1, 2, 0.48564839363098145], [0, 1, 0.4835933446884155], [1, 5, 0.41395658254623413]]",True,1,"[[0, 0, [""hereby order""]], [1, 3, [""shall review""]]]",0.005295104400533573,21,"[[1, 3, 0.011056547820676822], [1, 4, 0.0024753271204309554], [0, 0, 0.002353438260492939]]",0.0,3,"[[1, 3, 0.0], [1, 4, 0.0], [1, 5, 0.0]]",20,0.11548755239105185,7,True,7.632232882315293e-05,9,1,7.572842878289521e-05,9,1
123,1558,executive_order,"May 09, 2025","September 11, 1993",0.5337557792663574,8,0.5111084580421448,5,"[[0, 0, 0.5666427612304688], [0, 1, 0.48732322454452515], [1, 1, 0.42382505536079407]]",True,1,"[[0, 0, [""hereby order""]]]",0.015514926583193506,14,"[[1, 1, 0.029627155146073107], [0, 1, 0.010602046533830595], [1, 0, 0.006315578069676813]]",0.0,3,"[[0, 1, 0.0], [1, 0, 0.0], [1, 1, 0.0]]",20,0.11289002557544757,8,True,0.00015781863476149738,8,1,0.00015781863476149738,8,1
123,1921,executive_order,"May 09, 2025","January 04, 1985",0.5412511825561523,5,0.4802749454975128,14,"[[1, 1, 0.5040038824081421], [0, 1, 0.4904271960258484], [0, 3, 0.46933120489120483], [0, 0, 0.46441590785980225], [0, 2, 0.4617322087287903], [0, 4, 0.44730144739151], [0, 5, 0.4332215487957001]]",True,1,"[[1, 1, [""shall submit""]], [1, 3, [""shall submit""]], [1, 4, [""shall submit""]]]",0.02246632585618107,8,"[[1, 5, 0.03028086536725586], [1, 1, 0.026204798101501923], [0, 5, 0.01091331409978543]]",3.6666666666666665,1,"[[1, 1, 11.0], [1, 3, 0.0], [1, 5, 0.0]]",20,0.11274509803921567,9,True,0.00048406238784082234,5,1,0.00048406238784082234,5,1
123,642,executive_order,"May 09, 2025","February 24, 2017",0.5364354848861694,6,0.4894047677516937,10,"[[0, 0, 0.5222297310829163], [0, 3, 0.4969345033168793], [1, 5, 0.4942604601383209], [0, 1, 0.4888470470905304], [0, 4, 0.48051416873931885], [0, 6, 0.4308108687400818], [0, 2, 0.38035401701927185]]",True,1,"[[0, 0, [""hereby order""]]]",0.02089712788622698,9,"[[1, 6, 0.023579245526140827], [1, 5, 0.023238960876255724], [1, 1, 0.015873177256284378]]",0.0,3,"[[1, 4, 0.0], [1, 5, 0.0], [1, 6, 0.0]]",20,0.11129435282358821,10,True,0.10894504189491272,1,1,0.10894504189491272,1,1
124,558,executive_order,"May 09, 2025","March 05, 2019",0.5294025540351868,2,0.5150348544120789,1,"[[1, 4, 0.5780823230743408], [3, 4, 0.5545686483383179], [4, 6, 0.5493611097335815], [3, 3, 0.5492641925811768], [3, 2, 0.5486817359924316], [1, 0, 0.5042449831962585], [3, 5, 0.49960941076278687], [0, 4, 0.49126291275024414], [1, 7, 0.4632560610771179], [1, 1, 0.44285669922828674], [2, 7, 0.3924754858016968]]",True,1,"[[0, 0, [""hereby order""]], [4, 6, [""shall provide""]]]",0.13676265132728535,1,"[[4, 6, 0.2986515470634705], [3, 1, 0.0664993179768009], [3, 7, 0.04513708894158462]]",0.0,4,"[[4, 5, 0.0], [4, 6, 0.0], [4, 7, 0.0]]",20,0.1369047619047619,1,True,0.001008343417197466,8,1,0.001008343417197466,8,1
124,597,executive_order,"May 09, 2025","January 09, 2018",0.5115143060684204,4,0.5028457343578339,2,"[[3, 2, 0.574705183506012], [1, 1, 0.5030333995819092], [1, 0, 0.4832254648208618], [0, 0, 0.4823667109012604], [4, 1, 0.4408779442310333], [2, 1, 0.4258672893047333]]",True,1,"[[0, 0, [""hereby order""]]]",0.05561120365094594,5,"[[3, 2, 0.10340070567225643], [1, 2, 0.042101086747283224], [4, 1, 0.02133181853329818]]",12.0,2,"[[3, 2, 24.0], [1, 2, 12.0], [4, 1, 0.0]]",20,0.13090909090909092,2,True,0.014063626527786255,2,1,0.014063626527786255,2,1
124,794,executive_order,"May 09, 2025","August 31, 2012",0.5044516324996948,5,0.4788598567247391,5,"[[3, 8, 0.5769965648651123], [3, 2, 0.5521527528762817], [1, 2, 0.5441933870315552], [1, 0, 0.5254268050193787], [3, 4, 0.5164733529090881], [3, 9, 0.5036928057670593], [4, 2, 0.5012658834457397], [0, 2, 0.48333531618118286], [3, 5, 0.4733274281024933], [4, 1, 0.45459431409835815], [1, 3, 0.4409504532814026], [2, 9, 0.42353856563568115], [4, 7, 0.36088794469833374], [4, 6, 0.30112847685813904], [4, 10, 0.26476144790649414]]",True,1,"[[4, 9, [""shall provide""]]]",0.10307289426356601,2,"[[4, 4, 0.16557302157472503], [4, 0, 0.08189656427825964], [4, 2, 0.061749096937713334]]",0.0,4,"[[4, 8, 0.0], [4, 9, 0.0], [4, 10, 0.0]]",20,0.12712121212121213,3,True,0.019568676128983498,1,1,0.019568676128983498,1,1
124,1669,executive_order,"May 09, 2025","February 14, 1991",0.5296348333358765,1,0.49604178965091705,4,"[[4, 0, 0.5303573608398438], [0, 1, 0.5021965503692627], [1, 1, 0.482595294713974], [3, 0, 0.4541168808937073], [2, 1, 0.40976688265800476]]",True,1,"[[0, 0, [""hereby order""]]]",0.04149793068850203,7,"[[4, 0, 0.0666163616224005], [1, 0, 0.031119634803943915], [2, 0, 0.026757795639161662]]",0.0,4,"[[3, 1, 0.0], [4, 0, 0.0], [4, 1, 0.0]]",20,0.12037037037037036,4,True,0.010570487938821316,3,1,0.010570487938821316,3,1
124,1983,executive_order,"May 09, 2025","July 29, 1983",0.4445986747741699,21,0.4983011335134506,3,"[[4, 1, 0.5281186699867249], [4, 0, 0.5075966119766235], [1, 0, 0.4811118543148041], [2, 1, 0.47476571798324585], [0, 0, 0.46962109208106995], [3, 1, 0.440105676651001]]",True,1,"[[0, 0, [""hereby order""]], [4, 1, [""shall provide""]]]",0.026557517242820298,11,"[[4, 1, 0.035162402501347625], [4, 0, 0.02913937638083885], [1, 1, 0.015370772846274416]]",0.0,4,"[[3, 1, 0.0], [4, 0, 0.0], [4, 1, 0.0]]",20,0.1174029920523609,5,True,0.006145091727375984,5,1,0.006097561679780483,5,1
124,324,executive_order,"May 09, 2025","April 18, 2023",0.4988999366760254,7,0.45151524245738983,11,"[[1, 18, 0.5889203548431396], [1, 19, 0.5575206875801086], [3, 18, 0.554707407951355], [0, 18, 0.519295334815979], [1, 7, 0.5023659467697144], [3, 6, 0.5001360774040222], [4, 19, 0.4488522410392761], [1, 2, 0.4400472640991211], [3, 14, 0.43798333406448364], [0, 1, 0.42839163541793823], [1, 20, 0.41737231612205505], [4, 4, 0.4070390462875366], [2, 14, 0.3924561142921448], [1, 5, 0.3794522285461426], [4, 15, 0.3732144236564636], [4, 17, 0.3723710775375366], [1, 10, 0.36729538440704346], [4, 13, 0.3652677536010742], [0, 3, 0.35789167881011963], [4, 11, 0.3565289378166199], [0, 0, 0.3336707055568695], [1, 8, 0.3287290632724762], [4, 12, 0.32496315240859985], [1, 16, 0.3095470666885376], [4, 9, 0.297158807516098]]",True,1,"[[0, 0, [""hereby order""]], [1, 6, [""shall take""]], [1, 14, [""shall take""]], [1, 18, [""shall take""]], [2, 6, [""shall take""]], [2, 14, [""shall take""]], [2, 18, [""shall take""]], [3, 6, [""shall take""]], [3, 14, [""shall take""]], [3, 18, [""shall take""]], [4, 12, [""shall provide""]], [4, 19, [""shall provide""]]]",0.044992257815561654,6,"[[4, 18, 0.053572742043698954], [3, 19, 0.04145912241059331], [4, 19, 0.03994490899239271]]",12.0,2,"[[3, 19, 24.0], [1, 19, 12.0], [4, 19, 0.0]]",20,0.11617414843221295,6,True,0.001404068898409605,6,2,0.001404068898409605,6,2
124,344,executive_order,"May 09, 2025","June 15, 2022",0.4658312201499939,15,0.4074132740497589,21,"[[1, 12, 0.493064820766449], [3, 18, 0.4482816755771637], [4, 18, 0.4240647554397583], [1, 11, 0.4218503534793854], [4, 7, 0.42033258080482483], [1, 10, 0.41917863488197327], [4, 21, 0.41558265686035156], [4, 19, 0.41308993101119995], [4, 8, 0.4121544659137726], [4, 20, 0.4121336042881012], [1, 6, 0.40882623195648193], [0, 12, 0.40630480647087097], [4, 14, 0.3933184742927551], [3, 1, 0.38864174485206604], [4, 17, 0.38168275356292725], [4, 15, 0.37689054012298584], [1, 3, 0.3718503713607788], [4, 16, 0.3665754795074463], [1, 5, 0.36494073271751404], [4, 13, 0.3649163246154785], [2, 8, 0.3536836504936218], [1, 9, 0.34300497174263], [1, 4, 0.3418039083480835], [0, 0, 0.33019110560417175], [1, 2, 0.28611457347869873]]",True,1,"[[0, 0, [""hereby order""]]]",0.08550577166272327,3,"[[3, 17, 0.1528003347062529], [3, 19, 0.05281815061417723], [3, 18, 0.05089882966773969]]",12.666666666666666,1,"[[3, 17, 26.0], [1, 17, 12.0], [4, 19, 0.0]]",20,0.11548755239105185,7,True,0.00038401132042054087,10,2,0.00038401132042054087,10,2
124,901,executive_order,"May 09, 2025","November 09, 2009",0.5147042274475098,3,0.45819759368896484,6,"[[1, 4, 0.513196587562561], [1, 6, 0.49466487765312195], [0, 0, 0.48936817049980164], [3, 4, 0.4765799045562744], [1, 1, 0.4736625552177429], [2, 0, 0.45983609557151794], [4, 6, 0.4557824730873108], [2, 5, 0.44726815819740295], [1, 7, 0.43398937582969666], [1, 3, 0.38372695446014404], [1, 2, 0.2636636197566986]]",True,1,"[[1, 5, [""shall take""]], [2, 5, [""shall take""]], [3, 5, [""shall take""]], [4, 4, [""shall provide""]]]",0.023607593128253227,12,"[[2, 5, 0.032053470010649024], [1, 1, 0.020961980497964314], [2, 1, 0.017807328876146347]]",0.0,4,"[[4, 5, 0.0], [4, 6, 0.0], [4, 7, 0.0]]",20,0.11137820512820512,8,True,0.0010322310263291001,7,1,0.0010242064017802477,7,1
124,812,executive_order,"May 09, 2025","April 27, 2012",0.452354371547699,18,0.4544163793325424,9,"[[4, 5, 0.48069941997528076], [2, 5, 0.48015648126602173], [2, 1, 0.47855958342552185], [0, 5, 0.46899646520614624], [2, 6, 0.46574845910072327], [4, 3, 0.4603133201599121], [1, 5, 0.4568207859992981], [0, 0, 0.4414844512939453], [3, 3, 0.43793511390686035], [4, 2, 0.4231564402580261], [4, 4, 0.3574157953262329]]",True,1,"[[0, 0, [""hereby order""]], [1, 3, [""shall take""]], [2, 3, [""shall take""]], [3, 3, [""shall take""]], [4, 5, [""shall provide""]]]",0.03668303513159144,9,"[[4, 5, 0.05009509493470888], [4, 6, 0.034129508507693994], [4, 2, 0.025824501952371452]]",0.0,4,"[[4, 4, 0.0], [4, 5, 0.0], [4, 6, 0.0]]",20,0.11063218390804597,9,True,0.0005747861578129232,9,1,0.0005747861578129232,9,1
124,1205,executive_order,"May 09, 2025","May 28, 2001",0.4615544378757477,16,0.4152400940656662,17,"[[3, 0, 0.4939127266407013], [3, 1, 0.46769648790359497], [1, 0, 0.436746209859848], [4, 1, 0.4246608018875122], [2, 1, 0.3969475030899048], [0, 0, 0.38270676136016846], [3, 3, 0.3336489200592041], [3, 2, 0.318683385848999]]",True,1,"[[0, 0, [""hereby order""]]]",0.06148481435110442,4,"[[4, 0, 0.09725332292604799], [3, 1, 0.047480137375361525], [2, 0, 0.039720982751903736]]",0.0,4,"[[4, 1, 0.0], [4, 2, 0.0], [4, 3, 0.0]]",20,0.11036036036036036,10,True,0.008847354911267757,4,1,0.008916126564145088,4,1
125,441,executive_order,"May 09, 2025","January 18, 2021",0.8855661153793335,1,0.7451829612255096,1,"[[0, 0, 0.7895212173461914], [2, 1, 0.7199591398239136], [1, 0, 0.6973967552185059]]",True,1,"[[0, 0, [""hereby order""]], [1, 1, [""shall provide""]]]",0.18140532166303688,1,"[[2, 1, 0.2348012071191464], [0, 0, 0.1860880623317834], [1, 0, 0.1233266955381808]]",78.0,1,"[[0, 0, 89.0], [2, 1, 77.0], [1, 0, 68.0]]",20,0.14285714285714285,1,True,0.9981756210327148,1,1,0.9981756210327148,1,1
125,201,executive_order,"May 09, 2025","February 19, 2025",0.5238773822784424,2,0.4940098077058792,2,"[[2, 5, 0.5156741738319397], [1, 5, 0.5069262385368347], [0, 0, 0.5008237361907959], [1, 2, 0.49925437569618225], [0, 3, 0.4883503317832947], [0, 1, 0.4770890474319458], [2, 6, 0.44862163066864014], [2, 4, 0.43166786432266235]]",True,1,"[[0, 0, [""hereby order""]], [1, 2, [""shall provide""]]]",0.05158387808432169,2,"[[1, 2, 0.09061603950688084], [1, 1, 0.03705893895760736], [2, 2, 0.02707665578847687]]",3.6666666666666665,4,"[[1, 2, 11.0], [2, 4, 0.0], [2, 5, 0.0]]",20,0.13257575757575757,2,True,0.0025509123224765062,4,1,0.002453428227454424,4,1
125,642,executive_order,"May 09, 2025","February 24, 2017",0.5067141056060791,3,0.47449223697185516,3,"[[0, 0, 0.5397417545318604], [2, 5, 0.4830907881259918], [1, 1, 0.4784716069698334], [0, 3, 0.4359641373157501], [0, 4, 0.42310264706611633], [2, 6, 0.4121597707271576], [1, 2, 0.367317795753479]]",True,1,"[[0, 0, [""hereby order""]], [1, 5, [""shall provide""]]]",0.029327732872636517,8,"[[1, 1, 0.034893348484681355], [1, 6, 0.029543863195056242], [2, 5, 0.023545986938171958]]",4.0,3,"[[1, 1, 12.0], [2, 4, 0.0], [2, 5, 0.0]]",20,0.12267080745341614,3,True,0.03676946461200714,2,1,0.03676946461200714,2,1
125,453,executive_order,"May 09, 2025","December 14, 2020",0.4879765510559082,6,0.45951761305332184,7,"[[1, 1, 0.5145286321640015], [2, 1, 0.49545934796333313], [2, 2, 0.47212615609169006], [0, 0, 0.46020594239234924], [0, 5, 0.4030461013317108], [1, 4, 0.39505916833877563], [1, 3, 0.3288578391075134]]",True,1,"[[0, 0, [""hereby order""]], [2, 1, [""shall submit a report""]], [2, 2, [""shall submit a report""]]]",0.03867152271871365,4,"[[1, 1, 0.04858986030104478], [2, 1, 0.04173644403917528], [2, 2, 0.025688263815920893]]",3.3333333333333335,5,"[[1, 0, 10.0], [2, 4, 0.0], [2, 5, 0.0]]",20,0.1187037037037037,4,True,0.001700722612440586,6,1,0.001700722612440586,6,1
125,527,executive_order,"May 09, 2025","October 09, 2019",0.5018402934074402,5,0.46864840388298035,4,"[[2, 1, 0.5112207531929016], [1, 1, 0.5102094411849976], [1, 0, 0.4772260785102844], [0, 0, 0.4603703022003174], [2, 2, 0.34164297580718994]]",True,1,"[[0, 0, [""hereby order""]], [2, 1, [""shall submit a report""]]]",0.016837093540042477,16,"[[2, 1, 0.01942764004837895], [2, 0, 0.016187126829054065], [1, 0, 0.01489651374269441]]",5.0,2,"[[0, 0, 15.0], [2, 1, 0.0], [2, 2, 0.0]]",20,0.11489898989898989,5,True,0.027376487851142883,3,1,0.027376487851142883,3,1
125,1921,executive_order,"May 09, 2025","January 04, 1985",0.4789942502975464,7,0.4661739319562912,5,"[[2, 4, 0.5077641606330872], [1, 3, 0.5063663721084595], [1, 1, 0.4965817332267761], [2, 2, 0.4550362229347229], [0, 3, 0.421142578125], [1, 0, 0.41352903842926025], [0, 5, 0.34426331520080566]]",False,2,[],0.022205537884562667,12,"[[1, 3, 0.025084563262057973], [1, 2, 0.02377333259144089], [1, 1, 0.017758717800189127]]",3.6666666666666665,4,"[[1, 1, 11.0], [2, 4, 0.0], [2, 5, 0.0]]",20,0.11291666666666667,6,True,0.0002531563804950565,8,1,0.0002531563804950565,8,1
125,783,executive_order,"May 09, 2025","February 12, 2013",0.43533194065093994,18,0.41448141634464264,13,"[[2, 21, 0.4941292703151703], [2, 7, 0.4876932203769684], [1, 21, 0.47752881050109863], [2, 6, 0.43814876675605774], [2, 2, 0.4052780568599701], [1, 4, 0.4039849638938904], [2, 20, 0.4028910994529724], [2, 16, 0.40268474817276], [2, 1, 0.39725881814956665], [0, 4, 0.3965809941291809], [2, 14, 0.3925701379776001], [2, 15, 0.38835155963897705], [2, 12, 0.38761886954307556], [1, 8, 0.3749563694000244], [2, 11, 0.36745941638946533], [2, 22, 0.3632778823375702], [2, 5, 0.3626502752304077], [2, 9, 0.33559340238571167], [1, 19, 0.325964093208313], [2, 17, 0.3248916566371918], [1, 18, 0.317037969827652], [2, 3, 0.31578969955444336], [2, 0, 0.3048771917819977], [2, 10, 0.29797548055648804], [2, 13, 0.2852294445037842]]",True,1,"[[0, 0, [""hereby order""]], [1, 10, [""shall provide""]], [1, 11, [""shall provide""]], [1, 12, [""shall provide""]], [1, 18, [""shall provide""]], [2, 21, [""shall submit a report""]]]",0.033104281348640775,5,"[[1, 21, 0.03776792673331362], [2, 1, 0.031933276144300714], [1, 19, 0.029611641168307994]]",0.0,6,"[[2, 20, 0.0], [2, 21, 0.0], [2, 22, 0.0]]",20,0.10876456876456878,7,True,0.00047285447362810373,7,1,0.00047285447362810373,7,1
125,302,executive_order,"May 09, 2025","February 28, 2024",0.4249550700187683,25,0.4112151712179184,18,"[[2, 5, 0.4776334762573242], [2, 6, 0.4740060567855835], [2, 7, 0.47045770287513733], [2, 2, 0.4341236352920532], [1, 6, 0.42451339960098267], [0, 2, 0.40134644508361816], [2, 8, 0.3831869661808014], [2, 3, 0.3480958044528961], [2, 4, 0.34409087896347046], [0, 1, 0.3423476815223694], [0, 0, 0.2174510955810547]]",True,1,"[[0, 0, [""hereby order""]], [2, 7, [""shall submit a report""]], [2, 8, [""shall submit a report""]]]",0.04546226608324087,3,"[[1, 7, 0.04974351268917922], [2, 7, 0.047838558840765294], [1, 2, 0.03880472671977808]]",0.0,6,"[[2, 6, 0.0], [2, 7, 0.0], [2, 8, 0.0]]",20,0.10825558880478789,8,True,7.745738912490197e-05,10,2,7.745738912490197e-05,10,2
125,227,executive_order,"May 09, 2025","January 31, 2025",0.44500550627708435,11,0.4428118169307709,8,"[[0, 0, 0.46889084577560425], [1, 1, 0.45297130942344666], [0, 2, 0.4299684464931488], [2, 1, 0.41948163509368896], [2, 3, 0.40220558643341064]]",True,1,"[[0, 0, [""hereby order""]], [1, 1, [""shall provide""]], [1, 3, [""shall provide""]]]",0.023428521886757966,11,"[[1, 1, 0.029654301381332862], [1, 2, 0.022278220888310777], [0, 0, 0.01835304339063026]]",3.3333333333333335,5,"[[1, 1, 10.0], [2, 1, 0.0], [2, 3, 0.0]]",20,0.10797235023041474,9,True,0.001782196224667132,5,1,0.0018102108733728528,5,1
125,345,executive_order,"May 09, 2025","May 25, 2022",0.4566803574562073,9,0.41405345499515533,14,"[[2, 16, 0.4975441098213196], [2, 7, 0.47228002548217773], [1, 16, 0.4662759304046631], [2, 2, 0.46098563075065613], [2, 32, 0.4598597288131714], [2, 10, 0.44839367270469666], [2, 11, 0.4387047290802002], [1, 19, 0.4364432990550995], [1, 21, 0.41610395908355713], [2, 17, 0.4102932810783386], [2, 30, 0.40581244230270386], [2, 15, 0.40098443627357483], [1, 20, 0.3987225294113159], [1, 27, 0.3901393413543701], [2, 12, 0.3882983922958374], [1, 0, 0.38694486021995544], [2, 8, 0.3861221671104431], [2, 3, 0.38580989837646484], [2, 28, 0.38489633798599243], [2, 5, 0.3819408416748047], [0, 0, 0.37716686725616455], [2, 4, 0.3721889555454254], [2, 6, 0.3695518970489502], [2, 18, 0.3562955856323242], [2, 29, 0.3498309254646301], [1, 22, 0.3495083451271057], [2, 31, 0.347403347492218], [2, 23, 0.3456127643585205], [2, 13, 0.3332862854003906], [2, 14, 0.3300882577896118], [2, 25, 0.3293660283088684], [1, 26, 0.3246753513813019], [2, 1, 0.32196930050849915], [2, 24, 0.2539252042770386], [2, 9, 0.242690309882164]]",False,2,[],0.032457679861571755,6,"[[1, 26, 0.04297070116118362], [1, 15, 0.02845456607960275], [1, 11, 0.0259477723439289]]",0.0,6,"[[2, 30, 0.0], [2, 31, 0.0], [2, 32, 0.0]]",20,0.10633484162895929,10,True,0.00012371729826554656,9,2,0.0001236821226484608,9,2
126,337,executive_order,"May 05, 2025","September 12, 2022",0.540685772895813,1,0.49810317158699036,5,"[[5, 9, 0.5730366110801697], [5, 6, 0.5661801099777222], [5, 3, 0.560845136642456], [0, 22, 0.5544769763946533], [5, 11, 0.547678530216217], [0, 23, 0.5468629598617554], [5, 1, 0.5459507703781128], [3, 6, 0.5409984588623047], [5, 20, 0.5331159830093384], [0, 0, 0.5278445482254028], [3, 4, 0.5179735422134399], [6, 6, 0.5155311226844788], [4, 14, 0.5135169625282288], [4, 17, 0.5060692429542542], [5, 7, 0.4995265603065491], [7, 9, 0.49898651242256165], [3, 2, 0.49796605110168457], [0, 28, 0.49698787927627563], [6, 5, 0.490545392036438], [5, 19, 0.4896869361400604], [0, 12, 0.4881173074245453], [0, 27, 0.48617100715637207], [1, 23, 0.47961002588272095], [5, 21, 0.47846895456314087], [2, 1, 0.47663968801498413], [0, 8, 0.4675114154815674], [4, 16, 0.4595712423324585], [5, 29, 0.45671772956848145], [5, 24, 0.444015234708786], [2, 15, 0.43802782893180847], [5, 26, 0.4311923682689667], [5, 30, 0.42775627970695496], [5, 18, 0.42568737268447876], [0, 13, 0.4119313955307007], [8, 9, 0.408344566822052], [0, 10, 0.39462050795555115], [3, 25, 0.39374491572380066]]",True,1,"[[0, 0, [""hereby order""]], [1, 8, [""shall establish""]], [1, 14, [""shall establish""]], [2, 8, [""shall establish""]], [2, 14, [""shall establish""]], [3, 6, [""shall report""]], [3, 16, [""shall report""]], [3, 17, [""shall report""]], [3, 19, [""shall report""]], [3, 24, [""shall report""]], [5, 3, [""shall develop""]], [5, 11, [""shall develop""]], [7, 15, [""shall provide""]], [7, 26, [""shall provide""]], [7, 30, [""shall provide""]], [8, 15, [""shall provide""]], [8, 26, [""shall provide""]], [8, 30, [""shall provide""]]]",0.06410810677399331,6,"[[5, 19, 0.06577259765924662], [2, 2, 0.0653270238282906], [5, 9, 0.061224698834442697]]",20.333333333333332,1,"[[3, 3, 22.0], [5, 2, 22.0], [5, 3, 17.0]]",20,0.1260805860805861,1,True,0.0008687075751367956,3,2,0.0008687075751367956,3,2
126,545,executive_order,"May 05, 2025","June 11, 2019",0.46722641587257385,15,0.4792248457670212,11,"[[5, 2, 0.6039143204689026], [4, 2, 0.5174403190612793], [5, 7, 0.5172768235206604], [3, 2, 0.5170348882675171], [2, 2, 0.4976586401462555], [5, 5, 0.4794774055480957], [4, 1, 0.47424817085266113], [5, 6, 0.47252577543258667], [5, 4, 0.4710889756679535], [1, 2, 0.45103126764297485], [5, 3, 0.4505649507045746], [6, 2, 0.4296034574508667], [0, 7, 0.41916415095329285], [8, 2, 0.4183069169521332], [7, 2, 0.41592973470687866], [4, 0, 0.4028714895248413]]",True,1,"[[0, 0, [""hereby order""]], [5, 3, [""shall develop""]], [5, 6, [""shall develop""]], [5, 7, [""shall develop""]], [7, 2, [""shall provide""]], [8, 2, [""shall provide""]]]",0.06773116068067521,2,"[[5, 2, 0.09618295612492754], [1, 2, 0.06912736218575005], [2, 2, 0.03788316373134805]]",10.0,6,"[[3, 6, 10.0], [3, 7, 10.0], [5, 2, 10.0]]",20,0.11617414843221295,2,True,0.00011235327838221565,10,1,0.00011235327838221565,10,1
126,560,executive_order,"May 05, 2025","February 11, 2019",0.46033358573913574,18,0.4774288088083267,12,"[[5, 3, 0.5701333284378052], [5, 10, 0.5407304763793945], [5, 8, 0.5255060791969299], [6, 3, 0.5235679745674133], [2, 10, 0.49831444025039673], [5, 4, 0.4931628406047821], [6, 5, 0.48620086908340454], [5, 14, 0.48402485251426697], [1, 3, 0.48358669877052307], [4, 3, 0.483161062002182], [3, 10, 0.48202037811279297], [4, 1, 0.48121893405914307], [5, 2, 0.475909948348999], [8, 13, 0.466651976108551], [5, 12, 0.46333178877830505], [5, 16, 0.4571267366409302], [0, 0, 0.4491746723651886], [7, 5, 0.4314596652984619], [5, 15, 0.42340660095214844], [5, 7, 0.42319923639297485], [5, 11, 0.4191668629646301], [5, 6, 0.4033714532852173], [1, 9, 0.3816860318183899]]",True,1,"[[0, 0, [""hereby order""]], [7, 9, [""shall provide""]], [7, 16, [""shall provide""]], [8, 9, [""shall provide""]], [8, 16, [""shall provide""]]]",0.06636154913382528,4,"[[5, 10, 0.0802124001745622], [2, 10, 0.06213575671961512], [5, 8, 0.0567364905072985]]",10.333333333333334,5,"[[3, 16, 11.0], [5, 8, 10.0], [5, 10, 10.0]]",20,0.11291666666666667,3,True,0.0006512682302854955,4,1,0.0006512682302854955,4,1
126,315,executive_order,"May 05, 2025","July 28, 2023",0.501038670539856,5,0.48495054244995117,8,"[[6, 1, 0.543354868888855], [5, 5, 0.5395062565803528], [1, 1, 0.5289129614830017], [6, 2, 0.5271301865577698], [3, 5, 0.5227466225624084], [2, 1, 0.5186864733695984], [6, 3, 0.5127595067024231], [5, 8, 0.4845314025878906], [5, 4, 0.4779643416404724], [4, 1, 0.4752561151981354], [7, 3, 0.47347015142440796], [5, 7, 0.46593230962753296], [1, 6, 0.46116143465042114], [0, 1, 0.44486096501350403], [0, 0, 0.439358651638031], [8, 4, 0.41186976432800293], [5, 10, 0.38486218452453613], [5, 9, 0.38287216424942017]]",True,1,"[[0, 0, [""hereby order""]], [1, 10, [""shall establish""]], [2, 10, [""shall establish""]], [3, 5, [""shall report""]], [4, 3, [""shall ensure""]], [4, 7, [""shall ensure""]], [4, 10, [""shall ensure""]], [5, 9, [""shall develop""]], [6, 3, [""shall ensure""]], [6, 7, [""shall ensure""]], [6, 10, [""shall ensure""]], [7, 7, [""shall provide""]], [7, 10, [""shall provide""]], [8, 7, [""shall provide""]], [8, 10, [""shall provide""]]]",0.057599422886451035,10,"[[5, 8, 0.06469442802969665], [2, 2, 0.0543663232557888], [3, 8, 0.053737517373867665]]",11.0,4,"[[1, 2, 11.0], [2, 2, 11.0], [5, 2, 11.0]]",20,0.11071428571428571,4,True,0.00046917638974264264,6,1,0.00046917638974264264,6,1
126,299,executive_order,"May 05, 2025","March 18, 2024",0.5000389814376831,6,0.5046785175800323,4,"[[2, 6, 0.5931928753852844], [5, 1, 0.5738574266433716], [5, 7, 0.5672889351844788], [6, 5, 0.5564314126968384], [1, 6, 0.545072615146637], [4, 1, 0.5198544263839722], [3, 1, 0.512072741985321], [8, 5, 0.5098673105239868], [2, 10, 0.5072042942047119], [6, 8, 0.4717741906642914], [1, 2, 0.4639265537261963], [7, 2, 0.46175655722618103], [5, 9, 0.44006428122520447], [1, 3, 0.4256446957588196], [0, 0, 0.4231950044631958], [2, 4, 0.3416464924812317]]",True,1,"[[0, 0, [""hereby order""]], [1, 1, [""shall establish""]], [2, 1, [""shall establish""]], [3, 1, [""shall report""]], [3, 9, [""shall report""]], [5, 4, [""shall develop""]], [5, 7, [""shall develop""]], [7, 10, [""shall provide""]], [8, 10, [""shall provide""]]]",0.04428013372869067,13,"[[5, 1, 0.0598380871923436], [2, 3, 0.03658646786124462], [3, 6, 0.036415846132483796]]",10.0,6,"[[1, 1, 10.0], [3, 6, 10.0], [5, 1, 10.0]]",20,0.11043123543123542,5,True,0.0020190137438476086,2,1,0.0020190137438476086,2,1
126,1444,executive_order,"May 05, 2025","October 03, 1995",0.44454458355903625,25,0.46345099806785583,16,"[[8, 9, 0.5658926367759705], [4, 0, 0.5031225681304932], [2, 0, 0.4938186705112457], [4, 2, 0.4907647967338562], [3, 2, 0.484636127948761], [4, 8, 0.4836132228374481], [4, 3, 0.481393039226532], [6, 0, 0.47778549790382385], [5, 2, 0.45851823687553406], [4, 7, 0.4566507935523987], [7, 2, 0.4540787935256958], [8, 10, 0.4513002634048462], [1, 0, 0.4489561915397644], [6, 1, 0.442275732755661], [0, 0, 0.42979687452316284], [4, 5, 0.41526633501052856], [4, 4, 0.3519771695137024], [5, 6, 0.2778141498565674]]",True,1,"[[0, 0, [""hereby order""]], [3, 2, [""shall report""]], [7, 7, [""shall provide""]], [7, 9, [""shall provide""]], [7, 10, [""shall provide""]], [8, 7, [""shall provide""]], [8, 9, [""shall provide""]], [8, 10, [""shall provide""]]]",0.11045461894476764,1,"[[8, 9, 0.17556065575114613], [8, 10, 0.0947388095412294], [2, 10, 0.06106439154192736]]",0.0,9,"[[8, 8, 0.0], [8, 9, 0.0], [8, 10, 0.0]]",20,0.10987958401751505,6,True,0.00014596008986700326,9,1,0.00014596008986700326,9,1
126,302,executive_order,"May 05, 2025","February 28, 2024",0.49291467666625977,7,0.45259565114974976,18,"[[5, 6, 0.508434534072876], [5, 5, 0.49883079528808594], [0, 4, 0.480430543422699], [1, 4, 0.4734058082103729], [3, 6, 0.4680185317993164], [0, 0, 0.46769535541534424], [7, 4, 0.4666580557823181], [7, 7, 0.4652145504951477], [7, 8, 0.45604419708251953], [7, 2, 0.4383099675178528], [1, 3, 0.4317993223667145], [1, 1, 0.422946959733963], [2, 6, 0.4184231162071228], [6, 7, 0.39587345719337463], [4, 5, 0.39500653743743896], [8, 7, 0.37076500058174133]]",True,1,"[[0, 0, [""hereby order""]], [1, 3, [""shall establish""]], [2, 3, [""shall establish""]]]",0.06753205505110964,3,"[[3, 5, 0.06963021467362598], [2, 2, 0.06723842538664461], [1, 2, 0.06572752509305832]]",10.0,6,"[[0, 0, 10.0], [1, 4, 10.0], [3, 8, 10.0]]",20,0.10825558880478789,7,True,0.0005420608213171363,5,2,0.0005420608213171363,5,2
126,139,executive_order,"May 05, 2025","April 23, 2025",0.4665873646736145,16,0.5219272673130035,2,"[[1, 4, 0.5699124932289124], [6, 5, 0.5599921345710754], [6, 0, 0.546924352645874], [1, 2, 0.5346349477767944], [7, 5, 0.5329452753067017], [6, 3, 0.5228049159049988], [6, 1, 0.5158378481864929], [5, 4, 0.4929819405078888], [4, 4, 0.4923555254936218], [8, 4, 0.4884875416755676], [2, 4, 0.48442912101745605], [0, 0, 0.465594619512558], [3, 2, 0.43283194303512573]]",True,1,"[[0, 0, [""hereby order""]], [7, 3, [""shall provide""]], [8, 3, [""shall provide""]]]",0.02728725450874721,19,"[[2, 1, 0.0365448297084139], [2, 5, 0.024806026922192317], [2, 4, 0.02051090689563543]]",0.0,9,"[[8, 3, 0.0], [8, 4, 0.0], [8, 5, 0.0]]",20,0.10557832971626074,8,True,0.00016603847325313836,8,1,0.00016931271238718182,8,1
126,3901,executive_order,"May 05, 2025","March 17, 1954",0.5074545741081238,3,0.5419640839099884,1,"[[6, 4, 0.5913174748420715], [6, 5, 0.5891451835632324], [6, 7, 0.5732153058052063], [6, 2, 0.5727648735046387], [1, 2, 0.5606076717376709], [2, 2, 0.5575838088989258], [6, 3, 0.5573775768280029], [6, 6, 0.5535928010940552], [4, 5, 0.5387477278709412], [3, 5, 0.5264247059822083], [2, 0, 0.5214829444885254], [5, 2, 0.5149841904640198], [8, 7, 0.5092272758483887], [7, 4, 0.4940822720527649], [0, 4, 0.47556519508361816], [6, 1, 0.4738265573978424]]",True,1,"[[0, 0, [""hereby order""]]]",0.010812435383238289,23,"[[4, 7, 0.012023617656725539], [8, 4, 0.011977591437965432], [2, 4, 0.00843609705502389]]",0.0,9,"[[8, 5, 0.0], [8, 6, 0.0], [8, 7, 0.0]]",20,0.10535762019322564,9,True,0.0003150386910419911,7,1,0.0003150386910419911,7,1
126,873,executive_order,"May 05, 2025","July 02, 2010",0.5031520128250122,4,0.484614759683609,9,"[[3, 1, 0.5374678373336792], [5, 1, 0.5311241745948792], [0, 0, 0.5238928198814392], [1, 1, 0.5119398236274719], [2, 1, 0.5066752433776855], [4, 1, 0.5008538961410522], [8, 2, 0.4836304187774658], [2, 5, 0.47335293889045715], [5, 6, 0.4682208299636841], [7, 6, 0.45913639664649963], [6, 1, 0.43242788314819336], [5, 4, 0.41165563464164734], [1, 3, 0.39638179540634155]]",True,1,"[[0, 0, [""hereby order""]], [3, 4, [""shall report""]], [7, 5, [""shall provide""]], [8, 5, [""shall provide""]]]",0.0587934845565899,8,"[[8, 2, 0.08703626753383222], [2, 2, 0.04657403413375979], [2, 0, 0.0427701520021777]]",0.0,9,"[[8, 4, 0.0], [8, 5, 0.0], [8, 6, 0.0]]",20,0.10467980295566502,10,True,0.006903838366270065,1,1,0.006903838366270065,1,1
129,254,executive_order,"May 01, 2025","January 20, 2025",0.42134562134742737,24,0.5278889387845993,1,"[[7, 2, 0.59134840965271], [7, 0, 0.5676155686378479], [3, 3, 0.5502356290817261], [7, 1, 0.5448133945465088], [2, 1, 0.5333356857299805], [5, 3, 0.48266342282295227], [1, 1, 0.47984495759010315], [8, 3, 0.47648176550865173], [6, 1, 0.4586922526359558], [4, 1, 0.4428912401199341], [0, 1, 0.41497790813446045]]",True,1,"[[0, 0, [""hereby order""]], [1, 3, [""shall take""]], [5, 3, [""shall take""]], [8, 3, [""shall take""]]]",0.04572453816338956,2,"[[8, 3, 0.11462128745930064], [2, 3, 0.01666917346737024], [0, 3, 0.005883153563497809]]",12.333333333333334,1,"[[8, 3, 37.0], [8, 1, 0.0], [8, 2, 0.0]]",20,0.1406926406926407,1,True,0.0009622125653550029,2,1,0.0009622125653550029,2,1
129,202,executive_order,"May 01, 2025","February 19, 2025",0.44150102138519287,16,0.4831390827894211,3,"[[2, 1, 0.5331918001174927], [2, 3, 0.5163702368736267], [3, 1, 0.5147687792778015], [1, 1, 0.5104439854621887], [2, 2, 0.4928031861782074], [2, 4, 0.48730194568634033], [4, 1, 0.482206791639328], [0, 1, 0.4690890312194824], [5, 1, 0.4592701196670532], [2, 0, 0.45414549112319946], [6, 1, 0.4389224648475647], [8, 3, 0.42906224727630615], [7, 2, 0.3886849284172058]]",True,1,"[[0, 0, [""hereby order""]], [1, 3, [""shall take""]], [2, 4, [""shall identify""]], [3, 4, [""shall identify""]], [5, 3, [""shall take""]], [8, 3, [""shall take""]]]",0.037774544274750084,4,"[[2, 0, 0.046075115942106], [3, 1, 0.040921950691637954], [6, 3, 0.026326566190506294]]",0.0,3,"[[8, 2, 0.0], [8, 3, 0.0], [8, 4, 0.0]]",20,0.1286231884057971,2,True,0.000293654651613906,5,1,0.000293654651613906,5,1
129,899,executive_order,"May 01, 2025","November 20, 2009",0.4944751560688019,2,0.49251340329647064,2,"[[5, 5, 0.5576366186141968], [1, 7, 0.5375281572341919], [1, 8, 0.5342084169387817], [4, 7, 0.5190106630325317], [5, 10, 0.5154383778572083], [5, 3, 0.5103718638420105], [1, 14, 0.5068256855010986], [8, 2, 0.4963907301425934], [3, 3, 0.48858749866485596], [4, 1, 0.4858729839324951], [4, 9, 0.4849660098552704], [4, 4, 0.482089102268219], [2, 2, 0.48153236508369446], [6, 2, 0.4788411259651184], [2, 0, 0.47819268703460693], [3, 12, 0.47610557079315186], [0, 0, 0.47038838267326355], [3, 11, 0.4601621627807617], [5, 6, 0.44056519865989685], [1, 13, 0.44004106521606445], [7, 9, 0.3914889693260193]]",True,1,"[[0, 0, [""hereby order""]], [2, 9, [""shall identify""]], [3, 9, [""shall identify""]]]",0.022911868118188877,6,"[[3, 5, 0.030418464613786528], [5, 2, 0.02069662780820087], [3, 3, 0.01762051193257923]]",0.0,3,"[[8, 12, 0.0], [8, 13, 0.0], [8, 14, 0.0]]",20,0.12739434478564915,3,True,0.00019260287808720022,6,1,0.00019260287808720022,6,1
129,183,executive_order,"May 01, 2025","March 14, 2025",0.46220406889915466,5,0.4653497040271759,6,"[[2, 0, 0.5177640318870544], [1, 0, 0.5005084276199341], [3, 1, 0.4677104651927948], [4, 1, 0.4591359496116638], [5, 1, 0.4255845248699188], [0, 0, 0.4163263440132141], [8, 0, 0.41259077191352844], [6, 0, 0.40830880403518677], [7, 0, 0.3337305188179016]]",True,1,"[[0, 0, [""hereby order""]]]",0.0422668424335498,3,"[[3, 1, 0.05992474425816506], [2, 0, 0.047530537344575866], [2, 1, 0.019345245697908457]]",0.0,3,"[[7, 1, 0.0], [8, 0, 0.0], [8, 1, 0.0]]",20,0.1254180602006689,4,True,0.000337979436153546,4,1,0.000337979436153546,4,1
129,581,executive_order,"May 01, 2025","May 25, 2018",0.434903621673584,18,0.43914999067783356,13,"[[5, 2, 0.615015983581543], [8, 2, 0.5482367873191833], [7, 6, 0.46695399284362793], [3, 2, 0.43302226066589355], [4, 3, 0.4062996208667755], [5, 1, 0.4024333655834198], [2, 2, 0.3978503346443176], [0, 0, 0.3955787420272827], [3, 5, 0.384883850812912], [3, 4, 0.3822535574436188], [1, 2, 0.3801432251930237], [6, 1, 0.3357740342617035]]",True,1,"[[0, 0, [""hereby order""]], [1, 2, [""shall take""]], [5, 2, [""shall take""]], [8, 2, [""shall take""]]]",0.06349438376886711,1,"[[8, 6, 0.1259885006329574], [5, 2, 0.03940087790632121], [8, 2, 0.025093772767322716]]",3.6666666666666665,2,"[[8, 6, 11.0], [8, 4, 0.0], [8, 5, 0.0]]",20,0.12337662337662338,5,True,7.874486618675292e-05,7,1,7.78275280026719e-05,7,1
129,210,executive_order,"May 01, 2025","February 10, 2025",0.4580095410346985,8,0.4592326730489731,7,"[[2, 1, 0.5170039534568787], [1, 1, 0.5165652632713318], [5, 1, 0.49213287234306335], [0, 0, 0.44924652576446533], [4, 1, 0.4379209280014038], [8, 1, 0.4296666979789734], [3, 2, 0.4282374382019043], [7, 1, 0.4210672378540039], [6, 1, 0.3908836245536804]]",True,1,"[[0, 0, [""hereby order""]], [1, 1, [""shall take""]], [5, 1, [""shall take""]], [8, 1, [""shall take""]]]",0.023107492502861506,5,"[[1, 1, 0.049315540868450816], [2, 1, 0.01383575283012335], [0, 0, 0.0061711838100103455]]",0.0,3,"[[8, 0, 0.0], [8, 1, 0.0], [8, 2, 0.0]]",20,0.12051529790660226,6,True,0.0011695101857185364,1,1,0.0011695101857185364,1,1
129,962,executive_order,"May 01, 2025","January 29, 2008",0.44501957297325134,13,0.4473443180322647,9,"[[2, 0, 0.4948595464229584], [0, 0, 0.47053804993629456], [4, 0, 0.4659298360347748], [4, 1, 0.4652385711669922], [1, 0, 0.45870912075042725], [3, 0, 0.43199872970581055], [4, 2, 0.43111106753349304], [8, 2, 0.41771775484085083], [6, 1, 0.41197410225868225], [5, 0, 0.3634834289550781], [7, 0, 0.3633595108985901]]",True,1,"[[0, 0, [""hereby order""]], [1, 1, [""shall take""]], [5, 1, [""shall take""]], [8, 1, [""shall take""]]]",0.02131977470681683,7,"[[2, 2, 0.03916304494872659], [5, 1, 0.016113614309497332], [2, 1, 0.008682664862226568]]",0.0,3,"[[8, 0, 0.0], [8, 1, 0.0], [8, 2, 0.0]]",20,0.1149980565272919,7,True,7.48462334740907e-05,8,1,7.48462334740907e-05,8,1
129,923,executive_order,"May 01, 2025","January 30, 2009",0.43946146965026855,17,0.4829653799533844,4,"[[8, 0, 0.5112998485565186], [2, 0, 0.4854282736778259], [1, 0, 0.4834582805633545], [0, 0, 0.4595797061920166], [5, 0, 0.4585477113723755], [3, 0, 0.4573483467102051], [6, 0, 0.43336689472198486], [4, 0, 0.43055635690689087], [7, 0, 0.372092604637146]]",True,1,"[[0, 0, [""hereby order""]]]",0.00910765093763209,14,"[[2, 0, 0.014304492004002032], [3, 0, 0.008191213923431723], [0, 0, 0.00482724688546252]]",0.0,3,"[[6, 0, 0.0], [7, 0, 0.0], [8, 0, 0.0]]",20,0.11455669224211423,8,True,0.0005152656813152134,3,1,0.0005152656813152134,3,1
129,307,executive_order,"May 01, 2025","December 06, 2023",0.45876407623291016,7,0.45499198138713837,8,"[[1, 2, 0.5028557777404785], [4, 10, 0.5016775131225586], [4, 3, 0.4871809780597687], [4, 5, 0.4837225079536438], [2, 2, 0.47225719690322876], [3, 12, 0.4676138460636139], [1, 4, 0.45897525548934937], [5, 12, 0.455513596534729], [5, 6, 0.45267611742019653], [1, 11, 0.4471784830093384], [1, 7, 0.44427037239074707], [1, 1, 0.4360342025756836], [4, 9, 0.43492352962493896], [2, 8, 0.42987489700317383], [6, 2, 0.42945370078086853], [0, 2, 0.42509037256240845], [0, 0, 0.4107675552368164], [8, 12, 0.40721559524536133], [7, 12, 0.40358155965805054]]",True,1,"[[0, 0, [""hereby order""]], [1, 8, [""shall take""]], [2, 11, [""shall identify""]], [3, 11, [""shall identify""]], [5, 8, [""shall take""]], [8, 8, [""shall take""]]]",0.01689839593721576,9,"[[3, 4, 0.02053088203295284], [2, 11, 0.01597667654267587], [3, 5, 0.014187629236018571]]",0.0,3,"[[8, 10, 0.0], [8, 11, 0.0], [8, 12, 0.0]]",20,0.11367530520454058,9,True,3.334418579470366e-05,9,1,3.334418579470366e-05,9,1
129,2047,executive_order,"May 01, 2025","July 14, 1982",0.44315946102142334,15,0.4704732745885849,5,"[[5, 2, 0.5200185775756836], [8, 1, 0.5048114061355591], [4, 2, 0.49235862493515015], [2, 1, 0.4629134237766266], [1, 1, 0.4526378810405731], [3, 1, 0.45226287841796875], [6, 2, 0.4457213580608368], [1, 0, 0.4291929602622986], [0, 1, 0.4240909814834595], [7, 2, 0.35163483023643494]]",False,2,[],0.0007962504272287907,25,"[[0, 0, 0.0023887512816863723], [8, 1, 0.0], [8, 2, 0.0]]",0.0,3,"[[8, 0, 0.0], [8, 1, 0.0], [8, 2, 0.0]]",20,0.10570048309178744,10,True,1.0011975064116996e-05,10,1,1.0011975064116996e-05,10,1
131,1376,executive_order,"April 28, 2025","April 16, 1997",0.4128051698207855,12,0.440681055188179,4,"[[4, 5, 0.5111165642738342], [3, 5, 0.4757545590400696], [3, 2, 0.4666628837585449], [4, 4, 0.4585636258125305], [4, 3, 0.4280768930912018], [0, 5, 0.42133694887161255], [0, 1, 0.4178348779678345], [1, 2, 0.40959155559539795], [2, 2, 0.40880417823791504], [0, 0, 0.4070245325565338], [3, 6, 0.4056916832923889], [4, 7, 0.3933600187301636]]",True,1,"[[0, 0, [""hereby order""]], [3, 4, [""shall identify""]], [4, 2, [""shall provide""]], [4, 5, [""shall provide""]]]",0.05451684756859614,1,"[[4, 2, 0.0964012518707821], [3, 2, 0.05074843361684299], [2, 2, 0.016400857218163336]]",0.0,3,"[[4, 5, 0.0], [4, 6, 0.0], [4, 7, 0.0]]",20,0.1327639751552795,1,True,0.00016474656877107918,8,1,0.00016474656877107918,8,1
131,1253,executive_order,"April 28, 2025","August 11, 2000",0.47585099935531616,2,0.4502306431531906,2,"[[1, 0, 0.5268259644508362], [4, 5, 0.5081416964530945], [2, 0, 0.45550087094306946], [2, 1, 0.44321197271347046], [4, 2, 0.44268912076950073], [3, 2, 0.44106608629226685], [2, 3, 0.4209345877170563], [2, 6, 0.4036395251750946], [3, 4, 0.3713740408420563], [0, 3, 0.34447401762008667]]",True,1,"[[0, 0, [""hereby order""]], [2, 3, [""shall take""]]]",0.03267621979020309,3,"[[3, 4, 0.04111136471765745], [4, 4, 0.02865987031239079], [4, 5, 0.028257424340561027]]",0.0,3,"[[4, 4, 0.0], [4, 5, 0.0], [4, 6, 0.0]]",20,0.1324110671936759,2,True,0.0006411777576431632,4,1,0.0006411777576431632,4,1
131,382,executive_order,"April 28, 2025","August 05, 2021",0.4174647629261017,8,0.4445568919181824,3,"[[4, 1, 0.49748432636260986], [3, 1, 0.4756065607070923], [2, 1, 0.4581359624862671], [0, 0, 0.41205665469169617], [3, 2, 0.409408837556839], [1, 0, 0.4040358066558838]]",True,1,"[[0, 0, [""hereby order""]]]",0.030215021211122305,6,"[[2, 1, 0.03852098752817083], [2, 2, 0.03006388484212999], [3, 2, 0.022060191263066083]]",0.0,3,"[[4, 0, 0.0], [4, 1, 0.0], [4, 2, 0.0]]",20,0.1254180602006689,3,True,0.0008969393093138933,3,1,0.0008969393093138933,3,1
131,515,executive_order,"April 28, 2025","January 31, 2020",0.4015476703643799,17,0.42532165348529816,10,"[[2, 4, 0.5056627988815308], [2, 2, 0.48387041687965393], [2, 7, 0.4758620858192444], [2, 1, 0.47391194105148315], [2, 6, 0.4679367244243622], [2, 8, 0.4645257890224457], [2, 5, 0.45265209674835205], [2, 9, 0.4122682511806488], [3, 7, 0.4109784960746765], [2, 10, 0.39997225999832153], [3, 3, 0.39611709117889404], [1, 2, 0.3806800842285156], [4, 10, 0.3711778521537781], [0, 2, 0.36470645666122437], [0, 0, 0.35124415159225464]]",True,1,"[[0, 0, [""hereby order""]], [2, 2, [""shall take""]], [2, 5, [""shall take""]]]",0.03105016602715088,5,"[[3, 9, 0.053575950202895635], [3, 3, 0.022513312501321613], [3, 10, 0.017061235377235393]]",7.333333333333333,1,"[[3, 9, 12.0], [3, 10, 10.0], [4, 10, 0.0]]",20,0.12095238095238095,4,True,0.00011323438229737803,9,1,0.00011323438229737803,9,1
131,345,executive_order,"April 28, 2025","May 25, 2022",0.4096973240375519,13,0.4196397215127945,13,"[[3, 11, 0.5303460359573364], [2, 11, 0.4549705386161804], [3, 19, 0.45226210355758667], [3, 10, 0.4480266273021698], [2, 30, 0.44362300634384155], [1, 30, 0.44337543845176697], [2, 31, 0.44260185956954956], [2, 8, 0.42800962924957275], [2, 12, 0.42646414041519165], [3, 16, 0.425603985786438], [2, 23, 0.42255067825317383], [4, 11, 0.41807302832603455], [2, 32, 0.41453999280929565], [2, 17, 0.4060497283935547], [3, 7, 0.40462982654571533], [2, 25, 0.40352651476860046], [2, 6, 0.3998151123523712], [2, 3, 0.39776718616485596], [2, 14, 0.39514148235321045], [2, 20, 0.3937692642211914], [2, 5, 0.3896203637123108], [0, 0, 0.388516902923584], [2, 13, 0.3864942193031311], [4, 18, 0.3823649287223816], [2, 2, 0.37971922755241394], [3, 4, 0.3766182065010071], [4, 22, 0.37497374415397644], [2, 21, 0.3700830936431885], [2, 9, 0.367279976606369], [3, 28, 0.36254435777664185], [2, 15, 0.3482567071914673], [4, 29, 0.3382630944252014], [2, 27, 0.33422133326530457], [4, 24, 0.33268070220947266], [4, 26, 0.29947733879089355], [2, 1, 0.2775193452835083]]",True,1,"[[2, 21, [""shall take""]]]",0.03580244720754228,2,"[[3, 11, 0.047861073676065666], [3, 10, 0.03508435308931954], [3, 19, 0.024461914857241647]]",0.0,3,"[[4, 30, 0.0], [4, 31, 0.0], [4, 32, 0.0]]",20,0.11923583662714098,5,True,0.00022638765949523076,7,2,0.00022638765949523076,7,2
131,2044,executive_order,"April 28, 2025","August 04, 1982",0.4073292315006256,15,0.43549954891204834,7,"[[2, 1, 0.47060561180114746], [0, 0, 0.4401719868183136], [4, 2, 0.4212285876274109], [1, 1, 0.40677767992019653], [3, 2, 0.3962011933326721]]",True,1,"[[0, 0, [""hereby order""]]]",0.02673396630006629,7,"[[3, 2, 0.03080674706104275], [2, 2, 0.029097630862882633], [0, 0, 0.020297520976273485]]",0.0,3,"[[4, 0, 0.0], [4, 1, 0.0], [4, 2, 0.0]]",20,0.11755233494363929,6,True,0.0003770285693462938,5,1,0.0003770285693462938,5,1
131,3063,executive_order,"April 28, 2025","June 06, 1967",0.4831959009170532,1,0.46773959696292877,1,"[[0, 0, 0.4972355365753174], [2, 1, 0.469146192073822], [1, 0, 0.46101686358451843], [3, 0, 0.43591544032096863], [4, 0, 0.3981274664402008]]",True,1,"[[0, 0, [""hereby order""]]]",0.004972528206574127,19,"[[0, 0, 0.014917584619722382], [4, 0, 0.0], [4, 1, 0.0]]",0.0,3,"[[3, 1, 0.0], [4, 0, 0.0], [4, 1, 0.0]]",20,0.11673833412963847,7,True,0.9458011984825134,1,1,0.9458011984825134,1,1
131,264,executive_order,"April 28, 2025","January 20, 2025",0.4244922995567322,6,0.41341206431388855,15,"[[2, 3, 0.4763338565826416], [3, 14, 0.46521687507629395], [2, 1, 0.46034374833106995], [0, 3, 0.45179975032806396], [2, 20, 0.4394012987613678], [2, 26, 0.4381032884120941], [2, 23, 0.43035298585891724], [2, 2, 0.42901426553726196], [0, 0, 0.4279084801673889], [2, 21, 0.4262861907482147], [1, 1, 0.42137184739112854], [2, 22, 0.4203469157218933], [2, 10, 0.4202864170074463], [2, 24, 0.41132232546806335], [2, 11, 0.40764129161834717], [2, 27, 0.4067007005214691], [2, 15, 0.40214842557907104], [3, 28, 0.4006597399711609], [2, 4, 0.38773417472839355], [2, 19, 0.3836825489997864], [2, 8, 0.3790492117404938], [2, 17, 0.3755156695842743], [2, 16, 0.3749426007270813], [2, 5, 0.3673309087753296], [2, 12, 0.36677128076553345], [2, 25, 0.3630790412425995], [2, 18, 0.3619951903820038], [4, 25, 0.3505849242210388], [2, 13, 0.32253456115722656], [4, 7, 0.29497039318084717], [2, 6, 0.29300206899642944], [2, 9, 0.28644174337387085]]",True,1,"[[0, 0, [""hereby order""]], [2, 2, [""shall take""]], [2, 3, [""shall take""]], [2, 5, [""shall take""]], [2, 6, [""shall take""]], [2, 8, [""shall take""]], [2, 9, [""shall take""]], [2, 11, [""shall take""]], [2, 12, [""shall take""]], [2, 15, [""shall take""]], [2, 18, [""shall take""]], [2, 20, [""shall take""]], [2, 21, [""shall take""]], [2, 22, [""shall take""]], [2, 25, [""shall take""]], [2, 26, [""shall take""]], [2, 27, [""shall take""]]]",0.031202337864964107,4,"[[3, 14, 0.04595737145484935], [0, 0, 0.02936187446394089], [2, 21, 0.018287767676102077]]",3.3333333333333335,2,"[[3, 14, 10.0], [4, 26, 0.0], [4, 27, 0.0]]",20,0.1156926406926407,8,True,0.004755199886858463,2,1,0.004755199886858463,2,1
131,2960,executive_order,"April 28, 2025","March 07, 1969",0.39633309841156006,19,0.438562273979187,5,"[[2, 0, 0.4721755087375641], [3, 0, 0.41071000695228577], [4, 0, 0.3933468163013458], [0, 0, 0.37865597009658813], [1, 0, 0.36985695362091064]]",False,2,[],0.010744249924099017,13,"[[3, 0, 0.015279086453288113], [2, 0, 0.012290948393021701], [1, 0, 0.004662714925987235]]",0.0,3,"[[2, 0, 0.0], [3, 0, 0.0], [4, 0, 0.0]]",20,0.11378129117259553,9,True,3.0124059776426293e-05,10,1,3.0124059776426293e-05,10,1
131,559,executive_order,"April 28, 2025","March 04, 2019",0.3915178179740906,21,0.42380616068840027,11,"[[2, 2, 0.4906422793865204], [2, 1, 0.47611579298973083], [2, 0, 0.4101265072822571], [3, 2, 0.3779171109199524], [0, 0, 0.3768296241760254], [1, 2, 0.35468918085098267], [4, 2, 0.34317588806152344]]",True,1,"[[0, 0, [""hereby order""]], [4, 2, [""shall provide""]]]",0.02109876980977178,8,"[[2, 1, 0.04373109352420583], [1, 0, 0.010581636085362035], [3, 0, 0.00898357981974748]]",0.0,3,"[[4, 0, 0.0], [4, 1, 0.0], [4, 2, 0.0]]",20,0.11145061109997996,10,True,0.0002453695051372051,6,1,0.0002453695051372051,6,1
132,264,executive_order,"April 28, 2025","January 20, 2025",0.7196749448776245,1,0.5922456383705139,1,"[[1, 23, 0.7003973722457886], [0, 23, 0.6975486278533936], [3, 23, 0.6904821395874023], [3, 5, 0.6667744517326355], [3, 11, 0.6542955636978149], [0, 0, 0.6430569887161255], [3, 20, 0.6338842511177063], [2, 24, 0.6259068250656128], [1, 25, 0.6109326481819153], [3, 19, 0.6063252687454224], [3, 18, 0.5983043909072876], [3, 26, 0.5964463949203491], [3, 16, 0.5958711504936218], [3, 2, 0.5924158096313477], [3, 3, 0.592269241809845], [3, 21, 0.574577808380127], [3, 4, 0.5715725421905518], [3, 15, 0.5686367750167847], [3, 10, 0.5671164989471436], [3, 13, 0.5588794946670532], [3, 1, 0.5540496110916138], [3, 22, 0.5530518293380737], [3, 17, 0.5448534488677979], [0, 27, 0.5350720882415771], [3, 8, 0.5165120363235474], [3, 14, 0.4967329800128937], [2, 12, 0.49175724387168884], [1, 28, 0.4644811153411865], [3, 6, 0.439177542924881], [1, 9, 0.4280211329460144], [2, 7, 0.409024715423584], [4, 11, 0.38219088315963745]]",True,1,"[[0, 0, [""hereby order""]]]",0.05643160633199471,2,"[[2, 12, 0.0651760986296596], [0, 23, 0.056250023713121454], [0, 6, 0.04786869665320308]]",13.333333333333334,2,"[[0, 23, 20.0], [1, 23, 10.0], [1, 25, 10.0]]",20,0.13852813852813853,1,True,0.8998277187347412,1,1,0.8998277187347412,1,1
132,270,executive_order,"April 28, 2025","January 20, 2025",0.6179603338241577,4,0.5250454246997833,3,"[[3, 8, 0.6192399263381958], [0, 0, 0.587299108505249], [3, 4, 0.5744414925575256], [3, 6, 0.5559378862380981], [3, 5, 0.5473369359970093], [3, 7, 0.5394940972328186], [3, 10, 0.5386290550231934], [0, 3, 0.5357840657234192], [1, 6, 0.531581699848175], [2, 6, 0.5293540358543396], [2, 9, 0.5255751013755798], [1, 11, 0.4716280400753021], [2, 1, 0.44497138261795044], [2, 2, 0.44303637742996216], [4, 11, 0.32324057817459106]]",True,1,"[[0, 0, [""hereby order""]], [4, 11, [""shall provide""]]]",0.0540944924793755,3,"[[0, 11, 0.061783451079946296], [0, 2, 0.05400133451611754], [0, 8, 0.046498691842062664]]",10.0,3,"[[0, 8, 20.0], [1, 8, 10.0], [4, 11, 0.0]]",20,0.13043478260869565,2,True,0.3073580265045166,2,1,0.30404165387153625,2,1
132,409,executive_order,"April 28, 2025","February 02, 2021",0.5498689413070679,8,0.5131645798683167,6,"[[3, 3, 0.6095284223556519], [2, 3, 0.6093680262565613], [2, 4, 0.5410299897193909], [0, 3, 0.5385845303535461], [1, 3, 0.5302451848983765], [2, 1, 0.5019229650497437], [3, 6, 0.5000463724136353], [2, 5, 0.48644548654556274], [1, 8, 0.4691956043243408], [3, 2, 0.4609978199005127], [2, 9, 0.4481411874294281], [3, 0, 0.42360007762908936], [1, 7, 0.41650107502937317], [4, 9, 0.41521525382995605]]",True,1,"[[0, 0, [""hereby order""]]]",0.0529585539084421,4,"[[0, 3, 0.06358449639099537], [1, 3, 0.05319904490676035], [0, 5, 0.0420921204275706]]",20.0,1,"[[0, 3, 20.0], [0, 4, 20.0], [0, 5, 20.0]]",20,0.12774725274725274,3,True,0.001661390531808138,9,1,0.001661390531808138,9,1
132,639,executive_order,"April 28, 2025","March 06, 2017",0.5279150605201721,12,0.48545998334884644,15,"[[2, 10, 0.586724579334259], [2, 12, 0.5400222539901733], [2, 3, 0.5346730947494507], [3, 10, 0.511298656463623], [0, 1, 0.49693623185157776], [2, 15, 0.4920503497123718], [3, 8, 0.4904540181159973], [2, 17, 0.4859941899776459], [3, 6, 0.4818171262741089], [1, 13, 0.4782196581363678], [0, 11, 0.47614026069641113], [0, 14, 0.4635457992553711], [0, 9, 0.4617902338504791], [2, 4, 0.4593530297279358], [0, 0, 0.4559718668460846], [0, 7, 0.4463532865047455], [0, 2, 0.4428292214870453], [2, 16, 0.4399610757827759], [2, 5, 0.43253323435783386], [4, 5, 0.3743734061717987]]",True,1,"[[0, 0, [""hereby order""]], [4, 5, [""shall provide""]]]",0.0592802030484216,1,"[[0, 5, 0.07351537848419884], [1, 5, 0.06086384992071569], [0, 11, 0.043461380740350254]]",0.0,6,"[[4, 15, 0.0], [4, 16, 0.0], [4, 17, 0.0]]",20,0.11465201465201465,4,True,0.005361532559618354,7,2,0.005361532559618354,7,2
132,651,executive_order,"April 28, 2025","January 25, 2017",0.6471205949783325,2,0.5226196944713593,4,"[[0, 0, 0.6191699504852295], [3, 4, 0.5707976818084717], [3, 8, 0.5457191467285156], [1, 7, 0.5337064266204834], [3, 5, 0.5294567346572876], [3, 6, 0.5165771245956421], [2, 7, 0.5110287070274353], [3, 2, 0.49501243233680725], [3, 3, 0.4770093560218811], [2, 9, 0.47270721197128296], [1, 1, 0.4115251302719116], [4, 9, 0.40565329790115356]]",False,2,[],0.03274512403944757,9,"[[0, 0, 0.04514169542854831], [0, 1, 0.033500760460756576], [0, 8, 0.019592916229037836]]",0.0,6,"[[4, 7, 0.0], [4, 8, 0.0], [4, 9, 0.0]]",20,0.11461096374889479,5,True,0.29421496391296387,3,1,0.29421496391296387,3,1
132,406,executive_order,"April 28, 2025","February 04, 2021",0.5144710540771484,15,0.48389722406864166,16,"[[2, 10, 0.5786612033843994], [2, 2, 0.5680825114250183], [2, 3, 0.5516970157623291], [2, 5, 0.5511792898178101], [2, 4, 0.5454757809638977], [2, 0, 0.5323604941368103], [2, 6, 0.5278736352920532], [2, 1, 0.5130075216293335], [2, 7, 0.47885578870773315], [1, 6, 0.4606364667415619], [2, 8, 0.4536713659763336], [0, 2, 0.44444555044174194], [3, 6, 0.4406242370605469], [3, 11, 0.4351211190223694], [2, 9, 0.43305957317352295], [4, 7, 0.400449275970459], [3, 12, 0.3677590489387512]]",True,1,"[[2, 8, [""shall develop""]], [2, 9, [""shall develop""]], [4, 1, [""shall provide""]], [4, 3, [""shall provide""]], [4, 5, [""shall provide""]], [4, 6, [""shall provide""]]]",0.04638865072992676,6,"[[0, 9, 0.05755611938651009], [1, 9, 0.04531662914566133], [2, 9, 0.03629320365760888]]",13.333333333333334,2,"[[0, 9, 20.0], [0, 3, 10.0], [1, 9, 10.0]]",20,0.1116938616938617,6,True,0.0013885233784094453,10,1,0.0013885233784094453,10,1
132,604,executive_order,"April 28, 2025","October 24, 2017",0.5387145280838013,9,0.491690069437027,12,"[[2, 3, 0.5705385208129883], [2, 0, 0.5136474967002869], [2, 2, 0.510372519493103], [1, 3, 0.5053576231002808], [0, 3, 0.5047169923782349], [3, 3, 0.5041167140007019], [2, 4, 0.4958854615688324], [2, 1, 0.4563128650188446], [4, 3, 0.28541386127471924]]",True,1,"[[0, 0, [""hereby order""]]]",0.04916365092157118,5,"[[0, 4, 0.059260568116048434], [3, 4, 0.04643306119655616], [0, 3, 0.041797323452108924]]",3.3333333333333335,5,"[[0, 4, 10.0], [4, 2, 0.0], [4, 3, 0.0]]",20,0.11125,7,True,0.0034030054230242968,8,1,0.0034030054230242968,8,1
132,650,executive_order,"April 28, 2025","January 27, 2017",0.5577746629714966,7,0.5061460137367249,8,"[[2, 7, 0.6421113014221191], [2, 9, 0.5367981195449829], [3, 3, 0.5349386930465698], [2, 8, 0.5159423351287842], [3, 11, 0.515742301940918], [1, 7, 0.5083163380622864], [0, 5, 0.5025190114974976], [2, 10, 0.5011183619499207], [2, 6, 0.49485325813293457], [2, 15, 0.4926868677139282], [3, 17, 0.4903078079223633], [0, 12, 0.4862099289894104], [2, 20, 0.4795067608356476], [2, 16, 0.4784778356552124], [2, 13, 0.4773600101470947], [0, 14, 0.475933313369751], [2, 1, 0.4709222614765167], [2, 19, 0.46190595626831055], [0, 4, 0.4599260687828064], [0, 0, 0.455662339925766], [2, 2, 0.4539335072040558], [2, 18, 0.4462326169013977], [4, 16, 0.40379196405410767]]",True,1,"[[0, 0, [""hereby order""]], [4, 2, [""shall provide""]]]",0.03802353138027368,7,"[[0, 2, 0.042992607025215596], [0, 1, 0.036929328303163936], [0, 17, 0.03414865881244151]]",0.0,6,"[[4, 18, 0.0], [4, 19, 0.0], [4, 20, 0.0]]",20,0.11121286121286121,8,True,0.005911068990826607,6,1,0.005911068990826607,6,1
132,2095,executive_order,"April 28, 2025","September 29, 1981",0.5063549280166626,16,0.5333066284656525,2,"[[3, 2, 0.6367086172103882], [3, 0, 0.5589383244514465], [1, 2, 0.5493664741516113], [0, 2, 0.5335543155670166], [2, 2, 0.4764097034931183], [3, 1, 0.46767428517341614], [4, 2, 0.3648250997066498]]",True,1,"[[0, 0, [""hereby order""]]]",0.012416334507323051,17,"[[3, 2, 0.020061536783402143], [0, 0, 0.00886772235045842], [0, 1, 0.008319744388108584]]",0.0,6,"[[4, 0, 0.0], [4, 1, 0.0], [4, 2, 0.0]]",20,0.11094311094311095,9,True,0.018689308315515518,5,1,0.018689308315515518,5,1
132,200,executive_order,"April 28, 2025","February 19, 2025",0.6193956136703491,3,0.5209911316633224,5,"[[2, 0, 0.5476376414299011], [3, 0, 0.5238285064697266], [1, 0, 0.5208143591880798], [0, 0, 0.5180084705352783], [4, 0, 0.36143389344215393]]",True,1,"[[0, 0, [""hereby order""]]]",0.018453707889668627,15,"[[1, 0, 0.03278040926379549], [0, 0, 0.01778873769548478], [4, 0, 0.00479197670972561]]",6.666666666666667,4,"[[0, 0, 10.0], [1, 0, 10.0], [4, 0, 0.0]]",20,0.11023809523809523,10,True,0.08210662752389908,4,1,0.08210662752389908,4,1
134,462,executive_order,"April 24, 2025","October 21, 2020",0.651498556137085,2,0.5548219680786133,7,"[[0, 1, 0.6195271015167236], [2, 5, 0.5995427370071411], [0, 4, 0.5736962556838989], [0, 10, 0.5691424608230591], [0, 0, 0.5688583850860596], [4, 1, 0.5532361268997192], [1, 4, 0.544788658618927], [3, 5, 0.5334336757659912], [4, 9, 0.5300487279891968], [4, 7, 0.5283297300338745], [2, 6, 0.5169406533241272], [1, 3, 0.497478187084198], [4, 8, 0.48373985290527344], [1, 2, 0.44761648774147034]]",True,1,"[[0, 0, [""hereby order""]], [1, 2, [""is amended""]], [1, 4, [""is amended""]]]",0.05219834865406209,1,"[[4, 10, 0.09311198596814008], [4, 8, 0.04479621482696852], [2, 6, 0.01868684516707766]]",3.6666666666666665,2,"[[4, 10, 11.0], [4, 8, 0.0], [4, 9, 0.0]]",20,0.13011063011063012,1,True,0.1550784707069397,2,1,0.1550784707069397,2,1
134,583,executive_order,"April 24, 2025","May 25, 2018",0.6650398373603821,1,0.5713785886764526,5,"[[0, 0, 0.6146933436393738], [0, 1, 0.607445478439331], [4, 1, 0.5820125341415405], [3, 1, 0.5718473196029663], [2, 1, 0.5667399168014526], [0, 2, 0.5358057022094727], [1, 1, 0.5306981801986694], [0, 3, 0.5202913284301758]]",True,1,"[[0, 0, [""hereby order""]]]",0.03788571356974144,4,"[[4, 2, 0.05838009481495632], [4, 3, 0.03726810214131132], [1, 2, 0.018008943752956703]]",0.0,3,"[[4, 1, 0.0], [4, 2, 0.0], [4, 3, 0.0]]",20,0.12514492753623188,2,True,0.07978201657533646,6,1,0.07978201657533646,6,1
134,3540,executive_order,"April 24, 2025","June 07, 1960",0.5666033029556274,16,0.5725890100002289,4,"[[1, 0, 0.6082828640937805], [4, 0, 0.6018049716949463], [0, 0, 0.5672967433929443], [1, 1, 0.556286633014679], [2, 0, 0.5356924533843994], [3, 0, 0.5013894438743591]]",True,1,"[[0, 0, [""hereby order""]]]",0.023488102764706188,6,"[[1, 0, 0.03351989853311338], [2, 0, 0.019503738306379522], [4, 0, 0.01744067145462566]]",0.0,3,"[[3, 1, 0.0], [4, 0, 0.0], [4, 1, 0.0]]",20,0.12360646599777034,3,True,0.11838509887456894,4,1,0.11838509887456894,4,1
134,2311,executive_order,"April 24, 2025","December 28, 1978",0.5707343816757202,10,0.5316603630781174,12,"[[1, 3, 0.7130333185195923], [0, 3, 0.6250697374343872], [1, 2, 0.5726943612098694], [4, 5, 0.5586772561073303], [4, 6, 0.5427471399307251], [2, 3, 0.5386388301849365], [0, 21, 0.523666262626648], [3, 3, 0.5145651698112488], [0, 1, 0.5094637870788574], [1, 4, 0.5074003338813782], [0, 23, 0.5000567436218262], [0, 22, 0.4922560453414917], [1, 20, 0.49175962805747986], [4, 7, 0.48438799381256104], [1, 11, 0.47767341136932373], [4, 0, 0.4643690586090088], [0, 16, 0.4491599202156067], [0, 8, 0.44433480501174927], [4, 10, 0.43001753091812134], [0, 12, 0.4246929883956909], [0, 19, 0.42463216185569763], [0, 15, 0.4199550151824951], [4, 24, 0.4154014587402344], [0, 9, 0.412716269493103], [0, 18, 0.4124378561973572], [3, 14, 0.40120548009872437], [0, 17, 0.3956369161605835], [3, 13, 0.3647206723690033]]",True,1,"[[0, 0, [""hereby order""]], [1, 1, [""is amended""]], [1, 8, [""is amended""]], [1, 9, [""is amended""]], [1, 10, [""is amended""]], [1, 11, [""is amended""]], [1, 12, [""is amended""]], [1, 13, [""is amended""]], [1, 15, [""is amended""]], [1, 16, [""is amended""]], [1, 17, [""is amended""]], [1, 18, [""is amended""]], [1, 19, [""is amended""]], [1, 20, [""is amended""]], [1, 21, [""is amended""]], [1, 22, [""is amended""]], [1, 23, [""is amended""]]]",0.04055257947420358,3,"[[1, 3, 0.08327153635454415], [0, 6, 0.020408013154623834], [0, 0, 0.01797818891344275]]",13.333333333333334,1,"[[1, 3, 40.0], [4, 22, 0.0], [4, 23, 0.0]]",20,0.12234730848861283,4,True,0.6712549030780792,1,2,0.6712549030780792,1,2
134,3844,executive_order,"April 24, 2025","November 22, 1954",0.5727541446685791,8,0.5388943552970886,11,"[[1, 12, 0.6154106259346008], [1, 3, 0.6027332544326782], [4, 12, 0.6021839380264282], [1, 11, 0.5939980149269104], [0, 3, 0.5904260873794556], [1, 10, 0.5901175737380981], [1, 1, 0.5545583963394165], [1, 0, 0.5522376298904419], [1, 4, 0.5453202128410339], [4, 6, 0.5322848558425903], [1, 8, 0.5235939025878906], [2, 3, 0.5102777481079102], [1, 5, 0.4963674247264862], [3, 12, 0.4908735156059265], [2, 9, 0.47355160117149353], [0, 14, 0.4606781005859375], [1, 7, 0.45136699080467224], [1, 2, 0.42987197637557983], [4, 13, 0.31722307205200195]]",False,2,[],0.041306746703056466,2,"[[1, 11, 0.04953987846362246], [1, 1, 0.042778918984197], [1, 8, 0.03160144266134994]]",0.0,3,"[[4, 12, 0.0], [4, 13, 0.0], [4, 14, 0.0]]",20,0.1211908708402397,5,True,0.12563857063651085,3,2,0.12563857063651085,3,2
134,3317,executive_order,"April 24, 2025","April 10, 1963",0.5619552135467529,18,0.5901292562484741,1,"[[1, 0, 0.6258302927017212], [4, 0, 0.6046820282936096], [0, 0, 0.5202455520629883], [2, 0, 0.5177865028381348], [3, 0, 0.5035967826843262]]",True,1,"[[0, 0, [""hereby order""]]]",0.013060398749201311,18,"[[1, 0, 0.02373588966132328], [0, 0, 0.012610681741022093], [2, 0, 0.00283462484525856]]",0.0,3,"[[2, 0, 0.0], [3, 0, 0.0], [4, 0, 0.0]]",20,0.11741309796229704,6,True,0.09947021305561066,5,1,0.09947021305561066,5,1
134,4135,executive_order,"April 24, 2025","September 07, 1951",0.5615147948265076,19,0.5798680782318115,2,"[[4, 1, 0.6107481122016907], [1, 1, 0.5963797569274902], [0, 1, 0.5695421099662781], [1, 0, 0.5664297342300415], [2, 1, 0.5428011417388916], [3, 1, 0.5362647771835327]]",True,1,"[[1, 0, [""is amended""]], [1, 1, [""is amended""]]]",0.01358549546157004,16,"[[1, 1, 0.01969438401820001], [1, 0, 0.012696015182157875], [4, 0, 0.008366087184352234]]",0.0,3,"[[3, 1, 0.0], [4, 0, 0.0], [4, 1, 0.0]]",20,0.11671058410188845,7,True,0.003621685318648815,10,1,0.003565736347809434,10,1
134,4206,executive_order,"April 24, 2025","February 26, 1951",0.5822461843490601,6,0.5731641948223114,3,"[[0, 0, 0.5883268117904663], [4, 0, 0.5879376530647278], [1, 0, 0.5702972412109375], [2, 0, 0.5339576601982117], [3, 0, 0.5094885230064392]]",False,2,[],0.012284853570824155,19,"[[1, 0, 0.0181141744288618], [3, 0, 0.009994084166880489], [2, 0, 0.008746302116730179]]",0.0,3,"[[2, 0, 0.0], [3, 0, 0.0], [4, 0, 0.0]]",20,0.11259754738015607,8,True,0.010489091277122498,9,1,0.010489091277122498,9,1
134,3746,executive_order,"April 24, 2025","August 21, 1956",0.5495346784591675,25,0.5705680847167969,6,"[[1, 0, 0.5926815271377563], [4, 0, 0.586742639541626], [0, 0, 0.5667304992675781], [2, 0, 0.5098886489868164], [3, 0, 0.4862298369407654]]",False,2,[],0.01625353695221244,14,"[[1, 0, 0.024496134055050186], [4, 0, 0.012658465280475446], [0, 0, 0.011606011521111686]]",0.0,3,"[[2, 0, 0.0], [3, 0, 0.0], [4, 0, 0.0]]",20,0.11135156403698604,9,True,0.017576882615685463,7,1,0.017576882615685463,7,1
134,209,executive_order,"April 24, 2025","February 11, 2025",0.5848575830459595,5,0.5224192440509796,14,"[[0, 3, 0.5598775148391724], [4, 3, 0.5427480936050415], [0, 0, 0.5338313579559326], [0, 1, 0.519099771976471], [2, 3, 0.518008828163147], [2, 5, 0.515369176864624], [2, 4, 0.5087387561798096], [3, 3, 0.507827639579773], [3, 2, 0.49134060740470886], [1, 3, 0.4888496398925781]]",True,1,"[[0, 0, [""hereby order""]]]",0.022997044672915468,7,"[[3, 4, 0.02648832562597256], [4, 4, 0.02433132866837431], [4, 5, 0.018171479724399527]]",0.0,3,"[[4, 3, 0.0], [4, 4, 0.0], [4, 5, 0.0]]",20,0.10992706261248461,10,True,0.01542455144226551,8,1,0.01542455144226551,8,1
135,178,executive_order,"April 24, 2025","March 20, 2025",0.6230649948120117,3,0.5243478864431381,2,"[[0, 0, 0.5717272758483887], [2, 4, 0.5649986863136292], [1, 4, 0.5384596586227417], [2, 7, 0.5340604782104492], [1, 6, 0.5281866788864136], [2, 9, 0.4985731244087219], [2, 1, 0.4846866726875305], [2, 3, 0.477555513381958], [2, 10, 0.476622998714447], [0, 5, 0.4687136709690094], [2, 11, 0.44955894351005554], [1, 8, 0.44519561529159546], [2, 2, 0.38372695446014404]]",True,1,"[[0, 0, [""hereby order""]], [2, 1, [""shall provide""]], [2, 5, [""shall provide""]]]",0.09021830747213584,1,"[[2, 0, 0.1114674206180851], [1, 6, 0.09836856081235452], [1, 4, 0.06081894098596792]]",21.0,1,"[[1, 6, 30.0], [2, 0, 23.0], [0, 6, 10.0]]",20,0.1406926406926407,1,True,0.1233656108379364,2,1,0.1233656108379364,2,1
135,466,executive_order,"April 24, 2025","September 30, 2020",0.6468993425369263,2,0.5134907960891724,3,"[[0, 4, 0.5792868137359619], [2, 4, 0.5569336414337158], [1, 4, 0.547325074672699], [0, 3, 0.5351605415344238], [0, 6, 0.5244590044021606], [0, 2, 0.5007890462875366], [0, 0, 0.49594590067863464], [0, 7, 0.4879951477050781], [2, 1, 0.3093607425689697], [2, 5, 0.29340076446533203]]",False,2,[],0.05939785443337788,3,"[[1, 3, 0.0707124707573135], [0, 3, 0.05570320842486587], [2, 3, 0.05177788411795427]]",0.0,6,"[[2, 5, 0.0], [2, 6, 0.0], [2, 7, 0.0]]",20,0.1254180602006689,2,True,0.24508501589298248,1,1,0.24508501589298248,1,1
135,601,executive_order,"April 24, 2025","December 20, 2017",0.6591312885284424,1,0.5705260932445526,1,"[[2, 1, 0.5888453722000122], [0, 1, 0.5887694954872131], [1, 1, 0.5874471664428711], [0, 0, 0.5811102986335754], [2, 2, 0.48813897371292114]]",True,1,"[[0, 0, [""hereby order""]]]",0.03898425029407342,10,"[[1, 1, 0.04433686048985799], [0, 0, 0.03764490803650104], [0, 1, 0.03497098235586122]]",0.0,6,"[[2, 0, 0.0], [2, 1, 0.0], [2, 2, 0.0]]",20,0.1194139194139194,3,True,0.07423136383295059,3,1,0.07423136383295059,3,1
135,505,executive_order,"April 24, 2025","April 06, 2020",0.45151621103286743,23,0.4650908559560776,11,"[[1, 3, 0.4903898537158966], [1, 2, 0.48508232831954956], [2, 3, 0.4847828149795532], [0, 0, 0.4614378809928894], [1, 1, 0.41747426986694336], [2, 4, 0.40217334032058716]]",True,1,"[[0, 0, [""hereby order""]]]",0.06179054339150267,2,"[[2, 4, 0.07127847204548922], [1, 4, 0.07088822139233966], [1, 2, 0.04320493673667911]]",0.0,6,"[[2, 2, 0.0], [2, 3, 0.0], [2, 4, 0.0]]",20,0.11617414843221295,4,True,3.647853736765683e-05,10,1,3.647853736765683e-05,10,1
135,271,executive_order,"April 24, 2025","January 20, 2025",0.5524559617042542,5,0.4702284336090088,9,"[[2, 28, 0.610694944858551], [0, 28, 0.5509154796600342], [2, 22, 0.548126757144928], [1, 28, 0.5344756841659546], [1, 25, 0.511324405670166], [2, 23, 0.4903556704521179], [1, 27, 0.48997384309768677], [2, 24, 0.48623383045196533], [0, 0, 0.46456506848335266], [2, 1, 0.45553404092788696], [2, 15, 0.43643853068351746], [0, 26, 0.42692530155181885], [2, 16, 0.4145997166633606], [2, 13, 0.3935435712337494], [0, 21, 0.37789568305015564], [2, 5, 0.3520074784755707], [2, 11, 0.34013837575912476], [2, 4, 0.3375317454338074], [2, 9, 0.31993257999420166], [0, 2, 0.3160977363586426], [2, 20, 0.31241682171821594], [0, 7, 0.3083750307559967], [2, 17, 0.308268278837204], [2, 8, 0.304731547832489], [2, 19, 0.30457478761672974], [2, 10, 0.30411243438720703], [2, 3, 0.2875294089317322], [2, 14, 0.2803495228290558], [0, 29, 0.27664029598236084], [2, 12, 0.2738533914089203], [2, 18, 0.2680831551551819], [2, 6, 0.2519901990890503]]",True,1,"[[0, 0, [""hereby order""]], [2, 7, [""shall provide""]], [2, 27, [""shall provide""]]]",0.04122186338155049,9,"[[1, 28, 0.048170089971119164], [2, 28, 0.040656171965298825], [1, 22, 0.03483932820823349]]",14.333333333333334,2,"[[1, 28, 21.0], [0, 0, 11.0], [0, 28, 11.0]]",20,0.11442006269592477,5,True,0.030880821868777275,4,2,0.030880821868777275,4,2
135,1500,executive_order,"April 24, 2025","June 03, 1994",0.49630075693130493,9,0.4756789356470108,8,"[[1, 12, 0.6097410917282104], [2, 12, 0.5400187969207764], [0, 12, 0.5363096594810486], [1, 13, 0.45177993178367615], [1, 24, 0.44360965490341187], [2, 11, 0.4423176050186157], [1, 1, 0.4415621757507324], [1, 26, 0.4413314461708069], [1, 0, 0.42395561933517456], [2, 2, 0.4230903387069702], [1, 17, 0.42132818698883057], [1, 3, 0.42041119933128357], [2, 30, 0.41955122351646423], [1, 15, 0.4044215977191925], [2, 18, 0.4033704996109009], [1, 8, 0.40330997109413147], [1, 16, 0.4000310003757477], [2, 20, 0.39902186393737793], [2, 19, 0.3954967260360718], [2, 4, 0.39168351888656616], [2, 9, 0.387774795293808], [2, 10, 0.3835958242416382], [2, 7, 0.37358593940734863], [2, 5, 0.368866503238678], [2, 29, 0.3614625930786133], [2, 23, 0.349526584148407], [1, 22, 0.3452416658401489], [2, 31, 0.34193307161331177], [2, 27, 0.3312298357486725], [1, 25, 0.3305894732475281], [2, 14, 0.3171236515045166], [2, 28, 0.2992960214614868], [2, 6, 0.28867676854133606], [2, 21, 0.2437942624092102]]",True,1,"[[0, 0, [""hereby order""]], [2, 11, [""shall provide""]], [2, 19, [""shall provide""]]]",0.05290269619979592,5,"[[1, 26, 0.06314286417208198], [1, 12, 0.05532750708425402], [1, 25, 0.04023771734305177]]",0.0,6,"[[2, 29, 0.0], [2, 30, 0.0], [2, 31, 0.0]]",20,0.11417582417582417,6,True,0.0010872907296288759,9,2,0.0010872907296288759,9,2
135,1053,executive_order,"April 24, 2025","December 17, 2004",0.5042829513549805,8,0.49460242688655853,4,"[[0, 0, 0.5555481910705566], [1, 0, 0.5247641801834106], [2, 0, 0.49676185846328735], [2, 5, 0.49401113390922546], [2, 3, 0.4863390326499939], [2, 4, 0.4372679591178894], [2, 2, 0.4113531708717346], [2, 1, 0.39656078815460205]]",True,1,"[[2, 3, [""shall provide""]], [2, 4, [""shall provide""]]]",0.020484078422955673,16,"[[2, 1, 0.022094885835296917], [1, 5, 0.02065279609855137], [2, 5, 0.01870455333501873]]",0.0,6,"[[2, 3, 0.0], [2, 4, 0.0], [2, 5, 0.0]]",20,0.10790598290598291,7,True,0.004573863931000233,7,1,0.004573863931000233,7,1
135,198,executive_order,"April 24, 2025","February 25, 2025",0.4699312448501587,20,0.4324941039085388,16,"[[1, 2, 0.4616188704967499], [2, 3, 0.45359769463539124], [0, 3, 0.4232631325721741], [0, 0, 0.4177079498767853], [1, 1, 0.3423888683319092]]",True,1,"[[0, 0, [""hereby order""]]]",0.05578551408122581,4,"[[1, 2, 0.08550992510885562], [0, 2, 0.04726429784029458], [2, 2, 0.034582319294527236]]",0.0,6,"[[2, 1, 0.0], [2, 2, 0.0], [2, 3, 0.0]]",20,0.10790598290598291,8,True,0.027376487851142883,5,1,0.027376487851142883,5,1
135,148,executive_order,"April 24, 2025","April 15, 2025",0.5647741556167603,4,0.4876660108566284,5,"[[0, 2, 0.5008562803268433], [2, 1, 0.49788597226142883], [1, 2, 0.483970046043396], [0, 0, 0.4445415139198303]]",True,1,"[[0, 0, [""hereby order""]]]",0.024029202320649135,14,"[[1, 2, 0.029431805253881678], [0, 2, 0.023828871189285113], [0, 0, 0.018826930518780618]]",0.0,6,"[[2, 0, 0.0], [2, 1, 0.0], [2, 2, 0.0]]",20,0.10787330316742082,9,True,0.009055264294147491,6,1,0.009055264294147491,6,1
135,262,executive_order,"April 24, 2025","January 20, 2025",0.4720793664455414,18,0.4815548211336136,6,"[[0, 0, 0.5028622150421143], [1, 0, 0.4471878409385681], [2, 0, 0.43069225549697876]]",True,1,"[[0, 0, [""hereby order""]]]",0.020076813249170763,17,"[[1, 0, 0.033227880772394885], [0, 0, 0.021404393789133776], [2, 0, 0.005598165185983624]]",7.333333333333333,4,"[[0, 0, 12.0], [1, 0, 10.0], [2, 0, 0.0]]",20,0.10715523215523215,10,True,0.001957016997039318,8,1,0.001957016997039318,8,1
136,574,executive_order,"April 23, 2025","July 19, 2018",0.529791533946991,5,0.4859731048345566,8,"[[0, 4, 0.5811446905136108], [4, 5, 0.5788761377334595], [2, 5, 0.5573546886444092], [0, 0, 0.5353665947914124], [0, 3, 0.5247532725334167], [1, 4, 0.4918649196624756], [1, 8, 0.4536450505256653], [1, 6, 0.42655518651008606], [3, 8, 0.4133508503437042], [1, 1, 0.3511260151863098], [1, 7, 0.29834556579589844], [1, 2, 0.2770383954048157]]",True,1,"[[0, 0, [""hereby order""]]]",0.11018285665235951,1,"[[3, 1, 0.1502523999144045], [1, 1, 0.13755060347608328], [3, 6, 0.042745566566590745]]",6.666666666666667,3,"[[1, 1, 10.0], [3, 1, 10.0], [4, 6, 0.0]]",20,0.12681159420289856,1,True,0.36658975481987,3,1,0.36658975481987,3,1
136,394,executive_order,"April 23, 2025","April 26, 2021",0.48114752769470215,25,0.48960526287555695,7,"[[1, 3, 0.5585203170776367], [0, 0, 0.5089272260665894], [0, 4, 0.5057379007339478], [0, 2, 0.4890761971473694], [2, 4, 0.46819624304771423], [3, 3, 0.45852917432785034], [1, 1, 0.4217182993888855], [4, 4, 0.41789954900741577]]",True,1,"[[0, 0, [""hereby order""]], [2, 2, [""shall identify""]], [2, 3, [""shall identify""]], [4, 2, [""shall identify""]], [4, 3, [""shall identify""]]]",0.09373149371686153,2,"[[3, 1, 0.13620708087520256], [1, 1, 0.12469262509466014], [4, 1, 0.02029477518072193]]",0.0,5,"[[4, 2, 0.0], [4, 3, 0.0], [4, 4, 0.0]]",20,0.12249158249158248,2,True,0.001367025775834918,7,1,0.001367025775834918,7,1
136,300,executive_order,"April 23, 2025","March 06, 2024",0.7202693819999695,1,0.596682608127594,1,"[[0, 0, 0.6399142742156982], [2, 4, 0.6394748687744141], [1, 1, 0.6371266841888428], [4, 0, 0.634713351726532], [4, 2, 0.6195677518844604], [4, 6, 0.6080982685089111], [4, 5, 0.5884836912155151], [3, 1, 0.5837522745132446], [4, 3, 0.5822386741638184], [1, 11, 0.5450952649116516], [0, 7, 0.5419775247573853], [1, 8, 0.5089367628097534], [1, 9, 0.4886859059333801], [3, 10, 0.3968268036842346]]",True,1,"[[0, 0, [""hereby order""]], [1, 2, [""shall review""]], [1, 3, [""shall review""]], [1, 9, [""shall review""]], [2, 2, [""shall identify""]], [2, 5, [""shall identify""]], [2, 6, [""shall identify""]], [3, 1, [""shall submit""]], [4, 2, [""shall identify""]], [4, 5, [""shall identify""]], [4, 6, [""shall identify""]]]",0.048285322377659534,10,"[[3, 0, 0.06752662196916524], [1, 0, 0.061818164687228803], [1, 8, 0.015511180476584568]]",0.0,5,"[[4, 9, 0.0], [4, 10, 0.0], [4, 11, 0.0]]",20,0.12095238095238095,3,True,0.9032942056655884,1,1,0.9032942056655884,1,1
136,293,executive_order,"April 23, 2025","September 06, 2024",0.622214674949646,3,0.5121787488460541,3,"[[0, 0, 0.617313027381897], [4, 0, 0.5103785991668701], [2, 0, 0.4688512086868286], [0, 1, 0.4608513414859772], [1, 0, 0.42712050676345825], [3, 1, 0.40271317958831787]]",True,1,"[[0, 0, [""hereby order""]]]",0.050230179124535014,7,"[[3, 1, 0.0729644255276221], [1, 1, 0.06679627592855497], [4, 1, 0.01092983591742798]]",0.0,5,"[[3, 1, 0.0], [4, 0, 0.0], [4, 1, 0.0]]",20,0.12051529790660226,4,True,0.1030244305729866,4,1,0.10230470448732376,4,1
136,3268,executive_order,"April 23, 2025","April 15, 1964",0.4973354637622833,19,0.49336114525794983,4,"[[1, 1, 0.5830872654914856], [2, 1, 0.5249051451683044], [1, 2, 0.49853891134262085], [0, 1, 0.4698585271835327], [4, 1, 0.4310881495475769], [3, 2, 0.42276448011398315], [1, 0, 0.4195185601711273]]",False,2,[],0.051732117450432456,6,"[[3, 0, 0.07405967795440059], [1, 0, 0.06779893966203178], [3, 1, 0.013337734734864987]]",0.0,5,"[[4, 0, 0.0], [4, 1, 0.0], [4, 2, 0.0]]",20,0.12012820512820513,5,True,0.004718369338661432,6,1,0.004718369338661432,6,1
136,209,executive_order,"April 23, 2025","February 11, 2025",0.49821174144744873,18,0.4764062911272049,11,"[[1, 4, 0.5651900768280029], [1, 5, 0.5278952121734619], [3, 4, 0.47900426387786865], [2, 3, 0.4655247628688812], [3, 2, 0.45902717113494873], [2, 0, 0.4530327320098877], [0, 0, 0.4374704957008362], [4, 0, 0.4220757782459259], [3, 1, 0.4030872583389282]]",True,1,"[[0, 0, [""hereby order""]], [3, 1, [""shall submit""]], [3, 4, [""shall submit""]]]",0.07998959403855184,4,"[[1, 4, 0.11025939955762837], [3, 4, 0.10005035298564635], [3, 1, 0.029659029572380785]]",7.0,2,"[[1, 4, 11.0], [3, 4, 10.0], [4, 3, 0.0]]",20,0.11937927663734116,6,True,0.0012351679615676403,8,1,0.0012351679615676403,8,1
136,618,executive_order,"April 23, 2025","June 15, 2017",0.718981921672821,2,0.5662960708141327,2,"[[3, 4, 0.6197932958602905], [2, 0, 0.6188070774078369], [4, 0, 0.6145033240318298], [1, 4, 0.5953550934791565], [2, 2, 0.5941445827484131], [3, 1, 0.5626839399337769], [2, 6, 0.5528201460838318], [0, 0, 0.5448207855224609], [1, 5, 0.5310620069503784], [1, 3, 0.4286850094795227], [1, 7, 0.3634944558143616]]",True,1,"[[0, 0, [""hereby order""]], [3, 2, [""shall submit""]], [3, 5, [""shall submit""]]]",0.04204230677928202,13,"[[1, 0, 0.04365281652559437], [3, 5, 0.04174588472949886], [4, 0, 0.04072821908275283]]",0.0,5,"[[4, 5, 0.0], [4, 6, 0.0], [4, 7, 0.0]]",20,0.11575757575757575,7,True,0.5467381477355957,2,1,0.5467381477355957,2,1
136,549,executive_order,"April 23, 2025","May 02, 2019",0.5281857252120972,6,0.4535321444272995,21,"[[1, 8, 0.5195868015289307], [1, 3, 0.5083603262901306], [1, 2, 0.5012166500091553], [1, 9, 0.4971940219402313], [3, 3, 0.49144649505615234], [0, 9, 0.4818577766418457], [2, 9, 0.4746900200843811], [0, 0, 0.4713595509529114], [1, 11, 0.45355352759361267], [4, 1, 0.44192129373550415], [2, 10, 0.4106331765651703], [1, 7, 0.3538808822631836], [2, 5, 0.32211506366729736], [4, 4, 0.31590399146080017], [4, 6, 0.30624035000801086]]",True,1,"[[0, 0, [""hereby order""]], [2, 3, [""shall identify""]], [4, 3, [""shall identify""]]]",0.08280785059180813,3,"[[3, 10, 0.09871182967077466], [1, 10, 0.09036708730894423], [3, 1, 0.05934463479570549]]",7.333333333333333,1,"[[1, 2, 12.0], [3, 2, 10.0], [4, 9, 0.0]]",20,0.11548755239105185,8,True,0.0005838324432261288,9,1,0.0005838324432261288,9,1
136,487,executive_order,"April 23, 2025","June 26, 2020",0.4958595931529999,20,0.47714176774024963,10,"[[2, 0, 0.5459248423576355], [1, 1, 0.4925338923931122], [4, 0, 0.4888983368873596], [0, 0, 0.44024842977523804], [2, 2, 0.40243008732795715], [3, 1, 0.4023311734199524]]",True,1,"[[0, 0, [""hereby order""]], [1, 1, [""shall review""]]]",0.049798852924676305,8,"[[3, 1, 0.07906131067822601], [1, 1, 0.06817822044195497], [0, 0, 0.002157027653847934]]",6.666666666666667,3,"[[1, 1, 10.0], [3, 1, 10.0], [4, 1, 0.0]]",20,0.11252587991718427,9,True,0.004982269834727049,5,1,0.004982269834727049,5,1
136,1867,executive_order,"April 23, 2025","February 25, 1986",0.5072641372680664,13,0.49053001403808594,6,"[[1, 4, 0.577904224395752], [2, 4, 0.5202286243438721], [4, 4, 0.505294919013977], [0, 4, 0.47347867488861084], [1, 0, 0.4712134599685669], [3, 4, 0.4592614471912384], [1, 3, 0.45482516288757324], [1, 1, 0.44324785470962524], [1, 2, 0.42194125056266785]]",True,1,"[[1, 3, [""shall review""]], [3, 4, [""shall submit""]]]",0.04467425110083336,11,"[[3, 4, 0.053951656368540206], [1, 4, 0.04327485265699328], [3, 0, 0.03679624427696659]]",0.0,5,"[[4, 2, 0.0], [4, 3, 0.0], [4, 4, 0.0]]",20,0.1107196029776675,10,True,0.00013135180051904172,10,1,0.00013135180051904172,10,1
138,399,executive_order,"April 23, 2025","March 08, 2021",0.5159645676612854,3,0.5228030681610107,1,"[[1, 1, 0.5452815294265747], [0, 1, 0.5065596699714661], [0, 0, 0.4940894842147827]]",True,1,"[[0, 0, [""hereby order""]]]",0.023783608146761753,6,"[[0, 1, 0.039562143686623565], [1, 1, 0.028008655779200788], [1, 0, 0.0037800249744609025]]",3.3333333333333335,4,"[[1, 1, 10.0], [0, 1, 0.0], [1, 0, 0.0]]",20,0.12774725274725274,1,True,0.000250207755016163,4,1,0.000250207755016163,4,1
138,245,executive_order,"April 23, 2025","January 21, 2025",0.48375266790390015,9,0.4881444573402405,3,"[[0, 4, 0.5509828329086304], [1, 4, 0.4970702528953552], [0, 0, 0.4661135971546173], [0, 1, 0.45754197239875793], [1, 2, 0.4056238830089569], [0, 3, 0.38104957342147827]]",True,1,"[[0, 0, [""hereby order""]]]",0.025789893277660236,5,"[[0, 4, 0.04520439742293313], [0, 0, 0.022954855563032867], [1, 4, 0.009210426847014709]]",5.666666666666667,3,"[[0, 4, 17.0], [1, 3, 0.0], [1, 4, 0.0]]",20,0.12695652173913044,2,True,0.0032224839087575674,1,1,0.0032224839087575674,1,1
138,1742,executive_order,"April 23, 2025","April 28, 1989",0.454856276512146,24,0.4609174579381943,7,"[[1, 7, 0.509458601474762], [1, 2, 0.4682278633117676], [1, 3, 0.4624902009963989], [0, 7, 0.45869091153144836], [1, 0, 0.4583185911178589], [1, 12, 0.4530380368232727], [1, 11, 0.45228683948516846], [1, 6, 0.4290601909160614], [1, 5, 0.4288521707057953], [1, 4, 0.42399558424949646], [1, 8, 0.4138023853302002], [1, 10, 0.4100068509578705], [1, 9, 0.40195566415786743], [1, 1, 0.3793885111808777]]",True,1,"[[0, 0, [""hereby order""]]]",0.034193600461630676,1,"[[0, 2, 0.03745082204231069], [0, 12, 0.03438930397673585], [0, 3, 0.030740675365845477]]",0.0,5,"[[1, 10, 0.0], [1, 11, 0.0], [1, 12, 0.0]]",20,0.12465608465608466,3,True,1.975604573090095e-05,8,1,1.975604573090095e-05,8,1
138,2187,executive_order,"April 23, 2025","August 08, 1980",0.5191386342048645,2,0.4609520435333252,6,"[[1, 5, 0.5082386136054993], [1, 0, 0.5027399063110352], [1, 2, 0.4935612976551056], [0, 3, 0.4647439122200012], [1, 9, 0.44846776127815247], [1, 8, 0.43135541677474976], [1, 7, 0.39023202657699585], [1, 1, 0.39019903540611267], [0, 4, 0.36444056034088135], [1, 6, 0.3601495027542114]]",False,2,[],0.03310607984909401,2,"[[0, 7, 0.0383144186222612], [0, 0, 0.03348160646497302], [0, 2, 0.027522214460047812]]",0.0,5,"[[1, 7, 0.0], [1, 8, 0.0], [1, 9, 0.0]]",20,0.12391608391608391,4,True,1.757143036229536e-05,9,1,1.757143036229536e-05,9,1
138,2098,executive_order,"April 23, 2025","September 15, 1981",0.4707637429237366,15,0.46481749415397644,5,"[[1, 4, 0.5044934749603271], [1, 0, 0.4964466691017151], [0, 0, 0.482095867395401], [1, 5, 0.46533143520355225], [1, 3, 0.4544115960597992], [1, 1, 0.45041266083717346], [1, 6, 0.44748133420944214], [1, 2, 0.44718024134635925], [1, 8, 0.4054274559020996], [1, 7, 0.25587818026542664]]",True,1,"[[0, 0, [""hereby order""]]]",0.03000120781531737,3,"[[0, 0, 0.03234941500268568], [0, 2, 0.02992012260445953], [0, 3, 0.027734085838806904]]",0.0,5,"[[1, 6, 0.0], [1, 7, 0.0], [1, 8, 0.0]]",20,0.12347826086956522,5,True,2.5071594791370444e-05,7,1,2.5071594791370444e-05,7,1
138,812,executive_order,"April 23, 2025","April 27, 2012",0.4880441725254059,6,0.4729531705379486,4,"[[1, 6, 0.521021842956543], [0, 6, 0.48611384630203247], [1, 5, 0.47144636511802673], [1, 2, 0.4624098837375641], [1, 3, 0.4517214894294739], [1, 1, 0.42990607023239136], [1, 0, 0.39262378215789795], [1, 4, 0.3672405183315277]]",True,1,"[[0, 0, [""hereby order""]]]",0.02304581172564756,8,"[[0, 4, 0.03535124446544509], [1, 4, 0.023216955072754668], [0, 6, 0.01056923563874293]]",0.0,5,"[[1, 4, 0.0], [1, 5, 0.0], [1, 6, 0.0]]",20,0.11738095238095238,6,True,9.572778799338266e-05,5,1,9.72351263044402e-05,5,1
138,344,executive_order,"April 23, 2025","June 15, 2022",0.46604013442993164,16,0.40764138102531433,18,"[[1, 11, 0.46182745695114136], [0, 11, 0.45828938484191895], [1, 1, 0.4127763509750366], [0, 12, 0.4106735587120056], [0, 10, 0.409595251083374], [0, 0, 0.3996734619140625], [1, 2, 0.3885994553565979], [0, 4, 0.37802788615226746], [1, 18, 0.3756805658340454], [0, 9, 0.3732913136482239], [0, 3, 0.3567289710044861], [1, 14, 0.35486945509910583], [1, 5, 0.3541858196258545], [1, 6, 0.3486484885215759], [1, 8, 0.33908921480178833], [1, 15, 0.33899906277656555], [1, 13, 0.33790552616119385], [0, 7, 0.33564427495002747], [1, 16, 0.33380550146102905], [1, 19, 0.2987402081489563], [1, 21, 0.2706661820411682], [1, 17, 0.2689608633518219], [1, 20, 0.26654666662216187]]",True,1,"[[0, 0, [""hereby order""]]]",0.028083927516893023,4,"[[0, 1, 0.0362931188189732], [0, 11, 0.027921922112191876], [0, 2, 0.02003674161951399]]",15.333333333333334,1,"[[0, 1, 23.0], [0, 11, 23.0], [1, 21, 0.0]]",20,0.11560150375939848,7,True,0.0003032625463674776,3,2,0.0003032625463674776,3,2
138,555,executive_order,"April 23, 2025","March 21, 2019",0.5673488974571228,1,0.49037083983421326,2,"[[0, 0, 0.5124951601028442], [1, 0, 0.5063119530677795], [0, 1, 0.4996764063835144], [0, 3, 0.4819175601005554], [0, 2, 0.3912631869316101]]",True,1,"[[0, 0, [""hereby order""]]]",0.009098457844365557,18,"[[1, 1, 0.01454255787290804], [0, 1, 0.006628330323857777], [0, 2, 0.006124485336330855]]",0.0,5,"[[1, 1, 0.0], [1, 2, 0.0], [1, 3, 0.0]]",20,0.11177033492822966,8,True,0.0008969393093138933,2,1,0.0009253848693333566,2,1
138,1083,executive_order,"April 23, 2025","April 30, 2004",0.4744133949279785,13,0.4450228214263916,9,"[[1, 0, 0.4842882752418518], [0, 0, 0.48427310585975647], [1, 2, 0.4838440418243408], [1, 5, 0.4654627740383148], [1, 8, 0.4461897313594818], [1, 6, 0.42901551723480225], [1, 3, 0.3763734698295593], [1, 1, 0.3740690350532532], [1, 7, 0.3628798723220825], [1, 4, 0.22976180911064148]]",True,1,"[[0, 0, [""hereby order""]]]",0.023781179631964373,7,"[[0, 3, 0.03160790445668904], [1, 3, 0.020758513846158372], [0, 5, 0.018977120593045703]]",0.0,5,"[[1, 6, 0.0], [1, 7, 0.0], [1, 8, 0.0]]",20,0.11151979565772668,9,True,9.11601455300115e-06,10,1,9.11601455300115e-06,10,1
138,370,executive_order,"April 23, 2025","October 11, 2021",0.4878659248352051,7,0.43549682199954987,10,"[[1, 7, 0.4761502146720886], [1, 2, 0.4700455963611603], [1, 8, 0.44323188066482544], [1, 3, 0.43941551446914673], [0, 2, 0.4385089874267578], [1, 9, 0.4316444993019104], [0, 0, 0.42121610045433044], [1, 5, 0.41894352436065674], [1, 1, 0.4099843502044678], [1, 6, 0.38748297095298767], [0, 10, 0.3701140284538269], [1, 4, 0.2820758819580078]]",True,1,"[[0, 0, [""hereby order""]]]",0.018149788791117373,10,"[[0, 9, 0.021038937346619394], [0, 1, 0.0177884461594221], [1, 9, 0.015621982867310627]]",0.0,5,"[[1, 8, 0.0], [1, 9, 0.0], [1, 10, 0.0]]",20,0.10666666666666666,10,True,6.631065480178222e-05,6,1,6.631065480178222e-05,6,1
139,1742,executive_order,"April 23, 2025","April 28, 1989",0.45000311732292175,21,0.5034881234169006,4,"[[1, 2, 0.6058774590492249], [5, 7, 0.5393948554992676], [1, 6, 0.5178957581520081], [2, 2, 0.5116918087005615], [3, 7, 0.5052251815795898], [1, 4, 0.504918098449707], [5, 11, 0.5044555068016052], [1, 3, 0.4975343942642212], [5, 12, 0.497475266456604], [0, 7, 0.48913851380348206], [1, 9, 0.4876570701599121], [1, 5, 0.48294079303741455], [1, 10, 0.4637119174003601], [3, 8, 0.45851677656173706], [1, 0, 0.44000548124313354], [4, 7, 0.4318932294845581], [3, 1, 0.4099961221218109]]",True,1,"[[0, 0, [""hereby order""]], [3, 1, [""shall provide""]], [3, 8, [""shall provide""]]]",0.02349205753127323,5,"[[5, 10, 0.024474980814184817], [1, 12, 0.024208951120292258], [1, 2, 0.021792240659342616]]",0.0,1,"[[5, 10, 0.0], [5, 11, 0.0], [5, 12, 0.0]]",20,0.12928571428571428,1,True,1.757143036229536e-05,6,1,1.757143036229536e-05,6,1
139,812,executive_order,"April 23, 2025","April 27, 2012",0.479724645614624,5,0.5183606445789337,2,"[[5, 6, 0.5767147541046143], [1, 6, 0.5380173921585083], [3, 5, 0.5371302962303162], [1, 4, 0.5255697965621948], [5, 3, 0.5209825038909912], [3, 2, 0.5086866021156311], [2, 6, 0.5054072141647339], [0, 6, 0.5016749501228333], [4, 6, 0.48982974886894226], [3, 1, 0.48337244987487793], [0, 0, 0.43102285265922546]]",True,1,"[[0, 0, [""hereby order""]], [1, 3, [""shall take""]], [2, 3, [""shall take""]], [3, 3, [""shall take""]], [3, 5, [""shall provide""]], [5, 3, [""shall take""]]]",0.017964079665162964,10,"[[1, 4, 0.022756808444576896], [4, 6, 0.016566284451832877], [1, 6, 0.014569146099079116]]",0.0,1,"[[5, 4, 0.0], [5, 5, 0.0], [5, 6, 0.0]]",20,0.1264069264069264,2,True,0.00011323438229737803,3,1,0.00011323438229737803,3,1
139,2187,executive_order,"April 23, 2025","August 08, 1980",0.5009797215461731,2,0.4989926517009735,7,"[[1, 9, 0.5573052763938904], [1, 6, 0.548082709312439], [1, 7, 0.5451061725616455], [5, 9, 0.5284731388092041], [1, 0, 0.5247508883476257], [2, 0, 0.5034317970275879], [3, 9, 0.5033553242683411], [1, 2, 0.5028766393661499], [2, 5, 0.49918311834335327], [0, 5, 0.48477938771247864], [1, 8, 0.4830348789691925], [5, 3, 0.47131070494651794], [4, 6, 0.4384949803352356], [3, 1, 0.4196765720844269], [4, 4, 0.4021262526512146]]",True,1,"[[4, 1, [""shall seek""]]]",0.024870132572062432,4,"[[1, 2, 0.027737632981967943], [1, 9, 0.024033191872343658], [1, 7, 0.0228395728618757]]",0.0,1,"[[5, 7, 0.0], [5, 8, 0.0], [5, 9, 0.0]]",20,0.1263227513227513,3,True,1.1936024748138152e-05,10,1,1.1936024748138152e-05,10,1
139,555,executive_order,"April 23, 2025","March 21, 2019",0.5425195097923279,1,0.5424065291881561,1,"[[5, 1, 0.6069046258926392], [3, 1, 0.5914697647094727], [3, 0, 0.5521560311317444], [0, 1, 0.5470683574676514], [1, 1, 0.5249983072280884], [2, 1, 0.5227091312408447], [3, 2, 0.5147702693939209], [5, 3, 0.49183470010757446], [4, 1, 0.46722978353500366]]",True,1,"[[0, 0, [""hereby order""]], [3, 3, [""shall provide""]]]",0.016803480731792234,13,"[[3, 3, 0.022282370671032965], [1, 1, 0.014528690569763927], [2, 3, 0.013599380954579816]]",0.0,1,"[[5, 1, 0.0], [5, 2, 0.0], [5, 3, 0.0]]",20,0.12554112554112554,4,True,0.00042388474685139954,1,1,0.00042388474685139954,1,1
139,827,executive_order,"April 23, 2025","December 02, 2011",0.4587121307849884,13,0.4889028072357178,10,"[[1, 3, 0.5646055340766907], [4, 10, 0.5314112901687622], [3, 3, 0.530933141708374], [5, 3, 0.5308812856674194], [1, 1, 0.5149927735328674], [1, 9, 0.49376726150512695], [5, 6, 0.477242648601532], [2, 3, 0.4705081582069397], [0, 3, 0.46997666358947754], [1, 5, 0.4614008367061615], [2, 0, 0.4292542338371277], [1, 2, 0.42075255513191223], [1, 4, 0.4035702347755432], [4, 8, 0.39472272992134094], [4, 7, 0.3838954567909241]]",True,1,"[[3, 3, [""shall provide""]], [3, 5, [""shall provide""]]]",0.025234980244401555,3,"[[5, 3, 0.029257301571558623], [5, 1, 0.025906158294079572], [5, 5, 0.02054148086756646]]",0.0,1,"[[5, 8, 0.0], [5, 9, 0.0], [5, 10, 0.0]]",20,0.12443064182194616,5,True,2.5867431759252213e-05,4,1,2.5867431759252213e-05,4,1
139,1189,executive_order,"April 23, 2025","October 12, 2001",0.4527645707130432,17,0.4755328446626663,18,"[[5, 9, 0.5211133360862732], [1, 6, 0.519650936126709], [5, 7, 0.5180035829544067], [3, 7, 0.5161702036857605], [0, 3, 0.5076940059661865], [1, 8, 0.49965721368789673], [1, 2, 0.4782876670360565], [3, 5, 0.47795426845550537], [2, 7, 0.4538869559764862], [5, 11, 0.4529694616794586], [5, 12, 0.45235708355903625], [4, 6, 0.4491407871246338], [4, 10, 0.425422728061676], [1, 0, 0.396030068397522], [1, 4, 0.34771859645843506], [4, 1, 0.3370724320411682]]",True,1,"[[0, 0, [""hereby order""]], [3, 2, [""shall provide""]], [3, 4, [""shall provide""]], [3, 7, [""shall provide""]], [3, 9, [""shall provide""]]]",0.03771098651812599,1,"[[1, 2, 0.07712811814512947], [3, 4, 0.020546381080807932], [5, 2, 0.015458460328440567]]",0.0,1,"[[5, 10, 0.0], [5, 11, 0.0], [5, 12, 0.0]]",20,0.12155388471177944,6,True,2.2474090656032786e-05,5,1,2.2474090656032786e-05,5,1
139,1519,executive_order,"April 23, 2025","February 22, 1994",0.4521769881248474,20,0.4985416680574417,8,"[[1, 7, 0.5911455154418945], [5, 7, 0.538928210735321], [4, 6, 0.538158655166626], [2, 16, 0.5277885794639587], [1, 3, 0.51419597864151], [5, 8, 0.5079320073127747], [1, 2, 0.5074257850646973], [5, 5, 0.49630969762802124], [3, 7, 0.49388444423675537], [0, 11, 0.46691858768463135], [1, 10, 0.46096527576446533], [4, 4, 0.44907012581825256], [3, 12, 0.4452115595340729], [4, 15, 0.44369393587112427], [1, 14, 0.44187766313552856], [1, 9, 0.44117993116378784], [1, 0, 0.4410829246044159], [4, 13, 0.4048345386981964], [1, 1, 0.32829126715660095]]",True,1,"[[0, 0, [""hereby order""]], [3, 2, [""shall provide""]], [3, 3, [""shall provide""]], [3, 4, [""shall provide""]], [3, 7, [""shall provide""]], [3, 8, [""shall provide""]], [3, 12, [""shall provide""]], [3, 16, [""shall provide""]]]",0.019765838708960176,7,"[[3, 14, 0.021563075616885155], [1, 1, 0.02107206282722954], [0, 0, 0.01666237768276584]]",0.0,1,"[[5, 14, 0.0], [5, 15, 0.0], [5, 16, 0.0]]",20,0.12037037037037036,7,True,1.3846004549122881e-05,9,1,1.357820292469114e-05,9,1
139,899,executive_order,"April 23, 2025","November 20, 2009",0.4536479711532593,16,0.5073330998420715,3,"[[4, 7, 0.5637307167053223], [3, 1, 0.5426436066627502], [5, 1, 0.5271197557449341], [1, 8, 0.518755316734314], [4, 13, 0.515622615814209], [4, 10, 0.5152497291564941], [2, 8, 0.5132927894592285], [4, 3, 0.507866382598877], [5, 12, 0.4883413314819336], [0, 10, 0.4874404966831207], [3, 0, 0.4861508011817932], [4, 6, 0.47619661688804626], [4, 4, 0.46888595819473267], [4, 14, 0.4644736349582672], [5, 2, 0.4563094973564148], [4, 11, 0.45543986558914185], [3, 9, 0.4549325704574585], [5, 5, 0.4229367673397064]]",True,1,"[[0, 0, [""hereby order""]], [3, 3, [""shall provide""]]]",0.012650935272784271,15,"[[1, 1, 0.02218854063507435], [1, 11, 0.007970990482109678], [1, 0, 0.0077932747011687864]]",0.0,1,"[[5, 12, 0.0], [5, 13, 0.0], [5, 14, 0.0]]",20,0.1196687370600414,8,True,0.00014768038818147033,2,1,0.00014768038818147033,2,1
139,2098,executive_order,"April 23, 2025","September 15, 1981",0.5006588101387024,3,0.5021338760852814,5,"[[5, 4, 0.5484029054641724], [5, 6, 0.538696825504303], [1, 5, 0.5342481136322021], [2, 5, 0.5243383049964905], [0, 4, 0.5176783204078674], [1, 0, 0.512607991695404], [3, 4, 0.5104421377182007], [1, 8, 0.5005960464477539], [5, 3, 0.49833935499191284], [1, 2, 0.470357745885849], [3, 1, 0.4556249678134918], [4, 6, 0.4553021788597107], [5, 7, 0.3439183831214905]]",True,1,"[[0, 0, [""hereby order""]], [1, 7, [""shall take""]], [2, 7, [""shall take""]], [3, 7, [""shall take""]], [4, 1, [""shall seek""]], [5, 7, [""shall take""]]]",0.01763546477613811,12,"[[1, 6, 0.018970797535045436], [1, 5, 0.01842797565392682], [1, 3, 0.01550762113944207]]",0.0,1,"[[5, 6, 0.0], [5, 7, 0.0], [5, 8, 0.0]]",20,0.11886904761904762,9,True,1.4285516954259947e-05,7,1,1.4285516954259947e-05,7,1
139,640,executive_order,"April 23, 2025","February 28, 2017",0.4450310170650482,24,0.46613791584968567,21,"[[1, 1, 0.5855875015258789], [2, 7, 0.49449023604393005], [5, 7, 0.4660208821296692], [5, 8, 0.464411199092865], [3, 8, 0.45922085642814636], [4, 8, 0.4548755884170532], [5, 2, 0.4312138557434082], [0, 7, 0.42904213070869446], [1, 3, 0.4265747666358948], [1, 5, 0.42422622442245483], [0, 0, 0.41977545619010925], [1, 4, 0.4052383601665497], [5, 6, 0.4051094055175781]]",True,1,"[[0, 0, [""hereby order""]], [1, 5, [""shall take""]], [2, 5, [""shall take""]], [3, 5, [""shall take""]], [3, 6, [""shall provide""]], [3, 8, [""shall provide""]], [5, 5, [""shall take""]]]",0.027091654397232674,2,"[[1, 1, 0.05121274702394722], [5, 8, 0.017304961916973255], [3, 3, 0.012757254250777554]]",0.0,1,"[[5, 6, 0.0], [5, 7, 0.0], [5, 8, 0.0]]",20,0.1174638369760321,10,True,1.411908942827722e-05,8,1,1.411908942827722e-05,8,1
140,245,executive_order,"April 23, 2025","January 21, 2025",0.6429494023323059,1,0.564887285232544,1,"[[0, 0, 0.6238983869552612], [2, 3, 0.6081304550170898], [3, 3, 0.5756452083587646], [4, 3, 0.5596428513526917], [3, 4, 0.558017373085022], [5, 4, 0.5421187877655029], [0, 1, 0.5392671823501587], [6, 2, 0.529340922832489], [1, 1, 0.4675288796424866]]",True,1,"[[0, 0, [""hereby order""]], [1, 1, [""hereby revoke""]], [4, 2, [""shall take""]], [6, 2, [""shall take""]]]",0.0755894599882553,2,"[[6, 4, 0.11015139901837875], [4, 2, 0.0794291835418204], [0, 0, 0.03718779740456673]]",14.666666666666666,1,"[[6, 4, 32.0], [0, 0, 12.0], [6, 3, 0.0]]",20,0.1406926406926407,1,True,0.3486451506614685,1,1,0.3486451506614685,1,1
140,254,executive_order,"April 23, 2025","January 20, 2025",0.5728463530540466,3,0.5590115189552307,2,"[[6, 2, 0.579217255115509], [4, 3, 0.5756893754005432], [3, 3, 0.5564406514167786], [0, 0, 0.5542029142379761], [5, 2, 0.5441635847091675], [1, 3, 0.5429425835609436], [6, 1, 0.5408257842063904], [2, 3, 0.5361184477806091]]",True,1,"[[0, 0, [""hereby order""]], [4, 3, [""shall take""]], [6, 3, [""shall take""]]]",0.04013923191826909,7,"[[6, 3, 0.08048611745428494], [3, 1, 0.020457875736796832], [4, 3, 0.019473702563725496]]",10.666666666666666,3,"[[6, 3, 32.0], [6, 1, 0.0], [6, 2, 0.0]]",20,0.1259698433611477,2,True,0.0019117692718282342,7,1,0.001941816764883697,7,1
140,236,executive_order,"April 23, 2025","January 27, 2025",0.5177364945411682,12,0.4509933590888977,21,"[[2, 3, 0.5327271223068237], [0, 0, 0.4949241280555725], [4, 3, 0.4620596766471863], [2, 2, 0.42765283584594727], [0, 1, 0.41681671142578125], [3, 3, 0.4109308123588562], [5, 0, 0.38929611444473267], [6, 2, 0.3829272389411926], [1, 0, 0.3648306727409363]]",True,1,"[[0, 0, [""hereby order""]]]",0.12779350042757884,1,"[[6, 3, 0.2991521170675469], [4, 2, 0.04516766629556082], [4, 3, 0.039060717919628736]]",11.333333333333334,2,"[[6, 3, 34.0], [6, 1, 0.0], [6, 2, 0.0]]",20,0.1174638369760321,3,True,0.025565212592482567,3,1,0.025565212592482567,3,1
140,1259,executive_order,"April 23, 2025","June 23, 2000",0.49322664737701416,22,0.5064034461975098,6,"[[2, 9, 0.5957772731781006], [2, 8, 0.5947787761688232], [2, 6, 0.5890436768531799], [4, 6, 0.5674761533737183], [3, 3, 0.5213118195533752], [4, 4, 0.5072532892227173], [6, 0, 0.4902024269104004], [2, 7, 0.4877792298793793], [5, 0, 0.4874952435493469], [0, 0, 0.44784456491470337], [5, 2, 0.4371810257434845], [6, 5, 0.4278033375740051], [1, 6, 0.42623764276504517], [5, 1, 0.4250161647796631]]",True,1,"[[0, 0, [""hereby order""]], [4, 6, [""shall take""]], [6, 6, [""shall take""]]]",0.04037289647962108,6,"[[5, 3, 0.04934000266670192], [5, 6, 0.04423965531657602], [0, 0, 0.027539031455585276]]",0.0,7,"[[6, 7, 0.0], [6, 8, 0.0], [6, 9, 0.0]]",20,0.11396011396011396,4,True,0.0002663404738996178,9,1,0.0002684288483578712,9,1
140,344,executive_order,"April 23, 2025","June 15, 2022",0.5141421556472778,14,0.48125794529914856,14,"[[2, 17, 0.6104129552841187], [2, 19, 0.5379337072372437], [2, 18, 0.5358500480651855], [2, 20, 0.5242591500282288], [2, 21, 0.5239462852478027], [4, 8, 0.5114761590957642], [3, 14, 0.509280800819397], [5, 14, 0.501661479473114], [3, 15, 0.4976920485496521], [6, 11, 0.4886595904827118], [2, 7, 0.4855940341949463], [6, 9, 0.46779292821884155], [6, 1, 0.4586505591869354], [5, 0, 0.4545591175556183], [2, 16, 0.4501595199108124], [6, 12, 0.4487631916999817], [0, 0, 0.44484370946884155], [3, 13, 0.44247308373451233], [5, 6, 0.4265049695968628], [6, 10, 0.42116326093673706], [6, 2, 0.4141790270805359], [1, 8, 0.3953384757041931], [5, 4, 0.37983402609825134], [6, 5, 0.3557372987270355], [5, 3, 0.3508826792240143]]",True,1,"[[0, 0, [""hereby order""]]]",0.05425520371000268,3,"[[2, 17, 0.09227558635271879], [2, 19, 0.035897234332930926], [2, 18, 0.03459279044435832]]",4.333333333333333,5,"[[2, 17, 13.0], [6, 19, 0.0], [6, 21, 0.0]]",20,0.11289002557544757,5,True,0.001054507156368345,8,2,0.001054507156368345,8,2
140,469,executive_order,"April 23, 2025","September 22, 2020",0.540818452835083,6,0.48864613473415375,11,"[[0, 0, 0.5297971367835999], [6, 4, 0.5251985788345337], [3, 4, 0.5192775130271912], [3, 2, 0.5071648955345154], [4, 4, 0.4784103035926819], [5, 3, 0.45784029364585876], [0, 1, 0.4514753818511963], [2, 4, 0.4503840208053589], [1, 4, 0.42007142305374146]]",True,1,"[[0, 0, [""hereby order""]], [4, 2, [""shall take""]], [6, 2, [""shall take""]]]",0.042167635109687074,5,"[[3, 4, 0.052531154026211696], [6, 4, 0.04649733577865338], [0, 1, 0.027474415524196136]]",3.3333333333333335,6,"[[2, 2, 10.0], [6, 3, 0.0], [6, 4, 0.0]]",20,0.1107196029776675,6,True,0.018866209778934717,4,2,0.018866209778934717,4,2
140,453,executive_order,"April 23, 2025","December 14, 2020",0.4958716034889221,20,0.4833822697401047,13,"[[2, 2, 0.5792415738105774], [2, 1, 0.5676381587982178], [4, 1, 0.5080153942108154], [5, 2, 0.47867608070373535], [2, 4, 0.47417792677879333], [2, 3, 0.46858614683151245], [3, 1, 0.457148015499115], [6, 1, 0.43898600339889526], [0, 0, 0.43893080949783325], [1, 2, 0.43697389960289], [5, 5, 0.4108937978744507]]",True,1,"[[0, 0, [""hereby order""]]]",0.042846135724242805,4,"[[4, 3, 0.04811638765624117], [4, 1, 0.0403409096296626], [4, 2, 0.04008110988682464]]",0.0,7,"[[6, 3, 0.0], [6, 4, 0.0], [6, 5, 0.0]]",20,0.109006734006734,7,True,0.0001110444645746611,10,1,0.00011147904297104105,10,1
140,384,executive_order,"April 23, 2025","June 25, 2021",0.5373855829238892,7,0.5149177014827728,4,"[[6, 7, 0.62000572681427], [6, 17, 0.5886738300323486], [6, 12, 0.5657403469085693], [6, 4, 0.5651609301567078], [6, 11, 0.5559664368629456], [6, 21, 0.5370842814445496], [3, 2, 0.5358567237854004], [6, 19, 0.5305944085121155], [6, 14, 0.5290952920913696], [6, 3, 0.5268086791038513], [4, 2, 0.5207129716873169], [2, 6, 0.5203635096549988], [6, 16, 0.520155668258667], [0, 0, 0.510222852230072], [6, 13, 0.5094034671783447], [4, 18, 0.503398060798645], [5, 0, 0.5029317736625671], [6, 15, 0.5027291178703308], [6, 1, 0.4995832145214081], [6, 5, 0.4860527515411377], [6, 23, 0.4752078056335449], [2, 8, 0.47307148575782776], [6, 10, 0.466895192861557], [6, 22, 0.46221494674682617], [6, 20, 0.4452281892299652], [1, 7, 0.42791059613227844], [3, 9, 0.4205332100391388], [6, 24, 0.4029662311077118]]",True,1,"[[0, 0, [""hereby order""]], [4, 5, [""shall take""]], [4, 6, [""shall take""]], [4, 12, [""shall take""]], [4, 13, [""shall take""]], [4, 16, [""shall take""]], [4, 18, [""shall take""]], [4, 22, [""shall take""]], [4, 23, [""shall take""]], [4, 24, [""shall take""]], [6, 5, [""shall take""]], [6, 6, [""shall take""]], [6, 12, [""shall take""]], [6, 13, [""shall take""]], [6, 16, [""shall take""]], [6, 18, [""shall take""]], [6, 22, [""shall take""]], [6, 23, [""shall take""]], [6, 24, [""shall take""]]]",0.02502903820508154,14,"[[3, 7, 0.030785858810022916], [6, 7, 0.025129817312793665], [6, 0, 0.01917143849242803]]",0.0,7,"[[6, 22, 0.0], [6, 23, 0.0], [6, 24, 0.0]]",20,0.10811546840958605,8,True,0.004526858450844884,5,2,0.004523938172496855,5,2
140,2941,executive_order,"April 23, 2025","August 08, 1969",0.5952234864234924,2,0.5250770151615143,3,"[[6, 1, 0.6267818808555603], [6, 2, 0.6096782684326172], [6, 0, 0.5740289688110352], [0, 0, 0.5629740357398987], [3, 4, 0.5553135871887207], [6, 7, 0.5308157205581665], [5, 4, 0.5036898255348206], [2, 3, 0.48935431241989136], [5, 8, 0.4893184304237366], [6, 5, 0.48347631096839905], [1, 8, 0.47665780782699585], [4, 3, 0.42484933137893677], [4, 6, 0.4131065011024475]]",False,2,[],0.020010880926823155,18,"[[0, 4, 0.024233932501404647], [4, 1, 0.02353434318937191], [6, 1, 0.012264367089692904]]",0.0,7,"[[6, 6, 0.0], [6, 7, 0.0], [6, 8, 0.0]]",20,0.10683108738028646,9,True,0.0026112478226423264,6,1,0.0026112478226423264,6,1
140,3173,executive_order,"April 23, 2025","September 24, 1965",0.4875679612159729,25,0.4878920018672943,12,"[[6, 1, 0.5707998871803284], [6, 0, 0.5681252479553223], [3, 3, 0.5520943403244019], [6, 2, 0.5469048619270325], [0, 0, 0.5341739058494568], [6, 13, 0.5200390815734863], [3, 7, 0.5125381350517273], [5, 3, 0.49881622195243835], [2, 15, 0.47551825642585754], [4, 10, 0.47326308488845825], [3, 8, 0.45723265409469604], [6, 12, 0.44551634788513184], [6, 5, 0.43306419253349304], [2, 9, 0.43010222911834717], [1, 13, 0.4281648099422455], [3, 6, 0.426386296749115], [4, 4, 0.40934276580810547], [6, 11, 0.3955397605895996], [3, 14, 0.32103562355041504]]",True,1,"[[2, 7, [""shall report""]], [2, 8, [""shall report""]], [2, 11, [""shall report""]], [4, 10, [""shall take""]], [4, 15, [""shall take""]], [6, 10, [""shall take""]], [6, 15, [""shall take""]]]",0.033057918620677314,9,"[[3, 8, 0.037753078873095716], [4, 15, 0.036906092562612035], [0, 3, 0.02451458442632421]]",0.0,7,"[[6, 13, 0.0], [6, 14, 0.0], [6, 15, 0.0]]",20,0.10276979565772669,10,True,0.037255058996379375,2,2,0.037255058996379375,2,2
141,228,executive_order,"April 23, 2025","January 29, 2025",0.471398264169693,16,0.49501755833625793,9,"[[5, 1, 0.6034741401672363], [4, 1, 0.5561673641204834], [6, 2, 0.548528790473938], [4, 5, 0.5372881293296814], [4, 4, 0.5214745998382568], [5, 3, 0.49451249837875366], [7, 2, 0.491495817899704], [3, 5, 0.48710307478904724], [8, 2, 0.45518767833709717], [7, 6, 0.4533620774745941], [2, 5, 0.433553010225296], [4, 0, 0.4270319640636444], [9, 2, 0.4270167648792267], [0, 2, 0.3922553062438965], [1, 2, 0.3831806778907776]]",True,1,"[[0, 0, [""hereby order""]], [5, 1, [""shall issue""]], [5, 3, [""shall issue""]]]",0.09724443606949702,1,"[[5, 1, 0.10793345234125104], [9, 1, 0.0924616890030721], [5, 2, 0.09133816686416793]]",34.333333333333336,1,"[[5, 2, 35.0], [5, 3, 34.0], [5, 4, 34.0]]",20,0.1297208538587849,1,True,0.0003150386910419911,8,1,0.0003150386910419911,8,1
141,243,executive_order,"April 23, 2025","January 23, 2025",0.46187829971313477,20,0.5007293075323105,6,"[[2, 1, 0.5807800889015198], [7, 2, 0.5346478223800659], [0, 0, 0.5264675617218018], [6, 2, 0.5066655278205872], [1, 1, 0.5032790303230286], [3, 2, 0.48183491826057434], [8, 2, 0.46617400646209717], [5, 2, 0.46503740549087524], [4, 2, 0.4332721531391144], [9, 2, 0.4157780408859253], [2, 3, 0.39836445450782776]]",True,1,"[[0, 0, [""hereby order""]]]",0.08728521997630005,2,"[[1, 1, 0.1421893066154573], [0, 0, 0.07152561949041145], [1, 2, 0.04814073382303139]]",11.333333333333334,5,"[[0, 0, 34.0], [9, 1, 0.0], [9, 3, 0.0]]",20,0.12391608391608391,2,True,0.8670357465744019,1,1,0.8670357465744019,1,1
141,560,executive_order,"April 23, 2025","February 11, 2019",0.5542730093002319,3,0.5275324434041977,4,"[[4, 3, 0.6220327615737915], [9, 15, 0.5882885456085205], [5, 3, 0.580723226070404], [7, 15, 0.5740777254104614], [7, 1, 0.5690231323242188], [6, 15, 0.56044602394104], [5, 4, 0.5510715246200562], [0, 16, 0.5501643419265747], [2, 14, 0.5491202473640442], [5, 8, 0.5436528921127319], [7, 2, 0.5393164753913879], [3, 16, 0.5296046733856201], [0, 0, 0.5100332498550415], [8, 15, 0.5071567296981812], [1, 15, 0.4985376298427582], [7, 11, 0.4954665005207062], [4, 12, 0.47104212641716003], [6, 7, 0.4670470952987671], [5, 9, 0.4586111903190613], [4, 5, 0.44290849566459656], [2, 10, 0.42179015278816223], [2, 13, 0.35822588205337524], [4, 6, 0.3460496664047241]]",True,1,"[[0, 0, [""hereby order""]], [5, 3, [""shall identify""]], [5, 6, [""shall identify""]], [5, 7, [""shall identify""]], [5, 11, [""shall issue""]], [5, 12, [""shall issue""]], [5, 14, [""shall issue""]], [6, 2, [""shall take""]], [7, 2, [""shall take""]]]",0.057975725385447534,9,"[[2, 4, 0.062340350798858815], [5, 4, 0.057301849099447584], [9, 15, 0.05428497625803618]]",27.0,2,"[[5, 16, 31.0], [5, 4, 30.0], [9, 14, 20.0]]",20,0.12160397074190177,3,True,0.21733751893043518,2,1,0.21733751893043518,2,1
141,1323,executive_order,"April 23, 2025","August 06, 1998",0.4880571663379669,11,0.5517576932907104,1,"[[5, 7, 0.6556591391563416], [5, 4, 0.6164381504058838], [5, 13, 0.6116483211517334], [3, 4, 0.60813307762146], [2, 2, 0.6024529933929443], [4, 13, 0.5844988822937012], [5, 8, 0.5716797709465027], [5, 10, 0.5689733624458313], [5, 12, 0.5689389109611511], [7, 4, 0.5639655590057373], [1, 7, 0.5542256236076355], [5, 16, 0.5539143681526184], [3, 18, 0.553057849407196], [5, 11, 0.5493186712265015], [5, 15, 0.5486584305763245], [5, 0, 0.5477478504180908], [5, 9, 0.544474720954895], [1, 1, 0.5417618155479431], [0, 11, 0.5230361819267273], [3, 17, 0.5161055326461792], [7, 5, 0.515347957611084], [6, 4, 0.5055238008499146], [3, 14, 0.4983404278755188], [1, 3, 0.4853692650794983], [3, 6, 0.4826686382293701], [8, 4, 0.46301230788230896], [9, 4, 0.43119579553604126]]",True,1,"[[0, 0, [""hereby order""]], [5, 7, [""shall identify""]], [5, 15, [""shall identify""]]]",0.06156549625182814,7,"[[2, 2, 0.0757058937373383], [5, 2, 0.05816934837722698], [2, 4, 0.050821246640919145]]",0.0,10,"[[9, 16, 0.0], [9, 17, 0.0], [9, 18, 0.0]]",20,0.11798941798941798,4,True,7.114059553714469e-05,10,1,7.114059553714469e-05,10,1
141,1308,executive_order,"April 23, 2025","January 12, 1999",0.4790714979171753,14,0.49628591537475586,8,"[[2, 2, 0.5855135917663574], [1, 1, 0.583739697933197], [1, 0, 0.5402196645736694], [5, 1, 0.537193775177002], [2, 5, 0.527708888053894], [7, 8, 0.5209192633628845], [5, 6, 0.5087664127349854], [6, 5, 0.4993267357349396], [5, 11, 0.4881764352321625], [3, 1, 0.48458239436149597], [1, 3, 0.4785463511943817], [0, 1, 0.4762851297855377], [1, 10, 0.4691585898399353], [8, 5, 0.464505672454834], [9, 11, 0.44947153329849243], [4, 1, 0.44749054312705994], [1, 9, 0.425732284784317], [1, 4, 0.42547667026519775], [6, 7, 0.41730260848999023], [1, 12, 0.36843621730804443]]",True,1,"[[4, 6, [""shall seek""]], [8, 6, [""shall seek""]]]",0.07448610954805307,3,"[[2, 2, 0.0849143540452068], [2, 5, 0.07329921756827625], [5, 2, 0.06524475703067618]]",6.666666666666667,7,"[[2, 5, 10.0], [5, 5, 10.0], [9, 11, 0.0]]",20,0.11622958362088796,5,True,0.02843603491783142,4,1,0.02843603491783142,4,1
141,827,executive_order,"April 23, 2025","December 02, 2011",0.5558980703353882,2,0.5301434695720673,2,"[[3, 6, 0.6544417142868042], [5, 6, 0.6171546578407288], [1, 1, 0.6041642427444458], [4, 9, 0.5891550183296204], [7, 6, 0.585139274597168], [5, 5, 0.5727168321609497], [6, 6, 0.5510361194610596], [9, 6, 0.542201042175293], [5, 0, 0.5399314165115356], [0, 6, 0.5367509126663208], [2, 6, 0.4821191430091858], [3, 7, 0.48159468173980713], [8, 6, 0.46995341777801514], [3, 3, 0.46693798899650574], [3, 8, 0.433882474899292], [4, 10, 0.4173273742198944], [7, 2, 0.3802822232246399], [1, 4, 0.3273948132991791]]",True,1,"[[1, 1, [""hereby establish""]]]",0.03445784346524763,13,"[[1, 1, 0.04862069308548489], [5, 1, 0.028167198560989058], [9, 1, 0.02658563874926893]]",0.0,10,"[[9, 8, 0.0], [9, 9, 0.0], [9, 10, 0.0]]",20,0.1090909090909091,6,True,0.004755199886858463,5,1,0.004755199886858463,5,1
141,300,executive_order,"April 23, 2025","March 06, 2024",0.537713885307312,5,0.4802989065647125,12,"[[8, 4, 0.5885719656944275], [8, 1, 0.5861990451812744], [8, 5, 0.560928225517273], [9, 2, 0.556950569152832], [9, 0, 0.5353158712387085], [8, 7, 0.5264174938201904], [8, 6, 0.5224422812461853], [7, 1, 0.5068859457969666], [9, 3, 0.47295624017715454], [8, 8, 0.4654462933540344], [8, 11, 0.45963016152381897], [5, 1, 0.45644962787628174], [2, 11, 0.44803184270858765], [4, 1, 0.44020986557006836], [6, 1, 0.42779427766799927], [3, 1, 0.41793569922447205], [2, 9, 0.40861478447914124], [0, 0, 0.4032304883003235], [1, 0, 0.3557831645011902], [2, 10, 0.3214890658855438]]",True,1,"[[0, 0, [""hereby order""]], [2, 7, [""shall establish""]], [5, 2, [""shall identify""]], [5, 5, [""shall identify""]], [5, 6, [""shall identify""]], [6, 4, [""shall take""]], [7, 4, [""shall take""]], [9, 7, [""shall establish""]]]",0.07148571164156384,4,"[[8, 2, 0.11294736884638823], [1, 0, 0.07288228647631864], [9, 3, 0.028627479601984637]]",3.3333333333333335,9,"[[1, 0, 10.0], [9, 9, 0.0], [9, 11, 0.0]]",20,0.10739942528735633,7,True,0.0024726232513785362,6,1,0.0024343819823116064,6,1
141,459,executive_order,"April 23, 2025","December 03, 2020",0.4831540286540985,13,0.47579407691955566,14,"[[5, 12, 0.5462369918823242], [5, 9, 0.5408260226249695], [7, 10, 0.5353858470916748], [4, 9, 0.5260991454124451], [4, 11, 0.5260219573974609], [5, 8, 0.522735595703125], [6, 10, 0.5078039169311523], [3, 10, 0.49811238050460815], [9, 12, 0.49652183055877686], [2, 9, 0.4786384701728821], [5, 0, 0.46636754274368286], [0, 8, 0.46257248520851135], [8, 12, 0.456373929977417], [1, 12, 0.447630375623703], [6, 6, 0.43297043442726135], [3, 4, 0.41621705889701843], [7, 1, 0.4119296967983246], [7, 2, 0.40173524618148804], [4, 7, 0.40165844559669495], [7, 3, 0.38494062423706055], [1, 5, 0.34163182973861694]]",True,1,"[[0, 0, [""hereby order""]], [4, 1, [""shall seek""]], [5, 9, [""shall identify""]], [5, 10, [""shall identify""]], [5, 12, [""shall identify"", ""shall issue""]], [8, 1, [""shall seek""]]]",0.05907888450977581,8,"[[7, 0, 0.07691874833981656], [7, 8, 0.05105928277089204], [6, 0, 0.049258622418618836]]",17.0,4,"[[5, 12, 30.0], [2, 12, 11.0], [0, 0, 10.0]]",20,0.10679271708683473,8,True,0.15817435085773468,3,1,0.15817435085773468,3,1
141,370,executive_order,"April 23, 2025","October 11, 2021",0.46559250354766846,18,0.5068406462669373,5,"[[1, 1, 0.5809164643287659], [5, 7, 0.5631122589111328], [4, 7, 0.5620562434196472], [3, 7, 0.5537254214286804], [3, 5, 0.5347402691841125], [4, 10, 0.5213899612426758], [3, 3, 0.5160161852836609], [7, 8, 0.5099806785583496], [3, 4, 0.4958924651145935], [5, 9, 0.4950762093067169], [5, 2, 0.4937073588371277], [2, 4, 0.48869550228118896], [3, 6, 0.4830102026462555], [0, 8, 0.47583717107772827], [6, 1, 0.4754924178123474], [8, 4, 0.42560169100761414], [9, 7, 0.41526979207992554], [0, 0, 0.4008963108062744]]",True,1,"[[0, 0, [""hereby order""]], [2, 4, [""shall establish""]], [9, 4, [""shall establish""]]]",0.037681479473358204,12,"[[5, 9, 0.042233302469315566], [9, 9, 0.036777410930445224], [9, 8, 0.03403372502031383]]",0.0,10,"[[9, 8, 0.0], [9, 9, 0.0], [9, 10, 0.0]]",20,0.10458333333333333,9,True,0.0002287133247591555,9,1,0.0002287133247591555,9,1
141,1598,executive_order,"April 23, 2025","November 16, 1992",0.445441335439682,22,0.5285782665014267,3,"[[5, 0, 0.6002322435379028], [5, 1, 0.5756438970565796], [7, 0, 0.5577788352966309], [5, 3, 0.5566813945770264], [6, 0, 0.541149377822876], [1, 2, 0.5399096608161926], [0, 0, 0.5077905654907227], [4, 0, 0.5052533745765686], [3, 0, 0.48312681913375854], [9, 0, 0.447581946849823], [8, 0, 0.38247472047805786], [2, 0, 0.32510021328926086]]",True,1,"[[0, 0, [""hereby order""]], [1, 2, [""hereby establish""]]]",0.019879910042270296,21,"[[1, 2, 0.032660197206769534], [0, 3, 0.016777091170797703], [5, 2, 0.010202441749243644]]",0.0,10,"[[9, 1, 0.0], [9, 2, 0.0], [9, 3, 0.0]]",20,0.10120183810533757,10,True,0.0013458605390042067,7,1,0.001314724562689662,7,1
142,399,executive_order,"April 23, 2025","March 08, 2021",0.6005849838256836,1,0.5801181495189667,1,"[[1, 1, 0.6303162574768066], [2, 1, 0.5663213729858398], [0, 1, 0.5615473985671997], [0, 0, 0.518032968044281]]",True,1,"[[0, 0, [""hereby order""]]]",0.038802421154103324,4,"[[1, 1, 0.052436954347113034], [2, 1, 0.04995015713390953], [2, 0, 0.014020151981287417]]",16.666666666666668,2,"[[2, 1, 32.0], [1, 1, 18.0], [2, 0, 0.0]]",20,0.13474025974025974,1,True,0.0014214043039828539,3,1,0.0014214043039828539,3,1
142,236,executive_order,"April 23, 2025","January 27, 2025",0.49997478723526,13,0.5068768858909607,5,"[[2, 1, 0.5388923287391663], [1, 2, 0.5265880823135376], [2, 3, 0.48860618472099304], [0, 0, 0.4629806578159332]]",True,1,"[[0, 0, [""hereby order""]], [1, 2, [""shall issue""]], [2, 2, [""shall issue""]]]",0.053751035403690604,2,"[[2, 3, 0.05714666981389929], [2, 2, 0.053756195664829545], [1, 2, 0.050350240732342955]]",13.666666666666666,3,"[[2, 3, 31.0], [1, 3, 10.0], [2, 1, 0.0]]",20,0.12893280632411067,2,True,0.000656372809316963,5,1,0.000656372809316963,5,1
142,520,executive_order,"April 23, 2025","December 11, 2019",0.5277203321456909,6,0.5439969897270203,4,"[[1, 1, 0.5906616449356079], [2, 1, 0.5627803206443787], [1, 0, 0.49848219752311707], [0, 0, 0.47682416439056396]]",True,1,"[[0, 0, [""hereby order""]]]",0.03344551392063493,5,"[[2, 1, 0.06772083853348614], [1, 1, 0.023360864092518627], [0, 0, 0.009254839135900028]]",8.333333333333334,4,"[[2, 1, 25.0], [1, 1, 0.0], [2, 0, 0.0]]",20,0.12333333333333332,3,True,0.0030994152184575796,2,1,0.0030994152184575796,2,1
142,344,executive_order,"April 23, 2025","June 15, 2022",0.47772324085235596,22,0.44768472015857697,19,"[[1, 11, 0.5151211023330688], [1, 2, 0.5039494037628174], [1, 1, 0.4958787262439728], [2, 18, 0.47845152020454407], [1, 15, 0.46737244725227356], [1, 14, 0.4613173305988312], [1, 13, 0.45751646161079407], [1, 8, 0.4465700387954712], [0, 11, 0.42959481477737427], [2, 19, 0.42367154359817505], [2, 20, 0.4139209985733032], [1, 10, 0.4138742685317993], [2, 12, 0.40111643075942993], [0, 5, 0.4008750915527344], [1, 16, 0.398019939661026], [1, 7, 0.3979833722114563], [1, 17, 0.3870397210121155], [2, 4, 0.3857365846633911], [1, 6, 0.37971505522727966], [0, 0, 0.37630411982536316], [2, 21, 0.3673129379749298], [1, 9, 0.3518921732902527], [2, 3, 0.33792659640312195]]",True,1,"[[0, 0, [""hereby order""]]]",0.05571100957658865,1,"[[2, 17, 0.06487679365491655], [2, 2, 0.0569642630368393], [2, 18, 0.045291972038010116]]",31.0,1,"[[2, 2, 33.0], [2, 3, 30.0], [2, 7, 30.0]]",20,0.12087912087912087,4,True,0.000556542567210272,6,2,0.0005565547035075724,6,2
142,231,executive_order,"April 23, 2025","January 29, 2025",0.5003240704536438,12,0.4848266988992691,10,"[[1, 2, 0.5367016792297363], [2, 2, 0.5229311585426331], [0, 0, 0.4802067279815674], [1, 1, 0.352212131023407]]",True,1,"[[0, 0, [""hereby order""]]]",0.030387093125237578,7,"[[2, 2, 0.060476903702961125], [1, 2, 0.02301988502668661], [0, 2, 0.007664490646065008]]",8.333333333333334,4,"[[2, 2, 25.0], [2, 0, 0.0], [2, 1, 0.0]]",20,0.11203703703703703,5,True,0.0003006163169629872,8,1,0.0003006163169629872,8,1
142,345,executive_order,"April 23, 2025","May 25, 2022",0.4919079542160034,16,0.4715083986520767,12,"[[1, 25, 0.5441411733627319], [1, 32, 0.5400257706642151], [1, 11, 0.5198441743850708], [1, 30, 0.5177612900733948], [1, 10, 0.5080291628837585], [1, 14, 0.5077880024909973], [1, 2, 0.4989921450614929], [2, 10, 0.4972136318683624], [2, 7, 0.4960978329181671], [0, 30, 0.4916141629219055], [1, 8, 0.4908350110054016], [1, 31, 0.48863810300827026], [1, 4, 0.4559859335422516], [1, 19, 0.4459013342857361], [1, 23, 0.4437854290008545], [1, 17, 0.4436478614807129], [1, 3, 0.43942591547966003], [1, 15, 0.4333774447441101], [1, 12, 0.43144166469573975], [1, 24, 0.4310627579689026], [2, 13, 0.42941129207611084], [1, 22, 0.4192811846733093], [1, 16, 0.41761231422424316], [1, 20, 0.4160575270652771], [1, 5, 0.41416457295417786], [2, 21, 0.40435850620269775], [1, 18, 0.40228235721588135], [1, 28, 0.3698628544807434], [2, 29, 0.3662590980529785], [0, 0, 0.3583581745624542], [0, 1, 0.3453359007835388], [1, 26, 0.33679112792015076], [2, 6, 0.3210375905036926], [2, 27, 0.31798529624938965], [1, 9, 0.3013168275356293]]",True,1,"[[1, 2, [""shall issue""]], [1, 32, [""shall issue""]], [2, 2, [""shall issue""]], [2, 21, [""shall take""]], [2, 32, [""shall issue""]]]",0.04283692771902157,3,"[[2, 10, 0.04815260144660154], [2, 17, 0.0423304497367111], [2, 11, 0.03802773197375207]]",0.0,7,"[[2, 30, 0.0], [2, 31, 0.0], [2, 32, 0.0]]",20,0.11176529790660225,6,True,0.00025074786390177906,9,2,0.00025074786390177906,9,2
142,2187,executive_order,"April 23, 2025","August 08, 1980",0.5067987442016602,9,0.49186109006404877,8,"[[2, 9, 0.5420634150505066], [1, 7, 0.5405999422073364], [1, 6, 0.5246673226356506], [1, 2, 0.5210002064704895], [1, 8, 0.5095499753952026], [1, 0, 0.49880754947662354], [1, 5, 0.4851686954498291], [2, 3, 0.44338172674179077], [0, 2, 0.4194747507572174], [2, 1, 0.38766300678253174], [1, 4, 0.37719297409057617]]",False,2,[],0.03111965461515927,6,"[[2, 7, 0.033403481087218564], [2, 9, 0.03207047450678481], [2, 2, 0.027885008251474448]]",0.0,7,"[[2, 7, 0.0], [2, 8, 0.0], [2, 9, 0.0]]",20,0.11121286121286121,7,True,1.4453908079303801e-05,10,1,1.4453908079303801e-05,10,1
142,3174,executive_order,"April 23, 2025","September 24, 1965",0.5144288539886475,8,0.5745504200458527,2,"[[1, 1, 0.611649751663208], [2, 1, 0.5842707753181458], [1, 0, 0.5516948699951172], [0, 1, 0.5063651204109192]]",False,2,[],0.014725619410400625,15,"[[1, 1, 0.019187349389318827], [2, 1, 0.012859099313182378], [0, 1, 0.012130409528700677]]",0.0,7,"[[1, 1, 0.0], [2, 0, 0.0], [2, 1, 0.0]]",20,0.11106301106301106,8,True,0.01678549125790596,1,1,0.01678549125790596,1,1
142,245,executive_order,"April 23, 2025","January 21, 2025",0.5262649655342102,7,0.5010990649461746,6,"[[1, 3, 0.5510666966438293], [1, 4, 0.5476595163345337], [2, 4, 0.5130361318588257], [0, 0, 0.4828680157661438], [0, 1, 0.4372234046459198], [1, 2, 0.41388845443725586]]",True,1,"[[0, 0, [""hereby order""]], [2, 2, [""shall take""]]]",0.02344075065903455,10,"[[2, 2, 0.024305793979263197], [1, 4, 0.023501720114852617], [2, 3, 0.022514737882987836]]",0.0,7,"[[2, 2, 0.0], [2, 3, 0.0], [2, 4, 0.0]]",20,0.10883190883190882,9,True,0.000816738058347255,4,1,0.000816738058347255,4,1
142,627,executive_order,"April 23, 2025","April 26, 2017",0.5432321429252625,3,0.5503687858581543,3,"[[1, 1, 0.6059180498123169], [1, 0, 0.5243876576423645], [2, 1, 0.5031185150146484], [0, 0, 0.49771755933761597]]",True,1,"[[0, 0, [""hereby order""]]]",0.0061713075634825705,23,"[[2, 1, 0.008646736930026724], [1, 1, 0.006648192659701239], [0, 1, 0.003218993100719748]]",0.0,7,"[[1, 1, 0.0], [2, 0, 0.0], [2, 1, 0.0]]",20,0.10377111186009062,10,True,0.0005152656813152134,7,1,0.0005152656813152134,7,1
143,154,executive_order,"April 17, 2025","April 09, 2025",0.5465259552001953,2,0.4795225262641907,2,"[[5, 11, 0.5610044002532959], [5, 10, 0.5474824905395508], [5, 4, 0.529272198677063], [5, 1, 0.5057005286216736], [5, 7, 0.49828070402145386], [5, 9, 0.49691784381866455], [5, 12, 0.4915551245212555], [1, 11, 0.487495094537735], [4, 8, 0.4802314043045044], [0, 11, 0.4618450701236725], [2, 11, 0.44783496856689453], [0, 0, 0.447776198387146], [5, 2, 0.443328320980072], [3, 7, 0.44023382663726807], [4, 3, 0.4274872839450836], [5, 6, 0.4069907069206238], [5, 5, 0.39449453353881836]]",True,1,"[[0, 0, [""hereby order""]], [2, 3, [""shall take""]], [3, 8, [""shall develop""]], [3, 9, [""shall develop""]]]",0.049964486306952834,2,"[[5, 4, 0.053237196513373414], [1, 1, 0.04865743494285554], [4, 10, 0.04799882746462955]]",13.0,1,"[[5, 4, 15.0], [5, 2, 12.0], [5, 6, 12.0]]",20,0.13852813852813853,1,True,0.0007014894508756697,4,2,0.0007014894508756697,4,2
143,945,executive_order,"April 17, 2025","September 26, 2008",0.5030475854873657,8,0.47579525411129,3,"[[0, 0, 0.5079720616340637], [5, 0, 0.49658048152923584], [1, 0, 0.47236666083335876], [4, 0, 0.40600770711898804], [3, 0, 0.4007416367530823], [2, 0, 0.378042072057724]]",False,2,[],0.031096190073744104,6,"[[1, 0, 0.09328857022123231], [4, 0, 0.0], [5, 0, 0.0]]",4.333333333333333,2,"[[1, 0, 13.0], [4, 0, 0.0], [5, 0, 0.0]]",20,0.12739434478564915,2,True,0.0008559006382711232,2,1,0.0008559006382711232,2,1
143,2952,executive_order,"April 17, 2025","May 01, 1969",0.5193701982498169,5,0.46631941199302673,7,"[[5, 0, 0.5033255219459534], [0, 0, 0.46888285875320435], [3, 0, 0.4658491015434265], [1, 0, 0.45038482546806335], [5, 1, 0.44972002506256104], [4, 0, 0.44170260429382324], [2, 0, 0.4065515100955963]]",False,2,[],0.04419514156993637,4,"[[5, 1, 0.06809186302440887], [4, 1, 0.038447197600443565], [1, 1, 0.026046364084956662]]",0.0,4,"[[4, 1, 0.0], [5, 0, 0.0], [5, 1, 0.0]]",20,0.12037037037037036,3,True,3.156969614792615e-05,10,1,3.156969614792615e-05,10,1
143,632,executive_order,"April 17, 2025","March 31, 2017",0.4764622449874878,16,0.42176173627376556,21,"[[0, 0, 0.4618538022041321], [4, 1, 0.4487696886062622], [5, 1, 0.43641355633735657], [4, 2, 0.4043642282485962], [3, 1, 0.39512473344802856], [2, 1, 0.35240036249160767], [1, 1, 0.3366033434867859]]",True,1,"[[0, 0, [""hereby order""]], [1, 2, [""shall identify""]]]",0.054351773215909484,1,"[[4, 1, 0.06777124057483574], [1, 1, 0.0497545888521527], [5, 1, 0.04552949022074003]]",13.0,1,"[[4, 1, 17.0], [1, 1, 11.0], [5, 1, 11.0]]",20,0.11962833914053425,4,True,0.002491967985406518,1,1,0.002491967985406518,1,1
143,1225,executive_order,"April 17, 2025","January 18, 2001",0.5051326751708984,7,0.5005061328411102,1,"[[5, 1, 0.5733391642570496], [0, 2, 0.521289587020874], [5, 3, 0.5077492594718933], [5, 0, 0.5048761963844299], [1, 2, 0.4760313928127289], [2, 1, 0.4394867420196533], [4, 2, 0.43313223123550415], [3, 1, 0.4019129276275635]]",False,2,[],0.011559170718988465,18,"[[1, 1, 0.013137231872479836], [5, 1, 0.011745100470620488], [1, 0, 0.009795179813865063]]",0.0,4,"[[5, 1, 0.0], [5, 2, 0.0], [5, 3, 0.0]]",20,0.11560150375939848,5,True,0.0007437029271386564,3,1,0.0007495314930565655,3,1
143,970,executive_order,"April 17, 2025","October 20, 2007",0.5657153129577637,1,0.47304148972034454,4,"[[0, 0, 0.5431627631187439], [3, 0, 0.5294215083122253], [0, 1, 0.4792722463607788], [1, 0, 0.4709901809692383], [5, 0, 0.4654426574707031], [4, 1, 0.4653315842151642], [2, 0, 0.4175390899181366], [5, 2, 0.36987006664276123]]",False,2,[],0.026813166729162122,12,"[[1, 1, 0.035444025962347026], [1, 0, 0.02762652796021203], [4, 1, 0.017368946264927316]]",0.0,4,"[[5, 0, 0.0], [5, 1, 0.0], [5, 2, 0.0]]",20,0.11458333333333333,6,True,5.0054717576131225e-05,8,1,5.0054717576131225e-05,8,1
143,2573,executive_order,"April 17, 2025","March 27, 1975",0.4816077649593353,12,0.4290812611579895,18,"[[4, 5, 0.5231877565383911], [0, 14, 0.5115227103233337], [4, 3, 0.47302794456481934], [4, 0, 0.4537662863731384], [0, 16, 0.45154374837875366], [4, 11, 0.4475930631160736], [5, 11, 0.44618654251098633], [0, 23, 0.44170963764190674], [4, 2, 0.4394001066684723], [3, 14, 0.4362211227416992], [4, 7, 0.4322272837162018], [5, 6, 0.42445865273475647], [2, 14, 0.4223918914794922], [5, 9, 0.41224929690361023], [4, 4, 0.4032008647918701], [3, 8, 0.402669757604599], [1, 14, 0.40194404125213623], [4, 1, 0.3961530923843384], [5, 18, 0.39548224210739136], [4, 19, 0.39485424757003784], [4, 12, 0.39130210876464844], [4, 10, 0.38107696175575256], [5, 22, 0.37611013650894165], [4, 20, 0.3669172525405884], [0, 24, 0.34709393978118896], [5, 13, 0.3348909914493561], [5, 17, 0.32876649498939514], [5, 25, 0.32872211933135986], [5, 21, 0.29286569356918335], [5, 15, 0.28179892897605896]]",True,1,"[[0, 0, [""hereby order""]]]",0.045691870575062014,3,"[[1, 20, 0.047789431692092474], [4, 13, 0.04476271256339107], [5, 13, 0.044523467469702475]]",3.3333333333333335,3,"[[1, 4, 10.0], [5, 23, 0.0], [5, 25, 0.0]]",20,0.11327231121281464,7,True,0.0003199982747901231,5,1,0.0003199982747901231,5,1
143,1261,executive_order,"April 17, 2025","May 26, 2000",0.473014771938324,19,0.4615960866212845,10,"[[5, 2, 0.5506844520568848], [5, 5, 0.5102681517601013], [0, 9, 0.4848827123641968], [5, 4, 0.48225706815719604], [5, 6, 0.46884727478027344], [5, 0, 0.4687128961086273], [2, 1, 0.44116631150245667], [4, 4, 0.441023051738739], [3, 5, 0.4256068468093872], [1, 7, 0.4225086271762848], [5, 8, 0.41007229685783386], [5, 3, 0.38273555040359497]]",True,1,"[[1, 8, [""shall identify""]], [2, 1, [""shall take""]], [3, 3, [""shall develop""]]]",0.03085438586869038,7,"[[1, 5, 0.042439395721291254], [5, 5, 0.026943711865367946], [4, 5, 0.023180050019411952]]",0.0,4,"[[5, 7, 0.0], [5, 8, 0.0], [5, 9, 0.0]]",20,0.11203703703703703,8,True,4.486899706535041e-05,9,1,4.486899706535041e-05,9,1
143,1053,executive_order,"April 17, 2025","December 17, 2004",0.48747438192367554,11,0.46454909443855286,9,"[[3, 0, 0.5186830759048462], [0, 0, 0.5178204774856567], [5, 2, 0.5096216201782227], [2, 2, 0.49763500690460205], [5, 5, 0.47764328122138977], [4, 0, 0.47005975246429443], [1, 0, 0.4047550559043884], [3, 3, 0.4021718502044678], [2, 4, 0.39067691564559937], [5, 1, 0.35721731185913086]]",False,2,[],0.027913362582788967,10,"[[1, 1, 0.03940588506673513], [1, 5, 0.036515006898755864], [4, 1, 0.007819195782875902]]",3.3333333333333335,3,"[[1, 1, 10.0], [5, 3, 0.0], [5, 5, 0.0]]",20,0.11129435282358821,9,True,8.888084994396195e-05,7,1,8.888084994396195e-05,7,1
143,152,executive_order,"April 17, 2025","April 09, 2025",0.46422457695007324,23,0.455618217587471,12,"[[1, 4, 0.48628443479537964], [0, 0, 0.4858134984970093], [5, 4, 0.4671727418899536], [5, 2, 0.46086984872817993], [5, 3, 0.4592299461364746], [2, 4, 0.4421442747116089], [4, 3, 0.4224560856819153], [5, 1, 0.4202539920806885], [3, 4, 0.3886050581932068]]",True,1,"[[0, 0, [""hereby order""]]]",0.028550254344441823,9,"[[1, 4, 0.04109775170592366], [1, 3, 0.028133829541198682], [1, 2, 0.016419181786203132]]",3.3333333333333335,3,"[[1, 3, 10.0], [5, 2, 0.0], [5, 4, 0.0]]",20,0.10921101949025487,10,True,0.00015843621804378927,6,1,0.00015843621804378927,6,1
144,415,executive_order,"April 15, 2025","January 25, 2021",0.6079935431480408,3,0.5311427116394043,2,"[[1, 9, 0.614715576171875], [4, 6, 0.6012660264968872], [1, 10, 0.5825768113136292], [1, 7, 0.5752680897712708], [1, 11, 0.5409783720970154], [4, 2, 0.5297999382019043], [0, 0, 0.5247373580932617], [2, 2, 0.5168870091438293], [0, 3, 0.5033912062644958], [4, 5, 0.4891214966773987], [2, 4, 0.4872928857803345], [3, 2, 0.46134018898010254], [0, 12, 0.4466385841369629], [4, 1, 0.43789878487586975], [1, 8, 0.4067654311656952]]",True,1,"[[0, 0, [""hereby order""]], [1, 2, [""shall provide""]], [2, 2, [""shall provide""]], [3, 2, [""shall review""]], [3, 6, [""shall review""]], [4, 2, [""shall review""]], [4, 6, [""shall review""]]]",0.03971033914076196,3,"[[4, 2, 0.04538548440578335], [1, 1, 0.03974819666184754], [1, 11, 0.033997336354654996]]",0.0,3,"[[4, 10, 0.0], [4, 11, 0.0], [4, 12, 0.0]]",20,0.1324110671936759,1,True,0.200557678937912,1,1,0.200557678937912,1,1
144,1249,executive_order,"April 15, 2025","October 06, 2000",0.5097167491912842,13,0.48788632452487946,8,"[[1, 16, 0.6461237668991089], [4, 16, 0.5865782499313354], [1, 15, 0.5458768606185913], [4, 18, 0.5405582785606384], [1, 12, 0.511717677116394], [1, 17, 0.5054723024368286], [4, 11, 0.49022769927978516], [0, 0, 0.4861446022987366], [0, 22, 0.48319974541664124], [2, 15, 0.4811400771141052], [0, 10, 0.47751620411872864], [0, 6, 0.4653778672218323], [1, 21, 0.44947564601898193], [2, 3, 0.4473419189453125], [3, 16, 0.4452510476112366], [0, 5, 0.43628591299057007], [1, 7, 0.4344085454940796], [1, 19, 0.4323158860206604], [1, 2, 0.4269905984401703], [1, 1, 0.4142425060272217], [0, 23, 0.41195207834243774], [1, 14, 0.3961758613586426], [1, 4, 0.38806185126304626], [2, 9, 0.37600231170654297], [0, 13, 0.34805557131767273], [1, 20, 0.31548282504081726], [4, 8, 0.2923952639102936]]",True,1,"[[0, 0, [""hereby order""]], [3, 16, [""shall review""]], [3, 17, [""shall review""]], [3, 18, [""shall review""]], [4, 16, [""shall review""]], [4, 17, [""shall review""]], [4, 18, [""shall review""]]]",0.04155883501585686,2,"[[1, 15, 0.0628136979818157], [4, 16, 0.037011621697775735], [1, 1, 0.024851185367979138]]",3.6666666666666665,1,"[[1, 15, 11.0], [4, 21, 0.0], [4, 23, 0.0]]",20,0.12878787878787878,2,True,0.0025509123224765062,7,1,0.002491967985406518,7,1
144,1639,executive_order,"April 15, 2025","October 31, 1991",0.5014026165008545,16,0.5042492300271988,6,"[[1, 2, 0.6313827037811279], [1, 1, 0.6196038722991943], [1, 6, 0.6091141700744629], [1, 4, 0.5436433553695679], [4, 2, 0.48101264238357544], [1, 3, 0.4739566147327423], [1, 7, 0.4652397334575653], [0, 0, 0.4568726122379303], [1, 5, 0.4479523003101349], [2, 1, 0.4461032748222351], [0, 8, 0.44601428508758545], [3, 2, 0.4194660186767578]]",True,1,"[[0, 0, [""hereby order""]], [1, 1, [""shall provide""]], [1, 4, [""shall provide""]], [2, 1, [""shall provide""]], [2, 4, [""shall provide""]], [3, 3, [""shall review""]], [3, 6, [""shall review""]], [4, 3, [""shall review""]], [4, 6, [""shall review""]]]",0.037015902333141955,5,"[[1, 1, 0.05683033700356962], [3, 6, 0.029102501561273076], [1, 4, 0.02511486843458316]]",0.0,3,"[[4, 6, 0.0], [4, 7, 0.0], [4, 8, 0.0]]",20,0.12193979933110369,3,True,0.002305125119164586,9,1,0.002305125119164586,9,1
144,315,executive_order,"April 15, 2025","July 28, 2023",0.48976510763168335,25,0.47386835515499115,13,"[[1, 4, 0.6000514030456543], [1, 5, 0.5372235774993896], [1, 8, 0.5305534601211548], [4, 4, 0.5226080417633057], [2, 8, 0.46368488669395447], [1, 7, 0.4525817930698395], [2, 10, 0.452303946018219], [3, 8, 0.4481475353240967], [1, 3, 0.441863477230072], [2, 9, 0.4399511516094208], [0, 10, 0.4335149824619293], [0, 2, 0.4009341299533844], [4, 1, 0.38690185546875], [1, 6, 0.37742939591407776], [0, 0, 0.3756946325302124]]",True,1,"[[0, 0, [""hereby order""]], [1, 7, [""shall provide""]], [1, 10, [""shall provide""]], [2, 7, [""shall provide""]], [2, 10, [""shall provide""]]]",0.05081856952705718,1,"[[1, 4, 0.0545027931099667], [4, 4, 0.05245318744210322], [1, 8, 0.045499728029101585]]",0.0,3,"[[4, 8, 0.0], [4, 9, 0.0], [4, 10, 0.0]]",20,0.12140033879164314,4,True,0.000693242356646806,10,1,0.000693242356646806,10,1
144,1804,executive_order,"April 15, 2025","November 19, 1987",0.5803544521331787,5,0.5092801153659821,4,"[[0, 0, 0.5970301628112793], [2, 0, 0.5305880904197693], [1, 1, 0.5183814764022827], [4, 1, 0.4678480327129364], [0, 2, 0.4678272604942322], [3, 2, 0.3402221202850342]]",True,1,"[[0, 0, [""hereby order""]], [3, 2, [""shall review""]], [4, 2, [""shall review""]]]",0.023697303571896717,8,"[[1, 1, 0.04249663157907571], [3, 2, 0.01439616758398475], [1, 0, 0.014199111552629698]]",0.0,3,"[[4, 0, 0.0], [4, 1, 0.0], [4, 2, 0.0]]",20,0.1208592132505176,5,True,0.0024726232513785362,8,1,0.0024343819823116064,8,1
144,2067,executive_order,"April 15, 2025","March 17, 1982",0.6287989616394043,1,0.5375787913799286,1,"[[0, 0, 0.611092209815979], [0, 1, 0.593498170375824], [0, 2, 0.5643486976623535], [2, 1, 0.552860677242279], [0, 3, 0.5143714547157288], [4, 3, 0.5129228830337524], [1, 3, 0.47823402285575867], [3, 1, 0.3665398955345154]]",True,1,"[[0, 0, [""hereby order""]]]",0.015864747978616225,14,"[[0, 0, 0.02105655395715826], [1, 3, 0.01916814308441329], [4, 3, 0.00736954689427712]]",0.0,3,"[[4, 1, 0.0], [4, 2, 0.0], [4, 3, 0.0]]",20,0.12050907319449519,6,True,0.04054073989391327,3,1,0.04054073989391327,3,1
144,1488,executive_order,"April 15, 2025","October 13, 1994",0.6125769019126892,2,0.514824390411377,3,"[[0, 0, 0.5789868831634521], [0, 1, 0.5233586430549622], [2, 0, 0.511967122554779], [4, 1, 0.5034235715866089], [1, 1, 0.45889195799827576], [3, 1, 0.3391106128692627]]",True,1,"[[0, 0, [""hereby order""]]]",0.022867756102011805,10,"[[1, 1, 0.037187917245215196], [0, 0, 0.017166200517426667], [4, 1, 0.014249150543393558]]",0.0,3,"[[3, 1, 0.0], [4, 0, 0.0], [4, 1, 0.0]]",20,0.12028985507246376,7,True,0.023509450256824493,4,1,0.023509450256824493,4,1
144,197,executive_order,"April 15, 2025","February 26, 2025",0.5106449127197266,12,0.48528143763542175,9,"[[1, 6, 0.535277247428894], [1, 3, 0.5149648189544678], [2, 4, 0.5050707459449768], [2, 1, 0.4990720748901367], [3, 1, 0.4919115900993347], [1, 0, 0.48991474509239197], [1, 5, 0.4738180339336395], [4, 4, 0.47241830825805664], [1, 2, 0.4719011187553406], [0, 4, 0.45953986048698425], [1, 8, 0.427925169467926], [1, 7, 0.38152986764907837]]",True,1,"[[0, 0, [""hereby order""]], [1, 5, [""shall provide""]], [2, 5, [""shall provide""]], [3, 2, [""shall review""]], [4, 2, [""shall review""]]]",0.02906427116472171,7,"[[1, 8, 0.04264378883293417], [1, 2, 0.022788219180281816], [1, 3, 0.02176080548094915]]",3.6666666666666665,1,"[[1, 8, 11.0], [4, 6, 0.0], [4, 7, 0.0]]",20,0.1191388432767743,8,True,0.011687257327139378,5,1,0.011687257327139378,5,1
144,176,executive_order,"April 15, 2025","March 20, 2025",0.5413143634796143,6,0.4785299003124237,12,"[[0, 0, 0.5267977714538574], [1, 1, 0.5007394552230835], [2, 0, 0.4683438837528229], [4, 1, 0.4268222749233246], [3, 1, 0.29375261068344116]]",False,2,[],0.03892502343477328,4,"[[4, 1, 0.05474075871007511], [1, 1, 0.04136593751523617], [1, 0, 0.02066837407900857]]",3.3333333333333335,2,"[[0, 0, 10.0], [4, 0, 0.0], [4, 1, 0.0]]",20,0.11837121212121213,9,True,0.043042849749326706,2,1,0.043042849749326706,2,1
144,1440,executive_order,"April 15, 2025","October 25, 1995",0.6002668738365173,4,0.49115651845932007,7,"[[0, 0, 0.5325104594230652], [2, 0, 0.48231253027915955], [1, 0, 0.45529863238334656], [4, 0, 0.4271184206008911], [3, 0, 0.3517727255821228]]",False,2,[],0.021519911329317905,11,"[[4, 0, 0.027156874628571838], [1, 0, 0.020937279275658062], [0, 0, 0.016465580083723813]]",0.0,3,"[[2, 0, 0.0], [3, 0, 0.0], [4, 0, 0.0]]",20,0.11277336242273128,10,True,0.00446838466450572,6,1,0.00446838466450572,6,1
147,479,executive_order,"April 15, 2025","July 24, 2020",0.5649268627166748,7,0.5682781487703323,3,"[[3, 1, 0.7569140195846558], [3, 0, 0.5758640170097351], [0, 0, 0.5078125], [1, 1, 0.4942552447319031], [2, 1, 0.4525836706161499], [4, 1, 0.42770636081695557], [6, 1, 0.4275515675544739], [5, 1, 0.4232146143913269], [7, 1, 0.271300345659256]]",True,1,"[[0, 0, [""hereby order""]], [2, 1, [""shall take""]], [3, 1, [""shall take""]], [6, 1, [""shall take""]]]",0.2697387834803109,1,"[[3, 1, 0.744839507244885], [3, 0, 0.05007642832941233], [0, 0, 0.014300414866635408]]",25.333333333333332,1,"[[3, 1, 65.0], [0, 0, 11.0], [7, 1, 0.0]]",20,0.13871635610766045,1,True,0.36658975481987,6,1,0.36658975481987,6,1
147,471,executive_order,"April 15, 2025","September 13, 2020",0.7005401849746704,2,0.5834912657737732,1,"[[1, 2, 0.6774633526802063], [0, 0, 0.6416685581207275], [2, 2, 0.6044684648513794], [2, 1, 0.6033269166946411], [4, 2, 0.5297361016273499], [3, 1, 0.5150529146194458], [5, 2, 0.4929600954055786], [6, 2, 0.43695923686027527], [7, 2, 0.3109946846961975]]",True,1,"[[0, 0, [""hereby order""]], [2, 2, [""shall take""]], [3, 2, [""shall take""]], [6, 2, [""shall take""]]]",0.057707334867979236,3,"[[2, 2, 0.0762726603630539], [2, 1, 0.06673168450339606], [0, 0, 0.030117659737487732]]",7.666666666666667,4,"[[2, 2, 13.0], [2, 1, 10.0], [7, 2, 0.0]]",20,0.1327639751552795,2,True,0.9213575720787048,1,1,0.9213575720787048,1,1
147,542,executive_order,"April 15, 2025","June 24, 2019",0.52571702003479,9,0.5218146443367004,10,"[[4, 1, 0.5842502117156982], [1, 5, 0.5756661891937256], [6, 1, 0.5419121980667114], [5, 6, 0.5389986038208008], [2, 5, 0.5358203053474426], [3, 1, 0.5321719646453857], [7, 6, 0.5179257392883301], [2, 2, 0.5080701112747192], [0, 0, 0.5074869990348816], [5, 4, 0.4177287220954895], [3, 3, 0.3807508051395416]]",True,1,"[[0, 0, [""hereby order""]], [5, 1, [""shall issue""]], [5, 5, [""shall issue""]]]",0.06722848643761026,2,"[[7, 1, 0.07409641148239679], [7, 5, 0.06497767523716916], [7, 6, 0.06261137259326482]]",15.0,2,"[[0, 0, 17.0], [0, 2, 14.0], [0, 6, 14.0]]",20,0.12424242424242424,3,True,0.004166256170719862,7,1,0.004166256170719862,7,1
147,482,executive_order,"April 15, 2025","July 24, 2020",0.6959734559059143,3,0.574981302022934,2,"[[0, 0, 0.6429952383041382], [1, 1, 0.6133021116256714], [2, 1, 0.6050368547439575], [3, 1, 0.5467514991760254], [4, 1, 0.5068144798278809], [5, 1, 0.4896934926509857], [6, 1, 0.457541823387146], [7, 1, 0.3123756945133209]]",True,1,"[[0, 0, [""hereby order""]]]",0.03426057370189317,8,"[[2, 1, 0.06821265047870075], [0, 0, 0.027184003459840567], [0, 1, 0.007385067167138206]]",3.3333333333333335,9,"[[2, 1, 10.0], [6, 1, 0.0], [7, 1, 0.0]]",20,0.11565158978952082,4,True,0.7853085398674011,3,1,0.7879312038421631,3,1
147,474,executive_order,"April 15, 2025","August 06, 2020",0.4355268180370331,15,0.48747454583644867,12,"[[4, 4, 0.5452664494514465], [5, 4, 0.5351235866546631], [5, 8, 0.5308183431625366], [6, 4, 0.5300379991531372], [4, 1, 0.5221362709999084], [5, 9, 0.5215878486633301], [5, 5, 0.5057368278503418], [1, 4, 0.4949958920478821], [2, 8, 0.48603737354278564], [3, 4, 0.46941885352134705], [4, 2, 0.4665188789367676], [4, 7, 0.45565712451934814], [4, 6, 0.4550245404243469], [0, 1, 0.44484150409698486], [7, 8, 0.44260504841804504], [4, 0, 0.41602832078933716], [4, 3, 0.3953081965446472]]",True,1,"[[0, 0, [""hereby order""]], [1, 6, [""shall provide""]], [2, 4, [""shall take""]], [2, 5, [""shall take""]], [2, 7, [""shall take""]], [3, 4, [""shall take""]], [3, 5, [""shall take""]], [3, 7, [""shall take""]], [4, 6, [""shall provide""]], [6, 4, [""shall take""]], [6, 5, [""shall take""]], [6, 7, [""shall take""]]]",0.04611472569298706,6,"[[4, 3, 0.05778133303367191], [1, 3, 0.04203065116934056], [4, 5, 0.03853219287594874]]",12.0,3,"[[0, 4, 14.0], [7, 4, 11.0], [7, 9, 11.0]]",20,0.11318979933110368,5,True,0.0031726830638945103,8,1,0.0031236486975103617,8,1
147,468,executive_order,"April 15, 2025","September 24, 2020",0.569952666759491,6,0.5319145768880844,7,"[[0, 0, 0.6152611970901489], [2, 1, 0.5301972031593323], [1, 0, 0.5180232524871826], [3, 0, 0.5138385891914368], [4, 1, 0.46710866689682007], [6, 1, 0.4634643793106079], [5, 0, 0.4424184560775757], [7, 1, 0.3784877359867096]]",True,1,"[[0, 0, [""hereby order""]], [2, 1, [""shall take""]], [3, 1, [""shall take""]], [6, 1, [""shall take""]]]",0.01968218612380317,12,"[[0, 0, 0.021765054077453227], [7, 1, 0.019204510503029494], [2, 1, 0.018076993790926792]]",12.0,3,"[[0, 1, 14.0], [5, 1, 11.0], [7, 1, 11.0]]",20,0.11176529790660225,6,True,0.46197381615638733,4,2,0.46197381615638733,4,2
147,480,executive_order,"April 15, 2025","July 24, 2020",0.6598894596099854,4,0.5431630313396454,5,"[[0, 0, 0.6135176420211792], [1, 0, 0.586654543876648], [2, 0, 0.5327680706977844], [3, 0, 0.5128136873245239], [4, 0, 0.4312138855457306], [6, 0, 0.41128814220428467], [5, 0, 0.41044241189956665], [7, 0, 0.28376901149749756]]",True,1,"[[0, 0, [""hereby order""]]]",0.01764699570785778,13,"[[0, 0, 0.030710882852554126], [1, 0, 0.012394944981989448], [6, 0, 0.009835159289029774]]",7.333333333333333,5,"[[0, 0, 22.0], [5, 0, 0.0], [7, 0, 0.0]]",20,0.1103030303030303,7,True,0.43206340074539185,5,1,0.43206340074539185,5,1
147,332,executive_order,"April 15, 2025","October 14, 2022",0.7157491445541382,1,0.553062915802002,4,"[[0, 0, 0.647345244884491], [2, 0, 0.5838541984558105], [1, 0, 0.5783458948135376], [4, 0, 0.5310041308403015], [2, 1, 0.5189728736877441], [3, 0, 0.512078583240509], [5, 0, 0.5013113021850586], [6, 1, 0.436556875705719], [7, 1, 0.39323803782463074]]",True,1,"[[0, 0, [""hereby order""]], [2, 1, [""shall take""]], [3, 1, [""shall take""]], [6, 1, [""shall take""]]]",0.03084311869822363,9,"[[2, 1, 0.03671321439537895], [2, 0, 0.03278919723654045], [4, 0, 0.023026944462751484]]",0.0,10,"[[6, 1, 0.0], [7, 0, 0.0], [7, 1, 0.0]]",20,0.10948275862068965,8,True,0.9066531658172607,2,1,0.907312273979187,2,1
147,635,executive_order,"April 15, 2025","March 29, 2017",0.41000086069107056,19,0.48279696702957153,15,"[[5, 3, 0.6124285459518433], [4, 3, 0.5924913287162781], [7, 3, 0.5358397364616394], [1, 3, 0.5050859451293945], [2, 3, 0.4900377690792084], [4, 1, 0.4818686544895172], [6, 3, 0.4806686043739319], [7, 4, 0.47394508123397827], [4, 0, 0.43433141708374023], [3, 3, 0.3965775966644287], [0, 1, 0.3879927098751068], [4, 2, 0.32469457387924194]]",True,1,"[[0, 0, [""hereby order""]]]",0.05028805332387832,5,"[[4, 3, 0.05978066622521453], [6, 3, 0.0503239280504412], [2, 3, 0.04075956569597924]]",6.666666666666667,6,"[[4, 3, 10.0], [6, 3, 10.0], [7, 2, 0.0]]",20,0.10703296703296704,9,True,0.00011323438229737803,10,1,0.00011323438229737803,10,1
147,152,executive_order,"April 15, 2025","April 09, 2025",0.42301273345947266,16,0.4866992235183716,14,"[[4, 3, 0.5552664399147034], [7, 3, 0.5441404581069946], [6, 3, 0.5359169244766235], [7, 2, 0.521773099899292], [5, 3, 0.5031334161758423], [4, 4, 0.48794615268707275], [4, 0, 0.4624612331390381], [1, 3, 0.4622868597507477], [4, 1, 0.45028752088546753], [2, 3, 0.4244423508644104], [3, 3, 0.4201350510120392], [0, 0, 0.37749069929122925]]",True,1,"[[0, 0, [""hereby order""]], [1, 1, [""shall provide""]], [1, 3, [""shall provide""]], [4, 1, [""shall provide""]], [4, 3, [""shall provide""]], [5, 2, [""shall issue""]]]",0.050716920370882095,4,"[[4, 4, 0.052886579490695515], [1, 3, 0.05076017580072733], [4, 3, 0.04850400582122343]]",3.6666666666666665,8,"[[1, 3, 11.0], [7, 2, 0.0], [7, 4, 0.0]]",20,0.10679271708683473,10,True,0.00033930176869034767,9,1,0.0003340431721881032,9,1
148,178,executive_order,"April 15, 2025","March 20, 2025",0.6140168905258179,5,0.544567659497261,4,"[[0, 0, 0.7485294342041016], [1, 0, 0.576004147529602], [2, 0, 0.5649255514144897], [0, 9, 0.48351719975471497], [2, 4, 0.46741098165512085], [0, 10, 0.45883214473724365], [2, 3, 0.4460115134716034], [0, 5, 0.43547365069389343], [0, 6, 0.43396028876304626], [0, 7, 0.4273822605609894], [2, 11, 0.42495477199554443], [0, 8, 0.40929606556892395], [1, 1, 0.4028606414794922], [1, 2, 0.3735584020614624]]",True,1,"[[0, 0, [""hereby order""]], [2, 3, [""shall submit""]]]",0.17926093784386377,1,"[[1, 0, 0.4583595524997502], [2, 4, 0.040275059418967876], [2, 6, 0.0391482016128732]]",44.333333333333336,1,"[[1, 0, 103.0], [2, 4, 20.0], [2, 6, 10.0]]",20,0.1369047619047619,1,True,0.9019206762313843,2,1,0.9019206762313843,2,1
148,198,executive_order,"April 15, 2025","February 25, 2025",0.6784952282905579,3,0.6006353795528412,3,"[[0, 0, 0.6662619709968567], [2, 3, 0.6259989142417908], [2, 1, 0.5995509624481201], [2, 2, 0.5719472765922546], [1, 0, 0.4637320935726166]]",True,1,"[[0, 0, [""hereby order""]], [2, 1, [""shall assess""]]]",0.07804529296118513,3,"[[2, 1, 0.12471240461589711], [2, 2, 0.06914095545759075], [1, 0, 0.040282518810067544]]",27.0,2,"[[2, 1, 48.0], [1, 0, 20.0], [2, 3, 13.0]]",20,0.1324110671936759,2,True,0.9046505093574524,1,1,0.9059898257255554,1,1
148,194,executive_order,"April 15, 2025","March 01, 2025",0.5415869951248169,9,0.51182059943676,6,"[[2, 2, 0.5451747179031372], [2, 1, 0.5395499467849731], [2, 3, 0.5319212675094604], [0, 0, 0.5034468770027161], [1, 2, 0.4322323203086853]]",True,1,"[[0, 0, [""hereby order""]], [2, 1, [""shall assess""]]]",0.10484681920987822,2,"[[2, 1, 0.14039461292873429], [0, 0, 0.09034270722791174], [2, 2, 0.08380313747298865]]",23.333333333333332,3,"[[2, 1, 48.0], [1, 0, 11.0], [2, 3, 11.0]]",20,0.12739434478564915,3,True,0.14706452190876007,4,1,0.14706452190876007,4,1
148,466,executive_order,"April 15, 2025","September 30, 2020",0.7921600341796875,1,0.6152406930923462,2,"[[0, 0, 0.7307153344154358], [2, 3, 0.6859680414199829], [0, 7, 0.6478623151779175], [0, 4, 0.6433850526809692], [0, 2, 0.6408754587173462], [1, 7, 0.5754610300064087], [0, 6, 0.5185014009475708], [0, 1, 0.3352561891078949], [1, 5, 0.32890206575393677]]",False,2,[],0.0384724182523533,8,"[[2, 3, 0.06744377373670299], [2, 4, 0.024562949114063627], [2, 6, 0.023410531906293285]]",17.0,4,"[[2, 3, 20.0], [2, 4, 20.0], [2, 6, 11.0]]",20,0.12283549783549783,4,True,0.2925953269004822,3,1,0.2925953269004822,3,1
148,613,executive_order,"April 15, 2025","July 21, 2017",0.5632033348083496,6,0.5297453850507736,5,"[[0, 1, 0.602324366569519], [0, 0, 0.5613028407096863], [2, 1, 0.4871560335159302], [1, 1, 0.3435510993003845]]",True,1,"[[0, 0, [""hereby order""]]]",0.04473603282748862,6,"[[0, 0, 0.07363167096384003], [2, 1, 0.03307572608487598], [0, 1, 0.02750070143374985]]",3.3333333333333335,7,"[[2, 1, 10.0], [1, 1, 0.0], [2, 0, 0.0]]",20,0.1154985754985755,5,True,0.001622966956347227,9,1,0.001622966956347227,9,1
148,601,executive_order,"April 15, 2025","December 20, 2017",0.7660248279571533,2,0.6248607039451599,1,"[[0, 0, 0.7629713416099548], [2, 1, 0.631926417350769], [1, 1, 0.5442190170288086], [2, 2, 0.4151497781276703]]",True,1,"[[0, 0, [""hereby order""]]]",0.02712748106705831,16,"[[2, 1, 0.04704202085200233], [0, 0, 0.020987878486932156], [2, 0, 0.01335254386224044]]",0.0,8,"[[2, 0, 0.0], [2, 1, 0.0], [2, 2, 0.0]]",20,0.1111111111111111,6,True,0.07263670116662979,5,1,0.07263670116662979,5,1
148,271,executive_order,"April 15, 2025","January 20, 2025",0.4998880922794342,13,0.47687380015850067,8,"[[2, 25, 0.6177382469177246], [0, 25, 0.5754268169403076], [2, 26, 0.5652848482131958], [2, 28, 0.560899019241333], [1, 22, 0.5592516660690308], [0, 27, 0.5350843667984009], [0, 23, 0.5250436663627625], [2, 24, 0.4960107207298279], [2, 15, 0.45540496706962585], [2, 1, 0.4051814079284668], [2, 13, 0.3984528183937073], [1, 21, 0.3715440034866333], [0, 0, 0.3702484965324402], [2, 2, 0.35002028942108154], [1, 20, 0.3184387683868408], [2, 16, 0.31754326820373535], [2, 11, 0.31209567189216614], [2, 17, 0.3065947890281677], [1, 19, 0.30595099925994873], [2, 8, 0.30569642782211304], [1, 18, 0.3054928779602051], [2, 10, 0.30149078369140625], [2, 7, 0.2998282015323639], [1, 5, 0.2973783612251282], [2, 14, 0.28956177830696106], [1, 9, 0.28873515129089355], [1, 12, 0.27124181389808655], [1, 4, 0.25265201926231384], [1, 3, 0.24190309643745422], [1, 6, 0.23702020943164825], [1, 29, 0.22647175192832947]]",True,1,"[[0, 0, [""hereby order""]], [2, 3, [""shall submit""]], [2, 4, [""shall submit""]], [2, 11, [""shall submit""]], [2, 14, [""shall assess""]], [2, 17, [""shall submit""]], [2, 24, [""shall assess""]], [2, 25, [""shall assess""]], [2, 26, [""shall assess""]]]",0.03749635530228499,9,"[[2, 25, 0.04992063928719027], [2, 28, 0.03579197297129728], [2, 26, 0.026776453648367442]]",3.3333333333333335,7,"[[2, 28, 10.0], [2, 27, 0.0], [2, 29, 0.0]]",20,0.1072340813720124,7,True,0.0043325519654899836,7,2,0.0043325519654899836,7,2
148,1500,executive_order,"April 15, 2025","June 03, 1994",0.5073091387748718,11,0.4498600661754608,12,"[[1, 12, 0.5182160139083862], [0, 12, 0.5075949430465698], [2, 12, 0.5043671131134033], [0, 17, 0.4976605176925659], [0, 0, 0.4956023395061493], [1, 13, 0.4798221290111542], [0, 30, 0.47527873516082764], [0, 16, 0.4576635956764221], [2, 18, 0.44470784068107605], [0, 3, 0.44448915123939514], [0, 8, 0.44072389602661133], [2, 24, 0.4392983615398407], [1, 29, 0.42057347297668457], [0, 4, 0.4187329411506653], [2, 2, 0.4179338216781616], [2, 26, 0.4131145477294922], [0, 1, 0.4052584767341614], [2, 11, 0.4038355350494385], [1, 15, 0.3847651183605194], [0, 7, 0.38248300552368164], [1, 28, 0.3689073920249939], [2, 9, 0.36806046962738037], [1, 14, 0.36034056544303894], [2, 10, 0.35861071944236755], [0, 25, 0.3547099232673645], [0, 22, 0.3488403558731079], [2, 27, 0.3437013626098633], [2, 19, 0.33893558382987976], [0, 5, 0.33171898126602173], [2, 20, 0.30737820267677307], [2, 23, 0.29440414905548096], [1, 31, 0.28206872940063477], [1, 6, 0.24164581298828125], [1, 21, 0.22966328263282776]]",True,1,"[[0, 0, [""hereby order""]]]",0.040512962827700734,7,"[[2, 26, 0.05433230120862664], [2, 18, 0.03605956774452218], [2, 1, 0.031147019529953367]]",0.0,8,"[[2, 29, 0.0], [2, 30, 0.0], [2, 31, 0.0]]",20,0.10400132275132275,8,True,0.0035135832149535418,8,2,0.0035135832149535418,8,2
148,401,executive_order,"April 15, 2025","February 24, 2021",0.6249933242797852,4,0.5087192058563232,7,"[[0, 12, 0.6106480360031128], [0, 2, 0.5827698707580566], [0, 11, 0.5815901160240173], [2, 2, 0.5662028789520264], [0, 0, 0.5429439544677734], [0, 15, 0.5382967591285706], [2, 5, 0.5176204442977905], [2, 1, 0.48705267906188965], [1, 2, 0.48242759704589844], [2, 7, 0.46201926469802856], [2, 3, 0.45252513885498047], [2, 10, 0.42529475688934326], [0, 4, 0.4236527681350708], [2, 8, 0.4015516936779022], [2, 9, 0.3904980719089508], [2, 6, 0.38023412227630615], [2, 14, 0.3218823969364166], [2, 13, 0.31094902753829956]]",True,1,"[[0, 0, [""hereby order""]], [2, 2, [""shall submit""]], [2, 3, [""shall submit""]], [2, 4, [""shall submit""]], [2, 14, [""shall submit""]]]",0.02764855022857936,14,"[[2, 7, 0.036288899334110274], [0, 0, 0.02461105957247076], [2, 1, 0.02204569177915705]]",0.0,8,"[[2, 13, 0.0], [2, 14, 0.0], [2, 15, 0.0]]",20,0.10216308745720509,9,True,0.01578456163406372,6,1,0.01578456163406372,6,1
148,474,executive_order,"April 15, 2025","August 06, 2020",0.5483170747756958,8,0.4733182340860367,9,"[[0, 0, 0.5161584615707397], [2, 5, 0.506062388420105], [2, 4, 0.5029207468032837], [2, 1, 0.4669357240200043], [0, 2, 0.4549517035484314], [2, 3, 0.45152825117111206], [2, 7, 0.44156795740127563], [2, 8, 0.43697279691696167], [1, 4, 0.4287908673286438], [0, 9, 0.4271707534790039], [0, 6, 0.4253903329372406]]",True,1,"[[0, 0, [""hereby order""]], [2, 3, [""shall submit""]]]",0.027071012154696067,17,"[[2, 3, 0.03337040301524], [2, 5, 0.02548719730955413], [2, 9, 0.022355436139294076]]",14.333333333333334,5,"[[2, 5, 20.0], [2, 9, 13.0], [2, 4, 10.0]]",20,0.10150978564771668,10,True,0.0005703156930394471,10,1,0.0005703156930394471,10,1
151,1500,executive_order,"April 09, 2025","June 03, 1994",0.4562864303588867,9,0.4582161456346512,5,"[[3, 16, 0.6216092109680176], [3, 15, 0.5271252989768982], [3, 26, 0.5121117234230042], [2, 16, 0.4831191897392273], [3, 17, 0.4793875217437744], [5, 18, 0.4782002568244934], [1, 16, 0.47751909494400024], [0, 25, 0.469514399766922], [6, 26, 0.4693167209625244], [0, 24, 0.4652726352214813], [3, 28, 0.4625774919986725], [3, 4, 0.45733073353767395], [3, 1, 0.4566916525363922], [3, 8, 0.4520203769207001], [3, 13, 0.4494248628616333], [3, 30, 0.4435940384864807], [3, 12, 0.4349541664123535], [4, 16, 0.43237707018852234], [2, 29, 0.4196859300136566], [4, 10, 0.41932210326194763], [3, 2, 0.4192940592765808], [0, 0, 0.4151432514190674], [3, 3, 0.41449955105781555], [4, 14, 0.40763506293296814], [4, 11, 0.40759867429733276], [5, 7, 0.4065338373184204], [3, 27, 0.4029476046562195], [6, 20, 0.40025657415390015], [3, 5, 0.39601942896842957], [5, 22, 0.38576382398605347], [5, 19, 0.3687049150466919], [3, 23, 0.36763009428977966], [3, 9, 0.3483501672744751], [4, 6, 0.3415866494178772], [2, 31, 0.33313095569610596], [2, 21, 0.27434682846069336]]",True,1,"[[0, 0, [""hereby order""]], [4, 25, [""shall establish""]]]",0.06598912341113718,2,"[[5, 26, 0.09019017600877242], [1, 26, 0.05905612884117889], [2, 26, 0.048721065383460216]]",10.666666666666666,1,"[[5, 26, 12.0], [5, 2, 10.0], [5, 30, 10.0]]",20,0.13307359307359307,1,True,0.024189217016100883,5,2,0.024189217016100883,5,2
151,782,executive_order,"April 09, 2025","March 08, 2013",0.5110620260238647,4,0.46198153495788574,4,"[[5, 7, 0.5484317541122437], [0, 7, 0.5410284399986267], [5, 6, 0.5023006796836853], [6, 6, 0.4944184720516205], [1, 6, 0.4854956865310669], [1, 1, 0.48465418815612793], [5, 4, 0.47361183166503906], [3, 6, 0.47037404775619507], [5, 9, 0.4687238931655884], [2, 5, 0.4561252295970917], [1, 10, 0.4497814476490021], [1, 3, 0.44870394468307495], [0, 2, 0.4085720479488373], [2, 8, 0.38283446431159973], [4, 8, 0.3590099513530731], [4, 0, 0.267894446849823]]",True,1,"[[0, 0, [""hereby order""]]]",0.06294812758428109,3,"[[2, 3, 0.07687497079710827], [5, 3, 0.057012199066862335], [1, 4, 0.05495721288887269]]",4.333333333333333,2,"[[5, 7, 13.0], [6, 8, 0.0], [6, 9, 0.0]]",20,0.13059947299077734,2,True,0.04922211915254593,3,1,0.04922211915254593,3,1
151,2461,executive_order,"April 09, 2025","January 18, 1977",0.5146880149841309,3,0.4643329530954361,3,"[[1, 10, 0.560835063457489], [0, 13, 0.5567614436149597], [5, 13, 0.550426185131073], [3, 11, 0.5153064727783203], [1, 9, 0.5137685537338257], [0, 12, 0.49716439843177795], [6, 13, 0.4631487727165222], [2, 10, 0.45612043142318726], [5, 2, 0.4295261800289154], [3, 7, 0.4249023199081421], [1, 3, 0.4107847213745117], [3, 4, 0.4061580300331116], [3, 6, 0.4032829999923706], [5, 5, 0.3992922306060791], [4, 6, 0.3477516174316406], [3, 8, 0.34585726261138916], [3, 1, 0.34410059452056885], [4, 0, 0.29288268089294434]]",True,1,"[[0, 0, [""hereby order""]]]",0.058786097017221484,4,"[[5, 11, 0.06516847487487638], [2, 11, 0.06368973649386163], [1, 9, 0.04750007968292645]]",3.3333333333333335,3,"[[5, 13, 10.0], [6, 12, 0.0], [6, 13, 0.0]]",20,0.1286231884057971,3,True,0.6513549089431763,1,1,0.6442251205444336,1,1
151,1739,executive_order,"April 09, 2025","July 05, 1989",0.5265114903450012,2,0.4963885694742203,1,"[[5, 8, 0.56145179271698], [6, 8, 0.5498784184455872], [0, 2, 0.5376860499382019], [0, 1, 0.5367535352706909], [1, 8, 0.5264723300933838], [2, 8, 0.49087822437286377], [1, 9, 0.4905288517475128], [5, 5, 0.48563244938850403], [3, 5, 0.47508275508880615], [0, 4, 0.449657678604126], [1, 6, 0.4492717981338501], [4, 5, 0.4470634460449219], [5, 7, 0.43213769793510437], [1, 3, 0.4317297637462616], [0, 0, 0.42647454142570496]]",False,2,[],0.04427028781395794,6,"[[1, 3, 0.04679944724555532], [5, 6, 0.0438776248574736], [1, 6, 0.04213379133884491]]",0.0,4,"[[6, 7, 0.0], [6, 8, 0.0], [6, 9, 0.0]]",20,0.12774725274725274,4,True,0.0021157036535441875,8,1,0.0021157036535441875,8,1
151,1859,executive_order,"April 09, 2025","May 24, 1986",0.4445849657058716,13,0.43214550614356995,12,"[[1, 13, 0.500439465045929], [3, 12, 0.49771711230278015], [2, 13, 0.4688117504119873], [5, 7, 0.46303075551986694], [3, 10, 0.46212485432624817], [3, 1, 0.44835880398750305], [0, 13, 0.44024658203125], [6, 13, 0.4251822233200073], [0, 0, 0.4139573872089386], [3, 2, 0.3978497385978699], [4, 4, 0.3960418403148651], [2, 11, 0.3805364966392517], [4, 5, 0.37343645095825195], [0, 9, 0.3554629385471344], [2, 6, 0.3463859260082245], [4, 3, 0.3421896696090698], [4, 8, 0.3396032452583313]]",False,2,[],0.07199485481932694,1,"[[5, 13, 0.081018438249113], [2, 13, 0.08027424016107342], [3, 13, 0.05469188604779439]]",0.0,4,"[[6, 11, 0.0], [6, 12, 0.0], [6, 13, 0.0]]",20,0.12053571428571427,5,True,0.0007437029271386564,9,1,0.0007152323960326612,9,1
151,1329,executive_order,"April 09, 2025","June 29, 1998",0.5797348022460938,1,0.47323520481586456,2,"[[0, 0, 0.5639309883117676], [5, 0, 0.5450121164321899], [3, 2, 0.5043420791625977], [3, 1, 0.47169214487075806], [1, 0, 0.46417611837387085], [6, 0, 0.4520961046218872], [2, 1, 0.4216758608818054], [4, 3, 0.35604387521743774]]",False,2,[],0.021174574478953434,10,"[[2, 0, 0.023628011960482316], [5, 0, 0.022871249439811527], [1, 0, 0.01702446203656647]]",0.0,4,"[[6, 1, 0.0], [6, 2, 0.0], [6, 3, 0.0]]",20,0.12045454545454545,6,True,0.11201596260070801,2,1,0.11201596260070801,2,1
151,816,executive_order,"April 09, 2025","March 16, 2012",0.43811583518981934,16,0.4541837126016617,6,"[[2, 4, 0.5525741577148438], [3, 9, 0.5427520275115967], [2, 5, 0.528611958026886], [1, 5, 0.5110708475112915], [3, 7, 0.4744250774383545], [2, 2, 0.4665266275405884], [3, 8, 0.45016205310821533], [5, 14, 0.43554097414016724], [2, 3, 0.4327353239059448], [0, 9, 0.4324934780597687], [6, 5, 0.42813795804977417], [3, 10, 0.4220927059650421], [1, 1, 0.42111653089523315], [3, 6, 0.41656064987182617], [0, 0, 0.4125695526599884], [3, 12, 0.39119645953178406], [3, 15, 0.3909250795841217], [4, 4, 0.3846158981323242], [5, 13, 0.3641695976257324], [2, 11, 0.3183540999889374]]",True,1,"[[0, 0, [""hereby order""]]]",0.046282118658570126,5,"[[5, 5, 0.05353476486257288], [5, 1, 0.049622221890720415], [5, 6, 0.03568936922241707]]",0.0,4,"[[6, 13, 0.0], [6, 14, 0.0], [6, 15, 0.0]]",20,0.12012820512820513,7,True,0.017443818040192127,6,2,0.017445058096200228,6,2
151,2918,executive_order,"April 09, 2025","December 22, 1969",0.4320929944515228,24,0.45233961939811707,7,"[[1, 1, 0.5506829023361206], [3, 1, 0.4666162133216858], [5, 1, 0.46376341581344604], [5, 0, 0.4611859619617462], [0, 1, 0.4452035129070282], [2, 1, 0.4378695487976074], [6, 1, 0.41839146614074707], [3, 2, 0.38129594922065735], [4, 0, 0.2995098829269409]]",False,2,[],0.03913388925763167,7,"[[5, 0, 0.04204895151202996], [2, 0, 0.04015600626803171], [1, 0, 0.03519670999283334]]",0.0,4,"[[6, 0, 0.0], [6, 1, 0.0], [6, 2, 0.0]]",20,0.11574074074074073,8,True,0.03210070729255676,4,1,0.03210070729255676,4,1
151,760,executive_order,"April 09, 2025","February 19, 2014",0.4431377649307251,14,0.4461875259876251,8,"[[5, 5, 0.5155678987503052], [5, 1, 0.4858132600784302], [5, 2, 0.4746919870376587], [5, 3, 0.4646783471107483], [1, 3, 0.45382237434387207], [5, 6, 0.43398889899253845], [6, 2, 0.43188127875328064], [6, 4, 0.4300030767917633], [3, 4, 0.42171359062194824], [2, 5, 0.4140664339065552], [4, 5, 0.41021448373794556], [6, 0, 0.4009059965610504], [0, 3, 0.39370977878570557]]",True,1,"[[0, 0, [""hereby order""]], [1, 3, [""shall develop""]]]",0.029741066772764387,8,"[[5, 6, 0.0592583079404535], [5, 5, 0.01956173092605433], [6, 5, 0.010403161451785325]]",3.3333333333333335,3,"[[5, 6, 10.0], [6, 5, 0.0], [6, 6, 0.0]]",20,0.11490683229813664,9,True,0.00027372167096473277,10,1,0.0002694791473913938,10,1
151,1681,executive_order,"April 09, 2025","December 14, 1990",0.5087206959724426,5,0.43960249423980713,10,"[[0, 3, 0.5319284200668335], [0, 4, 0.47397738695144653], [0, 0, 0.471742182970047], [5, 3, 0.46747609972953796], [0, 6, 0.4577394425868988], [4, 6, 0.43827536702156067], [6, 6, 0.43531548976898193], [3, 4, 0.42872700095176697], [1, 4, 0.41657108068466187], [3, 2, 0.4145389497280121], [2, 2, 0.3826141357421875], [1, 5, 0.3717031180858612], [2, 1, 0.3318975865840912]]",False,2,[],0.018371712375264956,13,"[[1, 3, 0.018871500263640796], [5, 3, 0.018674918643584715], [1, 4, 0.017568718218569354]]",0.0,4,"[[6, 4, 0.0], [6, 5, 0.0], [6, 6, 0.0]]",20,0.1053030303030303,10,True,0.005957154091447592,7,1,0.005957154091447592,7,1
153,257,executive_order,"April 09, 2025","January 20, 2025",0.5065069794654846,8,0.5160019397735596,4,"[[2, 5, 0.6058723330497742], [1, 3, 0.5301212668418884], [2, 4, 0.4799143075942993], [2, 2, 0.4722360372543335], [1, 1, 0.4636123776435852], [0, 3, 0.4592750668525696], [0, 0, 0.44972944259643555]]",True,1,"[[0, 0, [""hereby order""]]]",0.017338764116070847,1,"[[2, 5, 0.04456485482033612], [0, 0, 0.0043887743493021755], [2, 4, 0.0030626631785742454]]",0.0,1,"[[2, 3, 0.0], [2, 4, 0.0], [2, 5, 0.0]]",20,0.1369047619047619,1,True,0.01141961570829153,6,1,0.01141961570829153,6,1
153,1982,executive_order,"April 09, 2025","August 11, 1983",0.5018212199211121,12,0.512286975979805,5,"[[2, 0, 0.5462095737457275], [1, 0, 0.4487708806991577], [0, 0, 0.4401126503944397]]",True,1,"[[0, 0, [""hereby order""]]]",0.0050030222847928935,5,"[[0, 0, 0.01500906685437868], [1, 0, 0.0], [2, 0, 0.0]]",0.0,1,"[[0, 0, 0.0], [1, 0, 0.0], [2, 0, 0.0]]",20,0.12761904761904763,2,True,0.018689308315515518,4,1,0.018689308315515518,4,1
153,923,executive_order,"April 09, 2025","January 30, 2009",0.5971279740333557,1,0.5676369965076447,1,"[[0, 0, 0.5716135501861572], [1, 0, 0.5604693293571472], [2, 0, 0.5588985085487366]]",True,1,"[[0, 0, [""hereby order""]]]",0.0012231709075317806,15,"[[0, 0, 0.003669512722595342], [1, 0, 0.0], [2, 0, 0.0]]",0.0,1,"[[0, 0, 0.0], [1, 0, 0.0], [2, 0, 0.0]]",20,0.1238095238095238,3,True,0.014728613197803497,5,1,0.014728613197803497,5,1
153,2486,executive_order,"April 09, 2025","August 25, 1976",0.501465916633606,13,0.5083408951759338,6,"[[1, 0, 0.546066403388977], [0, 0, 0.4485859274864197], [2, 0, 0.41719385981559753]]",False,2,[],0.003240573997441449,8,"[[1, 0, 0.007768834744707478], [2, 0, 0.0019528872476168692], [0, 0, 0.0]]",0.0,1,"[[0, 0, 0.0], [1, 0, 0.0], [2, 0, 0.0]]",20,0.12179487179487179,4,True,0.0005976693355478346,10,1,0.0005976693355478346,10,1
153,637,executive_order,"April 09, 2025","March 27, 2017",0.4915575385093689,20,0.5544895231723785,2,"[[2, 0, 0.5845719575881958], [0, 0, 0.5005146265029907], [1, 0, 0.4881347417831421]]",True,1,"[[0, 0, [""hereby order""]]]",0.0010901777002471132,16,"[[0, 0, 0.0032705331007413397], [1, 0, 0.0], [2, 0, 0.0]]",0.0,1,"[[0, 0, 0.0], [1, 0, 0.0], [2, 0, 0.0]]",20,0.12085137085137085,5,True,0.17895591259002686,2,1,0.17895591259002686,2,1
153,2131,executive_order,"April 09, 2025","January 29, 1981",0.5377936363220215,4,0.5053657591342926,8,"[[2, 0, 0.5362006425857544], [1, 1, 0.4894575774669647], [0, 0, 0.46804898977279663]]",True,1,"[[0, 0, [""hereby order""]]]",0.0036754114881375924,7,"[[0, 0, 0.011026234464412777], [2, 0, 0.0], [2, 1, 0.0]]",0.0,1,"[[1, 1, 0.0], [2, 0, 0.0], [2, 1, 0.0]]",20,0.12037037037037036,6,True,0.0028009270317852497,9,1,0.0028009270317852497,9,1
153,1811,executive_order,"April 09, 2025","September 09, 1987",0.5057578086853027,9,0.45655323565006256,15,"[[1, 16, 0.5336877107620239], [2, 1, 0.4950762987136841], [1, 23, 0.48269110918045044], [1, 8, 0.4740093946456909], [1, 19, 0.4728051424026489], [1, 25, 0.46488362550735474], [1, 3, 0.4506699740886688], [0, 25, 0.4467286169528961], [1, 9, 0.4408947825431824], [1, 7, 0.44001293182373047], [1, 0, 0.43557673692703247], [1, 26, 0.4322569668292999], [1, 11, 0.4316996932029724], [2, 14, 0.42985063791275024], [1, 27, 0.41687309741973877], [1, 12, 0.41457366943359375], [2, 4, 0.4139813482761383], [2, 17, 0.41236263513565063], [1, 13, 0.4097064733505249], [1, 5, 0.4063257873058319], [1, 10, 0.40106678009033203], [1, 21, 0.3998717963695526], [1, 20, 0.3977433443069458], [1, 24, 0.39324110746383667], [2, 22, 0.3857962489128113], [1, 2, 0.3578943610191345], [1, 6, 0.35664817690849304], [1, 15, 0.34175819158554077], [0, 18, 0.3037596046924591]]",True,1,"[[0, 0, [""hereby order""]]]",0.006235811095653312,4,"[[1, 16, 0.01402473034592879], [1, 6, 0.0029297737636618626], [0, 0, 0.0017529291773692814]]",0.0,1,"[[2, 25, 0.0], [2, 26, 0.0], [2, 27, 0.0]]",20,0.11785714285714285,7,True,0.004982269834727049,7,1,0.004982269834727049,7,1
153,429,executive_order,"April 09, 2025","January 20, 2021",0.5435629487037659,2,0.5185315907001495,3,"[[2, 2, 0.5717225670814514], [1, 2, 0.5343794822692871], [2, 1, 0.5097959637641907], [0, 2, 0.49784988164901733], [0, 3, 0.4896475076675415], [0, 0, 0.4384840726852417]]",True,1,"[[0, 0, [""hereby order""]]]",0.0008659550507240706,18,"[[0, 0, 0.002597865152172212], [2, 1, 0.0], [2, 3, 0.0]]",0.0,1,"[[2, 1, 0.0], [2, 2, 0.0], [2, 3, 0.0]]",20,0.11741309796229704,8,True,0.004070138093084097,8,1,0.004070138093084097,8,1
153,271,executive_order,"April 09, 2025","January 20, 2025",0.5036594867706299,11,0.43795642256736755,24,"[[1, 5, 0.525014340877533], [0, 1, 0.4890449345111847], [2, 3, 0.467399924993515], [2, 2, 0.4631289541721344], [1, 9, 0.4592345952987671], [2, 11, 0.4460532069206238], [1, 4, 0.4455620348453522], [2, 18, 0.44186314940452576], [2, 20, 0.42203575372695923], [2, 16, 0.4109537601470947], [2, 7, 0.409946084022522], [2, 21, 0.40833112597465515], [1, 15, 0.4072413444519043], [2, 19, 0.3984750211238861], [1, 12, 0.3971337378025055], [2, 6, 0.39483776688575745], [1, 10, 0.39394062757492065], [2, 13, 0.38745927810668945], [1, 22, 0.3738402724266052], [0, 14, 0.36995816230773926], [0, 0, 0.3670353591442108], [0, 29, 0.3485705852508545], [1, 23, 0.33982574939727783], [1, 17, 0.33529144525527954], [1, 28, 0.31738555431365967], [1, 8, 0.2745036780834198], [1, 25, 0.2699654996395111], [1, 27, 0.2500496804714203], [0, 24, 0.22673246264457703], [0, 26, 0.22197964787483215]]",True,1,"[[0, 0, [""hereby order""]]]",0.009652462417244387,2,"[[1, 15, 0.013258422480641435], [1, 23, 0.010690628912292676], [2, 26, 0.005008335858799048]]",0.0,1,"[[2, 27, 0.0], [2, 28, 0.0], [2, 29, 0.0]]",20,0.1158008658008658,9,True,0.219454325735569,1,2,0.219454325735569,1,2
153,201,executive_order,"April 09, 2025","February 19, 2025",0.5052345395088196,10,0.4408632665872574,23,"[[0, 0, 0.49485278129577637], [0, 1, 0.4726419150829315], [0, 3, 0.44338545203208923], [0, 2, 0.44027066230773926], [1, 0, 0.439350426197052], [2, 2, 0.4153773784637451], [0, 5, 0.404590904712677], [0, 6, 0.384162962436676], [1, 4, 0.38315969705581665]]",True,1,"[[0, 0, [""hereby order""]]]",0.008734387836811837,3,"[[0, 0, 0.011883135821050335], [1, 1, 0.008962098288037401], [2, 2, 0.005357929401347771]]",0.0,1,"[[2, 4, 0.0], [2, 5, 0.0], [2, 6, 0.0]]",20,0.1143531224421012,10,True,0.0541987270116806,3,1,0.0541987270116806,3,1
158,271,executive_order,"April 08, 2025","January 20, 2025",0.595120906829834,3,0.4794890284538269,3,"[[2, 3, 0.5950754880905151], [0, 0, 0.5863947868347168], [1, 1, 0.5317769646644592], [2, 2, 0.5045464634895325], [1, 9, 0.4618298411369324], [1, 11, 0.45820021629333496], [2, 14, 0.451597660779953], [1, 5, 0.4307969808578491], [2, 13, 0.4267837405204773], [2, 20, 0.4162956178188324], [1, 15, 0.4156695008277893], [1, 8, 0.4086519777774811], [2, 29, 0.401237428188324], [1, 10, 0.3919913172721863], [2, 28, 0.38257962465286255], [2, 7, 0.37486687302589417], [1, 4, 0.35639509558677673], [1, 22, 0.35092490911483765], [2, 18, 0.338823139667511], [1, 21, 0.33675146102905273], [2, 24, 0.3335616886615753], [2, 16, 0.32789286971092224], [2, 12, 0.32254838943481445], [2, 25, 0.3172445595264435], [0, 23, 0.31122925877571106], [1, 19, 0.30233314633369446], [2, 6, 0.29701805114746094], [2, 17, 0.29567766189575195], [2, 27, 0.2756563425064087], [2, 26, 0.23251783847808838]]",True,1,"[[0, 0, [""hereby order""]], [1, 13, [""shall submit a report""]], [1, 15, [""shall submit a report""]], [1, 22, [""shall identify""]], [1, 28, [""shall submit a report""]]]",0.044456882127010156,2,"[[0, 1, 0.05366209284796312], [1, 1, 0.0428772715159039], [1, 28, 0.03683128201716347]]",3.3333333333333335,1,"[[1, 28, 10.0], [2, 27, 0.0], [2, 29, 0.0]]",20,0.13655185394315827,1,True,0.5889853835105896,1,2,0.5889854729175568,1,2
158,636,executive_order,"April 08, 2025","March 28, 2017",0.6100327372550964,1,0.5022113770246506,1,"[[0, 0, 0.5818747282028198], [1, 1, 0.5572397708892822], [1, 3, 0.5094577074050903], [1, 8, 0.48772913217544556], [1, 4, 0.47464609146118164], [2, 5, 0.47193488478660583], [1, 12, 0.4689851403236389], [2, 2, 0.45778000354766846], [1, 10, 0.4445595443248749], [2, 6, 0.4406733512878418], [1, 7, 0.40432411432266235], [1, 11, 0.4015018939971924], [1, 9, 0.3755756914615631]]",True,1,"[[0, 0, [""hereby order""]], [1, 4, [""shall identify""]]]",0.03504432479694483,3,"[[2, 2, 0.04473432243045086], [1, 1, 0.030793035392167822], [1, 3, 0.029605616568215806]]",0.0,2,"[[2, 10, 0.0], [2, 11, 0.0], [2, 12, 0.0]]",20,0.13655185394315827,2,True,0.024237636476755142,4,1,0.024237636476755142,4,1
158,552,executive_order,"April 08, 2025","April 10, 2019",0.5823326110839844,4,0.45822562277317047,4,"[[0, 0, 0.5294834971427917], [1, 7, 0.5029885172843933], [1, 5, 0.48191434144973755], [1, 9, 0.4815843403339386], [1, 6, 0.460487961769104], [0, 8, 0.43193519115448], [1, 10, 0.42895811796188354], [2, 1, 0.42387712001800537], [1, 4, 0.4226059913635254], [1, 2, 0.4134036600589752], [1, 3, 0.33060312271118164], [1, 11, 0.2641765773296356]]",True,1,"[[0, 0, [""hereby order""]], [1, 5, [""shall submit a report""]], [1, 7, [""shall submit a report""]], [1, 10, [""shall submit a report""]]]",0.05729192411637812,1,"[[1, 10, 0.06031000421252838], [1, 7, 0.05998524357816555], [1, 5, 0.05158052455844046]]",0.0,2,"[[2, 9, 0.0], [2, 10, 0.0], [2, 11, 0.0]]",20,0.13474025974025974,3,True,0.004038591403514147,6,1,0.004038591403514147,6,1
158,248,executive_order,"April 08, 2025","January 20, 2025",0.608347475528717,2,0.4515269249677658,6,"[[0, 0, 0.5477295517921448], [1, 3, 0.4723379611968994], [2, 3, 0.4692900478839874], [1, 2, 0.46811410784721375], [1, 5, 0.4442404508590698], [1, 6, 0.44168442487716675], [2, 8, 0.43867629766464233], [1, 7, 0.4329374432563782], [2, 10, 0.42339012026786804], [1, 11, 0.4228660464286804], [1, 4, 0.41151881217956543], [2, 9, 0.3868694305419922], [2, 13, 0.38654443621635437], [1, 15, 0.3509228825569153], [1, 12, 0.34921973943710327], [2, 1, 0.2933673858642578], [0, 14, 0.23520293831825256]]",True,1,"[[0, 0, [""hereby order""]], [1, 2, [""shall identify""]], [1, 4, [""shall identify""]], [1, 5, [""shall identify""]], [1, 14, [""shall identify""]]]",0.02629972745919928,4,"[[1, 2, 0.0352356651579777], [0, 0, 0.026185420520408714], [2, 7, 0.017478096699211423]]",0.0,2,"[[2, 13, 0.0], [2, 14, 0.0], [2, 15, 0.0]]",20,0.1255827505827506,4,True,0.08756384998559952,3,1,0.08756384998559952,3,1
158,2507,executive_order,"April 08, 2025","April 13, 1976",0.5144637823104858,8,0.45074641704559326,7,"[[0, 3, 0.4827868938446045], [0, 1, 0.46300816535949707], [0, 4, 0.45593392848968506], [1, 2, 0.4505773186683655], [0, 5, 0.42688512802124023], [2, 5, 0.42259228229522705], [2, 0, 0.41785234212875366]]",True,1,"[[0, 0, [""hereby order""]]]",0.014333402670074609,7,"[[1, 1, 0.01814187644044154], [1, 2, 0.013603034596811225], [1, 0, 0.011255296972971065]]",0.0,2,"[[2, 3, 0.0], [2, 4, 0.0], [2, 5, 0.0]]",20,0.11952861952861953,5,True,0.00020342697098385543,9,1,0.00020342697098385543,9,1
158,1207,executive_order,"April 08, 2025","May 18, 2001",0.5435162782669067,6,0.48193763196468353,2,"[[0, 0, 0.5097371339797974], [1, 4, 0.4854404926300049], [2, 3, 0.47109276056289673], [1, 2, 0.46002456545829773], [1, 1, 0.4492971897125244]]",True,1,"[[0, 0, [""hereby order""]]]",0.003817407998183167,16,"[[2, 3, 0.004944277795411086], [1, 4, 0.00365229754999844], [0, 4, 0.0028556486491399745]]",0.0,2,"[[2, 2, 0.0], [2, 3, 0.0], [2, 4, 0.0]]",20,0.11868686868686869,6,True,2.4973849576781504e-05,10,1,2.4973849576781504e-05,10,1
158,262,executive_order,"April 08, 2025","January 20, 2025",0.5175267457962036,7,0.45449742674827576,5,"[[0, 0, 0.4681166112422943], [1, 0, 0.4522894322872162], [2, 0, 0.4022286832332611]]",True,1,"[[0, 0, [""hereby order""]]]",0.00587499823586438,13,"[[2, 0, 0.008019691541799184], [1, 0, 0.006167435372595512], [0, 0, 0.0034378677931984447]]",0.0,2,"[[0, 0, 0.0], [1, 0, 0.0], [2, 0, 0.0]]",20,0.11575757575757575,7,True,0.0009181901696138084,7,1,0.0009181901696138084,7,1
158,205,executive_order,"April 08, 2025","February 14, 2025",0.5540496110916138,5,0.4339708983898163,13,"[[0, 3, 0.5060062408447266], [0, 0, 0.5015740990638733], [0, 2, 0.48046064376831055], [1, 3, 0.41996681690216064], [0, 1, 0.38609838485717773], [0, 4, 0.36042892932891846], [2, 4, 0.3371114730834961]]",True,1,"[[0, 0, [""hereby order""]]]",0.01663887696861124,6,"[[1, 2, 0.022811833432401604], [1, 3, 0.013653248718627876], [1, 1, 0.013451548754804237]]",0.0,2,"[[2, 2, 0.0], [2, 3, 0.0], [2, 4, 0.0]]",20,0.11421911421911422,8,True,0.3415825068950653,2,1,0.33111974596977234,2,1
158,1807,executive_order,"April 08, 2025","October 26, 1987",0.46833956241607666,18,0.44902653992176056,9,"[[1, 2, 0.5041186809539795], [2, 2, 0.4962632358074188], [2, 6, 0.4423261880874634], [2, 5, 0.4268159568309784], [0, 1, 0.4205407500267029], [0, 0, 0.4122541546821594], [2, 3, 0.4071575701236725], [1, 4, 0.3576717972755432]]",True,1,"[[0, 0, [""hereby order""]], [1, 6, [""shall identify""]]]",0.00908963733471625,10,"[[1, 6, 0.011155514870222804], [1, 1, 0.009945639782364114], [2, 1, 0.006167757351561835]]",0.0,2,"[[2, 4, 0.0], [2, 5, 0.0], [2, 6, 0.0]]",20,0.11327063740856844,9,True,0.0060503981076180935,5,1,0.0060503981076180935,5,1
158,412,executive_order,"April 08, 2025","January 27, 2021",0.45294874906539917,23,0.4164426624774933,17,"[[1, 23, 0.4718823730945587], [1, 28, 0.4590630829334259], [1, 16, 0.4520877003669739], [1, 12, 0.4516349732875824], [1, 15, 0.4475802183151245], [1, 13, 0.443003386259079], [1, 24, 0.43853068351745605], [1, 27, 0.43783101439476013], [1, 18, 0.43374884128570557], [1, 20, 0.4278833866119385], [2, 23, 0.41996482014656067], [0, 15, 0.41907668113708496], [1, 2, 0.4164334535598755], [1, 10, 0.4106769561767578], [1, 14, 0.40903201699256897], [1, 1, 0.4055946469306946], [1, 3, 0.399791955947876], [1, 11, 0.3937293291091919], [1, 4, 0.3867729902267456], [1, 17, 0.3843355178833008], [1, 30, 0.38391435146331787], [1, 9, 0.3775191903114319], [1, 29, 0.376270592212677], [1, 25, 0.37599194049835205], [1, 7, 0.37348875403404236], [2, 19, 0.3715626001358032], [2, 22, 0.3674752116203308], [1, 0, 0.3637828230857849], [1, 26, 0.3612523674964905], [1, 6, 0.3283345103263855], [2, 21, 0.3200773596763611], [1, 8, 0.31868335604667664], [1, 5, 0.2852667570114136]]",True,1,"[[0, 0, [""hereby order""]], [1, 2, [""shall identify""]], [1, 16, [""shall identify""]], [1, 18, [""shall identify""]], [1, 30, [""shall submit a report""]]]",0.01749963175617976,5,"[[1, 27, 0.019982726540825536], [1, 1, 0.01640725246758673], [1, 5, 0.016108916260127008]]",0.0,2,"[[2, 28, 0.0], [2, 29, 0.0], [2, 30, 0.0]]",20,0.11248157248157248,10,True,0.0008273503044620156,8,2,0.0008273503044620156,8,2
164,842,executive_order,"March 31, 2025","June 15, 2011",0.6108573079109192,1,0.5389472097158432,1,"[[0, 0, 0.6158514022827148], [0, 2, 0.5581336617469788], [1, 9, 0.5518248081207275], [1, 6, 0.5466144680976868], [0, 1, 0.5308718681335449], [0, 7, 0.5017937421798706], [1, 5, 0.4591558575630188], [1, 4, 0.4424610137939453], [1, 8, 0.3786242604255676], [1, 3, 0.3552318215370178]]",True,1,"[[0, 0, [""hereby order""]]]",0.04685719685077113,2,"[[0, 0, 0.06042322641644914], [1, 0, 0.043188433251502394], [0, 2, 0.03695993088436185]]",0.0,6,"[[1, 7, 0.0], [1, 8, 0.0], [1, 9, 0.0]]",20,0.13153513153513152,1,True,0.8092759251594543,1,1,0.8092759251594543,1,1
164,963,executive_order,"March 31, 2025","January 23, 2008",0.52986079454422,2,0.48630179464817047,2,"[[0, 1, 0.588906466960907], [1, 11, 0.5308927297592163], [0, 0, 0.4797925353050232], [1, 2, 0.47032156586647034], [1, 12, 0.41550564765930176], [1, 7, 0.3943721652030945], [1, 6, 0.39399832487106323], [1, 10, 0.3789447247982025], [1, 4, 0.3660176992416382], [1, 3, 0.35294151306152344], [1, 8, 0.3367440700531006], [1, 5, 0.3295556306838989], [1, 9, 0.3271588683128357]]",True,1,"[[0, 1, [""hereby order""]]]",0.04837765801504276,1,"[[0, 11, 0.06077805949161484], [1, 11, 0.05893061434833937], [0, 1, 0.02542430020517408]]",0.0,6,"[[1, 10, 0.0], [1, 11, 0.0], [1, 12, 0.0]]",20,0.13153513153513152,2,True,0.1859472095966339,3,1,0.1859472095966339,3,1
164,315,executive_order,"March 31, 2025","July 28, 2023",0.44159549474716187,9,0.448368102312088,7,"[[0, 0, 0.5327919721603394], [1, 0, 0.4534923732280731], [1, 1, 0.4444080591201782], [1, 2, 0.4339550733566284], [1, 4, 0.4066087603569031], [0, 10, 0.3901979327201843], [1, 8, 0.386310875415802], [0, 6, 0.38231441378593445], [1, 5, 0.38146543502807617], [0, 7, 0.38143834471702576], [1, 3, 0.3545151948928833], [0, 9, 0.34552860260009766]]",True,1,"[[0, 0, [""hereby order""]], [1, 10, [""shall establish""]]]",0.033111299903597895,6,"[[1, 1, 0.04402787071204739], [1, 8, 0.035735266142600315], [1, 4, 0.019570762856145986]]",11.0,1,"[[1, 5, 11.0], [1, 8, 11.0], [1, 9, 11.0]]",20,0.12311762311762312,3,True,0.004133968148380518,5,1,0.004133968148380518,5,1
164,2560,executive_order,"March 31, 2025","May 07, 1975",0.5091083645820618,3,0.47327664494514465,5,"[[1, 0, 0.49633732438087463], [1, 1, 0.49102720618247986], [1, 2, 0.45636266469955444], [0, 1, 0.43428438901901245]]",False,2,[],0.043756937965356596,3,"[[0, 1, 0.05380568204240116], [1, 1, 0.050177405352753945], [1, 0, 0.02728772650091469]]",0.0,6,"[[1, 0, 0.0], [1, 1, 0.0], [1, 2, 0.0]]",20,0.12193979933110369,4,True,0.04569203406572342,4,1,0.04569203406572342,4,1
164,293,executive_order,"March 31, 2025","September 06, 2024",0.47009897232055664,4,0.473481148481369,4,"[[0, 0, 0.4915146231651306], [1, 1, 0.4554476737976074]]",True,1,"[[0, 0, [""hereby order""]]]",0.01512258380073652,10,"[[1, 1, 0.029010495641882073], [1, 0, 0.011984369776151164], [0, 0, 0.004372885984176321]]",0.0,6,"[[0, 1, 0.0], [1, 0, 0.0], [1, 1, 0.0]]",20,0.11346153846153846,5,True,0.0003569705877453089,8,1,0.0003569705877453089,8,1
164,552,executive_order,"March 31, 2025","April 10, 2019",0.43794697523117065,10,0.3810373693704605,22,"[[0, 0, 0.4305572807788849], [1, 4, 0.39798831939697266], [0, 10, 0.39764687418937683], [0, 9, 0.3932168781757355], [1, 3, 0.35648801922798157], [0, 8, 0.3541889488697052], [0, 11, 0.3264903426170349], [0, 1, 0.32302427291870117], [0, 5, 0.31078341603279114], [0, 6, 0.30196234583854675], [0, 2, 0.29105934500694275], [1, 7, 0.29021790623664856]]",True,1,"[[0, 0, [""hereby order""]]]",0.037014163838420676,4,"[[1, 7, 0.04006298759859403], [1, 10, 0.035799336931868646], [1, 5, 0.03518016698479935]]",10.666666666666666,2,"[[0, 0, 12.0], [1, 5, 10.0], [1, 10, 10.0]]",20,0.11093073593073594,6,True,0.00023597176186740398,10,1,0.0002396868512732908,9,1
164,492,executive_order,"March 31, 2025","June 04, 2020",0.42382970452308655,16,0.406795009970665,18,"[[0, 1, 0.5037908554077148], [1, 1, 0.4113302230834961], [0, 14, 0.4027966260910034], [1, 12, 0.3969646096229553], [1, 8, 0.39207229018211365], [0, 9, 0.38988399505615234], [0, 13, 0.38799232244491577], [1, 7, 0.3854130804538727], [1, 4, 0.3668661117553711], [1, 3, 0.3592900037765503], [1, 6, 0.33152052760124207], [1, 5, 0.33063268661499023], [1, 15, 0.33028626441955566], [1, 10, 0.3107941746711731], [1, 2, 0.3031535744667053], [1, 16, 0.30176931619644165], [0, 0, 0.28925058245658875], [1, 11, 0.27002424001693726]]",True,1,"[[1, 3, [""shall identify""]], [1, 9, [""shall identify""]], [1, 14, [""shall identify""]]]",0.03636610532977569,5,"[[1, 5, 0.040841253553571696], [1, 3, 0.03821515131488985], [1, 2, 0.030041911120865523]]",7.333333333333333,3,"[[1, 2, 11.0], [1, 3, 11.0], [1, 15, 0.0]]",20,0.10979405034324943,7,True,0.0008713399001862854,6,2,0.0008713399001862854,6,2
164,336,executive_order,"March 31, 2025","September 15, 2022",0.4288397431373596,12,0.43104076385498047,10,"[[1, 0, 0.44018298387527466], [0, 0, 0.4036141335964203]]",True,1,"[[0, 0, [""hereby order""]]]",0.019030753410298834,7,"[[0, 0, 0.01995427633714448], [1, 0, 0.018107230483453186]]",0.0,6,"[[0, 0, 0.0], [1, 0, 0.0]]",20,0.10883190883190882,8,True,0.29746994376182556,2,1,0.29746994376182556,2,1
164,409,executive_order,"March 31, 2025","February 02, 2021",0.45394495129585266,7,0.42077143490314484,13,"[[1, 3, 0.4758754372596741], [0, 3, 0.44109615683555603], [0, 0, 0.4390426576137543], [0, 1, 0.4129393696784973], [1, 7, 0.3915661573410034], [1, 5, 0.3732287287712097], [1, 9, 0.35609009861946106], [1, 2, 0.3541523218154907], [1, 4, 0.348696231842041], [1, 8, 0.34733638167381287], [0, 6, 0.3316437900066376]]",True,1,"[[0, 0, [""hereby order""]]]",0.017750118281769617,8,"[[1, 3, 0.025766678744978462], [1, 5, 0.014241236713812763], [1, 4, 0.013242439386517623]]",6.666666666666667,4,"[[1, 3, 10.0], [1, 4, 10.0], [1, 9, 0.0]]",20,0.10768398268398269,9,True,0.000626334163825959,7,1,0.000626334163825959,7,1
164,688,executive_order,"March 31, 2025","June 24, 2016",0.44328925013542175,8,0.4484877288341522,6,"[[0, 0, 0.530846357345581], [1, 0, 0.43909233808517456], [1, 6, 0.4379836916923523], [0, 5, 0.425190806388855], [0, 4, 0.4217759370803833], [0, 3, 0.4024507999420166], [1, 2, 0.36531031131744385], [1, 7, 0.3606909215450287], [1, 1, 0.3518000841140747]]",True,1,"[[0, 0, [""hereby order""]], [1, 2, [""shall establish""]]]",0.011678386046631878,13,"[[1, 6, 0.013931196746313313], [0, 0, 0.012866640703260428], [1, 0, 0.00823732069032189]]",0.0,6,"[[1, 5, 0.0], [1, 6, 0.0], [1, 7, 0.0]]",20,0.10722610722610723,10,True,0.00023782205244060606,9,1,0.00023782205244060606,10,1
165,383,executive_order,"March 31, 2025","July 09, 2021",0.5834623575210571,1,0.493514820933342,2,"[[1, 3, 0.5883029699325562], [1, 4, 0.5718065500259399], [1, 1, 0.548844039440155], [0, 4, 0.46421781182289124], [2, 4, 0.46353012323379517], [0, 0, 0.43806251883506775], [2, 2, 0.26138073205947876]]",True,1,"[[0, 0, [""hereby order""]]]",0.02346662854997476,4,"[[1, 3, 0.02584818155324256], [1, 1, 0.025244685146816093], [1, 4, 0.01930701894986563]]",0.0,4,"[[2, 2, 0.0], [2, 3, 0.0], [2, 4, 0.0]]",20,0.12878787878787878,1,True,0.004296885221265256,1,2,0.004296885221265256,1,2
165,899,executive_order,"March 31, 2025","November 20, 2009",0.3849606215953827,18,0.41794006526470184,8,"[[1, 8, 0.46161770820617676], [1, 7, 0.4468705952167511], [2, 11, 0.44288766384124756], [1, 12, 0.4387891888618469], [1, 10, 0.4277414083480835], [1, 1, 0.4219975471496582], [0, 12, 0.39718419313430786], [1, 3, 0.39422163367271423], [2, 14, 0.3915266990661621], [2, 9, 0.39078858494758606], [2, 4, 0.3906170129776001], [0, 0, 0.38543325662612915], [1, 13, 0.3796461224555969], [2, 6, 0.3568238615989685], [1, 2, 0.3540906310081482], [1, 5, 0.34670138359069824]]",True,1,"[[0, 0, [""hereby order""]]]",0.031587643360813565,2,"[[1, 8, 0.04109363360403218], [1, 1, 0.03180463362851156], [2, 10, 0.02186466284989695]]",14.0,1,"[[1, 0, 14.0], [1, 1, 14.0], [1, 8, 14.0]]",20,0.12878787878787878,2,True,7.031184213701636e-05,7,1,7.031184213701636e-05,7,1
165,694,executive_order,"March 31, 2025","April 15, 2016",0.5644984245300293,2,0.5374344289302826,1,"[[1, 4, 0.575054407119751], [1, 1, 0.5702793002128601], [2, 4, 0.5544869899749756], [1, 3, 0.5489293932914734], [1, 5, 0.5321592092514038], [1, 0, 0.5028417110443115], [2, 2, 0.49069350957870483], [0, 1, 0.4850861430168152]]",True,1,"[[0, 0, [""hereby order""]], [2, 1, [""shall also identify""]]]",0.010900713135545458,10,"[[2, 1, 0.01449232048930444], [1, 0, 0.009322828232075477], [1, 4, 0.008886990685256462]]",0.0,4,"[[2, 3, 0.0], [2, 4, 0.0], [2, 5, 0.0]]",20,0.12261904761904761,3,True,0.002491967985406518,2,1,0.0024726232513785362,2,1
165,3071,executive_order,"March 31, 2025","May 01, 1967",0.40172111988067627,10,0.4284559041261673,5,"[[2, 3, 0.4985406994819641], [1, 3, 0.48012709617614746], [2, 4, 0.45089733600616455], [0, 4, 0.4399820864200592], [2, 1, 0.40263131260871887], [2, 0, 0.3819108009338379], [2, 6, 0.3788205087184906], [1, 2, 0.35606950521469116], [2, 7, 0.33716610074043274], [1, 5, 0.26619163155555725]]",False,2,[],0.013755716311625865,6,"[[1, 2, 0.03002892068601898], [1, 7, 0.0065536476742674935], [2, 3, 0.004684580574591124]]",0.0,4,"[[2, 5, 0.0], [2, 6, 0.0], [2, 7, 0.0]]",20,0.12012820512820513,4,True,0.0007152323960326612,4,1,0.0007152323960326612,4,1
165,542,executive_order,"March 31, 2025","June 24, 2019",0.41730642318725586,8,0.382405161857605,18,"[[1, 1, 0.4500025510787964], [2, 1, 0.4191504120826721], [2, 4, 0.37535345554351807], [2, 6, 0.36970603466033936], [0, 0, 0.3660843074321747], [2, 5, 0.34976428747177124], [2, 2, 0.3149665594100952], [2, 3, 0.2455747127532959]]",True,1,"[[0, 0, [""hereby order""]]]",0.040430435811226094,1,"[[1, 6, 0.0421976907197599], [1, 1, 0.03989040230225074], [1, 5, 0.03920321441166764]]",12.666666666666666,2,"[[1, 5, 14.0], [1, 1, 12.0], [1, 2, 12.0]]",20,0.11938938254727728,5,True,0.00019411317771300673,5,1,0.00019411317771300673,5,1
165,3878,executive_order,"March 31, 2025","July 12, 1954",0.39948543906211853,12,0.42415203154087067,7,"[[1, 0, 0.4848109483718872], [0, 0, 0.3124428987503052], [2, 0, 0.2932254672050476]]",True,1,"[[0, 0, [""hereby order""]]]",0.010393564904142451,11,"[[1, 0, 0.02876147851421458], [0, 0, 0.002419216198212771], [2, 0, 0.0]]",0.0,4,"[[0, 0, 0.0], [1, 0, 0.0], [2, 0, 0.0]]",20,0.11096176821983272,6,True,2.7428344765212387e-05,10,1,2.7428344765212387e-05,10,1
165,2259,executive_order,"March 31, 2025","September 26, 1979",0.41944682598114014,7,0.4303089827299118,4,"[[2, 8, 0.49758321046829224], [2, 14, 0.4862862825393677], [2, 7, 0.4688643217086792], [1, 13, 0.45163875818252563], [2, 9, 0.4496639370918274], [2, 0, 0.44751083850860596], [2, 15, 0.4449582099914551], [2, 20, 0.44357824325561523], [2, 12, 0.43750959634780884], [1, 2, 0.43478238582611084], [2, 17, 0.42943015694618225], [2, 10, 0.4292818009853363], [2, 19, 0.4235016703605652], [2, 16, 0.4230782091617584], [2, 6, 0.4189688563346863], [0, 13, 0.40922945737838745], [2, 18, 0.3900800943374634], [2, 1, 0.3620471954345703], [2, 11, 0.35907357931137085], [2, 5, 0.3153753876686096], [2, 4, 0.25145241618156433], [2, 3, 0.1991521418094635]]",False,2,[],0.005994003910972094,18,"[[0, 11, 0.006944414993429778], [1, 18, 0.0062064515468954525], [1, 17, 0.004831145192591053]]",0.0,4,"[[2, 18, 0.0], [2, 19, 0.0], [2, 20, 0.0]]",20,0.10964912280701754,7,True,0.00010310212383046746,6,1,0.00010310212383046746,6,1
165,506,executive_order,"March 31, 2025","April 04, 2020",0.38064754009246826,20,0.3936418294906616,17,"[[1, 12, 0.4705450236797333], [2, 16, 0.43841665983200073], [1, 11, 0.4357277452945709], [2, 10, 0.4326707720756531], [2, 9, 0.42813754081726074], [1, 15, 0.40726569294929504], [2, 7, 0.3738545775413513], [1, 2, 0.37096184492111206], [1, 1, 0.3644874691963196], [1, 4, 0.359953910112381], [1, 0, 0.3469644784927368], [1, 5, 0.33751824498176575], [1, 13, 0.3372085988521576], [0, 11, 0.3350701332092285], [2, 6, 0.32953524589538574], [2, 3, 0.3152352571487427], [1, 14, 0.3103600740432739], [2, 8, 0.2754651606082916]]",True,1,"[[0, 0, [""hereby order""]]]",0.01667938132601089,5,"[[1, 1, 0.023646573582589817], [1, 15, 0.01772068846546418], [1, 16, 0.00867088192997867]]",0.0,4,"[[2, 14, 0.0], [2, 15, 0.0], [2, 16, 0.0]]",20,0.1086936936936937,8,True,6.716248390148394e-05,8,2,6.716248390148394e-05,8,2
165,3285,executive_order,"March 31, 2025","January 03, 1964",0.3788156807422638,21,0.4034731686115265,14,"[[2, 4, 0.5311905741691589], [2, 5, 0.510399341583252], [2, 3, 0.43639087677001953], [1, 4, 0.42978593707084656], [2, 2, 0.3988521099090576], [1, 0, 0.3532077670097351], [0, 4, 0.3275797367095947], [1, 1, 0.3243725895881653], [1, 6, 0.24537667632102966], [1, 7, 0.21963036060333252]]",False,2,[],0.012076904264577361,7,"[[1, 0, 0.02642855803850163], [2, 3, 0.005051719495849952], [1, 7, 0.004750435259380501]]",0.0,4,"[[2, 5, 0.0], [2, 6, 0.0], [2, 7, 0.0]]",20,0.10811546840958605,9,True,0.0016743994783610106,3,1,0.0016743994783610106,3,1
165,4022,executive_order,"March 31, 2025","October 14, 1952",0.44076019525527954,5,0.4781268984079361,3,"[[2, 1, 0.5328212976455688], [1, 0, 0.488287091255188], [0, 1, 0.31599050760269165]]",False,2,[],0.0027249375634260747,25,"[[2, 0, 0.004055242584186454], [1, 1, 0.0029850925932762844], [1, 0, 0.0011344775128154837]]",0.0,4,"[[1, 1, 0.0], [2, 0, 0.0], [2, 1, 0.0]]",20,0.1073671497584541,10,True,2.80239837593399e-05,9,1,2.80239837593399e-05,9,1
167,298,executive_order,"March 27, 2025","March 27, 2024",0.5754069685935974,3,0.5214541554450989,1,"[[0, 0, 0.5689781308174133], [2, 1, 0.49785876274108887], [1, 2, 0.4975256621837616]]",True,1,"[[0, 0, [""hereby order""]]]",0.04904671393989873,1,"[[1, 2, 0.08859099965710056], [2, 1, 0.03390013804134813], [1, 1, 0.024649004121247497]]",0.0,5,"[[2, 0, 0.0], [2, 1, 0.0], [2, 2, 0.0]]",20,0.13523809523809524,1,True,0.007345826365053654,3,1,0.007345826365053654,3,1
167,461,executive_order,"March 27, 2025","November 02, 2020",0.5173457860946655,4,0.45636309683322906,8,"[[0, 0, 0.5075137615203857], [2, 4, 0.4766957461833954], [1, 4, 0.43222376704216003], [1, 2, 0.4242759943008423], [1, 1, 0.4039817452430725], [2, 3, 0.39044153690338135]]",True,1,"[[0, 0, [""hereby order""]], [1, 4, [""shall take""]], [2, 3, [""shall provide""]]]",0.04492572377217485,2,"[[1, 2, 0.06623205936538412], [2, 1, 0.0406315828337644], [1, 1, 0.027913529117376053]]",7.333333333333333,1,"[[1, 2, 22.0], [2, 3, 0.0], [2, 4, 0.0]]",20,0.12878787878787878,2,True,0.01233610138297081,1,1,0.01233610138297081,1,1
167,485,executive_order,"March 27, 2025","July 03, 2020",0.5816277265548706,2,0.5076150000095367,2,"[[2, 8, 0.59781414270401], [2, 7, 0.5813604593276978], [2, 0, 0.5712587237358093], [1, 7, 0.5190370082855225], [2, 6, 0.5020257234573364], [0, 7, 0.4968186020851135], [2, 1, 0.4912160038948059], [1, 4, 0.4829482436180115], [2, 5, 0.38029491901397705], [1, 3, 0.36601006984710693], [2, 2, 0.32313257455825806]]",True,1,"[[0, 0, [""hereby order""]], [2, 2, [""shall provide""]]]",0.029339663968059423,5,"[[2, 2, 0.04784606508691332], [1, 8, 0.022192054693211737], [2, 3, 0.017980872124053204]]",0.0,5,"[[2, 6, 0.0], [2, 7, 0.0], [2, 8, 0.0]]",20,0.12545454545454546,3,True,0.00036543281748890877,7,1,0.00036543281748890877,7,1
167,229,executive_order,"March 27, 2025","January 29, 2025",0.4984425902366638,6,0.4774841070175171,5,"[[2, 9, 0.666519284248352], [2, 0, 0.5179336667060852], [2, 8, 0.5088639259338379], [0, 9, 0.4795336425304413], [2, 6, 0.46477025747299194], [1, 6, 0.4378359317779541], [1, 4, 0.4242767095565796], [1, 2, 0.38360685110092163], [1, 1, 0.3733235001564026], [1, 3, 0.35698002576828003], [1, 5, 0.3056270480155945], [2, 7, 0.26815104484558105]]",True,1,"[[0, 0, [""hereby order""]], [1, 9, [""shall recommend""]], [2, 7, [""shall provide""]], [2, 8, [""shall provide""]]]",0.042064828922603076,3,"[[1, 2, 0.051124645732432514], [1, 4, 0.04658603360760739], [2, 9, 0.028483807427769313]]",0.0,5,"[[2, 7, 0.0], [2, 8, 0.0], [2, 9, 0.0]]",20,0.12347826086956522,4,True,0.0004092474700883031,6,1,0.00040290519245900214,6,1
167,486,executive_order,"March 27, 2025","June 26, 2020",0.5135351419448853,5,0.4868154078722,4,"[[2, 2, 0.5596494078636169], [2, 0, 0.5079582929611206], [2, 1, 0.4664234519004822], [0, 0, 0.46162551641464233], [1, 2, 0.36558637022972107]]",True,1,"[[0, 0, [""hereby order""]], [1, 1, [""shall take""]], [2, 2, [""shall provide""]]]",0.03561049223420088,4,"[[2, 2, 0.060571225120289326], [2, 0, 0.026402112639713385], [2, 1, 0.01985813894259994]]",0.0,5,"[[2, 0, 0.0], [2, 1, 0.0], [2, 2, 0.0]]",20,0.12333333333333332,5,True,0.00985985528677702,2,1,0.00985985528677702,2,1
167,247,executive_order,"March 27, 2025","January 20, 2025",0.45537835359573364,10,0.45548367500305176,9,"[[2, 0, 0.49971863627433777], [1, 0, 0.4894307255744934], [2, 2, 0.48779040575027466], [0, 0, 0.4826623201370239], [2, 6, 0.477737158536911], [2, 4, 0.40963655710220337], [2, 5, 0.383786141872406], [1, 1, 0.37183427810668945], [2, 3, 0.31204110383987427]]",True,1,"[[0, 0, [""hereby order""]], [1, 6, [""shall recommend""]], [2, 2, [""shall provide""]], [2, 5, [""shall provide""]]]",0.02738914744074723,6,"[[1, 6, 0.05107300763526288], [0, 0, 0.016747659751644318], [2, 4, 0.014346774935334483]]",0.0,5,"[[2, 4, 0.0], [2, 5, 0.0], [2, 6, 0.0]]",20,0.11294429708222811,6,True,0.0002131875662598759,8,1,0.00021654403826687485,8,1
167,438,executive_order,"March 27, 2025","January 18, 2021",0.5935328006744385,1,0.47155463695526123,6,"[[2, 0, 0.5673969984054565], [0, 0, 0.5603013634681702], [2, 6, 0.5232534408569336], [2, 5, 0.497812956571579], [2, 2, 0.4143545627593994], [1, 6, 0.3842501640319824], [2, 4, 0.3776034712791443], [1, 3, 0.3509902358055115], [1, 1, 0.34247320890426636]]",True,1,"[[0, 0, [""hereby order""]], [2, 6, [""shall provide""]]]",0.016993139445929534,13,"[[2, 6, 0.028516359001330215], [1, 3, 0.013207864936950798], [1, 6, 0.009255194399507586]]",0.0,5,"[[2, 4, 0.0], [2, 5, 0.0], [2, 6, 0.0]]",20,0.10876456876456878,7,True,0.001367025775834918,4,1,0.001367025775834918,4,1
167,378,executive_order,"March 27, 2025","September 03, 2021",0.4220138192176819,25,0.4394296705722809,14,"[[1, 6, 0.5117013454437256], [1, 3, 0.5088226795196533], [1, 1, 0.4593026638031006], [0, 6, 0.43293944001197815], [2, 6, 0.4313669800758362], [0, 0, 0.3881063163280487], [1, 2, 0.37134987115859985], [1, 4, 0.36110830307006836], [1, 5, 0.3409392833709717]]",True,1,"[[0, 0, [""hereby order""]], [2, 1, [""shall provide""]], [2, 2, [""shall provide""]], [2, 5, [""shall provide""]]]",0.02659311929030302,7,"[[1, 1, 0.03936324355044372], [1, 3, 0.02472267618807092], [1, 0, 0.01569343813239444]]",3.3333333333333335,4,"[[1, 1, 10.0], [2, 4, 0.0], [2, 5, 0.0]]",20,0.10811546840958605,8,True,0.00020662981842178851,9,1,0.00020662981842178851,9,1
167,2826,executive_order,"March 27, 2025","May 13, 1971",0.492822527885437,7,0.5053080022335052,3,"[[2, 1, 0.5253045558929443], [2, 0, 0.517624020576477], [0, 0, 0.4721035361289978], [1, 0, 0.4700470566749573]]",True,1,"[[2, 0, [""shall provide""]]]",0.009018080013700287,21,"[[2, 1, 0.011866661282079125], [1, 1, 0.0076952498950256625], [2, 0, 0.007492328863996074]]",0.0,5,"[[1, 1, 0.0], [2, 0, 0.0], [2, 1, 0.0]]",20,0.10786850477200424,9,True,1.6571451851632446e-05,10,1,1.650684862397611e-05,10,1
167,3275,executive_order,"March 27, 2025","March 07, 1964",0.47205179929733276,8,0.44117188453674316,12,"[[1, 6, 0.4900873899459839], [2, 3, 0.48676252365112305], [1, 7, 0.4693574905395508], [1, 1, 0.46051377058029175], [1, 4, 0.44882190227508545], [1, 8, 0.4352722764015198], [0, 6, 0.39087748527526855], [1, 0, 0.3843351900577545], [1, 2, 0.3400183618068695], [1, 5, 0.32274287939071655]]",False,2,[],0.023744927058923088,8,"[[1, 2, 0.03339321623684871], [1, 4, 0.0216960467038686], [1, 6, 0.016145518236051946]]",0.0,5,"[[2, 6, 0.0], [2, 7, 0.0], [2, 8, 0.0]]",20,0.1069642857142857,10,True,0.000737919588573277,5,1,0.000737919588573277,5,1
170,361,executive_order,"March 25, 2025","December 13, 2021",0.5092161893844604,4,0.5034635961055756,2,"[[5, 5, 0.5677940845489502], [5, 3, 0.5639421343803406], [6, 2, 0.5516101121902466], [4, 1, 0.5345724821090698], [1, 1, 0.5002679824829102], [5, 4, 0.4886321425437927], [3, 3, 0.4882005453109741], [1, 0, 0.4862682819366455], [0, 3, 0.4551057815551758], [5, 7, 0.4530789852142334], [2, 1, 0.43843045830726624], [3, 6, 0.3683971166610718]]",True,1,"[[0, 0, [""hereby order""]], [2, 1, [""shall review""]], [4, 3, [""shall coordinate""]], [5, 5, [""shall submit""]], [6, 5, [""shall submit""]]]",0.053750942601105994,3,"[[6, 1, 0.06885541443270674], [1, 6, 0.0474965575165707], [6, 2, 0.04490085585404054]]",10.0,1,"[[1, 6, 19.0], [0, 0, 11.0], [6, 7, 0.0]]",20,0.13655185394315827,1,True,0.0005967523466097191,3,2,0.0005967523466097191,3,2
170,899,executive_order,"March 25, 2025","November 20, 2009",0.5611398220062256,1,0.5060293972492218,1,"[[5, 5, 0.5643829107284546], [5, 3, 0.5564589500427246], [5, 8, 0.5550326704978943], [3, 8, 0.5386013984680176], [3, 1, 0.5381105542182922], [5, 6, 0.5321033596992493], [6, 8, 0.5301164984703064], [3, 0, 0.5243901610374451], [0, 0, 0.5172959566116333], [4, 8, 0.5167027115821838], [2, 9, 0.5033161044120789], [5, 7, 0.5023221969604492], [1, 8, 0.49813854694366455], [5, 2, 0.49690571427345276], [5, 10, 0.4772607982158661], [5, 13, 0.4523656964302063], [5, 14, 0.43931904435157776], [5, 12, 0.41342371702194214], [5, 4, 0.3971903622150421], [5, 11, 0.36711201071739197]]",True,1,"[[0, 0, [""hereby order""]], [2, 6, [""shall review""]], [3, 14, [""shall develop""]], [5, 5, [""shall submit""]], [5, 10, [""shall submit""]], [6, 5, [""shall submit""]], [6, 10, [""shall submit""]]]",0.05320129034633848,4,"[[6, 8, 0.0573847112787036], [6, 13, 0.05407091634201677], [5, 13, 0.048148243418295066]]",0.0,4,"[[6, 12, 0.0], [6, 13, 0.0], [6, 14, 0.0]]",20,0.13095238095238093,2,True,0.00214894930832088,2,1,0.002132261637598276,2,1
170,202,executive_order,"March 25, 2025","February 19, 2025",0.4749183654785156,11,0.4615180343389511,7,"[[5, 1, 0.5403433442115784], [6, 4, 0.5136085748672485], [5, 3, 0.46670347452163696], [0, 0, 0.44962501525878906], [5, 2, 0.42477428913116455], [1, 3, 0.4192851781845093], [3, 2, 0.40100041031837463], [4, 3, 0.3983893394470215], [2, 2, 0.38592401146888733]]",True,1,"[[0, 0, [""hereby order""]], [1, 3, [""shall take""]], [4, 3, [""shall take""]]]",0.07568785105919391,1,"[[6, 4, 0.15825272109966973], [5, 1, 0.04359716966582221], [5, 4, 0.02521366241208982]]",3.3333333333333335,3,"[[5, 1, 10.0], [6, 3, 0.0], [6, 4, 0.0]]",20,0.12813434552564987,3,True,0.00018667822587303817,5,1,0.00018667822587303817,5,1
170,738,executive_order,"March 25, 2025","October 17, 2014",0.49284911155700684,8,0.49291732907295227,3,"[[1, 1, 0.5505472421646118], [1, 4, 0.5441418886184692], [4, 8, 0.5358195900917053], [1, 0, 0.5342139601707458], [2, 1, 0.5333836078643799], [3, 1, 0.5197911262512207], [0, 0, 0.5118150115013123], [1, 3, 0.5068058371543884], [3, 5, 0.4611496031284332], [5, 4, 0.4537312984466553], [5, 2, 0.44106873869895935], [4, 7, 0.4269663691520691], [6, 5, 0.4034266173839569], [4, 6, 0.36085134744644165]]",True,1,"[[0, 0, [""hereby order""]], [1, 1, [""shall take""]], [1, 3, [""shall take""]], [3, 2, [""shall develop""]], [3, 4, [""shall develop""]], [4, 1, [""shall take""]], [4, 3, [""shall take""]]]",0.04639366846350634,6,"[[4, 1, 0.05319148101645575], [1, 1, 0.04739379869729182], [5, 8, 0.03859572567677146]]",0.0,4,"[[6, 6, 0.0], [6, 7, 0.0], [6, 8, 0.0]]",20,0.12360646599777034,4,True,0.0037654137704521418,1,1,0.0037654137704521418,1,1
170,400,executive_order,"March 25, 2025","March 07, 2021",0.4509724974632263,25,0.43294350802898407,15,"[[6, 8, 0.5307319760322571], [5, 1, 0.5142394304275513], [3, 1, 0.48417946696281433], [5, 5, 0.46367502212524414], [3, 9, 0.4444139003753662], [3, 3, 0.4394664764404297], [3, 6, 0.4388911724090576], [4, 9, 0.4368364214897156], [3, 4, 0.4359687864780426], [1, 3, 0.4154444932937622], [2, 6, 0.4140006899833679], [3, 2, 0.40274229645729065], [3, 10, 0.3969119191169739], [1, 7, 0.39672479033470154], [0, 6, 0.3849761486053467], [3, 11, 0.37842389941215515], [4, 13, 0.3630412220954895], [3, 12, 0.33492138981819153], [4, 14, 0.31921789050102234], [3, 0, 0.3137736916542053]]",True,1,"[[0, 0, [""hereby order""]], [1, 3, [""shall take""]], [1, 6, [""shall take""]], [1, 7, [""shall take""]], [1, 11, [""shall take""]], [4, 3, [""shall take""]], [4, 4, [""shall coordinate""]], [4, 6, [""shall take""]], [4, 7, [""shall take""]], [4, 11, [""shall take""]], [5, 1, [""shall submit""]], [5, 2, [""shall submit""]], [5, 5, [""shall submit""]], [6, 1, [""shall submit""]], [6, 2, [""shall submit""]], [6, 5, [""shall submit""]]]",0.06294368514603253,2,"[[6, 6, 0.07678218521711529], [6, 8, 0.06300788477321193], [1, 12, 0.049040985447770365]]",3.3333333333333335,3,"[[6, 6, 10.0], [6, 13, 0.0], [6, 14, 0.0]]",20,0.11750423489553924,5,True,0.00014883847325108945,6,1,0.00014883847325108945,6,1
170,179,executive_order,"March 25, 2025","March 20, 2025",0.5170056223869324,3,0.4800051152706146,5,"[[4, 0, 0.5235228538513184], [1, 0, 0.5030867457389832], [5, 2, 0.4759114682674408], [4, 1, 0.4713292121887207], [6, 2, 0.46706146001815796], [3, 0, 0.4634931683540344], [0, 0, 0.4551258683204651], [2, 0, 0.40008842945098877]]",True,1,"[[0, 0, [""hereby order""]], [1, 1, [""shall take""]], [4, 1, [""shall take""]]]",0.03917267386739947,10,"[[6, 2, 0.04691707104085399], [5, 2, 0.04106127772155904], [6, 1, 0.02953967283978538]]",0.0,4,"[[6, 0, 0.0], [6, 1, 0.0], [6, 2, 0.0]]",20,0.11499999999999999,6,True,0.0001238774711964652,7,1,0.0001238774711964652,7,1
170,197,executive_order,"March 25, 2025","February 26, 2025",0.4929030239582062,7,0.45730575919151306,8,"[[3, 0, 0.5092476606369019], [1, 0, 0.4998946189880371], [0, 0, 0.4905601739883423], [4, 0, 0.47393158078193665], [5, 0, 0.47252726554870605], [5, 4, 0.47011828422546387], [3, 1, 0.4536537826061249], [5, 2, 0.44834357500076294], [6, 6, 0.44001898169517517], [5, 3, 0.4316573441028595], [2, 1, 0.4315967261791229], [5, 8, 0.4271642863750458], [5, 7, 0.3929414451122284], [5, 5, 0.39264506101608276]]",True,1,"[[0, 0, [""hereby order""]], [1, 6, [""shall take""]], [2, 2, [""shall review""]], [4, 6, [""shall take""]], [5, 8, [""shall submit""]], [6, 8, [""shall submit""]]]",0.03588388154555439,13,"[[5, 8, 0.06220223444656228], [6, 7, 0.022850709517754433], [5, 7, 0.022598700672346463]]",3.6666666666666665,2,"[[5, 8, 11.0], [6, 7, 0.0], [6, 8, 0.0]]",20,0.11147186147186147,7,True,0.00012100819731131196,8,1,0.00012100819731131196,8,1
170,905,executive_order,"March 25, 2025","October 05, 2009",0.4579273462295532,19,0.45362013578414917,9,"[[5, 5, 0.561909556388855], [5, 3, 0.5542632341384888], [6, 12, 0.5154352784156799], [5, 7, 0.5116579532623291], [5, 6, 0.5076648592948914], [5, 13, 0.49616777896881104], [5, 2, 0.4775623083114624], [5, 1, 0.4643494486808777], [5, 8, 0.4452853500843048], [6, 4, 0.44412121176719666], [3, 8, 0.43889737129211426], [0, 8, 0.4261634945869446], [1, 8, 0.4193095564842224], [2, 8, 0.4064827859401703], [5, 14, 0.39792561531066895], [5, 15, 0.39613282680511475], [5, 0, 0.39125800132751465], [0, 10, 0.3881177306175232], [4, 14, 0.38720816373825073], [5, 11, 0.3829105496406555], [5, 9, 0.36872589588165283]]",True,1,"[[0, 0, [""hereby order""]], [2, 8, [""shall review""]], [2, 11, [""shall review""]], [3, 6, [""shall develop""]], [3, 13, [""shall develop""]], [3, 14, [""shall develop""]]]",0.03893473584105983,11,"[[3, 13, 0.04052734556224461], [6, 13, 0.04041740631651538], [6, 3, 0.035859455644419495]]",0.0,4,"[[6, 13, 0.0], [6, 14, 0.0], [6, 15, 0.0]]",20,0.10840748980348536,8,True,9.338080417364836e-05,10,2,9.338080417364836e-05,10,2
170,592,executive_order,"March 25, 2025","March 19, 2018",0.4769739806652069,10,0.43598514795303345,14,"[[6, 1, 0.49699485301971436], [1, 1, 0.48995086550712585], [2, 1, 0.47472983598709106], [3, 1, 0.4477669298648834], [4, 0, 0.4342031180858612], [0, 0, 0.430147647857666], [5, 2, 0.3939288854598999], [0, 3, 0.3881109952926636], [6, 4, 0.3839550018310547]]",True,1,"[[0, 0, [""hereby order""]], [1, 2, [""shall take""]], [4, 2, [""shall take""]]]",0.045299963140186326,7,"[[6, 1, 0.04837347452493728], [4, 1, 0.04647700200851096], [1, 1, 0.041049412887110726]]",0.0,4,"[[6, 2, 0.0], [6, 3, 0.0], [6, 4, 0.0]]",20,0.10811546840958605,9,True,0.0005072812782600522,4,1,0.0005072812782600522,4,1
170,362,executive_order,"March 25, 2025","December 08, 2021",0.4568445682525635,21,0.4286644160747528,18,"[[5, 12, 0.5636241436004639], [5, 14, 0.5168859958648682], [5, 21, 0.5061980485916138], [5, 13, 0.496422678232193], [5, 7, 0.48561227321624756], [5, 16, 0.48328763246536255], [6, 12, 0.4792517423629761], [5, 15, 0.47108104825019836], [0, 23, 0.4386994540691376], [4, 11, 0.43842199444770813], [3, 7, 0.43163132667541504], [3, 9, 0.4279465079307556], [6, 19, 0.4247739017009735], [5, 1, 0.40728887915611267], [3, 20, 0.4056176543235779], [5, 4, 0.3990400731563568], [1, 19, 0.39678165316581726], [5, 2, 0.39084988832473755], [3, 10, 0.3682107925415039], [5, 3, 0.3657248616218567], [3, 5, 0.3648538589477539], [3, 6, 0.3528399169445038], [5, 8, 0.3487822115421295], [2, 20, 0.3429342806339264], [0, 0, 0.34232866764068604], [3, 17, 0.33208322525024414], [5, 22, 0.32572805881500244], [6, 18, 0.32069385051727295]]",True,1,"[[0, 0, [""hereby order""]], [2, 2, [""shall review""]], [3, 3, [""shall develop""]], [3, 14, [""shall develop""]], [3, 15, [""shall develop""]], [4, 8, [""shall coordinate""]], [4, 16, [""shall coordinate""]], [4, 20, [""shall coordinate""]]]",0.05069825499460066,5,"[[5, 7, 0.06088629359027312], [3, 14, 0.05173100724222604], [5, 12, 0.039477464151302814]]",0.0,4,"[[6, 21, 0.0], [6, 22, 0.0], [6, 23, 0.0]]",20,0.10798245614035087,10,True,9.98029499896802e-05,9,2,9.986632358049974e-05,9,2
176,197,executive_order,"March 20, 2025","February 26, 2025",0.5625388622283936,5,0.495185911655426,8,"[[1, 4, 0.5373356342315674], [0, 0, 0.5062552094459534], [1, 8, 0.5002739429473877], [1, 3, 0.4934062957763672], [0, 2, 0.48441654443740845], [1, 7, 0.4742773473262787], [1, 6, 0.42546379566192627], [1, 1, 0.4102659225463867], [1, 5, 0.3854930102825165]]",True,1,"[[1, 1, [""shall issue""]], [1, 8, [""shall submit""]]]",0.06519418704030545,1,"[[0, 0, 0.10755831470967442], [1, 8, 0.05475385546589109], [1, 7, 0.03327039094535088]]",12.333333333333334,1,"[[0, 0, 37.0], [1, 7, 0.0], [1, 8, 0.0]]",20,0.13095238095238093,1,True,0.006903838366270065,5,1,0.006903838366270065,5,1
176,4196,executive_order,"March 20, 2025","March 24, 1951",0.5149310827255249,16,0.5274017453193665,3,"[[0, 1, 0.5580969452857971], [0, 0, 0.49682125449180603], [1, 1, 0.49659186601638794]]",False,2,[],0.03185965387716611,5,"[[0, 1, 0.05929056531956569], [0, 0, 0.021109953972274442], [1, 1, 0.015178442339658198]]",0.0,3,"[[0, 1, 0.0], [1, 0, 0.0], [1, 1, 0.0]]",20,0.12695652173913044,2,True,0.9782188534736633,1,1,0.9782188534736633,1,1
176,1249,executive_order,"March 20, 2025","October 06, 2000",0.5213724970817566,14,0.4983651787042618,7,"[[0, 22, 0.5856152176856995], [1, 16, 0.5656803250312805], [1, 15, 0.5576782822608948], [1, 2, 0.4875832200050354], [0, 10, 0.4773058295249939], [0, 0, 0.4640684127807617], [1, 3, 0.4621785879135132], [1, 21, 0.44390392303466797], [0, 6, 0.4373990297317505], [1, 18, 0.4310181736946106], [1, 7, 0.4266622066497803], [1, 1, 0.42299631237983704], [1, 12, 0.4227578639984131], [1, 4, 0.4046408534049988], [0, 19, 0.4018861651420593], [1, 14, 0.3960419297218323], [1, 17, 0.39111971855163574], [1, 9, 0.389428973197937], [1, 23, 0.3674549162387848], [0, 13, 0.34763628244400024], [1, 8, 0.33760005235671997], [1, 11, 0.33200234174728394], [1, 5, 0.3171308636665344], [1, 20, 0.23619188368320465]]",True,1,"[[0, 23, [""be carried out""]], [1, 2, [""shall designate""]]]",0.039234574372381405,3,"[[1, 16, 0.04940012808835273], [1, 15, 0.04745382715308419], [0, 22, 0.02084976787570731]]",0.0,3,"[[1, 21, 0.0], [1, 22, 0.0], [1, 23, 0.0]]",20,0.12399355877616747,3,True,0.002981032943353057,6,1,0.002981032943353057,6,1
176,1639,executive_order,"March 20, 2025","October 31, 1991",0.5704193711280823,4,0.5002250671386719,6,"[[0, 0, 0.5269182920455933], [1, 5, 0.5234346389770508], [0, 8, 0.5166763067245483], [1, 1, 0.5111286044120789], [1, 7, 0.4834875166416168], [1, 6, 0.4513985216617584], [0, 3, 0.44995763897895813], [1, 2, 0.4485275447368622], [1, 4, 0.36593371629714966]]",True,1,"[[1, 5, [""shall designate""]], [1, 7, [""shall designate""]]]",0.020947838558983023,6,"[[1, 5, 0.0375762523790999], [0, 8, 0.01322762757071149], [1, 1, 0.012039635727137676]]",0.0,3,"[[1, 6, 0.0], [1, 7, 0.0], [1, 8, 0.0]]",20,0.12040133779264214,4,True,0.0009473090176470578,8,1,0.0009473090176470578,8,1
176,638,executive_order,"March 20, 2025","March 13, 2017",0.5370706915855408,9,0.5157746225595474,4,"[[1, 1, 0.5351353883743286], [0, 1, 0.5284452438354492], [0, 0, 0.49402084946632385], [1, 2, 0.47012054920196533]]",True,1,"[[1, 1, [""shall submit""]]]",0.015901164181495783,9,"[[1, 2, 0.020562903795415078], [1, 1, 0.01799722838413378], [0, 1, 0.009143360364938494]]",0.0,3,"[[1, 0, 0.0], [1, 1, 0.0], [1, 2, 0.0]]",20,0.11962768615692154,5,True,0.009412589482963085,4,1,0.009412589482963085,4,1
176,202,executive_order,"March 20, 2025","February 19, 2025",0.5125996470451355,20,0.48486170172691345,11,"[[1, 4, 0.517915666103363], [1, 1, 0.48688891530036926], [0, 0, 0.48284009099006653], [1, 3, 0.4464472234249115], [1, 2, 0.4126357138156891]]",False,2,[],0.03521743174270802,4,"[[1, 4, 0.039906726605814374], [1, 3, 0.03308365764968064], [1, 1, 0.032661910972629056]]",6.666666666666667,2,"[[1, 1, 10.0], [1, 3, 10.0], [1, 4, 0.0]]",20,0.11937927663734116,6,True,0.0005484791472554207,9,1,0.0005484791472554207,9,1
176,2067,executive_order,"March 20, 2025","March 17, 1982",0.643839955329895,1,0.6017484068870544,1,"[[0, 0, 0.6391646862030029], [0, 2, 0.6320545673370361], [0, 3, 0.6203333735466003], [1, 3, 0.5512614250183105], [0, 1, 0.541582465171814]]",False,2,[],0.006025263356717059,19,"[[0, 2, 0.009556508918576085], [0, 3, 0.005776721082517406], [1, 2, 0.002742560069057686]]",0.0,3,"[[1, 1, 0.0], [1, 2, 0.0], [1, 3, 0.0]]",20,0.11673833412963847,7,True,0.011244560591876507,3,1,0.011244560591876507,3,1
176,1488,executive_order,"March 20, 2025","October 13, 1994",0.6143053770065308,2,0.5756430327892303,2,"[[0, 1, 0.6076681613922119], [0, 0, 0.5792289972305298], [1, 1, 0.5080068111419678]]",False,2,[],0.007036343777466563,17,"[[0, 1, 0.010595309419640623], [1, 1, 0.008611264866178832], [1, 0, 0.0019024570465802334]]",0.0,3,"[[0, 1, 0.0], [1, 0, 0.0], [1, 1, 0.0]]",20,0.1159598333511377,8,True,0.034100428223609924,2,1,0.034100428223609924,2,1
176,726,executive_order,"March 20, 2025","March 19, 2015",0.51082444190979,22,0.4341382831335068,22,"[[1, 3, 0.4678017497062683], [0, 1, 0.4537699222564697], [0, 2, 0.4378994405269623], [0, 0, 0.3967801630496979], [1, 5, 0.3520158529281616], [0, 4, 0.33667707443237305]]",True,1,"[[1, 3, [""shall designate""]]]",0.04597975490165148,2,"[[1, 3, 0.05177350833135812], [1, 1, 0.0494993291790851], [1, 2, 0.036666427194511214]]",0.0,3,"[[1, 3, 0.0], [1, 4, 0.0], [1, 5, 0.0]]",20,0.11274233013363448,9,True,0.0025574854807928205,7,3,0.0025569372228346765,7,3
176,183,executive_order,"March 20, 2025","March 14, 2025",0.5520482659339905,6,0.4720463156700134,14,"[[0, 0, 0.519885778427124], [1, 0, 0.43741968274116516], [1, 1, 0.4109940528869629]]",False,2,[],0.018289295632565008,7,"[[1, 1, 0.037942740719402505], [0, 1, 0.012813176107657804], [1, 0, 0.004111970070634722]]",0.0,3,"[[0, 1, 0.0], [1, 0, 0.0], [1, 1, 0.0]]",20,0.10992706261248461,10,True,0.0003327412996441126,10,1,0.0003327412996441126,10,1
177,1519,executive_order,"March 20, 2025","February 22, 1994",0.5003329515457153,22,0.5332060754299164,5,"[[1, 16, 0.6234986782073975], [0, 16, 0.5794013142585754], [1, 7, 0.5564171075820923], [2, 11, 0.5529194474220276], [1, 2, 0.5174890160560608], [2, 8, 0.5139204263687134], [2, 6, 0.5055773854255676], [1, 3, 0.49645981192588806], [2, 12, 0.49517908692359924], [2, 9, 0.4847905933856964], [1, 0, 0.47730737924575806], [2, 10, 0.4755324721336365], [2, 14, 0.470724880695343], [1, 4, 0.4452093243598938], [2, 5, 0.44257694482803345], [2, 15, 0.43096405267715454], [2, 1, 0.3579106330871582], [2, 13, 0.33288633823394775]]",True,1,"[[0, 0, [""hereby order""]], [2, 10, [""shall ensure""]]]",0.0724948323228725,1,"[[0, 3, 0.08280512141289799], [0, 0, 0.07125163350011496], [0, 16, 0.06342774205560452]]",0.0,2,"[[2, 14, 0.0], [2, 15, 0.0], [2, 16, 0.0]]",20,0.13307359307359307,1,True,0.01542455144226551,4,1,0.01542455144226551,4,1
177,228,executive_order,"March 20, 2025","January 29, 2025",0.6085968017578125,2,0.5267429649829865,6,"[[2, 1, 0.5634592175483704], [0, 1, 0.5434125661849976], [1, 1, 0.5229173898696899], [2, 5, 0.5220068693161011], [0, 0, 0.5202188491821289], [1, 6, 0.5114277601242065], [1, 2, 0.4960135817527771], [2, 4, 0.48152315616607666], [0, 3, 0.4769105911254883]]",True,1,"[[0, 0, [""hereby order""]]]",0.050857140872915985,5,"[[0, 0, 0.0786354646094508], [1, 1, 0.0433636680998889], [2, 1, 0.030572289909408273]]",6.0,1,"[[0, 0, 18.0], [2, 4, 0.0], [2, 5, 0.0]]",20,0.1260805860805861,2,True,0.03760863468050957,3,1,0.03760863468050957,3,1
177,1690,executive_order,"March 20, 2025","September 24, 1990",0.49932795763015747,23,0.5210087299346924,10,"[[1, 5, 0.6066838502883911], [2, 5, 0.5291433334350586], [0, 5, 0.5115141272544861], [1, 6, 0.5093382596969604], [1, 8, 0.505882740020752], [2, 7, 0.5035778880119324], [1, 4, 0.49885451793670654], [1, 2, 0.48525503277778625], [1, 0, 0.4803459048271179], [1, 3, 0.47201818227767944], [2, 1, 0.37417715787887573]]",True,1,"[[0, 0, [""hereby order""]]]",0.06216660396236403,2,"[[0, 0, 0.07424655179652893], [0, 4, 0.05824104308452271], [0, 3, 0.05401221700604044]]",0.0,2,"[[2, 6, 0.0], [2, 7, 0.0], [2, 8, 0.0]]",20,0.12424242424242424,3,True,0.0030994152184575796,6,1,0.0030994152184575796,6,1
177,1323,executive_order,"March 20, 2025","August 06, 1998",0.5625297427177429,6,0.522924616932869,9,"[[2, 7, 0.6067399978637695], [1, 18, 0.567238986492157], [0, 7, 0.5588661432266235], [1, 0, 0.5469654202461243], [1, 5, 0.5264270901679993], [2, 16, 0.5166394710540771], [2, 13, 0.5158652067184448], [2, 15, 0.5047973990440369], [1, 4, 0.49794885516166687], [1, 9, 0.4924478232860565], [1, 10, 0.4895009994506836], [1, 12, 0.4782029986381531], [1, 11, 0.46786367893218994], [1, 3, 0.4525967240333557], [1, 14, 0.43049079179763794], [1, 17, 0.4210440516471863], [2, 8, 0.40342673659324646], [1, 1, 0.35725152492523193], [2, 2, 0.3292351961135864], [1, 6, 0.2917672097682953]]",True,1,"[[0, 0, [""hereby order""]]]",0.058441988609992244,3,"[[0, 18, 0.07086017583625254], [0, 3, 0.055428628615561436], [0, 8, 0.04903716137816275]]",0.0,2,"[[2, 16, 0.0], [2, 17, 0.0], [2, 18, 0.0]]",20,0.12341556494480033,4,True,0.0001541633391752839,10,1,0.0001541633391752839,10,1
177,627,executive_order,"March 20, 2025","April 26, 2017",0.5940009355545044,3,0.55219566822052,1,"[[2, 1, 0.5651367902755737], [1, 0, 0.5525127649307251], [0, 0, 0.519050121307373]]",True,1,"[[0, 0, [""hereby order""]]]",0.010871706231203317,17,"[[1, 1, 0.01408477278788302], [0, 1, 0.012460357642867717], [2, 1, 0.006069988262859217]]",0.0,2,"[[1, 1, 0.0], [2, 0, 0.0], [2, 1, 0.0]]",20,0.1201006201006201,5,True,0.0026730059180408716,7,1,0.0026730059180408716,7,1
177,210,executive_order,"March 20, 2025","February 10, 2025",0.5623799562454224,7,0.5344893038272858,4,"[[0, 0, 0.5587943196296692], [2, 1, 0.5351097583770752], [0, 2, 0.5109360218048096], [1, 1, 0.5081916451454163]]",True,1,"[[0, 0, [""hereby order""]]]",0.02700214946274428,11,"[[1, 1, 0.06922365622255301], [0, 0, 0.009503347601148043], [1, 0, 0.0022794445645317905]]",0.0,2,"[[2, 0, 0.0], [2, 1, 0.0], [2, 2, 0.0]]",20,0.11937927663734116,6,True,0.04569203406572342,2,1,0.04569203406572342,2,1
177,206,executive_order,"March 20, 2025","February 14, 2025",0.5141551494598389,15,0.5426288545131683,2,"[[2, 1, 0.5746327638626099], [0, 1, 0.573428750038147], [1, 1, 0.548280656337738], [0, 0, 0.46498793363571167]]",True,1,"[[0, 0, [""hereby order""]]]",0.008844107203920626,20,"[[1, 1, 0.012244173120218874], [1, 0, 0.008166031852102582], [0, 0, 0.006122116639440425]]",0.0,2,"[[1, 1, 0.0], [2, 0, 0.0], [2, 1, 0.0]]",20,0.1159090909090909,7,True,0.009412589482963085,5,1,0.009485714137554169,5,1
177,3235,executive_order,"March 20, 2025","October 16, 1964",0.5843774676322937,5,0.5366427600383759,3,"[[1, 1, 0.5704686641693115], [2, 2, 0.5510917901992798], [0, 2, 0.544577956199646], [1, 0, 0.477995902299881], [0, 3, 0.47206801176071167]]",True,1,"[[0, 0, [""hereby order""]]]",0.009685042948216559,18,"[[0, 3, 0.016812777166874876], [1, 3, 0.006276584625260298], [0, 0, 0.005965767052514505]]",0.0,2,"[[2, 1, 0.0], [2, 2, 0.0], [2, 3, 0.0]]",20,0.11524859579779488,8,True,0.9626730680465698,1,1,0.9626730680465698,1,1
177,1083,executive_order,"March 20, 2025","April 30, 2004",0.5065234899520874,19,0.5028270184993744,13,"[[2, 8, 0.561408281326294], [1, 7, 0.5275231599807739], [2, 0, 0.5048254132270813], [1, 6, 0.5005503296852112], [0, 7, 0.4958597719669342], [1, 3, 0.49301642179489136], [1, 5, 0.4865800142288208], [1, 2, 0.45681846141815186], [1, 1, 0.44543322920799255], [1, 4, 0.32035744190216064]]",True,1,"[[0, 0, [""hereby order""]]]",0.046903645388706595,6,"[[0, 7, 0.06659925501350164], [1, 3, 0.03712956300654699], [1, 7, 0.03698211814607115]]",0.0,2,"[[2, 6, 0.0], [2, 7, 0.0], [2, 8, 0.0]]",20,0.11421911421911422,9,True,0.00047285447362810373,9,1,0.00047285447362810373,9,1
177,1189,executive_order,"March 20, 2025","October 12, 2001",0.49744752049446106,25,0.49117039144039154,18,"[[2, 9, 0.568727970123291], [1, 3, 0.5261640548706055], [2, 7, 0.5174360275268555], [2, 8, 0.510164737701416], [1, 12, 0.5070446729660034], [0, 9, 0.4885193705558777], [1, 6, 0.48340025544166565], [1, 2, 0.47272080183029175], [1, 5, 0.46895796060562134], [1, 11, 0.4619831442832947], [2, 0, 0.42888516187667847], [1, 4, 0.33310991525650024], [2, 1, 0.3239191472530365], [1, 10, 0.30646589398384094]]",True,1,"[[0, 0, [""hereby order""]]]",0.05769726891076462,4,"[[0, 9, 0.07366584965421888], [1, 9, 0.05214444396066742], [0, 3, 0.04728151311740757]]",0.0,2,"[[2, 10, 0.0], [2, 11, 0.0], [2, 12, 0.0]]",20,0.11343700159489634,10,True,0.0009697519126348197,8,1,0.0009697519126348197,8,1
183,202,executive_order,"March 14, 2025","February 19, 2025",0.8152294158935547,1,0.6908265650272369,1,"[[1, 1, 0.7539669275283813], [0, 0, 0.7465460300445557], [0, 4, 0.6041245460510254], [0, 3, 0.5569971203804016], [0, 2, 0.49534887075424194]]",True,1,"[[0, 0, [""hereby order""]], [1, 1, [""shall submit a report""]]]",0.3254605186653314,1,"[[1, 1, 0.5146947568783306], [0, 0, 0.44129040825562593], [1, 0, 0.020396390862037678]]",60.333333333333336,1,"[[1, 1, 110.0], [0, 0, 71.0], [1, 3, 0.0]]",20,0.14285714285714285,1,True,0.9968273043632507,1,1,0.9968273043632507,1,1
183,638,executive_order,"March 14, 2025","March 13, 2017",0.6318854093551636,2,0.5716034471988678,2,"[[0, 0, 0.629653811454773], [0, 1, 0.5769211053848267], [1, 1, 0.5199313163757324], [1, 2, 0.4986681044101715]]",True,1,"[[0, 0, [""hereby order""]]]",0.03091047442909868,5,"[[1, 2, 0.04760835209780811], [1, 1, 0.02780305792217213], [0, 2, 0.0173200132673158]]",3.6666666666666665,2,"[[1, 1, 11.0], [1, 0, 0.0], [1, 2, 0.0]]",20,0.13090909090909092,2,True,0.6352224349975586,3,1,0.6352224349975586,3,1
183,209,executive_order,"March 14, 2025","February 11, 2025",0.5778642892837524,5,0.5670754015445709,3,"[[1, 4, 0.6828757524490356], [0, 4, 0.5554403066635132], [0, 0, 0.5495277047157288], [0, 3, 0.5432517528533936], [0, 5, 0.5020149946212769], [0, 1, 0.4887051582336426], [1, 2, 0.32358136773109436]]",True,1,"[[0, 0, [""hereby order""]], [1, 5, [""shall submit a report""]]]",0.032692149087898005,4,"[[1, 4, 0.048625772096218586], [1, 5, 0.024881316950380476], [1, 3, 0.024569358217094966]]",3.3333333333333335,3,"[[1, 4, 10.0], [1, 3, 0.0], [1, 5, 0.0]]",20,0.1286231884057971,3,True,0.7490872144699097,2,1,0.7490872144699097,2,1
183,1580,executive_order,"March 14, 2025","February 10, 1993",0.5493841171264648,13,0.5586781203746796,5,"[[1, 1, 0.6174890995025635], [1, 3, 0.5423023700714111], [0, 3, 0.5370639562606812], [0, 0, 0.5233883857727051], [1, 2, 0.4771389067173004]]",True,1,"[[0, 0, [""hereby order""]]]",0.03699325673792978,3,"[[1, 3, 0.04413127994620617], [1, 1, 0.043580111931975835], [1, 2, 0.02326837833560736]]",3.3333333333333335,3,"[[1, 1, 10.0], [1, 2, 0.0], [1, 3, 0.0]]",20,0.12695652173913044,4,True,0.014063626527786255,7,1,0.014063626527786255,7,1
183,923,executive_order,"March 14, 2025","January 30, 2009",0.5433245301246643,17,0.5469182431697845,6,"[[0, 0, 0.5579569339752197], [1, 0, 0.513802170753479]]",True,1,"[[0, 0, [""hereby order""]]]",0.02775791208377121,6,"[[1, 0, 0.04620055462120834], [0, 0, 0.009315269546334083]]",0.0,4,"[[0, 0, 0.0], [1, 0, 0.0]]",20,0.11858974358974358,5,True,0.007232763338834047,8,1,0.007232763338834047,8,1
183,1558,executive_order,"March 14, 2025","September 11, 1993",0.5961650609970093,4,0.565499484539032,4,"[[0, 0, 0.5973899364471436], [0, 1, 0.5428491830825806], [1, 1, 0.5243688821792603]]",True,1,"[[0, 0, [""hereby order""]]]",0.017741178257297777,12,"[[1, 1, 0.04316326934426372], [0, 0, 0.006695691797533725], [0, 1, 0.0033645736300958874]]",0.0,4,"[[0, 1, 0.0], [1, 0, 0.0], [1, 1, 0.0]]",20,0.11458333333333333,6,True,0.028007520362734795,6,1,0.028007520362734795,6,1
183,585,executive_order,"March 14, 2025","May 17, 2018",0.5378443002700806,20,0.48392149806022644,22,"[[1, 4, 0.5639098882675171], [1, 2, 0.4692135751247406], [1, 1, 0.4571826159954071], [1, 8, 0.45266956090927124], [0, 4, 0.4489797353744507], [1, 3, 0.4466954469680786], [1, 5, 0.4431777000427246], [1, 6, 0.44012928009033203], [0, 7, 0.4398209750652313], [0, 0, 0.43978434801101685]]",True,1,"[[0, 0, [""hereby order""]]]",0.038144944139795106,2,"[[1, 1, 0.04152354654477831], [1, 7, 0.0373597610154963], [1, 6, 0.035551524859110714]]",0.0,4,"[[1, 6, 0.0], [1, 7, 0.0], [1, 8, 0.0]]",20,0.11093073593073594,7,True,0.002234362531453371,10,1,0.002234362531453371,10,1
183,429,executive_order,"March 14, 2025","January 20, 2021",0.5270082950592041,23,0.542933315038681,8,"[[0, 2, 0.5740969777107239], [0, 3, 0.5662546157836914], [0, 1, 0.542924702167511], [1, 2, 0.5275586247444153], [0, 0, 0.45687901973724365]]",True,1,"[[0, 0, [""hereby order""]]]",0.020461961107221805,10,"[[1, 2, 0.04034362970402586], [1, 3, 0.011633559188684087], [0, 3, 0.009408694428955477]]",0.0,4,"[[1, 1, 0.0], [1, 2, 0.0], [1, 3, 0.0]]",20,0.11071428571428571,8,True,0.07807815819978714,5,1,0.07807815819978714,5,1
183,544,executive_order,"March 14, 2025","June 14, 2019",0.5446444749832153,15,0.5310053825378418,13,"[[0, 3, 0.5522180199623108], [1, 1, 0.5411787033081055], [1, 2, 0.49929744005203247], [0, 0, 0.46855562925338745]]",True,1,"[[0, 0, [""hereby order""]]]",0.027432780187275782,7,"[[1, 2, 0.04745127585807367], [1, 0, 0.01868089917703339], [0, 0, 0.01616616552672029]]",0.0,4,"[[1, 1, 0.0], [1, 2, 0.0], [1, 3, 0.0]]",20,0.109006734006734,9,True,0.004792316816747189,9,1,0.004792316816747189,9,1
183,210,executive_order,"March 14, 2025","February 10, 2025",0.6170817017555237,3,0.5341769158840179,11,"[[0, 0, 0.599972665309906], [0, 1, 0.5896323919296265], [0, 2, 0.5264021158218384], [1, 1, 0.3927302658557892]]",True,1,"[[0, 0, [""hereby order""]]]",0.02115921027552385,9,"[[1, 1, 0.031010897580327965], [0, 0, 0.027199593407543195], [0, 1, 0.005267139838700389]]",0.0,4,"[[1, 0, 0.0], [1, 1, 0.0], [1, 2, 0.0]]",20,0.10840748980348536,10,True,0.20434190332889557,4,1,0.20434190332889557,4,1
184,264,executive_order,"March 07, 2025","January 20, 2025",0.5537745952606201,2,0.4603591561317444,5,"[[0, 25, 0.52594393491745], [0, 0, 0.5149511098861694], [0, 26, 0.5145186185836792], [0, 23, 0.49547094106674194], [0, 3, 0.4774000942707062], [0, 8, 0.44655150175094604], [0, 1, 0.44601166248321533], [0, 22, 0.4435752034187317], [0, 2, 0.42664724588394165], [0, 4, 0.42485541105270386], [0, 11, 0.4151701331138611], [0, 20, 0.4144812822341919], [0, 5, 0.41163885593414307], [0, 10, 0.4041021466255188], [0, 16, 0.38669201731681824], [0, 28, 0.38026419281959534], [0, 18, 0.3759956359863281], [0, 17, 0.3734130859375], [0, 19, 0.3721490502357483], [0, 27, 0.3700757920742035], [0, 21, 0.3611416220664978], [0, 15, 0.35638266801834106], [0, 13, 0.35406970977783203], [0, 14, 0.3400304317474365], [0, 24, 0.3191564977169037], [0, 12, 0.31735533475875854], [0, 7, 0.27411067485809326], [0, 9, 0.263944536447525], [0, 6, 0.24235700070858002]]",True,1,"[[0, 0, [""hereby order""]]]",0.011693751756087565,1,"[[0, 0, 0.014715689110686644], [0, 27, 0.010806946390170004], [0, 12, 0.009558619767406046]]",0.0,1,"[[0, 26, 0.0], [0, 27, 0.0], [0, 28, 0.0]]",20,0.13523809523809524,1,True,0.034100428223609924,2,1,0.034100428223609924,2,1
184,413,executive_order,"March 07, 2025","January 26, 2021",0.47621166706085205,7,0.4684593081474304,3,"[[0, 0, 0.4684593081474304]]",True,1,"[[0, 0, [""hereby order""]]]",0.005925183142092428,5,"[[0, 0, 0.005925183142092428]]",0.0,1,"[[0, 0, 0.0]]",20,0.13109730848861284,2,True,6.085040877223946e-05,9,1,6.085040877223946e-05,9,1
184,200,executive_order,"March 07, 2025","February 19, 2025",0.6344649791717529,1,0.6256726980209351,1,"[[0, 0, 0.6256726980209351]]",True,1,"[[0, 0, [""hereby order""]]]",0.005486436187999705,8,"[[0, 0, 0.005486436187999705]]",0.0,1,"[[0, 0, 0.0]]",20,0.13095238095238093,3,True,0.018404891714453697,3,1,0.018264278769493103,3,1
184,210,executive_order,"March 07, 2025","February 10, 2025",0.49099498987197876,3,0.47238920629024506,2,"[[0, 0, 0.48532769083976746], [0, 1, 0.45001131296157837], [0, 2, 0.4430132508277893]]",True,1,"[[0, 0, [""hereby order""]]]",0.005693551401087085,7,"[[0, 0, 0.017080654203261256], [0, 1, 0.0], [0, 2, 0.0]]",0.0,1,"[[0, 0, 0.0], [0, 1, 0.0], [0, 2, 0.0]]",20,0.13011063011063012,4,True,0.0001436975144315511,8,1,0.0001436975144315511,8,1
184,245,executive_order,"March 07, 2025","January 21, 2025",0.475938618183136,8,0.4449307918548584,9,"[[0, 0, 0.4726862907409668], [0, 4, 0.44205933809280396], [0, 1, 0.42943423986434937], [0, 2, 0.3798578083515167], [0, 3, 0.36183875799179077]]",True,1,"[[0, 0, [""hereby order""]]]",0.006625183670199287,4,"[[0, 2, 0.006892370946488625], [0, 0, 0.006656943588180206], [0, 3, 0.006326236475929029]]",0.0,1,"[[0, 2, 0.0], [0, 3, 0.0], [0, 4, 0.0]]",20,0.12376847290640394,5,True,0.15713685750961304,1,1,0.15713685750961304,1,1
184,257,executive_order,"March 07, 2025","January 20, 2025",0.4590646028518677,14,0.4674525260925293,4,"[[0, 0, 0.52534019947052], [0, 2, 0.44914621114730835], [0, 1, 0.4342194199562073], [0, 3, 0.3941258192062378], [0, 4, 0.34761542081832886], [0, 5, 0.30694207549095154]]",True,1,"[[0, 0, [""hereby order""]]]",0.004703233214507055,10,"[[0, 0, 0.007436570779362913], [0, 4, 0.004517286551039558], [0, 1, 0.002155842313118694]]",0.0,1,"[[0, 3, 0.0], [0, 4, 0.0], [0, 5, 0.0]]",20,0.12261904761904761,6,True,0.005641908850520849,4,1,0.005641908850520849,4,1
184,341,executive_order,"March 07, 2025","July 19, 2022",0.4457405209541321,25,0.3840557336807251,24,"[[0, 10, 0.4221446216106415], [0, 1, 0.41708630323410034], [0, 5, 0.39843252301216125], [0, 7, 0.39667564630508423], [0, 6, 0.37601321935653687], [0, 15, 0.36990469694137573], [0, 2, 0.36978214979171753], [0, 16, 0.36545923352241516], [0, 4, 0.3587300479412079], [0, 3, 0.3516356945037842], [0, 9, 0.3331606388092041], [0, 11, 0.3273276388645172], [0, 0, 0.2935273349285126], [0, 12, 0.2929971516132355], [0, 8, 0.28463470935821533], [0, 14, 0.2843726873397827], [0, 13, 0.2395518571138382]]",False,2,[],0.008426308883350917,2,"[[0, 14, 0.011961514682056636], [0, 16, 0.007647910529218622], [0, 3, 0.005669501438777493]]",0.0,1,"[[0, 14, 0.0], [0, 15, 0.0], [0, 16, 0.0]]",20,0.1158008658008658,7,True,0.0009181901696138084,5,1,0.0009181901696138084,5,1
184,959,executive_order,"March 07, 2025","February 13, 2008",0.4491459131240845,20,0.39838263392448425,22,"[[0, 1, 0.4428265690803528], [0, 0, 0.4403730034828186], [0, 7, 0.3754710853099823], [0, 3, 0.3472318649291992], [0, 4, 0.3433181643486023], [0, 6, 0.3022764027118683], [0, 5, 0.2991107702255249], [0, 2, 0.2809017598628998]]",False,2,[],0.007911894038086663,3,"[[0, 6, 0.012695516861818992], [0, 7, 0.0066689947286306854], [0, 4, 0.004371170523810315]]",0.0,1,"[[0, 5, 0.0], [0, 6, 0.0], [0, 7, 0.0]]",20,0.11490683229813664,8,True,3.5218417906435207e-05,10,1,3.5218417906435207e-05,10,1
184,1267,executive_order,"March 07, 2025","May 02, 2000",0.46189117431640625,13,0.4265720844268799,12,"[[0, 1, 0.46591031551361084], [0, 0, 0.308557391166687]]",True,1,"[[0, 0, [""hereby order""]]]",0.005068961902729183,9,"[[0, 0, 0.009803203511270986], [0, 1, 0.00033472029418738137]]",0.0,1,"[[0, 0, 0.0], [0, 1, 0.0]]",20,0.11335180623973727,9,True,0.0001699752756394446,7,1,0.0001699752756394446,7,1
184,416,executive_order,"March 07, 2025","January 22, 2021",0.44642555713653564,24,0.4537525027990341,6,"[[0, 0, 0.5009490251541138], [0, 3, 0.4365953207015991], [0, 1, 0.4309009909629822], [0, 2, 0.3785802125930786], [0, 4, 0.36812451481819153], [0, 5, 0.3241856098175049]]",True,1,"[[0, 0, [""hereby order""]]]",0.0027966840631117027,17,"[[0, 0, 0.006668963717161714], [0, 5, 0.0017210884721733947], [0, 4, 0.0]]",0.0,1,"[[0, 3, 0.0], [0, 4, 0.0], [0, 5, 0.0]]",20,0.11310761310761311,10,True,0.00047285447362810373,6,1,0.0004765612829942256,6,1
185,229,executive_order,"March 07, 2025","January 29, 2025",0.5345162749290466,2,0.6438640654087067,1,"[[3, 3, 0.8071074485778809], [4, 4, 0.7300270199775696], [5, 5, 0.7093204259872437], [4, 2, 0.6536942720413208], [1, 2, 0.6436433792114258], [0, 0, 0.62965327501297], [2, 2, 0.6280111074447632], [1, 1, 0.6060305833816528], [5, 6, 0.5953680276870728], [7, 7, 0.5941739678382874], [7, 8, 0.5818525552749634], [6, 6, 0.5676820278167725], [0, 9, 0.33303070068359375]]",True,1,"[[0, 0, [""hereby order""]], [1, 1, [""hereby establish""]], [2, 2, [""shall report""]], [3, 3, [""shall convene""]], [4, 4, [""shall assist""]], [5, 5, [""shall coordinate""]], [5, 6, [""shall coordinate""]], [6, 7, [""shall provide""]], [6, 8, [""shall provide""]], [7, 7, [""shall provide""]], [7, 8, [""shall provide""]]]",0.47381789228882193,1,"[[3, 3, 0.6096422370968044], [4, 4, 0.4582935611425438], [7, 7, 0.35351787862711753]]",41.666666666666664,1,"[[4, 4, 77.0], [7, 7, 27.0], [7, 8, 21.0]]",20,0.14285714285714285,1,True,0.9959927201271057,1,1,0.9959927201271057,1,1
185,735,executive_order,"March 07, 2025","December 18, 2014",0.5019791126251221,5,0.5751425325870514,3,"[[7, 3, 0.6857461929321289], [4, 1, 0.6781740188598633], [6, 3, 0.6051770448684692], [4, 0, 0.5739543437957764], [3, 1, 0.5569648146629333], [1, 1, 0.5506478548049927], [5, 3, 0.4798424243927002], [6, 2, 0.4649677574634552], [2, 1, 0.4525620639324188], [0, 3, 0.3874816596508026]]",True,1,"[[0, 0, [""hereby order""]], [1, 1, [""shall designate""]], [6, 3, [""shall provide""]], [7, 3, [""shall provide""]]]",0.14731900182005506,2,"[[7, 3, 0.20449968799488777], [3, 3, 0.1295700565679275], [1, 1, 0.10788726089734993]]",4.333333333333333,3,"[[7, 3, 13.0], [7, 1, 0.0], [7, 2, 0.0]]",20,0.1324110671936759,2,True,0.29421496391296387,7,1,0.29421496391296387,7,1
185,1015,executive_order,"March 07, 2025","June 07, 2006",0.49824437499046326,6,0.5835728645324707,2,"[[3, 1, 0.7268460988998413], [4, 1, 0.6563192009925842], [4, 0, 0.6299564838409424], [7, 3, 0.5721582174301147], [6, 3, 0.5649945735931396], [6, 2, 0.5594468116760254], [1, 1, 0.526007354259491], [5, 2, 0.47326791286468506], [0, 2, 0.44463908672332764], [2, 1, 0.39611828327178955]]",True,1,"[[1, 2, [""shall designate""]], [3, 1, [""shall convene""]], [6, 3, [""shall provide""]], [7, 3, [""shall provide""]]]",0.1118871269979258,6,"[[3, 1, 0.15782367736707517], [4, 0, 0.08967293757883563], [1, 1, 0.08816476604786662]]",0.0,6,"[[7, 1, 0.0], [7, 2, 0.0], [7, 3, 0.0]]",20,0.12237762237762238,3,True,0.6757646203041077,3,1,0.6757646203041077,3,1
185,1805,executive_order,"March 07, 2025","November 05, 1987",0.4899223744869232,9,0.571105033159256,4,"[[7, 4, 0.7201366424560547], [4, 1, 0.6475300192832947], [4, 0, 0.5927950739860535], [6, 4, 0.588921070098877], [3, 1, 0.5852828025817871], [7, 3, 0.5777170658111572], [1, 1, 0.5737628936767578], [2, 1, 0.4472602307796478], [7, 2, 0.44043222069740295], [5, 4, 0.43209755420684814], [0, 4, 0.37691181898117065]]",True,1,"[[1, 0, [""hereby establish""]], [1, 1, [""shall designate""]], [6, 4, [""shall provide""]], [7, 4, [""shall provide""]]]",0.10718850662916474,7,"[[7, 3, 0.11181729599495112], [7, 4, 0.10505364846538401], [1, 1, 0.10469457542715908]]",3.6666666666666665,5,"[[7, 4, 11.0], [7, 2, 0.0], [7, 3, 0.0]]",20,0.1187037037037037,4,True,0.5039061903953552,4,1,0.498046875,4,1
185,521,executive_order,"March 07, 2025","November 26, 2019",0.472589910030365,19,0.5663740038871765,6,"[[4, 3, 0.7267841100692749], [7, 6, 0.6531904339790344], [7, 5, 0.6158487796783447], [6, 2, 0.583115816116333], [4, 1, 0.5598465204238892], [3, 3, 0.5425252914428711], [6, 4, 0.5307525396347046], [1, 3, 0.5017619132995605], [2, 5, 0.48202502727508545], [5, 5, 0.45406922698020935], [0, 5, 0.4395696222782135], [0, 0, 0.4245363771915436]]",True,1,"[[0, 0, [""hereby order""]], [1, 1, [""hereby establish""]], [1, 3, [""shall designate""]], [5, 4, [""shall coordinate""]], [6, 2, [""shall provide""]], [7, 2, [""shall provide""]]]",0.12250447817143291,4,"[[7, 2, 0.12640006746213295], [3, 5, 0.12208577399276638], [7, 5, 0.11902759305939939]]",0.0,6,"[[7, 4, 0.0], [7, 5, 0.0], [7, 6, 0.0]]",20,0.11858974358974358,5,True,0.8479677438735962,2,1,0.8479677438735962,2,1
185,2059,executive_order,"March 07, 2025","April 23, 1982",0.4743533432483673,16,0.5320427119731903,12,"[[4, 1, 0.6567829251289368], [3, 1, 0.577062726020813], [1, 1, 0.5690110921859741], [4, 0, 0.5252172946929932], [6, 2, 0.5035560131072998], [7, 2, 0.48890382051467896], [2, 1, 0.45507994294166565], [0, 0, 0.3986128866672516], [5, 2, 0.3688574433326721]]",True,1,"[[0, 0, [""hereby order""]], [1, 1, [""shall designate""]]]",0.1299418007575928,3,"[[7, 2, 0.15589967628462545], [1, 1, 0.12980797158490853], [3, 1, 0.10411775440324442]]",4.0,4,"[[7, 2, 12.0], [7, 0, 0.0], [7, 1, 0.0]]",20,0.11639492753623187,6,True,0.09203286468982697,9,1,0.09203286468982697,9,1
185,900,executive_order,"March 07, 2025","November 17, 2009",0.4858536720275879,10,0.569983184337616,5,"[[3, 1, 0.6875608563423157], [4, 1, 0.6419939398765564], [4, 0, 0.6177231073379517], [6, 1, 0.5747842788696289], [6, 4, 0.5746452212333679], [7, 4, 0.567115068435669], [7, 5, 0.5606212615966797], [1, 1, 0.553356409072876], [4, 2, 0.5462549924850464], [6, 3, 0.5310421586036682], [5, 3, 0.5183443427085876], [2, 1, 0.4651111960411072], [0, 4, 0.42100146412849426]]",True,1,"[[1, 0, [""hereby establish""]], [3, 1, [""shall convene""]], [3, 2, [""shall convene""]], [6, 4, [""shall provide""]], [7, 4, [""shall provide""]]]",0.09114225701502242,12,"[[7, 4, 0.1526784602378586], [3, 1, 0.0687513440954482], [1, 1, 0.05199696671176042]]",4.333333333333333,3,"[[7, 4, 13.0], [7, 3, 0.0], [7, 5, 0.0]]",20,0.11472826086956522,7,True,0.3812195658683777,5,1,0.3812195658683777,5,1
185,1980,executive_order,"March 07, 2025","September 08, 1983",0.4833015501499176,11,0.5557580590248108,7,"[[4, 1, 0.6823030710220337], [7, 4, 0.6691626310348511], [6, 4, 0.5873379111289978], [4, 0, 0.5811792612075806], [3, 1, 0.5802505612373352], [1, 1, 0.572260856628418], [6, 2, 0.48096588253974915], [2, 1, 0.46583715081214905], [2, 3, 0.4232081472873688], [0, 0, 0.4009841978549957], [5, 4, 0.3950813412666321]]",True,1,"[[0, 0, [""hereby order""]], [1, 1, [""shall designate""]]]",0.10650102235670839,8,"[[7, 4, 0.14728020087335547], [1, 1, 0.0955683725127094], [3, 1, 0.0766544936840603]]",4.0,4,"[[7, 4, 12.0], [7, 2, 0.0], [7, 3, 0.0]]",20,0.11441798941798942,8,True,0.3328523337841034,6,1,0.3328523337841034,6,1
185,1191,executive_order,"March 07, 2025","October 08, 2001",0.46847838163375854,22,0.47171251475811005,17,"[[7, 17, 0.5539620518684387], [4, 19, 0.5358610153198242], [1, 11, 0.504497230052948], [7, 13, 0.49320629239082336], [2, 25, 0.4909924566745758], [7, 18, 0.4820847511291504], [5, 6, 0.4790096580982208], [2, 24, 0.47592729330062866], [0, 11, 0.4748935103416443], [6, 16, 0.4744725525379181], [3, 13, 0.4731154143810272], [6, 4, 0.4719817042350769], [6, 1, 0.46494901180267334], [6, 2, 0.46320807933807373], [2, 9, 0.462356835603714], [7, 15, 0.4612852931022644], [7, 14, 0.45628127455711365], [6, 8, 0.45529526472091675], [5, 5, 0.4518301486968994], [7, 10, 0.44596657156944275], [0, 0, 0.4405582845211029], [2, 20, 0.4395759105682373], [5, 12, 0.4376859664916992], [7, 22, 0.4237976670265198], [6, 3, 0.4007195234298706], [7, 26, 0.39963895082473755], [5, 7, 0.39632871747016907], [7, 27, 0.3850723206996918], [4, 28, 0.3497350215911865], [7, 23, 0.3355902433395386], [3, 21, 0.275290310382843]]",True,1,"[[4, 24, [""shall assist""]], [4, 25, [""shall assist""]], [5, 5, [""shall coordinate""]], [5, 6, [""shall coordinate""]], [5, 7, [""shall coordinate""]], [5, 8, [""shall coordinate""]], [5, 9, [""shall coordinate""]], [5, 11, [""shall coordinate""]], [5, 12, [""shall coordinate""]], [5, 13, [""shall coordinate""]], [6, 17, [""shall provide""]], [6, 18, [""shall provide""]], [7, 17, [""shall provide""]], [7, 18, [""shall provide""]]]",0.12079948046182166,5,"[[4, 19, 0.15311879053155988], [4, 9, 0.12769172385325406], [4, 10, 0.08158792700065105]]",4.333333333333333,3,"[[7, 18, 13.0], [7, 26, 0.0], [7, 28, 0.0]]",20,0.11050528789659225,9,True,0.0006070755189284682,10,1,0.0006070755189284682,10,1
185,2090,executive_order,"March 07, 2025","October 14, 1981",0.4730132222175598,18,0.5372263789176941,11,"[[4, 0, 0.6175357699394226], [4, 1, 0.5728771090507507], [3, 0, 0.527051568031311], [1, 0, 0.5246569514274597], [6, 1, 0.5054807662963867], [7, 1, 0.48011669516563416], [0, 0, 0.41247040033340454], [5, 1, 0.39513349533081055], [2, 0, 0.3715248703956604]]",True,1,"[[0, 0, [""hereby order""]], [1, 1, [""shall designate""]]]",0.09790247837747539,9,"[[7, 1, 0.1512916347003131], [3, 1, 0.07360153051445004], [1, 1, 0.06881426991766298]]",4.0,4,"[[7, 1, 12.0], [6, 1, 0.0], [7, 0, 0.0]]",20,0.10840748980348536,10,True,0.16238002479076385,8,1,0.16238002479076385,8,1
189,352,executive_order,"March 06, 2025","March 09, 2022",0.6165415048599243,1,0.4940580427646637,2,"[[8, 2, 0.547110378742218], [0, 0, 0.5468982458114624], [9, 2, 0.5441202521324158], [7, 2, 0.5182978510856628], [3, 2, 0.5092499852180481], [0, 1, 0.4937954843044281], [4, 2, 0.4666152894496918], [9, 4, 0.46325474977493286], [5, 4, 0.4630885720252991], [2, 4, 0.4500071406364441], [8, 3, 0.4495905637741089], [6, 2, 0.4253241717815399], [1, 2, 0.4091506898403168]]",True,1,"[[0, 0, [""hereby order""]], [1, 4, [""shall establish""]], [3, 2, [""shall submit a report""]], [4, 4, [""shall establish""]], [6, 2, [""shall submit a report""]], [8, 2, [""shall develop""]]]",0.05219654643306179,1,"[[9, 2, 0.06352036791112382], [9, 4, 0.05216002395234841], [8, 4, 0.04090924743571315]]",8.0,2,"[[8, 2, 12.0], [8, 4, 12.0], [9, 3, 0.0]]",20,0.13852813852813853,1,True,0.052354009822010994,1,2,0.052354009822010994,1,2
189,592,executive_order,"March 06, 2025","March 19, 2018",0.4989815950393677,2,0.48009686172008514,3,"[[7, 1, 0.5485895872116089], [5, 3, 0.4911375343799591], [0, 0, 0.4900159239768982], [1, 1, 0.4888758063316345], [4, 1, 0.4846135079860687], [6, 1, 0.47669553756713867], [3, 1, 0.4703252911567688], [2, 3, 0.46378016471862793], [5, 2, 0.4623697102069855], [8, 0, 0.45900771021842957], [9, 3, 0.4575498402118683], [2, 4, 0.3935604989528656]]",True,1,"[[0, 0, [""hereby order""]]]",0.046493707225759955,2,"[[7, 1, 0.062477502082175805], [6, 1, 0.044726503093484554], [3, 1, 0.03227711650161949]]",0.0,6,"[[9, 2, 0.0], [9, 3, 0.0], [9, 4, 0.0]]",20,0.12739434478564915,2,True,0.0010403185151517391,3,1,0.0010403185151517391,3,1
189,276,executive_order,"March 06, 2025","January 16, 2025",0.44534194469451904,5,0.4583791196346283,8,"[[9, 35, 0.5160057544708252], [9, 37, 0.5010051131248474], [9, 26, 0.5005497932434082], [5, 5, 0.5002575516700745], [9, 29, 0.4963935315608978], [9, 34, 0.49599966406822205], [2, 34, 0.4923824369907379], [9, 31, 0.49221867322921753], [9, 27, 0.4915353059768677], [7, 35, 0.48973435163497925], [9, 28, 0.48515447974205017], [9, 15, 0.4815593957901001], [9, 23, 0.47998282313346863], [9, 3, 0.4768005609512329], [9, 36, 0.47268274426460266], [9, 16, 0.4716232419013977], [6, 5, 0.47055473923683167], [9, 17, 0.467326819896698], [9, 10, 0.4603131413459778], [5, 18, 0.4583282768726349], [4, 15, 0.45765745639801025], [5, 4, 0.4566792845726013], [8, 35, 0.456513911485672], [3, 26, 0.45407962799072266], [9, 30, 0.4490719735622406], [2, 25, 0.44714081287384033], [9, 8, 0.44606339931488037], [5, 32, 0.4459029734134674], [5, 21, 0.4405688941478729], [7, 13, 0.4378775358200073], [1, 15, 0.4359844923019409], [9, 6, 0.43563851714134216], [5, 20, 0.43346068263053894], [9, 9, 0.4317660629749298], [0, 31, 0.43129801750183105], [5, 14, 0.4260461628437042], [5, 24, 0.4248833656311035], [7, 12, 0.4203842878341675], [9, 11, 0.4141310453414917], [7, 1, 0.4134509563446045], [9, 22, 0.40737274289131165], [9, 33, 0.3946402370929718], [9, 2, 0.37234872579574585], [9, 7, 0.36509427428245544], [5, 19, 0.3491092324256897], [0, 0, 0.3004645109176636]]",True,1,"[[0, 0, [""hereby order""]], [1, 8, [""shall establish""]], [1, 15, [""shall establish""]], [1, 28, [""shall establish""]], [2, 4, [""shall review""]], [2, 20, [""shall review""]], [2, 25, [""shall review""]], [2, 27, [""shall review""]], [4, 8, [""shall establish""]], [4, 15, [""shall establish""]], [4, 28, [""shall establish""]], [5, 4, [""shall review""]], [5, 20, [""shall review""]], [5, 25, [""shall review""]], [5, 27, [""shall review""]], [8, 6, [""shall develop""]], [8, 9, [""shall develop""]], [8, 13, [""shall develop""]], [8, 14, [""shall develop""]], [8, 18, [""shall develop""]], [8, 35, [""shall develop""]], [8, 36, [""shall develop""]], [9, 5, [""shall provide""]], [9, 7, [""shall provide""]], [9, 17, [""shall provide""]]]",0.03732799847094595,5,"[[2, 27, 0.038262479792031324], [5, 27, 0.03800497213264061], [2, 3, 0.03571654348816591]]",11.0,1,"[[8, 8, 12.0], [8, 19, 11.0], [8, 34, 10.0]]",20,0.12333333333333332,3,True,0.00024538049183320254,9,2,0.00024538049183320254,9,2
189,2134,executive_order,"March 06, 2025","January 19, 1981",0.40520280599594116,24,0.49755987524986267,1,"[[7, 1, 0.543936550617218], [4, 1, 0.5353083610534668], [4, 0, 0.5244128108024597], [3, 1, 0.49347350001335144], [1, 0, 0.49160611629486084], [7, 2, 0.48089104890823364], [9, 1, 0.4793075919151306], [8, 1, 0.4771444797515869], [5, 1, 0.4693286418914795], [0, 1, 0.4470609426498413], [6, 0, 0.42918601632118225], [2, 1, 0.42071110010147095]]",False,2,[],0.02636532093891017,9,"[[7, 0, 0.032250814982932606], [6, 0, 0.027541243990626817], [4, 0, 0.01930390384317109]]",0.0,6,"[[9, 0, 0.0], [9, 1, 0.0], [9, 2, 0.0]]",20,0.12056334470127573,4,True,0.0003288659790996462,8,1,0.0003275842755101621,8,1
189,619,executive_order,"March 06, 2025","May 11, 2017",0.4427885413169861,7,0.4467301517724991,14,"[[6, 7, 0.5772014260292053], [6, 10, 0.5316206812858582], [3, 7, 0.5083543062210083], [6, 1, 0.4857083559036255], [9, 1, 0.4811334013938904], [6, 2, 0.4714709222316742], [3, 5, 0.46351513266563416], [5, 1, 0.462260901927948], [9, 3, 0.45026522874832153], [2, 1, 0.43537500500679016], [7, 2, 0.43340057134628296], [5, 6, 0.42750221490859985], [6, 4, 0.4255445897579193], [5, 8, 0.41170626878738403], [8, 5, 0.40292125940322876], [0, 5, 0.3957864046096802], [7, 0, 0.3926005959510803], [4, 7, 0.389628529548645], [6, 9, 0.3735896944999695], [1, 5, 0.36926913261413574], [6, 11, 0.3644017279148102]]",True,1,"[[0, 0, [""hereby order""]], [9, 1, [""shall provide""]], [9, 4, [""shall provide""]], [9, 5, [""shall provide""]], [9, 9, [""shall provide""]], [9, 11, [""shall provide""]]]",0.03913215205630451,3,"[[9, 10, 0.04332700061641547], [6, 10, 0.03802055326898625], [8, 10, 0.03604890228351182]]",6.666666666666667,3,"[[8, 9, 10.0], [8, 10, 10.0], [9, 11, 0.0]]",20,0.11636828644501279,5,True,0.00035419364576227963,7,1,0.00035419364576227963,7,1
189,1602,executive_order,"March 06, 2025","October 21, 1992",0.420439213514328,14,0.4661572575569153,5,"[[7, 3, 0.5392128825187683], [4, 1, 0.5135647058486938], [5, 1, 0.4968172311782837], [3, 1, 0.49613773822784424], [1, 1, 0.47271567583084106], [6, 3, 0.46984243392944336], [9, 1, 0.46563541889190674], [2, 1, 0.4596105217933655], [8, 1, 0.45606186985969543], [5, 2, 0.4374997913837433], [0, 3, 0.41536933183670044], [0, 0, 0.32499343156814575]]",True,1,"[[0, 0, [""hereby order""]]]",0.02912840940778164,7,"[[6, 1, 0.03205286629512426], [7, 3, 0.029294530075856733], [6, 3, 0.02603783185236393]]",0.0,6,"[[9, 1, 0.0], [9, 2, 0.0], [9, 3, 0.0]]",20,0.1154985754985755,6,True,0.002889581024646759,2,1,0.002889581024646759,2,1
189,560,executive_order,"March 06, 2025","February 11, 2019",0.4251909852027893,11,0.4423908591270447,16,"[[6, 8, 0.5287298560142517], [6, 13, 0.5277746915817261], [3, 13, 0.4998539090156555], [9, 5, 0.4776763319969177], [5, 10, 0.4761517643928528], [2, 10, 0.46890246868133545], [9, 3, 0.4519919157028198], [7, 7, 0.4445256292819977], [9, 14, 0.43983274698257446], [9, 12, 0.4387510418891907], [9, 4, 0.4337444007396698], [8, 7, 0.4276856482028961], [7, 16, 0.4175058603286743], [1, 7, 0.41710010170936584], [0, 7, 0.40656453371047974], [4, 7, 0.3948785960674286], [9, 6, 0.39234742522239685], [7, 1, 0.3896680474281311], [7, 2, 0.38549917936325073], [7, 15, 0.38274747133255005], [0, 0, 0.38209307193756104], [7, 9, 0.38059002161026], [7, 11, 0.3701431155204773]]",True,1,"[[0, 0, [""hereby order""]], [2, 4, [""shall review""]], [2, 12, [""shall review""]], [3, 8, [""shall submit a report""]], [5, 4, [""shall review""]], [5, 12, [""shall review""]], [6, 8, [""shall submit a report""]], [7, 10, [""shall determine""]], [7, 15, [""shall determine""]], [9, 9, [""shall provide""]], [9, 16, [""shall provide""]]]",0.038501754556786276,4,"[[6, 8, 0.044585471053261994], [2, 4, 0.03557962228168923], [5, 4, 0.035340170335407595]]",3.3333333333333335,5,"[[8, 14, 10.0], [9, 14, 0.0], [9, 16, 0.0]]",20,0.10944444444444444,7,True,0.0005484791472554207,6,1,0.0005484791472554207,6,1
189,2141,executive_order,"March 06, 2025","January 19, 1981",0.41258499026298523,19,0.46692022681236267,4,"[[5, 0, 0.4831797480583191], [4, 0, 0.4824921190738678], [7, 1, 0.48089104890823364], [9, 0, 0.4601321518421173], [2, 0, 0.45372259616851807], [1, 0, 0.4528662860393524], [8, 0, 0.45265233516693115], [3, 0, 0.45059049129486084], [0, 0, 0.43359336256980896], [6, 1, 0.3679307699203491]]",True,1,"[[0, 0, [""hereby order""]]]",0.016177117505545537,16,"[[7, 1, 0.018424793451513478], [6, 0, 0.015758342764045117], [6, 1, 0.01434821630107802]]",0.0,6,"[[8, 1, 0.0], [9, 0, 0.0], [9, 1, 0.0]]",20,0.10790598290598291,8,True,0.0007613258785568178,5,1,0.0007613258785568178,5,1
189,458,executive_order,"March 06, 2025","December 07, 2020",0.4177016615867615,16,0.44511744379997253,15,"[[7, 4, 0.5118330717086792], [9, 2, 0.5049651265144348], [2, 2, 0.48372167348861694], [5, 2, 0.4648778438568115], [7, 6, 0.4550793766975403], [6, 4, 0.4429877698421478], [3, 2, 0.4395785629749298], [5, 7, 0.43942612409591675], [1, 7, 0.4276338219642639], [2, 3, 0.413978636264801], [7, 5, 0.41349679231643677], [4, 6, 0.40969017148017883], [0, 0, 0.4061347246170044], [7, 1, 0.40048372745513916], [8, 4, 0.379178524017334]]",True,1,"[[9, 4, [""shall provide""]]]",0.03665946974804822,6,"[[2, 3, 0.038125076522549164], [5, 3, 0.03786849359136502], [9, 3, 0.03398483913023047]]",3.3333333333333335,5,"[[0, 0, 10.0], [9, 5, 0.0], [9, 7, 0.0]]",20,0.10703296703296704,9,True,5.967351535218768e-05,10,1,6.108855450293049e-05,10,1
189,1831,executive_order,"March 06, 2025","March 18, 1987",0.4072585701942444,23,0.4635700136423111,7,"[[7, 1, 0.5260546803474426], [3, 1, 0.48794251680374146], [4, 1, 0.4840645492076874], [1, 1, 0.4789593815803528], [8, 1, 0.46929436922073364], [0, 1, 0.4582422971725464], [6, 1, 0.4422839879989624], [2, 1, 0.43693387508392334], [5, 1, 0.4270360767841339], [9, 1, 0.4243827164173126], [8, 0, 0.40118640661239624]]",True,1,"[[0, 0, [""hereby order""]]]",0.020098861305803867,12,"[[7, 1, 0.02204408992336222], [6, 1, 0.022020133359111693], [9, 1, 0.01623236063493769]]",0.0,6,"[[8, 1, 0.0], [9, 0, 0.0], [9, 1, 0.0]]",20,0.1067485754985755,10,True,0.0009622125653550029,4,1,0.0009622125653550029,4,1
194,198,executive_order,"March 01, 2025","February 25, 2025",0.5775068998336792,1,0.6486597657203674,1,"[[2, 2, 0.7272623777389526], [3, 3, 0.6710247993469238], [1, 1, 0.6257423162460327], [0, 0, 0.5706095695495605]]",True,1,"[[0, 0, [""hereby order""]], [1, 1, [""shall assess""]], [2, 2, [""shall consult""]], [3, 3, [""shall submit a report""]]]",0.5322143730093388,1,"[[2, 2, 0.653425888736912], [1, 1, 0.48161287078420617], [3, 3, 0.4616043595068981]]",55.0,1,"[[1, 1, 73.0], [3, 3, 52.0], [0, 0, 40.0]]",20,0.14285714285714285,1,True,0.9965435862541199,1,1,0.9965435862541199,1,1
194,385,executive_order,"March 01, 2025","June 09, 2021",0.4544540345668793,15,0.5006037950515747,4,"[[2, 6, 0.619720458984375], [3, 6, 0.5819897651672363], [3, 3, 0.5645643472671509], [2, 5, 0.5330280065536499], [3, 4, 0.49384212493896484], [2, 7, 0.48420989513397217], [0, 6, 0.474315345287323], [1, 6, 0.4660578966140747], [2, 0, 0.41357260942459106], [3, 1, 0.3200697898864746], [2, 2, 0.2964867055416107]]",True,1,"[[0, 1, [""hereby order""]]]",0.06932972709189165,4,"[[2, 3, 0.06987411816616387], [2, 6, 0.0692197719234584], [2, 5, 0.06889529118605267]]",7.333333333333333,2,"[[3, 3, 11.0], [3, 6, 11.0], [3, 5, 0.0]]",20,0.12878787878787878,2,True,2.420550663373433e-05,10,1,2.420550663373433e-05,10,1
194,401,executive_order,"March 01, 2025","February 24, 2021",0.5238378643989563,2,0.5034697651863098,3,"[[2, 1, 0.5899567604064941], [3, 7, 0.5334814190864563], [1, 5, 0.5180960297584534], [3, 4, 0.5174633264541626], [3, 2, 0.50782310962677], [3, 10, 0.5069994926452637], [2, 12, 0.5033482313156128], [3, 3, 0.5025715827941895], [3, 6, 0.4869239330291748], [0, 5, 0.4817512631416321], [3, 15, 0.4735334515571594], [3, 9, 0.46551939845085144], [3, 8, 0.4478921890258789], [3, 14, 0.43331024050712585], [1, 11, 0.4294520616531372], [0, 0, 0.3994365930557251], [2, 13, 0.30208250880241394]]",True,1,"[[0, 0, [""hereby order""]], [2, 12, [""shall consult""]], [3, 2, [""shall submit a report""]], [3, 4, [""shall submit a report""]], [3, 6, [""shall submit a report""]], [3, 7, [""shall submit a report""]], [3, 8, [""shall submit a report""]], [3, 9, [""shall submit a report""]], [3, 10, [""shall submit a report""]]]",0.06826351620551063,5,"[[2, 7, 0.0756584672652375], [2, 9, 0.06557173186566874], [2, 8, 0.06356034948562567]]",0.0,5,"[[3, 13, 0.0], [3, 14, 0.0], [3, 15, 0.0]]",20,0.12347826086956522,3,True,0.005099818110466003,2,1,0.005099818110466003,2,1
194,546,executive_order,"March 01, 2025","May 15, 2019",0.45836007595062256,14,0.4959010034799576,5,"[[2, 5, 0.5957010388374329], [3, 5, 0.584692656993866], [2, 3, 0.5438339114189148], [1, 5, 0.4764488637447357], [2, 4, 0.4513147473335266], [0, 5, 0.43920740485191345], [2, 1, 0.4236302077770233], [3, 0, 0.3979189693927765], [3, 2, 0.3943382799625397]]",True,1,"[[0, 1, [""hereby order""]], [1, 5, [""shall assess""]]]",0.03184411607817921,8,"[[2, 1, 0.03927304198150502], [2, 5, 0.030444817481982214], [2, 2, 0.0258144887710504]]",0.0,5,"[[3, 3, 0.0], [3, 4, 0.0], [3, 5, 0.0]]",20,0.11571428571428571,4,True,2.637760917423293e-05,9,1,2.6897843781625852e-05,9,1
194,314,executive_order,"March 01, 2025","August 09, 2023",0.4433900713920593,22,0.4628719389438629,13,"[[2, 4, 0.5480162501335144], [3, 4, 0.5409473180770874], [2, 2, 0.5149959325790405], [2, 3, 0.49379754066467285], [0, 4, 0.4599674344062805], [2, 5, 0.45568859577178955], [2, 7, 0.4367160201072693], [1, 4, 0.4282296895980835], [2, 1, 0.40910106897354126], [3, 0, 0.4060309827327728], [2, 6, 0.319774329662323], [2, 8, 0.29896271228790283]]",True,1,"[[1, 3, [""shall assess""]]]",0.08731206871902664,3,"[[2, 2, 0.09384474410936988], [2, 1, 0.08781912634915609], [2, 3, 0.08027233569855396]]",0.0,5,"[[3, 6, 0.0], [3, 7, 0.0], [3, 8, 0.0]]",20,0.11378129117259553,5,True,7.368592923739925e-05,7,1,7.368592923739925e-05,7,1
194,816,executive_order,"March 01, 2025","March 16, 2012",0.43490070104599,25,0.4649753272533417,11,"[[2, 1, 0.5376651883125305], [3, 14, 0.5159093141555786], [2, 5, 0.5021435022354126], [2, 13, 0.47626763582229614], [2, 3, 0.4703648090362549], [2, 10, 0.4655607044696808], [2, 4, 0.45559293031692505], [1, 1, 0.4473300576210022], [1, 0, 0.44239625334739685], [0, 0, 0.4399821162223816], [2, 6, 0.43934470415115356], [2, 12, 0.43421536684036255], [2, 9, 0.4330352544784546], [2, 2, 0.41985371708869934], [2, 7, 0.3983978033065796], [2, 15, 0.3927196264266968], [2, 8, 0.39142918586730957], [2, 11, 0.34076812863349915]]",True,1,"[[0, 0, [""hereby order""]], [2, 3, [""shall consult""]]]",0.05112427150173895,6,"[[2, 14, 0.06916191028915875], [2, 13, 0.04400316532023468], [2, 12, 0.04020773889582342]]",3.3333333333333335,4,"[[2, 12, 10.0], [3, 13, 0.0], [3, 15, 0.0]]",20,0.11238626964433415,6,True,0.0019650248577818274,5,2,0.0019650248577818274,5,2
194,1500,executive_order,"March 01, 2025","June 03, 1994",0.4453738331794739,20,0.44427305459976196,21,"[[2, 12, 0.5264583826065063], [2, 18, 0.5097295045852661], [2, 1, 0.48997849225997925], [2, 27, 0.48380741477012634], [3, 18, 0.48003408312797546], [2, 19, 0.47940000891685486], [2, 26, 0.47176554799079895], [0, 12, 0.46941572427749634], [2, 10, 0.46499472856521606], [2, 2, 0.45780476927757263], [1, 24, 0.4506048858165741], [0, 0, 0.4456001818180084], [3, 11, 0.4398471713066101], [0, 3, 0.42857345938682556], [2, 17, 0.42643797397613525], [2, 4, 0.4259812533855438], [2, 20, 0.41912442445755005], [2, 16, 0.4148852527141571], [2, 15, 0.4142715334892273], [3, 7, 0.39904212951660156], [2, 22, 0.39416033029556274], [2, 9, 0.3849208950996399], [0, 8, 0.38170892000198364], [2, 13, 0.380548894405365], [2, 29, 0.37918710708618164], [2, 28, 0.37697160243988037], [2, 30, 0.37320756912231445], [2, 25, 0.3633245825767517], [2, 23, 0.3571542501449585], [2, 5, 0.3400947153568268], [0, 14, 0.3288976550102234], [2, 21, 0.28258657455444336], [2, 6, 0.27820128202438354], [0, 31, 0.2520991265773773]]",True,1,"[[0, 0, [""hereby order""]], [2, 26, [""shall consult""]], [2, 27, [""shall consult""]]]",0.16633698854890805,2,"[[2, 26, 0.21172606818504666], [2, 25, 0.19700958529859894], [2, 27, 0.09027531216307853]]",0.0,5,"[[3, 29, 0.0], [3, 30, 0.0], [3, 31, 0.0]]",20,0.10984478935698448,7,True,0.002621701976750046,3,2,0.002621701976750046,3,2
194,1689,executive_order,"March 01, 2025","September 30, 1990",0.4623032212257385,13,0.5216440260410309,2,"[[3, 1, 0.5492720603942871], [2, 1, 0.537087082862854], [0, 1, 0.5211009979248047], [1, 1, 0.5090004801750183], [2, 0, 0.4790736734867096]]",True,1,"[[0, 1, [""hereby order""]]]",0.01521231048981765,21,"[[2, 1, 0.019763192684182446], [0, 0, 0.014134989373413969], [1, 1, 0.011738749411856535]]",0.0,5,"[[2, 1, 0.0], [3, 0, 0.0], [3, 1, 0.0]]",20,0.10984478935698448,8,True,0.002099273493513465,4,1,0.002099273493513465,4,1
194,980,executive_order,"March 01, 2025","July 18, 2007",0.4648692011833191,8,0.4930276870727539,6,"[[3, 4, 0.5577147006988525], [2, 3, 0.5314784646034241], [2, 1, 0.5046142935752869], [0, 3, 0.5021265745162964], [2, 0, 0.501534104347229], [1, 3, 0.4544554352760315], [2, 2, 0.27771642804145813]]",True,1,"[[0, 0, [""hereby order""]]]",0.02034893511584542,14,"[[2, 1, 0.044327101820921345], [0, 1, 0.008735401847017064], [3, 4, 0.007984301679597851]]",0.0,5,"[[3, 2, 0.0], [3, 3, 0.0], [3, 4, 0.0]]",20,0.10787330316742082,9,True,3.206682958989404e-05,8,1,3.206682958989404e-05,8,1
194,499,executive_order,"March 01, 2025","May 01, 2020",0.48004114627838135,4,0.46233804523944855,14,"[[0, 0, 0.5196998715400696], [2, 5, 0.5047167539596558], [2, 4, 0.4925116300582886], [3, 0, 0.4530388116836548], [3, 7, 0.4485754072666168], [3, 6, 0.44510191679000854], [1, 0, 0.43081021308898926], [0, 2, 0.4232075810432434], [3, 1, 0.3959062397480011], [3, 3, 0.3511579632759094]]",False,2,[],0.03825832941823469,7,"[[2, 5, 0.04756939144516532], [2, 2, 0.03643178155166381], [2, 4, 0.030773815257874936]]",0.0,5,"[[3, 5, 0.0], [3, 6, 0.0], [3, 7, 0.0]]",20,0.10644880174291939,10,True,8.156225521815941e-05,6,1,8.156225521815941e-05,6,1
195,492,executive_order,"March 01, 2025","June 04, 2020",0.4825090765953064,3,0.567311018705368,1,"[[4, 7, 0.7816846370697021], [4, 8, 0.7242626547813416], [3, 7, 0.6556840538978577], [1, 7, 0.6186856031417847], [2, 7, 0.5977680683135986], [4, 4, 0.5864280462265015], [3, 12, 0.5621606111526489], [3, 3, 0.5331322550773621], [1, 9, 0.5314971208572388], [1, 13, 0.5295788049697876], [4, 6, 0.49524953961372375], [3, 10, 0.4895898103713989], [2, 5, 0.4891485571861267], [1, 14, 0.47121357917785645], [4, 11, 0.46672362089157104], [3, 2, 0.4572694003582001], [1, 15, 0.45035520195961], [2, 16, 0.4475432336330414], [0, 3, 0.436240553855896], [3, 1, 0.41582417488098145], [1, 0, 0.35069960355758667]]",True,1,"[[2, 7, [""shall ensure""]], [2, 8, [""shall ensure""]], [3, 7, [""shall ensure""]], [3, 8, [""shall ensure""]], [4, 7, [""shall ensure""]], [4, 8, [""shall ensure""]]]",0.29407176943520585,1,"[[3, 7, 0.37299368543798306], [4, 8, 0.36199712603343304], [1, 4, 0.1472244968342015]]",66.66666666666667,1,"[[0, 3, 107.0], [0, 2, 71.0], [3, 7, 22.0]]",20,0.14285714285714285,1,True,0.0022153666941449046,4,2,0.0022153666941449046,4,2
195,464,executive_order,"March 01, 2025","October 13, 2020",0.49814891815185547,2,0.47902853786945343,2,"[[3, 2, 0.5414170622825623], [1, 2, 0.5237987041473389], [0, 2, 0.48983660340309143], [0, 0, 0.46982234716415405], [3, 1, 0.46304386854171753], [4, 2, 0.4143136143684387], [2, 2, 0.36378055810928345]]",True,1,"[[0, 0, [""hereby order""]]]",0.04781954772147933,5,"[[0, 1, 0.08029164569985732], [3, 1, 0.053512052963723036], [0, 2, 0.009654944500857632]]",13.333333333333334,4,"[[0, 1, 40.0], [4, 1, 0.0], [4, 2, 0.0]]",20,0.12712121212121213,2,True,0.07978201657533646,2,1,0.07978201657533646,2,1
195,271,executive_order,"March 01, 2025","January 20, 2025",0.44301000237464905,13,0.4531696140766144,9,"[[1, 2, 0.5917377471923828], [0, 7, 0.5169122815132141], [1, 1, 0.5071841478347778], [2, 7, 0.5000281929969788], [1, 5, 0.49979743361473083], [1, 3, 0.49514228105545044], [1, 10, 0.45848238468170166], [1, 9, 0.449982225894928], [1, 14, 0.4436027705669403], [4, 2, 0.4378027021884918], [2, 11, 0.4376378059387207], [4, 25, 0.42614513635635376], [3, 7, 0.42508095502853394], [2, 19, 0.4187479615211487], [3, 28, 0.4129798114299774], [3, 20, 0.4119778275489807], [2, 15, 0.40889930725097656], [2, 16, 0.40304264426231384], [2, 13, 0.40074867010116577], [2, 22, 0.39354366064071655], [1, 12, 0.3916631042957306], [1, 6, 0.3905055522918701], [1, 4, 0.3859388828277588], [2, 17, 0.38273969292640686], [2, 18, 0.382414847612381], [3, 8, 0.3754335045814514], [1, 29, 0.37233060598373413], [4, 27, 0.3589046597480774], [4, 23, 0.3550650179386139], [4, 24, 0.34205448627471924], [2, 21, 0.3375711441040039], [2, 26, 0.306881308555603], [0, 0, 0.3027381896972656]]",True,1,"[[0, 0, [""hereby order""]], [1, 5, [""shall take""]], [2, 10, [""shall ensure""]], [2, 23, [""shall ensure""]], [3, 10, [""shall ensure""]], [3, 23, [""shall ensure""]], [4, 10, [""shall ensure""]], [4, 23, [""shall ensure""]]]",0.12012551501220686,2,"[[1, 1, 0.22579728334996474], [1, 2, 0.07569304511267275], [0, 22, 0.058886216573983116]]",46.666666666666664,2,"[[0, 4, 67.0], [0, 28, 62.0], [1, 1, 11.0]]",20,0.12539184952978055,3,True,0.003092020284384489,3,2,0.003092020284384489,3,2
195,444,executive_order,"March 01, 2025","January 14, 2021",0.45350414514541626,9,0.4732585996389389,3,"[[3, 2, 0.5549401044845581], [0, 2, 0.5202030539512634], [3, 1, 0.5031132102012634], [3, 5, 0.49933508038520813], [1, 2, 0.4835036098957062], [2, 2, 0.45129790902137756], [0, 0, 0.44972342252731323], [4, 5, 0.4344497323036194], [1, 3, 0.4259180426597595], [3, 4, 0.3981077969074249], [1, 6, 0.37233060598373413]]",True,1,"[[0, 0, [""hereby order""]]]",0.05774662324437454,4,"[[0, 2, 0.08822488162000654], [0, 3, 0.050324962481734875], [0, 1, 0.03469002563138217]]",6.666666666666667,6,"[[0, 2, 10.0], [0, 3, 10.0], [4, 6, 0.0]]",20,0.12360646599777034,4,True,0.0005838324432261288,6,1,0.0005792917218059301,6,1
195,239,executive_order,"March 01, 2025","January 24, 2025",0.418571412563324,25,0.4499385803937912,10,"[[1, 6, 0.5362289547920227], [1, 3, 0.494387686252594], [3, 1, 0.49036622047424316], [3, 4, 0.4851175844669342], [4, 4, 0.4748406708240509], [2, 3, 0.47077298164367676], [3, 7, 0.4626436233520508], [2, 5, 0.4344683289527893], [3, 8, 0.420271098613739], [0, 7, 0.41605842113494873], [3, 11, 0.40245819091796875], [4, 9, 0.376096248626709], [4, 2, 0.36977851390838623], [3, 0, 0.3172948956489563], [4, 10, 0.27757349610328674]]",True,1,"[[0, 0, [""hereby order""]], [1, 3, [""shall take""]]]",0.08109821112750193,3,"[[0, 4, 0.09599821768345815], [0, 2, 0.08452883405996929], [0, 7, 0.06276758163907835]]",24.333333333333332,3,"[[0, 0, 52.0], [3, 7, 11.0], [0, 11, 10.0]]",20,0.12028985507246376,5,True,0.0001482583029428497,9,1,0.0001482583029428497,9,1
195,636,executive_order,"March 01, 2025","March 28, 2017",0.4295286536216736,18,0.46373970806598663,6,"[[1, 5, 0.55954909324646], [1, 1, 0.514958381652832], [1, 11, 0.4978635013103485], [1, 3, 0.4764055907726288], [2, 5, 0.4753043055534363], [1, 8, 0.4719666838645935], [2, 6, 0.46590638160705566], [4, 5, 0.46457162499427795], [1, 4, 0.45618924498558044], [4, 2, 0.44913172721862793], [3, 3, 0.4449149966239929], [1, 9, 0.44085606932640076], [3, 10, 0.43349510431289673], [1, 12, 0.41439002752304077], [0, 10, 0.3989759683609009], [1, 7, 0.39511290192604065], [1, 0, 0.388786256313324]]",True,1,"[[0, 0, [""hereby order""]], [1, 10, [""shall take""]], [2, 9, [""shall ensure""]], [3, 9, [""shall ensure""]], [4, 9, [""shall ensure""]]]",0.04683005635321049,6,"[[1, 1, 0.05928838106610684], [0, 3, 0.04314849806130627], [0, 1, 0.03805328993221836]]",7.333333333333333,5,"[[0, 1, 11.0], [0, 3, 11.0], [4, 12, 0.0]]",20,0.11692307692307694,6,True,0.0011879054363816977,5,1,0.0011879054363816977,5,1
195,564,executive_order,"March 01, 2025","December 21, 2018",0.5511535406112671,1,0.4624701291322708,7,"[[0, 4, 0.5385955572128296], [0, 1, 0.4908541440963745], [0, 0, 0.47797760367393494], [1, 4, 0.47692757844924927], [0, 3, 0.47180426120758057], [3, 4, 0.45201873779296875], [0, 2, 0.44080227613449097], [2, 2, 0.3841610848903656], [4, 4, 0.3529643416404724]]",True,1,"[[0, 0, [""hereby order""]]]",0.02022574995267251,12,"[[0, 1, 0.028099452972651883], [0, 2, 0.018509492089776928], [0, 4, 0.014068304795588722]]",13.333333333333334,4,"[[0, 1, 40.0], [4, 2, 0.0], [4, 3, 0.0]]",20,0.10995370370370369,7,True,0.10818894952535629,1,1,0.10818894952535629,1,1
195,612,executive_order,"March 01, 2025","August 15, 2017",0.44475799798965454,12,0.465114951133728,5,"[[3, 14, 0.5223443508148193], [1, 10, 0.5138281583786011], [3, 9, 0.49233072996139526], [1, 8, 0.49057847261428833], [3, 5, 0.4797327220439911], [1, 11, 0.47152355313301086], [1, 16, 0.47085487842559814], [2, 12, 0.46415838599205017], [0, 5, 0.4621551036834717], [1, 13, 0.45953118801116943], [4, 14, 0.45521366596221924], [0, 6, 0.4472302198410034], [3, 3, 0.44347357749938965], [3, 7, 0.44077950716018677], [0, 1, 0.4162721633911133], [3, 4, 0.40250271558761597], [3, 0, 0.3719261884689331], [1, 15, 0.3582592010498047], [2, 2, 0.3484032154083252]]",True,1,"[[0, 0, [""hereby order""]], [3, 16, [""shall coordinate""]]]",0.019904759804884334,13,"[[0, 1, 0.02278625243440805], [0, 15, 0.021569793609057836], [0, 8, 0.015358233371187118]]",6.666666666666667,6,"[[0, 1, 10.0], [0, 8, 10.0], [4, 14, 0.0]]",20,0.10876456876456878,8,True,0.00019997932395199314,8,2,0.00019997932395199314,8,2
195,3507,executive_order,"March 01, 2025","January 18, 1961",0.43094414472579956,17,0.455850288271904,8,"[[3, 1, 0.490842342376709], [3, 0, 0.4718697667121887], [0, 0, 0.4444831311702728], [1, 0, 0.42336514592170715], [4, 1, 0.41709578037261963], [2, 1, 0.37593626976013184]]",False,2,[],0.033774743311925884,8,"[[0, 0, 0.059194346247255974], [0, 1, 0.028680599200243597], [3, 0, 0.013449284488278077]]",3.3333333333333335,7,"[[0, 0, 10.0], [4, 0, 0.0], [4, 1, 0.0]]",20,0.10846560846560846,9,True,0.0005233756965026259,7,1,0.0005233756965026259,7,1
195,2426,executive_order,"March 01, 2025","May 24, 1977",0.4199240505695343,24,0.447865754365921,11,"[[4, 2, 0.4856994152069092], [1, 2, 0.4813072085380554], [3, 1, 0.45827388763427734], [2, 2, 0.43624216318130493], [0, 1, 0.39853841066360474], [1, 0, 0.38718467950820923]]",True,1,"[[0, 0, [""hereby order""]], [2, 2, [""shall ensure""]], [3, 2, [""shall ensure""]], [4, 2, [""shall ensure""]]]",0.04172502835541735,7,"[[3, 2, 0.052072371556500505], [0, 1, 0.040446396595976444], [0, 2, 0.032656316913775095]]",0.0,8,"[[4, 0, 0.0], [4, 1, 0.0], [4, 2, 0.0]]",20,0.10500938726745178,10,True,0.00013186583237256855,10,1,0.00013186583237256855,10,1
197,209,executive_order,"February 26, 2025","February 11, 2025",0.5464718341827393,10,0.5254326462745667,1,"[[3, 4, 0.5781521797180176], [8, 4, 0.5629605650901794], [2, 3, 0.5526895523071289], [0, 0, 0.54242342710495], [8, 5, 0.5322147607803345], [7, 4, 0.5292358994483948], [6, 4, 0.51725172996521], [5, 3, 0.5084097981452942], [4, 2, 0.5048980116844177], [1, 4, 0.4555758833885193], [2, 1, 0.4270823001861572]]",True,1,"[[0, 0, [""hereby order""]], [5, 3, [""shall provide""]], [8, 1, [""shall submit""]], [8, 4, [""shall submit""]]]",0.1519099174049506,1,"[[0, 0, 0.18831588277678876], [3, 2, 0.14740771438874528], [5, 2, 0.12000615504931783]]",21.333333333333332,1,"[[0, 0, 54.0], [8, 4, 10.0], [8, 3, 0.0]]",20,0.14285714285714285,1,True,0.9852713346481323,1,1,0.9852713346481323,1,1
197,2467,executive_order,"February 26, 2025","January 07, 1977",0.5552979111671448,7,0.5022938251495361,3,"[[6, 2, 0.6019096970558167], [6, 7, 0.5752786993980408], [7, 4, 0.5638941526412964], [8, 5, 0.554779052734375], [6, 3, 0.5451157093048096], [8, 1, 0.5103079080581665], [2, 1, 0.4937538802623749], [3, 2, 0.49356788396835327], [8, 6, 0.4888041913509369], [5, 5, 0.4691143333911896], [4, 3, 0.4436987042427063], [1, 8, 0.4401759207248688], [8, 9, 0.4120469093322754], [0, 0, 0.3985864222049713]]",True,1,"[[0, 0, [""hereby order""]], [1, 3, [""shall issue""]], [2, 1, [""shall review""]], [2, 6, [""shall review""]], [2, 7, [""shall review""]], [8, 2, [""shall submit""]], [8, 8, [""shall submit""]]]",0.04853097717665905,2,"[[7, 1, 0.05618555737689139], [6, 1, 0.050536536395040826], [8, 1, 0.03887083775804495]]",3.3333333333333335,4,"[[8, 5, 10.0], [8, 8, 0.0], [8, 9, 0.0]]",20,0.13059947299077734,2,True,0.0011695101857185364,7,1,0.0011695101857185364,7,1
197,899,executive_order,"February 26, 2025","November 20, 2009",0.5655975341796875,5,0.5080357491970062,2,"[[1, 10, 0.5594034790992737], [0, 8, 0.5511326193809509], [0, 0, 0.5435408353805542], [1, 12, 0.5357441306114197], [1, 3, 0.5341296195983887], [2, 8, 0.527431845664978], [3, 11, 0.5260574817657471], [0, 1, 0.5255865454673767], [0, 2, 0.5239272713661194], [1, 7, 0.5222920179367065], [3, 6, 0.5219292640686035], [2, 4, 0.5112674236297607], [8, 6, 0.5107746720314026], [5, 10, 0.500330924987793], [6, 10, 0.49086400866508484], [4, 6, 0.48211613297462463], [1, 9, 0.4769238829612732], [2, 13, 0.4492467939853668], [8, 5, 0.4448944330215454], [1, 14, 0.4413750171661377], [7, 8, 0.39606180787086487]]",True,1,"[[0, 0, [""hereby order""]], [2, 6, [""shall review""]], [5, 3, [""shall provide""]], [8, 5, [""shall submit""]], [8, 10, [""shall submit""]]]",0.036094977947132345,5,"[[8, 13, 0.03798938443289902], [7, 13, 0.037588934587147224], [8, 8, 0.032706614821350795]]",3.3333333333333335,4,"[[8, 0, 10.0], [8, 13, 0.0], [8, 14, 0.0]]",20,0.12712121212121213,3,True,0.004755199886858463,3,1,0.004755199886858463,3,1
197,1092,executive_order,"February 26, 2025","February 04, 2004",0.5830090045928955,2,0.4836118370294571,7,"[[6, 2, 0.5849912762641907], [7, 1, 0.5638376474380493], [6, 6, 0.5595582723617554], [8, 1, 0.5586270689964294], [6, 4, 0.5511519312858582], [3, 5, 0.5084854960441589], [8, 0, 0.5082710385322571], [2, 5, 0.48446130752563477], [4, 6, 0.445156067609787], [3, 9, 0.42975881695747375], [0, 6, 0.4117138385772705], [5, 6, 0.4009036123752594], [6, 7, 0.4008505344390869], [1, 5, 0.3799711763858795], [0, 3, 0.3777080178260803], [4, 8, 0.3674592077732086]]",True,1,"[[0, 0, [""hereby order""]], [2, 5, [""shall review""]], [5, 3, [""shall provide""]], [5, 4, [""shall provide""]], [6, 7, [""shall take""]]]",0.04534507224005174,3,"[[6, 4, 0.055895737448720964], [6, 2, 0.04460077274377505], [8, 2, 0.035538706527659225]]",3.3333333333333335,4,"[[8, 2, 10.0], [8, 8, 0.0], [8, 9, 0.0]]",20,0.12218196457326891,4,True,0.0014895173953846097,5,1,0.0014895173953846097,5,1
197,202,executive_order,"February 26, 2025","February 19, 2025",0.5198734402656555,24,0.5007609724998474,4,"[[2, 1, 0.5690653920173645], [2, 3, 0.5521293878555298], [8, 4, 0.551298201084137], [7, 4, 0.5352637767791748], [3, 1, 0.49713748693466187], [0, 1, 0.48384273052215576], [2, 2, 0.46261662244796753], [2, 0, 0.45562201738357544], [5, 3, 0.4547797441482544], [1, 1, 0.4232540726661682], [4, 4, 0.42117005586624146], [6, 4, 0.4145689606666565]]",True,1,"[[0, 0, [""hereby order""]], [6, 3, [""shall take""]]]",0.028993341091911134,7,"[[7, 4, 0.034103937379409574], [6, 3, 0.02988982983080879], [1, 1, 0.022986256065515027]]",3.6666666666666665,3,"[[8, 1, 11.0], [8, 3, 0.0], [8, 4, 0.0]]",20,0.12218196457326891,5,True,0.0014103584690019488,6,1,0.001367025775834918,6,1
197,585,executive_order,"February 26, 2025","May 17, 2018",0.5212221741676331,22,0.4787970930337906,9,"[[2, 4, 0.5571809411048889], [3, 4, 0.5467137098312378], [3, 2, 0.5249470472335815], [3, 5, 0.5238127708435059], [3, 1, 0.5174675583839417], [4, 3, 0.4987471401691437], [8, 3, 0.4744185209274292], [4, 6, 0.4726284146308899], [0, 7, 0.46900689601898193], [5, 4, 0.4374963641166687], [6, 4, 0.4364476799964905], [1, 1, 0.4329565763473511], [2, 0, 0.4148504436016083], [7, 4, 0.4094613194465637], [1, 8, 0.3772772550582886]]",True,1,"[[0, 0, [""hereby order""]], [1, 6, [""shall issue""]], [2, 2, [""shall review""]], [2, 4, [""shall review""]], [2, 5, [""shall review""]], [5, 7, [""shall provide""]]]",0.041309848993362236,4,"[[7, 2, 0.050550969016298325], [8, 6, 0.03695050763310328], [6, 2, 0.0364280703306851]]",3.3333333333333335,4,"[[8, 1, 10.0], [8, 7, 0.0], [8, 8, 0.0]]",20,0.11781609195402298,6,True,0.00013289992057252675,9,1,0.00013289992057252675,9,1
197,905,executive_order,"February 26, 2025","October 05, 2009",0.5329718589782715,13,0.45845456421375275,14,"[[3, 3, 0.5491545796394348], [3, 8, 0.5282456278800964], [2, 8, 0.5159446001052856], [7, 3, 0.49265801906585693], [2, 1, 0.48630669713020325], [0, 3, 0.4651857614517212], [2, 11, 0.46311089396476746], [8, 15, 0.45989152789115906], [4, 3, 0.4551452398300171], [8, 12, 0.4547964334487915], [2, 2, 0.45337265729904175], [5, 8, 0.4502376914024353], [4, 9, 0.4350728392601013], [6, 3, 0.4341488778591156], [8, 4, 0.4301760196685791], [8, 5, 0.42979520559310913], [1, 8, 0.42597252130508423], [8, 7, 0.42487841844558716], [8, 13, 0.41265830397605896], [2, 10, 0.41173413395881653], [0, 0, 0.40060287714004517], [2, 6, 0.3933892250061035], [4, 14, 0.38475847244262695]]",True,1,"[[0, 0, [""hereby order""]], [1, 10, [""shall issue""]], [1, 12, [""shall issue""]], [2, 8, [""shall review""]], [2, 11, [""shall review""]], [5, 9, [""shall provide""]], [5, 15, [""shall provide""]]]",0.03588485231139044,6,"[[7, 3, 0.04513460227469972], [8, 12, 0.032477136041583046], [3, 3, 0.030042818617888573]]",6.666666666666667,2,"[[8, 0, 10.0], [8, 12, 10.0], [8, 14, 0.0]]",20,0.11332784862196627,7,True,0.0010281255235895514,8,2,0.0010281255235895514,8,2
197,1907,executive_order,"February 26, 2025","April 29, 1985",0.5787296295166016,3,0.484906330704689,6,"[[6, 1, 0.593132495880127], [6, 5, 0.5485063195228577], [6, 4, 0.5404922962188721], [2, 3, 0.5349101424217224], [6, 0, 0.5231453776359558], [8, 4, 0.5011854767799377], [6, 2, 0.5001645088195801], [7, 1, 0.48992520570755005], [0, 3, 0.4680255353450775], [4, 4, 0.4604201912879944], [3, 3, 0.4498518109321594], [5, 1, 0.43689602613449097], [6, 6, 0.4081900417804718], [3, 8, 0.4040432870388031], [1, 1, 0.3739231824874878], [4, 7, 0.3674592077732086]]",True,1,"[[2, 3, [""shall review""]], [3, 5, [""shall conduct""]], [6, 0, [""shall take""]], [6, 6, [""shall take""]]]",0.01902193301268405,16,"[[6, 1, 0.026388975447102003], [6, 2, 0.015942822103420757], [7, 1, 0.014734001487529395]]",0.0,5,"[[8, 6, 0.0], [8, 7, 0.0], [8, 8, 0.0]]",20,0.10623931623931623,8,True,0.0017274586716666818,4,1,0.001661390531808138,4,1
197,2389,executive_order,"February 26, 2025","December 15, 1977",0.5540908575057983,8,0.4800841063261032,8,"[[8, 0, 0.5430765748023987], [7, 0, 0.5110470652580261], [8, 2, 0.5077016353607178], [6, 2, 0.5075554251670837], [8, 1, 0.47584953904151917], [2, 0, 0.46906745433807373], [1, 3, 0.45895713567733765], [3, 1, 0.43285250663757324], [0, 0, 0.43043646216392517], [4, 3, 0.4142429530620575], [5, 3, 0.4067123830318451]]",True,1,"[[0, 0, [""hereby order""]], [2, 1, [""shall review""]], [2, 2, [""shall review""]], [8, 3, [""shall submit""]]]",0.02003474607388886,14,"[[8, 1, 0.024018410311744173], [7, 2, 0.018997962679203027], [6, 2, 0.01708786523071938]]",0.0,5,"[[8, 1, 0.0], [8, 2, 0.0], [8, 3, 0.0]]",20,0.10512605042016807,9,True,0.0065388246439397335,2,1,0.0065388246439397335,2,1
197,522,executive_order,"February 26, 2025","October 31, 2019",0.5284048318862915,17,0.49042442440986633,5,"[[2, 0, 0.5286483764648438], [3, 0, 0.500855565071106], [0, 0, 0.4865350127220154], [4, 0, 0.47720614075660706], [7, 0, 0.45526498556137085], [8, 0, 0.44835689663887024], [1, 0, 0.4399276673793793], [5, 0, 0.399311363697052], [6, 0, 0.3336979150772095]]",False,2,[],0.0031334539824138604,25,"[[0, 0, 0.005011761299324531], [5, 0, 0.00438860064791705], [8, 0, 0.0]]",0.0,5,"[[6, 0, 0.0], [7, 0, 0.0], [8, 0, 0.0]]",20,0.10222222222222223,10,True,5.104190859128721e-05,10,1,5.104190859128721e-05,10,1
198,466,executive_order,"February 25, 2025","September 30, 2020",0.6364158987998962,1,0.5281959176063538,3,"[[3, 3, 0.5974335670471191], [0, 3, 0.5953338146209717], [3, 4, 0.5950869917869568], [0, 0, 0.5909772515296936], [1, 3, 0.5300023555755615], [1, 2, 0.5183216333389282], [2, 0, 0.4898729622364044], [3, 7, 0.476157546043396], [0, 6, 0.4612305164337158], [3, 1, 0.4152079224586487], [3, 5, 0.37143367528915405]]",True,1,"[[3, 3, [""shall submit a report""]], [3, 4, [""shall submit a report""]]]",0.06793356304671411,5,"[[2, 6, 0.09801781514454493], [2, 3, 0.05983146365269339], [3, 3, 0.045951410342904016]]",10.0,2,"[[2, 6, 10.0], [3, 4, 10.0], [3, 5, 10.0]]",20,0.12893280632411067,1,True,0.007577240467071533,4,1,0.007577240467071533,4,1
198,401,executive_order,"February 25, 2025","February 24, 2021",0.5261831283569336,4,0.5277341604232788,4,"[[3, 2, 0.5861950516700745], [2, 1, 0.5779817700386047], [3, 4, 0.5669798254966736], [3, 7, 0.5613459348678589], [3, 5, 0.545798659324646], [3, 15, 0.542184591293335], [3, 3, 0.5307165384292603], [3, 10, 0.5274413824081421], [3, 6, 0.5208860635757446], [1, 5, 0.5174452662467957], [3, 12, 0.5106418132781982], [3, 8, 0.5064593553543091], [0, 12, 0.5000560283660889], [3, 9, 0.4985174536705017], [1, 11, 0.46093422174453735], [3, 14, 0.4500517249107361], [3, 0, 0.42653387784957886], [3, 13, 0.34811297059059143]]",True,1,"[[0, 0, [""hereby order""]], [2, 12, [""shall consult""]], [3, 2, [""shall submit a report""]], [3, 4, [""shall submit a report""]], [3, 6, [""shall submit a report""]], [3, 7, [""shall submit a report""]], [3, 8, [""shall submit a report""]], [3, 9, [""shall submit a report""]], [3, 10, [""shall submit a report""]]]",0.09036476971273964,3,"[[2, 8, 0.10392641536294922], [2, 7, 0.09228314494862237], [2, 9, 0.07488474882664731]]",0.0,6,"[[3, 13, 0.0], [3, 14, 0.0], [3, 15, 0.0]]",20,0.12360646599777034,2,True,0.021287351846694946,2,1,0.021287351846694946,2,1
198,385,executive_order,"February 25, 2025","June 09, 2021",0.44457221031188965,13,0.49751970171928406,8,"[[2, 6, 0.5976390838623047], [3, 6, 0.5925623178482056], [3, 3, 0.5909435749053955], [2, 5, 0.5376839637756348], [0, 6, 0.5039647817611694], [3, 4, 0.4841189384460449], [1, 6, 0.4449148178100586], [2, 7, 0.4441983103752136], [2, 0, 0.41584962606430054], [3, 2, 0.3093738257884979], [3, 1, 0.30234572291374207]]",True,1,"[[0, 1, [""hereby order""]]]",0.09334768106686242,2,"[[2, 3, 0.1011393362961363], [2, 6, 0.090091526425755], [2, 5, 0.08881218047869595]]",0.0,6,"[[3, 5, 0.0], [3, 6, 0.0], [3, 7, 0.0]]",20,0.11963036963036963,3,True,2.556607432779856e-05,10,1,2.556607432779856e-05,10,1
198,314,executive_order,"February 25, 2025","August 09, 2023",0.46203145384788513,9,0.46337565779685974,13,"[[3, 4, 0.549593448638916], [2, 4, 0.5237218737602234], [2, 2, 0.48369187116622925], [3, 3, 0.4800221025943756], [0, 4, 0.4781796336174011], [3, 5, 0.470416396856308], [3, 1, 0.4439757764339447], [3, 7, 0.42016804218292236], [3, 0, 0.4191848039627075], [1, 4, 0.39735251665115356], [3, 6, 0.3521404266357422], [3, 8, 0.33666175603866577]]",True,1,"[[1, 3, [""shall assess""]]]",0.10768425571368212,1,"[[2, 2, 0.13308234241093173], [2, 1, 0.10100574774269461], [2, 3, 0.08896467698742003]]",0.0,6,"[[3, 6, 0.0], [3, 7, 0.0], [3, 8, 0.0]]",20,0.11638361638361638,4,True,9.278282232116908e-05,8,1,9.278282232116908e-05,8,1
198,601,executive_order,"February 25, 2025","December 20, 2017",0.5905469655990601,2,0.5310088098049164,2,"[[3, 1, 0.5817694067955017], [0, 0, 0.5811817646026611], [1, 0, 0.5101714134216309], [2, 0, 0.46358978748321533], [3, 2, 0.4205673635005951]]",True,1,"[[0, 0, [""hereby order""]], [3, 1, [""shall submit a report""]]]",0.036232253459114384,11,"[[2, 0, 0.04371886376896275], [2, 1, 0.03592606500598221], [3, 1, 0.02905183160239819]]",0.0,6,"[[3, 0, 0.0], [3, 1, 0.0], [3, 2, 0.0]]",20,0.11617414843221295,5,True,0.018124720081686974,3,1,0.018124720081686974,3,1
198,499,executive_order,"February 25, 2025","May 01, 2020",0.47664523124694824,5,0.4767295867204666,11,"[[0, 0, 0.5414456725120544], [2, 5, 0.5130946636199951], [3, 7, 0.4857284426689148], [0, 4, 0.4820137321949005], [3, 6, 0.4660869240760803], [0, 2, 0.44819754362106323], [0, 1, 0.4366514980792999], [1, 0, 0.4025011956691742], [3, 3, 0.36891496181488037]]",False,2,[],0.06317737123097728,6,"[[2, 4, 0.06972398769229357], [2, 5, 0.06111894771475407], [2, 2, 0.0586891782858842]]",4.333333333333333,3,"[[2, 4, 13.0], [3, 5, 0.0], [3, 7, 0.0]]",20,0.11419786384723271,6,True,9.68560780165717e-05,6,1,9.68560780165717e-05,6,1
198,546,executive_order,"February 25, 2025","May 15, 2019",0.47419553995132446,7,0.5095940977334976,5,"[[3, 5, 0.636343240737915], [2, 5, 0.5913832783699036], [3, 3, 0.5418518781661987], [0, 5, 0.47072330117225647], [3, 4, 0.4495757222175598], [1, 5, 0.4487127661705017], [0, 1, 0.4423046112060547], [3, 0, 0.42424237728118896], [3, 2, 0.4000673294067383]]",True,1,"[[0, 1, [""hereby order""]], [1, 5, [""shall assess""]]]",0.050049854947345325,8,"[[2, 5, 0.05892552002822808], [2, 1, 0.05516960133244727], [2, 2, 0.03605444348136064]]",0.0,6,"[[3, 3, 0.0], [3, 4, 0.0], [3, 5, 0.0]]",20,0.11417582417582417,7,True,9.647852130001411e-05,7,1,9.647852130001411e-05,7,1
198,4227,executive_order,"February 25, 2025","December 20, 1950",0.4283701181411743,17,0.5531371235847473,1,"[[2, 0, 0.5894985198974609], [3, 0, 0.5458964109420776], [0, 0, 0.5055371522903442], [1, 0, 0.42617088556289673]]",False,2,[],0.010686636797021544,23,"[[2, 0, 0.0236432051734741], [3, 0, 0.005410626695267462], [1, 0, 0.0030060785223230664]]",0.0,6,"[[1, 0, 0.0], [2, 0, 0.0], [3, 0, 0.0]]",20,0.10933640003407445,8,True,0.740174412727356,1,1,0.740174412727356,1,1
198,474,executive_order,"February 25, 2025","August 06, 2020",0.4745163321495056,6,0.4785105139017105,10,"[[3, 8, 0.5564446449279785], [3, 3, 0.5453953146934509], [3, 4, 0.5393286943435669], [3, 5, 0.4903722405433655], [3, 0, 0.4744315445423126], [3, 9, 0.47402095794677734], [0, 4, 0.4732273519039154], [1, 1, 0.44785234332084656], [2, 3, 0.4385642111301422], [3, 7, 0.4289816915988922], [3, 6, 0.42317819595336914], [1, 2, 0.3999830484390259]]",True,1,"[[0, 0, [""hereby order""]], [3, 8, [""shall submit a report""]], [3, 9, [""shall submit a report""]]]",0.022847752431745725,16,"[[2, 6, 0.02567933646605561], [3, 9, 0.023329272648392654], [3, 8, 0.01953464818078891]]",12.333333333333334,1,"[[3, 9, 17.0], [3, 4, 10.0], [3, 5, 10.0]]",20,0.10873015873015873,9,True,0.0018969200318679214,5,1,0.0018969200318679214,5,1
198,460,executive_order,"February 25, 2025","November 12, 2020",0.43259501457214355,16,0.43936046957969666,19,"[[2, 4, 0.5324957370758057], [3, 5, 0.4947558641433716], [0, 4, 0.4458726644515991], [2, 2, 0.41333913803100586], [3, 0, 0.41323721408843994], [1, 4, 0.39018404483795166], [3, 1, 0.34088045358657837], [3, 3, 0.2826545834541321]]",True,1,"[[2, 4, [""shall consult""]]]",0.08471004951494233,4,"[[2, 2, 0.1408632007280622], [2, 5, 0.05672805846774856], [2, 4, 0.05653888934901627]]",0.0,6,"[[3, 3, 0.0], [3, 4, 0.0], [3, 5, 0.0]]",20,0.10576923076923077,10,True,6.377049430739135e-05,9,1,6.377049430739135e-05,9,1
200,899,executive_order,"February 19, 2025","November 20, 2009",0.5254083871841431,3,0.49162158370018005,3,"[[0, 0, 0.568236231803894], [0, 9, 0.520469605922699], [0, 8, 0.4709740877151489], [0, 1, 0.45537763833999634], [0, 7, 0.4494401216506958], [0, 2, 0.4424130916595459], [0, 3, 0.4409828782081604], [0, 14, 0.42186301946640015], [0, 12, 0.40212470293045044], [0, 13, 0.39500313997268677], [0, 10, 0.36574670672416687], [0, 4, 0.3449104428291321], [0, 5, 0.3251824975013733], [0, 11, 0.31649747490882874], [0, 6, 0.305882066488266]]",True,1,"[[0, 0, [""hereby order""]]]",0.021304833793214507,5,"[[0, 0, 0.023510656133646883], [0, 13, 0.020825998234300626], [0, 8, 0.019577847011696015]]",9.666666666666666,1,"[[0, 0, 16.0], [0, 13, 13.0], [0, 14, 0.0]]",20,0.13109730848861284,1,True,0.0014325366355478764,5,1,0.0014325366355478764,5,1
200,264,executive_order,"February 19, 2025","January 20, 2025",0.5968109369277954,1,0.5384766608476639,1,"[[0, 26, 0.6377135515213013], [0, 25, 0.6059352159500122], [0, 23, 0.5582841634750366], [0, 0, 0.5318125486373901], [0, 1, 0.511960506439209], [0, 3, 0.4959529638290405], [0, 2, 0.4833126366138458], [0, 20, 0.4766344726085663], [0, 22, 0.4608272910118103], [0, 18, 0.45999640226364136], [0, 16, 0.45276394486427307], [0, 10, 0.4515659213066101], [0, 11, 0.4503987431526184], [0, 27, 0.4488639831542969], [0, 5, 0.4412023425102234], [0, 19, 0.4385899007320404], [0, 8, 0.43835216760635376], [0, 4, 0.431853711605072], [0, 17, 0.42952483892440796], [0, 13, 0.4272572696208954], [0, 21, 0.4151698052883148], [0, 15, 0.41228264570236206], [0, 28, 0.41002732515335083], [0, 14, 0.4067336320877075], [0, 24, 0.35478267073631287], [0, 12, 0.3248872458934784], [0, 7, 0.28925275802612305], [0, 9, 0.26860806345939636], [0, 6, 0.22340556979179382]]",True,1,"[[0, 0, [""hereby order""]]]",0.024923081951463644,4,"[[0, 27, 0.029005127439864924], [0, 0, 0.023122410026012747], [0, 13, 0.022641708388513263]]",0.0,5,"[[0, 26, 0.0], [0, 27, 0.0], [0, 28, 0.0]]",20,0.12928571428571428,2,True,0.914290726184845,1,1,0.914290726184845,1,1
200,270,executive_order,"February 19, 2025","January 20, 2025",0.4952954649925232,7,0.4468769133090973,13,"[[0, 0, 0.5015082955360413], [0, 6, 0.46550852060317993], [0, 7, 0.45656660199165344], [0, 5, 0.44188639521598816], [0, 4, 0.44071272015571594], [0, 8, 0.3995005786418915], [0, 3, 0.38324683904647827], [0, 9, 0.3688080310821533], [0, 11, 0.33106380701065063], [0, 10, 0.3269263505935669], [0, 1, 0.30359750986099243], [0, 2, 0.28762081265449524]]",True,1,"[[0, 0, [""hereby order""]]]",0.029661800436149587,1,"[[0, 0, 0.03713557999266193], [0, 7, 0.02847166694671047], [0, 4, 0.02337815436907637]]",0.0,5,"[[0, 9, 0.0], [0, 10, 0.0], [0, 11, 0.0]]",20,0.11792207792207793,3,True,0.025371313095092773,2,1,0.025371313095092773,2,1
200,260,executive_order,"February 19, 2025","January 20, 2025",0.47864365577697754,13,0.46247825026512146,8,"[[0, 1, 0.47102534770965576], [0, 0, 0.43683695793151855]]",True,1,"[[0, 0, [""hereby order""]]]",0.020183264744688702,7,"[[0, 0, 0.027887796728845764], [0, 1, 0.01247873276053164]]",0.0,5,"[[0, 0, 0.0], [0, 1, 0.0]]",20,0.11275132275132274,4,True,0.004166256170719862,3,1,0.004166256170719862,3,1
200,631,executive_order,"February 19, 2025","April 18, 2017",0.46406829357147217,22,0.4131213128566742,22,"[[0, 6, 0.48179149627685547], [0, 0, 0.41845759749412537], [0, 5, 0.35402292013168335], [0, 3, 0.32704436779022217], [0, 4, 0.2896616756916046], [0, 1, 0.283624529838562], [0, 2, 0.25655534863471985]]",True,1,"[[0, 0, [""hereby order""]]]",0.025162156564515342,3,"[[0, 4, 0.03034279787658305], [0, 2, 0.02418338568488553], [0, 1, 0.02096028613207745]]",3.6666666666666665,3,"[[0, 4, 11.0], [0, 5, 0.0], [0, 6, 0.0]]",20,0.11076604554865424,5,True,2.4395347281824797e-05,10,1,2.4395347281824797e-05,10,1
200,406,executive_order,"February 19, 2025","February 04, 2021",0.51917564868927,4,0.4310991019010544,18,"[[0, 0, 0.48725348711013794], [0, 1, 0.4629172384738922], [0, 2, 0.425672709941864], [0, 3, 0.3991421163082123], [0, 6, 0.39305394887924194], [0, 10, 0.38228869438171387], [0, 4, 0.37810018658638], [0, 7, 0.3648403286933899], [0, 8, 0.3598792552947998], [0, 5, 0.32543954253196716], [0, 11, 0.3209258019924164], [0, 9, 0.30177608132362366], [0, 12, 0.2729918658733368]]",False,2,[],0.020839387504763218,6,"[[0, 3, 0.025992174299607887], [0, 1, 0.01872367434233406], [0, 8, 0.0178023138723477]]",7.0,2,"[[0, 3, 11.0], [0, 4, 10.0], [0, 10, 0.0]]",20,0.11023187338976813,6,True,0.0012065897462889552,6,1,0.0012065897462889552,6,1
200,1269,executive_order,"February 19, 2025","April 21, 2000",0.4714182913303375,17,0.4995455890893936,2,"[[0, 4, 0.5431138277053833], [0, 1, 0.464714378118515], [0, 3, 0.4577825367450714], [0, 0, 0.4534529149532318], [0, 2, 0.36082297563552856]]",True,1,"[[0, 0, [""hereby order""]]]",0.005699184080116088,21,"[[0, 4, 0.008148846887630665], [0, 3, 0.006148618664481235], [0, 0, 0.0028000866882363657]]",0.0,5,"[[0, 2, 0.0], [0, 3, 0.0], [0, 4, 0.0]]",20,0.10984478935698448,7,True,4.2814375774469227e-05,9,1,4.2814375774469227e-05,9,1
200,400,executive_order,"February 19, 2025","March 07, 2021",0.4797746241092682,12,0.4030440151691437,25,"[[0, 6, 0.44878485798835754], [0, 10, 0.41356441378593445], [0, 9, 0.408483624458313], [0, 1, 0.3877568244934082], [0, 0, 0.3827749192714691], [0, 11, 0.38242676854133606], [0, 5, 0.3781512677669525], [0, 7, 0.346164345741272], [0, 13, 0.3460492491722107], [0, 4, 0.33820992708206177], [0, 3, 0.33529365062713623], [0, 14, 0.3341778516769409], [0, 2, 0.3326055407524109], [0, 12, 0.3059418499469757], [0, 8, 0.21916183829307556]]",True,1,"[[0, 0, [""hereby order""]]]",0.025444811481153934,2,"[[0, 1, 0.03388653906682381], [0, 7, 0.0217120185254251], [0, 6, 0.020735876851212896]]",0.0,5,"[[0, 12, 0.0], [0, 13, 0.0], [0, 14, 0.0]]",20,0.10767676767676768,8,True,0.00035419364576227963,8,1,0.0003583672805689275,8,1
200,409,executive_order,"February 19, 2025","February 02, 2021",0.5073739886283875,5,0.48648807406425476,7,"[[0, 3, 0.5651704668998718], [0, 4, 0.47679054737091064], [0, 6, 0.46650469303131104], [0, 1, 0.449798047542572], [0, 5, 0.41806745529174805], [0, 2, 0.4088129997253418], [0, 0, 0.375108540058136], [0, 9, 0.3379916548728943], [0, 8, 0.2948920428752899], [0, 7, 0.28492051362991333]]",True,1,"[[0, 0, [""hereby order""]]]",0.011558929315827818,13,"[[0, 3, 0.016441953065182723], [0, 5, 0.009487737277857799], [0, 6, 0.008747097604442929]]",0.0,5,"[[0, 7, 0.0], [0, 8, 0.0], [0, 9, 0.0]]",20,0.10734006734006735,9,True,0.0037654137704521418,4,1,0.0037654137704521418,4,1
200,210,executive_order,"February 19, 2025","February 10, 2025",0.5063891410827637,6,0.49093423783779144,4,"[[0, 0, 0.5169254541397095], [0, 1, 0.47495561838150024], [0, 2, 0.4029480218887329]]",True,1,"[[0, 0, [""hereby order""]]]",0.006595062093494544,19,"[[0, 1, 0.01184456550558383], [0, 0, 0.007940620774899803], [0, 2, 0.0]]",0.0,5,"[[0, 0, 0.0], [0, 1, 0.0], [0, 2, 0.0]]",20,0.1073076923076923,10,True,0.00035976935760118067,7,1,0.00035976935760118067,7,1
203,227,executive_order,"February 18, 2025","January 31, 2025",0.5414506196975708,14,0.5056746304035187,16,"[[3, 3, 0.5404004454612732], [1, 2, 0.5387299656867981], [1, 1, 0.5279537439346313], [4, 2, 0.5135470032691956], [2, 2, 0.48879992961883545], [5, 3, 0.46655362844467163], [0, 0, 0.46412134170532227], [6, 3, 0.44268274307250977]]",True,1,"[[0, 0, [""hereby order""]], [3, 1, [""shall provide""]], [3, 3, [""shall provide""]], [6, 1, [""shall provide""]], [6, 3, [""shall provide""]]]",0.053419810689964785,1,"[[6, 3, 0.09784748339927976], [2, 1, 0.04067370065632684], [0, 0, 0.02173824801428774]]",18.333333333333332,1,"[[6, 3, 44.0], [2, 1, 11.0], [6, 1, 0.0]]",20,0.12301587301587301,1,True,0.005730246659368277,7,1,0.005730246659368277,7,1
203,642,executive_order,"February 18, 2025","February 24, 2017",0.6404017806053162,3,0.5205596089363098,8,"[[1, 1, 0.5925184488296509], [3, 1, 0.5399390459060669], [1, 2, 0.538559079170227], [4, 1, 0.5356289148330688], [3, 6, 0.5348926186561584], [5, 1, 0.533521831035614], [3, 5, 0.5327229499816895], [1, 4, 0.5216378569602966], [2, 1, 0.5113158226013184], [0, 0, 0.4980109930038452], [1, 3, 0.4849138855934143], [6, 1, 0.37364354729652405]]",True,1,"[[0, 0, [""hereby order""]], [3, 5, [""shall provide""]], [4, 2, [""shall establish""]], [5, 2, [""shall establish""]], [6, 5, [""shall provide""]]]",0.04048376353505009,3,"[[2, 1, 0.053765527977157106], [0, 0, 0.045685369601624115], [3, 6, 0.022000393026369035]]",3.6666666666666665,3,"[[2, 1, 11.0], [6, 4, 0.0], [6, 5, 0.0]]",20,0.12267080745341614,2,True,0.057918086647987366,2,1,0.057918086647987366,2,1
203,997,executive_order,"February 18, 2025","January 18, 2007",0.6084351539611816,6,0.5545788705348969,3,"[[1, 7, 0.6209404468536377], [3, 6, 0.6063991785049438], [2, 0, 0.5984324812889099], [1, 8, 0.5792964696884155], [4, 4, 0.5745850801467896], [2, 5, 0.563052237033844], [1, 9, 0.5573299527168274], [5, 4, 0.534354031085968], [2, 2, 0.5031147003173828], [1, 1, 0.4886332154273987], [0, 6, 0.47751152515411377], [3, 3, 0.4677015244960785], [6, 9, 0.4602417051792145]]",True,1,"[[0, 0, [""hereby order""]], [3, 7, [""shall provide""]], [3, 9, [""shall provide""]], [6, 7, [""shall provide""]], [6, 9, [""shall provide""]]]",0.03085878230127514,6,"[[2, 0, 0.07355190696107917], [2, 4, 0.010957529252981737], [2, 6, 0.008066910689764504]]",0.0,5,"[[6, 7, 0.0], [6, 8, 0.0], [6, 9, 0.0]]",20,0.12193979933110369,3,True,0.003456409787759185,8,1,0.003456409787759185,8,1
203,923,executive_order,"February 18, 2025","January 30, 2009",0.5774481296539307,8,0.5722179114818573,2,"[[2, 0, 0.6269915103912354], [3, 0, 0.5397438406944275], [1, 0, 0.5219981670379639], [0, 0, 0.5158502459526062], [4, 0, 0.5002654790878296], [5, 0, 0.47094351053237915], [6, 0, 0.4463173747062683]]",True,1,"[[0, 0, [""hereby order""]]]",0.02869519796418452,8,"[[3, 0, 0.05295349663393345], [2, 0, 0.023399961847632163], [4, 0, 0.009732135410987958]]",0.0,5,"[[4, 0, 0.0], [5, 0, 0.0], [6, 0, 0.0]]",20,0.12116883116883118,4,True,0.29746994376182556,1,1,0.29746994376182556,1,1
203,1921,executive_order,"February 18, 2025","January 04, 1985",0.6691266298294067,1,0.5890421271324158,1,"[[3, 1, 0.6636682748794556], [1, 4, 0.6553567051887512], [4, 1, 0.6433814764022827], [1, 3, 0.6173035502433777], [1, 2, 0.5982565879821777], [5, 1, 0.5892350077629089], [2, 1, 0.5432548522949219], [0, 1, 0.5267444849014282], [6, 5, 0.5164506435394287], [1, 0, 0.47053396701812744]]",True,1,"[[1, 1, [""shall submit""]], [1, 3, [""shall submit""]], [1, 4, [""shall submit""]], [5, 1, [""shall submit""]], [5, 3, [""shall submit""]], [5, 4, [""shall submit""]]]",0.025403362107276607,12,"[[3, 1, 0.030494728550715576], [3, 5, 0.02996446964590934], [4, 3, 0.015750888125204913]]",0.0,5,"[[6, 3, 0.0], [6, 4, 0.0], [6, 5, 0.0]]",20,0.11886904761904762,5,True,0.030908960849046707,4,1,0.030675798654556274,4,1
203,809,executive_order,"February 18, 2025","May 10, 2012",0.5684101581573486,11,0.5128976851701736,13,"[[1, 2, 0.6209639310836792], [3, 2, 0.5634744167327881], [1, 1, 0.5459610819816589], [1, 0, 0.5061922073364258], [5, 2, 0.48154643177986145], [4, 2, 0.46367716789245605], [2, 0, 0.4161949157714844], [0, 0, 0.3964619040489197], [6, 2, 0.3343087136745453]]",True,1,"[[0, 0, [""hereby order""]], [1, 1, [""shall submit""]], [5, 1, [""shall submit""]]]",0.04016555713035243,4,"[[2, 2, 0.08056539441582648], [3, 2, 0.021915032760045874], [2, 0, 0.018016244215184923]]",4.333333333333333,2,"[[2, 2, 13.0], [6, 0, 0.0], [6, 1, 0.0]]",20,0.11742424242424243,6,True,0.0064882696606218815,6,1,0.0064882696606218815,6,1
203,840,executive_order,"February 18, 2025","July 11, 2011",0.6468275189399719,2,0.5171417891979218,9,"[[1, 0, 0.5773746967315674], [4, 0, 0.4968489706516266], [5, 0, 0.45264190435409546], [0, 0, 0.443721204996109], [2, 0, 0.4351409375667572], [3, 0, 0.4285711348056793], [6, 0, 0.36406320333480835]]",True,1,"[[0, 0, [""hereby order""]]]",0.03640917798142256,5,"[[1, 0, 0.05959311909478818], [4, 0, 0.02526818969858006], [3, 0, 0.024366225150899444]]",0.0,5,"[[4, 0, 0.0], [5, 0, 0.0], [6, 0, 0.0]]",20,0.11448275862068966,7,True,0.04401865229010582,3,1,0.04401865229010582,3,1
203,1558,executive_order,"February 18, 2025","September 11, 1993",0.6219271421432495,4,0.5534842014312744,4,"[[3, 1, 0.6073565483093262], [1, 1, 0.606998085975647], [4, 1, 0.5803574323654175], [5, 1, 0.5553900003433228], [2, 1, 0.5541328191757202], [0, 1, 0.5188738703727722], [1, 0, 0.494453489780426], [6, 1, 0.46933531761169434]]",True,1,"[[0, 0, [""hereby order""]]]",0.022802683966014033,14,"[[3, 1, 0.04975627275892695], [4, 1, 0.009435248994761742], [1, 0, 0.009216530144353408]]",0.0,5,"[[5, 1, 0.0], [6, 0, 0.0], [6, 1, 0.0]]",20,0.11107843137254902,8,True,0.009196553379297256,5,1,0.009196553379297256,5,1
203,1027,executive_order,"February 18, 2025","December 14, 2005",0.512956976890564,25,0.4949476718902588,20,"[[3, 15, 0.6131750345230103], [4, 15, 0.5482887625694275], [6, 15, 0.5335501432418823], [3, 13, 0.5303252339363098], [5, 15, 0.5268548727035522], [4, 2, 0.521713376045227], [1, 15, 0.5213021636009216], [3, 12, 0.5179749131202698], [5, 11, 0.5105105638504028], [3, 14, 0.5042616724967957], [2, 15, 0.5026259422302246], [1, 10, 0.4877947270870209], [5, 4, 0.48624780774116516], [4, 16, 0.4760894775390625], [5, 8, 0.46829313039779663], [5, 3, 0.4432383179664612], [5, 9, 0.4341248869895935], [4, 1, 0.41323384642601013], [1, 0, 0.4120723605155945], [0, 15, 0.4054429233074188], [5, 7, 0.4004702568054199], [5, 6, 0.3825134038925171], [5, 5, 0.3588853180408478]]",True,1,"[[0, 0, [""hereby order""]], [1, 13, [""shall submit""]], [3, 1, [""shall provide""]], [4, 3, [""shall establish""]], [5, 3, [""shall establish""]], [5, 13, [""shall submit""]], [6, 1, [""shall provide""]]]",0.04389669277815097,2,"[[3, 15, 0.0522563241471518], [3, 12, 0.049965849938261794], [3, 2, 0.029467904249039292]]",0.0,5,"[[6, 14, 0.0], [6, 15, 0.0], [6, 16, 0.0]]",20,0.11045454545454546,9,True,0.0009622125653550029,10,1,0.0009622125653550029,10,1
203,2375,executive_order,"February 18, 2025","March 23, 1978",0.619367778301239,5,0.5393352508544922,5,"[[1, 1, 0.6196225881576538], [3, 10, 0.5947333574295044], [1, 7, 0.5834763050079346], [1, 6, 0.5720916390419006], [1, 8, 0.5604465007781982], [0, 0, 0.5400269031524658], [1, 2, 0.5335015654563904], [5, 7, 0.5330986380577087], [1, 3, 0.5286988019943237], [4, 7, 0.5122712254524231], [2, 10, 0.5059081315994263], [1, 5, 0.500202476978302], [4, 9, 0.494841992855072], [1, 4, 0.46304404735565186], [6, 10, 0.4327775835990906]]",True,1,"[[1, 8, [""shall submit""]], [4, 2, [""shall establish""]], [4, 4, [""shall establish""]], [4, 5, [""shall establish""]], [5, 2, [""shall establish""]], [5, 4, [""shall establish""]], [5, 5, [""shall establish""]], [5, 8, [""shall submit""]]]",0.022270390004737618,15,"[[3, 8, 0.040495839131223496], [1, 8, 0.017366562218922375], [4, 9, 0.008948768664066988]]",0.0,5,"[[6, 8, 0.0], [6, 9, 0.0], [6, 10, 0.0]]",20,0.10857142857142857,10,True,0.0031726830638945103,9,1,0.0031726830638945103,9,1
204,299,executive_order,"February 18, 2025","March 18, 2024",0.3913763165473938,22,0.455572247505188,4,"[[1, 7, 0.5332615971565247], [1, 6, 0.5265735387802124], [1, 5, 0.5031879544258118], [1, 8, 0.4746357798576355], [1, 9, 0.4482440948486328], [1, 1, 0.43823057413101196], [0, 8, 0.41584068536758423], [1, 10, 0.4085247814655304], [0, 3, 0.39614632725715637], [1, 2, 0.36586105823516846], [1, 4, 0.36176347732543945], [0, 0, 0.34609749913215637]]",True,1,"[[0, 0, [""hereby order""]], [1, 5, [""shall submit""]]]",0.038439659357192145,3,"[[1, 6, 0.05253673382833531], [1, 1, 0.04289882889646348], [1, 5, 0.01988341534677764]]",3.3333333333333335,2,"[[1, 6, 10.0], [1, 9, 0.0], [1, 10, 0.0]]",20,0.13059947299077734,1,True,9.387641330249608e-05,10,1,9.387641330249608e-05,10,1
204,344,executive_order,"February 18, 2025","June 15, 2022",0.47014033794403076,4,0.4347960501909256,9,"[[1, 7, 0.49164414405822754], [1, 8, 0.4680577516555786], [1, 1, 0.4625717103481293], [1, 9, 0.43778693675994873], [0, 7, 0.4347788095474243], [1, 10, 0.4308103919029236], [0, 0, 0.424748957157135], [1, 3, 0.42122185230255127], [0, 5, 0.41965848207473755], [1, 14, 0.4108096957206726], [0, 4, 0.40865761041641235], [1, 15, 0.40703779458999634], [1, 17, 0.4029581546783447], [1, 2, 0.3988009989261627], [1, 18, 0.3874884843826294], [1, 21, 0.38198018074035645], [1, 16, 0.3772236704826355], [1, 12, 0.37513434886932373], [1, 19, 0.3739091157913208], [1, 6, 0.37383830547332764], [1, 13, 0.3649775981903076], [0, 11, 0.363273561000824], [1, 20, 0.35778430104255676]]",True,1,"[[0, 0, [""hereby order""]], [1, 15, [""shall submit""]]]",0.052455920895121466,1,"[[1, 17, 0.08885796460499303], [1, 15, 0.042977504315535514], [1, 2, 0.025532293764835845]]",0.0,3,"[[1, 19, 0.0], [1, 20, 0.0], [1, 21, 0.0]]",20,0.12558006710930247,2,True,0.0026365165831521153,3,2,0.0026365165831521153,3,2
204,770,executive_order,"February 18, 2025","July 15, 2013",0.47259774804115295,2,0.4879387617111206,1,"[[1, 3, 0.5492123365402222], [1, 0, 0.46628785133361816], [1, 2, 0.45743200182914734], [0, 0, 0.4531511664390564], [1, 1, 0.425851047039032]]",True,1,"[[0, 0, [""hereby order""]]]",0.012099945599978219,11,"[[1, 3, 0.025229056707439683], [0, 0, 0.0064599162299677215], [1, 0, 0.004610863862527248]]",0.0,3,"[[1, 1, 0.0], [1, 2, 0.0], [1, 3, 0.0]]",20,0.12335537300474186,3,True,0.0001420236221747473,9,1,0.0001420236221747473,9,1
204,398,executive_order,"February 18, 2025","March 08, 2021",0.4059447944164276,15,0.4257749319076538,11,"[[1, 6, 0.5170348882675171], [1, 9, 0.4596237540245056], [1, 12, 0.4548114538192749], [1, 8, 0.4498964846134186], [0, 0, 0.4345964789390564], [1, 1, 0.41856783628463745], [1, 15, 0.38245052099227905], [1, 5, 0.37614160776138306], [1, 11, 0.37384212017059326], [1, 10, 0.35478636622428894], [1, 7, 0.3495733141899109], [1, 3, 0.3425180912017822], [1, 13, 0.3304594159126282], [0, 17, 0.32514703273773193], [1, 4, 0.3182696998119354], [1, 14, 0.3069245219230652], [1, 2, 0.29498639702796936], [1, 16, 0.27358490228652954]]",True,1,"[[0, 0, [""hereby order""]]]",0.03898319853670195,2,"[[1, 2, 0.04581302054591212], [1, 6, 0.036502828365312906], [1, 1, 0.034633746698880835]]",0.0,3,"[[1, 15, 0.0], [1, 16, 0.0], [1, 17, 0.0]]",20,0.1211908708402397,4,True,0.000539980421308428,5,1,0.0005442132242023945,5,1
204,232,executive_order,"February 18, 2025","January 28, 2025",0.42217200994491577,10,0.443866029381752,7,"[[1, 2, 0.4823172688484192], [0, 0, 0.4268980622291565], [1, 1, 0.3901578187942505]]",True,1,"[[0, 0, [""hereby order""]], [1, 2, [""shall submit""]]]",0.03328785083038439,5,"[[1, 2, 0.08531308227484316], [1, 0, 0.008613217272127927], [0, 0, 0.005937252944182077]]",0.0,3,"[[1, 0, 0.0], [1, 1, 0.0], [1, 2, 0.0]]",20,0.12051529790660226,5,True,0.0003569705877453089,6,1,0.0003569705877453089,6,1
204,468,executive_order,"February 18, 2025","September 24, 2020",0.46984702348709106,5,0.4851010739803314,2,"[[0, 0, 0.4959920048713684], [1, 0, 0.4951818585395813], [1, 1, 0.45323842763900757]]",True,1,"[[0, 0, [""hereby order""]]]",0.009533024837740394,12,"[[1, 1, 0.020895290915002626], [0, 0, 0.003958250299370841], [1, 0, 0.003745533298847718]]",0.0,3,"[[0, 1, 0.0], [1, 0, 0.0], [1, 1, 0.0]]",20,0.12018280632411067,6,True,0.025647034868597984,1,2,0.025647034868597984,1,2
204,318,executive_order,"February 18, 2025","June 23, 2023",0.470846951007843,3,0.4850155711174011,3,"[[0, 2, 0.5390851497650146], [1, 2, 0.48582708835601807], [1, 1, 0.45875459909439087], [0, 4, 0.4564598500728607], [0, 0, 0.4349585473537445], [1, 3, 0.3986172080039978]]",True,1,"[[0, 0, [""hereby order""]]]",0.008518722993603513,14,"[[0, 2, 0.015583834484274467], [0, 0, 0.005075546301613555], [1, 2, 0.004896788194922514]]",0.0,3,"[[1, 2, 0.0], [1, 3, 0.0], [1, 4, 0.0]]",20,0.11636828644501279,7,True,0.0027362213004380465,2,1,0.0027576221618801355,2,1
204,489,executive_order,"February 18, 2025","June 24, 2020",0.4067247807979584,14,0.42238134145736694,13,"[[1, 6, 0.46615296602249146], [1, 10, 0.44081851840019226], [0, 10, 0.4368743300437927], [1, 13, 0.4302656650543213], [1, 4, 0.42044270038604736], [0, 7, 0.41539910435676575], [0, 9, 0.41460150480270386], [1, 2, 0.4027879238128662], [1, 5, 0.3835911154747009], [1, 3, 0.3785443902015686], [0, 1, 0.37332862615585327], [0, 0, 0.3718688189983368], [1, 11, 0.35585224628448486], [1, 12, 0.3477783203125], [0, 8, 0.3040546476840973]]",True,1,"[[0, 0, [""hereby order""]], [1, 2, [""shall submit""]]]",0.03388272029543143,4,"[[1, 2, 0.054903412052511376], [1, 12, 0.025259769297591893], [1, 13, 0.021484979536191013]]",0.0,3,"[[1, 11, 0.0], [1, 12, 0.0], [1, 13, 0.0]]",20,0.11544795783926218,8,True,0.0001529638102510944,8,1,0.0001529638102510944,8,1
204,257,executive_order,"February 18, 2025","January 20, 2025",0.3877478241920471,24,0.43099232017993927,10,"[[1, 3, 0.4613463580608368], [1, 5, 0.4463419020175934], [0, 0, 0.43107688426971436], [1, 4, 0.41884952783584595], [1, 2, 0.37230953574180603], [1, 1, 0.3647136688232422]]",True,1,"[[0, 0, [""hereby order""]], [1, 4, [""shall submit""]]]",0.03126528594465038,6,"[[1, 4, 0.04043765926499014], [1, 5, 0.03639330343688405], [0, 0, 0.016964895132076958]]",0.0,3,"[[1, 3, 0.0], [1, 4, 0.0], [1, 5, 0.0]]",20,0.115273132664437,9,True,0.0012743263505399227,4,1,0.0012743263505399227,4,1
204,237,executive_order,"February 18, 2025","January 24, 2025",0.4641159772872925,6,0.44720156490802765,6,"[[0, 0, 0.4879390001296997], [1, 0, 0.44699811935424805], [1, 1, 0.36593014001846313]]",True,1,"[[0, 0, [""hereby order""]]]",0.008437089194329865,15,"[[0, 0, 0.022673403400424147], [1, 1, 0.00263786418256545], [1, 0, 0.0]]",0.0,3,"[[0, 1, 0.0], [1, 0, 0.0], [1, 1, 0.0]]",20,0.11051122790253225,10,True,0.000284622423350811,7,1,0.000284622423350811,7,1
205,1538,executive_order,"February 14, 2025","November 23, 1993",0.5585950613021851,7,0.5558495819568634,4,"[[4, 4, 0.6570510864257812], [1, 0, 0.6073892116546631], [4, 2, 0.604261040687561], [2, 2, 0.5694596767425537], [4, 3, 0.5138986706733704], [4, 1, 0.5048446655273438], [3, 2, 0.46454286575317383], [0, 0, 0.3726080656051636]]",True,1,"[[0, 0, [""hereby order""]], [4, 4, [""shall cooperate""]]]",0.18745812280899002,1,"[[4, 4, 0.3174725470094478], [1, 0, 0.14151318919583808], [1, 2, 0.10338863222168412]]",14.333333333333334,2,"[[2, 2, 17.0], [4, 4, 15.0], [1, 0, 11.0]]",20,0.13474025974025974,1,True,0.9566342234611511,5,1,0.9566342234611511,5,1
205,1560,executive_order,"February 14, 2025","August 16, 1993",0.5596333742141724,6,0.5801056623458862,2,"[[4, 1, 0.6532073020935059], [1, 0, 0.63614821434021], [2, 1, 0.5451302528381348], [3, 0, 0.37659430503845215], [0, 0, 0.3665877878665924]]",True,1,"[[0, 0, [""hereby order""]], [4, 1, [""shall cooperate""]]]",0.13562663207180467,2,"[[1, 0, 0.17271244915553802], [4, 1, 0.13372285093636954], [1, 1, 0.10044459612350648]]",14.0,3,"[[3, 1, 16.0], [4, 1, 15.0], [1, 0, 11.0]]",20,0.13438735177865613,2,True,0.9935117363929749,1,1,0.9935117363929749,1,1
205,1584,executive_order,"February 14, 2025","January 25, 1993",0.5645121932029724,5,0.5498703718185425,7,"[[1, 0, 0.6530582308769226], [2, 0, 0.5536158084869385], [4, 1, 0.5289073586463928], [3, 0, 0.41719478368759155], [0, 0, 0.391013503074646]]",True,1,"[[0, 0, [""hereby order""]], [4, 1, [""shall cooperate""]]]",0.1298949689343056,3,"[[1, 0, 0.18551804398771068], [4, 1, 0.10701706096617432], [1, 1, 0.09714980184903178]]",16.0,1,"[[2, 1, 17.0], [3, 1, 16.0], [4, 1, 15.0]]",20,0.12813434552564987,3,True,0.9927109479904175,2,1,0.9927672147750854,2,1
205,2564,executive_order,"February 14, 2025","May 01, 1975",0.5025261640548706,22,0.5552274882793427,5,"[[1, 0, 0.6558511257171631], [4, 0, 0.48260676860809326], [2, 0, 0.4431665241718292], [3, 0, 0.37018513679504395], [0, 0, 0.3212096393108368]]",False,2,[],0.1268144816257,4,"[[1, 0, 0.28808165490460086], [2, 0, 0.07601678988358095], [4, 0, 0.016345000088918146]]",0.0,7,"[[2, 0, 0.0], [3, 0, 0.0], [4, 0, 0.0]]",20,0.1187037037037037,4,True,0.9362850189208984,6,1,0.9362850189208984,6,1
205,2336,executive_order,"February 14, 2025","September 27, 1978",0.6148641109466553,3,0.6068496108055115,1,"[[2, 2, 0.6413748860359192], [1, 2, 0.6410015225410461], [1, 0, 0.6396957635879517], [2, 1, 0.6117385625839233], [4, 1, 0.603389322757721], [3, 2, 0.5381128787994385], [0, 1, 0.48993566632270813]]",True,1,"[[0, 0, [""hereby order""]]]",0.09270675098579408,10,"[[1, 0, 0.16344029926049325], [1, 2, 0.08269934388242084], [2, 2, 0.03198060981446814]]",0.0,7,"[[4, 0, 0.0], [4, 1, 0.0], [4, 2, 0.0]]",20,0.11798941798941798,5,True,0.8705973029136658,7,1,0.8705973029136658,7,1
205,2605,executive_order,"February 14, 2025","October 11, 1974",0.6395212411880493,1,0.5520561635494232,6,"[[1, 1, 0.6885044574737549], [4, 5, 0.6454393267631531], [1, 2, 0.600881814956665], [0, 3, 0.5600975155830383], [2, 2, 0.5512051582336426], [1, 6, 0.5008861422538757], [3, 1, 0.49672457575798035], [1, 4, 0.38906198740005493], [1, 0, 0.22515538334846497]]",True,1,"[[0, 1, [""hereby order""]], [4, 5, [""shall cooperate""]]]",0.11912249640256727,5,"[[1, 1, 0.21681503655387546], [4, 5, 0.09365107494477073], [1, 5, 0.04690137770905553]]",0.0,7,"[[4, 4, 0.0], [4, 5, 0.0], [4, 6, 0.0]]",20,0.1154985754985755,6,True,0.9818752408027649,3,1,0.9817357659339905,3,1
205,2600,executive_order,"February 14, 2025","November 16, 1974",0.5198518633842468,13,0.5713993012905121,3,"[[1, 0, 0.6583126783370972], [4, 0, 0.4888092875480652], [2, 0, 0.4863111674785614], [3, 0, 0.43433332443237305], [0, 0, 0.3546629846096039]]",False,2,[],0.09889927289794374,9,"[[1, 0, 0.24281315370424783], [2, 0, 0.03288294804676284], [4, 0, 0.021001716942820544]]",0.0,7,"[[2, 0, 0.0], [3, 0, 0.0], [4, 0, 0.0]]",20,0.1149980565272919,7,True,0.9674102663993835,4,1,0.9674102663993835,4,1
205,338,executive_order,"February 14, 2025","September 12, 2022",0.5061485171318054,18,0.5097830295562744,14,"[[4, 2, 0.5454809665679932], [2, 2, 0.5432853102684021], [0, 0, 0.5377815365791321], [1, 2, 0.500022292137146], [4, 4, 0.4953453838825226], [1, 3, 0.48778820037841797], [3, 3, 0.4780657887458801], [0, 5, 0.4687405228614807], [0, 1, 0.45669668912887573]]",True,1,"[[0, 0, [""hereby order""]], [1, 1, [""hereby establish""]], [1, 3, [""hereby establish""]], [1, 4, [""hereby establish""]]]",0.1094460066593222,8,"[[1, 3, 0.19549521145377025], [1, 5, 0.07152001516332163], [1, 4, 0.06132279336087477]]",12.666666666666666,4,"[[1, 3, 24.0], [3, 2, 14.0], [4, 3, 0.0]]",20,0.10679271708683473,8,True,0.03760863468050957,9,1,0.03760863468050957,9,1
205,248,executive_order,"February 14, 2025","January 20, 2025",0.616104781627655,2,0.4926210641860962,17,"[[0, 0, 0.6001760959625244], [4, 6, 0.5486307144165039], [2, 6, 0.5381107926368713], [3, 6, 0.5101672410964966], [4, 4, 0.5083216428756714], [0, 2, 0.49314096570014954], [4, 5, 0.4918311536312103], [4, 13, 0.4825683534145355], [4, 3, 0.48129892349243164], [4, 12, 0.4759971499443054], [4, 8, 0.4677012860774994], [4, 9, 0.46225517988204956], [1, 2, 0.45872193574905396], [3, 15, 0.4452422261238098], [4, 10, 0.4362076222896576], [3, 11, 0.39644914865493774], [4, 7, 0.3927809000015259], [0, 1, 0.31564727425575256], [0, 14, 0.2670443654060364]]",True,1,"[[0, 0, [""hereby order""]], [2, 10, [""shall convene""]]]",0.11110990880843312,7,"[[0, 15, 0.120628786439558], [1, 13, 0.11780896784917325], [2, 13, 0.09489197213656811]]",8.666666666666666,5,"[[0, 15, 26.0], [4, 13, 0.0], [4, 15, 0.0]]",20,0.10406406406406407,9,True,0.3647775948047638,8,1,0.3647775948047638,8,1
205,363,executive_order,"February 14, 2025","December 01, 2021",0.4989619851112366,24,0.4883282482624054,18,"[[1, 0, 0.5681727528572083], [4, 7, 0.5543766617774963], [4, 2, 0.5530102252960205], [4, 6, 0.530186653137207], [4, 4, 0.5194445848464966], [2, 0, 0.4943954348564148], [4, 5, 0.4873121678829193], [1, 1, 0.4760907292366028], [1, 3, 0.41065603494644165], [3, 0, 0.3869645297527313], [0, 0, 0.31734201312065125]]",True,1,"[[0, 0, [""hereby order""]], [2, 3, [""shall convene""]], [3, 3, [""shall report""]], [4, 7, [""shall cooperate""]]]",0.11729257324403967,6,"[[1, 0, 0.1577521467479646], [4, 7, 0.11996487709770019], [2, 0, 0.07416069588645424]]",3.3333333333333335,6,"[[1, 0, 10.0], [4, 5, 0.0], [4, 7, 0.0]]",20,0.10323886639676114,10,True,0.030675798654556274,10,1,0.029760094359517097,10,1
206,228,executive_order,"February 14, 2025","January 29, 2025",0.4878121614456177,9,0.5694522559642792,1,"[[1, 1, 0.631550669670105], [1, 5, 0.602044939994812], [1, 2, 0.5977703332901001], [1, 3, 0.565794825553894], [0, 1, 0.5582901835441589], [1, 4, 0.5450356006622314], [1, 6, 0.4547693729400635], [1, 0, 0.4109228551387787]]",True,1,"[[0, 0, [""hereby order""]]]",0.044687700905841586,1,"[[1, 2, 0.06842894888306425], [1, 3, 0.034164526810772596], [1, 1, 0.0314696270236879]]",16.333333333333332,1,"[[1, 2, 25.0], [1, 3, 12.0], [1, 5, 12.0]]",20,0.14285714285714285,1,True,0.006850480102002621,3,1,0.006850480102002621,3,1
206,419,executive_order,"February 14, 2025","January 21, 2021",0.6158943772315979,1,0.5640257298946381,2,"[[0, 0, 0.5969117283821106], [1, 0, 0.5579433441162109], [1, 2, 0.5508219003677368], [0, 1, 0.5041381120681763]]",True,1,"[[0, 0, [""hereby order""]]]",0.04460445290435322,2,"[[1, 1, 0.0696958641337653], [1, 2, 0.035631573928000676], [0, 1, 0.028485920651293673]]",6.666666666666667,2,"[[1, 0, 10.0], [1, 1, 10.0], [1, 2, 0.0]]",20,0.13636363636363635,2,True,0.03358950465917587,1,1,0.03358950465917587,1,1
206,399,executive_order,"February 14, 2025","March 08, 2021",0.46265363693237305,17,0.4934583157300949,12,"[[1, 1, 0.514161229133606], [0, 1, 0.4844926595687866], [0, 0, 0.4610181450843811]]",True,1,"[[0, 0, [""hereby order""]]]",0.02022835677364271,3,"[[1, 1, 0.03737880257244931], [0, 1, 0.011905929845820304], [0, 0, 0.011400337902658509]]",5.0,3,"[[1, 1, 15.0], [0, 1, 0.0], [1, 0, 0.0]]",20,0.11820652173913043,3,True,0.002182716503739357,5,1,0.002182716503739357,5,1
206,627,executive_order,"February 14, 2025","April 26, 2017",0.5634719133377075,2,0.5537712574005127,3,"[[1, 1, 0.5561491250991821], [0, 0, 0.551393449306488]]",True,1,"[[0, 0, [""hereby order""]]]",0.010281617218008951,11,"[[1, 1, 0.020240279411717205], [1, 0, 0.007755529834931826], [0, 0, 0.002849042407377821]]",0.0,5,"[[0, 1, 0.0], [1, 0, 0.0], [1, 1, 0.0]]",20,0.11573632538569426,4,True,0.00021569999807979912,9,1,0.00020825011597480625,9,1
206,370,executive_order,"February 14, 2025","October 11, 2021",0.4884979724884033,7,0.46465350687503815,18,"[[1, 7, 0.5243648290634155], [1, 3, 0.47970086336135864], [1, 1, 0.4663352072238922], [1, 4, 0.460519015789032], [1, 5, 0.45409101247787476], [1, 9, 0.453930139541626], [1, 2, 0.45069757103919983], [1, 8, 0.4454471468925476], [0, 7, 0.4287962317466736], [1, 6, 0.4262113571166992], [1, 10, 0.41738641262054443], [0, 0, 0.4013074040412903]]",True,1,"[[0, 0, [""hereby order""]], [1, 7, [""shall provide""]], [1, 9, [""shall provide""]]]",0.01834369098559527,4,"[[1, 8, 0.02992794023867891], [1, 2, 0.012655599316714637], [1, 9, 0.012447533401392267]]",0.0,5,"[[1, 8, 0.0], [1, 9, 0.0], [1, 10, 0.0]]",20,0.10798245614035087,5,True,0.00026738259475678205,8,1,0.00026738259475678205,8,1
206,1598,executive_order,"February 14, 2025","November 16, 1992",0.4812026023864746,10,0.49591462314128876,11,"[[1, 1, 0.5638611316680908], [1, 3, 0.49482274055480957], [1, 0, 0.4901387691497803], [0, 0, 0.43493714928627014], [1, 2, 0.42089784145355225]]",True,1,"[[0, 0, [""hereby order""]]]",0.013397101700147185,8,"[[0, 3, 0.01912368435031222], [1, 2, 0.010697776995509613], [1, 3, 0.010369843754619723]]",0.0,5,"[[1, 1, 0.0], [1, 2, 0.0], [1, 3, 0.0]]",20,0.10797235023041474,6,True,7.48462334740907e-05,10,1,7.339867443079129e-05,10,1
206,257,executive_order,"February 14, 2025","January 20, 2025",0.46403610706329346,15,0.4932284951210022,13,"[[1, 2, 0.5183602571487427], [1, 5, 0.5064411163330078], [1, 1, 0.49468594789505005], [1, 3, 0.49048513174057007], [0, 1, 0.48165637254714966], [1, 0, 0.45616650581359863], [1, 4, 0.45255276560783386]]",True,1,"[[0, 0, [""hereby order""]]]",0.013648171839465364,7,"[[1, 5, 0.017361706726842084], [1, 4, 0.013618665587797665], [0, 0, 0.009964143203756336]]",0.0,5,"[[1, 3, 0.0], [1, 4, 0.0], [1, 5, 0.0]]",20,0.10734006734006735,7,True,0.0019267346942797303,6,1,0.0019267346942797303,6,1
206,376,executive_order,"February 14, 2025","September 09, 2021",0.49593743681907654,6,0.46413129568099976,19,"[[0, 3, 0.47713571786880493], [0, 0, 0.4760882556438446], [0, 2, 0.4707493782043457], [1, 4, 0.4558148682117462], [0, 1, 0.4291481077671051]]",True,1,"[[0, 0, [""hereby order""]]]",0.018209962472653354,5,"[[0, 4, 0.02032962202059743], [1, 3, 0.019659828235525895], [0, 0, 0.01464043716183673]]",3.3333333333333335,4,"[[0, 4, 10.0], [1, 3, 0.0], [1, 4, 0.0]]",20,0.1073076923076923,8,True,0.017309095710515976,2,1,0.01784873753786087,2,1
206,428,executive_order,"February 14, 2025","January 20, 2021",0.4762026369571686,11,0.5036717653274536,8,"[[1, 1, 0.5309006571769714], [1, 0, 0.5293803811073303], [0, 1, 0.5201153755187988], [1, 3, 0.444830983877182], [1, 2, 0.4222298860549927]]",True,1,"[[0, 0, [""hereby order""]]]",0.008652583075702847,12,"[[1, 1, 0.013513239734709446], [0, 0, 0.007248902040644087], [1, 2, 0.0051956074517550115]]",0.0,5,"[[1, 1, 0.0], [1, 2, 0.0], [1, 3, 0.0]]",20,0.1069642857142857,9,True,0.0011786720715463161,7,1,0.0011786720715463161,7,1
206,429,executive_order,"February 14, 2025","January 20, 2021",0.48822158575057983,8,0.4960111081600189,10,"[[1, 2, 0.535280168056488], [0, 0, 0.48405659198760986], [1, 1, 0.4736595153808594], [1, 3, 0.4364193081855774]]",True,1,"[[0, 0, [""hereby order""]]]",0.012627931318732478,10,"[[1, 3, 0.017134966930156603], [1, 2, 0.01166168022947444], [0, 0, 0.009087146796566388]]",0.0,5,"[[1, 1, 0.0], [1, 2, 0.0], [1, 3, 0.0]]",20,0.10666666666666666,10,True,0.003376612439751625,4,1,0.003376612439751625,4,1
