child_id,child_eo_number,referenced_eo_number,reason,reference_text,context
30,14388,14193,outside_corpus,Executive Order 14193,"Section 1. Background. In several Executive Orders, including Executive Order 14193 of February 1, 2025 (Imposing Duties To Address the Flow of Illicit Drugs Across Our Northern Border), as amended; Executive Order 14194 of February 1, 2025 (Imposing Duties To Address the Situation at Our Southern Border), as amended; Executive Order 14195 of February 1, 2025 (Imposing Duties To Address the Synthetic Opioid Supply Chain in the People's Republic of China), as amended; Executive Order 14257 of April 2, 2025 (Regulating Imports With a Reciprocal Tariff To Rectify Trade Practices That Contribute to Large and Persistent Annual United States Goods Trade Deficits), as amended; and Executive Order 14324 of July 30, 2025 (Suspending Duty-Free De Minimis Treatment for All Countries), I declared or described national emergencies with respect to unusual and extraordinary threats to the national security, foreign policy, or economy of the United States and took action to deal with those threats, including suspending duty-free de minimis treatment under 19 U.S.C. 1321(a)(2)(C) for certain imports."
30,14388,14193,outside_corpus,Executive Order 14193,"As relevant here, in section 3 of Executive Order 14324, I set forth the duty rates applicable to shipments sent to the United States through the international postal network that would otherwise qualify for the de minimis exemption under 19 U.S.C. 1321(a)(2)(C). These duty rates were based on the additional duty rates imposed by Executive Orders issued under IEEPA, including Executive Order 14193, as amended; Executive Order 14194, as amended; Executive Order 14195, as amended; and Executive Order 14257, as amended."
30,14388,14193,outside_corpus,Executive Order 14193,"In section 6 of Executive Order 14324, I made clear that the suspension of, or continued suspension of, duty-free de minimis treatment, as detailed in Executive Order 14324, shall not be affected if the additional duties imposed under Executive Order 14193, as amended; Executive Order 14194, as amended; Executive Order 14195, as amended; or Executive Order 14257, as amended, were held to be invalid. I also provided that — should such invalidation occur — duty-free de minimis treatment under 19 U.S.C. 1321(a)(2)(C) would be available for shipments sent through the international postal network only until I received a notification from the Secretary of Commerce (Secretary) that adequate systems were in place to fully and expeditiously process and collect duties applicable to such shipments."
30,14388,14193,outside_corpus,Executive Order 14193,"After considering the information and recommendations these officials have provided to me, among other things, I have determined that it is still necessary and appropriate to suspend duty-free de minimis treatment under 19 U.S.C. 1321(a)(2)(C), including for shipments sent through the international postal network. U.S. Customs and Border Protection (CBP) shall collect duties on shipments sent through the international postal network in accordance with Executive Order 14324, as amended below. CBP shall also continue to take all appropriate action to collect all applicable duties, taxes, fees, exactions, and charges for shipments not sent through the international postal network. In my judgment, these actions are necessary and appropriate to deal with the national emergencies declared in Executive Order 14193, Executive Order 14194, Executive Order 14195, and Executive Order 14257. Each determination is independent of the other and is made only for the purpose of dealing with the respective emergency and not for the purpose of dealing with another emergency."
31,14389,14193,outside_corpus,Executive Order 14193,"Section 1. Background. In Executive Order 14193 of February 1, 2025 (Imposing Duties To Address the Flow of Illicit Drugs Across Our Northern Border), as amended; Executive Order 14194 of February 1, 2025 (Imposing Duties To Address the Situation at Our Southern Border), as amended; Executive Order 14195 of February 1, 2025 (Imposing Duties To Address the Synthetic Opioid Supply Chain in the People's Republic of China), as amended; Executive Order 14245 of March 24, 2025 (Imposing Tariffs on Countries Importing Venezuelan Oil); Executive Order 14257 of April 2, 2025 (Regulating Imports With a Reciprocal Tariff To Rectify Trade Practices That Contribute to Large and Persistent Annual United States Goods Trade Deficits), as amended; Executive Order 14323 of July 30, 2025 (Addressing Threats to the United States by the Government of Brazil), as amended; Executive Order 14329 of August 6, 2025 (Addressing Threats to the United States by the Government of the Russian Federation), as amended; Executive Order 14380 of January 29, 2026 (Addressing Threats to the United States by the Government of Cuba); and Executive Order 14382 of February 6, 2026 (Addressing Threats to the United States by the Government of Iran), I declared or described national emergencies with respect to unusual and extraordinary threats to the national security, foreign policy, or economy of the United States and took actions to deal with those threats, including by imposing, pursuant to IEEPA, additional ad valorem duties on certain imports of certain foreign trading partners."
31,14389,14323,outside_corpus,Executive Order 14323,"Section 1. Background. In Executive Order 14193 of February 1, 2025 (Imposing Duties To Address the Flow of Illicit Drugs Across Our Northern Border), as amended; Executive Order 14194 of February 1, 2025 (Imposing Duties To Address the Situation at Our Southern Border), as amended; Executive Order 14195 of February 1, 2025 (Imposing Duties To Address the Synthetic Opioid Supply Chain in the People's Republic of China), as amended; Executive Order 14245 of March 24, 2025 (Imposing Tariffs on Countries Importing Venezuelan Oil); Executive Order 14257 of April 2, 2025 (Regulating Imports With a Reciprocal Tariff To Rectify Trade Practices That Contribute to Large and Persistent Annual United States Goods Trade Deficits), as amended; Executive Order 14323 of July 30, 2025 (Addressing Threats to the United States by the Government of Brazil), as amended; Executive Order 14329 of August 6, 2025 (Addressing Threats to the United States by the Government of the Russian Federation), as amended; Executive Order 14380 of January 29, 2026 (Addressing Threats to the United States by the Government of Cuba); and Executive Order 14382 of February 6, 2026 (Addressing Threats to the United States by the Government of Iran), I declared or described national emergencies with respect to unusual and extraordinary threats to the national security, foreign policy, or economy of the United States and took actions to deal with those threats, including by imposing, pursuant to IEEPA, additional ad valorem duties on certain imports of certain foreign trading partners."
31,14389,14193,outside_corpus,Executive Order 14193,"In light of recent events, the additional ad valorem duties imposed pursuant to IEEPA in Executive Order 14193, as amended; Executive Order 14194, as amended; Executive Order 14195, as amended; Executive Order 14245; Executive Order 14257, as amended; Executive Order 14323, as amended; Executive Order 14329, as amended; Executive Order 14380; and Executive Order 14382 shall no longer be in effect and, as soon as practicable, shall no longer be collected. All other actions, including any other action taken to address the national emergencies declared or described in Executive Order 14193, Executive Order 14194, Executive Order 14195, Executive Order 14245, Executive Order 14257, Executive Order 14323, Executive Order 14329, Executive Order 14380, and Executive Order 14382, that do not impose additional ad valorem duties under IEEPA or involve steps necessary to implement the imposition of additional ad valorem duties imposed under IEEPA shall not be affected by this order. The national emergencies declared or described in Executive Order 14193, Executive Order 14194, Executive Order 14195, Executive Order 14245, Executive Order 14257, Executive Order 14323, Executive Order 14329, Executive Order 14380, and Executive Order 14382 or subsequent orders remain in effect and shall not be affected by this order."
31,14389,14323,outside_corpus,Executive Order 14323,"In light of recent events, the additional ad valorem duties imposed pursuant to IEEPA in Executive Order 14193, as amended; Executive Order 14194, as amended; Executive Order 14195, as amended; Executive Order 14245; Executive Order 14257, as amended; Executive Order 14323, as amended; Executive Order 14329, as amended; Executive Order 14380; and Executive Order 14382 shall no longer be in effect and, as soon as practicable, shall no longer be collected. All other actions, including any other action taken to address the national emergencies declared or described in Executive Order 14193, Executive Order 14194, Executive Order 14195, Executive Order 14245, Executive Order 14257, Executive Order 14323, Executive Order 14329, Executive Order 14380, and Executive Order 14382, that do not impose additional ad valorem duties under IEEPA or involve steps necessary to implement the imposition of additional ad valorem duties imposed under IEEPA shall not be affected by this order. The national emergencies declared or described in Executive Order 14193, Executive Order 14194, Executive Order 14195, Executive Order 14245, Executive Order 14257, Executive Order 14323, Executive Order 14329, Executive Order 14380, and Executive Order 14382 or subsequent orders remain in effect and shall not be affected by this order."
31,14389,14193,outside_corpus,Executive Order 14193,"In light of recent events, the additional ad valorem duties imposed pursuant to IEEPA in Executive Order 14193, as amended; Executive Order 14194, as amended; Executive Order 14195, as amended; Executive Order 14245; Executive Order 14257, as amended; Executive Order 14323, as amended; Executive Order 14329, as amended; Executive Order 14380; and Executive Order 14382 shall no longer be in effect and, as soon as practicable, shall no longer be collected. All other actions, including any other action taken to address the national emergencies declared or described in Executive Order 14193, Executive Order 14194, Executive Order 14195, Executive Order 14245, Executive Order 14257, Executive Order 14323, Executive Order 14329, Executive Order 14380, and Executive Order 14382, that do not impose additional ad valorem duties under IEEPA or involve steps necessary to implement the imposition of additional ad valorem duties imposed under IEEPA shall not be affected by this order. The national emergencies declared or described in Executive Order 14193, Executive Order 14194, Executive Order 14195, Executive Order 14245, Executive Order 14257, Executive Order 14323, Executive Order 14329, Executive Order 14380, and Executive Order 14382 or subsequent orders remain in effect and shall not be affected by this order."
31,14389,14323,outside_corpus,Executive Order 14323,"In light of recent events, the additional ad valorem duties imposed pursuant to IEEPA in Executive Order 14193, as amended; Executive Order 14194, as amended; Executive Order 14195, as amended; Executive Order 14245; Executive Order 14257, as amended; Executive Order 14323, as amended; Executive Order 14329, as amended; Executive Order 14380; and Executive Order 14382 shall no longer be in effect and, as soon as practicable, shall no longer be collected. All other actions, including any other action taken to address the national emergencies declared or described in Executive Order 14193, Executive Order 14194, Executive Order 14195, Executive Order 14245, Executive Order 14257, Executive Order 14323, Executive Order 14329, Executive Order 14380, and Executive Order 14382, that do not impose additional ad valorem duties under IEEPA or involve steps necessary to implement the imposition of additional ad valorem duties imposed under IEEPA shall not be affected by this order. The national emergencies declared or described in Executive Order 14193, Executive Order 14194, Executive Order 14195, Executive Order 14245, Executive Order 14257, Executive Order 14323, Executive Order 14329, Executive Order 14380, and Executive Order 14382 or subsequent orders remain in effect and shall not be affected by this order."
31,14389,14193,outside_corpus,Executive Order 14193,"In light of recent events, the additional ad valorem duties imposed pursuant to IEEPA in Executive Order 14193, as amended; Executive Order 14194, as amended; Executive Order 14195, as amended; Executive Order 14245; Executive Order 14257, as amended; Executive Order 14323, as amended; Executive Order 14329, as amended; Executive Order 14380; and Executive Order 14382 shall no longer be in effect and, as soon as practicable, shall no longer be collected. All other actions, including any other action taken to address the national emergencies declared or described in Executive Order 14193, Executive Order 14194, Executive Order 14195, Executive Order 14245, Executive Order 14257, Executive Order 14323, Executive Order 14329, Executive Order 14380, and Executive Order 14382, that do not impose additional ad valorem duties under IEEPA or involve steps necessary to implement the imposition of additional ad valorem duties imposed under IEEPA shall not be affected by this order. The national emergencies declared or described in Executive Order 14193, Executive Order 14194, Executive Order 14195, Executive Order 14245, Executive Order 14257, Executive Order 14323, Executive Order 14329, Executive Order 14380, and Executive Order 14382 or subsequent orders remain in effect and shall not be affected by this order."
31,14389,14323,outside_corpus,Executive Order 14323,"In light of recent events, the additional ad valorem duties imposed pursuant to IEEPA in Executive Order 14193, as amended; Executive Order 14194, as amended; Executive Order 14195, as amended; Executive Order 14245; Executive Order 14257, as amended; Executive Order 14323, as amended; Executive Order 14329, as amended; Executive Order 14380; and Executive Order 14382 shall no longer be in effect and, as soon as practicable, shall no longer be collected. All other actions, including any other action taken to address the national emergencies declared or described in Executive Order 14193, Executive Order 14194, Executive Order 14195, Executive Order 14245, Executive Order 14257, Executive Order 14323, Executive Order 14329, Executive Order 14380, and Executive Order 14382, that do not impose additional ad valorem duties under IEEPA or involve steps necessary to implement the imposition of additional ad valorem duties imposed under IEEPA shall not be affected by this order. The national emergencies declared or described in Executive Order 14193, Executive Order 14194, Executive Order 14195, Executive Order 14245, Executive Order 14257, Executive Order 14323, Executive Order 14329, Executive Order 14380, and Executive Order 14382 or subsequent orders remain in effect and shall not be affected by this order."
31,14389,14193,outside_corpus,Executive Order 14193,"Sec. 2. Implementation. (a) To effectuate the terminations of the actions described in section 1 of this order, the head of each executive department and agency (agency) is authorized to and shall take all appropriate steps to end the additional ad valorem duties imposed under IEEPA in Executive Order 14193, as amended; Executive Order 14194, as amended; Executive Order 14195, as amended; Executive Order 14245; Executive Order 14257, as amended; Executive Order 14323, as amended; Executive Order 14329, as amended; Executive Order 14380; and Executive Order 14382. The head of each agency shall immediately begin taking steps to effectuate this order and, as soon as practicable, terminate the collection of the additional ad valorem duties described in section 1 of this order. The head of each agency may, consistent with applicable law, including section 301 of title 3, United States Code, redelegate the authority to take such appropriate steps within the agency."
31,14389,14323,outside_corpus,Executive Order 14323,"Sec. 2. Implementation. (a) To effectuate the terminations of the actions described in section 1 of this order, the head of each executive department and agency (agency) is authorized to and shall take all appropriate steps to end the additional ad valorem duties imposed under IEEPA in Executive Order 14193, as amended; Executive Order 14194, as amended; Executive Order 14195, as amended; Executive Order 14245; Executive Order 14257, as amended; Executive Order 14323, as amended; Executive Order 14329, as amended; Executive Order 14380; and Executive Order 14382. The head of each agency shall immediately begin taking steps to effectuate this order and, as soon as practicable, terminate the collection of the additional ad valorem duties described in section 1 of this order. The head of each agency may, consistent with applicable law, including section 301 of title 3, United States Code, redelegate the authority to take such appropriate steps within the agency."
49,14369,14186,outside_corpus,Executive Order 14186,"(i) developing and demonstrating prototype next-generation missile defense technologies by 2028 to progressively and materially enhance America's air and missile defenses pursuant to Executive Order 14186 of January 27, 2025 (The Iron Dome for America);"
58,14361,14323,outside_corpus,Executive Order 14323,"Section 1. Background. In Executive Order 14323 of July 30, 2025 (Addressing Threats to the United States by the Government of Brazil), I found that the scope and gravity of recent policies, practices, and actions of the Government of Brazil constitute an unusual and extraordinary threat to the national security, foreign policy, and economy of the United States that has its source in whole or substantial part outside the United States. I declared a national emergency with respect to that threat and, to deal with that threat, I determined that it was necessary and appropriate to impose an additional ad valorem duty rate of 40 percent on certain articles of Brazil. Additionally, in Annex I to Executive Order 14323, I listed certain articles that, in my judgment, should not be subject to the additional ad valorem rate of duty imposed pursuant to that order."
58,14361,14323,outside_corpus,Executive Order 14323,"Section 1. Background. In Executive Order 14323 of July 30, 2025 (Addressing Threats to the United States by the Government of Brazil), I found that the scope and gravity of recent policies, practices, and actions of the Government of Brazil constitute an unusual and extraordinary threat to the national security, foreign policy, and economy of the United States that has its source in whole or substantial part outside the United States. I declared a national emergency with respect to that threat and, to deal with that threat, I determined that it was necessary and appropriate to impose an additional ad valorem duty rate of 40 percent on certain articles of Brazil. Additionally, in Annex I to Executive Order 14323, I listed certain articles that, in my judgment, should not be subject to the additional ad valorem rate of duty imposed pursuant to that order."
58,14361,14323,outside_corpus,Executive Order 14323,"On October 6, 2025, I participated in a call with Brazilian President Luiz Inácio Lula da Silva, during which we agreed to begin negotiations to address the concerns identified in Executive Order 14323. These negotiations are ongoing. I also have received additional information and recommendations from various officials who, pursuant to my direction, have been monitoring the circumstances involving the emergency declared in Executive Order 14323. For example, in their opinion, certain agricultural imports from Brazil should no longer be subject to the additional ad valorem rate of duty imposed under Executive Order 14323 because, among other relevant considerations, there has been initial progress in negotiations with the Government of Brazil."
58,14361,14323,outside_corpus,Executive Order 14323,"On October 6, 2025, I participated in a call with Brazilian President Luiz Inácio Lula da Silva, during which we agreed to begin negotiations to address the concerns identified in Executive Order 14323. These negotiations are ongoing. I also have received additional information and recommendations from various officials who, pursuant to my direction, have been monitoring the circumstances involving the emergency declared in Executive Order 14323. For example, in their opinion, certain agricultural imports from Brazil should no longer be subject to the additional ad valorem rate of duty imposed under Executive Order 14323 because, among other relevant considerations, there has been initial progress in negotiations with the Government of Brazil."
58,14361,14323,outside_corpus,Executive Order 14323,"On October 6, 2025, I participated in a call with Brazilian President Luiz Inácio Lula da Silva, during which we agreed to begin negotiations to address the concerns identified in Executive Order 14323. These negotiations are ongoing. I also have received additional information and recommendations from various officials who, pursuant to my direction, have been monitoring the circumstances involving the emergency declared in Executive Order 14323. For example, in their opinion, certain agricultural imports from Brazil should no longer be subject to the additional ad valorem rate of duty imposed under Executive Order 14323 because, among other relevant considerations, there has been initial progress in negotiations with the Government of Brazil."
58,14361,14323,outside_corpus,Executive Order 14323,"After considering the information and recommendations these officials have provided to me and the status of negotiations with the Government of Brazil, among other things, I have determined that it is necessary and appropriate to modify the scope of products subject to the additional ad valorem rate of duty imposed under Executive Order 14323. Specifically, I have determined that certain agricultural products shall not be subject to the additional ad valorem rate of duty imposed under Executive Order 14323. Accordingly, an updated version of Annex I to Executive Order 14323 is attached to this order, which shall be effective with respect to goods entered for consumption, or withdrawn from warehouse for consumption, on or after 12:01 a.m. eastern standard time on November 13, 2025. In my judgment, these modifications are necessary and appropriate to deal with the national emergency declared in Executive Order 14323."
58,14361,14323,outside_corpus,Executive Order 14323,"After considering the information and recommendations these officials have provided to me and the status of negotiations with the Government of Brazil, among other things, I have determined that it is necessary and appropriate to modify the scope of products subject to the additional ad valorem rate of duty imposed under Executive Order 14323. Specifically, I have determined that certain agricultural products shall not be subject to the additional ad valorem rate of duty imposed under Executive Order 14323. Accordingly, an updated version of Annex I to Executive Order 14323 is attached to this order, which shall be effective with respect to goods entered for consumption, or withdrawn from warehouse for consumption, on or after 12:01 a.m. eastern standard time on November 13, 2025. In my judgment, these modifications are necessary and appropriate to deal with the national emergency declared in Executive Order 14323."
58,14361,14323,outside_corpus,Executive Order 14323,"After considering the information and recommendations these officials have provided to me and the status of negotiations with the Government of Brazil, among other things, I have determined that it is necessary and appropriate to modify the scope of products subject to the additional ad valorem rate of duty imposed under Executive Order 14323. Specifically, I have determined that certain agricultural products shall not be subject to the additional ad valorem rate of duty imposed under Executive Order 14323. Accordingly, an updated version of Annex I to Executive Order 14323 is attached to this order, which shall be effective with respect to goods entered for consumption, or withdrawn from warehouse for consumption, on or after 12:01 a.m. eastern standard time on November 13, 2025. In my judgment, these modifications are necessary and appropriate to deal with the national emergency declared in Executive Order 14323."
58,14361,14323,outside_corpus,Executive Order 14323,"After considering the information and recommendations these officials have provided to me and the status of negotiations with the Government of Brazil, among other things, I have determined that it is necessary and appropriate to modify the scope of products subject to the additional ad valorem rate of duty imposed under Executive Order 14323. Specifically, I have determined that certain agricultural products shall not be subject to the additional ad valorem rate of duty imposed under Executive Order 14323. Accordingly, an updated version of Annex I to Executive Order 14323 is attached to this order, which shall be effective with respect to goods entered for consumption, or withdrawn from warehouse for consumption, on or after 12:01 a.m. eastern standard time on November 13, 2025. In my judgment, these modifications are necessary and appropriate to deal with the national emergency declared in Executive Order 14323."
58,14361,14323,outside_corpus,Executive Order 14323,"Sec. 3. Implementation. (a) The Secretary of State shall continue to monitor the circumstances involving the emergency declared in Executive Order 14323 and shall regularly consult on such circumstances with any senior official he deems appropriate. The Secretary of State shall inform me of any circumstance that, in his opinion, might indicate the need for further action by the President."
61,14357,14228,outside_corpus,Executive Order 14228,"In Executive Order 14228 of March 3, 2025 (Further Amendment to Duties Addressing the Synthetic Opioid Supply Chain in the People's Republic of China), I raised from 10 percent to 20 percent the additional ad valorem rate of duty established in Executive Order 14195, as amended, in response to the PRC's failure to take adequate steps to alleviate the illicit drug crisis described in Executive Order 14195."
63,14356,14170,outside_corpus,Executive Order 14170,"(a) Compliance with the Merit Hiring Plan. Any Federal hiring shall be consistent with the Merit Hiring Plan issued by the Assistant to the President for Domestic Policy and the Director of the Office of Personnel Management (OPM) on May 29, 2025, pursuant to Executive Order 14170 of January 20, 2025 (Reforming the Federal Hiring Process and Restoring Merit to Government Service)."
65,14354,12963,outside_corpus,Executive Order 12963,"(f) Presidential Advisory Council on HIV/AIDS; Executive Order 12963, as amended (Department of Health and Human Services)."
65,14354,13179,outside_corpus,Executive Order 13179,(h) Advisory Board on Radiation and Worker Health; Executive Order 13179 (Department of Health and Human Services).
65,14354,13540,outside_corpus,Executive Order 13540,(j) Interagency Task Force on Veterans Small Business Development; Executive Order 13540 (Small Business Administration).
67,14352,14166,outside_corpus,Executive Order 14166,"Section 2(a) of the Act prohibits entities from distributing, maintaining, or updating certain defined foreign adversary controlled applications within the territory of the United States by providing (1) services for such distribution, maintenance, or updates by means of an online mobile application store or other marketplace; or (2) internet hosting services to enable the distribution, maintenance, or updating of such applications. Section 2(g) of the Act defines ""foreign adversary controlled application"" to include websites, desktop applications, mobile applications, and augmented or immersive technology applications operated directly or indirectly by ByteDance Ltd., TikTok, or certain subsidiaries. Under section 2(a), the Act's prohibitions with respect to these entities became effective on January 19, 2025. On January 20, 2025, I issued Executive Order 14166 (Application of Protecting Americans from Foreign Adversary Controlled Applications Act to TikTok), delaying the Act's enforcement until April 5, 2025. On April 4, 2025, I issued Executive Order 14258 (Extending the TikTok Enforcement Delay), further delaying the Act's enforcement until June 19, 2025. On June 19, 2025, I issued Executive Order 14310 (Further Extending the TikTok Enforcement Delay), further delaying the Act's enforcement until September 17, 2025. Finally, on September 16, 2025, I issued Executive Order 14350 (Further Extending the TikTok Enforcement Delay), further delaying the Act's enforcement until December 16, 2025."
67,14352,14310,outside_corpus,Executive Order 14310,"Section 2(a) of the Act prohibits entities from distributing, maintaining, or updating certain defined foreign adversary controlled applications within the territory of the United States by providing (1) services for such distribution, maintenance, or updates by means of an online mobile application store or other marketplace; or (2) internet hosting services to enable the distribution, maintenance, or updating of such applications. Section 2(g) of the Act defines ""foreign adversary controlled application"" to include websites, desktop applications, mobile applications, and augmented or immersive technology applications operated directly or indirectly by ByteDance Ltd., TikTok, or certain subsidiaries. Under section 2(a), the Act's prohibitions with respect to these entities became effective on January 19, 2025. On January 20, 2025, I issued Executive Order 14166 (Application of Protecting Americans from Foreign Adversary Controlled Applications Act to TikTok), delaying the Act's enforcement until April 5, 2025. On April 4, 2025, I issued Executive Order 14258 (Extending the TikTok Enforcement Delay), further delaying the Act's enforcement until June 19, 2025. On June 19, 2025, I issued Executive Order 14310 (Further Extending the TikTok Enforcement Delay), further delaying the Act's enforcement until September 17, 2025. Finally, on September 16, 2025, I issued Executive Order 14350 (Further Extending the TikTok Enforcement Delay), further delaying the Act's enforcement until December 16, 2025."
70,14350,14166,outside_corpus,Executive Order 14166,"Section 1. Extension. (a) The enforcement delay specified in section 2(a) of Executive Order 14166 of January 20, 2025 (Application of Protecting Americans from Foreign Adversary Controlled Applications Act to TikTok), as extended by Executive Order 14258 of April 4, 2025 (Extending the TikTok Enforcement Delay), and Executive Order 14310 of June 19, 2025 (Further Extending the TikTok Enforcement Delay), is further extended until December 16, 2025. During this period, the Department of Justice shall take no action to enforce the Protecting Americans from Foreign Adversary Controlled Applications Act (the ""Act"") (Public Law 118–50, Div. H) or impose any penalties against any entity for any noncompliance with the Act, including for distributing, maintaining, or updating (or enabling the distribution, maintenance, or updating of) any foreign adversary controlled application as defined in the Act. In light of this direction, even after the expiration of the above-specified period, the Department of Justice shall not take any action to enforce the Act or impose any penalties against any entity for any conduct that occurred during the above-specified period or any period prior to the issuance of this order, including the period of time from January 19, 2025, until the date of this order."
70,14350,14310,outside_corpus,Executive Order 14310,"Section 1. Extension. (a) The enforcement delay specified in section 2(a) of Executive Order 14166 of January 20, 2025 (Application of Protecting Americans from Foreign Adversary Controlled Applications Act to TikTok), as extended by Executive Order 14258 of April 4, 2025 (Extending the TikTok Enforcement Delay), and Executive Order 14310 of June 19, 2025 (Further Extending the TikTok Enforcement Delay), is further extended until December 16, 2025. During this period, the Department of Justice shall take no action to enforce the Protecting Americans from Foreign Adversary Controlled Applications Act (the ""Act"") (Public Law 118–50, Div. H) or impose any penalties against any entity for any noncompliance with the Act, including for distributing, maintaining, or updating (or enabling the distribution, maintenance, or updating of) any foreign adversary controlled application as defined in the Act. In light of this direction, even after the expiration of the above-specified period, the Department of Justice shall not take any action to enforce the Act or impose any penalties against any entity for any conduct that occurred during the above-specified period or any period prior to the issuance of this order, including the period of time from January 19, 2025, until the date of this order."
92,14325,14193,outside_corpus,Executive Order 14193,"Section 1. Background. In Executive Order 14193 of February 1, 2025 (Imposing Duties To Address the Flow of Illicit Drugs Across Our Northern Border), I declared a national emergency arising from certain conditions, including the public health crisis caused by fentanyl and other illicit drugs, and the failure of Canada to do more to arrest, seize, detain, or otherwise intercept drug trafficking organizations, other drug or human traffickers, criminals at large, and illicit drugs. In that order, I found that those conditions constitute an unusual and extraordinary threat, which has its source in substantial part outside the United States, to the national security, foreign policy, and economy of the United States."
92,14325,14193,outside_corpus,Executive Order 14193,"To deal with the emergency declared in Executive Order 14193, I imposed an additional ad valorem rate of duty of 25 percent on certain articles that are products of Canada and an additional ad valorem rate of duty of 10 percent on certain energy or energy resources that are products of Canada. In Executive Order 14231 of March 6, 2025 (Amendment to Duties To Address the Flow of Illicit Drugs Across Our Northern Border), I provided that the additional ad valorem rates of duties under Executive Order 14193 do not apply to articles that are products of Canada that qualify for duty-free entry under the Agreement between the United States of America, United Mexican States, and Canada (USMCA), and I reduced the additional ad valorem rate of duty on potash from 25 percent to 10 percent."
92,14325,14193,outside_corpus,Executive Order 14193,"To deal with the emergency declared in Executive Order 14193, I imposed an additional ad valorem rate of duty of 25 percent on certain articles that are products of Canada and an additional ad valorem rate of duty of 10 percent on certain energy or energy resources that are products of Canada. In Executive Order 14231 of March 6, 2025 (Amendment to Duties To Address the Flow of Illicit Drugs Across Our Northern Border), I provided that the additional ad valorem rates of duties under Executive Order 14193 do not apply to articles that are products of Canada that qualify for duty-free entry under the Agreement between the United States of America, United Mexican States, and Canada (USMCA), and I reduced the additional ad valorem rate of duty on potash from 25 percent to 10 percent."
92,14325,14193,outside_corpus,Executive Order 14193,"Section 2(d) of Executive Order 14193 provides that ""[s]hould Canada retaliate against the United States . . . through import duties on United States exports to Canada or similar measures,"" I ""may increase or expand in scope the duties imposed . . . to ensure the efficacy of th[e] action"" taken in Executive Order 14193. Section 3(b) of Executive Order 14193 provides that the Secretary of Homeland Security, in coordination with other senior officials, ""shall recommend additional action, if necessary, should the Government of Canada fail to take adequate steps to alleviate the illegal migration and illicit drug crises through cooperative enforcement actions."""
92,14325,14193,outside_corpus,Executive Order 14193,"Section 2(d) of Executive Order 14193 provides that ""[s]hould Canada retaliate against the United States . . . through import duties on United States exports to Canada or similar measures,"" I ""may increase or expand in scope the duties imposed . . . to ensure the efficacy of th[e] action"" taken in Executive Order 14193. Section 3(b) of Executive Order 14193 provides that the Secretary of Homeland Security, in coordination with other senior officials, ""shall recommend additional action, if necessary, should the Government of Canada fail to take adequate steps to alleviate the illegal migration and illicit drug crises through cooperative enforcement actions."""
92,14325,14193,outside_corpus,Executive Order 14193,"Section 2(d) of Executive Order 14193 provides that ""[s]hould Canada retaliate against the United States . . . through import duties on United States exports to Canada or similar measures,"" I ""may increase or expand in scope the duties imposed . . . to ensure the efficacy of th[e] action"" taken in Executive Order 14193. Section 3(b) of Executive Order 14193 provides that the Secretary of Homeland Security, in coordination with other senior officials, ""shall recommend additional action, if necessary, should the Government of Canada fail to take adequate steps to alleviate the illegal migration and illicit drug crises through cooperative enforcement actions."""
92,14325,14193,outside_corpus,Executive Order 14193,"I have received additional information and recommendations from various senior officials regarding, among other things, Canada's lack of cooperation in stemming the flood of fentanyl and other illicit drugs across our northern border—including its failure to devote satisfactory resources to arrest, seize, detain, or otherwise intercept drug trafficking organizations, other drug or human traffickers, criminals at large, and illicit drugs—and Canada's efforts to retaliate against the United States in response to Executive Order 14193, as amended. After considering the additional information and recommendations that I have received, among other things, I have determined that, for the products of Canada that are subject to the additional ad valorem rate of duty of 25 percent, the additional ad valorem rate of duty shall increase from 25 percent to 35 percent. In my judgment, this action is necessary and appropriate to deal with the emergency declared in Executive Order 14193."
92,14325,14193,outside_corpus,Executive Order 14193,"I have received additional information and recommendations from various senior officials regarding, among other things, Canada's lack of cooperation in stemming the flood of fentanyl and other illicit drugs across our northern border—including its failure to devote satisfactory resources to arrest, seize, detain, or otherwise intercept drug trafficking organizations, other drug or human traffickers, criminals at large, and illicit drugs—and Canada's efforts to retaliate against the United States in response to Executive Order 14193, as amended. After considering the additional information and recommendations that I have received, among other things, I have determined that, for the products of Canada that are subject to the additional ad valorem rate of duty of 25 percent, the additional ad valorem rate of duty shall increase from 25 percent to 35 percent. In my judgment, this action is necessary and appropriate to deal with the emergency declared in Executive Order 14193."
92,14325,14193,outside_corpus,Executive Order 14193,"Sec. 2. Implementation. (a) All articles that are subject to the additional ad valorem rate of duty of 25 percent under Executive Order 14193, as amended, shall instead be subject to an additional ad valorem rate of duty of 35 percent. Accordingly, the Harmonized Tariff Schedule of the United States (HTSUS) shall be modified as provided in the Annex to this order."
92,14325,14193,outside_corpus,Executive Order 14193,(c) Nothing in this order shall be construed to alter or otherwise affect section 2(b) of Executive Order 14193 or section 2(a) or section 2(b) of Executive Order 14231.
92,14325,14289,outside_corpus,Executive Order 14289,"(d) The stacking rules set out in Executive Order 14289 of April 29, 2025 (Addressing Certain Tariffs on Imported Articles), and any subsequent order or proclamation addressing stacking of tariffs imposed under IEEPA, shall continue to apply to goods that are subject to subsection (a) of this section."
92,14325,14193,outside_corpus,Executive Order 14193,"Sec. 4. Monitoring and Recommendations. (a) The Secretary of Homeland Security shall continue to monitor, and regularly consult with the Secretary of State, the Attorney General, the Assistant to the President for National Security Affairs, and the Assistant to the President for Homeland Security, on the situation at our northern border. The Secretary of Homeland Security shall inform the President of any circumstances that, in her opinion, might indicate the need for further action by the President. The Secretary of Homeland Security shall also inform the President of any circumstance that, in her opinion, might indicate that the Government of Canada has taken adequate steps to alleviate the emergency declared in Executive Order 14193."
92,14325,14193,outside_corpus,Executive Order 14193,"(b) The Secretary of Homeland Security, in coordination with the Secretary of State, the Attorney General, the Assistant to the President for National Security Affairs, and the Assistant to the President for Homeland Security, shall recommend additional action, if necessary, should the Government of Canada fail to take adequate steps to alleviate the illicit drug crisis or should the Government of Canada retaliate against the United States in response to the actions taken in Executive Order 14193 or any subsequent order issued to address the emergency declared in Executive Order 14193."
92,14325,14193,outside_corpus,Executive Order 14193,"(b) The Secretary of Homeland Security, in coordination with the Secretary of State, the Attorney General, the Assistant to the President for National Security Affairs, and the Assistant to the President for Homeland Security, shall recommend additional action, if necessary, should the Government of Canada fail to take adequate steps to alleviate the illicit drug crisis or should the Government of Canada retaliate against the United States in response to the actions taken in Executive Order 14193 or any subsequent order issued to address the emergency declared in Executive Order 14193."
96,14324,14193,outside_corpus,Executive Order 14193,"Section 1. Background. In Executive Order 14193 of February 1, 2025 (Imposing Duties To Address the Flow of Illicit Drugs Across Our Northern Border), I declared a national emergency regarding the unusual and extraordinary threat to the safety and security of Americans, including the public health crisis caused by fentanyl and other illicit drugs and the failure of Canada to do more to arrest, seize, detain, or otherwise intercept drug trafficking organizations, other drug and human traffickers, criminals at large, and illicit drugs. In that order, I determined that it was necessary and appropriate to, among other things, suspend duty-free de minimis treatment under 19 U.S.C. 1321(a)(2)(C) for articles described in section 2(a) and section 2(b) of that order. In Executive Order 14226 of March 2, 2025 (Amendment to Duties To Address the Flow of Illicit Drugs Across Our Northern Border), I paused the suspension of duty-free de minimis treatment on such articles until I received a notification from the Secretary of Commerce (Secretary) that adequate systems are in place to fully and expeditiously process and collect duties for such articles that would otherwise be eligible for duty-free de minimis treatment."
96,14324,14228,outside_corpus,Executive Order 14228,"I subsequently received notification from the Secretary that adequate systems have been established to process and collect duties for articles of the PRC and Hong Kong that would otherwise be eligible for duty-free de minimis treatment, and in Executive Order 14256 of April 2, 2025 (Further Amendment to Duties Addressing the Synthetic Opioid Supply Chain in the People's Republic of China as Applied to Low-Value Imports), I suspended duty-free de minimis treatment under 19 U.S.C. 1321(a)(2)(C) for products of the PRC and Hong Kong described in section 2(a) of Executive Order 14195, as amended by Executive Order 14228 (Further Amendment to Duties Addressing the Synthetic Opioid Supply Chain in the People's Republic of China). In addition, I instructed the Secretary to submit a report regarding the impact of Executive Order 14256 on American industries, consumers, and supply chains and to make recommendations for further action as he deems necessary."
96,14324,14193,outside_corpus,Executive Order 14193,"The Secretary has notified me that adequate systems are now in place to fully and expeditiously process and collect duties for articles otherwise eligible for duty-free de minimis treatment on a global basis, including for products described in section 2(a) and section 2(b) of Executive Order 14193, section 2(a) of Executive Order 14194, and section 3(a) of Executive Order 14257."
96,14324,14193,outside_corpus,Executive Order 14193,"I determine that it is necessary and appropriate to suspend duty-free de minimis treatment under 19 U.S.C. 1321(a)(2)(C) for certain Canadian goods to deal with the emergency declared in Executive Order 14193, as amended. In my judgment, this suspension is necessary and appropriate to ensure that the tariffs imposed by Executive Order 14193, as amended, are effective in addressing the emergency declared in Executive Order 14193 and that the purpose of this action and other actions to address the emergency declared in Executive Order 14193 is not undermined. For example, many shippers go to great lengths to evade law enforcement and hide illicit substances in imports that go through international commerce. These shippers conceal the true contents of shipments sent to the United States through deceptive shipping practices. Some of the techniques employed by these shippers to conceal the true contents of the shipments, the identity of the distributors, and the country of origin of the imports include the use of re-shippers in the United States, false invoices, fraudulent postage, and deceptive packaging. The risks of evasion, deception, and illicit-drug importation are particularly high for low-value articles that have been eligible for duty-free de minimis treatment."
96,14324,14193,outside_corpus,Executive Order 14193,"I determine that it is necessary and appropriate to suspend duty-free de minimis treatment under 19 U.S.C. 1321(a)(2)(C) for certain Canadian goods to deal with the emergency declared in Executive Order 14193, as amended. In my judgment, this suspension is necessary and appropriate to ensure that the tariffs imposed by Executive Order 14193, as amended, are effective in addressing the emergency declared in Executive Order 14193 and that the purpose of this action and other actions to address the emergency declared in Executive Order 14193 is not undermined. For example, many shippers go to great lengths to evade law enforcement and hide illicit substances in imports that go through international commerce. These shippers conceal the true contents of shipments sent to the United States through deceptive shipping practices. Some of the techniques employed by these shippers to conceal the true contents of the shipments, the identity of the distributors, and the country of origin of the imports include the use of re-shippers in the United States, false invoices, fraudulent postage, and deceptive packaging. The risks of evasion, deception, and illicit-drug importation are particularly high for low-value articles that have been eligible for duty-free de minimis treatment."
96,14324,14193,outside_corpus,Executive Order 14193,"I determine that it is necessary and appropriate to suspend duty-free de minimis treatment under 19 U.S.C. 1321(a)(2)(C) for certain Canadian goods to deal with the emergency declared in Executive Order 14193, as amended. In my judgment, this suspension is necessary and appropriate to ensure that the tariffs imposed by Executive Order 14193, as amended, are effective in addressing the emergency declared in Executive Order 14193 and that the purpose of this action and other actions to address the emergency declared in Executive Order 14193 is not undermined. For example, many shippers go to great lengths to evade law enforcement and hide illicit substances in imports that go through international commerce. These shippers conceal the true contents of shipments sent to the United States through deceptive shipping practices. Some of the techniques employed by these shippers to conceal the true contents of the shipments, the identity of the distributors, and the country of origin of the imports include the use of re-shippers in the United States, false invoices, fraudulent postage, and deceptive packaging. The risks of evasion, deception, and illicit-drug importation are particularly high for low-value articles that have been eligible for duty-free de minimis treatment."
96,14324,14193,outside_corpus,Executive Order 14193,"I determine that it is necessary and appropriate to suspend duty-free de minimis treatment under 19 U.S.C. 1321(a)(2)(C) for certain Canadian goods to deal with the emergency declared in Executive Order 14193, as amended. In my judgment, this suspension is necessary and appropriate to ensure that the tariffs imposed by Executive Order 14193, as amended, are effective in addressing the emergency declared in Executive Order 14193 and that the purpose of this action and other actions to address the emergency declared in Executive Order 14193 is not undermined. For example, many shippers go to great lengths to evade law enforcement and hide illicit substances in imports that go through international commerce. These shippers conceal the true contents of shipments sent to the United States through deceptive shipping practices. Some of the techniques employed by these shippers to conceal the true contents of the shipments, the identity of the distributors, and the country of origin of the imports include the use of re-shippers in the United States, false invoices, fraudulent postage, and deceptive packaging. The risks of evasion, deception, and illicit-drug importation are particularly high for low-value articles that have been eligible for duty-free de minimis treatment."
96,14324,14193,outside_corpus,Executive Order 14193,"Sec. 5. Definition. As used in this order, the term ""effective IEEPA tariff rate"" means the total duty rate imposed on articles to address a national emergency declared under IEEPA, including Executive Order 14257, as amended; Executive Order 14193; as amended, Executive Order 14194, as amended; and Executive Order 14195, as amended, in accordance with the stacking rules set out in Executive Order 14289 of April 29, 2025 (Addressing Certain Tariffs on Imported Articles), and any subsequent order or proclamation addressing stacking or the applicability of tariffs imposed under IEEPA."
96,14324,14289,outside_corpus,Executive Order 14289,"Sec. 5. Definition. As used in this order, the term ""effective IEEPA tariff rate"" means the total duty rate imposed on articles to address a national emergency declared under IEEPA, including Executive Order 14257, as amended; Executive Order 14193; as amended, Executive Order 14194, as amended; and Executive Order 14195, as amended, in accordance with the stacking rules set out in Executive Order 14289 of April 29, 2025 (Addressing Certain Tariffs on Imported Articles), and any subsequent order or proclamation addressing stacking or the applicability of tariffs imposed under IEEPA."
96,14324,14193,outside_corpus,Executive Order 14193,"(b)(i) If the additional duties imposed under Executive Order 14193, as amended, Executive Order 14194, as amended, Executive Order 14195, as amended, or Executive Order 14257, as amended, are held to be invalid, the suspension of, or continued suspension of, duty-free de minimis treatment, as detailed in this order, shall not be affected. Duty-free de minimis treatment would still be suspended, whether pursuant to my authority under 50 U.S.C. 1702(a)(1)(B) to ""regulate . . . importation"" or my authority under that provision to ""nullify"" or ""void"" ""exercising any right . . . or privilege with respect to . . . any property,"" in the way and to the extent explained in this order, to deal with the emergencies declared in Executive Order 14193, as amended, Executive Order 14194, as amended, Executive Order 14195, as amended, or Executive Order 14257, as amended. Such suspensions are still necessary and appropriate to address the unusual and extraordinary threats to the national security, foreign policy, and economy of the United States. Each determination to suspend or continue to suspend duty-free de minimis treatment is still independent from the other determination and made only with the purpose to deal with the respective emergency and not for the purpose of dealing with another emergency. CBP is directed and authorized to take all necessary actions consistent with applicable law to implement and effectuate this order in line with this section - including through temporary suspension or amendment of regulations or through notices in the Federal Register and by adopting rules, regulations, or guidance—and to employ all powers granted to the President by IEEPA as may be necessary to implement and effectuate this order in line with this section."
96,14324,14193,outside_corpus,Executive Order 14193,"(b)(i) If the additional duties imposed under Executive Order 14193, as amended, Executive Order 14194, as amended, Executive Order 14195, as amended, or Executive Order 14257, as amended, are held to be invalid, the suspension of, or continued suspension of, duty-free de minimis treatment, as detailed in this order, shall not be affected. Duty-free de minimis treatment would still be suspended, whether pursuant to my authority under 50 U.S.C. 1702(a)(1)(B) to ""regulate . . . importation"" or my authority under that provision to ""nullify"" or ""void"" ""exercising any right . . . or privilege with respect to . . . any property,"" in the way and to the extent explained in this order, to deal with the emergencies declared in Executive Order 14193, as amended, Executive Order 14194, as amended, Executive Order 14195, as amended, or Executive Order 14257, as amended. Such suspensions are still necessary and appropriate to address the unusual and extraordinary threats to the national security, foreign policy, and economy of the United States. Each determination to suspend or continue to suspend duty-free de minimis treatment is still independent from the other determination and made only with the purpose to deal with the respective emergency and not for the purpose of dealing with another emergency. CBP is directed and authorized to take all necessary actions consistent with applicable law to implement and effectuate this order in line with this section - including through temporary suspension or amendment of regulations or through notices in the Federal Register and by adopting rules, regulations, or guidance—and to employ all powers granted to the President by IEEPA as may be necessary to implement and effectuate this order in line with this section."
116,14301,14158,outside_corpus,Executive Order 14158,"Sec. 7. Implementation. The Secretary shall work with the DOGE Team Lead at the Department, as defined in Executive Order 14158 of January 20, 2025 (Establishing and Implementing the President's ""Department of Government Efficiency""), with the Director of the Office of Management and Budget, and with the Director of the Office of Science and Technology Policy to implement this order."
117,14300,14158,outside_corpus,Executive Order 14158,"Sec. 4. Reforming the NRC's Structure. (a) The current structure and staffing of the NRC are misaligned with the Congress's directive that the NRC shall not unduly restrict the benefits of nuclear power. The NRC shall, in consultation with the NRC's DOGE Team (as defined in Executive Order 14158 of January 20, 2025 (Establishing and Implementing the President's ""Department of Government Efficiency"")), and consistent with its governing statutes, reorganize the NRC to promote the expeditious processing of license applications and the adoption of innovative technology. The NRC shall undertake reductions in force in conjunction with this reorganization, though certain functions may increase in size consistent with the policies in this order, including those devoted to new reactor licensing. The NRC shall also create a dedicated team of at least 20 officials to draft the new regulations directed by section 5 of this order."
125,14294,12866,outside_corpus,Executive Order 12866,"(c) Strict liability criminal regulatory offenses are disfavored. Any proposed or final criminal regulatory offense that includes a strict liability mens rea for the offense shall be treated as a ""significant regulatory action"" and submitted to the Administrator of the Office of Information and Regulatory Affairs for the review applicable to significant regulatory actions under Executive Order 12866 of September 30, 1993 (Regulatory Planning and Review), or any successor process."
140,14281,12250,outside_corpus,Executive Order 12250,"Sec. 5. Existing Regulations. (a) As delegated by Executive Order 12250 of November 2, 1980 (Leadership and Coordination of Nondiscrimination Laws), the Attorney General shall initiate appropriate action to repeal or amend the implementing regulations for Title VI of the Civil Rights Act of 1964 for all agencies to the extent they contemplate disparate-impact liability."
143,14276,13921,outside_corpus,Executive Order 13921,"Sec. 2. Purpose. The United States must address unfair trade practices, eliminate unsafe imports, level the unfair playing field that has benefited foreign fishing companies, promote ethical sourcing, reduce regulatory burdens, and ensure the integrity of the seafood supply chain. Previously, I signed Executive Order 13921 of May 7, 2020 (Promoting American Seafood Competitiveness and Economic Growth). That successful order—which remains in effect—enhanced the competitiveness of United States seafood, streamlined regulations, supported maritime jobs and coastal economies, and improved data collection. During the past 4 years, our fishermen were once again crushed under the pressure of unnecessary regulations and unfavorable policies. It is vital that we now build upon our previous hard work with new, additional measures to promote domestic fishing."
143,14276,13921,outside_corpus,Executive Order 13921,"(i) The Secretary of Commerce shall request that each Regional Fishery Management Council, within 180 days of the date of this order, provide the Secretary of Commerce with updates to their recommendations submitted pursuant to Executive Order 13921, to reduce burdens on domestic fishing and to increase production. Building upon the earlier goals, identified actions should stabilize markets, improve access, enhance economic profitability, and prevent closures. The Regional Fishery Management Councils will commit to a work plan and a schedule for implementation to ensure these actions are prioritized."
143,14276,13921,outside_corpus,Executive Order 13921,"(b) Upon completion of the process described in subsection (a) of this section, the Secretary of Commerce shall consider updating the Department of Commerce's contribution to the Unified Regulatory Agenda. The Secretary of Commerce shall resume submission of annual reports to the Director of the Office of Management and Budget, the Assistant to the President for Economic Policy, the Assistant to the President for Domestic Policy, and the Chairman of the Council on Environmental Quality pursuant to these activities as described in Executive Order 13921."
149,14270,14158,outside_corpus,Executive Order 14158,"(d) ""DOGE Team Lead"" means the leader of the DOGE Team at each agency as described in Executive Order 14158."
150,14263,14230,outside_corpus,Executive Order 14230,"Sec. 4. Racial Discrimination. Nothing in this order shall be construed to limit the action authorized by section 4 of Executive Order 14230 of March 6, 2025 (Addressing Risks from Perkins Coie LLP)."
152,14267,12866,outside_corpus,Executive Order 12866,"(c) In conducting the review required by subsection (a) of this section, agency heads shall prioritize review of those rules that satisfy the definition of ""significant regulatory action"" in Executive Order 12866 of September 30, 1993 (Regulatory Planning and Review), as amended."
161,14258,14166,outside_corpus,Executive Order 14166,"Section 1. Extension. (a) The enforcement delay specified in section 2(a) of Executive Order 14166 of January 20, 2025 (Application of Protecting Americans from Foreign Adversary Controlled Applications Act to TikTok), is further extended until June 19, 2025. During this period, the Department of Justice shall take no action to enforce the Protecting Americans from Foreign Adversary Controlled Applications Act (the ""Act"") (Public Law 118-50, Div. H) or impose any penalties against any entity for any noncompliance with the Act, including for distributing, maintaining, or updating (or enabling the distribution, maintenance, or updating) of any foreign adversary controlled application as defined in the Act. In light of this direction, even after the expiration of the above-specified period, the Department of Justice shall not take any action to enforce the Act or impose any penalties against any entity for any conduct that occurred during the above-specified period or any period prior to the issuance of this order, including the period of time from January 19, 2025, to the date of this order."
162,14256,14228,outside_corpus,Executive Order 14228,"As noted in Executive Order 14195 of February 1, 2025 (Imposing Duties to Address the Synthetic Opioid Supply Chain in the People's Republic of China), as amended by Executive Order 14228 of March 3, 2025 (Further Amendment to Duties Addressing the Synthetic Opioid Supply Chain in the People's Republic of China), these exports play a significant role in the synthetic opioid crisis in the United States. In Executive Order 14200 of February 5, 2025 (Amendment to Duties Addressing the Synthetic Opioid Supply Chain in the People's Republic of China), I suspended the elimination of duty-free de minimis treatment on articles described in section 2(a) of Executive Order 14195. The Secretary of Commerce has notified me that adequate systems are now in place to process and collect tariff revenue for covered goods from the PRC otherwise eligible for duty-free de minimis treatment under 19 U.S.C. 1321(a)(2)(C). Accordingly, duty-free de minimis treatment under 19 U.S.C. 1321(a)(2)(C) shall no longer be available for products of the PRC (which include products of Hong Kong) described in section 2(a) of Executive Order 14195, as amended by Executive Order 14228, including international postal packages sent to the United States through the international postal network from the PRC or Hong Kong, that are entered for consumption, or withdrawn from warehouse for consumption, on or after 12:01 am eastern daylight time on May 2, 2025. Additional duties for such imported merchandise shall be collected at the rates described in this order."
162,14256,14228,outside_corpus,Executive Order 14228,"As noted in Executive Order 14195 of February 1, 2025 (Imposing Duties to Address the Synthetic Opioid Supply Chain in the People's Republic of China), as amended by Executive Order 14228 of March 3, 2025 (Further Amendment to Duties Addressing the Synthetic Opioid Supply Chain in the People's Republic of China), these exports play a significant role in the synthetic opioid crisis in the United States. In Executive Order 14200 of February 5, 2025 (Amendment to Duties Addressing the Synthetic Opioid Supply Chain in the People's Republic of China), I suspended the elimination of duty-free de minimis treatment on articles described in section 2(a) of Executive Order 14195. The Secretary of Commerce has notified me that adequate systems are now in place to process and collect tariff revenue for covered goods from the PRC otherwise eligible for duty-free de minimis treatment under 19 U.S.C. 1321(a)(2)(C). Accordingly, duty-free de minimis treatment under 19 U.S.C. 1321(a)(2)(C) shall no longer be available for products of the PRC (which include products of Hong Kong) described in section 2(a) of Executive Order 14195, as amended by Executive Order 14228, including international postal packages sent to the United States through the international postal network from the PRC or Hong Kong, that are entered for consumption, or withdrawn from warehouse for consumption, on or after 12:01 am eastern daylight time on May 2, 2025. Additional duties for such imported merchandise shall be collected at the rates described in this order."
162,14256,14228,outside_corpus,Executive Order 14228,"Sec. 2. Assessment of Duties on Low-Value Products of the PRC. (a) Other than articles sent to the United States through the international postal network (for which a duty is separately provided as described in subsections (b) and (c) of this section), all shipments of articles described in section 2(a) of Executive Order 14195, as amended by Executive Order 14228, that are products of the PRC or Hong Kong; that are sent to the United States; that are valued at or under 800 dollars and that would otherwise qualify for the de minimis exemption authorized in 19 U.S.C. 1321(a)(2)(C); and that are entered for consumption, or withdrawn from warehouse for consumption, on or after 12:01 am eastern daylight time on May 2, 2025, shall be entered by a party qualified to make entry under another appropriate entry type in the Automated Commercial Environment (ACE) operated by U.S. Customs and Border Protection (CBP) of the Department of Homeland Security, with all applicable duties, including those imposed by section 2(a) of Executive Order 14195, as amended by Executive Order 14228, and paid in accordance with the applicable entry and payment procedures. Executive departments and agencies, including the Department of Homeland Security, through CBP, shall take all necessary actions to effectuate the objectives of this order, consistent with applicable law, including through temporary suspension or amendment of regulations or notices in the Federal Register. The United States International Trade Commission shall continue to act ministerially by modifying the Harmonized Tariff Schedule of the United States (HTSUS), as needed, to reflect the actions set out in this order."
162,14256,14228,outside_corpus,Executive Order 14228,"Sec. 2. Assessment of Duties on Low-Value Products of the PRC. (a) Other than articles sent to the United States through the international postal network (for which a duty is separately provided as described in subsections (b) and (c) of this section), all shipments of articles described in section 2(a) of Executive Order 14195, as amended by Executive Order 14228, that are products of the PRC or Hong Kong; that are sent to the United States; that are valued at or under 800 dollars and that would otherwise qualify for the de minimis exemption authorized in 19 U.S.C. 1321(a)(2)(C); and that are entered for consumption, or withdrawn from warehouse for consumption, on or after 12:01 am eastern daylight time on May 2, 2025, shall be entered by a party qualified to make entry under another appropriate entry type in the Automated Commercial Environment (ACE) operated by U.S. Customs and Border Protection (CBP) of the Department of Homeland Security, with all applicable duties, including those imposed by section 2(a) of Executive Order 14195, as amended by Executive Order 14228, and paid in accordance with the applicable entry and payment procedures. Executive departments and agencies, including the Department of Homeland Security, through CBP, shall take all necessary actions to effectuate the objectives of this order, consistent with applicable law, including through temporary suspension or amendment of regulations or notices in the Federal Register. The United States International Trade Commission shall continue to act ministerially by modifying the Harmonized Tariff Schedule of the United States (HTSUS), as needed, to reflect the actions set out in this order."
162,14256,14228,outside_corpus,Executive Order 14228,"(i) All postal items containing goods described in section 2(a) of Executive Order 14195 and sent to the United States through the international postal network from the PRC or Hong Kong and transported by carriers that are valued at or under 800 dollars and that would otherwise qualify for the de minimis exemption authorized in 19 U.S.C. 1321(a)(2)(C) shall be subject to the duties described in subsection (c) of this section. In order to address the threat of the PRC's failure to act to blunt the sustained influx of synthetic opioids into the United States, while allowing for the orderly flow of legitimate international mail, the duties imposed in subsection (c) of this section, except as required by applicable law, are imposed in lieu of any other duties that the shipments would otherwise be subject to, including the 20 percent ad valorem duty established in Executive Order 14195, as amended by Executive Order 14228; most-favored nation rates embodied in the HTSUS; and duties imposed pursuant to section 301 of the Trade Act of 1974."
163,14257,14193,outside_corpus,Executive Order 14193,"(d) With respect to articles from Canada, I have imposed additional duties on certain goods to address a national emergency resulting from the flow of illicit drugs across our northern border pursuant to Executive Order 14193 of February 1, 2025 (Imposing Duties To Address the Flow of Illicit Drugs Across Our Northern Border), as amended by Executive Order 14197 of February 3, 2025 (Progress on the Situation at Our Northern Border), and Executive Order 14231 of March 2, 2025 (Amendment to Duties To Address the Flow of Illicit Drugs Across Our Northern Border). With respect to articles from Mexico, I have imposed additional duties on certain goods to address a national emergency resulting from the flow of illicit drugs and illegal migration across our southern border pursuant to Executive Order 14194 of February 1, 2025 (Imposing Duties To Address the Situation at Our Southern Border), as amended by Executive Order 14198 of February 3, 2025 (Progress on the Situation at Our Southern Border), and Executive Order 14227 of March 2, 2025 (Amendment to Duties To Address the Situation at Our Southern Border). As a result of these border emergency tariff actions, all goods of Canada or Mexico under the terms of general note 11 to the HTSUS, including any treatment set forth in subchapter XXIII of chapter 98 and subchapter XXII of chapter 99 of the HTSUS, as related to the Agreement between the United States of America, United Mexican States, and Canada (USMCA), continue to be eligible to enter the U.S. market under these preferential terms. However, all goods of Canada or Mexico that do not qualify as originating under USMCA are presently subject to additional ad valorem duties of 25 percent, with energy or energy resources and potash imported from Canada and not qualifying as originating under USMCA presently subject to the lower additional ad valorem duty of 10 percent."
163,14257,14197,outside_corpus,Executive Order 14197,"(d) With respect to articles from Canada, I have imposed additional duties on certain goods to address a national emergency resulting from the flow of illicit drugs across our northern border pursuant to Executive Order 14193 of February 1, 2025 (Imposing Duties To Address the Flow of Illicit Drugs Across Our Northern Border), as amended by Executive Order 14197 of February 3, 2025 (Progress on the Situation at Our Northern Border), and Executive Order 14231 of March 2, 2025 (Amendment to Duties To Address the Flow of Illicit Drugs Across Our Northern Border). With respect to articles from Mexico, I have imposed additional duties on certain goods to address a national emergency resulting from the flow of illicit drugs and illegal migration across our southern border pursuant to Executive Order 14194 of February 1, 2025 (Imposing Duties To Address the Situation at Our Southern Border), as amended by Executive Order 14198 of February 3, 2025 (Progress on the Situation at Our Southern Border), and Executive Order 14227 of March 2, 2025 (Amendment to Duties To Address the Situation at Our Southern Border). As a result of these border emergency tariff actions, all goods of Canada or Mexico under the terms of general note 11 to the HTSUS, including any treatment set forth in subchapter XXIII of chapter 98 and subchapter XXII of chapter 99 of the HTSUS, as related to the Agreement between the United States of America, United Mexican States, and Canada (USMCA), continue to be eligible to enter the U.S. market under these preferential terms. However, all goods of Canada or Mexico that do not qualify as originating under USMCA are presently subject to additional ad valorem duties of 25 percent, with energy or energy resources and potash imported from Canada and not qualifying as originating under USMCA presently subject to the lower additional ad valorem duty of 10 percent."
168,14250,14230,outside_corpus,Executive Order 14230,"Sec. 4. Racial Discrimination. Nothing in this order shall be construed to limit the action authorized by section 4 of Executive Order 14230 of March 6, 2025 (Addressing Risks from Perkins Coie LLP)."
173,14248,14148,outside_corpus,Executive Order 14148,"Sec. 9. Federal Actions to Address Executive Order 14019. The heads of all agencies, and the Election Assistance Commission, shall cease all agency actions implementing Executive Order 14019 of March 7, 2021 (Promoting Access to Voting), which was revoked by Executive Order 14148 of on January 20, 2025 (Initial Rescissions of Harmful Executive Orders and Actions), and, within 90 days of the date of this order, submit to the President, through the Assistant to the President for Domestic Policy, a report describing compliance with this order."
181,14236,14148,outside_corpus,Executive Order 14148,"Section 1. Purpose. In Executive Order 14148 of January 20, 2025 (Initial Rescissions of Harmful Executive Orders and Actions), I rescinded 78 Presidential orders and memoranda issued by then-President Biden. I also directed the Assistant to the President for Domestic Policy, the Assistant to the President for Economic Policy, and the Assistant to the President for National Security Affairs to compile lists of additional orders, memoranda, and proclamations issued by the prior administration that should be rescinded. I have determined that the following additional rescissions are necessary to advance the policy of the United States to restore common sense to the Federal Government and unleash the potential of American citizens."
181,14236,14026,outside_corpus,Executive Order 14026,"(d) Executive Order 14026 of April 27, 2021 (Increasing the Minimum Wage for Federal Contractors)."
182,14237,14230,outside_corpus,Executive Order 14230,"Sec. 4. Racial Discrimination. Nothing in this order shall be construed to limit the action authorized by section 4 of Executive Order 14230 of March 6, 2025 (Addressing Risks from Perkins Coie LLP)."
187,14231,14193,outside_corpus,Executive Order 14193,"Section 1. Background. Automotive production is a major source of United States employment and innovation and is integral to United States economic and national security. The American automotive industry as currently structured often trades substantial volumes of automotive parts and components across our borders in the interest of bringing supply chains closer to North America. In order to minimize disruption to the United States automotive industry and automotive workers, it is appropriate to adjust the tariffs imposed on articles of Canada in Executive Order 14193 of February 1, 2025 (Imposing Duties to Address the Flow of Illicit Drugs Across Our Northern Border)."
187,14231,14193,outside_corpus,Executive Order 14193,"Sec. 2. Product Coverage. (a) Articles that are entered free of duty as a good of Canada under the terms of general note 11 to the Harmonized Tariff Schedule of the United States (HTSUS), including any treatment set forth in subchapter XXIII of chapter 98 and subchapter XXII of chapter 99 of the HTSUS, as related to the Agreement between the United States of America, United Mexican States, and Canada, shall not be subject to the additional ad valorem rate of duty described in section 2(a) or section 2(b) of Executive Order 14193."
193,14226,14193,outside_corpus,Executive Order 14193,"Section 1. Amendment. Executive Order 14193 of February 1, 2025 (Imposing Duties to Address the Flow of Illicit Drugs Across Our Northern Border), as amended by Executive Order 14197 of February 3, 2025 (Progress on the Situation at Our Northern Border), is further amended by revising section 2(h) to read as follows:"
193,14226,14197,outside_corpus,Executive Order 14197,"Section 1. Amendment. Executive Order 14193 of February 1, 2025 (Imposing Duties to Address the Flow of Illicit Drugs Across Our Northern Border), as amended by Executive Order 14197 of February 3, 2025 (Progress on the Situation at Our Northern Border), is further amended by revising section 2(h) to read as follows:"
201,14219,12866,outside_corpus,Executive Order 12866,"(b) In conducting the review required by subsection (a) of this section, agencies shall prioritize review of those rules that satisfy the definition of ""significant regulatory action"" in Executive Order 12866 of September 30, 1993 (Regulatory Planning and Review), as amended."
201,14219,12866,outside_corpus,Executive Order 12866,"Sec. 4. Promulgation of New Regulations. Agencies shall continue to follow the processes set out in Executive Order 12866 for submitting regulations for review by OIRA. Additionally, agency heads shall consult with their DOGE Team Leads and the Administrator of OIRA on potential new regulations as soon as practicable. In evaluating potential new regulations, agency heads, DOGE Team Leads, and the Administrator of OIRA shall consider, in addition to the factors set out in Executive Order 12866, the factors set out in section 2(a) of this order."
201,14219,12866,outside_corpus,Executive Order 12866,"Sec. 4. Promulgation of New Regulations. Agencies shall continue to follow the processes set out in Executive Order 12866 for submitting regulations for review by OIRA. Additionally, agency heads shall consult with their DOGE Team Leads and the Administrator of OIRA on potential new regulations as soon as practicable. In evaluating potential new regulations, agency heads, DOGE Team Leads, and the Administrator of OIRA shall consider, in addition to the factors set out in Executive Order 12866, the factors set out in section 2(a) of this order."
201,14219,14158,outside_corpus,Executive Order 14158,"(c) ""DOGE Team Lead"" shall mean the leader of the DOGE Team at each agency as described in Executive Order 14158 of January 20, 2025 (Establishing and Implementing the President's ""Department of Government Efficiency"")."
201,14219,12866,outside_corpus,Executive Order 12866,"(e) ""Regulation"" shall have the meaning given to ""regulatory action"" in section 3(e) of Executive Order 12866, and also includes any ""guidance document"" as defined in Executive Order 13422 of January 18, 2007 (Further Amendment to Executive Order 12866 on Regulatory Planning and Review)."
201,14219,12866,outside_corpus,Executive Order 12866,"(e) ""Regulation"" shall have the meaning given to ""regulatory action"" in section 3(e) of Executive Order 12866, and also includes any ""guidance document"" as defined in Executive Order 13422 of January 18, 2007 (Further Amendment to Executive Order 12866 on Regulatory Planning and Review)."
202,14217,13318,outside_corpus,Executive Order 13318,"(e) The OPM Director is directed to initiate the process to withdraw the regulations at title 5, part 362, subpart D, Code of Federal Regulations, and to take any other steps necessary to promptly terminate the Presidential Management Fellows Program. On the effective date of the final regulations promulgated by the OPM Director, Executive Order 13318 of November 21, 2003, is revoked and Executive Order 13562 of December 27, 2010, is amended by:"
203,14215,12866,outside_corpus,Executive Order 12866,"Sec. 3. OIRA Review of Agency Regulations. (a) Section 3(b) of Executive Order 12866 of September 30, 1993 (""Regulatory Planning and Review""), as amended, is hereby amended to read as follows:"
203,14215,12866,outside_corpus,Executive Order 12866,"(b) The Director of the Office of Management and Budget (OMB) shall provide guidance on implementation of this order to the heads of executive departments and agencies newly submitting regulatory actions under section 3(b) of Executive Order 12866. Agency submissions by independent regulatory agencies under such section shall commence within the earlier of 60 days from the date of this order, or completion of such implementation guidance."
209,14210,14158,outside_corpus,Executive Order 14158,"(c) ""DOGE Team Lead"" means the leader of the Department of Government Efficiency (DOGE) Team at each agency, as defined in Executive Order 14158 of January 20, 2025 (Establishing and Implementing the President's ""Department of Government Efficiency"")."
209,14210,14170,outside_corpus,Executive Order 14170,"Sec. 3. Reforming the Federal Workforce to Maximize Efficiency and Productivity. (a) Hiring Ratio. Pursuant to the Presidential Memorandum of January 20, 2025 (Hiring Freeze), the Director of the Office of Management and Budget shall submit a plan to reduce the size of the Federal Government's workforce through efficiency improvements and attrition (Plan). The Plan shall require that each agency hire no more than one employee for every four employees that depart, consistent with the plan and any applicable exemptions and details provided for in the Plan. This order does not affect the standing freeze on hiring as applied to the Internal Revenue Service. This ratio shall not apply to functions related to public safety, immigration enforcement, or law enforcement. Agency Heads shall also adhere to the Federal Hiring Plan that will be promulgated pursuant to Executive Order 14170 of January 20, 2025 (Reforming the Federal Hiring Process and Restoring Merit to Government Service)."
214,14205,13397,outside_corpus,Executive Order 13397,"Sec. 2. Amendments to Executive Orders. (a) Executive Order 13198 of January 29, 2001 (Agency Responsibilities With Respect to Faith-Based and Community Initiatives); Executive Order 13279 of December 12, 2002 (Equal Protection of the Laws for Faith-Based and Community Organizations), as amended by Executive Order 13559 of November 17, 2010 (Fundamental Principles and Policymaking Criteria for Partnerships With Faith-Based and Other Neighborhood Organizations); Executive Order 13280 of December 12, 2002 (Responsibilities of the Department of Agriculture and the Agency for International Development With Respect to Faith-Based and Community Initiatives); Executive Order 13342 of June 1, 2004 (Responsibilities of the Departments of Commerce and Veterans Affairs and the Small Business Administration With Respect to Faith-Based and Community Initiatives); and Executive Order 13397 of March 7, 2006 (Responsibilities of the Department of Homeland Security With Respect to Faith-Based and Community Initiatives), are hereby amended by:"
214,14205,13397,outside_corpus,Executive Order 13397,"(b) The Office shall be housed in the Domestic Policy Council and headed by a Senior Advisor to the White House Faith Office, and supported by other positions as the President considers appropriate. In carrying out this order, the Office shall work with the Domestic Policy Council, the Office of Public Liaison, and the Centers for Faith established by Executive Order 13198, Executive Order 13280, Executive Order 13342, and Executive Order 13397, as amended by section 2(a)(ii) of this order."
225,14195,14157,outside_corpus,Executive Order 14157,"The flow of contraband drugs like fentanyl to the United States through illicit distribution networks has created a national emergency, including a public health crisis in the United States, as outlined in the Presidential Memorandum of January 20, 2025 (America First Trade Policy), Proclamation 10886 of January 20, 2025 (Declaring a National Emergency at the Southern Border of the United States), and Executive Order 14157 of January 20, 2025 (Designating Cartels and Other Organizations as Foreign Terrorist Organizations and Specially Designated Global Terrorists)."
227,14192,12866,outside_corpus,Executive Order 12866,"Sec. 4. Annual Regulatory Cost Submissions to the Office of Management and Budget. Beginning with the Regulatory Plans, as required under Executive Order 12866 of September 30, 1993 (Regulatory Planning and Review), as amended, or any successor order for fiscal year 2026, and for each fiscal year thereafter:"
227,14192,12866,outside_corpus,Executive Order 12866,"(b) Each regulation approved by the Director during the Presidential budget process shall be included in the Unified Regulatory Agenda required under Executive Order 12866, as amended, or any successor order. Unless otherwise required by law, no regulation shall be added to or removed from the Unified Regulatory Agenda without the approval of the Director. To accomplish the purposes of this order, the Director may also require additions to the Unified Regulatory Agenda and Regulatory Plan."
227,14192,12866,outside_corpus,Executive Order 12866,"(c) Unless otherwise required by law, no regulation shall be issued by an agency if it was not included in the most recent version or update of the published Unified Regulatory Agenda as required under Executive Order 12866, as amended, or any successor order, unless the issuance of such regulation was approved in advance in writing by the Director."
227,14192,12866,outside_corpus,Executive Order 12866,"(c) The Secretary of the Treasury and the Director shall reinstate the Memorandum of Agreement between the Department of the Treasury and the Office of Management and Budget of April 11, 2018, regarding review of tax regulations under Executive Order 12866."
237,14182,14076,outside_corpus,Executive Order 14076,"(a) Executive Order 14076 of July 8, 2022; and"
264,14159,14010,outside_corpus,Executive Order 14010,"(a) Executive Order 13993 of January 20, 2021 (Revision of Civil Immigration Enforcement Policies and Priorities), Executive Order 14010 of February 2, 2021 (Creating a Comprehensive Regional Framework To Address the Causes of Migration, To Manage Migration Throughout North and Central America, and To Provide Safe and Orderly Processing of Asylum Seekers at the United States Border), Executive Order 14011 of February 2, 2021 (Establishment of Interagency Task Force on the Reunification of Families), and Executive Order 14012 of February 2, 2021 (Restoring Faith in Our Legal Immigration Systems and Strengthening Integration and Inclusion Efforts for New Americans) are hereby revoked; and"
264,14159,14012,outside_corpus,Executive Order 14012,"(a) Executive Order 13993 of January 20, 2021 (Revision of Civil Immigration Enforcement Policies and Priorities), Executive Order 14010 of February 2, 2021 (Creating a Comprehensive Regional Framework To Address the Causes of Migration, To Manage Migration Throughout North and Central America, and To Provide Safe and Orderly Processing of Asylum Seekers at the United States Border), Executive Order 14011 of February 2, 2021 (Establishment of Interagency Task Force on the Reunification of Families), and Executive Order 14012 of February 2, 2021 (Restoring Faith in Our Legal Immigration Systems and Strengthening Integration and Inclusion Efforts for New Americans) are hereby revoked; and"
271,14154,14027,outside_corpus,Executive Order 14027,"(vi) Executive Order 14027 of May 7, 2021 (Establishment of the Climate Change Support Office);"
271,14154,14072,outside_corpus,Executive Order 14072,"(x) Executive Order 14072 of April 22, 2022 (Strengthening the Nation's Forests, Communities, and Local Economies);"
276,14144,14028,outside_corpus,Executive Order 14028,"Building on the foundational steps I directed in Executive Order 14028 of May 12, 2021 (Improving the Nation's Cybersecurity), and the initiatives detailed in the National Cybersecurity Strategy, I am ordering additional actions to improve our Nation's cybersecurity, focusing on defending our digital infrastructure, securing the services and capabilities most vital to the digital domain, and building our capability to address key threats, including those from the People's Republic of China. Improving accountability for software and cloud service providers, strengthening the security of Federal communications and identity management systems, and promoting innovative developments and the use of emerging technologies for cybersecurity across executive departments and agencies (agencies) and with the private sector are especially critical to improvement of the Nation's cybersecurity."
276,14144,14028,outside_corpus,Executive Order 14028,"(b) Executive Order 14028 directed actions to improve the security and integrity of software critical to the Federal Government's ability to function. Executive Order 14028 directed the development of guidance on secure software development practices and on generating and providing evidence in the form of artifacts—computer records or data that are generated manually or by automated means—that demonstrate compliance with those practices. Additionally, it directed the Director of the Office of Management and Budget (OMB) to require agencies to use only software from providers that attest to using those secure software development practices. In some instances, providers of software to the Federal Government commit to following cybersecurity practices, yet do not fix well-known exploitable vulnerabilities in their software, which puts the Government at risk of compromise. The Federal Government needs to adopt more rigorous third-party risk management practices and greater assurance that software providers that support critical Government services are following the practices to which they attest."
276,14144,14028,outside_corpus,Executive Order 14028,"(b) Executive Order 14028 directed actions to improve the security and integrity of software critical to the Federal Government's ability to function. Executive Order 14028 directed the development of guidance on secure software development practices and on generating and providing evidence in the form of artifacts—computer records or data that are generated manually or by automated means—that demonstrate compliance with those practices. Additionally, it directed the Director of the Office of Management and Budget (OMB) to require agencies to use only software from providers that attest to using those secure software development practices. In some instances, providers of software to the Federal Government commit to following cybersecurity practices, yet do not fix well-known exploitable vulnerabilities in their software, which puts the Government at risk of compromise. The Federal Government needs to adopt more rigorous third-party risk management practices and greater assurance that software providers that support critical Government services are following the practices to which they attest."
276,14144,14028,outside_corpus,Executive Order 14028,"(b) To prioritize investments in the innovative identity technologies and processes of the future and phishing-resistant authentication options, FCEB agencies shall begin using, in pilot deployments or in larger deployments as appropriate, commercial phishing-resistant standards such as WebAuthn, building on the deployments that OMB and CISA have developed and established since the issuance of Executive Order 14028. These pilot deployments shall be used to inform future directions for Federal identity, credentialing, and access management strategies."
276,14144,14028,outside_corpus,Executive Order 14028,"(c) The Federal Government must maintain the ability to rapidly and effectively identify threats across the Federal enterprise. In Executive Order 14028, I directed the Secretary of Defense and the Secretary of Homeland Security to establish procedures to immediately share threat information to strengthen the collective defense of Department of Defense and civilian networks. To enable identification of threat activity, CISA's capability to hunt for and identify threats across FCEB agencies under 44 U.S.C. 3553(b)(7) must be strengthened."
279,14140,13304,outside_corpus,Executive Order 13304,"I, Joseph R. Biden Jr., President of the United States of America, in view of events in the Western Balkans, including continued attempts by individuals to challenge the sovereignty and territorial integrity of Western Balkans nations, to undermine post-war agreements and institutions, to engage in significant corruption that erodes the rule of law and trust in democratic governance, and to evade United States Government sanctions, and in order to take additional steps with respect to the national emergency declared in Executive Order 13219 of June 26, 2001 (Blocking Property of Persons Who Threaten International Stabilization Efforts in the Western Balkans), as amended by Executive Order 13304 of May 28, 2003 (Termination of Emergencies With Respect to Yugoslavia and Modification of Executive Order 13219 of June 26, 2001), and expanded in scope by Executive Order 14033 of June 8, 2021 (Blocking Property and Suspending Entry Into the United States of Certain Persons Contributing to the Destabilizing Situation in the Western Balkans), hereby order:"
297,14122,13910,outside_corpus,Executive Order 13910,"Sec. 2. Revocations. Executive Order 13910 of March 23, 2020 (Preventing Hoarding of Health and Medical Resources to Respond to the Spread of COVID-19), Executive Order 13991 of January 20, 2021 (Protecting the Federal Workforce and Requiring Mask-Wearing), and Executive Order 13998 of January 21, 2021 (Promoting COVID-19 Safety in Domestic and International Travel), are hereby revoked."
301,14118,13288,outside_corpus,Executive Order 13288,"I, Joseph R. Biden Jr., President of the United States of America, find that the declaration of a national emergency in Executive Order 13288 of March 6, 2003, with respect to the actions and policies of certain members of the Government of Zimbabwe and other persons to undermine Zimbabwe's democratic processes or institutions, as relied upon for additional steps taken in Executive Order 13391 of November 22, 2005, and as expanded by Executive Order 13469 of July 25, 2008, should no longer be in effect. Although I continue to be concerned with the situation in Zimbabwe, particularly with respect to acts of violence and other human rights abuses against political opponents and with respect to public corruption, including misuse of public authority, the declaration of a national emergency in Executive Order 13288 is no longer needed. Accordingly, I hereby terminate the national emergency declared in Executive Order 13288, and revoke that order, Executive Order 13391, and Executive Order 13469, and further order:"
301,14118,13288,outside_corpus,Executive Order 13288,"I, Joseph R. Biden Jr., President of the United States of America, find that the declaration of a national emergency in Executive Order 13288 of March 6, 2003, with respect to the actions and policies of certain members of the Government of Zimbabwe and other persons to undermine Zimbabwe's democratic processes or institutions, as relied upon for additional steps taken in Executive Order 13391 of November 22, 2005, and as expanded by Executive Order 13469 of July 25, 2008, should no longer be in effect. Although I continue to be concerned with the situation in Zimbabwe, particularly with respect to acts of violence and other human rights abuses against political opponents and with respect to public corruption, including misuse of public authority, the declaration of a national emergency in Executive Order 13288 is no longer needed. Accordingly, I hereby terminate the national emergency declared in Executive Order 13288, and revoke that order, Executive Order 13391, and Executive Order 13469, and further order:"
301,14118,13288,outside_corpus,Executive Order 13288,"I, Joseph R. Biden Jr., President of the United States of America, find that the declaration of a national emergency in Executive Order 13288 of March 6, 2003, with respect to the actions and policies of certain members of the Government of Zimbabwe and other persons to undermine Zimbabwe's democratic processes or institutions, as relied upon for additional steps taken in Executive Order 13391 of November 22, 2005, and as expanded by Executive Order 13469 of July 25, 2008, should no longer be in effect. Although I continue to be concerned with the situation in Zimbabwe, particularly with respect to acts of violence and other human rights abuses against political opponents and with respect to public corruption, including misuse of public authority, the declaration of a national emergency in Executive Order 13288 is no longer needed. Accordingly, I hereby terminate the national emergency declared in Executive Order 13288, and revoke that order, Executive Order 13391, and Executive Order 13469, and further order:"
301,14118,13288,outside_corpus,Executive Order 13288,"Section 1. Pursuant to section 202(a) of the NEA (50 U.S.C. 1622(a)), termination of the national emergency declared in Executive Order 13288, as relied upon for additional steps taken in Executive Order 13391, and as expanded by Executive Order 13469, shall not affect any action taken or proceeding pending not finally concluded or determined as of the date of this order, any action or proceeding based on any act committed prior to the date of this order, or any rights or duties that matured or penalties that were incurred prior to the date of this order."
302,14117,13694,outside_corpus,Executive Order 13694,"While aspects of this threat have been addressed in previous executive actions, such as Executive Order 13694 of April 1, 2015 (Blocking the Property of Certain Persons Engaging in Significant Malicious Cyber-Enabled Activities), as amended, additional steps need to be taken to address this threat."
305,14114,14071,outside_corpus,Executive Order 14071,"I, Joseph R. Biden Jr., President of the United States of America, in view of the Russian Federation's continued use of its military-industrial base to aid its effort to undermine security in countries and regions important to United States national security, including its reliance on the international financial system for the procurement of dual-use and other critical items from third countries, and in order to take additional steps with respect to the national emergency declared in Executive Order 14024 of April 15, 2021, expanded by Executive Order 14066 of March 8, 2022, and relied on for additional steps taken in Executive Order 14039 of August 20, 2021, Executive Order 14068 of March 11, 2022, and Executive Order 14071 of April 6, 2022, hereby order:"
309,14110,13694,outside_corpus,Executive Order 13694,"(c) Because I find that additional steps must be taken to deal with the national emergency related to significant malicious cyber-enabled activities declared in Executive Order 13694 of April 1, 2015 (Blocking the Property of Certain Persons Engaging in Significant Malicious Cyber-Enabled Activities), as amended by Executive Order 13757 of December 28, 2016 (Taking Additional Steps to Address the National Emergency With Respect to Significant Malicious Cyber-Enabled Activities), and further amended by Executive Order 13984, to address the use of United States Infrastructure as a Service (IaaS) Products by foreign malicious cyber actors, including to impose additional record-keeping obligations with respect to foreign transactions and to assist in the investigation of transactions involving foreign malicious cyber actors, I hereby direct the Secretary of Commerce, within 90 days of the date of this order, to:"
310,14109,12216,outside_corpus,Executive Order 12216,"(f) President's Committee on the International Labor Organization; Executive Order 12216, as amended (Department of Labor)."
310,14109,12963,outside_corpus,Executive Order 12963,"(m) Presidential Advisory Council on HIV/AIDS; Executive Order 12963, as amended (Department of Health and Human Services)."
310,14109,13179,outside_corpus,Executive Order 13179,(p) Advisory Board on Radiation and Worker Health; Executive Order 13179 (Department of Health and Human Services).
310,14109,13540,outside_corpus,Executive Order 13540,(s) Interagency Task Force on Veterans Small Business Development; Executive Order 13540 (Small Business Administration).
318,14101,14076,outside_corpus,Executive Order 14076,"In the wake of the Supreme Court's decision in Dobbs, I issued Executive Order 14076 of July 8, 2022 (Protecting Access to Reproductive Healthcare Services), and Executive Order 14079 of August 3, 2022 (Securing Access to Reproductive and Other Healthcare Services), to direct my Administration to take action to protect access to reproductive healthcare services, including contraception and abortion. In Executive Order 14076, I directed the Secretary of Health and Human Services and the Director of the Gender Policy Council to establish an Interagency Task Force on Reproductive Healthcare Access to coordinate these efforts across my Administration. Consistent with these Executive Orders and other applicable authorities, executive departments and agencies have taken numerous steps to protect and strengthen access to contraception, including:"
318,14101,14076,outside_corpus,Executive Order 14076,"In the wake of the Supreme Court's decision in Dobbs, I issued Executive Order 14076 of July 8, 2022 (Protecting Access to Reproductive Healthcare Services), and Executive Order 14079 of August 3, 2022 (Securing Access to Reproductive and Other Healthcare Services), to direct my Administration to take action to protect access to reproductive healthcare services, including contraception and abortion. In Executive Order 14076, I directed the Secretary of Health and Human Services and the Director of the Gender Policy Council to establish an Interagency Task Force on Reproductive Healthcare Access to coordinate these efforts across my Administration. Consistent with these Executive Orders and other applicable authorities, executive departments and agencies have taken numerous steps to protect and strengthen access to contraception, including:"
319,14100,13832,outside_corpus,Executive Order 13832,"(v) develop a data-driven approach to increasing transparency and accountability in hiring and retention—including by encouraging agencies to set goals for hiring under the Military Spouse Noncompetitive Appointment Authority established by 5 U.S.C. 3330d and hiring individuals eligible for derivative preference, to use data internally to improve performance, and to use data to publicly report on progress—which would build upon, as appropriate, the reporting requirements of Executive Order 13832 of May 9, 2018 (Enhancing Noncompetitive Civil Service Appointments of Military Spouses)."
321,14098,13400,outside_corpus,Executive Order 13400,"I, Joseph R. Biden Jr., President of the United States of America, hereby expand the scope of the national emergency declared in Executive Order 13067 of November 3, 1997 (Blocking Sudanese Government Property and Prohibiting Transactions With Sudan), and expanded by Executive Order 13400 of April 26, 2006 (Blocking Property of Persons in Connection With the Conflict in Sudan's Darfur Region), finding that the situation in Sudan, including the military's seizure of power in October 2021 and the outbreak of inter-service fighting in April 2023, constitutes an unusual and extraordinary threat to the national security and foreign policy of the United States."
321,14098,13400,outside_corpus,Executive Order 13400,"Sec. 4. I hereby determine that the making of donations of the types of articles specified in section 203(b)(2) of IEEPA (50 U.S.C. 1702(b)(2)) by, to, or for the benefit of any person whose property and interests in property are blocked pursuant to section 1 of this order would seriously impair my ability to deal with the national emergency declared in Executive Order 13067, and expanded by Executive Order 13400 and this order, and I hereby prohibit such donations as provided by section 1 of this order."
321,14098,13400,outside_corpus,Executive Order 13400,"Sec. 8. For those persons whose property and interests in property are blocked pursuant to this order who might have a constitutional presence in the United States, I find that because of the ability to transfer funds or other assets instantaneously, prior notice to such persons of measures to be taken pursuant to this order would render those measures ineffectual. I therefore determine that for these measures to be effective in addressing the national emergency declared in Executive Order 13067, and expanded by Executive Order 13400 and this order, there need be no prior notice of a listing or determination made pursuant to section 1 of this order."
322,14097,14059,outside_corpus,Executive Order 14059,"By the authority vested in me as President by the Constitution and the laws of the United States of America, including the National Emergencies Act (50 U.S.C. 1601 et seq.), and in furtherance of Executive Order 14059 of December 15, 2021 (Imposing Sanctions on Foreign Persons Involved in the Global Illicit Drug Trade), which declared a national emergency to address the unusual and extraordinary threat to the national security, foreign policy, and economy of the United States posed by international drug trafficking, it is hereby ordered as follows:"
322,14097,14059,outside_corpus,Executive Order 14059,"Section 1. Emergency Authority. To provide additional authority to the Secretary of Defense and the Secretary of Homeland Security to respond to the national emergency declared in Executive Order 14059, the authority under section 12302 of title 10, United States Code, is invoked and made available, according to its terms, to the Secretary of Defense and the Secretary of Homeland Security. The Secretaries of the Army, Navy, and Air Force, at the direction of the Secretary of Defense, and the Secretary of Homeland Security with respect to the Coast Guard when it is not operating as a service in the Navy, are authorized to order to active duty such units and individual members of the Ready Reserve under the jurisdiction of the Secretary concerned as the Secretary concerned considers necessary, consistent with the terms of section 12302 of title 10, United States Code."
323,14096,14052,outside_corpus,Executive Order 14052,"It is the policy of my Administration to pursue a whole-of-government approach to environmental justice. This order builds upon my Administration's ongoing efforts to advance environmental justice and equity consistent with Executive Order 13985 of January 20, 2021 (Advancing Racial Equity and Support for Underserved Communities Through the Federal Government), Executive Order 13990 of January 20, 2021 (Protecting Public Health and the Environment and Restoring Science To Tackle the Climate Crisis), Executive Order 14008 of January 27, 2021 (Tackling the Climate Crisis at Home and Abroad), Executive Order 14052 of November 15, 2021 (Implementation of the Infrastructure Investment and Jobs Act), Executive Order 14057 of December 8, 2021 (Catalyzing Clean Energy Industries and Jobs Through Federal Sustainability), Executive Order 14082 of September 12, 2022 (Implementation of the Energy and Infrastructure Provisions of the Inflation Reduction Act of 2022), and Executive Order 14091 of February 16, 2023 (Further Advancing Racial Equity and Support for Underserved Communities Through the Federal Government). This order also supplements the foundational efforts of Executive Order 12898 to address environmental justice. In partnership with State, Tribal, territorial, and local governments, as well as community organizations, businesses, and members of the public, the Federal Government will advance environmental justice and help create a more just and sustainable future for all."
323,14096,13175,outside_corpus,Executive Order 13175,"(viii) continue to engage in consultation on Federal activities that have Tribal implications and potentially affect human health or the environment, pursuant to Executive Order 13175 of November 6, 2000 (Consultation and Coordination With Indian Tribal Governments), the Presidential Memorandum of January 26, 2021 (Tribal Consultation and Strengthening Nation-to-Nation Relationships), and the Presidential Memorandum of November 30, 2022 (Uniform Standards for Tribal Consultation), and fulfill obligations established pursuant to Executive Order 13007 of May 24, 1996 (Indian Sacred Sites);"
323,14096,12250,outside_corpus,Executive Order 12250,"(c) In carrying out assigned responsibilities under Executive Order 12250 of November 2, 1980 (Leadership and Coordination of Nondiscrimination Laws), the Attorney General shall assess agency efforts to ensure compliance with civil rights laws in programs and activities receiving Federal financial assistance that potentially affect human health or the environment and shall report annually based on publicly available information to the Chair of CEQ regarding any relevant pending or closed litigation."
328,14091,12866,outside_corpus,Executive Order 12866,"(G) selection of items for their respective regulatory agendas and plans pursuant to sections 4(b) and (c) of Executive Order 12866 of September 30, 1993 (Regulatory Planning and Review), as amended;"
334,14085,9158,outside_corpus,Executive Order 9158,"Section 1. Amendments to Executive Order 9158. Executive Order 9158 of May 11, 1942 (Air Medal), as amended by Executive Order 9242-A of September 11, 1942 (Amending Executive Order No. 9158 of May 11, 1942, to Provide that the Air Medal May Be Awarded to Persons Serving with the Army, Navy, Marine Corps, or Coast Guard of the United States), is further amended as follows:"
334,14085,9158,outside_corpus,Executive Order 9158,"Section 1. Amendments to Executive Order 9158. Executive Order 9158 of May 11, 1942 (Air Medal), as amended by Executive Order 9242-A of September 11, 1942 (Amending Executive Order No. 9158 of May 11, 1942, to Provide that the Air Medal May Be Awarded to Persons Serving with the Army, Navy, Marine Corps, or Coast Guard of the United States), is further amended as follows:"
334,14085,9242-A,outside_corpus,Executive Order 9242-A,"Section 1. Amendments to Executive Order 9158. Executive Order 9158 of May 11, 1942 (Air Medal), as amended by Executive Order 9242-A of September 11, 1942 (Amending Executive Order No. 9158 of May 11, 1942, to Provide that the Air Medal May Be Awarded to Persons Serving with the Army, Navy, Marine Corps, or Coast Guard of the United States), is further amended as follows:"
334,14085,9158,outside_corpus,Executive Order No. 9158,"Section 1. Amendments to Executive Order 9158. Executive Order 9158 of May 11, 1942 (Air Medal), as amended by Executive Order 9242-A of September 11, 1942 (Amending Executive Order No. 9158 of May 11, 1942, to Provide that the Air Medal May Be Awarded to Persons Serving with the Army, Navy, Marine Corps, or Coast Guard of the United States), is further amended as follows:"
334,14085,8809,outside_corpus,Executive Order 8809,"Sec. 2. Amendments to Executive Order 8809. Executive Order 8809 of June 28, 1941 (Good Conduct Medal), as amended by Executive Order 9323 of March 31, 1943 (Amendment of Executive Order No. 8809 of June 28, 1941, Establishing the Good Conduct Medal), and Executive Order 10444 of April 10, 1953 (Amendment of Executive Order No. 8809 of June 28, 1941, Establishing the Good Conduct Medal, As Amended by Executive Order No. 9323 of March 31, 1943), is further amended—"
334,14085,8809,outside_corpus,Executive Order 8809,"Sec. 2. Amendments to Executive Order 8809. Executive Order 8809 of June 28, 1941 (Good Conduct Medal), as amended by Executive Order 9323 of March 31, 1943 (Amendment of Executive Order No. 8809 of June 28, 1941, Establishing the Good Conduct Medal), and Executive Order 10444 of April 10, 1953 (Amendment of Executive Order No. 8809 of June 28, 1941, Establishing the Good Conduct Medal, As Amended by Executive Order No. 9323 of March 31, 1943), is further amended—"
334,14085,9323,outside_corpus,Executive Order 9323,"Sec. 2. Amendments to Executive Order 8809. Executive Order 8809 of June 28, 1941 (Good Conduct Medal), as amended by Executive Order 9323 of March 31, 1943 (Amendment of Executive Order No. 8809 of June 28, 1941, Establishing the Good Conduct Medal), and Executive Order 10444 of April 10, 1953 (Amendment of Executive Order No. 8809 of June 28, 1941, Establishing the Good Conduct Medal, As Amended by Executive Order No. 9323 of March 31, 1943), is further amended—"
334,14085,8809,outside_corpus,Executive Order No. 8809,"Sec. 2. Amendments to Executive Order 8809. Executive Order 8809 of June 28, 1941 (Good Conduct Medal), as amended by Executive Order 9323 of March 31, 1943 (Amendment of Executive Order No. 8809 of June 28, 1941, Establishing the Good Conduct Medal), and Executive Order 10444 of April 10, 1953 (Amendment of Executive Order No. 8809 of June 28, 1941, Establishing the Good Conduct Medal, As Amended by Executive Order No. 9323 of March 31, 1943), is further amended—"
334,14085,8809,outside_corpus,Executive Order No. 8809,"Sec. 2. Amendments to Executive Order 8809. Executive Order 8809 of June 28, 1941 (Good Conduct Medal), as amended by Executive Order 9323 of March 31, 1943 (Amendment of Executive Order No. 8809 of June 28, 1941, Establishing the Good Conduct Medal), and Executive Order 10444 of April 10, 1953 (Amendment of Executive Order No. 8809 of June 28, 1941, Establishing the Good Conduct Medal, As Amended by Executive Order No. 9323 of March 31, 1943), is further amended—"
334,14085,9323,outside_corpus,Executive Order No. 9323,"Sec. 2. Amendments to Executive Order 8809. Executive Order 8809 of June 28, 1941 (Good Conduct Medal), as amended by Executive Order 9323 of March 31, 1943 (Amendment of Executive Order No. 8809 of June 28, 1941, Establishing the Good Conduct Medal), and Executive Order 10444 of April 10, 1953 (Amendment of Executive Order No. 8809 of June 28, 1941, Establishing the Good Conduct Medal, As Amended by Executive Order No. 9323 of March 31, 1943), is further amended—"
334,14085,11545,outside_corpus,Executive Order 11545,"Sec. 6. Amendments to Executive Order 11545. Executive Order 11545 of July 9, 1970 (Establishing the Defense Distinguished Service Medal), is amended as follows:"
334,14085,11545,outside_corpus,Executive Order 11545,"Sec. 6. Amendments to Executive Order 11545. Executive Order 11545 of July 9, 1970 (Establishing the Defense Distinguished Service Medal), is amended as follows:"
336,14083,14028,outside_corpus,Executive Order 14028,"(B) activity designed to interfere with United States elections, United States critical infrastructure, the defense industrial base, or other cybersecurity national security priorities set forth in Executive Order 14028 of May 12, 2021 (Improving the Nation's Cybersecurity); and"
337,14081,14028,outside_corpus,Executive Order 14028,"(b) The Secretary of Homeland Security, in coordination with the Secretary of Defense, the Secretary of Agriculture, the Secretary of Commerce (acting through the Director of the National Institute of Standards and Technology (NIST)), the Secretary of HHS, the Secretary of Energy, and the Director of OMB, shall identify and recommend relevant cybersecurity best practices for biological data stored on Federal Government information systems, consistent with applicable law and Executive Order 14028 of May 12, 2021 (Improving the Nation's Cybersecurity)."
337,14081,14028,outside_corpus,Executive Order 14028,"(c) The Secretary of Commerce, acting through the Director of NIST and in coordination with the Secretary of HHS, shall consider bio-related software, including software for laboratory equipment, instrumentation, and data management, in establishing baseline security standards for the development of software sold to the United States Government, consistent with section 4 of Executive Order 14028."
338,14082,14052,outside_corpus,Executive Order 14052,"(iii) To expand the mission of the National Climate Task Force to include coordinating effective implementation of the Act, as outlined in section 2 of this order, the second sentence of section 203(b) is revised to read as follows: ""This Task Force shall facilitate planning and implementation of key Federal actions to reduce climate pollution; increase resilience to the impacts of climate change; protect public health; conserve our lands, waters, oceans, and biodiversity; deliver environmental justice; spur well-paying union jobs and economic growth; coordinate effective implementation of Public Law 117-169, commonly referred to as the Inflation Reduction Act of 2022, in coordination with the Infrastructure Implementation Task Force established in Executive Order 14052 of November 15, 2021 (Implementation of the Infrastructure Investment and Jobs Act), as appropriate; and accelerate clean energy innovation and deployment.""."
338,14082,14052,outside_corpus,Executive Order 14052,"(c) To further support implementation of the energy and infrastructure provisions of the Act, section 3(d) of Executive Order 14052 of November 15, 2021 (Implementation of the Infrastructure Investment and Jobs Act), is amended by striking ""and"" at the end of subsection (xi), striking subsection (xii), and adding in lieu thereof the following: ""(xii) the Senior Advisor for Clean Energy Innovation and Implementation; and (xiii) the heads of such other executive departments, agencies, and offices as the Co-Chairs may from time to time invite to participate.""."
340,14079,14076,outside_corpus,Executive Order 14076,"Section 1. Policy. On July 8, 2022, following a decision by the Supreme Court to overrule Roe v. Wade, 410 U.S. 113 (1973), I signed Executive Order 14076 (Protecting Access to Reproductive Healthcare Services). As that order recognized, eliminating the right recognized in Roe has had and will continue to have devastating implications for women's health and public health more broadly."
361,14058,12866,outside_corpus,Executive Order 12866,"(v) selection of items for their respective regulatory agendas and plans pursuant to subsections 4(b) and (c) of Executive Order 12866 of September 30, 1993 (Regulatory Planning and Review), as amended;"
371,14048,12216,outside_corpus,Executive Order 12216,"(f) President's Committee on the International Labor Organization; Executive Order 12216, as amended (Department of Labor)."
371,14048,12963,outside_corpus,Executive Order 12963,"(m) Presidential Advisory Council on HIV/AIDS; Executive Order 12963, as amended (Department of Health and Human Services)."
371,14048,13179,outside_corpus,Executive Order 13179,(p) Advisory Board on Radiation and Worker Health; Executive Order 13179 (Department of Health and Human Services).
371,14048,13540,outside_corpus,Executive Order 13540,(s) Interagency Task Force on Veterans Small Business Development; Executive Order 13540 (Small Business Administration).
371,14048,13889,outside_corpus,Executive Order 13889,"Sec. 3. Sections 1 and 2 of Executive Order 13889 of September 27, 2019, are hereby superseded by sections 1 and 2 of this order."
384,14035,13548,outside_corpus,Executive Order 13548,"Sec. 10. Advancing Equity for Employees with Disabilities. (a) As established in Executive Order 13548 of July 26, 2010 (Increasing Federal Employment of Individuals with Disabilities), the Federal Government must become a model for the employment of individuals with disabilities. Because a workforce that includes people with disabilities is a stronger and more effective workforce, agencies must provide an equitable, accessible, and inclusive environment for employees with disabilities. In order for Federal employees and applicants with disabilities to be assessed on their merits, accessible information technologies must be provided and, where needed, reasonable accommodations must be available that will allow qualified individuals with disabilities to perform the essential functions of their positions and access advancement opportunities. To that end, the relevant agencies shall take the actions set forth in this section."
385,14034,13942,outside_corpus,Executive Order 13942,"Section 1. Revocation of Presidential Actions. The following orders are revoked: Executive Order 13942 of August 6, 2020 (Addressing the Threat Posed by TikTok, and Taking Additional Steps To Address the National Emergency With Respect to the Information and Communications Technology and Services Supply Chain); Executive Order 13943 of August 6, 2020 (Addressing the Threat Posed by WeChat, and Taking Additional Steps To Address the National Emergency With Respect to the Information and Communications Technology and Services Supply Chain); and Executive Order 13971 of January 5, 2021 (Addressing the Threat Posed by Applications and Other Software Developed or Controlled by Chinese Companies)."
385,14034,13971,outside_corpus,Executive Order 13971,"Section 1. Revocation of Presidential Actions. The following orders are revoked: Executive Order 13942 of August 6, 2020 (Addressing the Threat Posed by TikTok, and Taking Additional Steps To Address the National Emergency With Respect to the Information and Communications Technology and Services Supply Chain); Executive Order 13943 of August 6, 2020 (Addressing the Threat Posed by WeChat, and Taking Additional Steps To Address the National Emergency With Respect to the Information and Communications Technology and Services Supply Chain); and Executive Order 13971 of January 5, 2021 (Addressing the Threat Posed by Applications and Other Software Developed or Controlled by Chinese Companies)."
385,14034,13942,outside_corpus,Executive Orders 13942,"Sec. 2. Implementation. (a) The Director of the Office of Management and Budget and the heads of executive departments and agencies (agencies) shall promptly take steps to rescind any orders, rules, regulations, guidelines, or policies, or portions thereof, implementing or enforcing Executive Orders 13942, 13943, or 13971, as appropriate and consistent with applicable law, including the Administrative Procedure Act, 5 U.S.C. 551 et seq. In addition, any personnel positions, committees, task forces, or other entities established pursuant to Executive Orders 13942, 13943, or 13971 shall be abolished, as appropriate and consistent with applicable law."
385,14034,13942,outside_corpus,Executive Orders 13942,"Sec. 2. Implementation. (a) The Director of the Office of Management and Budget and the heads of executive departments and agencies (agencies) shall promptly take steps to rescind any orders, rules, regulations, guidelines, or policies, or portions thereof, implementing or enforcing Executive Orders 13942, 13943, or 13971, as appropriate and consistent with applicable law, including the Administrative Procedure Act, 5 U.S.C. 551 et seq. In addition, any personnel positions, committees, task forces, or other entities established pursuant to Executive Orders 13942, 13943, or 13971 shall be abolished, as appropriate and consistent with applicable law."
386,14033,13304,outside_corpus,Executive Order 13304,"I, Joseph R. Biden Jr., President of the United States of America, hereby expand the scope of the national emergency declared in Executive Order 13219 of June 26, 2001 (Blocking Property of Persons Who Threaten International Stabilization Efforts in the Western Balkans), as amended by Executive Order 13304 of May 28, 2003 (Termination of Emergencies With Respect to Yugoslavia and Modification of Executive Order 13219 of June 26, 2001), finding that the situation in the territory of the former Socialist Federal Republic of Yugoslavia and the Republic of Albania (the Western Balkans), over the past two decades, including the undermining of post-war agreements and institutions following the breakup of the former Socialist Federal Republic of Yugoslavia, as well as widespread corruption within various governments and institutions in the Western Balkans, stymies progress toward effective and democratic governance and full integration into transatlantic institutions, and thereby constitutes an unusual and extraordinary threat to the national security and foreign policy of the United States."
386,14033,13304,outside_corpus,Executive Order 13304,"Sec. 3. I hereby determine that the making of donations of the types of articles specified in section 203(b)(2) of IEEPA (50 U.S.C. 1702(b)(2)) by, to, or for the benefit of any person whose property and interests in property are blocked pursuant to section 1(a) of this order would seriously impair my ability to deal with the national emergency declared in Executive Order 13219, as amended by Executive Order 13304, and as expanded in this order, and I hereby prohibit such donations as provided by section 1 of this order."
386,14033,13304,outside_corpus,Executive Order 13304,"Sec. 7. For those persons whose property and interests in property are blocked pursuant to this order who might have a constitutional presence in the United States, I find that because of the ability to transfer funds or other assets instantaneously, prior notice to such persons of measures to be taken pursuant to this order would render those measures ineffectual. I therefore determine that for these measures to be effective in addressing the national emergency declared in Executive Order 13219, as amended by Executive Order 13304, and as expanded by this order, there need be no prior notice of a listing or determination made pursuant to this order."
388,14031,13515,outside_corpus,Executive Order 13515,"Sec. 4. General Provisions. (a) This order supersedes Executive Order 13125 of June 7, 1999 (Increasing Participation of Asian Americans and Pacific Islanders in Federal Programs); Executive Order 13339 of May 13, 2004 (Increasing Economic Opportunity and Business Participation of Asian Americans and Pacific Islanders); Executive Order 13515 of October 14, 2009 (Increasing Participation of Asian Americans and Pacific Islanders in Federal Programs); and Executive Order 13872 of May 13, 2019 (Economic Empowerment of Asian Americans and Pacific Islanders)."
390,14029,13980,outside_corpus,Executive Order 13980,"Section 1. Revocation of Presidential Actions. The following Presidential actions are revoked: Executive Order 13925 of May 28, 2020 (Preventing Online Censorship), Executive Order 13933 of June 26, 2020 (Protecting American Monuments, Memorials, and Statues and Combating Recent Criminal Violence), Executive Order 13934 of July 3, 2020 (Building and Rebuilding Monuments to American Heroes), Executive Order 13964 of December 10, 2020 (Rebranding United States Foreign Assistance To Advance American Influence), Executive Order 13978 of January 18, 2021 (Building the National Garden of American Heroes), and Executive Order 13980 of January 18, 2021 (Protecting Americans From Overcriminalization Through Regulatory Reform)."
398,14020,12250,outside_corpus,Executive Order 12250,"Sec. 4. Implementation. (a) After the Strategy has been submitted to the President, the heads of agencies, or their designees, shall, in consultation with the Council and the Office of Management and Budget (OMB), select certain of their respective agency's programs and policies for review for consistency with the Strategy. As appropriate and consistent with law, the heads of agencies shall suspend, revise, or rescind, or publish for notice and comment proposed rules suspending, revising, or rescinding, any directives, orders, regulations, policies, or guidance inconsistent with the Strategy. As appropriate, the heads of agencies shall consult with the Attorney General to the extent that any proposed actions require consultation or review under Executive Order 12250 of November 2, 1980 (Leadership and Coordination of Nondiscrimination Laws). As part of its review, the Administrator of the United States Agency for International Development shall, as appropriate and consistent with law, review the 2020 Gender Equality and Women's Empowerment Policy and revise or rescind it as appropriate."
400,14019,12926,outside_corpus,Executive Order 12926,"Sec. 4. Acceptance of Designation Under the National Voter Registration Act. (a) This order shall supersede section 3 of Executive Order 12926 of September 12, 1994 (Implementation of the National Voter Registration Act of 1993)."
404,14015,13397,outside_corpus,Executive Order 13397,"Sec. 5. Amendments to Executive Orders. (a) Executive Order 13198 of January 29, 2001 (Agency Responsibilities With Respect to Faith-Based and Community Initiatives); Executive Order 13279 of December 12, 2002 (Equal Protection of the Laws for Faith-Based and Community Organizations), as amended by Executive Order 13559 of November 17, 2010 (Fundamental Principles and Policymaking Criteria for Partnerships With Faith-Based and Other Neighborhood Organizations); Executive Order 13280 of December 12, 2002 (Responsibilities of the Department of Agriculture and the Agency for International Development With Respect to Faith-Based and Community Initiatives); Executive Order 13342 of June 1, 2004 (Responsibilities of the Departments of Commerce and Veterans Affairs and the Small Business Administration With Respect to Faith-Based and Community Initiatives); and Executive Order 13397 of March 7, 2006 (Responsibilities of the Department of Homeland Security With Respect to Faith-Based and Community Initiatives), are amended by:"
404,14015,13397,outside_corpus,Executive Order 13397,"(b) Executive Order 13397, as amended, is further amended by substituting, in section 1(b), ""the Executive Director of the White House Office of Faith-Based and Neighborhood Partnerships (Executive Director)"" for ""the Director of the White House Office of Faith-Based and Community Initiatives (WHOFBCI Director)"" and by substituting ""Executive Director"" for ""WHOFBCI Director"" each time it appears in the order."
406,14013,13815,outside_corpus,Executive Order 13815,"Sec. 2. Revocation, Rescission, and Reporting. (a) Executive Order 13815 of October 24, 2017 (Resuming the United States Refugee Admissions Program With Enhanced Vetting Capabilities), and Executive Order 13888 of September 26, 2019 (Enhancing State and Local Involvement in Refugee Resettlement), are revoked."
415,14005,12866,outside_corpus,Executive Order 12866,"(2) To the extent permitted by law, disagreements or conflicts between the Made in America Director and the head of any agency shall be resolved in accordance with procedures that parallel those set forth in section 7 of Executive Order 12866 of September 30, 1993 (Regulatory Planning and Review), with respect to the Director of the Office of Information and Regulatory Affairs within OMB."
415,14005,13788,outside_corpus,Executive Order 13788,"Sec. 14. Revocation of Certain Presidential and Regulatory Actions. (a) Executive Order 13788 of April 18, 2017 (Buy American and Hire American), section 5 of Executive Order 13858 of January 31, 2019 (Strengthening Buy-American Preferences for Infrastructure Projects), and Executive Order 13975 of January 14, 2021 (Encouraging Buy American Policies for the United States Postal Service), are hereby revoked."
415,14005,10582,outside_corpus,Executive Order 10582,"(b) Executive Order 10582 of December 17, 1954 (Prescribing Uniform Procedures for Certain Determinations Under the Buy-America Act), and Executive Order 13881 of July 15, 2019 (Maximizing Use of American-Made Goods, Products, and Materials), are superseded to the extent that they are inconsistent with this order."
425,14001,13910,outside_corpus,Executive Order 13910,"(a) The Secretary of Health and Human Services shall promptly recommend to the President, through the COVID-19 Response Coordinator, whether any changes should be made to the authorities delegated to the Secretary by Executive Order 13910 of March 23, 2020 (Preventing Hoarding of Health and Medical Resources To Respond to the Spread of COVID-19), with respect to scarce materials or materials the supply of which would be threatened by accumulation for the purpose of hoarding or price gouging."
430,13993,13768,outside_corpus,Executive Order 13768,"Sec. 2. Revocation. Executive Order 13768 of January 25, 2017 (Enhancing Public Safety in the Interior of the United States), is hereby revoked. The Secretary of State, the Attorney General, the Secretary of Homeland Security, the Director of the Office of Management and Budget, the Director of the Office of Personnel Management, and the heads of any other relevant executive departments and agencies (agencies) shall review any agency actions developed pursuant to Executive Order 13768 and take action, including issuing revised guidance, as appropriate and consistent with applicable law, that advances the policy set forth in section 1 of this order."
430,13993,13768,outside_corpus,Executive Order 13768,"Sec. 2. Revocation. Executive Order 13768 of January 25, 2017 (Enhancing Public Safety in the Interior of the United States), is hereby revoked. The Secretary of State, the Attorney General, the Secretary of Homeland Security, the Director of the Office of Management and Budget, the Director of the Office of Personnel Management, and the heads of any other relevant executive departments and agencies (agencies) shall review any agency actions developed pursuant to Executive Order 13768 and take action, including issuing revised guidance, as appropriate and consistent with applicable law, that advances the policy set forth in section 1 of this order."
432,13990,13754,outside_corpus,Executive Order 13754,"(b) In Executive Order 13754 of December 9, 2016 (Northern Bering Sea Climate Resilience), and in the Presidential Memorandum of December 20, 2016 (Withdrawal of Certain Portions of the United States Arctic Outer Continental Shelf From Mineral Leasing), President Obama withdrew areas in Arctic waters and the Bering Sea from oil and gas drilling and established the Northern Bering Sea Climate Resilience Area. Subsequently, the order was revoked and the memorandum was amended in Executive Order 13795 of April 28, 2017 (Implementing an America-First Offshore Energy Strategy). Pursuant to section 12(a) of the Outer Continental Shelf Lands Act, 43 U.S.C. 1341(a), Executive Order 13754 and the Presidential Memorandum of December 20, 2016, are hereby reinstated in their original form, thereby restoring the original withdrawal of certain offshore areas in Arctic waters and the Bering Sea from oil and gas drilling."
432,13990,13795,outside_corpus,Executive Order 13795,"(b) In Executive Order 13754 of December 9, 2016 (Northern Bering Sea Climate Resilience), and in the Presidential Memorandum of December 20, 2016 (Withdrawal of Certain Portions of the United States Arctic Outer Continental Shelf From Mineral Leasing), President Obama withdrew areas in Arctic waters and the Bering Sea from oil and gas drilling and established the Northern Bering Sea Climate Resilience Area. Subsequently, the order was revoked and the memorandum was amended in Executive Order 13795 of April 28, 2017 (Implementing an America-First Offshore Energy Strategy). Pursuant to section 12(a) of the Outer Continental Shelf Lands Act, 43 U.S.C. 1341(a), Executive Order 13754 and the Presidential Memorandum of December 20, 2016, are hereby reinstated in their original form, thereby restoring the original withdrawal of certain offshore areas in Arctic waters and the Bering Sea from oil and gas drilling."
432,13990,13754,outside_corpus,Executive Order 13754,"(b) In Executive Order 13754 of December 9, 2016 (Northern Bering Sea Climate Resilience), and in the Presidential Memorandum of December 20, 2016 (Withdrawal of Certain Portions of the United States Arctic Outer Continental Shelf From Mineral Leasing), President Obama withdrew areas in Arctic waters and the Bering Sea from oil and gas drilling and established the Northern Bering Sea Climate Resilience Area. Subsequently, the order was revoked and the memorandum was amended in Executive Order 13795 of April 28, 2017 (Implementing an America-First Offshore Energy Strategy). Pursuant to section 12(a) of the Outer Continental Shelf Lands Act, 43 U.S.C. 1341(a), Executive Order 13754 and the Presidential Memorandum of December 20, 2016, are hereby reinstated in their original form, thereby restoring the original withdrawal of certain offshore areas in Arctic waters and the Bering Sea from oil and gas drilling."
432,13990,13766,outside_corpus,Executive Order 13766,"Sec. 7. Other Revocations. (a) Executive Order 13766 of January 24, 2017 (Expediting Environmental Reviews and Approvals For High Priority Infrastructure Projects), Executive Order 13778 of February 28, 2017 (Restoring the Rule of Law, Federalism, and Economic Growth by Reviewing the ""Waters of the United States"" Rule), Executive Order 13783 of March 28, 2017 (Promoting Energy Independence and Economic Growth), Executive Order 13792 of April 26, 2017 (Review of Designations Under the Antiquities Act), Executive Order 13795 of April 28, 2017 (Implementing an America-First Offshore Energy Strategy), Executive Order 13868 of April 10, 2019 (Promoting Energy Infrastructure and Economic Growth), and Executive Order 13927 of June 4, 2020 (Accelerating the Nation's Economic Recovery from the COVID-19 Emergency by Expediting Infrastructure Investments and Other Activities), are hereby revoked. Executive Order 13834 of May 17, 2018 (Efficient Federal Operations), is hereby revoked except for sections 6, 7, and 11."
432,13990,13795,outside_corpus,Executive Order 13795,"Sec. 7. Other Revocations. (a) Executive Order 13766 of January 24, 2017 (Expediting Environmental Reviews and Approvals For High Priority Infrastructure Projects), Executive Order 13778 of February 28, 2017 (Restoring the Rule of Law, Federalism, and Economic Growth by Reviewing the ""Waters of the United States"" Rule), Executive Order 13783 of March 28, 2017 (Promoting Energy Independence and Economic Growth), Executive Order 13792 of April 26, 2017 (Review of Designations Under the Antiquities Act), Executive Order 13795 of April 28, 2017 (Implementing an America-First Offshore Energy Strategy), Executive Order 13868 of April 10, 2019 (Promoting Energy Infrastructure and Economic Growth), and Executive Order 13927 of June 4, 2020 (Accelerating the Nation's Economic Recovery from the COVID-19 Emergency by Expediting Infrastructure Investments and Other Activities), are hereby revoked. Executive Order 13834 of May 17, 2018 (Efficient Federal Operations), is hereby revoked except for sections 6, 7, and 11."
432,13990,13920,outside_corpus,Executive Order 13920,"(c) Executive Order 13920 of May 1, 2020 (Securing the United States Bulk-Power System), is hereby suspended for 90 days. The Secretary of Energy and the Director of OMB shall jointly consider whether to recommend that a replacement order be issued."
436,13984,13694,outside_corpus,Executive Order 13694,"I, Donald J. Trump, President of the United States of America, find that additional steps must be taken to deal with the national emergency related to significant malicious cyber-enabled activities declared in Executive Order 13694 of April 1, 2015 (Blocking the Property of Certain Persons Engaging in Significant Malicious Cyber-Enabled Activities), as amended, to address the use of United States Infrastructure as a Service (IaaS) products by foreign malicious cyber actors. IaaS products provide persons the ability to run software and store data on servers offered for rent or lease without responsibility for the maintenance and operating costs of those servers. Foreign malicious cyber actors aim to harm the United States economy through the theft of intellectual property and sensitive data and to threaten national security by targeting United States critical infrastructure for malicious cyber-enabled activities. Foreign actors use United States IaaS products for a variety of tasks in carrying out malicious cyber-enabled activities, which makes it extremely difficult for United States officials to track and obtain information through legal process before these foreign actors transition to replacement infrastructure and destroy evidence of their prior activities; foreign resellers of United States IaaS products make it easier for foreign actors to access these products and evade detection. This order provides authority to impose record-keeping obligations with respect to foreign transactions. To address these threats, to deter foreign malicious cyber actors' use of United States IaaS products, and to assist in the investigation of transactions involving foreign malicious cyber actors, the United States must ensure that providers offering United States IaaS products verify the identity of persons obtaining an IaaS account (""Account"") for the provision of these products and maintain records of those transactions. In appropriate circumstances, to further protect against malicious cyber-enabled activities, the United States must also limit certain foreign actors' access to United States IaaS products. Further, the United States must encourage more robust cooperation among United States IaaS providers, including by increasing voluntary information sharing, to bolster efforts to thwart the actions of foreign malicious cyber actors."
436,13984,13694,outside_corpus,Executive Order 13694,"Sec. 6. Amendment to Reporting Authorizations. Section (9) of Executive Order 13694, as amended, is further amended to read as follows:"
443,13975,13788,outside_corpus,Executive Order 13788,"Section 1. Policy. As expressed in Executive Order 13788 of April 18, 2017 (Buy American and Hire American), Executive Order 13858 of January 31, 2019 (Strengthening Buy American Preferences for Infrastructure Projects), and Executive Order 13881 of July 15, 2019 (Maximizing Use of American-Made Goods, Products, and Materials), it is the policy of the United States to buy American and to maximize, consistent with law, the use of goods, products, and materials produced in the United States."
468,13951,13879,outside_corpus,Executive Order 13879,"My commitment to improving care across our country expands vastly beyond the rules governing health insurance. On July 10, 2019, I signed Executive Order 13879 (Advancing American Kidney Health) to improve care for the hundreds of thousands of Americans suffering from end-stage renal disease. Pursuant to that order, my Administration launched a program to encourage home dialysis and promote transplants for patients, and expects to enroll approximately 120,000 Medicare beneficiaries with end-stage renal disease in the program. We also have removed financial barriers to living organ donation by adding additional financial support for living donors, such as by reimbursing expenses for lost wages, child care, and elder care. HHS, together with the American Society of Nephrology, issued two phases of awards through KidneyX's Redesign Dialysis Price Competition to work toward the creation of an artificial kidney."
468,13951,13890,outside_corpus,Executive Order 13890,"I have protected the viability of the Medicare program. For example, on February 9, 2018, I signed into law the repeal of the Independent Payment Advisory Board, which would have been a group of unelected bureaucrats created by the ACA, designed to be insulated from the will of America's elected leaders for the purpose of cutting the spending of this important program. On October 3, 2019, I signed Executive Order 13890 (Protecting and Improving Medicare for Our Nation's Seniors), to modernize the Medicare program and continue its viability. According to CMS estimates, seniors have saved $2.65 billion in lower Medicare premiums under my Administration while benefiting from more choices. For example, the average monthly Medicare Advantage premium has declined an estimated 28 percent since 2017, and Medicare Advantage has included about 1,200 more plan options since 2018. New Medicare Advantage supplemental benefits have helped seniors stay safe in their homes, improved respite care for caregivers, and provided transportation, more in-home support services and assistance, and non-opioid pain management alternatives like therapeutic massages. Medicare Part D premiums are at their lowest level in their history, with the average basic premium declining 13.5 percent since 2016."
470,13949,12170,outside_corpus,Executive Order 12170,"(c) The prohibitions in subsection (a) of this section do not apply to property and interests in property of the Government of Iran that were blocked pursuant to Executive Order 12170 of November 14, 1979 (Blocking Iranian Government Property), and thereafter made subject to the transfer directives set forth in Executive Order 12281 of January 19, 1981 (Direction to Transfer Certain Iranian Government Assets), and implementing regulations thereunder."
484,13935,13555,outside_corpus,Executive Order 13555,"Sec. 4. General Provisions. (a) This order supersedes Executive Order 13555 of October 19, 2010 (White House Initiative on Educational Excellence for Hispanics), and section 1(u) of Executive Order 13889 of September 27, 2019 (Continuance of Certain Federal Advisory Committees)."
484,13935,13889,outside_corpus,Executive Order 13889,"Sec. 4. General Provisions. (a) This order supersedes Executive Order 13555 of October 19, 2010 (White House Initiative on Educational Excellence for Hispanics), and section 1(u) of Executive Order 13889 of September 27, 2019 (Continuance of Certain Federal Advisory Committees)."
507,13911,13909,outside_corpus,Executive Order 13909,"To deal with this threat, on March 18, 2020, I issued Executive Order 13909 (Prioritizing and Allocating Health and Medical Resources to Respond to the Spread of COVID–19), in which I delegated to the Secretary of Health and Human Services the prioritization and allocation authority under section 101 of the Act with respect to health and medical resources needed to respond to the spread of COVID–19. And on March 23, 2020, I issued Executive Order 13910 (Preventing Hoarding of Health and Medical Resources to Respond to the Spread of COVID–19), in which I delegated to the Secretary of Health and Human Services the authority under section 102 of the Act to combat hoarding and price gouging with respect to such resources."
507,13911,13910,outside_corpus,Executive Order 13910,"To deal with this threat, on March 18, 2020, I issued Executive Order 13909 (Prioritizing and Allocating Health and Medical Resources to Respond to the Spread of COVID–19), in which I delegated to the Secretary of Health and Human Services the prioritization and allocation authority under section 101 of the Act with respect to health and medical resources needed to respond to the spread of COVID–19. And on March 23, 2020, I issued Executive Order 13910 (Preventing Hoarding of Health and Medical Resources to Respond to the Spread of COVID–19), in which I delegated to the Secretary of Health and Human Services the authority under section 102 of the Act to combat hoarding and price gouging with respect to such resources."
507,13911,13909,outside_corpus,Executive Order 13909,"(b) In addition to the delegations of authority in Executive Order 13909 and Executive Order 13910, the authority of the President conferred by sections 101 and 102 of the Act (50 U.S.C. 4511, 4512) is delegated to the Secretary of Homeland Security with respect to health and medical resources needed to respond to the spread of COVID–19 within the United States."
507,13911,13910,outside_corpus,Executive Order 13910,"(b) In addition to the delegations of authority in Executive Order 13909 and Executive Order 13910, the authority of the President conferred by sections 101 and 102 of the Act (50 U.S.C. 4511, 4512) is delegated to the Secretary of Homeland Security with respect to health and medical resources needed to respond to the spread of COVID–19 within the United States."
515,13904,12549,outside_corpus,Executive Order 12549,"It is the policy of the United States Government, as reflected in Executive Order 12549 of February 18, 1986 (Debarment and Suspension), and elsewhere, to protect the public interest and ensure the integrity of Federal programs by transacting only with presently responsible persons. In furtherance of this policy, the nonprocurement debarment and suspension system enables executive departments and agencies to exclude from Federal programs persons who are not presently responsible. CBP implements this system by suspending and debarring persons who flout the customs laws, among other persons who lack present responsibility. To achieve the policy goals stated herein, the United States Government shall consider all appropriate actions that it can take to ensure that persons that CBP suspends or debars are excluded from participating in the importation of merchandise into the United States."
528,13891,12866,outside_corpus,Executive Order 12866,"(a) ""Agency"" has the meaning given in section 3(b) of Executive Order 12866 (Regulatory Planning and Review), as amended."
528,13891,12866,outside_corpus,Executive Order 12866,"(iv) raise novel legal or policy issues arising out of legal mandates, the President's priorities, or the principles of Executive Order 12866."
528,13891,12866,outside_corpus,Executive Order 12866,"(C) review by the Office of Information and Regulatory Affairs (OIRA) under Executive Order 12866, before issuance; and"
528,13891,12866,outside_corpus,Executive Orders 12866,"(D) compliance with the applicable requirements for regulations or rules, including significant regulatory actions, set forth in Executive Orders 12866, 13563 (Improving Regulation and Regulatory Review), 13609 (Promoting International Regulatory Cooperation), 13771 (Reducing Regulation and Controlling Regulatory Costs), and 13777 (Enforcing the Regulatory Reform Agenda)."
528,13891,12866,outside_corpus,Executive Orders 12866,"(b) The Administrator shall issue memoranda establishing exceptions from this order for categories of guidance documents, and categorical presumptions regarding whether guidance documents are significant, as appropriate, and may require submission of significant guidance documents to OIRA for review before the finalization of agency regulations under subsection (a) of this section. In light of the Memorandum of Agreement of April 11, 2018, this section and section 5 of this order shall not apply to the review relationship (including significance determinations) between OIRA and any component of the Department of the Treasury, or to compliance by the latter with Executive Orders 12866, 13563, 13609, 13771, and 13777. Section 4(a)(iii) and section 5 of this order shall not apply to pre-enforcement rulings."
528,13891,12866,outside_corpus,Executive Orders 12866,"Sec. 5. Executive Orders 12866, 13563, and 13609. The requirements and procedures of Executive Orders 12866, 13563, and 13609 shall apply to guidance documents, consistent with section 4 of this order."
528,13891,12866,outside_corpus,Executive Orders 12866,"Sec. 5. Executive Orders 12866, 13563, and 13609. The requirements and procedures of Executive Orders 12866, 13563, and 13609 shall apply to guidance documents, consistent with section 4 of this order."
533,13886,12947,outside_corpus,Executive Order 12947,"I, Donald J. Trump, President of the United States of America, find that it is necessary to consolidate and enhance sanctions to combat acts of terrorism and threats of terrorism by foreign terrorists, acts that are recognized and condemned in the above-referenced United Nations Security Council resolutions. Accordingly, I hereby terminate the national emergency declared in Executive Order 12947 of January 23, 1995, and revoke Executive Order 12947, as amended by Executive Order 13099 of August 20, 1998. In order to build upon the initial steps taken in Executive Order 12947, to further strengthen and consolidate sanctions to combat the continuing threat posed by international terrorism, and in order to take additional steps to deal with the national emergency declared in Executive Order 13224 of September 23, 2001, with respect to the continuing and immediate threat of grave acts of terrorism and threats of terrorism committed by foreign terrorists, which include acts of terrorism that threaten the Middle East peace process, it is hereby ordered as follows:"
533,13886,12947,outside_corpus,Executive Order 12947,"I, Donald J. Trump, President of the United States of America, find that it is necessary to consolidate and enhance sanctions to combat acts of terrorism and threats of terrorism by foreign terrorists, acts that are recognized and condemned in the above-referenced United Nations Security Council resolutions. Accordingly, I hereby terminate the national emergency declared in Executive Order 12947 of January 23, 1995, and revoke Executive Order 12947, as amended by Executive Order 13099 of August 20, 1998. In order to build upon the initial steps taken in Executive Order 12947, to further strengthen and consolidate sanctions to combat the continuing threat posed by international terrorism, and in order to take additional steps to deal with the national emergency declared in Executive Order 13224 of September 23, 2001, with respect to the continuing and immediate threat of grave acts of terrorism and threats of terrorism committed by foreign terrorists, which include acts of terrorism that threaten the Middle East peace process, it is hereby ordered as follows:"
533,13886,13099,outside_corpus,Executive Order 13099,"I, Donald J. Trump, President of the United States of America, find that it is necessary to consolidate and enhance sanctions to combat acts of terrorism and threats of terrorism by foreign terrorists, acts that are recognized and condemned in the above-referenced United Nations Security Council resolutions. Accordingly, I hereby terminate the national emergency declared in Executive Order 12947 of January 23, 1995, and revoke Executive Order 12947, as amended by Executive Order 13099 of August 20, 1998. In order to build upon the initial steps taken in Executive Order 12947, to further strengthen and consolidate sanctions to combat the continuing threat posed by international terrorism, and in order to take additional steps to deal with the national emergency declared in Executive Order 13224 of September 23, 2001, with respect to the continuing and immediate threat of grave acts of terrorism and threats of terrorism committed by foreign terrorists, which include acts of terrorism that threaten the Middle East peace process, it is hereby ordered as follows:"
533,13886,12947,outside_corpus,Executive Order 12947,"I, Donald J. Trump, President of the United States of America, find that it is necessary to consolidate and enhance sanctions to combat acts of terrorism and threats of terrorism by foreign terrorists, acts that are recognized and condemned in the above-referenced United Nations Security Council resolutions. Accordingly, I hereby terminate the national emergency declared in Executive Order 12947 of January 23, 1995, and revoke Executive Order 12947, as amended by Executive Order 13099 of August 20, 1998. In order to build upon the initial steps taken in Executive Order 12947, to further strengthen and consolidate sanctions to combat the continuing threat posed by international terrorism, and in order to take additional steps to deal with the national emergency declared in Executive Order 13224 of September 23, 2001, with respect to the continuing and immediate threat of grave acts of terrorism and threats of terrorism committed by foreign terrorists, which include acts of terrorism that threaten the Middle East peace process, it is hereby ordered as follows:"
533,13886,12947,outside_corpus,Executive Order 12947,"(iv) persons whose property and interests in property were blocked pursuant to Executive Order 12947, as amended, on or after January 23, 1995, and remained blocked immediately prior to the effective date of this order."
536,13883,12938,outside_corpus,Executive Order 12938,"I, Donald J. Trump, President of the United States of America, in order to take additional steps with respect to the national emergency described and declared in Executive Order 12938 of November 14, 1994, as amended by and relied on for additional steps in subsequent Executive Orders, hereby order:"
538,13881,13788,outside_corpus,Executive Order 13788,"Section 1. Policy. (a) As expressed in Executive Order 13788 of April 18, 2017 (Buy American and Hire American), and in Executive Order 13858 of January 31, 2019 (Strengthening Buy-American Preferences for Infrastructure Projects), it is the policy of the United States to buy American and to maximize, consistent with law, the use of goods, products, and materials produced in the United States. To those ends, my Administration shall enforce the Buy American Act to the greatest extent permitted by law."
538,13881,10582,outside_corpus,Executive Order 10582,"(b) In Executive Order 10582 of December 17, 1954 (Prescribing Uniform Procedures for Certain Determinations Under the Buy-American Act), President Eisenhower established that materials shall be, for purposes of the Buy American Act, considered of foreign origin if the cost of the foreign products used in such materials constitutes 50 percent or more of the cost of all the products used in such materials. He also established that, in determining whether the bid or offered price of materials of domestic origin is unreasonable or inconsistent with the public interest, the executive agencies shall either (1) add 6 percent to the total bid or offered price of materials of foreign origin, or (2) add 10 percent to the total bid or offered price of materials of foreign origin less certain specified costs as follows. Where the foreign bid or offer is less than $25,000, applicable duty is excluded from the calculation. Where the foreign bid or offer is more than $25,000, both applicable duty, and all costs incurred after arrival in the United States, are excluded from the calculation."
538,13881,10582,outside_corpus,Executive Order 10582,"Sec. 3. Effect on Executive Order 10582. Executive Order 10582 is superseded to the extent that it is inconsistent with this order. Upon the issuance of a final rule pursuant to section 2 of this order, subsections 2(a) and 2(c) of Executive Order 10582 are revoked."
538,13881,10582,outside_corpus,Executive Order 10582,"Sec. 3. Effect on Executive Order 10582. Executive Order 10582 is superseded to the extent that it is inconsistent with this order. Upon the issuance of a final rule pursuant to section 2 of this order, subsections 2(a) and 2(c) of Executive Order 10582 are revoked."
538,13881,10582,outside_corpus,Executive Order 10582,"Sec. 3. Effect on Executive Order 10582. Executive Order 10582 is superseded to the extent that it is inconsistent with this order. Upon the issuance of a final rule pursuant to section 2 of this order, subsections 2(a) and 2(c) of Executive Order 10582 are revoked."
547,13872,13515,outside_corpus,Executive Order 13515,"Sec. 4. General Provisions. (a) This order supersedes section 1(s) of Executive Order 13811 of September 29, 2017 (Continuance of Certain Federal Advisory Committees), and Executive Order 13515 of October 14, 2009 (Increasing Participation of Asian Americans and Pacific Islanders in Federal Programs)."
551,13867,10485,outside_corpus,Executive Order 10485,"(b) Except with respect to facilities covered by Executive Order 10485 of September 3, 1953 (Providing for the Performance of Certain Functions Heretofore Performed by the President With Respect to Electric Power and Natural Gas Facilities Located on the Borders of the United States), as amended, and section 5(a) of Executive Order 10530 of May 10, 1954 (Providing for the Performance of Certain Functions Vested in or Subject to the Approval of the President), the Secretary of State is hereby designated to receive all applications for the issuance or amendment of Presidential permits for the construction, connection, operation, or maintenance, at the international boundaries of the United States, of:"
560,13859,13719,outside_corpus,Executive Order 13719,"(iv) In identifying data and models for consideration for increased public access, agencies, in coordination with the Senior Agency Officials for Privacy established pursuant to Executive Order 13719 of February 9, 2016 (Establishment of the Federal Privacy Council), the heads of Federal statistical entities, Federal program managers, and other relevant personnel shall identify any barriers to, or requirements associated with, increased access to and use of such data and models, including:"
561,13858,13788,outside_corpus,Executive Order 13788,"Section 1. Policy. As expressed in Executive Order 13788 of April 18, 2017 (Buy American and Hire American), it is the policy of the executive branch to maximize, consistent with law, the use of goods, products, and materials produced in the United States, in Federal procurements and through the terms and conditions of Federal financial assistance awards."
561,13858,13788,outside_corpus,Executive Order 13788,"Sec. 5. Amendment to Executive Order 13788. Subsection 1(a) of Executive Order 13788 is hereby amended by substituting ""Federal financial assistance"" for ""Federal grants""."
561,13858,13788,outside_corpus,Executive Order 13788,"Sec. 5. Amendment to Executive Order 13788. Subsection 1(a) of Executive Order 13788 is hereby amended by substituting ""Federal financial assistance"" for ""Federal grants""."
562,13857,13827,outside_corpus,Executive Order 13827,"I, Donald J. Trump, President of the United States of America, in order to take additional steps with respect to the national emergency declared in Executive Order 13692 of March 8, 2015, and relied upon for additional steps taken in Executive Order 13808 of August 24, 2017, Executive Order 13827 of March 19, 2018, Executive Order 13835 of May 21, 2018, and Executive Order 13850 of November 1, 2018, particularly in light of actions by persons affiliated with the illegitimate Maduro regime, including human rights violations and abuses in response to anti-Maduro protests, arbitrary arrest and detention of anti-Maduro protestors, curtailment of press freedom, harassment of political opponents, and continued attempts to undermine the Interim President of Venezuela and undermine the National Assembly, the only legitimate branch of government duly elected by the Venezuelan people, and to prevent the Interim President and the National Assembly from exercising legitimate authority in Venezuela, hereby order:"
562,13857,13827,outside_corpus,Executive Order 13827,"Section 1. (a) Subsection (d) of section 6 of Executive Order 13692, subsection (d) of section 3 of Executive Order 13808, subsection (d) of section 3 of Executive Order 13827, subsection (d) of section 3 of Executive Order 13835, and subsection (d) of section 6 of Executive Order 13850, are hereby amended to read as follows:"
569,13850,13827,outside_corpus,Executive Order 13827,"I, Donald J. Trump, President of the United States of America, in order to take additional steps with respect to the national emergency declared in Executive Order 13692 of March 8, 2015, and relied upon for additional steps taken in Executive Order 13808 of August 24, 2017, Executive Order 13827 of March 19, 2018, and Executive Order 13835 of May 21, 2018, particularly in light of actions by the Maduro regime and associated persons to plunder Venezuela's wealth for their own corrupt purposes, degrade Venezuela's infrastructure and natural environment through economic mismanagement and confiscatory mining and industrial practices, and catalyze a regional migration crisis by neglecting the basic needs of the Venezuelan people, hereby order as follows:"
570,13849,13694,outside_corpus,Executive Order 13694,"I, Donald J. Trump, President of the United States of America, in order to take additional steps with respect to the national emergencies declared in Executive Order 13660 of March 6, 2014, as expanded in scope and relied upon for additional steps taken in subsequent Executive Orders, and Executive Order 13694 of April 1, 2015, as relied upon for additional steps taken in Executive Order 13757 of December 28, 2016, hereby order:"
571,13848,13694,outside_corpus,Executive Order 13694,"(iii) to be owned or controlled by, or to have acted or purported to act for or on behalf of, directly or indirectly, any person whose property or interests in property are blocked pursuant to this order. (b) Executive Order 13694 of April 1, 2015, as amended by Executive Order 13757 of December 28, 2016, remains in effect. This order is not intended to, and does not, serve to limit the Secretary of the Treasury's discretion to exercise the authorities provided in Executive Order 13694. Where appropriate, the Secretary of the Treasury, in consultation with the Attorney General and the Secretary of State, may exercise the authorities described in Executive Order 13694 or other authorities in conjunction with the Secretary of the Treasury's exercise of authorities provided in this order."
571,13848,13694,outside_corpus,Executive Order 13694,"(iii) to be owned or controlled by, or to have acted or purported to act for or on behalf of, directly or indirectly, any person whose property or interests in property are blocked pursuant to this order. (b) Executive Order 13694 of April 1, 2015, as amended by Executive Order 13757 of December 28, 2016, remains in effect. This order is not intended to, and does not, serve to limit the Secretary of the Treasury's discretion to exercise the authorities provided in Executive Order 13694. Where appropriate, the Secretary of the Treasury, in consultation with the Attorney General and the Secretary of State, may exercise the authorities described in Executive Order 13694 or other authorities in conjunction with the Secretary of the Treasury's exercise of authorities provided in this order."
571,13848,13694,outside_corpus,Executive Order 13694,"(iii) to be owned or controlled by, or to have acted or purported to act for or on behalf of, directly or indirectly, any person whose property or interests in property are blocked pursuant to this order. (b) Executive Order 13694 of April 1, 2015, as amended by Executive Order 13757 of December 28, 2016, remains in effect. This order is not intended to, and does not, serve to limit the Secretary of the Treasury's discretion to exercise the authorities provided in Executive Order 13694. Where appropriate, the Secretary of the Treasury, in consultation with the Attorney General and the Secretary of State, may exercise the authorities described in Executive Order 13694 or other authorities in conjunction with the Secretary of the Treasury's exercise of authorities provided in this order."
579,13840,13547,outside_corpus,Executive Order 13547,"Sec. 7. Revocation. Executive Order 13547 of July 19, 2010 (Stewardship of the Ocean, Our Coasts, and the Great Lakes), is hereby revoked."
584,13835,13827,outside_corpus,Executive Order 13827,"By the authority vested in me as President by the Constitution and the laws of the United States of America, including the International Emergency Economic Powers Act (50 U.S.C. 1701 et seq.) (IEEPA), the National Emergencies Act (50 U.S.C. 1601 et seq.), and section 301 of title 3, United States Code, I, DONALD J. TRUMP, President of the United States of America, in order to take additional steps with respect to the national emergency declared in Executive Order 13692 of March 8, 2015, and relied upon for additional steps taken in Executive Order 13808 of August 24, 2017 and Executive Order 13827 of March 19, 2018, particularly in light of the recent activities of the Maduro regime, including endemic economic mismanagement and public corruption at the expense of the Venezuelan people and their prosperity, and ongoing repression of the political opposition; attempts to undermine democratic order by holding snap elections that are neither free nor fair; and the regime's responsibility for the deepening humanitarian and public health crisis in Venezuela, hereby order as follows:"
588,13831,13397,outside_corpus,Executive Order 13397,"Sec. 2. Amendments to Executive Orders. (a) Executive Order 13198 of January 29, 2001 (Agency Responsibilities With Respect to Faith-Based and Community Initiatives), Executive Order 13279 of December 12, 2002 (Equal Protection of the Laws for Faith-Based and Community Organizations), as amended by Executive Order 13559 of November 17, 2010 (Fundamental Principles and Policymaking Criteria for Partnerships with Faith-Based and Other Neighborhood Organizations), Executive Order 13280 of December 12, 2002 (Responsibilities of the Department of Agriculture and the Agency for International Development With Respect to Faith-Based and Community Initiatives), Executive Order 13342 of June 1, 2004 (Responsibilities of the Departments of Commerce and Veterans Affairs and the Small Business Administration with Respect to Faith-Based and Community Initiatives), and Executive Order 13397 of March 7, 2006 (Responsibilities of the Department of Homeland Security With Respect to Faith-Based and Community Initiatives), are hereby amended by:"
588,13831,13397,outside_corpus,Executive Order 13397,"(i) The Initiative shall be headed by an Advisor to the White House Faith and Opportunity Initiative (Advisor). The Advisor shall be housed in the Office of Public Liaison and shall work with that office and the Domestic Policy Council, in consultation with the Centers for Faith-Based and Community Initiatives established by Executive Order 13198, Executive Order 13280, Executive Order 13342, and Executive Order 13397, to implement this order."
588,13831,13498,outside_corpus,Executive Order 13498,"Sec. 4. Revocation of Executive Orders. Executive Order 13199 of January 29, 2001 (Establishment of White House Office of Faith-Based and Community Initiatives), and Executive Order 13498 of February 5, 2009 (Amendments to Executive Order 13199 and Establishment of the President's Advisory Council for Faith-Based and Neighborhood Partnerships), are hereby revoked."
589,13830,4601,outside_corpus,Executive Order 4601,"(c) This order supersedes Executive Order 4601 of March 1, 1927, as amended, and Executive Order 9260 of October 29, 1942, as amended. However, existing regulations prescribed pursuant to those orders, shall, so far as they are not inconsistent with this order, remain in effect until modified or revoked by regulations prescribed by the Secretary of the military department concerned, or the Secretary of Homeland Security with respect to the Coast Guard when it is not operating as a service in the Navy, under this order."
589,13830,9260,outside_corpus,Executive Order 9260,"(c) This order supersedes Executive Order 4601 of March 1, 1927, as amended, and Executive Order 9260 of October 29, 1942, as amended. However, existing regulations prescribed pursuant to those orders, shall, so far as they are not inconsistent with this order, remain in effect until modified or revoked by regulations prescribed by the Secretary of the military department concerned, or the Secretary of Homeland Security with respect to the Coast Guard when it is not operating as a service in the Navy, under this order."
601,13817,12866,outside_corpus,Executive Order 12866,"(b) Agencies shall implement subsection (a) of this section in a manner consistent with, and when possible complementary to, implementation of Executive Order 13771 of January 30, 2017 (Reducing Regulation and Controlling Regulatory Costs), Executive Order 13783 of March 28, 2017 (Promoting Energy Independence and Economic Growth), Executive Order 13807 of August 15, 2017 (Establishing Discipline and Accountability in the Environmental Review and Permitting Process for Infrastructure Projects), and Executive Order 12866 of September 30, 1993 (Regulatory Planning and Review)."
608,13811,12216,outside_corpus,Executive Order 12216,"(e) President's Committee on the International Labor Organization; Executive Order 12216, as amended (Department of Labor)."
608,13811,12963,outside_corpus,Executive Order 12963,"(l) Presidential Advisory Council on HIV/AIDS; Executive Order 12963, as amended (Department of Health and Human Services)."
608,13811,13179,outside_corpus,Executive Order 13179,(p) Advisory Board on Radiation and Worker Health; Executive Order 13179 (Department of Health and Human Services).
608,13811,13515,outside_corpus,Executive Order 13515,"(s) President's Advisory Commission on Asian Americans and Pacific Islanders; Executive Order 13515, as amended (Department of Education)."
608,13811,13540,outside_corpus,Executive Order 13540,(u) Interagency Task Force on Veterans Small Business Development; Executive Order 13540 (Small Business Administration).
608,13811,13555,outside_corpus,Executive Order 13555,(w) President's Advisory Commission on Educational Excellence for Hispanics; Executive Order 13555 (Department of Education).
609,13810,13687,outside_corpus,Executive Order 13687,"(i) knowingly conducted or facilitated any significant transaction on behalf of any person whose property and interests in property are blocked pursuant to Executive Order 13551 of August 30, 2010, Executive Order 13687 of January 2, 2015, Executive Order 13722 of March 15, 2016, or this order, or of any person whose property and interests in property are blocked pursuant to Executive Order 13382 in connection with North Korea-related activities; or"
610,13809,13688,outside_corpus,Executive Order 13688,"Section 1. Revocation of Executive Order 13688. Executive Order 13688 of January 16, 2015 (Federal Support for Local Law Enforcement Equipment Acquisition), is hereby revoked."
610,13809,13688,outside_corpus,Executive Order 13688,"Section 1. Revocation of Executive Order 13688. Executive Order 13688 of January 16, 2015 (Federal Support for Local Law Enforcement Equipment Acquisition), is hereby revoked."
610,13809,13688,outside_corpus,Executive Order 13688,"Sec. 2. Revocation of Recommendations Issued Pursuant to Executive Order 13688. The recommendations issued pursuant to Executive Order 13688 do not reflect the policy of the executive branch. All executive departments and agencies are directed, as of the date of this order and consistent with Federal law, to cease implementing those recommendations and, if necessary, to take prompt action to rescind any rules, regulations, guidelines, or policies implementing them."
610,13809,13688,outside_corpus,Executive Order 13688,"Sec. 2. Revocation of Recommendations Issued Pursuant to Executive Order 13688. The recommendations issued pursuant to Executive Order 13688 do not reflect the policy of the executive branch. All executive departments and agencies are directed, as of the date of this order and consistent with Federal law, to cease implementing those recommendations and, if necessary, to take prompt action to rescind any rules, regulations, guidelines, or policies implementing them."
612,13807,13766,outside_corpus,Executive Order 13766,"(d) Executive Order 13766. For purposes of implementing Executive Order 13766 of January 24, 2017 (Expediting Environmental Reviews and Approvals for High Priority Infrastructure Projects), all infrastructure projects that meet the criteria for, and are subject to, 23 U.S.C. 139, 33 U.S.C. 2348, or 42 U.S.C. 4370m-4370m-12 shall qualify as high priority projects under Executive Order 13766. Other projects or classes of projects subject to special environmental review and authorization streamlining processes, similar to those referenced in this subsection as may be determined by the FPISC Executive Director in consultation with OMB and CEQ, shall also qualify as high priority infrastructure projects under Executive Order 13766. The CEQ Chairman's responsibilities under sections 2 and 3 of Executive Order 13766 shall be satisfied by referring the project to the FPISC Executive Director, the Secretary of Transportation, or the Assistant Secretary of the Army for Civil Works, as appropriate."
612,13807,13766,outside_corpus,Executive Order 13766,"(d) Executive Order 13766. For purposes of implementing Executive Order 13766 of January 24, 2017 (Expediting Environmental Reviews and Approvals for High Priority Infrastructure Projects), all infrastructure projects that meet the criteria for, and are subject to, 23 U.S.C. 139, 33 U.S.C. 2348, or 42 U.S.C. 4370m-4370m-12 shall qualify as high priority projects under Executive Order 13766. Other projects or classes of projects subject to special environmental review and authorization streamlining processes, similar to those referenced in this subsection as may be determined by the FPISC Executive Director in consultation with OMB and CEQ, shall also qualify as high priority infrastructure projects under Executive Order 13766. The CEQ Chairman's responsibilities under sections 2 and 3 of Executive Order 13766 shall be satisfied by referring the project to the FPISC Executive Director, the Secretary of Transportation, or the Assistant Secretary of the Army for Civil Works, as appropriate."
612,13807,13766,outside_corpus,Executive Order 13766,"(d) Executive Order 13766. For purposes of implementing Executive Order 13766 of January 24, 2017 (Expediting Environmental Reviews and Approvals for High Priority Infrastructure Projects), all infrastructure projects that meet the criteria for, and are subject to, 23 U.S.C. 139, 33 U.S.C. 2348, or 42 U.S.C. 4370m-4370m-12 shall qualify as high priority projects under Executive Order 13766. Other projects or classes of projects subject to special environmental review and authorization streamlining processes, similar to those referenced in this subsection as may be determined by the FPISC Executive Director in consultation with OMB and CEQ, shall also qualify as high priority infrastructure projects under Executive Order 13766. The CEQ Chairman's responsibilities under sections 2 and 3 of Executive Order 13766 shall be satisfied by referring the project to the FPISC Executive Director, the Secretary of Transportation, or the Assistant Secretary of the Army for Civil Works, as appropriate."
612,13807,13766,outside_corpus,Executive Order 13766,"(d) Executive Order 13766. For purposes of implementing Executive Order 13766 of January 24, 2017 (Expediting Environmental Reviews and Approvals for High Priority Infrastructure Projects), all infrastructure projects that meet the criteria for, and are subject to, 23 U.S.C. 139, 33 U.S.C. 2348, or 42 U.S.C. 4370m-4370m-12 shall qualify as high priority projects under Executive Order 13766. Other projects or classes of projects subject to special environmental review and authorization streamlining processes, similar to those referenced in this subsection as may be determined by the FPISC Executive Director in consultation with OMB and CEQ, shall also qualify as high priority infrastructure projects under Executive Order 13766. The CEQ Chairman's responsibilities under sections 2 and 3 of Executive Order 13766 shall be satisfied by referring the project to the FPISC Executive Director, the Secretary of Transportation, or the Assistant Secretary of the Army for Civil Works, as appropriate."
612,13807,13766,outside_corpus,Executive Order 13766,"(d) Executive Order 13766. For purposes of implementing Executive Order 13766 of January 24, 2017 (Expediting Environmental Reviews and Approvals for High Priority Infrastructure Projects), all infrastructure projects that meet the criteria for, and are subject to, 23 U.S.C. 139, 33 U.S.C. 2348, or 42 U.S.C. 4370m-4370m-12 shall qualify as high priority projects under Executive Order 13766. Other projects or classes of projects subject to special environmental review and authorization streamlining processes, similar to those referenced in this subsection as may be determined by the FPISC Executive Director in consultation with OMB and CEQ, shall also qualify as high priority infrastructure projects under Executive Order 13766. The CEQ Chairman's responsibilities under sections 2 and 3 of Executive Order 13766 shall be satisfied by referring the project to the FPISC Executive Director, the Secretary of Transportation, or the Assistant Secretary of the Army for Civil Works, as appropriate."
622,13797,13788,outside_corpus,Executive Order 13788,"(c) help improve the performance of the executive branch's domestic procurement and hiring policies, including through the implementation of the policies described in Executive Order 13788 of April 18, 2017 (Buy American and Hire American)."
636,13783,12866,outside_corpus,Executive Order 12866,(i) Technical Support Document: Social Cost of Carbon for Regulatory Impact Analysis Under Executive Order 12866 (February 2010);
642,13777,12866,outside_corpus,Executive Order 12866,"(ii) Executive Order 12866 of September 30, 1993 (Regulatory Planning and Review), as amended, regarding regulatory planning and review;"
642,13777,12866,outside_corpus,Executive Order 12866,(ii) the agency Regulatory Policy Officer designated under section 6(a)(2) of Executive Order 12866;
648,13771,12866,outside_corpus,Executive Order 12866,"Sec. 3. Annual Regulatory Cost Submissions to the Office of Management and Budget. (a) Beginning with the Regulatory Plans (required under Executive Order 12866 of September 30, 1993, as amended, or any successor order) for fiscal year 2018, and for each fiscal year thereafter, the head of each agency shall identify, for each regulation that increases incremental cost, the offsetting regulations described in section 2(c) of this order, and provide the agency's best approximation of the total costs or savings associated with each new regulation or repealed regulation."
648,13771,12866,outside_corpus,Executive Order 12866,"(b) Each regulation approved by the Director during the Presidential budget process shall be included in the Unified Regulatory Agenda required under Executive Order 12866, as amended, or any successor order."
648,13771,12866,outside_corpus,Executive Order 12866,"(c) Unless otherwise required by law, no regulation shall be issued by an agency if it was not included on the most recent version or update of the published Unified Regulatory Agenda as required under Executive Order 12866, as amended, or any successor order, unless the issuance of such regulation was approved in advance in writing by the Director."
656,13761,13400,outside_corpus,Executive Order 13400,"Sec. 8. This order is not intended to, and does not, otherwise affect the national emergency declared in Executive Order 13067 of November 3, 1997, as expanded in scope by Executive Order 13400 of April 26, 2006, which shall remain in place."
662,13757,13694,outside_corpus,Executive Order 13694,"I, Barack Obama, President of the United States of America, in order to take additional steps to deal with the national emergency with respect to significant malicious cyber-enabled activities declared in Executive Order 13694 of April 1, 2015, and in view of the increasing use of such activities to undermine democratic processes or institutions, hereby order:"
662,13757,13694,outside_corpus,Executive Order 13694,Section 1. Section 1(a) of Executive Order 13694 is hereby amended to read as follows:
662,13757,13694,outside_corpus,Executive Order 13694,Sec. 2. Executive Order 13694 is further amended by adding as an Annex to Executive Order 13694 the Annex to this order.
662,13757,13694,outside_corpus,Executive Order 13694,Sec. 2. Executive Order 13694 is further amended by adding as an Annex to Executive Order 13694 the Annex to this order.
662,13757,13694,outside_corpus,Executive Order 13694,Sec. 3. Executive Order 13694 is further amended by redesignating section 10 as section 11 and adding a new section 10 to read as follows:
666,13753,13442,outside_corpus,Executive Order 13442,"Sec. 2. Executive Order 13442 of August 13, 2007 (""Amending the Order of Succession in the Department of Homeland Security""), is hereby revoked."
677,13742,13047,outside_corpus,Executive Order 13047,"I, Barack Obama, President of the United States of America, find that the situation that gave rise to the declaration of a national emergency in Executive Order 13047 of May 20, 1997, with respect to the actions and policies of the Government of Burma, in particular a deepening pattern of severe repression by the State Law and Order Restoration Council, the then-governing regime in Burma, as modified in scope by Executive Order 13448 of October 18, 2007, and Executive Order 13619 of July 11, 2012, has been significantly altered by Burma's substantial advances to promote democracy, including historic elections in November 2015 that resulted in the former opposition party, the National League for Democracy, winning a majority of seats in the national parliament and the formation of a democratically elected, civilian-led government; the release of many political prisoners; and greater enjoyment of human rights and fundamental freedoms, including freedom of expression and freedom of association and peaceful assembly. Accordingly, I hereby terminate the national emergency declared in Executive Order 13047, and revoke that order, Executive Order 13310 of July 28, 2003, Executive Order 13448, Executive Order 13464 of April 30, 2008, Executive Order 13619, and Executive Order 13651 of August 6, 2013, and further order:"
677,13742,13047,outside_corpus,Executive Order 13047,"I, Barack Obama, President of the United States of America, find that the situation that gave rise to the declaration of a national emergency in Executive Order 13047 of May 20, 1997, with respect to the actions and policies of the Government of Burma, in particular a deepening pattern of severe repression by the State Law and Order Restoration Council, the then-governing regime in Burma, as modified in scope by Executive Order 13448 of October 18, 2007, and Executive Order 13619 of July 11, 2012, has been significantly altered by Burma's substantial advances to promote democracy, including historic elections in November 2015 that resulted in the former opposition party, the National League for Democracy, winning a majority of seats in the national parliament and the formation of a democratically elected, civilian-led government; the release of many political prisoners; and greater enjoyment of human rights and fundamental freedoms, including freedom of expression and freedom of association and peaceful assembly. Accordingly, I hereby terminate the national emergency declared in Executive Order 13047, and revoke that order, Executive Order 13310 of July 28, 2003, Executive Order 13448, Executive Order 13464 of April 30, 2008, Executive Order 13619, and Executive Order 13651 of August 6, 2013, and further order:"
677,13742,13047,outside_corpus,Executive Order 13047,"Section 1. Pursuant to section 202(a) of the NEA (50 U.S.C. 1622(a)), termination of the national emergency declared in Executive Order 13047, as modified in scope by Executive Order 13448, and Executive Order 13619, shall not affect any action taken or proceeding pending not finally concluded or determined as of the effective date of this order, any action or proceeding based on any act committed prior to the effective date of this order, or any rights or duties that matured or penalties that were incurred prior to the effective date of this order."
693,13726,13566,outside_corpus,Executive Order 13566,"I, Barack Obama, President of the United States of America, hereby expand the scope of the national emergency declared in Executive Order 13566 of February 25, 2011, finding that the ongoing violence in Libya, including attacks by armed groups against Libyan state facilities, foreign missions in Libya, and critical infrastructure, as well as human rights abuses, violations of the arms embargo imposed by United Nations Security Council Resolution 1970 (2011), and misappropriation of Libya's natural resources threaten the peace, security, stability, sovereignty, democratic transition, and territorial integrity of Libya, and thereby constitute an unusual and extraordinary threat to the national security and foreign policy of the United States. To address this threat, and in view of United Nations Security Council Resolutions 2174 of August 27, 2014, and 2213 of March 27, 2015, I hereby order:"
693,13726,13566,outside_corpus,Executive Order 13566,"Sec. 3. I hereby determine that the making of donations of the type of articles specified in section 203(b)(2) of IEEPA (50 U.S.C. 1702(b)(2)) by, to, or for the benefit of any person whose property and interests in property are blocked pursuant to section 1 of this order would seriously impair my ability to deal with the national emergency declared in Executive Order 13566 and expanded in this order, and I hereby prohibit such donations as provided by section 1 of this order."
693,13726,13566,outside_corpus,Executive Order 13566,"Sec. 7. For those persons whose property and interests in property are blocked pursuant to this order who might have a constitutional presence in the United States, I find that because of the ability to transfer funds or other assets instantaneously, prior notice to such persons of measures to be taken pursuant to this order would render those measures ineffectual. I therefore determine that for these measures to be effective in addressing the national emergency declared in Executive Order 13566 and expanded in this order, there need be no prior notice of a listing or determination made pursuant to section 1 of this order."
696,13723,13289,outside_corpus,Executive Order 13289,"Sec. 2. Relationship to Other Awards. Notwithstanding section 1 of Executive Order 13289 of March 12, 2003, Establishing the Global War on Terrorism Expeditionary Medal, any member who qualified for that medal by reason of service in Iraq, Syria, or contiguous waters or airspace between June 15, 2014, and a terminal date to be determined by the Secretary of Defense, shall remain qualified for that medal. Upon application, a member by reason of service in Iraq, Syria, or contiguous waters or airspace may be awarded the Inherent Resolve Campaign Medal in lieu of the Global War on Terrorism Expeditionary Medal. A member may be awarded either the Inherent Resolve Campaign Medal or the Global War on Terrorism Expeditionary Medal by reason of service in Iraq, Syria, or contiguous waters or airspace. No member shall be entitled to the award of more than one of these two medals for the same period of service."
710,13709,10431,outside_corpus,Executive Order 10431,"Section 1. Policy. In order to more appropriately recognize distinguished achievements and outstanding contributions in the field of national security, Executive Order 10431 of January 19, 1953, is amended as follows:"
710,13709,10431,outside_corpus,Executive Order 10431,"Sec. 2. This order supersedes the regulations governing the award of the National Security Medal issued with Presidential approval on January 19, 1953, and published with Executive Order 10431."
711,13708,12216,outside_corpus,Executive Order 12216,"(f) President's Committee on the International Labor Organization; Executive Order 12216, as amended (Department of Labor)."
711,13708,12963,outside_corpus,Executive Order 12963,"(n) Presidential Advisory Council on HIV/AIDS; Executive Order 12963, as amended (Department of Health and Human Services). (o) President's Committee for People with Intellectual Disabilities; Executive Order 12994, as amended (Department of Health and Human Services)."
711,13708,13179,outside_corpus,Executive Order 13179,(r) Advisory Board on Radiation and Worker Health; Executive Order 13179 (Department of Health and Human Services).
711,13708,13498,outside_corpus,Executive Order 13498,(u) President's Advisory Council on Faith-Based and Neighborhood Partnerships; Executive Order 13498 (Department of Health and Human Services).
711,13708,13515,outside_corpus,Executive Order 13515,"(v) President's Advisory Commission on Asian Americans and Pacific Islanders; Executive Order 13515, as amended (Department of Education)."
711,13708,13540,outside_corpus,Executive Order 13540,(cc) Interagency Task Force on Veterans Small Business Development; Executive Order 13540 (Small Business Administration).
711,13708,13555,outside_corpus,Executive Order 13555,"(ff) President's Advisory Commission on Educational Excellence for Hispanics; Executive Order 13555, re-established by Executive Order 13634 (Department of Education)."
716,13703,12963,outside_corpus,Executive Order 12963,"Sec. 5. Role of the Presidential Advisory Council on HIV/AIDS (PACHA). The PACHA, which was established by Executive Order 12963 of June 14, 1995 (Presidential Advisory Council on HIV/AIDS), as amended, shall monitor the implementation of the Updated Strategy and make recommendations to the Secretary of Health and Human Services (Secretary) and to the Director of ONAP, as appropriate, concerning implementation and progress in achieving the Updated Strategy's goals."
720,13699,13179,outside_corpus,Executive Order 13179,"(b) To the extent necessary, the Advisory Board also shall coordinate exchanges of data and findings with the Advisory Board on Radiation and Worker Health, which was authorized by EEOICPA and established by Executive Order 13179 of December 7, 2000."
722,13697,12158,outside_corpus,Executive Order 12158,"By the authority vested in me as President by the Constitution and the laws of the United States of America, it is hereby ordered that section 2 of Executive Order 11155 of May 23, 1964, as amended by Executive Order 12158 of September 18, 1979, is further amended by adding a new paragraph (6) to read as follows:"
728,13691,12356,outside_corpus,Executive Order No. 12356,"(g) Sec. 201(e) is redesignated Sec. 201(f) and revised by substituting ""Executive Order 13526 of December 29, 2009, or any successor order,"" for ""Executive Order No. 12356 of April 2, 1982."";"
744,13675,12870,outside_corpus,Executive Order 12870,"(b) Members of the Advisory Council shall be appointed by the Secretary of Commerce, in consultation with the Trade Promotion Coordinating Committee (TPCC), which was authorized by statute in 1992 (15 U.S.C. 4727) and established by Executive Order 12870 of September 30, 1993."
751,13668,13303,outside_corpus,Executive Order 13303,"I, Barack Obama, President of the United States of America, have determined that the situation that gave rise to the actions taken in Executive Order 13303 of May 22, 2003, to protect the Development Fund for Iraq and certain other property in which the Government of Iraq has an interest has been significantly altered. Recognizing the changed circumstances in Iraq, including the Government of Iraq''s progress in resolving and managing the risk associated with outstanding debts and claims arising from actions of the previous regime, I hereby terminate the prohibitions contained in section 1 of Executive Order 13303 of May 22, 2003, as amended by Executive Order 13364 of November 29, 2004, on any attachment, judgment, decree, lien, execution, garnishment, or other judicial process with respect to the Development Fund for Iraq and Iraqi petroleum, petroleum products, and interests therein, and the accounts, assets, investments, and other property owned by, belonging to, or held by, in the name of, on behalf of, or otherwise for, the Central Bank of Iraq. This action is not intended otherwise to affect the national emergency declared in Executive Order 13303 of May 22, 2003, as expanded in scope by Executive Order 13315 of August 28, 2003, which shall remain in place. This action is also not intended to affect immunities enjoyed by the Government of Iraq and its property under otherwise applicable law."
751,13668,13303,outside_corpus,Executive Order 13303,"I, Barack Obama, President of the United States of America, have determined that the situation that gave rise to the actions taken in Executive Order 13303 of May 22, 2003, to protect the Development Fund for Iraq and certain other property in which the Government of Iraq has an interest has been significantly altered. Recognizing the changed circumstances in Iraq, including the Government of Iraq''s progress in resolving and managing the risk associated with outstanding debts and claims arising from actions of the previous regime, I hereby terminate the prohibitions contained in section 1 of Executive Order 13303 of May 22, 2003, as amended by Executive Order 13364 of November 29, 2004, on any attachment, judgment, decree, lien, execution, garnishment, or other judicial process with respect to the Development Fund for Iraq and Iraqi petroleum, petroleum products, and interests therein, and the accounts, assets, investments, and other property owned by, belonging to, or held by, in the name of, on behalf of, or otherwise for, the Central Bank of Iraq. This action is not intended otherwise to affect the national emergency declared in Executive Order 13303 of May 22, 2003, as expanded in scope by Executive Order 13315 of August 28, 2003, which shall remain in place. This action is also not intended to affect immunities enjoyed by the Government of Iraq and its property under otherwise applicable law."
751,13668,13303,outside_corpus,Executive Order 13303,"I, Barack Obama, President of the United States of America, have determined that the situation that gave rise to the actions taken in Executive Order 13303 of May 22, 2003, to protect the Development Fund for Iraq and certain other property in which the Government of Iraq has an interest has been significantly altered. Recognizing the changed circumstances in Iraq, including the Government of Iraq''s progress in resolving and managing the risk associated with outstanding debts and claims arising from actions of the previous regime, I hereby terminate the prohibitions contained in section 1 of Executive Order 13303 of May 22, 2003, as amended by Executive Order 13364 of November 29, 2004, on any attachment, judgment, decree, lien, execution, garnishment, or other judicial process with respect to the Development Fund for Iraq and Iraqi petroleum, petroleum products, and interests therein, and the accounts, assets, investments, and other property owned by, belonging to, or held by, in the name of, on behalf of, or otherwise for, the Central Bank of Iraq. This action is not intended otherwise to affect the national emergency declared in Executive Order 13303 of May 22, 2003, as expanded in scope by Executive Order 13315 of August 28, 2003, which shall remain in place. This action is also not intended to affect immunities enjoyed by the Government of Iraq and its property under otherwise applicable law."
751,13668,13303,outside_corpus,Executive Order 13303,"Section 1. The prohibitions set forth in section 1 of Executive Order 13303 of May 22, 2003, as amended by Executive Order 13364 of November 29, 2004, are hereby terminated."
763,13656,12163,outside_corpus,Executive Order 12163,"Sec. 6. Delegation of Certain Determination Functions. Executive Order 12163 of September 29, 1979, as amended, is further amended, in section 1-701(c), by striking the semicolon and all subsequent text before the period."
767,13652,12216,outside_corpus,Executive Order 12216,"(f) President's Committee on the International Labor Organization; Executive Order 12216, as amended (Department of Labor)."
767,13652,13498,outside_corpus,Executive Order 13498,"(n) President's Advisory Council on Faith-Based and Neighborhood Partnerships; Executive Order 13498, re-established by Executive Order 13569, and continued by Executive Order 13640 (Department of Health and Human Services)."
767,13652,13569,outside_corpus,Executive Order 13569,"(n) President's Advisory Council on Faith-Based and Neighborhood Partnerships; Executive Order 13498, re-established by Executive Order 13569, and continued by Executive Order 13640 (Department of Health and Human Services)."
767,13652,13515,outside_corpus,Executive Order 13515,"(o) President's Advisory Commission on Asian Americans and Pacific Islanders; Executive Order 13515, as amended (Department of Education)."
767,13652,13540,outside_corpus,Executive Order 13540,(u) Interagency Task Force on Veterans Small Business Development; Executive Order 13540 (Small Business Administration).
767,13652,13631,outside_corpus,Executive Order 13631,"(v) Advisory Group on Prevention, Health Promotion, and Integrative and Public Health; Executive Order 13544, re-established by Executive Order 13631 (Department of Health and Human Services)."
767,13652,13555,outside_corpus,Executive Order 13555,"(x) President's Advisory Commission on Educational Excellence for Hispanics; Executive Order 13555, re-established by Executive Order 13634 (Department of Education)."
767,13652,13515,outside_corpus,Executive Order 13515,"Sec. 8. Section 3(b) of Executive Order 13515 of October 14, 2009, as amended, is further amended by inserting in the list of agency members ""the General Services Administration"" and ""the National Aeronautics and Space Administration"" after ""the Small Business Administration"", and redesignating the subsections of section 3(b) as appropriate. Subsection 3(b) is further amended by inserting at the end the following sentence:"
768,13651,13047,outside_corpus,Executive Order 13047,"By the authority vested in me as President by the Constitution and the laws of the United States of America, including the International Emergency Economic Powers Act (50 U.S.C. 1701 et seq.) (IEEPA), the National Emergencies Act (50 U.S.C. 1601 et seq.), the Tom Lantos Block Burmese JADE (Junta's Anti-Democratic Efforts) Act of 2008 (Public Law 110-286) (the ""JADE Act""), and section 301 of title 3, United States Code, and in order to take additional steps with respect to the national emergency declared in Executive Order 13047 of May 20, 1997, as modified in scope in Executive Order 13448 of October 18, 2007, and Executive Order 13619 of July 11, 2012, and relied upon for additional steps taken in Executive Order 13310 of July 28, 2003, Executive Order 13448 of October 18, 2007, Executive Order 13464 of April 30, 2008, and Executive Order 13619 of July 11, 2012,"
772,13647,13175,outside_corpus,Executive Order 13175,"(c) coordinate a more effective and efficient process for executive departments, agencies, and offices to honor the United States commitment to tribal consultation as set forth in Executive Order 13175 of November 6, 2000 (Consultation and Coordination With Indian Tribal Governments), and my memorandum of November 5, 2009 (Tribal Consultation); and"
779,13640,13498,outside_corpus,Executive Order 13498,"Section 1. Continuing the President's Advisory Council on Faith-Based and Neighborhood Partnerships. The President's Advisory Council on Faith-Based and Neighborhood Partnerships, as set forth under the provisions of Executive Order 13498 of February 5, 2009, and reestablished by section 5 of Executive Order 13569 of April 5, 2011, is hereby extended and shall terminate 2 years from the date of this order unless further extended by the President."
779,13640,13569,outside_corpus,Executive Order 13569,"Section 1. Continuing the President's Advisory Council on Faith-Based and Neighborhood Partnerships. The President's Advisory Council on Faith-Based and Neighborhood Partnerships, as set forth under the provisions of Executive Order 13498 of February 5, 2009, and reestablished by section 5 of Executive Order 13569 of April 5, 2011, is hereby extended and shall terminate 2 years from the date of this order unless further extended by the President."
782,13637,11958,outside_corpus,Executive Order 11958,"Sec. 4. Revocation. Executive Order 11958 of January 18, 1977, as amended, is revoked; except that, to the extent consistent with this order, all determinations, authorizations, regulations, rulings, certificates, orders, directives, contracts, agreements, and other actions made, issued, taken, or entered into under the provisions of Executive Order 11958, as amended, and not revoked, superseded, or otherwise made inapplicable, shall continue in full force and effect until amended, modified, or terminated by appropriate authority."
782,13637,11958,outside_corpus,Executive Order 11958,"Sec. 4. Revocation. Executive Order 11958 of January 18, 1977, as amended, is revoked; except that, to the extent consistent with this order, all determinations, authorizations, regulations, rulings, certificates, orders, directives, contracts, agreements, and other actions made, issued, taken, or entered into under the provisions of Executive Order 11958, as amended, and not revoked, superseded, or otherwise made inapplicable, shall continue in full force and effect until amended, modified, or terminated by appropriate authority."
783,13636,12866,outside_corpus,Executive Order 12866,"(b) If current regulatory requirements are deemed to be insufficient, within 90 days of publication of the final Framework, agencies identified in subsection (a) of this section shall propose prioritized, risk-based, efficient, and coordinated actions, consistent with Executive Order 12866 of September 30, 1993 (Regulatory Planning and Review), Executive Order 13563 of January 18, 2011 (Improving Regulation and Regulatory Review), and Executive Order 13609 of May 1, 2012 (Promoting International Regulatory Cooperation), to mitigate cyber risk."
785,13634,13555,outside_corpus,Executive Order 13555,"Section 1. Reestablishing the President's Advisory Commission on Educational Excellence for Hispanics. The President's Advisory Commission on Educational Excellence for Hispanics (Commission), as set forth under the provisions of Executive Order 13555 of October 19, 2010, is hereby reestablished and shall terminate on September 30, 2013, unless extended by the President. The same members who were serving on the Commission on October 19, 2012, are hereby reappointed to the Commission as reestablished by this order, as if the Commission had continued without termination through the date of this Executive Order."
788,13632,13175,outside_corpus,Executive Order 13175,"(g) communicate with affected tribes in a manner consistent with Executive Order 13175 of November 6, 2000, regarding the consultation and coordination with Indian tribal governments."
800,13619,13047,outside_corpus,Executive Order 13047,"I, Barack Obama, President of the United States of America, hereby modify the scope of the national emergency declared in Executive Order 13047 of May 20, 1997, as modified in scope in Executive Order 13448 of October 18, 2007, and relied upon for additional steps taken in Executive Order 13310 of July 28, 2003, Executive Order 13448 of October 18, 2007, and Executive Order 13464 of April 30, 2008. The Government of Burma has made progress towards political reform in a number of areas, including by releasing hundreds of political prisoners, pursuing ceasefire talks with several armed ethnic groups, and pursuing a substantive dialogue with the democratic opposition. Recognizing that such reform is fragile, I hereby find that the continued detention of political prisoners, efforts to undermine or obstruct the political reform process, efforts to undermine or obstruct the peace process with ethnic minorities, military trade with North Korea, and human rights abuses in Burma particularly in ethnic areas, effectuated by persons within or outside the Government of Burma, constitute an unusual and extraordinary threat to the national security and foreign policy of the United States. Accordingly, I hereby order:"
800,13619,13047,outside_corpus,Executive Order 13047,"Sec. 3. I hereby determine that the making of donations of the type of articles specified in section 203(b)(2) of IEEPA (50 U.S.C. 1702(b)(2)) by, to, or for the benefit of any person whose property and interests in property are blocked pursuant to section 1 of this order would seriously impair my ability to deal with the national emergency declared in Executive Order 13047, as modified in scope in Executive Order 13448 and in this order, and I hereby prohibit such donations as provided by section 1 of this order."
800,13619,13047,outside_corpus,Executive Order 13047,"Sec. 6. Nothing in section 1 of this order, section 1 of Executive Order 13464 of April 30, 2008, section 1 of Executive Order 13448 of October 18, 2007, sections 1 through 3 of Executive Order 13310 of July 28, 2003, or sections 1 and 2 of Executive Order 13047 shall prohibit transactions for the conduct of the official business of the United States Government by employees, grantees, or contractors thereof, except to the extent that engaging in such transactions would require the issuance of a statutory waiver and such a waiver is not issued."
800,13619,13047,outside_corpus,Executive Order 13047,"Sec. 9. For those persons whose property and interests in property are blocked pursuant to this order who might have a constitutional presence in the United States, I find that because of the ability to transfer funds or other assets instantaneously, prior notice to such persons of measures to be taken pursuant to this order would render those measures ineffectual. I therefore determine that for these measures to be effective in addressing the national emergency declared in Executive Order 13047, as modified in scope in Executive Order 13448 and in this order, there need be no prior notice of a listing or determination made pursuant to section 1 of this order."
802,13617,12938,outside_corpus,Executive Order 12938,"I, Barack Obama, President of the United States of America, in view of the policies underlying Executive Order 12938 of November 14, 1994, and Executive Order 13085 of May 26, 1998, and the restrictions put in place pursuant to Executive Order 13159 of June 21, 2000, find that the risk of nuclear proliferation created by the accumulation of a large volume of weapons-usable fissile material in the territory of the Russian Federation continues to constitute an unusual and extraordinary threat to the national security and foreign policy of the United States, and hereby declare a national emergency to deal with that threat. I hereby order:"
802,13617,13085,outside_corpus,Executive Order 13085,"I, Barack Obama, President of the United States of America, in view of the policies underlying Executive Order 12938 of November 14, 1994, and Executive Order 13085 of May 26, 1998, and the restrictions put in place pursuant to Executive Order 13159 of June 21, 2000, find that the risk of nuclear proliferation created by the accumulation of a large volume of weapons-usable fissile material in the territory of the Russian Federation continues to constitute an unusual and extraordinary threat to the national security and foreign policy of the United States, and hereby declare a national emergency to deal with that threat. I hereby order:"
802,13617,13085,outside_corpus,Executive Order 13085,"Section 1. A major national security goal of the United States is to ensure that fissile material removed from Russian nuclear weapons pursuant to various arms control and disarmament agreements is dedicated to peaceful uses, subject to transparency measures, and protected from diversion to activities of proliferation concern. As reflected in Executive Order 13085, the full implementation of the Agreement Between the Government of the United States of America and the Government of the Russian Federation Concerning the Disposition of Highly Enriched Uranium Extracted from Nuclear Weapons, dated February 18, 1993, and related contracts and agreements (collectively, the ""HEU Agreements"") is essential to the attainment of this goal. The HEU Agreements provide for the conversion of approximately 500 metric tons of highly enriched uranium contained in Russian nuclear weapons into low-enriched uranium for use as fuel in commercial nuclear reactors. In furtherance of our national security goals, all heads of departments and agencies of the United States Government shall continue to take all appropriate measures within their authority to further the full implementation of the HEU Agreements."
804,13614,13344,outside_corpus,Executive Order 13344,"Sec. 3. Revocation. Executive Order 13261 of March 19, 2002 (Providing an Order of Succession in the Environmental Protection Agency and Amending Certain Orders on Succession) and Executive Order 13344 of July 7, 2004 (Amending Executive Order 13261 on the Order of Succession in the Environmental Protection Agency), are hereby revoked."
809,13610,12866,outside_corpus,Executive Order 12866,"Sec. 3. Setting Priorities. In implementing and improving their retrospective review plans, and in considering retrospective review suggestions from the public, agencies shall give priority, consistent with law, to those initiatives that will produce significant quantifiable monetary savings or significant quantifiable reductions in paperwork burdens while protecting public health, welfare, safety, and our environment. To the extent practicable and permitted by law, agencies shall also give special consideration to initiatives that would reduce unjustified regulatory burdens or simplify or harmonize regulatory requirements imposed on small businesses. Consistent with Executive Order 13563 and Executive Order 12866 of September 30, 1993 (Regulatory Planning and Review), agencies shall give consideration to the cumulative effects of their own regulations, including cumulative burdens, and shall to the extent practicable and consistent with law give priority to reforms that would make significant progress in reducing those burdens while protecting public health, welfare, safety, and our environment."
810,13609,12866,outside_corpus,Executive Order 12866,"Sec. 2. Coordination of International Regulatory Cooperation. (a) The Regulatory Working Group (Working Group) established by Executive Order 12866 of September 30, 1993 (Regulatory Planning and Review), which was reaffirmed by Executive Order 13563, shall, as appropriate:"
810,13609,12866,outside_corpus,Executive Order 12866,"(d) To inform its discussions, and pursuant to section 4 of Executive Order 12866, the Working Group may commission analytical reports and studies by OIRA, the Administrative Conference of the United States, or any other relevant agency, and the Administrator of OIRA may solicit input, from time to time, from representatives of business, nongovernmental organizations, and the public."
810,13609,12866,outside_corpus,Executive Order 12866,"Sec. 3. Responsibilities of Federal Agencies. To the extent permitted by law, and consistent with the principles and requirements of Executive Order 13563 and Executive Order 12866, each agency shall:"
810,13609,12866,outside_corpus,Executive Order 12866,"(a) if required to submit a Regulatory Plan pursuant to Executive Order 12866, include in that plan a summary of its international regulatory cooperation activities that are reasonably anticipated to lead to significant regulations, with an explanation of how these activities advance the purposes of Executive Order 13563 and this order;"
810,13609,12866,outside_corpus,Executive Order 12866,"(d) ""Regulation"" shall have the same meaning as ""regulation"" or ""rule"" in section 3(d) of Executive Order 12866."
810,13609,12866,outside_corpus,Executive Order 12866,"(f) ""Significant regulatory action"" shall have the same meaning as in section 3(f) of Executive Order 12866."
811,13608,12938,outside_corpus,Executive Order 12938,"I, Barack Obama, President of the United States of America, hereby find that efforts by foreign persons to engage in activities intended to evade U.S. economic and financial sanctions with respect to Iran and Syria undermine our efforts to address the national emergencies declared in Executive Order 12957 of March 15, 1995, as relied on for additional steps in subsequent Executive Orders, in Executive Order 13338 of May 11, 2004, as modified in scope and relied on for additional steps in subsequent Executive Orders, in Executive Order 12938 of November 14, 1994, as relied on for additional steps in subsequent Executive Orders, and in Executive Order 13224 of September 23, 2001, as relied on for additional steps in subsequent Executive Orders, and in order to take additional steps pursuant to these national emergencies, I hereby order:"
811,13608,12938,outside_corpus,Executive Order 12938,"(B) to the extent such conduct relates to property and interests in property of any person subject to United States sanctions concerning Iran or Syria, Executive Order 13382 of June 28, 2005, any Executive Order subsequent to Executive Order 13382 of June 28, 2005, that relates to the national emergency declared in Executive Order 12938 of November 14, 1994, or any Executive Order relating to the national emergency declared in Executive Order 13224 of September 23, 2001;"
815,13604,13175,outside_corpus,Executive Order 13175,"(c) This order shall be implemented consistent with Executive Order 13175 of November 6, 2000 (Consultation and Coordination with Indian Tribal Governments) and my memorandum of November 5, 2009 (Tribal Consultation)."
820,13599,12170,outside_corpus,Executive Order 12170,"(b) The prohibitions in section 1 of this order do not apply to property and interests in property of the Government of Iran that were blocked pursuant to Executive Order 12170 of November 14, 1979, and thereafter made subject to the transfer directives set forth in Executive Order 12281 of January 19, 1981, and implementing regulations thereunder."
828,13591,13540,outside_corpus,Executive Order 13540,(f) Interagency Task Force on Veterans Small Business Development; Executive Order 13540 (Small Business Administration).
834,13585,12216,outside_corpus,Executive Order 12216,"(f) President's Committee on the International Labor Organization; Executive Order 12216, as amended (Department of Labor)."
834,13585,13515,outside_corpus,Executive Order 13515,(o) President's Advisory Commission on Asian Americans and Pacific Islanders; Executive Order 13515 (Department of Education).
834,13585,13515,outside_corpus,Executive Order 13515,"Sec. 4. Executive Order 13515 of October 14, 2009, is amended:"
834,13585,13515,outside_corpus,Executive Order 13515,(o) President's Advisory Commission on Asian Americans and Pacific Islanders; Executive Order 13515 (Department of Education).
834,13585,13515,outside_corpus,Executive Order 13515,"Sec. 4. Executive Order 13515 of October 14, 2009, is amended"
836,13583,13548,outside_corpus,Executive Order 13548,"Prior Executive Orders, including but not limited to those listed below, have taken a number of steps to address the leadership role and obligations of the Federal Government as an employer. For example, Executive Order 13171 of October 12, 2000 (Hispanic Employment in the Federal Government), directed executive departments and agencies to implement programs for recruitment and career development of Hispanic employees and established a mechanism for identifying best practices in doing so. Executive Order 13518 of November 9, 2009 (Employment of Veterans in the Federal Government), required the establishment of a Veterans Employment Initiative. Executive Order 13548 of July 26, 2010 (Increasing Federal Employment of Individuals with Disabilities), and its related predecessors, Executive Order 13163 of July 26, 2000 (Increasing the Opportunity for Individuals With Disabilities to be Employed in the Federal Government), and Executive Order 13078 of March 13, 1998 (Increasing Employment of Adults With Disabilities), sought to tap the skills of the millions of Americans living with disabilities."
839,13580,13547,outside_corpus,Executive Order 13547,"(b) The Domestic Policy Council shall work closely with the Chair of the Working Group and assist in the interagency coordination functions described in section 4 of this order. To maximize coordination with National Security Policy Directive-66 (NSPD-66), ""Arctic Region Policy;"" Executive Order 13547 of July 19, 2010 (""Stewardship of the Ocean, Our Coasts, and the Great Lakes""); the National Response Framework; the National Oil and Hazardous Substances Pollution Contingency Plan (National Contingency Plan); and other relevant Federal policy initiatives, the Working Group shall also include deputy-level representatives or officials at the equivalent level, designated by the head of the respective agency or office, from:"
840,13579,12866,outside_corpus,Executive Order 12866,"Sec. 3. General Provisions. (a) For purposes of this order, ""executive agency"" shall have the meaning set forth for the term ""agency"" in section 3(b) of Executive Order 12866 of September 30, 1993, and ""independent regulatory agency"" shall have the meaning set forth in 44 U.S.C. 3502(5)."
856,13563,12866,outside_corpus,Executive Order 12866,"(b) This order is supplemental to and reaffirms the principles, structures, and definitions governing contemporary regulatory review that were established in Executive Order 12866 of September 30, 1993. As stated in that Executive Order and to the extent permitted by law, each agency must, among other things: (1) propose or adopt a regulation only upon a reasoned determination that its benefits justify its costs (recognizing that some benefits and costs are difficult to quantify); (2) tailor its regulations to impose the least burden on society, consistent with obtaining regulatory objectives, taking into account, among other things, and to the extent practicable, the costs of cumulative regulations; (3) select, in choosing among alternative regulatory approaches, those approaches that maximize net benefits (including potential economic, environmental, public health and safety, and other advantages; distributive impacts; and equity); (4) to the extent feasible, specify performance objectives, rather than specifying the behavior or manner of compliance that regulated entities must adopt; and (5) identify and assess available alternatives to direct regulation, including providing economic incentives to encourage the desired behavior, such as user fees or marketable permits, or providing information upon which choices can be made by the public."
856,13563,12866,outside_corpus,Executive Order 12866,"(b) To promote that open exchange, each agency, consistent with Executive Order 12866 and other applicable legal requirements, shall endeavor to provide the public with an opportunity to participate in the regulatory process. To the extent feasible and permitted by law, each agency shall afford the public a meaningful opportunity to comment through the Internet on any proposed regulation, with a comment period that should generally be at least 60 days. To the extent feasible and permitted by law, each agency shall also provide, for both proposed and final rules, timely online access to the rulemaking docket on regulations.gov, including relevant scientific and technical findings, in an open format that can be easily searched and downloaded. For proposed rules, such access shall include, to the extent feasible and permitted by law, an opportunity for public comment on all pertinent parts of the rulemaking docket, including relevant scientific and technical findings."
856,13563,12866,outside_corpus,Executive Order 12866,"Sec. 7. General Provisions. (a) For purposes of this order, ""agency"" shall have the meaning set forth in section 3(b) of Executive Order 12866."
857,13562,13318,outside_corpus,Executive Order 13318,"Sec. 5. Presidential Management Fellows Program. The Presidential Management Fellows (PMF) Program is an existing program established pursuant to Executive Order 13318 of November 21, 2003, that aims to attract to the Federal service outstanding men and women from a variety of academic disciplines at the graduate level who have a clear interest in, and commitment to, the leadership and management of public policies and programs. The following requirements shall govern the PMF Program upon the revocation of Executive Order 13318, as provided in section 8 of this order:"
857,13562,13318,outside_corpus,Executive Order 13318,"Sec. 5. Presidential Management Fellows Program. The Presidential Management Fellows (PMF) Program is an existing program established pursuant to Executive Order 13318 of November 21, 2003, that aims to attract to the Federal service outstanding men and women from a variety of academic disciplines at the graduate level who have a clear interest in, and commitment to, the leadership and management of public policies and programs. The following requirements shall govern the PMF Program upon the revocation of Executive Order 13318, as provided in section 8 of this order:"
857,13562,13318,outside_corpus,Executive Order 13318,"(c) On the effective date of final regulations promulgated by the Director of OPM to implement changes to the PMF Program required by this order, Executive Order 13318 (Presidential Management Fellows Program), as amended, is superseded and revoked."
858,13561,13525,outside_corpus,Executive Order 13525,"Sec. 8. Prior Order Superseded. Executive Order 13525 of December 23, 2009, is superseded."
860,13559,13498,outside_corpus,Executive Order 13498,"(a) This order amends the requirements contained in Executive Order 13279. This order supplements, but does not supersede, the requirements contained in Executive Orders 13198 and 13199 of January 29, 2001, and Executive Order 13498 of February 5, 2009."
874,13545,10830,outside_corpus,Executive Order 10830,"(f) The seal prescribed by Executive Order 10830 of July 24, 1959, as amended, shall be modified to reflect the name of the Council as established by this order."
885,13534,12870,outside_corpus,Executive Order 12870,"The Export Promotion Cabinet shall meet periodically and report to the President on the progress of the NEI. A member of the Export Promotion Cabinet may designate, to perform the NEI-related functions of that member, a senior official from the member's department or agency who is a full-time officer or employee. The Export Promotion Cabinet may also establish subgroups consisting of its members or their designees, and, as appropriate, representatives of other departments and agencies. The Export Promotion Cabinet shall coordinate with the Trade Promotion Coordinating Committee (TPCC), established by Executive Order 12870 of September 30, 1993."
885,13534,12870,outside_corpus,Executive Order 12870,"Sec. 4. Report to the President. Not later than 180 days after the date of this order, the Export Promotion Cabinet, through the TPCC, shall provide the President a comprehensive plan to carry out the goals of the NEI. The Chairman of the TPCC shall set forth the steps taken to implement this plan in the annual report to the Committee on Banking, Housing, and Urban Affairs of the Senate and the Committee on Foreign Affairs of the House of Representatives required by the Export Enhancement Act of 1992, Public Law 102-249, 106 Stat. 2186, and Executive Order 12870, as amended."
886,13533,13394,outside_corpus,Executive Order 13394,"Sec. 3. Revocation. Executive Order 13394 of December 22, 2005 (Providing An Order of Succession Within the Department of Defense), is hereby revoked."
887,13532,13256,outside_corpus,Executive Order 13256,"(g) Executive Order 13256 of February 12, 2002, is hereby revoked."
902,13517,13183,outside_corpus,Executive Order 13183,"Section 1. Executive Order 13183 of December 23, 2000, as amended, is further amended as follows:"
908,13511,13256,outside_corpus,Executive Order 13256,(d) President's Board of Advisors on Historically Black Colleges and Universities; Executive Order 13256 (Department of Education).
908,13511,12216,outside_corpus,Executive Order 12216,"(i) President's Committee on the International Labor Organization; Executive Order 12216, as amended (Department of Labor)."
923,13497,12866,outside_corpus,Executive Order 12866,"Section 1. Executive Order 13258 of February 26, 2002, and Executive Order 13422 of January 18, 2007, concerning regulatory planning and review, which amended Executive Order 12866 of September 30, 1993, are revoked."
941,13478,9397,outside_corpus,Executive Order 9397,"Sec. 2. Amendments to Executive Order 9397 Executive Order 9397 of November 22, 1943, is amended:"
941,13478,9397,outside_corpus,Executive Order 9397,"Sec. 2. Amendments to Executive Order 9397 Executive Order 9397 of November 22, 1943, is amended:"
943,13476,13176,outside_corpus,Executive Order 13176,"Sec. 4. General Provisions. (a) In order to take appropriate account of the transition reforms made by IRTPA and to further update and clarify the presidential transition process, this order supersedes Executive Order 13176 of November 27, 2000."
944,13475,12139,outside_corpus,Executive Order 12139,"Section 1. Section 1-103 of Executive Order 12139 of May 23, 1979, as amended, is further amended by:"
944,13475,12949,outside_corpus,Executive Order 12949,"Sec. 2. Section 3 of Executive Order 12949 of February 9, 1995, as amended, is further amended by:"
949,13470,13355,outside_corpus,Executive Order 13355,"By the authority vested in me as President by the Constitution and the laws of the United States of America, including the Intelligence Reform and Terrorism Prevention Act of 2004 (Public Law 108-458), and in order to update and clarify Executive Order 13355 of August 27, 2004, Executive Order 12333 of December 4, 1981, as amended, is hereby further amended as follows:"
950,13469,13288,outside_corpus,Executive Order 13288,"I, George W. Bush, President of the United States of America, find that the continued actions and policies of the Government of Zimbabwe and other persons to undermine Zimbabwe's democratic processes or institutions, manifested most recently in the fundamentally undemocratic election held on June 27, 2008, to commit acts of violence and other human rights abuses against political opponents, and to engage in public corruption, including by misusing public authority, constitute an unusual and extraordinary threat to the foreign policy of the United States, and to deal with that threat, hereby expand the scope of the national emergency declared in Executive Order 13288 of March 6, 2003, and relied upon for additional steps taken in Executive Order 13391 of November 22, 2005, and hereby order:"
950,13469,13288,outside_corpus,Executive Order 13288,"(vi) to be a spouse or dependent child of any person whose property and interests in property are blocked pursuant to Executive Order 13288, Executive Order 13391, or this order;"
950,13469,13288,outside_corpus,Executive Order 13288,"(vii) to have materially assisted, sponsored, or provided financial, material, logistical, or technical support for, or goods or services in support of, the Government of Zimbabwe, any senior official thereof, or any person whose property and interests in property are blocked pursuant to Executive Order 13288, Executive Order 13391, or this order; or"
950,13469,13288,outside_corpus,Executive Order 13288,"(viii) to be owned or controlled by, or to have acted or purported to act for or on behalf of, directly or indirectly, any person whose property and interests in property are blocked pursuant to Executive Order 13288, Executive Order 13391, or this order."
950,13469,13288,outside_corpus,Executive Order 13288,"(b) I hereby determine that the making of donations of the type of articles specified in section 203(b)(2) of IEEPA (50 U.S.C. 1702(b)(2)) by, to, or for the benefit of any person whose property and interests in property are blocked pursuant to paragraph (a) of this section would seriously impair my ability to deal with the national emergency declared in Executive Order 13288, as amended, and I hereby prohibit such donations as provided by paragraph (a) of this section."
950,13469,13288,outside_corpus,Executive Order 13288,"(c) The prohibitions of this section include but are not limited to (i) the making of any contribution or provision of funds, goods, or services by, to, or for the benefit of any person whose property and interests in property are blocked pursuant to Executive Order 13288, Executive Order 13391, or this order, and (ii) the receipt of any contribution or provision of funds, goods, or services from any such person."
950,13469,13288,outside_corpus,Executive Orders 13288,"(d) The provisions of Executive Orders 13288 and 13391 remain in effect, and this order does not affect any action taken pursuant to those orders."
950,13469,13288,outside_corpus,Executive Order 13288,"Sec. 4. For those persons whose property and interests in property are blocked pursuant to this order who might have a constitutional presence in the United States, I find that, because of the ability to transfer funds or other assets instantaneously, prior notice to such persons of measures to be taken pursuant to this order would render these measures ineffectual. I therefore determine that, for these measures to be effective in addressing the national emergency declared in Executive Order 13288, there need be no prior notice of a listing or determination made pursuant to section 1 of this order."
950,13469,13288,outside_corpus,Executive Order 13288,"Sec. 6. The Secretary of the Treasury, after consultation with the Secretary of State, is hereby authorized to submit the recurring and final reports to the Congress on the national emergency declared in Executive Order 13288, as amended, and 5 expanded in this order, consistent with section 401(c) of the NEA (50 U.S.C. 1641(c)) and section 204(c) of IEEPA (50 U.S.C. 1703)."
955,13464,13047,outside_corpus,Executive Order 13047,"By the authority vested in me as President by the Constitution and the laws of the United States of America, including the International Emergency Economic Powers Act (50 U.S.C. 1701 et seq.) (IEEPA), the National Emergencies Act (50 U.S.C. 1601 et seq.), the Burmese Freedom and Democracy Act of 2003 (Public Law 108-61, as amended, 50 U.S.C. 1701 note), and section 301 of title 3, United States Code, and in order to take additional steps with respect to the Government of Burma's continued repression of the democratic opposition in Burma, and with respect to the national emergency declared in Executive Order 13047 of May 20, 1997, relied upon for additional steps taken in Executive Order 13310 of July 28, 2003, and expanded in Executive Order 13448 of October 18, 2007,"
955,13464,13047,outside_corpus,Executive Order 13047,"Sec. 4. I hereby determine that the making of donations of the type specified in section 203(b)(2) of IEEPA (50 U.S.C. 1702(b)(2)) by, to, or for the benefit of, persons whose property and interests in property are blocked pursuant to section 1 of this order would seriously impair my ability to deal with the national emergency declared in Executive Order 13047, relied upon for additional steps taken in Executive Order 13310, and expanded in Executive Order 13448, and hereby prohibit such donations as provided by section 1 of this order."
955,13464,13047,outside_corpus,Executive Order 13047,"Sec. 5. For those persons whose property and interests in property are blocked pursuant to this order who might have a constitutional presence in the United States, I find that because of the ability to transfer funds or other assets instantaneously, prior notice to such persons of measures to be taken pursuant to this order would render these measures ineffectual. I therefore determine that for these measures to be effective in addressing the national emergency declared in Executive Order 13047, relied upon for additional steps taken in Executive Order 13310, and expanded in Executive Order 13448, there need be no prior notice of a listing or determination made pursuant to section 1 of this order."
963,13456,12919,outside_corpus,Executive Order 12919,"Sec. 11. Revocation. Section 801 of Executive Order 12919 of June 3, 1994, is revoked."""
971,13448,13047,outside_corpus,Executive Order 13047,"I, George W. Bush, President of the United States of America, hereby expand the scope of the national emergency declared in Executive Order 13047 of May 20, 1997, and relied upon for additional steps taken in Executive Order 13310 of July 28, 2003, finding that the Government of Burma's continued repression of the democratic opposition in Burma, manifested most recently in the violent response to peaceful demonstrations, the commission of human rights abuses related to political repression, and engagement in public corruption, including by diverting or misusing Burmese public assets or by misusing public authority, constitute an unusual and extraordinary threat to the national security and foreign policy of the United States, and I hereby order:"
971,13448,13047,outside_corpus,Executive Order 13047,"Sec. 4. I hereby determine that the making of donations of the type specified in section 203(b)(2) of IEEPA (50 U.S.C. 1702(b)(2)) by, to, or for the benefit of, persons whose property and interests in property are blocked pursuant to section 1 of this order would seriously impair my ability to deal with the national emergency declared in Executive Order 13047, and relied upon for additional steps taken in Executive Order 13310, and expanded in this order, and hereby prohibit such donations as provided by section 1 of this order."
971,13448,13047,outside_corpus,Executive Order 13047,"Sec. 5. For those persons whose property and interests in property are blocked pursuant to section 1 of this order who might have a constitutional presence in the United States, I find that because of the ability to transfer funds or other assets instantaneously, prior notice to such persons of measures to be taken pursuant to this order would render these measures ineffectual. I therefore determine that for these measures to be effective in addressing the national emergency declared in Executive Order 13047, and relied upon for additional steps taken in Executive Order 13310, and expanded in this order, there need be no prior notice of a listing or determination made pursuant to this order."
972,13446,13256,outside_corpus,Executive Order 13256,(d) President's Board of Advisors on Historically Black Colleges and Universities; Executive Order 13256 (Department of Education).
972,13446,12216,outside_corpus,Executive Order 12216,"(i) President's Committee on the International Labor Organization; Executive Order 12216, as amended (Department of Labor)."
972,13446,13369,outside_corpus,Executive Order 13369,"Sec. 3. The following Executive Order, which established a committee whose work has been completed, is revoked: Executive Order 13369, as amended by Executive Orders 13379 and 13386, establishing the President's Advisory Panel on Federal Tax Reform."
981,13438,13303,outside_corpus,Executive Order 13303,"I, GEORGE W. BUSH, President of the United States of America, find that, due to the unusual and extraordinary threat to the national security and foreign policy of the United States posed by acts of violence threatening the peace and stability of Iraq and undermining efforts to promote economic reconstruction and political reform in Iraq and to provide humanitarian assistance to the Iraqi people, it is in the interests of the United States to take additional steps with respect to the national emergency declared in Executive Order 13303 of May 22, 2003, and expanded in Executive Order 13315 of August 28, 2003, and relied upon for additional steps taken in Executive Order 13350 of July 29, 2004, and Executive Order 13364 of November 29, 2004. I hereby order:"
981,13438,13303,outside_corpus,Executive Order 13303,"Sec. 4. I hereby determine that the making of donations of the type specified in section 203(b)(2) of IEEPA (50 U.S.C. 1702(b)(2)) by, to, or for the benefit of, any person whose property and interests in property are blocked pursuant to this order would seriously impair my ability to deal with the national emergency declared in Executive Order 13303 and expanded in Executive Order 13315, and I hereby prohibit such donations as provided by section 1 of this order."
981,13438,13303,outside_corpus,Executive Order 13303,"Sec. 5. For those persons whose property and interests in property are blocked pursuant to this order who might have a constitutional presence in the United States, I find that, because of the ability to transfer funds or other assets instantaneously, prior notice to such persons of measures to be taken pursuant to this order would render these measures ineffectual. I therefore determine that for these measures to be effective in addressing the national emergency declared in Executive Order 13303 and expanded in Executive Order 13315, there need be no prior notice of a listing or determination made pursuant to section 1(a) of this order."
987,13432,12866,outside_corpus,Executive Order 12866,"(h) ""regulation"" has the meaning specified for that term in section 3(d) of Executive Order 12866 of September 30, 1993, as amended (Executive Order 12866); and"
987,13432,12866,outside_corpus,Executive Order 12866,"(h) ""regulation"" has the meaning specified for that term in section 3(d) of Executive Order 12866 of September 30, 1993, as amended (Executive Order 12866); and"
987,13432,12866,outside_corpus,Executive Order 12866,"(i) ""regulatory action"" has the meaning specified for that term in section 3(e) of Executive Order 12866."
991,13428,7059-A,outside_corpus,Executive Order 7059-A,"Sec. 2. Previous references to the Caribbean National Forest in Executive Order 7059-A of June 4, 1935, and Executive Order 10992 of February 9, 1962, shall, for all purposes hereafter, be deemed references to the ""El Yunque National Forest."""
996,13423,13123,outside_corpus,Executive Order 13123,"(ii) Executive Order 13123 of June 3, 1999;"
997,13422,12866,outside_corpus,Executive Order 12866,"By the authority vested in me as President by the Constitution and laws of the United States of America, it is hereby ordered that Executive Order 12866 of September 30, 1993, as amended, is further amended as follows:"
1000,13419,13346,outside_corpus,Executive Order 13346,"(b) The functions of the President under subsection (c) of section 101 of the National Aeronautics and Space Administration Authorization Act of 2005, except the function of designation, are assigned to the Director of the Office of Science and Technology Policy. In performing these assigned functions, the Director shall, as appropriate, consult the Administrator of the National Aeronautics and Space Administration, the Secretary of Defense, the Secretary of Transportation, the Director of the Office of Management and Budget, and other heads of executive departments and agencies as appropriate. The Director also shall ensure that all actions taken in the performance of such functions are consistent with the authority set forth in subsections (a) through (d) of section 6 of Executive Order 13346 of July 8, 2004."
1001,13418,13317,outside_corpus,Executive Order 13317,"By the authority vested in me as President by the Constitution and the laws of the United States of America, and to add combating malaria as one of the objectives of the global prosperity agenda, it is hereby ordered that section 1(a) of Executive Order 13317 of September 25, 2003, is amended by:"
1003,13416,12866,outside_corpus,Executive Order 12866,"(d) ""security requirement"" means any ""regulatory action"" as defined in section 3 of Executive Order 12866 of September 30, 1993, as amended (Regulatory Planning and Review), including security directives when appropriate, to implement measures to enhance the security of surface transportation;"
1003,13416,12866,outside_corpus,Executive Order 12866,"(d) in consultation with State, local, and tribal government officials and the private sector, not later than 180 days after the date of this order, identify surface transportation modes, or components thereof, that are subject to high risk of terrorist attack, draft appropriate security guidelines or security requirements to mitigate such risks, and ensure that, prior to their issuance, draft security requirements are transmitted to the Office of Management and Budget for review in accordance with Executive Order 12866 and draft security guidelines receive appropriate interagency review;"
1026,13393,13368,outside_corpus,Executive Order 13368,"Sec. 8. Prior Order Superseded. Executive Order 13368 of December 30, 2004, is superseded."
1028,13391,13288,outside_corpus,Executive Order 13288,"By the authority vested in me as President by the Constitution and the laws of the United States of America, including the International Emergency Economic Powers Act (50 U.S.C. 1701 et seq.) (IEEPA), the National Emergencies Act (50 U.S.C. 1601 et seq.), and section 301 of title 3, United States Code, and in order to take additional steps with respect to the continued actions and policies of certain persons who undermine Zimbabwe's democratic processes and with respect to the national emergency described and declared in Executive Order 13288 of March 6, 2003,"
1028,13391,13288,outside_corpus,Executive Order 13288,"Section 1. The Annex to Executive Order 13288 of March 6, 2003, is replaced and superseded in its entirety by the Annex to this order."
1028,13391,13288,outside_corpus,Executive Order 13288,Sec. 2. Section 6 of Executive Order 13288 is renumbered as section 8. Sections 1 through 5 of Executive Order 13288 are replaced with new sections 1 through 7 as follows:
1028,13391,13288,outside_corpus,Executive Order 13288,Sec. 2. Section 6 of Executive Order 13288 is renumbered as section 8. Sections 1 through 5 of Executive Order 13288 are replaced with new sections 1 through 7 as follows:
1031,13388,13356,outside_corpus,Executive Order 13356,"Sec. 3. Preparing Terrorism Information for Maximum Distribution. To assist in expeditious and effective implementation by agencies of the policy set forth in section 1 of this order, the common standards for the sharing of terrorism information established pursuant to section 3 of Executive Order 13356 of August 27, 2004, shall be used, as appropriate, in carrying out section 1016 of the Intelligence Reform and Terrorism Prevention Act of 2004."
1031,13388,13356,outside_corpus,Executive Order 13356,"Sec. 4. Requirements for Collection of Terrorism Information Inside the United States. To assist in expeditious and effective implementation by agencies of the policy set forth in section 1 of this order, the recommendations regarding the establishment of executive branch-wide collection and sharing requirements, procedures, and guidelines for terrorism information collected within the United States made pursuant to section 4 of Executive Order 13356 shall be used, as appropriate, in carrying out section 1016 of the Intelligence Reform and Terrorism Prevention Act of 2004."
1031,13388,13356,outside_corpus,Executive Order 13356,"(c) To assist in expeditious and effective implementation by agencies of the policy set forth in section 1 of this order, the plan for establishment of a proposed interoperable terrorism information sharing environment reported under section 5(c) of Executive Order 13356 shall be used, as appropriate, in carrying out section 1016 of the Intelligence Reform and Terrorism Prevention Act of 2004."
1031,13388,13356,outside_corpus,Executive Order 13356,"(b) Executive Order 13356 of August 27, 2004, is hereby revoked."
1033,13386,13369,outside_corpus,Executive Order 13369,"Section 1. Section 5 of Executive Order 13369 of January 7, 2005, as amended by Executive Order 13379 of June 16, 2005, is further amended by deleting ""September 30, 2005"" and inserting in lieu thereof ""November 1, 2005""."
1033,13386,13369,outside_corpus,Executive Order 13369,"Sec. 2. Section 7 of Executive Order 13369 of January 7, 2005, is further amended by deleting ""30 days after submitting its report pursuant to section 5 of this order"" and inserting in lieu thereof ""November 15, 2005""."
1034,13385,13256,outside_corpus,Executive Order 13256,"(a) Committee for the Preservation of the White House; Executive Order 11145, as amended (Department of the Interior). (b) National Infrastructure Advisory Council; section 3 of Executive Order 13231, as amended (Department of Homeland Security). (c) Federal Advisory Council on Occupational Safety and Health; Executive Order 12196, as amended (Department of Labor). (d) President's Board of Advisors on Historically Black Colleges and Universities; Executive Order 13256 (Department of Education). (e) President's Board of Advisors on Tribal Colleges and Universities; Executive Order 13270 (Department of Education). (f) President's Commission on White House Fellowships; Executive Order 11183, as amended (Office of Personnel Management). (g) President's Committee for People with Intellectual Disabilities; Executive Order 12994, as amended (Department of Health and Human Services). (h) President's Committee on the Arts and the Humanities; Executive Order 12367, as amended (National Endowment for the Arts). (i) President's Committee on the International Labor Organization; Executive Order 12216, as amended (Department of Labor). (j) President's Committee on the National Medal of Science; Executive Order 11287, as amended (National Science Foundation). (k) President's Council of Advisors on Science and Technology; Executive Order 13226, as amended (Office of Science and Technology Policy). (l) President's Council on Bioethics; Executive Order 13237 (Department of Health and Human Services). (m) President's Council on Physical Fitness and Sports; Executive Order"
1034,13385,12216,outside_corpus,Executive Order 12216,"(a) Committee for the Preservation of the White House; Executive Order 11145, as amended (Department of the Interior). (b) National Infrastructure Advisory Council; section 3 of Executive Order 13231, as amended (Department of Homeland Security). (c) Federal Advisory Council on Occupational Safety and Health; Executive Order 12196, as amended (Department of Labor). (d) President's Board of Advisors on Historically Black Colleges and Universities; Executive Order 13256 (Department of Education). (e) President's Board of Advisors on Tribal Colleges and Universities; Executive Order 13270 (Department of Education). (f) President's Commission on White House Fellowships; Executive Order 11183, as amended (Office of Personnel Management). (g) President's Committee for People with Intellectual Disabilities; Executive Order 12994, as amended (Department of Health and Human Services). (h) President's Committee on the Arts and the Humanities; Executive Order 12367, as amended (National Endowment for the Arts). (i) President's Committee on the International Labor Organization; Executive Order 12216, as amended (Department of Labor). (j) President's Committee on the National Medal of Science; Executive Order 11287, as amended (National Science Foundation). (k) President's Council of Advisors on Science and Technology; Executive Order 13226, as amended (Office of Science and Technology Policy). (l) President's Council on Bioethics; Executive Order 13237 (Department of Health and Human Services). (m) President's Council on Physical Fitness and Sports; Executive Order"
1034,13385,13316,outside_corpus,Executive Order 13316,Sec. 4. Sections 1 and 2 of Executive Order 13316 are superseded by sections 1 and 2 of this order.
1034,13385,12216,outside_corpus,Executive Order 12216,"Sec. 7. Executive Order 12216, as amended, is further amended by revising subsection 1–101 to read as follows:"
1036,13383,12139,outside_corpus,Executive Order 12139,"Section. 1. Section 1–103 of Executive Order 12139 of May 23, 1979, is amended by:"
1036,13383,12949,outside_corpus,Executive Order 12949,"(a) striking ""(c) Director of Central Intelligence"" and inserting in lieu thereof ""(c) Director of National Intelligence""; (b) striking ""(g) Deputy Director of Central Intelligence"" and inserting in lieu thereof ""(g) Director of the Central Intelligence Agency""; and (c) adding at the end thereof ""(h) Principal Deputy Director of National Intelligence."". Sec. 2. Section 3 of Executive Order 12949 of February 9, 1995, is amended by: (a) striking ""(c) Director of Central Intelligence"" and inserting in lieu thereof ""Director of National Intelligence""; (b) striking ""and"" at the end of subsection (f); (c) striking ""(g) Deputy Director of Central Intelligence."" and inserting in lieu thereof ""(g) Director of the Central Intelligence Agency; and""; and (d) adding at the end thereof ""(h) Principal Deputy Director of National Intelligence.""."
1037,13382,12938,outside_corpus,Executive Order 12938,"I, George W. Bush, President of the United States of America, in order to take additional steps with respect to the national emergency described and declared in Executive Order 12938 of November 14, 1994, regarding the proliferation of weapons of mass destruction and the means of delivering them, and the measures imposed by that order, as expanded by Executive Order 13094 of July 28, 1998, hereby order:"
1037,13382,12938,outside_corpus,Executive Order 12938,"U.S.C. 1702(b)(2)) by, to, or for the benefit of, any person whose property and interests in property are blocked pursuant to this order would seriously impair my ability to deal with the national emergency declared in Executive Order 12938, and I hereby prohibit such donations as provided by section 1 of this order."
1037,13382,12938,outside_corpus,Executive Order 12938,"Sec. 4. Section 4(a) of Executive Order 12938, as amended, is further amended to read as follows:"
1037,13382,12938,outside_corpus,Executive Order 12938,"(a) Determination by Secretary of State; Imposition of Measures. Except to the extent provided in section 203(b) of the International Emergency Economic Powers Act (50 U.S.C. 1702(b)), where applicable, if the Secretary of State, in consultation with the Secretary of the Treasury, determines that a foreign person, on or after November 16, 1990, the effective date of Executive Order 12735, the predecessor order to Executive Order 12938, has engaged, or attempted to engage, in activities or transactions that have materially contributed to, or pose a risk of materially contributing to, the proliferation of weapons of mass destruction or their means of delivery (including missiles capable of delivering such weapons), including any efforts to manufacture, acquire, possess, develop, transport, transfer, or use such items, by any person or foreign country of proliferation concern, the measures set forth in subsections (b), (c), and (d) of this section shall be imposed on that foreign person to the extent determined by the Secretary of State, in consultation with the implementing agency and other relevant agencies. Nothing in this section is intended to preclude the imposition on that foreign person of other measures or sanctions available under this order or under other authorities."""
1037,13382,12938,outside_corpus,Executive Order 12938,"Sec. 5. For those persons whose property and interests in property are blocked pursuant to section 1 of this order who might have a constitutional presence in the United States, I find that because of the ability to transfer funds or other assets instantaneously, prior notice to such persons of measures to be taken pursuant to this order would render these measures ineffectual. I therefore determine that for these measures to be effective in addressing the national emergency declared in Executive Order 12938, as amended, there need be no prior notice of a listing or determination made pursuant to section 1 of this order."
1040,13379,13369,outside_corpus,Executive Order 13369,"Section 1. Section 5 of Executive Order 13369 of January 7, 2005, is amended by deleting ""July 31, 2005"" and inserting in lieu thereof ""September 30, 2005""."
1047,13372,12947,outside_corpus,Executive Order 12947,"I, George W. Bush, President of the United States of America, in order to clarify the steps taken in Executive Order 12947 of January 23, 1995, as amended by Executive Order 13099 of August 20, 1998; and Executive Order 13224 of September 23, 2001, as amended by Executive Order 13268 of July 2, 2002, and Executive Order 13284 of January 23, 2003, in particular with respect to the implementation of section 203(b)(2) of IEEPA (50 U.S.C. 1702(b)(2)), hereby order:"
1047,13372,13099,outside_corpus,Executive Order 13099,"I, George W. Bush, President of the United States of America, in order to clarify the steps taken in Executive Order 12947 of January 23, 1995, as amended by Executive Order 13099 of August 20, 1998; and Executive Order 13224 of September 23, 2001, as amended by Executive Order 13268 of July 2, 2002, and Executive Order 13284 of January 23, 2003, in particular with respect to the implementation of section 203(b)(2) of IEEPA (50 U.S.C. 1702(b)(2)), hereby order:"
1047,13372,12947,outside_corpus,Executive Order 12947,Sec. 2. Section 3 of Executive Order 12947 is hereby amended to read as follows:
1055,13364,13303,outside_corpus,Executive Order 13303,"I, George W. Bush, President of the United States of America, hereby modify the scope of the national emergency declared in Executive Order 13303 of May 22, 2003, and expanded in Executive Order 13315 of August 28, 2003, and further modified in Executive Order 13350 of July 29, 2004, to address the unusual and extraordinary threat to the national security and foreign policy of the United States posed by obstacles to the orderly reconstruction of Iraq, the restoration and maintenance of peace and security in that country, and the development of political, administrative, and economic institutions in Iraq. I find that the threat of attachment or other judicial process against the Central Bank of Iraq constitutes one of these obstacles. I further determine that, consistent with United Nations Security Council Resolutions 1483 of May 22, 2003, and 1546 of June 8, 2004, the steps taken in Executive Order 13303 to deal with the national emergency declared therein need to be limited so that such steps do not apply with respect to any final judgment arising out of a contractual obligation entered into by the Government of Iraq, including any agency or instrumentality thereof, after June 30, 2004, and so that, with respect to Iraqi petroleum and petroleum products and interests therein, such steps shall apply only until title passes to the initial purchaser."
1055,13364,13303,outside_corpus,Executive Order 13303,"I, George W. Bush, President of the United States of America, hereby modify the scope of the national emergency declared in Executive Order 13303 of May 22, 2003, and expanded in Executive Order 13315 of August 28, 2003, and further modified in Executive Order 13350 of July 29, 2004, to address the unusual and extraordinary threat to the national security and foreign policy of the United States posed by obstacles to the orderly reconstruction of Iraq, the restoration and maintenance of peace and security in that country, and the development of political, administrative, and economic institutions in Iraq. I find that the threat of attachment or other judicial process against the Central Bank of Iraq constitutes one of these obstacles. I further determine that, consistent with United Nations Security Council Resolutions 1483 of May 22, 2003, and 1546 of June 8, 2004, the steps taken in Executive Order 13303 to deal with the national emergency declared therein need to be limited so that such steps do not apply with respect to any final judgment arising out of a contractual obligation entered into by the Government of Iraq, including any agency or instrumentality thereof, after June 30, 2004, and so that, with respect to Iraqi petroleum and petroleum products and interests therein, such steps shall apply only until title passes to the initial purchaser."
1055,13364,13303,outside_corpus,Executive Order  13303,"Section 1. Section 1 of Executive Order  13303 is hereby amended to read as follows: ""Section 1. (a) Except as provided in section 1(b) of this order, and unless licensed or otherwise authorized pursuant to this order, any attachment, judgment, decree, lien, execution, garnishment, or other judicial process is prohibited and shall be deemed null and void with respect to the following:"
1056,13363,13289,outside_corpus,Executive Order 13289,"Sec. 3. Relationship to Other Awards. Notwithstanding section 1 of Executive Order 13289 of March 12, 2003, establishing the Global War on Terrorism Expeditionary Medal, any member who qualified for that medal by reason of service in Afghanistan between October 24, 2001, and a terminal date to be determined by the Secretary of Defense, or in Iraq between March 19, 2003, and a terminal date to be determined by the Secretary of Defense, shall remain qualified for that medal. Upon application, a member by reason of service may be awarded either the Afghanistan Campaign Medal or the Iraq Campaign Medal in lieu of the Global War on Terrorism Expeditionary Medal. A member may be awarded either the Afghanistan Campaign Medal or the Global War on Terrorism Expeditionary Medal by reason of service in Afghanistan. A member may be awarded either the Iraq Campaign Medal or the Global War on Terrorism Expeditionary Medal by reason of service in Iraq. No member shall be entitled to the award of more than one of these three medals for the same period of service."
1058,13361,12163,outside_corpus,Executive Order 12163,"Section 1. Executive Order 12163 of September 29, 1979, as amended, is further amended as follows:"
1069,13350,12817,outside_corpus,Executive Order 12817,"I, George W. Bush, President of the United States of America, have determined that the situation that gave rise to the declaration of a national emergency with respect to Iraq in Executive Order 12722 of August 2, 1990, has been significantly altered by the removal of the regime of Saddam Hussein and other developments. I hereby terminate the national emergency declared in Executive Order 12722, revoke that Executive Order and Executive Order 12724 of August 9, 1990, Executive Order 12734 of November 14, 1990, Executive Order 12743 of January 18, 1991, Executive Order 12751 of February 14, 1991, and Executive Order 12817 of October 21, 1992, that are based on that national emergency. I hereby amend Executive Order 13290 of March 20, 2003, so that the authorities therein remain in effect based on the national emergency I declared in Executive Order 13303 of May 22, 2003, and expanded in Executive Order 13315 of August 28, 2003. At the same time, and in order to take additional steps to deal with the national emergency that I declared in Executive Order 13303, and expanded in Executive Order 13315, with respect to the unusual and extraordinary threat to the national security and foreign policy of the United States posed"
1069,13350,13303,outside_corpus,Executive Order 13303,"I, George W. Bush, President of the United States of America, have determined that the situation that gave rise to the declaration of a national emergency with respect to Iraq in Executive Order 12722 of August 2, 1990, has been significantly altered by the removal of the regime of Saddam Hussein and other developments. I hereby terminate the national emergency declared in Executive Order 12722, revoke that Executive Order and Executive Order 12724 of August 9, 1990, Executive Order 12734 of November 14, 1990, Executive Order 12743 of January 18, 1991, Executive Order 12751 of February 14, 1991, and Executive Order 12817 of October 21, 1992, that are based on that national emergency. I hereby amend Executive Order 13290 of March 20, 2003, so that the authorities therein remain in effect based on the national emergency I declared in Executive Order 13303 of May 22, 2003, and expanded in Executive Order 13315 of August 28, 2003. At the same time, and in order to take additional steps to deal with the national emergency that I declared in Executive Order 13303, and expanded in Executive Order 13315, with respect to the unusual and extraordinary threat to the national security and foreign policy of the United States posed"
1069,13350,13303,outside_corpus,Executive Order 13303,"I, George W. Bush, President of the United States of America, have determined that the situation that gave rise to the declaration of a national emergency with respect to Iraq in Executive Order 12722 of August 2, 1990, has been significantly altered by the removal of the regime of Saddam Hussein and other developments. I hereby terminate the national emergency declared in Executive Order 12722, revoke that Executive Order and Executive Order 12724 of August 9, 1990, Executive Order 12734 of November 14, 1990, Executive Order 12743 of January 18, 1991, Executive Order 12751 of February 14, 1991, and Executive Order 12817 of October 21, 1992, that are based on that national emergency. I hereby amend Executive Order 13290 of March 20, 2003, so that the authorities therein remain in effect based on the national emergency I declared in Executive Order 13303 of May 22, 2003, and expanded in Executive Order 13315 of August 28, 2003. At the same time, and in order to take additional steps to deal with the national emergency that I declared in Executive Order 13303, and expanded in Executive Order 13315, with respect to the unusual and extraordinary threat to the national security and foreign policy of the United States posed"
1069,13350,13303,outside_corpus,Executive Order 13303,"Sec. 3. I hereby amend Executive Order 13290 by removing ""the national emergency declared in Executive Order 12722 of August 2, 1990"" and replacing it with ""the national emergency declared in Executive Order 13303 of March 20, 2003, and expanded in Executive Order 13315 of August 28, 2003""."
1069,13350,13303,outside_corpus,Executive Order 13303,"Sec. 5. I hereby determine that the making of donations of the type specified in section 203(b)(2) of IEEPA (50 U.S.C. 1702(b)(2)) by or to persons determined to be subject to the sanctions imposed by Executive Order 13315 or by this order would seriously impair my ability to deal with the national emergency declared in Executive Order 13303, and expanded by Executive Order 13315, or would endanger the Armed Forces of the United States that are engaged in hostilities, and I hereby prohibit such donations as provided in section 1 of Executive Order 13315 as amended by this order."
1069,13350,13303,outside_corpus,Executive Order 13303,"Sec. 6. For those persons listed in the Annex to this order or determined to be subject to Executive Order 13315 or this order who might have a constitutional presence in the United States, I find that because of the ability to transfer funds or other assets instantaneously, prior notice to such persons of measures to be taken pursuant to this order would render these measures ineffectual. I therefore determine that for these measures to be effective in addressing the national emergency declared in Executive Order 13303, and expanded by Executive Order 13315, there need be no prior notice of a listing or determination made pursuant to Executive Order 13315 or this order."
1082,13337,10485,outside_corpus,Executive Order 10485,"Section 1. (a) Except with respect to facilities covered by Executive Order 10485 of September 3, 1953, and Executive Order 10530 of May 10, 1954, the Secretary of State is hereby designated and empowered to receive all applications for Presidential permits, as referred to in Executive Order 11423, as amended, for the construction, connection, operation, or maintenance, at the borders of the United States, of facilities for the exportation or importation of petroleum, petroleum products, coal, or other fuels to or from a foreign country."
1082,13337,10485,outside_corpus,Executive Order Nos. 10485,"Sec. 2. (a) Section 1(a) of Executive Order 11423, as amended, is amended to read as follows: ""Except with respect to facilities covered by Executive Order Nos. 10485 and 10530, and by section 1(a) of the Executive Order of April 30, 2004, entitled ""Issuance of Permits with Respect to Certain Energy-Related Facilities and Land Transportation Crossings on the International Boundaries of the United States"" (the order of April 30, 2004), the Secretary of State is hereby designated and empowered to receive all applications for Presidential permits for the construction, connection, operation, or maintenance, at the borders of the United States, of: (i) pipelines, conveyor belts, and similar facilities for the exportation or importation of all products, except those specified in section 1(a) of the order of April 30, 2004, to or from a foreign country; (ii) facilities for the exportation or importation of water or sewage to or from a foreign country; (iii) facilities for the transportation of persons or things, or both, to or from a foreign country; (iv) bridges, to the extent that congressional authorization is not required; (v) similar facilities above or below ground; and (vi) border crossings for land transportation, including motor and rail vehicles, to or from a foreign country, whether or not in conjunction with the facilities identified in (iii) above."
1083,13336,13175,outside_corpus,Executive Order 13175,"(b) The function of the Working Group is to oversee the implementation of this order. The Working Group shall, within 90 days of the date of this order, develop a Federal interagency plan that recommends initiatives, strategies, and ideas for future interagency actions that promote the purpose, as stated in section 1, of this order. In carrying out its activities under this order, the Working Group may consult with representatives of American Indian and Alaska Native tribes and organizations, in conformity with Executive Order 13175 of November 6, 2000, and with the National Advisory Council on Indian Education (NACIE). Any such consultations shall be for the purpose of obtaining information and advice concerning American Indian and Alaska Native education and shall be conducted in a manner that seeks individual advice and does not involve collective judgment or consensus advice or deliberation."
1083,13336,13096,outside_corpus,Executive Order 13096,"(a) This order is intended only to improve the internal management of the executive branch and is not intended to, and does not, create any right, benefit, or trust responsibility, substantive or procedural, enforceable at law or equity, by a party against the United States, its agencies or instrumentalities, its officers or employees, or any other person. (b) Executive Order 13096 of August 6, 1998, is revoked."
1098,13321,12396,outside_corpus,Executive Order 12396,"Section 1. Emergency Appointments Authority. The emergency appointments authority at section 603 of title 10, United States Code, is invoked and made available to the Secretary of Defense in accordance with the terms of that statute and of Executive Order 12396 of December 9, 1982."
1100,13319,13183,outside_corpus,Executive Order 13183,"By the authority vested in me as President by the Constitution and the laws of the United States of America, it is hereby ordered that Executive Order 13183 of December 23, 2000, as amended, is further amended as follows:"
1104,13315,13303,outside_corpus,Executive Order 13303,"I, George W. Bush, President of the United States of America, hereby expand the scope of the national emergency declared in Executive Order 13303 of May 22, 2003, to address the unusual and extraordinary threat to the national security and foreign policy of the United States posed by obstacles to the orderly reconstruction of Iraq, the restoration and maintenance of peace and security in that country, and the development of political, administrative, and economic institutions in Iraq. I find that the removal of Iraqi property from that country by certain senior officials of the former Iraqi regime and their immediate family members constitutes one of these obstacles. I further determine that the United States is engaged in armed hostilities and that it is in the interest of the United States to confiscate certain additional property of the former Iraqi regime, certain senior officials of the former regime, immediate family members of those officials, and controlled entities. I intend that such property, after all right, title, and interest in it has vested in the Department of the Treasury, shall be transferred to the Development Fund for Iraq. Such property shall be used to meet the humanitarian needs of the Iraqi people, for the economic reconstruction and repair of Iraq's infrastructure, for the continued disarmament of Iraq, for the costs of Iraqi civilian administration, and for other purposes benefiting the Iraqi people. I determine that such use would be in the interest of and for the benefit of the United States. I hereby order:"
1104,13315,13303,outside_corpus,Executive Order 13303,"1702(b)(2)) by or to persons determined to be subject to the sanctions imposed under this order would seriously impair my ability to deal with the national emergency declared in Executive Order 13303 and expanded in scope in this order and would endanger Armed Forces of the United States that are engaged in hostilities, and I hereby prohibit such donations as provided by section 1 of this order."
1104,13315,13303,outside_corpus,Executive Order 13303,"Sec. 6. For those persons listed in the Annex to this order or determined to be subject to this order who might have a constitutional presence in the United States, I find that because of the ability to transfer funds or other assets instantaneously, prior notice to such persons of measures to be taken pursuant to this order would render these measures ineffectual. I therefore determine that for these measures to be effective in addressing the national emergency declared in Executive Order 13303 and expanded in scope in this order, there need be no prior notice of a listing or determination made pursuant to section 1 of this order."
1106,13313,12938,outside_corpus,Executive Order 12938,"Report on Proliferation of Missiles and Essential Components of Nuclear, Biological, Chemical, and Radiological Weapons, consistent with section 1308(a) of Public Law 107–228 (50 U.S.C. 2368(a)); Report on the National Emergency With Respect to Proliferation of Weapons of Mass Destruction, Executive Order 12938, consistent with section 204(c) of the International Emergency Economic Powers Act, 50 U.S.C. 1703(c), and section 401(c) of the National Emergencies Act, 50 U.S.C. 1641(c); Report on Adherence to and Compliance With Arms Control Agreements and Nonproliferation Agreements and Commitments, consistent with section 403 of Public Law 87–297, as amended (22 U.S.C. 2593a); Report on Chemical Weapons Convention Inspections, consistent with section 309 of the Chemical Weapons Convention Implementation Act of 1998 (22 U.S.C. 6728); Report on U.S. Participation in the United Nations, consistent with section 4 of Public Law 79–264, as amended (22 U.S.C. 287b); and Report on Russian Proliferation to Iran and Other Countries of Proliferation Concern, consistent with section 1206 of Public Law 107–314 (22 U.S.C. 5952 note)."
1106,13313,13047,outside_corpus,Executive Order 13047,"Report on the National Emergency With Respect to the Risk of Nuclear Proliferation Relating to the Disposition of Highly Enriched Uranium Extracted from Nuclear Weapons of the Government of the Russian Federation, Executive Order 13159, consistent with section 401(c) of the National Emergencies Act, 50 U.S.C. 1641(c), and section 204(c) of the International Emergency Economic Powers Act, 50 U.S.C. 1703(c); Report on the National Emergency With Respect to Burma, Executive Order 13047, consistent with section 401(c) of the National Emergencies Act, 50 U.S.C. 1641(c), and section 204(c) of the International Emergency Economic Powers Act, 50 U.S.C. 1703(c); Report on the National Emergency With Respect to Middle East Terrorism, Executive Order 12947, consistent with section 401(c) of the National Emergencies Act, 50"
1106,13313,12947,outside_corpus,Executive Order 12947,"Report on the National Emergency With Respect to the Risk of Nuclear Proliferation Relating to the Disposition of Highly Enriched Uranium Extracted from Nuclear Weapons of the Government of the Russian Federation, Executive Order 13159, consistent with section 401(c) of the National Emergencies Act, 50 U.S.C. 1641(c), and section 204(c) of the International Emergency Economic Powers Act, 50 U.S.C. 1703(c); Report on the National Emergency With Respect to Burma, Executive Order 13047, consistent with section 401(c) of the National Emergencies Act, 50 U.S.C. 1641(c), and section 204(c) of the International Emergency Economic Powers Act, 50 U.S.C. 1703(c); Report on the National Emergency With Respect to Middle East Terrorism, Executive Order 12947, consistent with section 401(c) of the National Emergencies Act, 50"
1106,13313,12170,outside_corpus,Executive Order 12170,"Report on the National Emergency With Respect to the 1979 Iranian Emergency and Assets Blocking, Executive Order 12170, consistent with section 401(c) of the National Emergencies Act, 50 U.S.C. 1641(c), and section 204(c) of the International Emergency Economic Powers Act, 50 U.S.C. 1703(c); Report on the National Emergency With Respect to Iranian Petroleum Resources, Executive Order 12957, consistent with section 401(c) of the National Emergencies Act, 50 U.S.C. 1641(c), and section 204(c) of the International Emergency Economic Powers Act, 50 U.S.C. 1703(c); Report on the National Emergency With Respect to Significant Narcotics Traffickers Centered in Colombia, Executive Order 12978, consistent with section 401(c) of the National Emergencies Act, 50 U.S.C. 1641(c), and section 204(c) of the International Emergency Economic Powers Act, 50 U.S.C. 1703(c); Report on the National Emergency With Respect to Persons Who Commit, Threaten to Commit, or Support Terrorism, Executive Order 13224, consistent with section 401(c) of the National Emergencies Act,"
1106,13313,13303,outside_corpus,Executive Order 13303,"Report on the National Emergency With Respect to Sierra Leone and Liberia, Executive Order 13194, consistent with section 401(c) of the National Emergencies Act, 50 U.S.C. 1641(c), and section 204(c) of the International Emergency Economic Powers Act, 50 U.S.C. 1703(c); Report on the National Emergency With Respect to Sudan, Executive Order 13067, consistent with section 401(c) of the National Emergencies Act, 50 U.S.C. 1641(c), and section 204(c) of the International Emergency Economic Powers Act, 50 U.S.C. 1703(c); Report on the National Emergency With Respect to Iraq, Executive Order 12722, consistent with section 401(c) of the National Emergencies Act, 50 U.S.C. 1641(c), and section 204(c) of the International Emergency Economic Powers Act, 50 U.S.C. 1703(c); Report on the National Emergency With Respect to the Development Fund for Iraq, Executive Order 13303, consistent with section 401(c) of the National Emergencies Act, 50 U.S.C. 1641(c), and section 204(c) of the International Emergency Economic Powers Act, 50 U.S.C. 1703(c); Classified Report on the Status of Sanctions Imposed on Significant Foreign Narcotics Traffickers, consistent with section 804(d) of Public Law 106–120 (21 U.S.C. 1903(d)); Report on Telecommunications Payments Made to Cuba Pursuant to Department of the Treasury Specific Licenses, consistent with section 1705(e)(6) of Public Law 102–484, as amended by Public Law 104– 114 (22 U.S.C. 6004(e)(6)); Report on the National Emergency With Respect to Persons Undermining Democratic Processes or Institutions in Zimbabwe, Executive Order 13288, consistent with section 401(c) of the National Emergencies Act, 50 U.S.C. 1641(c), and section 204(c) of the International Emergency Economic Powers Act, 50 U.S.C. 1703(c); and"
1106,13313,13288,outside_corpus,Executive Order 13288,"Report on the National Emergency With Respect to Sierra Leone and Liberia, Executive Order 13194, consistent with section 401(c) of the National Emergencies Act, 50 U.S.C. 1641(c), and section 204(c) of the International Emergency Economic Powers Act, 50 U.S.C. 1703(c); Report on the National Emergency With Respect to Sudan, Executive Order 13067, consistent with section 401(c) of the National Emergencies Act, 50 U.S.C. 1641(c), and section 204(c) of the International Emergency Economic Powers Act, 50 U.S.C. 1703(c); Report on the National Emergency With Respect to Iraq, Executive Order 12722, consistent with section 401(c) of the National Emergencies Act, 50 U.S.C. 1641(c), and section 204(c) of the International Emergency Economic Powers Act, 50 U.S.C. 1703(c); Report on the National Emergency With Respect to the Development Fund for Iraq, Executive Order 13303, consistent with section 401(c) of the National Emergencies Act, 50 U.S.C. 1641(c), and section 204(c) of the International Emergency Economic Powers Act, 50 U.S.C. 1703(c); Classified Report on the Status of Sanctions Imposed on Significant Foreign Narcotics Traffickers, consistent with section 804(d) of Public Law 106–120 (21 U.S.C. 1903(d)); Report on Telecommunications Payments Made to Cuba Pursuant to Department of the Treasury Specific Licenses, consistent with section 1705(e)(6) of Public Law 102–484, as amended by Public Law 104– 114 (22 U.S.C. 6004(e)(6)); Report on the National Emergency With Respect to Persons Undermining Democratic Processes or Institutions in Zimbabwe, Executive Order 13288, consistent with section 401(c) of the National Emergencies Act, 50 U.S.C. 1641(c), and section 204(c) of the International Emergency Economic Powers Act, 50 U.S.C. 1703(c); and"
1109,13310,13047,outside_corpus,Executive Order 13047,"By the authority vested in me as President by the Constitution and the laws of the United States of America, including the International Emergency Economic Powers Act (50 U.S.C. 1701 et seq.) (IEEPA), the National Emergencies Act (50 U.S.C. 1601 et seq.), the Burmese Freedom and Democracy Act of 2003 (July 28, 2003), and section 301 of title 3, United States Code, and in order to take additional steps with respect to the Government of Burma's continued repression of the democratic opposition in Burma and with respect to the national emergency declared in Executive Order 13047 of May 20, 1997;"
1109,13310,13047,outside_corpus,Executive Order 13047,"Sec. 6. I hereby determine that the making of donations of the type specified in section 203(b)(2) of IEEPA (50 U.S.C. 1702(b)(2)) by or to persons whose property and interests in property are blocked pursuant to section 1 of this order would seriously impair my ability to deal with the national emergency declared in Executive Order 13047, and hereby prohibit such donations as provided by section 1 of this order."
1109,13310,13047,outside_corpus,Executive Order 13047,"Sec. 7. For those persons whose property and interests in property are blocked pursuant to section 1 of this order who might have a constitutional presence in the United States, I find that because of the ability to transfer funds or other assets instantaneously, prior notice to such persons of measures to be taken pursuant to this order would render these measures ineffectual. I therefore determine that for these measures to be effective in addressing the national emergency declared in Executive Order 13047, there need be no prior notice of a listing or determination made pursuant to this order."
1109,13310,13047,outside_corpus,Executive Order 13047,"Sec. 12. Sections 1 through 7 of Executive Order 13047 are hereby revoked to the extent they are inconsistent with this order. All delegations, rules, regulations, orders, licenses, and other forms of administrative action made, issued, or otherwise taken under Executive Order 13047, not inconsistent with section 3 of this order and not revoked administratively, shall remain in full force and effect under this order until amended, modified, or terminated by proper authority. The revocation of any provision of Executive Order 13047 pursuant to this section shall not affect any violation of any rules, regulations, orders, licenses, or other forms of administrative action under that order during the period that such provision of that order was in effect."
1109,13310,13047,outside_corpus,Executive Order 13047,"Sec. 12. Sections 1 through 7 of Executive Order 13047 are hereby revoked to the extent they are inconsistent with this order. All delegations, rules, regulations, orders, licenses, and other forms of administrative action made, issued, or otherwise taken under Executive Order 13047, not inconsistent with section 3 of this order and not revoked administratively, shall remain in full force and effect under this order until amended, modified, or terminated by proper authority. The revocation of any provision of Executive Order 13047 pursuant to this section shall not affect any violation of any rules, regulations, orders, licenses, or other forms of administrative action under that order during the period that such provision of that order was in effect."
1109,13310,13047,outside_corpus,Executive Order 13047,"Sec. 12. Sections 1 through 7 of Executive Order 13047 are hereby revoked to the extent they are inconsistent with this order. All delegations, rules, regulations, orders, licenses, and other forms of administrative action made, issued, or otherwise taken under Executive Order 13047, not inconsistent with section 3 of this order and not revoked administratively, shall remain in full force and effect under this order until amended, modified, or terminated by proper authority. The revocation of any provision of Executive Order 13047 pursuant to this section shall not affect any violation of any rules, regulations, orders, licenses, or other forms of administrative action under that order during the period that such provision of that order was in effect."
1133,13286,13154,outside_corpus,Executive Order 13154,"Sec. 12. Executive Order 13154 of May 3, 2000 (""Establishing the Kosovo Campaign Medal""), is amended by striking ""the Secretary of Transportation"" in section 1 and inserting ""the Secretary of Homeland Security"" in lieu thereof."
1133,13286,13120,outside_corpus,Executive Order 13120,"Sec. 14. Executive Order 13120 of April 27, 1999 (""Ordering the Selected Reserve and Certain Individual Ready Reserve Members of the Armed Forces to Active Duty""), is amended by striking ""the Secretary of Transportation"" and inserting ""the Secretary of Homeland Security"" in lieu thereof."
1133,13286,13100,outside_corpus,Executive Order 13100,"Sec. 16. Executive Order 13100 of August 25, 1998 (""President's Council on Food Safety""), is amended by inserting ""and Homeland Security,"" after ""Health and Human Services,"" in section 1(a)."
1133,13286,12919,outside_corpus,Executive Order 12919,"(a) striking ""the Administrator of General Services (""Administrator"")"" in section 1(a) and inserting ""the Secretary of Homeland Security (""Secretary"")"" in lieu thereof; (b) striking ""and"" after ""(16) Central Intelligence Agency;"" in section 1(b); (c) inserting ""and (18) General Services Administration;"" after ""(17) Office of Management and Budget;"" in section 1(b); (d) striking section 1(c)(2) and redesignating sections 1(c)(3) and 1(c)(4) as sections 1(c)(2) and 1(c)(3), respectively; (e) striking ""Administrator"" wherever it appears in sections 2, 5(a)(3)(E), 6(a), and 6(c), and inserting ""Secretary"" in lieu thereof; and (f) striking "", acting by and through the Assistant Commissioner,"" in section 6(c). Sec. 24. Executive Order 12919 of June 3, 1994 (""National Defense Industrial Resources Preparedness""), is amended by: (a) striking ""The Director, Federal Emergency Management Agency (""Director, FEMA"")"" in section 104(b) and inserting ""The Secretary of Homeland Security (""the Secretary"")"" in lieu thereof; (b) striking ""The Director, FEMA,"" in sections 201(c) and 601(f) and inserting ""The Secretary"" in lieu thereof; (c) striking ""the Director, FEMA,"" wherever it appears in sections 201(e), 202(c), 305, 501, 701(e), and 802(e), and inserting ""the Secretary"" in lieu thereof; and (d) inserting ""the Department of Homeland Security,"" after ""Attorney General,"" in section 801."
1133,13286,12870,outside_corpus,Executive Order 12870,"(b) striking the period at the end of section 7(b)(iii) and inserting ""; and"" in lieu thereof; and (c) inserting a new section 7(b)(iv) to read ""(iv) the national security-related activities of the Department of Homeland Security as determined by the Secretary of Homeland Security."". Sec. 26. Executive Order 12870 of September 30, 1993 (""Trade Promotion Coordinating Committee""), is amended by: (a) inserting ""(j) Department of Homeland Security;"" after ""(i) Department of the Interior;"" in section 1; and (b) relettering the subsequent subsections in section 1 appropriately. Sec. 27. Executive Order 12835 of January 25, 1993 (""Establishment of the National Economic Council""), is amended by: (a) inserting ""(k) Secretary of Homeland Security;"" after ""(j) Secretary of Energy;"" in section 2; and (b) relettering the subsequent subsections in section 2 appropriately."
1133,13286,12824,outside_corpus,Executive Order 12824,"Sec. 29. Executive Order 12824 of December 7, 1992 (""Establishing the Transportation Distinguished Service Medal""), is amended by:"
1133,13286,12807,outside_corpus,Executive Order 12807,"Sec. 30. Executive Order 12807 of May 24, 1992 (""Interdiction of Illegal Aliens""), is amended by striking ""the Attorney General"" in section 2(c)(3) and inserting ""the Secretary of Homeland Security"" in lieu thereof."
1133,13286,12657,outside_corpus,Executive Order 12657,"Sec. 41. Executive Order 12657 of November 18, 1988 (""Federal Emergency Management Agency Assistance in Emergency Preparedness Planning at Commercial Nuclear Power Plants""), is amended by:"
1135,13284,13122,outside_corpus,Executive Order 13122,"Sec. 6. Executive Order 13122 of May 25, 1999 (""Interagency Task Force on the Economic Development of the Southwest Border""), is amended by inserting ""Secretary of Homeland Security,"" after ""Secretary of the Treasury,"" in section 1(b)."
1135,13284,13048,outside_corpus,Executive Order 13048,"Sec. 7. Executive Order 13048 of June 10, 1997 (""Improving Administrative Management in the Executive Branch""), is amended by:"
1135,13284,11958,outside_corpus,Executive Order 11958,"(a) inserting ""(i) Secretary of Homeland Security;"" after ""(h) Secretary of the Interior;"" in section 2; and (b) relettering all subsequent subsections in section 2 appropriately. Sec. 10. Executive Order 12859 of August 16, 1993 (""Establishment of the Domestic Policy Council""), is amended by: (a) inserting ""(o) Secretary of Homeland Security;"" after ""(n) Secretary of the Treasury;"" in section 2; and (b) relettering all subsequent subsections in section 2 appropriately. Sec. 11. Executive Order 12590 of March 26, 1987 (""National Drug Policy Board""), is amended by: (a) inserting ""(13) the Secretary of Homeland Security;"" after ""(12) the Secretary of Education;"" in section 1(b); and (b) renumbering all subsequent subsections in section 1(b) appropriately. Sec. 12. Executive Order 12260 of December 31, 1980 (""Agreement on Government Procurement""), as amended, is further amended by: (a) inserting ""14. Department of Homeland Security"" after ""13. Department of Health and Human Services"" in the Annex; and (b) renumbering all subsequent subsections in the Annex appropriately. Sec. 13. Executive Order 11958 of January 18, 1977 (""Administration of Arms Export Controls""), as amended, is further amended by: (a) striking ""Secretary of the Treasury"" wherever it appears in section 1(l)(2) and inserting ""Attorney General"" in lieu thereof; and (b) inserting ""the Attorney General,"" after ""the Secretary of the Treasury,"" in section 2(a)."
1143,13276,12807,outside_corpus,Executive Order 12807,"migration. The Secretary of Defense shall also provide support to the Coast Guard in carrying out the duties described in Executive Order 12807 of May 24, 1992, regarding interdiction of migrants."
1143,13276,12807,outside_corpus,Executive Order 12807,"(a) Nothing in this order shall be construed to impair or otherwise affect the authorities and responsibilities set forth in Executive Order 12807 of May 24, 1992. (b) Nothing in this order shall be construed to make reviewable in any judicial or administrative proceeding, or otherwise, any action, omission, or matter that otherwise would not be reviewable. (c) This order is intended only to improve the management of the executive branch. This order is not intended to, and does not, create any right or benefit, substantive or procedural, enforceable at law or equity or otherwise against the United States, its departments, agencies, entities, instrumentalities, officers, employees, or any other person. (d) Any agency assigned any duties by this order may use the provisions of the Economy Act, 31 U.S.C. 1535 and 1536, to carry out such duties, to the extent permitted by such Act. (e) This order shall not be construed to require any procedure to determine whether a person is a refugee or otherwise in need of protection."
1147,13272,12866,outside_corpus,Executive Order 12866,"Sec. 2. Responsibilities of Advocacy. Consistent with the requirements of the Act, other applicable law, and Executive Order 12866 of September 30, 1993, as amended, Advocacy:"
1147,13272,12866,outside_corpus,Executive Order 12866,"(a) Within 180 days of the date of this order, issue written procedures and policies, consistent with the Act, to ensure that the potential impacts of agencies' draft rules on small businesses, small governmental jurisdictions, and small organizations are properly considered during the rulemaking process. Agency heads shall submit, no later than 90 days from the date of this order, their written procedures and policies to Advocacy for comment. Prior to issuing final procedures and policies, agencies shall consider any such comments received within 60 days from the date of the submission of the agencies' procedures and policies to Advocacy. Except to the extent otherwise specifically provided by statute or Executive Order, agencies shall make the final procedures and policies available to the public through the Internet or other easily accessible means; (b) Notify Advocacy of any draft rules that may have a significant economic impact on a substantial number of small entities under the Act. Such notifications shall be made (i) when the agency submits a draft rule to OIRA under Executive Order 12866 if that order requires such submission, or (ii) if no submission to OIRA is so required, at a reasonable time prior to publication of the rule by the agency; and (c) Give every appropriate consideration to any comments provided by Advocacy regarding a draft rule. Consistent with applicable law and appropriate protection of executive deliberations and legal privileges, an agency shall include, in any explanation or discussion accompanying publication in the Federal Register of a final rule, the agency's response to any written comments submitted by Advocacy on the proposed rule that preceded the final rule; provided, however, that such inclusion is not required if the head of the agency certifies that the public interest is not served thereby."
1154,13265,10830,outside_corpus,Executive Order 10830,"(a) Each Federal agency shall, to the extent permitted by law and subject to available funds, furnish such information and assistance to the Secretary and the Council as they may request. (b) The members of the Council shall serve without compensation for their work on the Council. Members of the Council may, however, receive travel expenses, including per diem in lieu of subsistence, as authorized by law for persons serving intermittently in the Government (5 U.S.C. 5701– 5707). (c) To the extent permitted by law, the Secretary shall furnish the Council with necessary staff, supplies, facilities, and other administrative services. The expenses of the Council shall be paid from funds available to the Secretary. (d) The Secretary shall appoint an Executive Director of the Council who shall serve as a liaison to the Secretary and the White House on matters and activities pertaining to the Council. (e) The Council may establish subcommittees as appropriate to aid in its work. Such subcommittees shall meet on a voluntary basis and be defined by objectives established in coordination with and agreed upon by the Secretary and the President. (f) The seal prescribed by Executive Order 10830 of July 24, 1959, as amended, shall be the seal of the President's Council on Physical Fitness and Sports established by this order."
1154,13265,12345,outside_corpus,Executive Order 12345,"(a) Insofar as the Federal Advisory Committee Act, as amended (5 U.S.C. App.) (Act), may apply to the Administration of any portion of this order, any functions of the President under the Act, except that of reporting to the Congress, shall be performed by the Secretary in accordance with the guidelines and procedures issued by the Administrator of General Services. (b) In accordance with the Act, the Council shall terminate 2 years from the date of this order, unless extended by the President. (c) Executive Order 12345 of February 2, 1982, as amended, is revoked."
1161,13258,12866,outside_corpus,Executive Order 12866,"By the authority vested in me as President by the Constitution and the laws of the United States of America, it is hereby ordered that Executive Order 12866, of September 30, 1993, is amended as follows:"
1176,13243,11274,outside_corpus,Executive Order 11274,"Sec. 4. Executive Order 11274 of March 30, 1996, is hereby revoked."
1178,13242,11880,outside_corpus,Executive Order 11880,"Sec. 4. Executive Order 11880 of October 2, 1975, Executive Order 12998 of April 5, 1996, and section 26 of Executive Order 12608 of September 9, 1987, are hereby revoked. GEORGE W. BUSH"
1178,13242,12998,outside_corpus,Executive Order 12998,"Sec. 4. Executive Order 11880 of October 2, 1975, Executive Order 12998 of April 5, 1996, and section 26 of Executive Order 12608 of September 9, 1987, are hereby revoked. GEORGE W. BUSH"
1186,13233,12667,outside_corpus,Executive Order 12667,"Executive Order 12667 of January 18, 1989, is revoked."
1189,13230,12900,outside_corpus,Executive Order 12900,"Sec. 9. Executive Order 12900 of February 22, 1994, as amended, is revoked."
1193,13226,13138,outside_corpus,Executive Order 13138,"(b) The PCAST shall terminate 2 years from the date of this order unless extended by the President prior to that date. (c) Executive Order 12882 of November 23, 1993; Executive Order 12907 of April 14, 1994; and section 1(h) of Executive Order 13138 of September 30, 1999, are hereby revoked."
1194,13225,12900,outside_corpus,Executive Order 12900,"(a) Committee for the Preservation of the White House; Executive Order 11145, as amended (Department of the Interior). (b) Federal Advisory Council on Occupational Safety and Health; Executive Order 12196, as amended (Department of Labor). (c) President's Advisory Commission on Educational Excellence for Hispanic Americans; Executive Order 12900 (Department of Education). (d) President's Board of Advisors on Historically Black Colleges and Universities; Executive Order 13021, as amended, (Department of Education). (e) President's Board of Advisors on Tribal Colleges and Universities; Executive Order 13021, as amended (Department of Education). (f) President's Commission on White House Fellowships; Executive Order 11183, as amended (Office of Personnel Management). (g) President's Committee on the Arts and the Humanities; Executive Order 12367, as amended (National Endowment for the Arts). (h) President's Committee on the International Labor Organization; Executive Order 12216, as amended (Department of Labor). (i) President's Committee on the National Medal of Science; Executive Order 11287, as amended (National Science Foundation). (j) President's Committee on Mental Retardation; Executive Order 12994 (Department of Health and Human Services). (k) President's Council on Physical Fitness and Sports; Executive Order 12345, as amended (Department of Health and Human Services). (l) President's Export Council; Executive Order 12131, as amended (Department of Commerce). (m) President's National Security Telecommunications Advisory Committee; Executive Order 12382, as amended (Department of Defense). (n) Trade and Environment Policy Advisory Committee; Executive Order 12905 (Office of the United States Trade Representative)."
1194,13225,12216,outside_corpus,Executive Order 12216,"(a) Committee for the Preservation of the White House; Executive Order 11145, as amended (Department of the Interior). (b) Federal Advisory Council on Occupational Safety and Health; Executive Order 12196, as amended (Department of Labor). (c) President's Advisory Commission on Educational Excellence for Hispanic Americans; Executive Order 12900 (Department of Education). (d) President's Board of Advisors on Historically Black Colleges and Universities; Executive Order 13021, as amended, (Department of Education). (e) President's Board of Advisors on Tribal Colleges and Universities; Executive Order 13021, as amended (Department of Education). (f) President's Commission on White House Fellowships; Executive Order 11183, as amended (Office of Personnel Management). (g) President's Committee on the Arts and the Humanities; Executive Order 12367, as amended (National Endowment for the Arts). (h) President's Committee on the International Labor Organization; Executive Order 12216, as amended (Department of Labor). (i) President's Committee on the National Medal of Science; Executive Order 11287, as amended (National Science Foundation). (j) President's Committee on Mental Retardation; Executive Order 12994 (Department of Health and Human Services). (k) President's Council on Physical Fitness and Sports; Executive Order 12345, as amended (Department of Health and Human Services). (l) President's Export Council; Executive Order 12131, as amended (Department of Commerce). (m) President's National Security Telecommunications Advisory Committee; Executive Order 12382, as amended (Department of Defense). (n) Trade and Environment Policy Advisory Committee; Executive Order 12905 (Office of the United States Trade Representative)."
1194,13225,12345,outside_corpus,Executive Order 12345,"(a) Committee for the Preservation of the White House; Executive Order 11145, as amended (Department of the Interior). (b) Federal Advisory Council on Occupational Safety and Health; Executive Order 12196, as amended (Department of Labor). (c) President's Advisory Commission on Educational Excellence for Hispanic Americans; Executive Order 12900 (Department of Education). (d) President's Board of Advisors on Historically Black Colleges and Universities; Executive Order 13021, as amended, (Department of Education). (e) President's Board of Advisors on Tribal Colleges and Universities; Executive Order 13021, as amended (Department of Education). (f) President's Commission on White House Fellowships; Executive Order 11183, as amended (Office of Personnel Management). (g) President's Committee on the Arts and the Humanities; Executive Order 12367, as amended (National Endowment for the Arts). (h) President's Committee on the International Labor Organization; Executive Order 12216, as amended (Department of Labor). (i) President's Committee on the National Medal of Science; Executive Order 11287, as amended (National Science Foundation). (j) President's Committee on Mental Retardation; Executive Order 12994 (Department of Health and Human Services). (k) President's Council on Physical Fitness and Sports; Executive Order 12345, as amended (Department of Health and Human Services). (l) President's Export Council; Executive Order 12131, as amended (Department of Commerce). (m) President's National Security Telecommunications Advisory Committee; Executive Order 12382, as amended (Department of Defense). (n) Trade and Environment Policy Advisory Committee; Executive Order 12905 (Office of the United States Trade Representative)."
1194,13225,13136,outside_corpus,Executive Order 13136,"(b) Executive Order 13080, establishing the American Heritage Rivers Initiative Advisory Committee; (c) Executive Order 13090, as amended by Executive Order 13136, establishing the President's Commission on the Celebration of Women in American History; (d) Executive Order 13168, establishing the President's Commission on Improving Economic Opportunity in Communities Dependent on Tobacco Production While Protecting Public Health; and (e) Executive Order 13075, establishing the Special Oversight Board for Department of Defense Investigations of Gulf War Chemical and Biological Incidents."
1194,13225,13168,outside_corpus,Executive Order 13168,"(b) Executive Order 13080, establishing the American Heritage Rivers Initiative Advisory Committee; (c) Executive Order 13090, as amended by Executive Order 13136, establishing the President's Commission on the Celebration of Women in American History; (d) Executive Order 13168, establishing the President's Commission on Improving Economic Opportunity in Communities Dependent on Tobacco Production While Protecting Public Health; and (e) Executive Order 13075, establishing the Special Oversight Board for Department of Defense Investigations of Gulf War Chemical and Biological Incidents."
1194,13225,13138,outside_corpus,Executive Order 13138,"Sec. 4. Sections 1 through 4 of Executive Order 13138 are superseded. Sec. 5. This order shall be effective September 30, 2001."
1197,13222,12755,outside_corpus,Executive Order 12755,"Section 1. To the extent permitted by law, the provisions of the Export Administration Act of 1979, as amended, and the provisions for administration of the Export Administration Act of 1979, as amended, shall be carried out under this order so as to continue in full force and effect and amend, as necessary, the export control system heretofore maintained by the Export Administration Regulations issued under the Export Administration Act of 1979, as amended. The delegations of authority set forth in Executive Order 12002 of July 7, 1977, as amended by Executive Order 12755 of March 12, 1991, and Executive Order 13026 of November 15, 1996; Executive Order 12214 of May 2, 1980; Executive Order 12735 of November 16, 1990; and Executive Order 12851 of June 11, 1993, shall be incorporated in this order and shall apply to the exercise of authorities under this order. All actions under this order shall be in accordance with Presidential directives relating to the export control system heretofore issued and not revoked."
1197,13222,12214,outside_corpus,Executive Order 12214,"Section 1. To the extent permitted by law, the provisions of the Export Administration Act of 1979, as amended, and the provisions for administration of the Export Administration Act of 1979, as amended, shall be carried out under this order so as to continue in full force and effect and amend, as necessary, the export control system heretofore maintained by the Export Administration Regulations issued under the Export Administration Act of 1979, as amended. The delegations of authority set forth in Executive Order 12002 of July 7, 1977, as amended by Executive Order 12755 of March 12, 1991, and Executive Order 13026 of November 15, 1996; Executive Order 12214 of May 2, 1980; Executive Order 12735 of November 16, 1990; and Executive Order 12851 of June 11, 1993, shall be incorporated in this order and shall apply to the exercise of authorities under this order. All actions under this order shall be in accordance with Presidential directives relating to the export control system heretofore issued and not revoked."
1207,13211,12866,outside_corpus,Executive Order 12866,"(i) any adverse effects on energy supply, distribution, or use (including a shortfall in supply, price increases, and increased use of foreign supplies) should the proposal be implemented, and (ii) reasonable alternatives to the action with adverse energy effects and the expected effects of such alternatives on energy supply, distribution, and use. (c) The Administrator of the Office of Information and Regulatory Affairs shall provide guidance to the agencies on the implementation of this order and shall consult with other agencies as appropriate in the implementation of this order. Sec. 3. Submission and Publication of Statements. (a) Agencies shall submit their Statements of Energy Effects to the Administrator of the Office of Information and Regulatory Affairs, Office of Management and Budget, whenever they present the related submission under Executive Order 12866 of September 30, 1993, or any successor order. (b) Agencies shall publish their Statements of Energy Effects, or a summary thereof, in each related Notice of Proposed Rulemaking and in any resulting Final Rule. Sec. 4. Definitions. For purposes of this order: (a) ""Regulation"" and ""rule"" have the same meaning as they do in Executive Order 12866 or any successor order. (b) ""Significant energy action"" means any action by an agency (normally published in the Federal Register) that promulgates or is expected to lead to the promulgation of a final rule or regulation, including notices of inquiry, advance notices of proposed rulemaking, and notices of proposed rulemaking: (1) (i) that is a significant regulatory action under Executive Order 12866 or any successor order, and (ii) is likely to have a significant adverse effect on the supply, distribution, or use of energy; or (2) that is designated by the Administrator of the Office of Information and Regulatory Affairs as a significant energy action. (c) ""Agency"" means any authority of the United States that is an ""agency"" under 44"
1207,13211,12866,outside_corpus,Executive Order 12866,"(i) any adverse effects on energy supply, distribution, or use (including a shortfall in supply, price increases, and increased use of foreign supplies) should the proposal be implemented, and (ii) reasonable alternatives to the action with adverse energy effects and the expected effects of such alternatives on energy supply, distribution, and use. (c) The Administrator of the Office of Information and Regulatory Affairs shall provide guidance to the agencies on the implementation of this order and shall consult with other agencies as appropriate in the implementation of this order. Sec. 3. Submission and Publication of Statements. (a) Agencies shall submit their Statements of Energy Effects to the Administrator of the Office of Information and Regulatory Affairs, Office of Management and Budget, whenever they present the related submission under Executive Order 12866 of September 30, 1993, or any successor order. (b) Agencies shall publish their Statements of Energy Effects, or a summary thereof, in each related Notice of Proposed Rulemaking and in any resulting Final Rule. Sec. 4. Definitions. For purposes of this order: (a) ""Regulation"" and ""rule"" have the same meaning as they do in Executive Order 12866 or any successor order. (b) ""Significant energy action"" means any action by an agency (normally published in the Federal Register) that promulgates or is expected to lead to the promulgation of a final rule or regulation, including notices of inquiry, advance notices of proposed rulemaking, and notices of proposed rulemaking: (1) (i) that is a significant regulatory action under Executive Order 12866 or any successor order, and (ii) is likely to have a significant adverse effect on the supply, distribution, or use of energy; or (2) that is designated by the Administrator of the Office of Information and Regulatory Affairs as a significant energy action. (c) ""Agency"" means any authority of the United States that is an ""agency"" under 44"
1207,13211,12866,outside_corpus,Executive Order 12866,"(i) any adverse effects on energy supply, distribution, or use (including a shortfall in supply, price increases, and increased use of foreign supplies) should the proposal be implemented, and (ii) reasonable alternatives to the action with adverse energy effects and the expected effects of such alternatives on energy supply, distribution, and use. (c) The Administrator of the Office of Information and Regulatory Affairs shall provide guidance to the agencies on the implementation of this order and shall consult with other agencies as appropriate in the implementation of this order. Sec. 3. Submission and Publication of Statements. (a) Agencies shall submit their Statements of Energy Effects to the Administrator of the Office of Information and Regulatory Affairs, Office of Management and Budget, whenever they present the related submission under Executive Order 12866 of September 30, 1993, or any successor order. (b) Agencies shall publish their Statements of Energy Effects, or a summary thereof, in each related Notice of Proposed Rulemaking and in any resulting Final Rule. Sec. 4. Definitions. For purposes of this order: (a) ""Regulation"" and ""rule"" have the same meaning as they do in Executive Order 12866 or any successor order. (b) ""Significant energy action"" means any action by an agency (normally published in the Federal Register) that promulgates or is expected to lead to the promulgation of a final rule or regulation, including notices of inquiry, advance notices of proposed rulemaking, and notices of proposed rulemaking: (1) (i) that is a significant regulatory action under Executive Order 12866 or any successor order, and (ii) is likely to have a significant adverse effect on the supply, distribution, or use of energy; or (2) that is designated by the Administrator of the Office of Information and Regulatory Affairs as a significant energy action. (c) ""Agency"" means any authority of the United States that is an ""agency"" under 44"
1210,13209,13183,outside_corpus,Executive Order 13183,"By the authority vested in me as President by the Constitution and the laws of the United States of America, and in order to extend by 3 months the time in which the President's Task Force on Puerto Rico's Status is to report to the President as directed in Executive Order 13183 of December 23, 2000, it is hereby ordered that section 4 of Executive Order 13183 is amended by deleting ""May 1, 2001"" and inserting in lieu thereof ""August 1, 2001""."
1210,13209,13183,outside_corpus,Executive Order 13183,"By the authority vested in me as President by the Constitution and the laws of the United States of America, and in order to extend by 3 months the time in which the President's Task Force on Puerto Rico's Status is to report to the President as directed in Executive Order 13183 of December 23, 2000, it is hereby ordered that section 4 of Executive Order 13183 is amended by deleting ""May 1, 2001"" and inserting in lieu thereof ""August 1, 2001""."
1213,13206,12214,outside_corpus,Executive Order 12214,"Sec. 2. The revocation of Executive Order 12924 shall not affect any violation of any rules, regulations, orders, licenses, or other forms of administrative action under that order that occurred during the period the order was in effect. All rules and regulations issued or continued in effect under the authority of IEEPA and Executive Order 12924, including those codified at 15 C.F.R. 730–74 (2000), and all orders, regulations, licenses, and other forms of administrative action issued, taken, or continued in effect pursuant thereto, remain in full force and effect, as if issued, taken, or continued in effect pursuant to and as authorized by the Act or by other appropriate authority until amended or revoked by the proper authority. Nothing in this order shall affect the continued applicability of the provision for the administration of the Act and delegations of authority set forth in Executive Order 12002 of July 7, 1977, Executive Order 12214 of May 2, 1980, Executive Order 12938 of November 14, 1994, as amended, Executive Order 12981 of December 5, 1995, as amended, and Executive Order 13026 of November 15, 1996."
1213,13206,12938,outside_corpus,Executive Order 12938,"Sec. 2. The revocation of Executive Order 12924 shall not affect any violation of any rules, regulations, orders, licenses, or other forms of administrative action under that order that occurred during the period the order was in effect. All rules and regulations issued or continued in effect under the authority of IEEPA and Executive Order 12924, including those codified at 15 C.F.R. 730–74 (2000), and all orders, regulations, licenses, and other forms of administrative action issued, taken, or continued in effect pursuant thereto, remain in full force and effect, as if issued, taken, or continued in effect pursuant to and as authorized by the Act or by other appropriate authority until amended or revoked by the proper authority. Nothing in this order shall affect the continued applicability of the provision for the administration of the Act and delegations of authority set forth in Executive Order 12002 of July 7, 1977, Executive Order 12214 of May 2, 1980, Executive Order 12938 of November 14, 1994, as amended, Executive Order 12981 of December 5, 1995, as amended, and Executive Order 13026 of November 15, 1996."
1217,13202,12818,outside_corpus,Executive Order 12818,"Sec. 8. As it relates to project agreements, Executive Order 12836 of February 1, 1993, which, among other things, revoked Executive Order 12818 of October 23, 1992, is revoked."
1218,13201,13201,not_earlier,Executive Order 13201,"""2. The contractor will comply with all provisions of Executive Order 13201 of February 17, 2001, and related rules, regulations, and orders of the Secretary of Labor."
1218,13201,13201,not_earlier,Executive Order 13201,"""3. In the event that the contractor does not comply with any of the requirements set forth in paragraphs (1) or (2) above, this contract may be cancelled, terminated, or suspended in whole or in part, and the contractor may be declared ineligible for further Government contracts in accordance with procedures authorized in or adopted pursuant to Executive Order 13201 of February 17, 2001. Such other sanctions or remedies may be imposed as are provided in Executive Order 13201 of February 17, 2001, or by rule, regulation, or order of the Secretary of Labor, or as are otherwise provided by law."
1218,13201,13201,not_earlier,Executive Order 13201,"""3. In the event that the contractor does not comply with any of the requirements set forth in paragraphs (1) or (2) above, this contract may be cancelled, terminated, or suspended in whole or in part, and the contractor may be declared ineligible for further Government contracts in accordance with procedures authorized in or adopted pursuant to Executive Order 13201 of February 17, 2001. Such other sanctions or remedies may be imposed as are provided in Executive Order 13201 of February 17, 2001, or by rule, regulation, or order of the Secretary of Labor, or as are otherwise provided by law."
1218,13201,13201,not_earlier,Executive Order 13201,"""4. The contractor will include the provisions of paragraphs (1) through (3) herein in every subcontract or purchase order entered into in connection with this contract unless exempted by rules, regulations, or orders of the Secretary of Labor issued pursuant to section 3 of Executive Order 13201 of February 17, 2001, so that such provisions will be binding upon each subcontractor or vendor. The contractor will take such action with respect to any such subcontract or purchase order as may be directed by the Secretary of Labor as a means of enforcing such provisions, including the imposition of sanctions for non compliance: Provided, however, that if the contractor becomes involved in litigation with a subcontractor or vendor, or is threatened with such involvement, as a result of such direction, the contractor may request the United States to enter into such litigation to protect the interests of the United States."""
1228,13192,13121,outside_corpus,Executive Order 13121,"I, WILLIAM J. CLINTON, President of the United States of America, found in Executive Order 13088 of June 9, 1998, that the actions and policies of the Governments of the Federal Republic of Yugoslavia (Serbia and Montenegro) (the ""FRY (S&M)"") and the Republic of Serbia with respect to Kosovo, by promoting ethnic conflict and human suffering, threatened to destabilize countries of the region and to disrupt progress in Bosnia and Herzegovina in implementing the Dayton peace agreement, and therefore constituted an unusual and extraordinary threat to the national security and foreign policy of the United States. I declared a national emergency to deal with that threat and ordered that economic sanctions be imposed with respect to those governments. I issued Executive Order 13121 of April 30, 1999, in response to the continuing human rights and humanitarian crises in Kosovo. That order revised and substantially expanded the sanctions imposed pursuant to Executive Order 13088."
1228,13192,13121,outside_corpus,Executive Order 13121,"Section 1. Amendments to Executive Order 13088. (a) Section 1 of Executive Order 13088 of June 9, 1998, as revised by section 1(a) of Executive Order 13121 of April 30, l999, is revised to read as follows:"
1228,13192,13121,outside_corpus,Executive Order 13121,"(i) any person listed in the Annex to this order; and (ii) any person determined by the Secretary of the Treasury, in consultation with the Secretary of State: (A) to be under open indictment by the International Criminal Tribunal for the former Yugoslavia, subject to applicable laws and procedures; (B) to have sought, or to be seeking, through repressive measures or otherwise, to maintain or reestablish illegitimate control over the political processes or institutions or the economic resources or enterprises of the Federal Republic of Yugoslavia, the Republic of Serbia, the Republic of Montenegro, or the territory of Kosovo; (C) to have provided material support or resources to any person designated in or pursuant to section 1(a) of this order; or (D) to be owned or controlled by or acting or purporting to act directly or indirectly for or on behalf of any person designated in or pursuant to section 1(a) of this order. (b) All property and interests in property blocked pursuant to this order prior to 12:01 a.m., eastern standard time, on January 19, 2001, shall remain blocked except as otherwise authorized by the Secretary of the Treasury."" (b) Section 2 of Executive Order 13088, as replaced by section 1(b) of Executive Order 13121, is revoked and a new section 2 is added to read as follows:"
1228,13192,13121,outside_corpus,Executive Order 13121,"Executive Order 13121, is renumbered and revised to read as follows:"
1228,13192,13121,outside_corpus,Executive Order 13121,"(h) Section 7 of Executive Order 13088, as revised by section 1(d) of Executive Order 13121, is revoked."
1228,13192,13121,outside_corpus,Executive Order 13121,"Sec. 2. Preservation of Authorities. Nothing in this order is intended to affect the continued effectiveness of any rules, regulations, orders, licenses, or other forms of administrative action issued, taken, or continued in effect heretofore or hereafter under Executive Order 13088, Executive Order 13121, or the authority of IEEPA or UNPA, except as hereafter terminated, modified, or suspended by the issuing Federal agency."
1235,13184,12834,outside_corpus,Executive Order 12834,"Executive Order 12834 of January 20, 1993, ""Ethics Commitments by Executive Branch Appointees,"" is hereby revoked, effective at noon January 20, 2001. Employees and former employees subject to the commitments in Executive Order 12834 will not be subject to those commitments after the effective date of this order."
1235,13184,12834,outside_corpus,Executive Order 12834,"Executive Order 12834 of January 20, 1993, ""Ethics Commitments by Executive Branch Appointees,"" is hereby revoked, effective at noon January 20, 2001. Employees and former employees subject to the commitments in Executive Order 12834 will not be subject to those commitments after the effective date of this order."
1257,13162,12596,outside_corpus,Executive Order 12596,"Sec. 8. Executive Order 12596 of May 7, 1987, is revoked."
1259,13160,12250,outside_corpus,Executive Order 12250,7–701. Nothing in this order shall limit the authority of the Attorney General to provide for the coordinated enforcement of nondiscrimination requirements in Federal assistance programs under Executive Order 12250.
1260,13159,12938,outside_corpus,Executive Order 12938,"I, WILLIAM J. CLINTON, President of the United States of America, in view of the policies underlying Executive Order 12938 of November 14, 1994, and Executive Order 13085 of May 26, 1998, find that the risk of nuclear proliferation created by the accumulation of a large volume of weapons-usable fissile material in the territory of the Russian Federation constitutes an unusual and extraordinary threat to the national security and foreign policy of the United States, and hereby declare a national emergency to deal with that threat."
1260,13159,13085,outside_corpus,Executive Order 13085,"I, WILLIAM J. CLINTON, President of the United States of America, in view of the policies underlying Executive Order 12938 of November 14, 1994, and Executive Order 13085 of May 26, 1998, find that the risk of nuclear proliferation created by the accumulation of a large volume of weapons-usable fissile material in the territory of the Russian Federation constitutes an unusual and extraordinary threat to the national security and foreign policy of the United States, and hereby declare a national emergency to deal with that threat."
1260,13159,13085,outside_corpus,Executive Order 13085,"Section 1. A major national security goal of the United States is to ensure that fissile material removed from Russian nuclear weapons pursuant to various arms control and disarmament agreements is dedicated to peaceful uses, subject to transparency measures, and protected from diversion to activities of proliferation concern. As reflected in Executive Order 13085, the full implementation of the Agreement Between the Government of the United States of America and the Government of the Russian Federation Concerning the Disposition of Highly Enriched Uranium Extracted from Nuclear Weapons, dated February 18, 1993, and related contracts and agreements (collectively, the ""HEU Agreements"") is essential to the attainment of this goal. The HEU Agreements provide for the conversion of approximately 500 metric tons of highly enriched uranium contained in Russian nuclear weapons into low-enriched uranium for use as fuel in commercial nuclear reactors. In furtherance of our national security goals, all heads of departments and agencies of the United States Government shall continue to take all appropriate measures within their authority to further the full implementation of the HEU Agreements."
1287,13132,12372,outside_corpus,Executive Order 12372,"(a) There shall be strict adherence to constitutional principles. Agencies shall closely examine the constitutional and statutory authority supporting any action that would limit the policymaking discretion of the States and shall carefully assess the necessity for such action. To the extent practicable, State and local officials shall be consulted before any such action is implemented. Executive Order 12372 of July 14, 1982 (""Intergovernmental Review of Federal Programs"") remains in effect for the programs and activities to which it is applicable."
1287,13132,12866,outside_corpus,Executive Order 12866,"(a) In transmitting any draft final regulation that has federalism implications to the Office of Management and Budget pursuant to Executive Order 12866 of September 30, 1993, each agency shall include a certification from the official designated to ensure compliance with this order stating that the requirements of this order have been met in a meaningful and timely manner."
1287,13132,12372,outside_corpus,Executive Order 12372,"(a) This order shall supplement but not supersede the requirements contained in Executive Order 12372 (""Intergovernmental Review of Federal Programs""), Executive Order 12866 (""Regulatory Planning and Review""), Executive Order 12988 (""Civil Justice Reform""), and OMB Circular A-19."
1287,13132,12866,outside_corpus,Executive Order 12866,"(a) This order shall supplement but not supersede the requirements contained in Executive Order 12372 (""Intergovernmental Review of Federal Programs""), Executive Order 12866 (""Regulatory Planning and Review""), Executive Order 12988 (""Civil Justice Reform""), and OMB Circular A-19."
1288,13131,12757,outside_corpus,Executive Order 12757,"Section 1. Amendment of Executive Order 12757. Executive Order 12757, ""Implementation of the Enterprise for the Americas Initiative,"" as amended by Executive Orders 12823 and 13028, is further amended as follows:"
1288,13131,12757,outside_corpus,Executive Order 12757,"Section 1. Amendment of Executive Order 12757. Executive Order 12757, ""Implementation of the Enterprise for the Americas Initiative,"" as amended by Executive Orders 12823 and 13028, is further amended as follows:"
1288,13131,12823,outside_corpus,Executive Orders 12823,"Section 1. Amendment of Executive Order 12757. Executive Order 12757, ""Implementation of the Enterprise for the Americas Initiative,"" as amended by Executive Orders 12823 and 13028, is further amended as follows:"
1291,13128,12938,outside_corpus,Executive Order 12938,"Sec. 8. In order to take additional steps with respect to the proliferation of weapons of mass destruction and means of delivering them and the national emergency described and declared in Executive Order 12938 of November 14, 1994, as amended by Executive Order 13094 of July 30, 1998, section 3 of Executive Order 12938, as amended, is amended to add a new subsection (e) to read as follows:"
1291,13128,12938,outside_corpus,Executive Order 12938,"Sec. 8. In order to take additional steps with respect to the proliferation of weapons of mass destruction and means of delivering them and the national emergency described and declared in Executive Order 12938 of November 14, 1994, as amended by Executive Order 13094 of July 30, 1998, section 3 of Executive Order 12938, as amended, is amended to add a new subsection (e) to read as follows:"
1302,13118,12163,outside_corpus,Executive Order 12163,"Section 1. Part 1-1 of Executive Order 12163, as amended, is amended to read as follows:"
1302,13118,12757,outside_corpus,Executive Order 12757,"""1-100. Delegation of Functions. (a) Exclusive of the functions otherwise delegated, or reserved to the President, by this order, Executive Order 12884, Executive Order 11579, and Executive Order 12757, and subject to the provisions of such orders, there are hereby delegated to the Secretary of State (referred to in this Part as the ""Secretary"") all functions conferred upon the President by:"
1302,13118,12163,outside_corpus,Executive Order 12163,"Sec. 2. Part 1-2 of Executive Order 12163, as amended, is amended to read as follows:"
1302,13118,12163,outside_corpus,Executive Order 12163,"Sec. 3. Part 1-3 of Executive Order 12163, as amended, is amended in section 301(c) by striking ""part II of the Act (except chapters 4, 6, and 8 thereof)"" and inserting in lieu thereof ""chapters 2 and 5 of part II of the Act""."
1302,13118,12163,outside_corpus,Executive Order 12163,"Sec. 4. Part 1-4 of Executive Order 12163, as amended, is revoked."
1302,13118,12163,outside_corpus,Executive Order 12163,"Sec. 5. Part 1-5 of Executive Order 12163, as amended, is amended as follows:"
1302,13118,12163,outside_corpus,Executive Order 12163,"Sec. 6. Part 1-6 of Executive Order 12163, as amended, is amended as follows:"
1302,13118,12163,outside_corpus,Executive Order 12163,"Sec. 7. Part 1-7 of Executive Order 12163, as amended, is amended as follows:"
1302,13118,12163,outside_corpus,Executive Order 12163,"Sec. 8. Part 1-8 of Executive Order 12163, as amended, is amended to read as follows:"
1302,13118,12163,outside_corpus,Executive Order 12163,"Sec. 9. Part 1-9 of Executive Order 12163, as amended, is amended as follows: (1) in section 1-902(c), by striking ""hereafter-enacted""; and (2) by revoking sections 1-903(c) and 1-903(d)."
1302,13118,11958,outside_corpus,Executive Order 11958,"(8) Executive Order 11958 of January 18, 1977, is amended in section 2 by striking ""the Director of the United States International Development Cooperation Agency, the Director of the Arms Control and Disarmament Agency,""."
1311,13108,13037,outside_corpus,Executive Order 13037,"By the authority vested in me as President by the Constitution and the laws of the United States of America, and in order to extend the reporting deadline for, and the expiration date of, the Commission to Study Capital Budgeting, it is hereby ordered that Executive Order 13037, as amended, is further amended by deleting in section 3 of that order ""within 1 year from its first meeting"" and inserting in lieu thereof ""by February 1, 1999"" and by deleting in section 5 of that order ""30 days after submitting its report"" and inserting in lieu thereof ""on September 30, 1999""."
1318,13101,12873,outside_corpus,Executive Order 12873,"Sec. 901. Executive Order 12873 of October 20, 1993, is hereby revoked."
1325,13094,12938,outside_corpus,Executive Order 12938,"I, William J. Clinton, President of the United States of America, in order to take additional steps with respect to the proliferation of weapons of mass destruction and means of delivering them and the national emergency described and declared in Executive Order 12938 of November 14, 1994, hereby order:"
1325,13094,12938,outside_corpus,Executive Order 12938,Section 1. Amendment of Executive Order 12938.
1325,13094,12938,outside_corpus,Executive Order 12938,"(a) Section 4 of Executive Order 12938 of November 14, 1994, is revised to read as follows:"
1325,13094,12938,outside_corpus,Executive Order 12938,"(a) Determination by Secretary of State; Imposition of Measures. Except to the extent provided in section 203(b) of the International Emergency Economic Powers Act (50 U.S.C. 1702(b)), where applicable, if the Secretary of State determines that a foreign person, on or after November 16, 1990, the effective date of Executive Order 12735, the predecessor order to Executive Order 12938, has materially contributed or attempted to contribute materially to the efforts of any foreign country, project, or entity of proliferation concern to use, acquire, design, develop, produce, or stockpile weapons of mass destruction or missiles capable of delivering such weapons, the measures set forth in subsections (b), (c), and (d) of this section shall be imposed on that foreign person to the extent determined by the Secretary of State in consultation with the implementing agency and other relevant agencies. Nothing in this section is intended to preclude the imposition on that foreign person of other measures or sanctions available under this order or under other authorities."
1325,13094,12938,outside_corpus,Executive Order 12938,"(b) Section 6 of Executive Order 12938 of November 14, 1994, is amended by deleting ""4(c)"" and inserting ""4(e)"" in lieu thereof."
1325,13094,12938,outside_corpus,Executive Order 12938,"Sec. 2. Preservation of Authorities. Nothing in this order is intended to affect the continued effectiveness of any rules, regulations, orders, licenses, or other forms of administrative action issued, taken, or continued in effect heretofore or hereafter under the authority of IEEPA, AECA, the Nuclear Non-Proliferation Act of 1978, the Nuclear Proliferation Prevention Act of 1994, the Atomic Energy Act, the Export Administration Act (50 U.S.C. App. 2401 et seq.), Executive Order 12730 of September 30, 1990, Executive Order 12735 of November 16, 1990, Executive Order 12924 of August 18, 1994, Executive Order 12930 of September 29, 1994, or Executive Order 12938 of November 14, 1994."
1329,13091,11958,outside_corpus,Executive Order 11958,"Section 1. Section 1 of Executive Order 11958, as amended, is further amended as follows:"
1329,13091,12163,outside_corpus,Executive Order 12163,"Sec. 2. Section 1-201 of Executive Order 12163, as amended, is further amended as follows:"
1329,13091,12163,outside_corpus,Executive Order 12163,"Sec. 3. Section 1-301 of Executive Order 12163, as amended, is further amended by:"
1329,13091,12163,outside_corpus,Executive Order 12163,"Sec. 4. Section 1-501 of Executive Order 12163, as amended, is further amended:"
1336,13083,12866,outside_corpus,Executive Order 12866,"(b) This order shall supplement but not supersede the requirements contained in Executive Order 12866 (""Regulatory Planning and Review""), Executive Order 12988 (""Civil Justice Reform""), and OMB Circular A-19."
1337,13082,9080,outside_corpus,Executive Order 9080,"By the authority vested in me as President by the Constitution and the laws of the United States of America, and in order to add a member of the Joint Staff to the Joint-Mexican-United States Defense Commission, it is hereby ordered that the third paragraph of Executive Order 9080 of February 27, 1942, as amended by Executive Order 10692 of December 22, 1956, and by Executive Order 12377 of August 6, 1982, is further amended to read as follows:"
1337,13082,12377,outside_corpus,Executive Order 12377,"By the authority vested in me as President by the Constitution and the laws of the United States of America, and in order to add a member of the Joint Staff to the Joint-Mexican-United States Defense Commission, it is hereby ordered that the third paragraph of Executive Order 9080 of February 27, 1942, as amended by Executive Order 10692 of December 22, 1956, and by Executive Order 12377 of August 6, 1982, is further amended to read as follows:"
1356,13063,12154,outside_corpus,Executive Order 12154,"By the authority vested in me as President by the Constitution and the laws of the United States of America, including section 5317 of title 5, United States Code, and in order to remove a position from Level V of the Executive Schedule, it is hereby ordered that section 1-102 of Executive Order 12154, as amended, is further amended by removing the following subsection from section 1-102: ""(b) Executive Director, Pension Benefit Guaranty Corporation, Department of Labor""; and relettering subsections (c) through (f) as subsections (b) through (e), respectively."
1357,13062,12900,outside_corpus,Executive Order 12900,(d) President's Advisory Commission on Education Excellence for Hispanic Americans; Executive Order 12900 (Department of Education).
1357,13062,12216,outside_corpus,Executive Order 12216,(i) President's Committee on the International Labor Organization; Executive Order 12216 (Department of Labor).
1357,13062,12345,outside_corpus,Executive Order 12345,"(l) President's Council on Physical Fitness and Sports; Executive Order 12345, as amended (Department of Health and Human Services)."
1357,13062,12832,outside_corpus,Executive Order 12832,"(n) President's National Security Telecommunications Advisory Committee; Executive Order 12832, as amended (Department of Defense)."
1357,13062,12964,outside_corpus,Executive Order 12964,"(b) Executive Order 12964, as amended by Executive Orders 12987 and 13032, establishing the Commission on United States-Pacific Trade and Investment Policy;"
1357,13062,13015,outside_corpus,Executive Order 13015,"(e) Executive Order 13015, establishing the White House Commission on Aviation Safety and Security."
1357,13062,12721,outside_corpus,Executive Order 12721,"Sec. 6. Executive Order 13054 is amended by revising section 1 to read as follows: ""A United States citizen who is a family member of a Federal civilian employee who has separated from Federal service to accept employment with the American Institute in Taiwan pursuant to section 11 of Public Law 96-8 (22 U.S.C. 3310(a)) may be appointed noncompetitively in a manner similar to noncompetitive appointments under Executive Order 12721 and implementing regulations of the Office of Personnel Management to a competitive service position in the executive branch, provided such family member meets the qualifications and other requirements established by the Director of the Office of Personnel Management, including an appropriate period of satisfactory overseas employment with the American Institute in Taiwan."""
1365,13054,12721,outside_corpus,Executive Order 12721,"Section 1. A United States citizen who is a family member of a Federal civilian employee and who has separated from Federal service to accept employment with the American Institute in Taiwan pursuant to section 11 of Public Law 96-8 (93 Stat. 18, 22 U.S.C. 3310(a)) may be appointed noncompetitively, in accordance with Executive Order 12721 and implementing regulations of the Office of Personnel Management, to a competitive service position in the executive branch, provided such family member meets the qualifications and other requirements established by the Director of the Office of Personnel Management, including an appropriate period of satisfactory overseas employment with the American Institute in Taiwan."
1374,13045,12866,outside_corpus,Executive Order 12866,"(a) be ""economically significant"" under Executive Order 12866 (a rulemaking that has an annual effect on the economy of $100 million or more or would adversely affect in a material way the economy, a sector of the economy, productivity, competition, jobs, the environment, public health or safety, or State, local, or tribal governments or communities); and"
1374,13045,12866,outside_corpus,Executive Order 12866,"5-501. For each covered regulatory action submitted to OMB's Office of Information and Regulatory Affairs (OIRA) for review pursuant to Executive Order 12866, the issuing agency shall provide to OIRA the following information developed as part of the agency's decisionmaking process, unless prohibited by law:"
1376,13043,12566,outside_corpus,Executive Order 12566,"Sec. 6. General Provisions. (a) Executive Order 12566 of September 26, 1986, is revoked. To the extent that this order is inconsistent with any provisions of any prior Executive order, this order shall control."
1387,13032,12964,outside_corpus,Executive Order 12964,"By the authority vested in me as President by the Constitution and the laws of the United States of America, including the Federal Advisory Committee Act, as amended (5 U.S.C. App.), and to facilitate the work of the Commission on United States-Pacific Trade and Investment Policy, it is hereby ordered that Executive Order 12964 of June 21, 1995, as amended by Executive Order 12987 of January 31, 1996, is further amended in section 2 by deleting in the first sen tence ""December 31, 1996"" and inserting ""February 28, 1997"" in lieu thereof."
1389,13030,12163,outside_corpus,Executive Order 12163,"Section 1. Section 1-201(a)(13) of Executive Order 12163, as amended, is further amended by"
1389,13030,11958,outside_corpus,Executive Order 11958,"Sec. 2. Section 1 of Executive Order 11958, as amended, is further amended by"
1390,13028,12757,outside_corpus,Executive Order No. 12757,"Section 1. Amendment of Executive Order No. 12757. Executive Order No. 12757, ""Implementation of the Enterprise for the Americas Initiative,"" as amended by Executive Order No. 12823, is further amended as follows:"
1390,13028,12757,outside_corpus,Executive Order No. 12757,"Section 1. Amendment of Executive Order No. 12757. Executive Order No. 12757, ""Implementation of the Enterprise for the Americas Initiative,"" as amended by Executive Order No. 12823, is further amended as follows:"
1390,13028,12823,outside_corpus,Executive Order No. 12823,"Section 1. Amendment of Executive Order No. 12757. Executive Order No. 12757, ""Implementation of the Enterprise for the Americas Initiative,"" as amended by Executive Order No. 12823, is further amended as follows:"
1397,13022,8682,outside_corpus,Executive Order 8682,"Sec. 2. The Midway Islands Naval Defensive Sea Area and the Midway Islands Naval Airspace Reservation are hereby dissolved. The provisions of Executive Order 8682 of February 14, 1941, as amended by Executive Order 8729 of April 2, 1941, are hereby superseded."
1397,13022,8729,outside_corpus,Executive Order 8729,"Sec. 2. The Midway Islands Naval Defensive Sea Area and the Midway Islands Naval Airspace Reservation are hereby dissolved. The provisions of Executive Order 8682 of February 14, 1941, as amended by Executive Order 8729 of April 2, 1941, are hereby superseded."
1397,13022,11593,outside_corpus,Executive Order 11593,"(5) in a manner compatible with refuge purposes, shall recognize and maintain the historic significance of the Midway Islands consistent with the policy stated in Executive Order 11593 of May"
1398,13021,12999,outside_corpus,Executive Order 12999,(C) the transfer of excess and surplus Federal computer equipment under Executive Order 12999.
1410,13009,12963,outside_corpus,Executive Order No. 12963,"By the authority vested in me as President by the Constitution and the law of the United States of America, and in order to increase the membership of the Presidential Advisory Council on HIV/AIDS, it is hereby ordered that Executive Order No. 12963 is amended by deleting the number ""30"" in the second sentence of section 1(a) of that order and inserting the number ""35"" in lieu thereof."
1413,13006,11593,outside_corpus,Executive Order No. 11593,"By the authority vested in me as President by the Constitution and the laws of the United States of America, including the National Historic Preservation Act (16 U.S.C. 470 et seq.) and the Public Buildings Cooperative Use Act of 1976 (90 Stat. 2505), and in furtherance of and consistent with Executive Order No. 12072 of August 16, 1978, and Executive Order No. 11593 of May 13, 1971, it is hereby ordered as follows:"
1423,12995,12873,outside_corpus,Executive Order No. 12873,"By the authority vested in me as President by the Constitution and the laws of the United States of America, and in order to assist paper mills in their procurement of recovered materials to use as raw materials, it is hereby ordered that Executive Order No. 12873 is amended as follows:"
1423,12995,12873,outside_corpus,Executive Order No. 12873,"Section 1. Section 504(a) of Executive Order No. 12873 shall read: ""(a) For high speed copier paper, offset paper, forms bond, computer printout paper, carbonless paper, file folders, white woven envelopes and for other uncoated printing and writing paper, such as writing and office paper, book paper, cotton fiber paper, and cover stock, the minimum content standard shall be no less than 20 percent postconsumer materials beginning December 31, 1994. This minimum content standard shall be increased to 30 percent beginning on December 31, 1998."""
1423,12995,12873,outside_corpus,Executive Order No. 12873,"Sec. 2. Section 504(b) of Executive Order No. 12873 shall be deleted and section 504(c) of that order shall be redesignated as section 504(b) and shall read: ""(b) As an alternative to meeting the standards in section 504(a), for all printing and writing papers, the minimum content standard shall be no less than 50 percent recovered materials that are a waste material byproduct of a finished product other than a paper or textile product which would otherwise be disposed of in a landfill, as determined by the State in which the facility is located."""
1423,12995,12873,outside_corpus,Executive Order No. 12873,"Sec. 3. The last sentence of section 301(a) of Executive Order No. 12873 shall read ""In carrying out his or her functions, the Federal Environmental Executive shall consult with the Chairman of the Council on Environmental Quality."""
1431,12988,12866,outside_corpus,Executive Order No. 12866,"(a) General Duty to Review Legislation and Regulations. Within current budgetary constraints and existing executive branch coordination mechanisms and procedures established in OMB Circular A-19 and Executive Order No. 12866, each agency promulgating new regulations, reviewing existing regulations, developing legislative proposals concerning regulations, and developing new legislation shall adhere to the following requirements:"
1432,12987,12964,outside_corpus,Executive Order No. 12964,"By the authority vested in me as President by the Constitution and the laws of the United States of America, including the Federal Advisory Committee Act, as amended (5 U.S.C. App.), and to facilitate the work of the Commission on United States-Pacific Trade and Investment Policy, it is hereby ordered that Executive Order No. 12964 of June 21, 1995, is amended (i) in section 1(a) by inserting in the second sentence ""up to 20"" in place of ""15"", and (ii) in section 2(a) by inserting in the first sentence ""about December 31, 1996,"" in place of ""before February 1, 1996,""."
1445,12974,12900,outside_corpus,Executive Order No. 12900,(d) President's Advisory Commission on Educational Excellence for Hispanic Americans; Executive Order No. 12900 (Department of Education).
1445,12974,12216,outside_corpus,Executive Order No. 12216,"(i) President's Committee on the International Labor Organization; Executive Order No. 12216, as amended (Department of Labor)."
1445,12974,12345,outside_corpus,Executive Order No. 12345,"(l) President's Council on Physical Fitness and Sports; Executive Order No. 12345, as amended (Department of Health and Human Services)."
1446,12973,12901,outside_corpus,Executive Order No. 12901,"By the authority vested in me as President by the Constitution and the laws of the United States of America, including sections 141 and 301-310 of the Trade Act of 1974, as amended (19 U.S.C. 2171, 2411-2420), and to ensure that the trade policies of the United States advance, to the greatest extent possible, the export of the products and services of the United States and that trade policy resources are used efficiently, it is hereby ordered that Executive Order No. 12901 of March 3, 1994, is amended in section 1 by inserting in the first sentence ""1996"" in place of ""1994"" and ""1997"" in place of ""1995."""
1477,12942,12154,outside_corpus,Executive Order No. 12154,"By the authority vested in me as President by the Constitution and the laws of the United States of America, including section 5317 of title 5, United States Code, and in order to place an additional position in Level V of the Executive Schedule, it is hereby ordered that section 1–102 of Executive Order No. 12154, as amended, is further amended by adding the following new subsection to section 1–102:"
1486,12933,12933,not_earlier,Executive Order No. 12933,"(d) If it is determined, pursuant to regulations issued by the Secretary of Labor, that the contractor is not in compliance with the requirements of this clause or any regulation or order of the Secretary, appropriate sanctions may be imposed and remedies invoked against the contractor, as provided in Executive Order No. 12933, the regulations, and relevant orders of the Secretary of Labor, or as otherwise provided by law."""
1487,12932,12775,outside_corpus,Executive Order No. 12775,"I, William J. Clinton, President of the United States of America, find that the restoration of a democratically elected government in Haiti has ended the unusual and extraordinary threat to the national security, foreign policy, and economy of the United States previously posed by the policies and actions of thede facto regime in Haiti and the need to continue the national emergency declared in Executive Order No. 12775 of October 4, 1991, to deal with that threat."
1487,12932,12775,outside_corpus,Executive Order Nos. 12775,"I hereby revoke Executive Order Nos. 12775, 12779, 12853, 12872, 12914, 12917, 12920, and 12922 and terminate the national emergency declared in Executive Order No. 12775 with respect to Haiti."
1487,12932,12775,outside_corpus,Executive Order No. 12775,"I hereby revoke Executive Order Nos. 12775, 12779, 12853, 12872, 12914, 12917, 12920, and 12922 and terminate the national emergency declared in Executive Order No. 12775 with respect to Haiti."
1495,12924,12755,outside_corpus,Executive Order No. 12755,"Section 1. To the extent permitted by law, the provisions of the Export Administration Act of 1979, as amended, and the provisions for administration of the Export Administration Act of 1979, as amended, shall be carried out under this order so as to continue in full force and effect and amend, as necessary, the export control system heretofore maintained by the Export Administration regulations issued under the Export Administration Act of 1979, as amended. The delegations of authority set forth in Executive Order No. 12002 of July 7, 1977, as amended by Executive Order No. 12755 of March 12, 1991; Executive Order No. 12214 of May 2, 1980; Executive Order No. 12735 of November 16, 1990; and Executive Order No. 12851 of June 11, 1993, shall be incorporated in this order and shall apply to the exercise of authorities under this order."
1495,12924,12214,outside_corpus,Executive Order No. 12214,"Section 1. To the extent permitted by law, the provisions of the Export Administration Act of 1979, as amended, and the provisions for administration of the Export Administration Act of 1979, as amended, shall be carried out under this order so as to continue in full force and effect and amend, as necessary, the export control system heretofore maintained by the Export Administration regulations issued under the Export Administration Act of 1979, as amended. The delegations of authority set forth in Executive Order No. 12002 of July 7, 1977, as amended by Executive Order No. 12755 of March 12, 1991; Executive Order No. 12214 of May 2, 1980; Executive Order No. 12735 of November 16, 1990; and Executive Order No. 12851 of June 11, 1993, shall be incorporated in this order and shall apply to the exercise of authorities under this order."
1496,12923,12755,outside_corpus,Executive Order No. 12755,"Section 1. To the extent permitted by law, the provisions of the Export Administration Act of 1979, as amended, and the provisions for administration of the Export Administration Act of 1979, as amended, shall be carried out under this order so as to continue in full force and effect and amend, as necessary, the export control system heretofore maintained by the Export Administration Regulations issued under the Export Administration Act of 1979, as amended. The delegations of authority set forth in Executive Order No. 12002 of July 7, 1977, as amended by Executive Order No. 12755 of March 12, 1991; Executive Order No. 12214 of May 2, 1980; Executive Order No. 12735 of November 16, 1990; and Executive Order No. 12851 of June 11, 1993, shall be incorporated in this order and shall apply to the exercise of authorities under this order."
1496,12923,12214,outside_corpus,Executive Order No. 12214,"Section 1. To the extent permitted by law, the provisions of the Export Administration Act of 1979, as amended, and the provisions for administration of the Export Administration Act of 1979, as amended, shall be carried out under this order so as to continue in full force and effect and amend, as necessary, the export control system heretofore maintained by the Export Administration Regulations issued under the Export Administration Act of 1979, as amended. The delegations of authority set forth in Executive Order No. 12002 of July 7, 1977, as amended by Executive Order No. 12755 of March 12, 1991; Executive Order No. 12214 of May 2, 1980; Executive Order No. 12735 of November 16, 1990; and Executive Order No. 12851 of June 11, 1993, shall be incorporated in this order and shall apply to the exercise of authorities under this order."
1497,12922,12775,outside_corpus,Executive Order No. 12775,"By the authority vested in me as President by the Constitution and the laws of the United States of America, including the International Emergency Economic Powers Act (50 U.S.C. 1701et seq. ), the National Emergencies Act (50 U.S.C. 1601et seq. ), section 5 of the United Nations Participation Act of 1945, as amended (22 U.S.C. 287c), and section 301 of title 3, United States Code, and in order to take additional steps with respect to the actions and policies of thede facto regime in Haiti and the national emergency described and declared in Executive Order No. 12775, it is hereby ordered as follows:"
1497,12922,12775,outside_corpus,Executive Order Nos. 12775,"(b) any other person subject to the blocking provisions of Executive Order Nos. 12775, 12779, 12853, 12872, or 12914 and Haitian citizens who are members of the immediate family of any such person, as identified by the Secretary of the Treasury;"
1497,12922,12920,outside_corpus,Executive Order No. 12920,"that are in the United States, that hereafter come within the United States, or that are or hereafter come within the possession or control of United States persons, including their overseas branches, are blocked. This section shall not apply to property of nongovernmental organizations engaged in the provision of essential humanitarian assistance in Haiti or in the conduct of refugee and migration operations in Haiti, as identified by the Secretary of the Treasury. Payments and transfers previously authorized by Executive Order No. 12920 of June 10, 1994, may continue to be made in a manner directed by the Secretary of the Treasury."
1502,12917,12775,outside_corpus,Executive Order No. 12775,"By the authority vested in me as President by the Constitution and the laws of the United States of America, including the International Emergency Economic Powers Act (50 U.S.C. 1701et seq. ), the National Emergencies Act (50 U.S.C. 1601et seq. ), section 5 of the United Nations Participation Act of 1945, as amended (22 U.S.C. 287c), and section 301 of title 3, United States Code, in view of United Nations Security Council Resolution 917 of May 6, 1994, and in order to take additional steps with respect to the actions and policies of thede facto regime in Haiti and the national emergency described and declared in Executive Order No. 12775, it is hereby ordered as follows:"
1505,12914,12775,outside_corpus,Executive Order No. 12775,"By the authority vested in me as President by the Constitution and the laws of the United States of America, including the International Emergency Economic Powers Act (50 U.S.C. 1701et seq. ), the National Emergencies Act (50 U.S.C. 1601et seq. ), section 5 of the United Nations Participation Act of 1945, as amended (22 U.S.C. 287c), and section 301 of title 3, United States Code, in view of United Nations Security Council Resolution 917 of May 6, 1994, and in order to take additional steps with respect to the actions and policies of thede facto regime in Haiti and the national emergency described and declared in Executive Order No. 12775, it is hereby ordered as follows:"
1506,12913,12582,outside_corpus,Executive Order No. 12582,"Section 1. Executive Order No. 12582 is revoked and shall be treated as void, effective February 2, 1987."
1506,12913,12582,outside_corpus,Executive Order No. 12582,Sec. 2. Revocation of Executive Order No. 12582 is not intended to affect the status of anyone who was naturalized pursuant to the terms of that order prior to the date of publication of this order in the Federal Register .
1521,12898,12250,outside_corpus,Executive Order No. 12250,"6–602. Executive Order No. 12250. This Executive order is intended to supplement but not supersede Executive Order No. 12250, which requires consistent and effective implementation of various laws prohibiting discriminatory practices in programs receiving Federal financial assistance. Nothing herein shall limit the effect or mandate of Executive Order No. 12250."
1521,12898,12250,outside_corpus,Executive Order No. 12250,"6–602. Executive Order No. 12250. This Executive order is intended to supplement but not supersede Executive Order No. 12250, which requires consistent and effective implementation of various laws prohibiting discriminatory practices in programs receiving Federal financial assistance. Nothing herein shall limit the effect or mandate of Executive Order No. 12250."
1521,12898,12250,outside_corpus,Executive Order No. 12250,"6–602. Executive Order No. 12250. This Executive order is intended to supplement but not supersede Executive Order No. 12250, which requires consistent and effective implementation of various laws prohibiting discriminatory practices in programs receiving Federal financial assistance. Nothing herein shall limit the effect or mandate of Executive Order No. 12250."
1527,12892,12250,outside_corpus,Executive Order No. 12250,6–601. Nothing in this order shall limit the authority of the Attorney General to provide for the coordinated enforcement of nondiscrimination requirements in Federal assistance programs under Executive Order No. 12250.
1527,12892,12250,outside_corpus,Executive Order No. 12250,"6–602. All provisions of regulations, guidelines, and procedures proposed to be issued by executive agencies pursuant to this order that implement nondiscrimination requirements of laws covered by Executive Order No. 12250 shall be submitted to the Attorney General for review in accordance with that Executive order. In addition, the Secretary shall consult with the Attorney General regarding all regulations and procedures proposed to be issued under sections 4–401 and 4–402 of this order to assure consistency with coordinated Federal efforts to enforce nondiscrimination requirements in programs of Federal financial assistance pursuant to Executive Order No. 12250."
1527,12892,12250,outside_corpus,Executive Order No. 12250,"6–602. All provisions of regulations, guidelines, and procedures proposed to be issued by executive agencies pursuant to this order that implement nondiscrimination requirements of laws covered by Executive Order No. 12250 shall be submitted to the Attorney General for review in accordance with that Executive order. In addition, the Secretary shall consult with the Attorney General regarding all regulations and procedures proposed to be issued under sections 4–401 and 4–402 of this order to assure consistency with coordinated Federal efforts to enforce nondiscrimination requirements in programs of Federal financial assistance pursuant to Executive Order No. 12250."
1527,12892,11063,outside_corpus,Executive Order No. 11063,6–604. (a) Part IV and sections 501 and 503 of Executive Order No. 11063 are revoked. The activities and functions of the President's Committee on Equal Opportunity in Housing described in that Executive order shall be performed by the Secretary of Housing and Urban Development.
1527,12892,11063,outside_corpus,Executive Order No. 11063,"(b) Sections 101 and 502(a) of Executive Order No. 11063 are revised to apply to discrimination because of ""race, color, religion (creed), sex, disability, familial status or national origin."" All executive agencies shall revise regulations, guidelines, and procedures issued pursuant to Part II of Executive Order No. 11063 to reflect this amendment to coverage."
1527,12892,11063,outside_corpus,Executive Order No. 11063,"(b) Sections 101 and 502(a) of Executive Order No. 11063 are revised to apply to discrimination because of ""race, color, religion (creed), sex, disability, familial status or national origin."" All executive agencies shall revise regulations, guidelines, and procedures issued pursuant to Part II of Executive Order No. 11063 to reflect this amendment to coverage."
1527,12892,11063,outside_corpus,Executive Order No. 11063,"(c) Section 102 of Executive Order No. 11063 is revised by deleting the term ""Housing and Home Finance Agency"" and inserting in lieu thereof the term ""Department of Housing and Urban Development."""
1527,12892,12259,outside_corpus,Executive Order No. 12259,6–607. Executive Order No. 12259 is hereby revoked.
1535,12884,12163,outside_corpus,Executive Order No. 12163,"(c) Functions delegated under this order shall be construed as excluded from the functions delegated under section 1–102(a) of Executive Order No. 12163, as amended."
1544,12875,12866,outside_corpus,Executive Order No. 12866,"Sec. 4. Executive Order No. 12866. This order shall supplement but not supersede the requirements contained in Executive Order No. 12866 (""Regulatory Planning and Review"")."
1544,12875,12866,outside_corpus,Executive Order No. 12866,"Sec. 4. Executive Order No. 12866. This order shall supplement but not supersede the requirements contained in Executive Order No. 12866 (""Regulatory Planning and Review"")."
1549,12869,12216,outside_corpus,Executive Order No. 12216,"(a) Committee for the Preservation of the White House; Executive Order No. 11145, as amended (Department of the Interior); (b) Federal Advisory Council on Occupational Safety and Health; Executive Order No. 12196, as amended (Department of Labor); (c) President’s Commission on White House Fellowships; Executive Order No. 11183, as amended (Office of Personnel Management); (d) President’s Committee on the Arts and Humanities; Executive Order No. 12367, as amended (National Endowment for the Arts); (e) President’s Committee on the International Labor Organization; Executive Order No. 12216 (Department of Labor); (f) President’s Committee on Mental Retardation; Executive Order No. 11776, as amended (Department of Health and Human Services); (g) President’s Committee on the National Medal of Science; Executive Order No. 11287, as amended (National Science Foundation); (h) President’s Council on Physical Fitness and Sports; Executive Order No. 12345, as amended (Department of Health and Human Services); (i) President’s Export Council; Executive Order No. 12131, as amended (Department of Commerce); and"
1549,12869,12345,outside_corpus,Executive Order No. 12345,"(a) Committee for the Preservation of the White House; Executive Order No. 11145, as amended (Department of the Interior); (b) Federal Advisory Council on Occupational Safety and Health; Executive Order No. 12196, as amended (Department of Labor); (c) President’s Commission on White House Fellowships; Executive Order No. 11183, as amended (Office of Personnel Management); (d) President’s Committee on the Arts and Humanities; Executive Order No. 12367, as amended (National Endowment for the Arts); (e) President’s Committee on the International Labor Organization; Executive Order No. 12216 (Department of Labor); (f) President’s Committee on Mental Retardation; Executive Order No. 11776, as amended (Department of Health and Human Services); (g) President’s Committee on the National Medal of Science; Executive Order No. 11287, as amended (National Science Foundation); (h) President’s Council on Physical Fitness and Sports; Executive Order No. 12345, as amended (Department of Health and Human Services); (i) President’s Export Council; Executive Order No. 12131, as amended (Department of Commerce); and"
1549,12869,12756,outside_corpus,Executive Order No. 12756,"(a) Executive Order No. 12792, establishing the National Commission on America’s Urban Families; (b) Executive Order No. 12813, as amended by Executive Order No. 12815, establishing the President’s Commission on the Management of the Agency for International Development (AID) Programs; (c) Executive Order No. 12720, as amended by Executive Order No. 12783, establishing the President’s Council on Rural America; (d) Executive Order No. 12696, as amended by Executive Order No. 12756, establishing the President’s Drug Advisory Council; (e) Executive Order No. 12687, as amended by Executive Orders Nos. 12741 and 12785, establishing the President’s Education Policy Advisory Committee; and"
1549,12869,12774,outside_corpus,Executive Order No. 12774,Sec. 5. Executive Order No. 12774 is superseded.
1550,12867,12214,outside_corpus,Executive Order No. 12214,"Sec. 2. The revocation of Executive Order No. 12730 shall not affect any violation of any rules, regulations, orders, licenses, and other forms of administrative action under that Order that occurred during the period the order was in effect. All rules and regulations issued or continued in effect under the authority of the IEEPA and Executive Order No. 12735, including those codified at 15 CFR Sections 768–799 (1993), and all orders, regulations, licenses, and other forms of administrative action issued, taken, or continued in effect pursuant thereto, shall remain in full force and effect, as if issued, taken, or continued in effect pursuant to and as authorized by the Act or by other appropriate authority until amended or revoked by the proper authority. Nothing in this order shall affect the continued applicability of the provision for the administration of the Act and delegations of authority set forth in Executive Order No. 12002 of July 7, 1977, Executive Order No. 12214 of May 2, 1980, and Executive Order No. 12735 of November 16, 1990."
1566,12853,12775,outside_corpus,Executive Order No. 12775,"By the authority vested in me as President by the Constitution and the laws of the United States of America, including the International Emergency Economic Powers Act (50 U.S.C. 1701 et seq.), the National Emergencies Act (50 U.S.C. 1601 et seq.), section 5 of the United Nations Participation Act of 1945, as amended (22 U.S.C. 287c), and section 301 of title 3 of the United States Code, in view of United Nations Security Council Resolution No. 841 of June 16, 1993, and in order to take additional steps with respect to the actions and policies of the de facto regime in Haiti and the national emergency described and declared in Executive Order No. 12775,"
1566,12853,12775,outside_corpus,Executive Order No. 12775,"Sec. 7. Section 4 of Executive Order No. 12775 and sections 2(c) and 4 of Executive Order No. 12779 are hereby revoked to the extent inconsistent with this order. Otherwise, the provisions of this order supplement the provisions of Executive Order No. 12779."
1572,12847,10485,outside_corpus,Executive Order Nos. 10485,"Section 1. Section 1(a) of Executive Order No. 11423 is amended to read: ""Except with respect to facilities covered by Executive Order Nos. 10485 and 10530, the Secretary of State is hereby designated and empowered to receive all applications for permits for the construction, connection, operation, or maintenance, at the borders of the United States, of: (i) pipelines, conveyor belts, and similar facilities for the exportation or importation of petroleum, petroleum products, coal, minerals, or other products to or from a foreign country; (ii) facilities for the exportation or importation of water or sewage to or from a foreign country; (iii) facilities for the transportation of persons or things, or both, to or from a foreign country; (iv) bridges, to the extent that congressional authorization is not required; and (v) similar facilities above or below ground."""
1578,12841,12154,outside_corpus,Executive Order No. 12154,"By the authority vested in me as President by the Constitution and the laws of the United States of America, including section 5317 of title 5, United States Code, and in order to adjust positions in levels IV and V of the Executive Schedule, it is hereby ordered that Executive Order No. 12154, as amended, is further amended by: (1) adding the following new subsection to section 1–101: ""(k) Commissioner on Aging, Department of Health and Human Services""; (2) deleting the following subsections from section 1–102: ""(d) Commissioner on Aging, Department of Health and Human Services"", and ""(g) Transition Manager, United States Enrichment Corporation""; and (3) relettering subsections (e) and (f) of section 1–102 as subsections (d) and (e), respectively."
1583,12836,12818,outside_corpus,Executive Order No. 12818,"Section 1. Executive Order No. 12818 of October 23, 1992 (prohibiting the use of project agreements on Federal construction contracts), and Executive Order No. 12800 of April 13, 1992 (requiring Federal contractors to post a notice that workers are not required to join unions), are revoked."
1583,12836,12818,outside_corpus,Executive Order No. 12818,"Sec. 2. The heads of executive agencies shall promptly revoke any orders, rules, or regulations implementing Executive Order No. 12818 of October 23, 1992, or Executive Order No. 12800 of April 13, 1992, to the extent consistent with law."
1590,12829,12356,outside_corpus,Executive Order No. 12356,"(b) The National Industrial Security Program shall provide for the protection of information classified pursuant to Executive Order No. 12356 of April 2, 1982, or its successor, and the Atomic Energy Act of 1954, as amended."
1590,12829,12356,outside_corpus,Executive Order No. 12356,"(b) The Director of the Information Security Oversight Office, established under Executive Order No. 12356 of April 2, 1982, shall be responsible for implementing and monitoring the National Industrial Security Program and shall:"
1590,12829,12356,outside_corpus,Executive Order No. 12356,"(e) To the extent that is practicable and reasonable, the requirements, restrictions, and safeguards that the Manual establishes for the protection of classified information by contractors, licensees, and grantees shall be consistent with the requirements, restrictions, and safeguards that directives implementing Executive Order No. 12356 of April 2, 1982, or the Atomic Energy Act of 1954, as amended, establish for the protection of classified information by agencies. Upon request by the Chairman of the Committee, the Secretary of Defense shall provide an explanation and justification for any requirement, restriction, or safeguard that results in a standard for the protection of classified information by contractors, licensees, and grantees that differs from the standard that applies to agencies."
1590,12829,12829,not_earlier,Executive Order No. 12829,"""Section 1. When used in this order, the term 'head of a department' means the Secretary of State, the Secretary of Defense, the Secretary of Transportation, the Secretary of Energy, the Nuclear Regulatory Commission, the Administrator of the National Aeronautics and Space Administration, and, in section 4, the Attorney General. The term 'head of a department' also means the head of any department or agency, including but not limited to those referenced above with whom the Department of Defense makes an agreement to extend regulations prescribed by the Secretary of Defense concerning authorizations for access to classified information pursuant to Executive Order No. 12829."""
1590,12829,12829,not_earlier,Executive Order No. 12829,"(3) Section 2 is amended by inserting the words ""pursuant to Executive Order No. 12829"" after the word ""information."""
1590,12829,12829,not_earlier,Executive Order No. 12829,"(4) Section 3 is amended by inserting the words ""pursuant to Executive Order No. 12829"" between the words ""revoked"" and ""by"" in the second clause of that section."
1605,12814,12154,outside_corpus,Executive Order No. 12154,"By the authority vested in me as President by the Constitution and the laws of the United States of America, including section 5317 of title 5 of the United States Code, and in order to place additional positions in Level IV of the Executive Schedule, section 1-101 of Executive Order No. 12154, as amended, is hereby further amended by adding the following new subsection:"
1616,12803,12291,outside_corpus,Executive Order Nos. 12291,"Sec. 5. Government-wide Coordination and Review. In implementing Executive Order Nos. 12291 and 12498 and OMB Circular No. A-19, the Office of Management and Budget, to the extent permitted by law and consistent with the provisions of those authorities, shall take action to ensure that the policies of the executive department and agencies are consistent with the principles, critiera, and requirements of this order. The Office of Management and Budget shall review the results of implementing this order and report thereon to the President 1 year after the date of this order."
1619,12800,12800,not_earlier,Executive Order No. 12800,"""3. In the event that the contractor does not comply with any of the requirements set forth in paragraphs (1) or (2) above, this contract may be cancelled, terminated, or suspended in whole or inpart, and the contractor may be declared ineligible for further Government contracts in accordance with procedures authorized in or adopted pursuant to Executive Order No. 12800 of April 13, 1992. Such other sanctions or remedies may be imposed as are provided in Executive Order No. 12800 of April 13, 1992, or by rule, regulation, or order of the Secretary of Labor, or as are otherwise provided by law."
1619,12800,12800,not_earlier,Executive Order No. 12800,"""3. In the event that the contractor does not comply with any of the requirements set forth in paragraphs (1) or (2) above, this contract may be cancelled, terminated, or suspended in whole or inpart, and the contractor may be declared ineligible for further Government contracts in accordance with procedures authorized in or adopted pursuant to Executive Order No. 12800 of April 13, 1992. Such other sanctions or remedies may be imposed as are provided in Executive Order No. 12800 of April 13, 1992, or by rule, regulation, or order of the Secretary of Labor, or as are otherwise provided by law."
1619,12800,12800,not_earlier,Executive Order No. 12800,"""4. The contractor will include the provisions of paragraphs (1) through (3) in every subcontract or purchase order entered into in connection with this contract unless exempted by rules, regulations, or orders of the Secretary of Labor issued pursuant to section 3 of Executive Order No. 12800 of April 13, 1992, so that such provisions will be binding upon each subcontractor or vendor. The contractor will take such action with respect to any such subcontract or purchase order as may be directed by the Secretary of Labor as a means of enforcing such provisions, including the imposition of sanctions for noncompliance:Provided, however, that if the contractor becomes involved in litigation with a subcontractor or vendor, or is threatened with such involvement, as a result of such direction, the contractor may request the United States to enter into such litigation to protect the interests of the United States."""
1626,12793,10879,outside_corpus,Executive Order No. 10879,"Sec. 5. This order shall supersede Executive Order No. 10879 of June 1, 1960, as amended."
1629,12790,12754,outside_corpus,Executive Order No. 12754,"By the authority vested in me as President by the Constitution and the laws of the United States of America, including my authority as Commander in Chief of the Armed Forces of the United States, it is herby ordered that Executive Order No. 12754 of March 12, 1991, is amended as follows:"
1640,12779,12775,outside_corpus,Executive Order No. 12775,"By the authority vested in me as President by the Constitution and the laws of the United States of America, including the International Emergency Economic Powers Act (50 U.S.C. 1701 et seq.), the National Emergencies Act (50 U.S.C. 1601 et seq.), and section 301 of title 3 of the United States Code, and in view of Resolution MRE/RES. 2/91, adopted by the Ad Hoc Meeting of Ministers of Foreign Affairs of the Organization of American States on October 8, 1991, and in order to take additional steps with respect to the national emergency declared in Executive Order No. 12775 of October 4, 1991,"
1640,12779,12775,outside_corpus,Executive Order No. 12775,"Sec. 6. Unless otherwise specified, this order shall be effective as of 11:59 p.m., eastern standard time, November 5, 1991. Sections 1 and 2(a) of this order became effective at 12:23 p.m. on October 4, 1991, pursuant to Executive Order No. 12775."
1640,12779,12775,outside_corpus,Executive Order No. 12775,"Sec. 8. Executive Order No. 12775 of October 4, 1991, is hereby revoked to the extent inconsistent with this order. All delegations, rules, regulations, orders, licenses, and other forms of administrative action made, issued, or otherwise taken pursuant to Executive Order No. 12775 and not revoked administratively shall remain in full force and effect under this order until amended, modified, or terminated by proper authority. The revocation of any provision of Executive Order No. 12775 pursuant to this section shall not affect any violation of any rules, regulations, orders, licenses, or other forms of administrative action pursuant to that order during the period that such provision of that order was in effect."
1640,12779,12775,outside_corpus,Executive Order No. 12775,"Sec. 8. Executive Order No. 12775 of October 4, 1991, is hereby revoked to the extent inconsistent with this order. All delegations, rules, regulations, orders, licenses, and other forms of administrative action made, issued, or otherwise taken pursuant to Executive Order No. 12775 and not revoked administratively shall remain in full force and effect under this order until amended, modified, or terminated by proper authority. The revocation of any provision of Executive Order No. 12775 pursuant to this section shall not affect any violation of any rules, regulations, orders, licenses, or other forms of administrative action pursuant to that order during the period that such provision of that order was in effect."
1640,12779,12775,outside_corpus,Executive Order No. 12775,"Sec. 8. Executive Order No. 12775 of October 4, 1991, is hereby revoked to the extent inconsistent with this order. All delegations, rules, regulations, orders, licenses, and other forms of administrative action made, issued, or otherwise taken pursuant to Executive Order No. 12775 and not revoked administratively shall remain in full force and effect under this order until amended, modified, or terminated by proper authority. The revocation of any provision of Executive Order No. 12775 pursuant to this section shall not affect any violation of any rules, regulations, orders, licenses, or other forms of administrative action pursuant to that order during the period that such provision of that order was in effect."
1641,12778,12291,outside_corpus,Executive Order No. 12291,"(a) General Duty to Review Legislation and Regulations. Within current budgetary constraints and existing executive branch coordination mechanisms and procedures established in OMB Circular A - 19 (legislation) and Executive Order No. 12291 (regulation), each agency that is promulgating new regulations, reviewing existing regulations, developing legislative proposals concerning regulations, and developing new legislation shall adhere to the following requirements:"
1648,12771,12723,outside_corpus,Executive Order No. 12723,"I, George Bush, President of the United States of America, find that the expulsion from Kuwait of Iraq's occupation forces, the restoration of Kuwait to its citizens, and the reinstatement of the lawful Government of Kuwait eliminate the need for Executive Order No. 12723 of August 2, 1990, entitled ""Blocking Kuwaiti Government Property,"" and Executive Order No. 12725 of August 9, 1990, entitled ""Blocking Kuwaiti Government Property and Prohibiting Transactions With Kuwait."" Those orders were issued to protect the assets of the Government of Kuwait which were subject to United States jurisdiction, and to prevent the transfer of benefits by United States persons to Iraq based upon its invasion of Kuwait. Those orders also implemented the foreign policy and protected the national security of the United States, in conformity with applicable resolutions of the United Nations Security Council. Finding continuation of these orders unnecessary, I hereby order:"
1648,12771,12723,outside_corpus,Executive Order No. 12723,Section 1. Executive Order No. 12723 and Executive Order No. 12725 are hereby revoked. This revocation shall not affect the national emergency declared in Executive Order No. 12722 to deal with the unusual and extraordinary threat to the national security and foreign policy of the United States posed by the policies and action of the Government of Iraq.
1667,12752,12291,outside_corpus,Executive Order Nos. 12291,"Sec. 5. Regulatory Review. Policies, regulations, and analyses required by this Executive order shall be fully consistent with the standards and criteria, analyses and procedures set forth in Executive Order Nos. 12291 and 12498."
1667,12752,12583,outside_corpus,Executive Order No. 12583,"Sec. 6. Revocations. Executive Order No. 12220 of June 27, 1980, and Executive Order No. 12583 of February 19, 1987, are revoked."
1670,12749,12154,outside_corpus,Executive Order No. 12154,"By the authority vested in me as President by the Constitution and the laws of the United States of America, including section 5317 of title of the United States Code, and in order to place additional positions in Level IV of the Executive Schedule, Section 1-101 of Executive Order No. 12154, as amended, is further amended by adding thereto the following new subsections:"
1671,12748,11315,outside_corpus,Executive Order No. 11315,"Sec. 8. Executive Assignment System. (a) Civil Service Rule 9 (5 CFR Part 9), as established by Executive Order No. 11315, as amended, is revoked."
1681,12738,12163,outside_corpus,Executive Order No. 12163,"Section 1. Section 1-102(a) of Executive Order No. 12163, as amended, is further amended by:"
1681,12738,12163,outside_corpus,Executive Order No. 12163,"Sec. 2.1 Section 1-102 of Executive Order No. 12163, as amended, is further amended by striking out subsections (b) and (c) and redesignating subsections ""(d)"", ""(e)"", ""(f)"", and ""(g)"" as ""(b)"", ""(c)"", ""(d)"", and ""(e)"", respectively."
1681,12738,12163,outside_corpus,Executive Order No. 12163,"Sec. 3. Section 1-102(a) of Executive Order No. 12163 , as amended, is further amended by:"
1681,12738,12163,outside_corpus,Executive Order No. 12163,"Sec. 4. Section 1-201(a) of Executive Order No. 12163, as amended, is further amended by:"
1681,12738,12163,outside_corpus,Executive Order No. 12163,"Sec. 5. Section 1-301 of Executive Order No. 12163, as amended, is further amended by:"
1681,12738,12163,outside_corpus,Executive Order No. 12163,"Sec. 6. Section 1-701 of Executive Order No. 12163, as amended, is further amended --"
1681,12738,11958,outside_corpus,Executive Order No. 11958,"Sec. 7. Section 1(e) of Executive Order No. 11958, as amended, is further amended by striking out ""and section 580 of the Foreign Operations, Export Financing, and Related Programs Appropriations Act, 1989 (Public Law 100-461)"", and inserting in lieu thereof ""and section 571 of the Foreign Operations, Export Financing, and Related Programs Appropriations Act, 1990 (Public Law 101-167)""."
1689,12730,12214,outside_corpus,Executive Order No. 12214,"Section 1. Notwithstanding the expiration of the Export Administration Act of 1979, as amended et seq.), the provisions of that Act, the provisions for administration of that Act, and the delegations of authority set forth in Executive Order No. 12002 of July 7, 1977, Executive Order No. 12214 of May 2, 1980, and Executive Order No. 12131 of May 4, 1979, as amended by Executive Order No. 12551 of February 21, 1986, shall, to the extent permitted by law, be incorporated in this order and shall continue in full force and effect."
1694,12725,12723,outside_corpus,Executive Order No. 12723,"Sec. 6. Executive Order No. 12723 of August 2, 1990, is hereby revoked to the extent inconsistent with this order. All delegations, rules, regulations, orders, licenses, and other forms of administrative action made, issued, or otherwise taken under Executive Order No. 12723 and not revoked administratively shall remain in full force and effect under this order until amended, modified, or terminated by proper authority. The revocation of any provision of Executive Order No. 12723 pursuant to this section shall not affect any violation of any rules, regulations, orders, licenses, or other forms of administrative action under that order during the period that such provision of that order was in effect."
1694,12725,12723,outside_corpus,Executive Order No. 12723,"Sec. 6. Executive Order No. 12723 of August 2, 1990, is hereby revoked to the extent inconsistent with this order. All delegations, rules, regulations, orders, licenses, and other forms of administrative action made, issued, or otherwise taken under Executive Order No. 12723 and not revoked administratively shall remain in full force and effect under this order until amended, modified, or terminated by proper authority. The revocation of any provision of Executive Order No. 12723 pursuant to this section shall not affect any violation of any rules, regulations, orders, licenses, or other forms of administrative action under that order during the period that such provision of that order was in effect."
1694,12725,12723,outside_corpus,Executive Order No. 12723,"Sec. 6. Executive Order No. 12723 of August 2, 1990, is hereby revoked to the extent inconsistent with this order. All delegations, rules, regulations, orders, licenses, and other forms of administrative action made, issued, or otherwise taken under Executive Order No. 12723 and not revoked administratively shall remain in full force and effect under this order until amended, modified, or terminated by proper authority. The revocation of any provision of Executive Order No. 12723 pursuant to this section shall not affect any violation of any rules, regulations, orders, licenses, or other forms of administrative action under that order during the period that such provision of that order was in effect."
1710,12709,12345,outside_corpus,Executive Order No. 12345,"By the authority vested in me as President by the Constitution and laws of the United States of America, including the Federal Advisory Committee Act, as amended (5 U.S.C. App.), and in order to increase the membership of the President's Council on Physical Fitness and Sports from 18 to 20 members, it is hereby ordered that section 2(b), line one, of Executive Order No. 12345, as amended, is amended by deleting ""eighteen"" and inserting ""twenty"" in lieu thereof."
1721,12698,12663,outside_corpus,Executive Order No. 12663,"Sec. 6.51 Executive Order No. 12663 of January 6, 1989, is superseded."
1726,12692,12190,outside_corpus,Executive Order No. 12190,(a) Advisory Committee on Small and Minority Business Ownership; Executive Order No. 12190 (Small Business Administration).
1726,12692,12216,outside_corpus,Executive Order No. 12216,(f) President's Committee on the International Labor Organization; Executive Order No. 12216 (Department of Labor).
1726,12692,12345,outside_corpus,Executive Order No. 12345,"(i) President's Council on Physical Fitness and Sports; Executive Order No. 12345, as amended (Department of Health and Human Services)."
1726,12692,12462,outside_corpus,Executive Order No. 12462,"(a) Executive Order No. 12462, as amended by Executive Order No. 12533, establishign the President's Advisory Committee on Mediation and Conciliation. (b) Executive Order No. 12592, establishing the President's Commission on Compensation of Career Federal Executives."
1726,12692,12592,outside_corpus,Executive Order No. 12592,"(a) Executive Order No. 12462, as amended by Executive Order No. 12533, establishign the President's Advisory Committee on Mediation and Conciliation. (b) Executive Order No. 12592, establishing the President's Commission on Compensation of Career Federal Executives."
1726,12692,12668,outside_corpus,Executive Order No. 12668,"(c) Executive Order No. 12668, establishing the President's Commission on Federal Ethics Law Reform."
1726,12692,12607,outside_corpus,Executive Order No. 12607,"(d) Executive Order No. 12607, establishing the President's Commission on Privatization."
1726,12692,12603,outside_corpus,Executive Order No. 12603,"(g) Executive Order No. 12601, as amended by Executive Order No. 12603, establishing the Presidential Commission on the Human Immunodeficiency Virus Epidemic."
1731,12689,12549,outside_corpus,Executive Order No. 12549,"(b) ""Nonprocurment activities"" refers to all programs and activities involving Federal financial and nonfinancial assistance and benefits, as covered by Executive Order No. 12549 and the Office of Management and Budget guidelines implementing that order."
1731,12689,12549,outside_corpus,Executive Order No. 12549,"(a) To the extent permitted by law and upon resolution of differences and promulgation of final regulations pursuant to section 3 of this order, the debarment, suspension, or other exclusion of a participant in a procurement activity under the Federal Acquisition Regulation, or in a nonprocurement activity under regulations issued pursuant to Executive Order No. 12549, shall have governmentwide effect. No agency shall allow a party to participate in any procurement or nonprocurement activity if any agency has debarred, suspended, or otherwise excluded (to the extent specified in the exclusion agreement) that party from participation in a procurement or nonprocurement activity."
1731,12689,12549,outside_corpus,Executive Order No. 12549,"(b) An agency may grant an exception permitting a debarred, suspended, or otherwise excluded party to participate in procurement activities of that agency to the extent exceptions are authorized under the Federal Acquisition Regulation, or to participate in nonprocurement activities of that agency to the extent exceptions are authorized under regulations issued pursuant to Executive Order No. 12549."
1731,12689,12549,outside_corpus,Executive Order No. 12549,(a) The Office of Management and Budget may assist Federal agencies in resolving differences between the provisions contained in the Federal Acquisition Regulation and in regulations issued pursuant to Executive Order No. 12549. The Office of Management and Budget may determine the date of resolution of differences and then shall notify affected agencies of that date.
1731,12689,12549,outside_corpus,Executive Order No. 12549,"(b) To implement this order, proposed regulations amending the Federal Acquisition Regulation and the agency regulations issued pursuant to Executive Order No. 12549 shall be published simultaneously within 6 months of the resolution of differences."
1739,12680,12163,outside_corpus,Executive Order No. 12163,"Section 1. Section 1-102(a) of Executive Order No. 12163, as amended, is further amended by amending paragraphs (9) and (10) to read as follows:"
1739,12680,12163,outside_corpus,Executive Order No. 12163,"Sec. 2. Section 1-201(a) of Executive Order No. 12163, as amended, is further amended by amending paragraphs (26), (27), (28), and (29) to read as follows:"
1739,12680,12163,outside_corpus,Executive Order No. 12163,"Sec. 3. Section 1-201(a) of Executive Order No. 12163, as amended, is further amended by inserting the following new paragraphs at the end thereof:"
1739,12680,12163,outside_corpus,Executive Order No. 12163,"Sec. 4. Section 1-301 of Executive Order No. 12163, as amended, is further amended by amending section (f) to read as follows:"
1739,12680,11958,outside_corpus,Executive Order No. 11958,"Sec. 5. Section 1 of the Executive Order No. 11958, as amended, is further amended:"
1739,12680,11958,outside_corpus,Executive Order No. 11958,"Sec. 6. Section 1(e) of Executive Order No. 11958, as amended, is further amended by inserting ""and section 580 of the Foreign Operations, Export Financing, and Related Programs Appropriations Act, 1989 (Public Law 100-461)."" after ""Section 23 of the Act""."
1739,12680,11958,outside_corpus,Executive Order No. 11958,"Sec. 7. Section 1(l) of Executive Order No. 11958, as amended, is further amended by striking out the semicolon at the end of the second sentence of paragraph (l) and inserting a period in lieu thereof, and by adding the following sentence at the end of paragraph (l):"
1739,12680,11958,outside_corpus,Executive Order No. 11958,"Sec. 8. Section 2(a) of Executive Order No. 11958, as amended, is further amended by deleting ""and"" after ""International Development Cooperation Agency"" and inserting ""and the Chairman of the Export-Import Bank,"" after ""Arms Control and Disarmament Agency,""."
1740,12679,12154,outside_corpus,Executive Order No. 12154,"By the authority vested in me as President by the Constitution and laws of the United States of America, including section 5317 of title 5 of the United States Code, and in order to place an additional position in level IV of the Executive Schedule, section I-101 of Executive Order No. 12154, as amended, is hereby further amended by adding at the end the following new subsection:"
1741,12678,12154,outside_corpus,Executive Order No. 12154,"By the authority vested in me as President by the Constitution and laws of the United States of America, including section 5317 of title 5 of the United States Code, and in order to place an additional position in and to remove obsolete positions from level IV of the Executive Schedule, section 1-101 of Executive Order No. 12154, as amended, is hereby further amended by removing the positions identified as sections 1-101 ""(d)"" through ""(h)"" from the order and relettering the remaining sections 1-101 ""(i)"" and ""(j)"", sections 1-101 ""(d)"" and ""(e)"", respectively, and adding at the end the following new subsection:"
1758,12661,12291,outside_corpus,Executive Order No. 12291,"Sec. 5-102. Regulatory Review. Notwithstanding the provisions of section l(a)(2) of Executive Order No. 12291 of February 17, 1981, the Director of the Office of Management and Budget shall, with regard to regulations, rules, or agency statements of general applicability and future effect designed to implement, interpret, or prescribe law or policy or describing the procedure or practice requirements of an agency relative to the administration of the Export Administration Act, determine whether such regulations, rules, or agency statements are exempted from review under that Order, pursuant to the provisions of section 8(b) thereof."
1759,12660,12591,outside_corpus,Executive Order No. 12591,(iii) promoting transfer of federally funded microgravity research in furtherance of Executive Order No. 12591; and
1774,12645,12364,outside_corpus,Executive Order No. 12364,"By virtue of the authority vested in me as President by the Constitution and laws of the United States of America, including sections 3301 and 3302 of title 5, United States Code, and in order to improve the Presidential Management Intern Program by providing for the recruitment and selection of an increasing number of outstanding employees for careers in public sector management, it is hereby ordered that Section 3(c)(1) of Executive Order No. 12364 of May 24, 1982, is amended by deleting ""two hundred"" and inserting in lieu thereof ""four hundred""."
1792,12627,12607,outside_corpus,Executive Order No. 12607,"By virtue of the authority vested in me as President by the Constitution and laws of the United States of America, and in accordance with the Federal Advisory Committee Act, as amended (5 U.S.C. App. I), it is hereby ordered that section 2(d) of Executive Order No. 12607 of September 2, 1987, entitled ""President's Commission on Privatization"" is amended by deleting ""March 1, 1988"" and inserting in lieu thereof ""March 31, 1988."""
1799,12620,12163,outside_corpus,Executive Order No. 12163,"By the authority vested in me as President by the Constitution and laws of the United States, including the Foreign Assistance Act of 1961, as amended, and section 301 of Title 3 of the United States Code, it is hereby ordered that Executive Order No. 12163, as amended, is further amended by inserting at the end of the first sentence of subsection 6 of Section 1-201, the following phrase:"
1801,12618,12591,outside_corpus,Executive Order No. 12591,"By the authority vested in me as President by the Constitution and laws of the United States of America, and having concluded that the ability of the United States to achieve the statutorily prescribed policy (35 U.S.C. 200) of using the patent system to promote the utilization of inventions arising from federally supported research or development requires that Federal agencies follow uniform policies in administering patents and licenses conceived or first reduced to practice during the course of federally funded research, Executive Order No. 12591 of April 10, 1987, is amended by redesignating Sections l(b) (5) and (6) as l(b) (6) and (7), respectively, and by adding a new Section l(b)(5) as follows:"
1807,12612,12372,outside_corpus,Executive Order No. 12372,"(a) There should be strict adherence to constitutional principles. Executive departments and agencies should closely examine the constitutional and statutory authority supporting any Federal action that would limit the Policy-making discretion of the States, and should carefully assess the necessity for such action. To the extent practicable, the States should be consulted before any such action is implemented. Executive Order No. 12372 (""Intergovernmental Review of Federal Programs"") remains in effect for the programs and activities to which it is applicable."
1807,12612,12291,outside_corpus,Executive Order No. 12291,"(c) Each Federalism Assessment shall accompany any submission concerning the policy that is made to the Office of Management and Budget pursuant to Executive Order No. 12291 or OMB Circular No. A19, and shall:"
1807,12612,12291,outside_corpus,Executive Order Nos. 12291,"(a) In implementing Executive Order Nos. 12291 and 12498 and OMB Circular No. A-19, the Office of Management and Budget, to the extent permitted by law and consistent with the provisions of those authorities, shall take action to ensure that the policies of the Executive departments and agencies are consistent with the principles, criteria, and requirements stated in sections 2 through 5 of this Order."
1807,12612,12291,outside_corpus,Executive Order No. 12291,"(b) In submissions to the Office of Management and Budget pursuant to Executive Order No. 12291 and OMB Circular No. A19, Executive departments and agencies shall identify proposed regulatory and statutory provisions that have significant federalism implications and shall address any substantial federalism concerns. Where the departments or agencies deem it appropriate, substantial federalism concerns should also be addressed in notices of proposed rulemaking and messages transmitting legislative proposals to the Congress."
1809,12610,12190,outside_corpus,Executive Order No. 12190,(a) Advisory Committee on Small and Minority Business Ownership; Executive Order No. 12190 (Small Business Administration).
1809,12610,12216,outside_corpus,Executive Order No. 12216,(e) President's Committee on the International Labor Organization; Executive Order No. 12216 (Department of Labor).
1809,12610,12345,outside_corpus,Executive Order No. 12345,"(h) President's Council on Physical Fitness and Sports; Executive Order No. 12345, as amended (Department of Health and Human Services)."
1809,12610,12526,outside_corpus,Executive Order No. 12526,"(c) Executive Order No. 12526, establishing the President's Blue Ribbon Commission on Defense Management."
1809,12610,12503,outside_corpus,Executive Order No. 12503,"(e) Executive Order No. 12503, as amended by Executive Order No. 12529, establishing the President's Commission on Americans Outdoors."
1809,12610,12435,outside_corpus,Executive Order No. 12435,"(f) Executive Order No. 12435, establishing the President's Commission on Organized Crime."
1810,12609,12592,outside_corpus,Executive Order No. 12592,"By the authority vested in me as President by the Constitution and the laws of the United States of America, and in order to extend the period within which the President's Commission on Compensation of Career Federal Executives may complete its work, it is hereby ordered that Section 2(b) of Executive Order No. 12592 of April 10, 1987, is amended by striking out ""August 1, 1987"" and inserting in lieu thereof ""February 28, 1988""."
1811,12608,8744,outside_corpus,Executive Orders Nos. 8744,"Notwithstanding the revocation of Executive Orders Nos. 8744, 10880, and 12034, benefits already conferred under these Executive Orders before revocation shall not be affected."
1811,12608,10608,outside_corpus,Executive Order No. 10608,"Sec. 6. Executive Order No. 10608 is amended by deleting the words ""Foreign Service Act of 1946 (60 Stat. 999)"" and inserting in lieu thereof ""Foreign Service Act of 1980 (94 Stat. 2071)""."
1811,12608,10624,outside_corpus,Executive Order No. 10624,"Sec. 7. Executive Order No. 10624, as amended, is further amended as follows:"
1811,12608,10575,outside_corpus,Executive Order No. 10575,"(b) In Section l(a), by deleting the words ""The provisions of Part II—Procedures for Coordination Abroad—of Executive Order No. 10575 of November 6, 1954,"" and inserting in lieu thereof ""The provisions of section 207 of the Foreign Service Act of 1980 (22 U.S.C. 3927)""."
1811,12608,11077,outside_corpus,Executive Order No. 11077,"Sec. 14. Executive Order No. 11077, as amended, is further amended as follows:"
1811,12608,11580,outside_corpus,Executive Order No. 11580,"Sec. 20. Executive Order No. 11580 is amended by deleting the words ""Administrator of the National Credit Union Administration"" and inserting in lieu thereof ""National Credit Union Administration Board"" in the first paragraph."
1811,12608,11880,outside_corpus,Executive Order No. 11880,"Sec. 26. Executive Order No. 11880 is amended by deleting the words ""Under Secretary of Commerce"" and inserting in lieu thereof ""Deputy Secretary of Commerce""."
1811,12608,11899,outside_corpus,Executive Order No. 11899,"Sec. 27. Executive Order No. 11899, as amended, is further amended by deleting the words ""(88 Stat. 2210, 25 U.S.C. 450 (i)),"" and inserting in lieu thereof ""(88 Stat. 2210, 25 U.S.C. 450 i),""."
1811,12608,12163,outside_corpus,Executive Order No. 12163,"Sec. 30. Section 1-201(a) of Executive Order No. 12163, as amended, is further amended by revoking paragraphs (23) and (24), and by renumbering paragraphs (25), (26), (27), and (28) as paragraphs (23), (24), (25), and (26) respectively."
1811,12608,12322,outside_corpus,Executive Order No. 12322,"Sec. 31. Executive Order No. 12322 is amended by deleting the words ""Principles and Standards for Water and Related Land Resources Planning (Part 711 of Title 18 of the Code of Federal Regulations (45 F.R. 64366)),"" and inserting in lieu thereof ""Economic and Environmental Principles and Guidelines for Water and Related Land Resources Implementation Studies""."
1840,12579,12462,outside_corpus,Executive Order No. 12462,"By the authority vested in me as President by the Constitution and laws of the United States of America, including the Federal Advisory Committee Act, as amended (5 U.S.C. App. I), and in order to extend the life of the President's Advisory Committee on Mediation and Conciliation, it is hereby ordered that Section 4(b) of Executive Order No. 12462 of February 17, 1984, as amended, is further amended to read: ""The Committee shall terminate on December 31, 1987, unless sooner extended."""
1855,12564,12356,outside_corpus,Executive Order No. 12356,(2) An employee who has been granted access to classified information or may be granted access to classified information pursuant to a determination of trustworthiness by an agency head under Section 4 of Executive Order No. 12356;
1859,12560,12163,outside_corpus,Executive Order No. 12163,"Section 1. Section 1-102(a) of Executive Order No. 12163, as amended, is further amended by deleting paragraph ""(6)"" and adding the following new paragraphs at the end thereof:"
1859,12560,12163,outside_corpus,Executive Order No. 12163,"Sec. 2. Section 1-201(a) of Executive Order No. 12163, as amended, is further amended by deleting paragraphs ""(7)"", ""(22)"", ""(23)"", ""(25)"", ""(26)"", and ""(27)"", renumbering the remaining paragraphs accordingly, and inserting the following new paragraphs at the end thereof:"
1859,12560,12163,outside_corpus,Executive Order No. 12163,"Sec. 3. Section 1-201(a) of Executive Order No. 12163, as amended, is further amended by deleting ""481, and 502B,"" from paragraph (1) and inserting ""section 305"" in lieu thereof, and inserting the following new paragraphs at the end thereof:"
1859,12560,12163,outside_corpus,Executive Order No. 12163,"Sec. 4. Section 1-201(a)(3)of Executive Order No. 12163, as amended, is further amended to read as follows:"
1859,12560,12163,outside_corpus,Executive Order No. 12163,"Sec. 5. Section 1-201(a)(22) of Executive Order No. 12163, as redesignated by this Order, is further amended by inserting immediately after ""(Public Law 98-525)"" the phrase ""as amended by section 306 of the Department of Defense Authorization Act, 1986 (Public Law 99-145),""."
1859,12560,12163,outside_corpus,Executive Order No. 12163,"Sec. 6. Section 1-201(a)(15)of Executive Order No. 12163, as amended, as redesignated by this Order, is further amended by deleting ""(other than chapter 4 thereof)""."
1859,12560,12163,outside_corpus,Executive Order No. 12163,"Sec. 7. Section 1-301 of Executive Order No. 12163, as amended, is further amended by adding the following paragraph at the end thereof:"
1859,12560,12163,outside_corpus,Executive Order No. 12163,"Sec. 8. Section 1-301(e) of Executive Order No. 12163, as amended, is further amended to read as follows:"
1859,12560,12163,outside_corpus,Executive Order No. 12163,"Sec. 9. Section 1-701(d) of Executive Order No. 12163, as amended, is further amended by inserting ""465(b)"" immediately after ""303,"" and by inserting ""552(c), 552(e),"" immediately after ""506(a),""."
1859,12560,12163,outside_corpus,Executive Order No. 12163,"Sec. 10. Section 1-701(g) of Executive Order No. 12163, as amended, is amended to read as follows:"
1859,12560,11958,outside_corpus,Executive Order No. 11958,"Sec. 11. Section l(d) of Executive Order No. 11958, as amended, is further amended to read as follows:"
1859,12560,11958,outside_corpus,Executive Order No. 11958,"Sec. 12. Section l(e) of Executive Order No. 11958, as amended, is further amended to read as follows:"
1859,12560,11958,outside_corpus,Executive Order No. 11958,"Sec. 13. Section l(f) of Executive Order No. 11958, as amended, is further amended to read as follows:"
1872,12547,12356,outside_corpus,Executive Order No. 12356,"(b) In the interests of national security, and in order to allow for consideration of appropriate action under Executive Order No. 12356, decisions of the DOT transmitted to the President under Section 801 shall be withheld from public disclosure for a period not to exceed five days after submission to the President."
1872,12547,12356,outside_corpus,Executive Order No. 12356,"(d) The Secretary of State and the Secretary of Defense, or their designees, shall review the decisions of the DOT transmitted pursuant to subsection (c) above, and shall promptly advise the Assistant to the President for National Security Affairs or his designee, whether action pursuant to Executive Order No. 12356 is deemed appropriate. If, after considering these recommendations, the Assistant to the President for National Security Affairs determines that classification under Executive Order No. 12356 is appropriate, he shall take such action and immediately so inform the DOT. Action pursuant to this subsection shall be completed by the persons designated herein within five days of receipt of the decision by the President."
1872,12547,12356,outside_corpus,Executive Order No. 12356,"(d) The Secretary of State and the Secretary of Defense, or their designees, shall review the decisions of the DOT transmitted pursuant to subsection (c) above, and shall promptly advise the Assistant to the President for National Security Affairs or his designee, whether action pursuant to Executive Order No. 12356 is deemed appropriate. If, after considering these recommendations, the Assistant to the President for National Security Affairs determines that classification under Executive Order No. 12356 is appropriate, he shall take such action and immediately so inform the DOT. Action pursuant to this subsection shall be completed by the persons designated herein within five days of receipt of the decision by the President."
1877,12542,12526,outside_corpus,Executive Order No. 12526,"By the authority vested in me as President by the Constitution and laws of the United States of America, including the Federal Advisory Committee Act, as amended, it is hereby ordered that Section 2(c) of Executive Order No. 12526 is amended by deleting ""December 31, 1985"" as the date for submission of the Commission's conclusions and recommendations on the procurement section of its study and inserting in lieu thereof ""February 28, 1986.""."
1880,12539,12345,outside_corpus,Executive Order No. 12345,"By the authority vested in me as President by the Constitution and laws of the United States of America, including the Federal Advisory Committee Act, as amended (5 U.S.C. App. I), and in order to increase the membership of the President's Council on Physical Fitness and Sports, it is hereby ordered that Section 2(b) of Executive Order No. 12345, as amended, is further amended by increasing the number of members of the Council from fifteen to eighteen."
1882,12537,12331,outside_corpus,Executive Order No. 12331,"Sec. 7. Executive Order No. 12331 of October 20, 1981 is revoked."
1885,12533,12462,outside_corpus,Executive Order No. 12462,"By the authority vested in me as President by the Constitution and laws of the United States of America, including the Federal Advisory Committee Act, as amended (5 U.S.C. App. I), and in order to extend the life of the President's Advisory Committee on Mediation and Conciliation and clarify the status of its members, it is hereby ordered that Executive Order No. 12462, as amended, is further amended as follows:"
1886,12534,12190,outside_corpus,Executive Order No. 12190,(a) Advisory Committee on Small and Minority Business Ownership; Executive Order No. 12190 (Small Business Administration).
1886,12534,12216,outside_corpus,Executive Order No. 12216,(f) President's Committee on the International Labor Organization; Executive Order No. 12216 (Department of Labor).
1886,12534,12345,outside_corpus,Executive Order No. 12345,"(i) President's Council on Physical Fitness and Sports; Executive Order No. 12345, as amended (Department of Health and Human Services)."
1886,12534,12395,outside_corpus,Executive Order No. 12395,"(c) Executive Order No. 12395, establishing the International Private Enterprise Task Force."
1886,12534,12433,outside_corpus,Executive Order No. 12433,"(d) Executive Order No. 12433, establishing the National Bipartisan Commission on Central America."
1886,12534,12332,outside_corpus,Executive Order No. 12332,"(f) Executive Order No. 12332, establishing the National Productivity Advisory Committee."
1886,12534,12412,outside_corpus,Executive Order No. 12412,"(g) Executive Order No. 12412, establishing the Peace Corps Advisory Council."
1886,12534,12400,outside_corpus,Executive Order No. 12400,"(k) Executive Order No. 12400, establishing the President's Commission on Strategic Forces."
1886,12534,12421,outside_corpus,Executive Order No. 12421,"(m) Executive Order No. 12421, establishing the Presidential Commission on the Conduct of United States-Japan Relations."
1886,12534,12468,outside_corpus,Executive Order No. 12468,"(o) Executive Order No. 12468, establishing the Presidential Advisory Council on the Peace Corps."
1886,12534,12399,outside_corpus,Executive Order No. 12399,Sec. 4. Executive Order No. 12399 and Executive Order No. 12489 are superseded.
1889,12530,12356,outside_corpus,Executive Order No. 12356,"Sec. 5. Classification Authority. In accordance with section 1.2(a)(2) of Executive Order No. 12356 of April 2, 1982, the Director is hereby designated as an agency official with authority to classify information originally as Top Secret. The Director shall ensure that the Office establishes and maintains controls for the safeguarding of classified information as provided in part 4 of that Order."
1889,12530,12163,outside_corpus,Executive Order No. 12163,"Sec. 6. Delegation of Functions. Subject to the provisions of this Order and Executive Order No. 12163 of September 29, 1979, as amended, and to the extent necessary to the efficient and effective implementation of this Order, there are hereby delegated to the Director the functions conferred upon the President (and not reserved to him) by sections 632(a) and 635(b) of the FAA and other provisions of that Act (including but not limited to those set forth in Part III of the FAA) that relate directly and necessarily to the conduct of the programs and activities vested in or delegated to the Director."
1890,12529,12503,outside_corpus,Executive Order No. 12503,"By the authority vested in me as President by the Constitution and statutes of the United States of America, including the Federal Advisory Committee Act, as amended (5 U.S.C. App. I), and in order to revise the name of a presidential advisory commission to better describe its areas of responsibility, and to extend the date within which the commission must complete its responsibilities, it is hereby ordered that Executive Order No. 12503 is amended as follows:"
1892,12527,11252,outside_corpus,Executive Order No. 11252,"By the authority vested in me as President by the Constitution and laws of the United States of America, including section 301 of title 3 of the United States Code, it is hereby ordered that Executive Order No. 11252, as amended, is further amended by repealing Sections 2 and 3, and by redesignating the current Section 4 as Section 2."
1900,12519,11888,outside_corpus,Executive Order No. 11888,"Sec. 2. Annex II of Executive Order No. 11888, as amended, listing articles that are eligible for benefits of the GSP when imported from any designated beneficiary developing country, is amended as set forth in Annex II to this Order."
1900,12519,11888,outside_corpus,Executive Order No. 11888,"Sec. 3. Annex III of Executive Order No. 11888, as amended, listing articles that are eligible for benefits of the GSP when imported from all designated beneficiary countries except those specified in General Headnote 3(c)(iii) of the TSUS, is amended as set forth in Annex III to this Order."
1904,12514,10820,outside_corpus,Executive Order No. 10820,"Executive Order No. 10820 of May 18, 1959, is hereby revoked."
1905,12515,11888,outside_corpus,Executive Order No. 11888,"Section 1. In order to take into account the changes made by the Trade and Tariff Act of 1984, Annex II of Executive Order No. 11888 of November 24, 1975, as amended, listing articles that are eligible for benefits of the GSP when imported from any designated beneficiary developing country, is further amended as set forth in Annex 1 to this Order."
1905,12515,11888,outside_corpus,Executive Order No. 11888,"Sec. 2. Annex III of Executive Order No. 11888, as amended, listing articles that are eligible for benefits of the GSP when imported from all designated beneficiary countries except those specified in general headnote 3(c)(iii) of the TSUS, is further amended as set forth in Annex II to this Order."
1907,12512,12348,outside_corpus,Executive Order No. 12348,"Sec. 4. Executive Order No. 12348 of February 25, 1982, is hereby revoked."
1911,12507,12435,outside_corpus,Executive Order No. 12435,"By the authority vested in me as President by the Constitution and laws of the United States of America, including the Federal Advisory Committee Act, as amended (5 U.S.C. App. I), it is hereby ordered that Section 4(b) of Executive Order No. 12435, establishing the President's Commission on Organized Crime, is amended to provide as follows:"
1921,12498,12291,outside_corpus,Executive Order No. 12291,"Section 1. General Requirements. (a) There is hereby established a regulatory planning process by which the Administration will develop and publish a Regulatory Program for each year. To implement this process, each Executive agency subject to Executive Order No. 12291 shall submit to the Director of the Office of Management and Budget (OMB) each year, starting in 1985, a statement of its regulatory policies, goals, and objectives for the coming year and information concerning all significant regulatory actions underway or planned; however, the Director may exempt from this Order such agencies or activities as the Director may deem appropriate in order to achieve the effective implementation of this Order."
1921,12498,12291,outside_corpus,Executive Order No. 12291,"(c) This program is intended to complement the existing regulatory planning and review procedures of agencies and the Executive branch, including the procedures established by Executive Order No. 12291."
1921,12498,12291,outside_corpus,Executive Order No. 12291,"(d) To assure consistency with the goals of the Administration, the head of each agency subject to this Order shall adhere to the regulatory principles stated in Section 2 of Executive Order No. 12291, including those elaborated by the regulatory policy guidelines set forth in the August 11, 1983, Report of the Presidential Task Force on Regulatory Relief, ""Reagan Administration Regulatory Achievements."""
1921,12498,12291,outside_corpus,Executive Order No. 12291,"(c) After development of the Administration's Regulatory Program for the year, if the agency head proposes to take a regulatory action subject to the provisions of Section 2 and not previously submitted for review under this process, or if the agency head proposes to take a regulatory action that is materially different from the action described in the agency's final Regulatory Program, the agency head shall immediately advise the Director and submit the action to the Director for review in such format as the Director may specify. Except in the case of emergency situations, as defined by the Director, or statutory or judicial dead, lines, the agency head shall refrain from taking the proposed regulatory action until the review of this submission by the Direr, tor is completed. As to those regulatory actions not also subject to Executive Order No. 12291, the Director shall be deemed to have concluded that the proposal is consistent with the purposes of this Order, unless he notifies the agency head to the contrary within 10 days of its submission. As to those regulatory actions subject to Executive Order No. 12291, the Director's review shall be governed by the provisions of Section 3(e) of that Order."
1921,12498,12291,outside_corpus,Executive Order No. 12291,"(c) After development of the Administration's Regulatory Program for the year, if the agency head proposes to take a regulatory action subject to the provisions of Section 2 and not previously submitted for review under this process, or if the agency head proposes to take a regulatory action that is materially different from the action described in the agency's final Regulatory Program, the agency head shall immediately advise the Director and submit the action to the Director for review in such format as the Director may specify. Except in the case of emergency situations, as defined by the Director, or statutory or judicial dead, lines, the agency head shall refrain from taking the proposed regulatory action until the review of this submission by the Direr, tor is completed. As to those regulatory actions not also subject to Executive Order No. 12291, the Director shall be deemed to have concluded that the proposal is consistent with the purposes of this Order, unless he notifies the agency head to the contrary within 10 days of its submission. As to those regulatory actions subject to Executive Order No. 12291, the Director's review shall be governed by the provisions of Section 3(e) of that Order."
1921,12498,12291,outside_corpus,Executive Order No. 12291,"(d) Absent unusual circumstances, such as new statutory or judicial requirements or unanticipated emergency situations, the Director may, to the extent permitted by law, return for reconsideration any rule submitted for review under Executive Order No. 12291 that would be subject to Section 2 but was not included in the agency's final Regulatory Program for that year; or any other significant regulatory action that is materially different from those described in the Administration's Regulatory Program for that year."
1922,12497,12462,outside_corpus,Executive Order No. 12462,"By the authority vested in me as President by the Constitution and laws of the United States of America, including the Federal Advisory Committee Act, as amended (5 U.S.C. App. I), and in order to extend the life of the President's Advisory Committee on Mediation and Conciliation, it is hereby ordered that Section 4(b) of Executive Order No. 12462 of February 17, 1984, is amended to read: ""The Committee shall terminate on September 30, 1985, unless sooner extended."""
1930,12489,12190,outside_corpus,Executive Order No. 12190,(a) Advisory Committee on Small and Minority Business Ownership; Executive Order No. 12190 (Small Business Administration).
1930,12489,12216,outside_corpus,Executive Order No. 12216,(f) President's Committee on the International Labor Organization; Executive Order No. 12216 (Department of Labor).
1930,12489,12345,outside_corpus,Executive Order No. 12345,"(i) President's Council on Physical Fitness and Sports; Executive Order No. 12345, as amended (Department of Health and Human Services)."
1930,12489,12395,outside_corpus,Executive Order No. 12395,"Sec. 2. The following advisory committee is continued until December 31, 1984: International Private Enterprise Task Force; Executive Order No. 12395 (Agency for International Development)."
1936,12483,11888,outside_corpus,Executive Order No. 11888,"Sec. 2. Annex III of Executive Order No. 11888 of November 24, 1975, as amended, listing articles that are eligible for benefits of the GSP when imported from all designated beneficiary developing countries except those specified in general headnote 3(c)(iii) of the TSUS, is further amended by deleting item 706.39."
1943,12476,12421,outside_corpus,Executive Order No. 12421,"By the authority vested in me as President by the Constitution and laws of the United States of America, including the Federal Advisory Committee Act, as amended (5 U.S.C. App. I), it is hereby ordered that Executive Order No. 12421 of May 12, 1983, is amended as follows:"
1947,12472,12046,outside_corpus,Executive Order No. 12046,"(1) Consult, as appropriate, with the Director of the Office of Management and Budget; the Director of the Federal Emergency Management Agency with respect to the emergency management responsibilities assigned pursuant to Executive Order No. 12148, as amended; the Secretary of Commerce, with respect to responsibilities assigned pursuant to Executive Order No. 12046; the Secretary of Defense, with respect to communications security responsibilities assigned pursuant to Executive Order No. 12333; and the Chairman of the Federal Communications Commission or his authorized designee; and"
1947,12472,12046,outside_corpus,Executive Order No. 12046,"(5) Consult, consistent with the provisions of Executive Order No. 12046, as amended, and in conjunction with the Manager of the NCS, with the Federal Communications Commission regarding execution of responsibilities assigned by this Order;"
1947,12472,12046,outside_corpus,Executive Order No. 12046,"(1) Sections 2-414, 4-102, 4-103, 4-202, 4-302, 5-3, and 6-101 of Executive Order No. 12046, as amended, are revoked;"
1947,12472,12046,outside_corpus,Executive Order No. 12046,"(3) Section 2-411 of Executive Order No. 12046, as amended, is further amended by deleting the period and inserting "", except as otherwise provided by Executive Order No. ""and inserting the number assigned to this Order."
1948,12471,11888,outside_corpus,Executive Order No. 11888,"Sec. 2. Annex II of Executive Order No. 11888, as amended, listing articles that are eligible for benefits of the GSP when imported from any designated beneficiary developing country, is amended by substituting therefor the new Annex II to this Order."
1948,12471,11888,outside_corpus,Executive Order No. 11888,"Sec. 3. Annex III of Executive Order No. 11888, as amended, listing articles that are eligible for benefits of the GSP when imported from all designated beneficiary countries except those specified in General Headnote 3(c)(iii) of the TSUS, is amended by substituting therefor the new Annex III to this Order."
1949,12470,12214,outside_corpus,Executive Order No. 12214,"Section 1. Notwithstanding the expiration of the Export Administration Act of 1979, as amended (50 U.S.C. App. 2401 et seq.), the provisions of that Act, the provisions for administration of that Act and the delegations of authority set forth in Executive Order No. 12002 of July 7, 1977 and Executive Order No. 12214 of May 2, 1980, shall, to the extent permitted by law, be incorporated in this Order and shall continue in full force and effect."
1959,12460,12383,outside_corpus,Executive Order No. 12383,"By the authority vested in me as President by the Constitution of the United States and by Chapter 47 of Title 10 of the United States Code (the Uniform Code of Military Justice), in order to prescribe amendments to the Manual for Courts-Martial, United States, 1969 (Revised edition), prescribed by Executive Order No. 11476, as amended by Executive Order No. 11835, Executive Order No. 12018, Executive Order No. 12198, Executive Order No. 12233, Executive Order No. 12306, Executive Order No. 12315, Executive Order No. 12340, and Executive Order No. 12383, it is hereby ordered as follows:"
1960,12459,11888,outside_corpus,Executive Order No. 11888,"Sec. 2. Annex II of Executive Order No. 11888 of November 24, 1975, as amended, listing articles that are eligible for benefits of the GSP when imported from any designated beneficiary country, is amended as follows:"
1960,12459,11888,outside_corpus,Executive Order No. 11888,"Sec. 3. Annex Ill of Executive Order No. 11888, as amended, listing articles that are eligible for benefits of the GSP when imported from all designated beneficiary developing countries except those specified in general headnote 3(c)(iii) of the TSUS, is amended as follows:"
1961,12458,12163,outside_corpus,Executive Order No. 12163,"Section 1. Section 1-201(a) of Executive Order No. 12163, as amended, is further amended by inserting the following new subparagraphs at the end thereof:"
1961,12458,12163,outside_corpus,Executive Order No. 12163,"Sec. 2. Section 1-301 of Executive Order No. 12163, as amended, is further amended as follows:"
1961,12458,12163,outside_corpus,Executive Order No. 12163,"Sec. 3. Section 1-801 of Executive Order No. 12163, as amended, is further amended as follows:"
1963,12456,12387,outside_corpus,Executive Order No. 12387,"Sec. 6. Executive Order No. 12387 of October 8, 1982, is superseded."
1967,12452,9708,outside_corpus,Executive Order No. 9708,"Sec. 2. Executive Order No. 9708 of March 26, 1946, Executive Order No. 10532 of May 28, 1954, and Executive Order No. 11070 of December 12, 1962, are hereby revoked."
1968,12451,12214,outside_corpus,Executive Order No. 12214,"Sec. 2. The revocation of Executive Order No. 12444 shall not affect any violation of any rules, regulations, orders, licenses and other forms of administrative action under that Order which occurred during the period that Order was in effect. All rules and regulations issued or continued in effect under the authority of the IEEPA and that Order, including those published in Title 15, Chapter Ill, Subchapter C, of the Code of Federal Regulations, Parts 368 to 399 inclusive, and all orders, regulations, licenses and other forms of administrative action issued, taken or continued in effect pursuant thereto, shall remain in full force and effect, as if issued, taken or continued in effect pursuant to the Act until amended or revoked by the proper authority. Nothing in this Order shall affect the continued applicability of the provision for the administration of the Act and delegations of authority set forth in Executive Order No. 12002 of July 7, 1977 and Executive Order No. 12214 of May 2, 1980."
1975,12444,12214,outside_corpus,Executive Order No. 12214,"Section 1. Notwithstanding the expiration of the Export Administration Act of 1979, as amended (50 U.S.C. App. 2401 et seq.), the provisions of that Act, the provisions for administration of that Act and delegations of authority set forth in Executive Order No. 12002 of July 7, 1977 and Executive Order No. 12214 of May 2, 1980, shall, to the extent permitted by law, be incorporated in this Order and shall continue in full force and effect."
1978,12441,11888,outside_corpus,Executive Order No. 11888,"Sec. 2. Annex II of Executive Order No. 11888 of November 24, 1975, as amended, listing articles that are eligible for benefits of the GSP when imported from any designated beneficiary developing country is further amended by deleting TSUS item 304.58 and by inserting in numerical sequence TSUS item 544.41."
1978,12441,11888,outside_corpus,Executive Order No. 11888,"Sec. 3. Annex III of Executive Order No. 11888, as amended, listing articles that are eligible for benefits of the GSP when imported from all designated beneficiary countries except those specified in General Headnote 3(c)(iii) of the TSUS, is further amended by deleting item 544.41 therefrom."
1982,12437,12217,outside_corpus,Executive Order No. 12217,"By the authority vested in me as President by the Constitution and statutes of the United States of America, and in order to eliminate unnecessary administrative burdens and costs associated with the conversion of certain Federal powerplants to alternative sources of fuel, as required by the Powerplant and Industrial Fuel Use Act of 1978 (92 Stat. 3289), it is hereby ordered that Executive Order No. 12217 is revoked."
1988,12431,12154,outside_corpus,Executive Order No. 12154,"By the authority vested in me as President of the United States of America by Section 5317 of Title 5 of the United States Code, in order to place an additional position in level IV of the Executive Schedule, Section 1-101 of Executive Order No. 12154, as amended, is further amended by adding thereto the following new subsection:"
1995,12424,12400,outside_corpus,Executive Order No. 12400,"By the authority vested in me as President by the Constitution and laws of the United States of America, including the Federal Advisory Committee Act, as amended (5 U.S.C. App. I), it is hereby ordered that Executive Order No. 12400, as amended, establishing the President's Commission on Strategic Forces, is hereby further amended as follows:"
1996,12423,12163,outside_corpus,Executive Order No. 12163,"Section 1. Section 1-301(b)of Executive Order No. 12163, as amended, is further amended by deleting ""and 635(g)"" and inserting in lieu thereof ""635(g), and 636(i)""."
1996,12423,11958,outside_corpus,Executive Order No. 11958,"Sec. 2. Section l(d) of Executive Order No. 11958, as amended, is further amended to provide as follows: ""Those under Sections 22(a), 29 and 30 of the Act to the Secretary of Defense."""
1997,12422,12154,outside_corpus,Executive Order No. 12154,"By the authority vested in me as President of the United States of America by Section 5317 of Title 5 of the United States Code, in order to place an additional position in level IV of the Executive Schedule, Section 1-101 of Executive Order No. 12154, as amended, is further amended by adding thereto the following new subsection:"
2003,12416,12372,outside_corpus,Executive Order No. 12372,"Section 1. The preamble to Executive Order No. 12372 of July 14, 1982 is hereby amended by inserting, after the words ""42 U.S.C. 4231(a))"", the following phrase: "", Section 204 of the Demonstration Cities and Metropolitan Development Act of 1966 (42 U.S.C. 3334)""."
2003,12416,12372,outside_corpus,Executive Order No. 12372,"Sec. 2. Section 5(b) of Executive Order No. 12372 is amended by deleting ""April 30, 1983"" and inserting in its place ""September 30, 1983."""
2003,12416,12372,outside_corpus,Executive Order No. 12372,"Sec. 3. Section 8 of Executive Order No. 12372 is amended by deleting ""within two years"" and inserting in its place ""by September 30, 1984""."
2006,12413,11888,outside_corpus,Executive Order No. 11888,"Sec. 2. Annex II of Executive Order No. 11888 of November 24, 1975, as amended, listing articles that are eligible for benefits of the GSP when imported from any designated beneficiary developing country, is amended by substituting therefor the new Annex II attached hereto and made a part hereof."
2006,12413,11888,outside_corpus,Executive Order No. 11888,"Sec. 3. Annex III of Executive Order No. 11888, as amended, listing articles that are eligible for benefits of the GSP when imported from all designated beneficiary countries except those specified in General Headnote 3(e)(iii) of the TSUS, is amended by substituting therefor the new Annex III, attached hereto and made a part hereof."
2006,12413,12389,outside_corpus,Executive Order No. 12389,"Sec. 9. In order to correct a typographical error in Executive Order No. 12389 of October 25, 1982, Annex II thereto is amended by deleting ""effective September, 1982"" from footnote 4 and inserting in lieu thereof ""effective October 30, 1982."" This amendment is effective with respect to articles both: (1) imported on or after January 1, 1976, and (2) entered, or withdrawn from warehouse for consumption, on or after October 30, 1982."
2006,12413,11888,outside_corpus,Executive Order No. 11888,"Sec. 10. (a) The deletion, from Annex II of Executive Order No. 11888, as amended, and as further amended by Section 2 of this Order, of TSUS items 642.30, 726.60, 726.62, and 737.45, and the insertion in such Annex II of items 535.13, 642.31, 642.34, and 737.42; the deletion, from Annex III of Executive Order No. 11888, as amended, and as further amended by Section 3 of this Order, of TSUS item 737.50, and the insertion in such Annex III of items 737.43, 737.47, 737.49, and 737.51; and the deletion, from General Headnote 3(c)(iii) of the TSUS as modified by Section 4 of this Order, of ""737.50 .... Hong Kong"", and the insertion in such headnote of the following:"
2006,12413,11888,outside_corpus,Executive Order No. 11888,"Sec. 10. (a) The deletion, from Annex II of Executive Order No. 11888, as amended, and as further amended by Section 2 of this Order, of TSUS items 642.30, 726.60, 726.62, and 737.45, and the insertion in such Annex II of items 535.13, 642.31, 642.34, and 737.42; the deletion, from Annex III of Executive Order No. 11888, as amended, and as further amended by Section 3 of this Order, of TSUS item 737.50, and the insertion in such Annex III of items 737.43, 737.47, 737.49, and 737.51; and the deletion, from General Headnote 3(c)(iii) of the TSUS as modified by Section 4 of this Order, of ""737.50 .... Hong Kong"", and the insertion in such headnote of the following:"
2013,12406,12400,outside_corpus,Executive Order No. 12400,"By the authority vested in me as President by the Constitution and laws of the United States of America, and specifically the Federal Advisory Committee Act, as amended (5 U.S.C. App. I), it is hereby ordered that Executive Order No. 12400, establishing the President's Commission on Strategic Forces, is amended as follows:"
2040,12379,12071,outside_corpus,Executive Order No. 12071,"Section 1. Executive Order No. 12071, as amended, establishing the President's Commission on Pension Policy, is revoked."
2040,12379,11256,outside_corpus,Executive Order No. 11256,"Sec. 18. Executive Order No. 11256, establishing the President's Committee on Food and Fiber and establishing the National Advisory Commission on Food and Fiber, is revoked."
2044,12375,11912,outside_corpus,Executive Order No. 11912,"By the authority vested in me as President by the Constitution and statutes of the United States of America, including the Motor Vehicle Information and Cost Savings Act, as amended (15 U.S.C. 1901 et seq.), and Section 301 of Title 3 of the United States Code, it is hereby ordered that Section i of Executive Order No. 11912, as amended, is further amended to read as follows:"
2048,12371,11888,outside_corpus,Executive Order No. 11888,"Sec. 2. Annex II of Executive Order No. 11888 of November 24, 1975, as amended, listing articles that are eligible for benefits of the GSP when imported from any designated beneficiary developing country is amended by adding in numerical sequence TSUS item numbers 688.32 and 688.34 created by Annex I of this Order, and by deleting TSUS items 688.35 and 688.44."
2048,12371,11888,outside_corpus,Executive Order No. 11888,"Sec. 3. Annex III of Executive Order No. 11888, as amended, listing articles that are eligible for benefits of the GSP when imported from all designated beneficiary developing countries except those specified in General Headnote 3(c)(iii) of the TSUS, is amended by deleting TSUS item 688.45 therefrom and inserting in lieu thereof TSUS item 688.43."
2053,12366,12323,outside_corpus,Executive Order No. 12323,"By the authority vested in me as President of the United States of America, and in accordance with the Federal Advisory Committee Act, as amended (5 U.S.C. App. 1), in order to permit an increase in the membership of the Presidential Commission on Broadcasting to Cuba by one member, Section l(b) of Executive Order No. 12323 of September 22, 1981, is hereby amended to read as follows:"
2054,12365,12163,outside_corpus,Executive Order No. 12163,"Section 1. Executive Order No. 12163, as amended, entitled ""Administration of Foreign Assistance and Related Functions,"" is further amended as follows:"
2054,12365,11958,outside_corpus,Executive Order No. 11958,"Sec. 2. Executive Order No. 11958, as amended, entitled ""Administration of Arms Export Controls,"" is further amended as follows:"
2065,12354,11888,outside_corpus,Executive Order No. 11888,"Sec. 2. Annex II of Executive Order No. 11888 of November 24, 1975, as amended, listing articles that are eligible for benefits of the GSP when imported from any designated beneficiary developing country, is amended by substituting therefor the new Annex II attached hereto and made a part hereof."
2065,12354,11888,outside_corpus,Executive Order No. 11888,"Sec. 3. Annex III of Executive Order No. 11888, as amended, listing articles that are eligible for benefits of the GSP when imported from all designated beneficiary countries except those specified in General Headnote 3(c)(iii) of the TSUS, is amended by substituting therefor the new Annex III, attached hereto and made a part hereof."
2070,12349,11888,outside_corpus,Executive Order No. 11888,"By virtue of the authority vested in me by the Constitution and statutes of the United States of America, including Title V of the Trade Act of 1974 (88 Stat. 2066, 19 U.S.C. 2461 et seq.) as amended, and Section 604 of the Trade Act of 1974 (88 Stat. 2073, 19 U.S.C. 2483), and as President of the United States of America, in order to make technical corrections in Executive Order No. 11888, of November 24, 1975, as amended, and to make conforming modifications to the Tariff Schedules of the United States (TSUS) (19 U.S.C. 1202), it is hereby ordered as follows:"
2070,12349,11888,outside_corpus,Executive Order No. 11888,"Section 1. Annex II of Executive Order No. 11888 of November 24, 1975, as amended, listing articles that are eligible for benefits of the GSP when imported from any designated beneficiary developing country, is further amended by deleting items 306.52, 385.45, 606.11, and 687.65 and adding item 687.72, in numerical sequence."
2076,12343,10839,outside_corpus,Executive Order No. 10839,Sec. 3. Executive Order No. 10839 is revoked.
2077,12342,11643,outside_corpus,Executive Order No. 11643,"By virtue of the authority vested in me as President by the Constitution and statutes of the United States of America, and in order to permit effective predator control with environmental safeguards under Federal statutory programs, Executive Order No. 11643, as amended, is hereby revoked."
2099,12321,12163,outside_corpus,Executive Order No. 12163,"Section I. Section 1-701(d) of Executive Order No. 12163 of September 29, 1979, is amended by deleting ""515(f),""."
2099,12321,11958,outside_corpus,Executive Order No. 11958,"Sec. 2. Section l(d) of Executive Order No. 11958 of January 18, 1977, is amended to read as follows: ""Those under Sections 22(a) and 29 of the Act to the Secretary of Defense.""."
2100,12319,11658,outside_corpus,Executive Order No. 11658,"(5) Executive Order No. 11658, as amended, which established the Missouri River Basin Commission."
2101,12318,10253,outside_corpus,Executive Order No. 10253,"Sec. 2. Executive Order No. 10253 of July 11, 1951, as amended, is further amended as follows:"
2103,12316,12291,outside_corpus,Executive Order No. 12291,"(b) The functions vested in the President by Section 108(a) of the Act are delegated to the Federal Maritime Commission. Notwithstanding Section l(d) of Executive Order No. 12291, the regulations issued pursuant to this authority shall be issued in accordance with that Order. The Commission shall be responsible, in accord with Section 109 of the Act, for the enforcement of civil penalties for violations of the regulations issued under Section 108(a) of the Act."
2108,12311,11888,outside_corpus,Executive Order No. 11888,"Sec. 2. Annex II of Executive Order No. 11888 of November 24, 1975, as amended, listing articles that are eligible for benefits of the GSP when imported from any designated beneficiary developing country is amended:"
2108,12311,11888,outside_corpus,Executive Order No. 11888,"Sec. 3. Annex Ill of Executive Order No. 11888, as amended, listing articles that are eligible for benefits of the GSP when imported from all designated beneficiary countries except those specified in General Headnote 3(c)(iii) of the TSUS, is amended by deleting TSUS items 603.45, 687.42, and 727.29 therefrom."
2114,12305,12059,outside_corpus,Executive Order No. 12059,"(a) Executive Order No. 12059 of May 11, 1978, as amended, establishing the United States Circuit Judge Nominating Commission;"
2114,12305,12064,outside_corpus,Executive Order No. 12064,"(d) Executive Order No. 12064 of June 5, 1978, establishing the United States Tax Court Nominating Commission."
2124,12294,12170,outside_corpus,Executive Order No. 12170,"By the authority vested in me as President by the Constitution and statutes of the United States, including Section 203 of the International Emergency Economic Powers Act (50 U.S.C. 1702), Section 301 of Title 3 of the United States Code, Section 1732 of Title 22 of the United States Code, and Section 301 of the National Emergencies Act (50 U.S.C. 1631), in view of the continuing unusual and extraordinary threat to the national security, foreign policy and economy of the United States upon which were based the declarations of national emergency in Executive Order No. 12170, issued November 14, 1979, and in Executive Order No. 12211, issued April 17, 1980, in light of the agreement with the Government of Iran, as reflected in the Declarations of the Government of the Democratic and Popular Republic of Algeria dated January 19, 1981, relating to the release of United States diplomats and nationals being held as hostages and to the resolution of claims of United States nationals against Iran, in order to implement Article II of the Declaration of Algeria concerning the settlement of claims and to begin the process of normalization of relations between the United States and Iran, it is hereby ordered that as of the effective date of this Order:"
2127,12292,9154,outside_corpus,Executive Order No. 9154,"Section 1. Section l(k) of Executive Order No. 9154, as amended, is amended by inserting immediately before the period at the end thereof a comma and the words ""or under authority of section 303 of the Foreign Service Act of 1980 (22 U.S.C. 3943)""."
2127,12292,10471,outside_corpus,Executive Order No. 10471,Sec. 2. Section 1 of Executive Order No. 10471 is amended as follows:
2127,12292,10624,outside_corpus,Executive Order No. 10624,"Sec. 3. Section 2 of Executive Order No. 10624, as amended, is amended as follows:"
2127,12292,12163,outside_corpus,Executive Order No. 12163,Sec. 8. Executive Order No. 12163 is amended as follows:
2127,12292,9452,outside_corpus,Executive Order No. 9452,"(a) Executive Order No. 9452 of June 26, 1944;"
2127,12292,9799,outside_corpus,Executive Order No. 9799,"(b) Executive Order No. 9799 of November 8, 1946;"
2127,12292,9837,outside_corpus,Executive Order No. 9837,"(c) Executive Order No. 9837 of March 27, 1947;"
2127,12292,10249,outside_corpus,Executive Order No. 10249,"(e) Executive Order No. 10249 of June 4, 1951;"
2127,12292,11636,outside_corpus,Executive Order No. 11636,"(j) Executive Order No. 11636 of December 17, 1971;"
2128,12290,12264,outside_corpus,Executive Order No. 12264,"By the authority vested in me as President by the Constitution of the United States of America, and in order to ensure that the Export Administration Act of 1979 is implemented with the minimum regulatory burden, Executive Order No. 12264 of January 15, 1981, entitled ""On Federal Policy Regarding the Export of Banned or Significantly Restricted Substances,"" is hereby revoked."
2132,12287,12038,outside_corpus,Executive Order No. 12038,"By the authority vested in me as President by the Constitution and statutes of the United States of America, including the Emergency Petroleum Allocation Act of 1973, as amended (15 U.S.C. 751 et seq.), and notwithstanding the delegations to the Secretary of Energy in Executive Order No. 11790 as amended by Executive Order No. 12038, and in order to provide for an immediate and orderly decontrol of crude oil and refined petroleum products, it is hereby ordered as follows:"
2132,12287,12038,outside_corpus,Executive Order No. 12038,"Sec. 3. The Secretary of Energy may, pursuant to Executive Order No. 11790, as amended by Executive Order No. 12038, adopt such regulations and take such actions as he deems necessary to implement this Order, including the promulgation of entitlements notices for periods prior to this Order and the establishment of a mechanism for entitlements adjustments for periods prior to this Order."
2134,12276,12170,outside_corpus,Executive Order 12170,"By the authority vested in me as President by the Constitution and statutes of the United States, including Section 203 of the International Emergency Economic Powers Act (50 U.S.C. 1702), Section 301 of Title 3 of the United States Code, Section 1732 of Title 22 of the United States Code, and Section 301 of the National Emergencies Act (50 U.S.C. 1631), in view of the continuing unusual and extraordinary threat to the national security, foreign policy and economy of the United States upon which I based my declarations of national emergency in Executive Order 12170, issued November 14, 1979, and in Executive Order 12211, issued April 17, 1980, in order to implement agreements with the Government of Iran, as reflected in Declarations of the Government of the Democratic and Popular Republic of Algeria dated January 19, 1981, relating to the release of U.S. diplomats and nationals being held as hostages and to the resolution of claims of United States nationals against Iran, and to begin the process of normalization of relations between the United States and Iran, it is hereby ordered that as of the effective date of this Order:"
2135,12282,12170,outside_corpus,Executive Order 12170,"By the authority vested in me as President by the Constitution and statutes of the United States, including Section 203 of the International Emergency Economic Powers Act (50 U.S.C. 1702), Section 301 of Title 3 of the United States Code, Section 1732 of Title 22 of the United States Code, and Section 301 of the National Emergencies Act (50 U.S.C. 1631 ), in view of the continuing unusual and extraordinary threat to the national security, foreign policy and economy of the United States upon which I based my declarations of national emergency in Executive Order 12170, issued November 14, 1979, and in Executive Order 12211, issued April 17, 1980, in order to implement agreements with the Government of Iran, as reflected in Declarations of the Government of the Democratic and Popular Republic of Algeria dated January 19, 1981, relating to the release of U.S. diplomats and nationals being held as hostages and to the resolution of claims of United States nationals against Iran, and to begin the process of normalization of relations between the United States and Iran, it is hereby ordered that as of the effective date of this Order:"
2137,12281,12170,outside_corpus,Executive Order 12170,"By the authority vested in me as President by the Constitution and statutes of the United States, including Section 203 of the International Emergency Economic Powers Act (50 U.S.C. 1702), Section 301 of Title 3 of the United States Code, Section 1732 of Title 22 of the United States Code, and Section 301 of the National Emergencies Act (50 U.S.C. 1631), in view of the continuing unusual and extraordinary threat to the national security, foreign policy and economy of the United States upon which I based my declarations of national emergency in Executive Order 12170, issued November 14, 1979, and in Executive Order 12211, issued April 17, 1980, in order to implement agreements with the Government of Iran, as reflected in Declarations of the Government of the Democratic and Popular Republic of Algeria dated January 19, 1981, relating to the release of U.S. diplomats and nationals being held as hostages and to the resolution of claims of United States nationals against Iran, and to begin the process of normalization of relations between the United States and Iran and in which Iran and the United States instruct and require that the assets described in this Order shall be transferred as set forth below by the holders of such assets, it is hereby ordered that as of the effective date of this Order:"
2138,12284,12170,outside_corpus,Executive Order 12170,"By the authority vested in me as President by the Constitution and statutes of the United States, including Section 203 of the International Emergency Economic Powers Act (50 U.S.C. 1702), Section 301 of Title 3 of the United States Code, Section 1732 of Title 22 of the United States Code, and Section 301 of the National Emergencies Act (50 U.S.C. 1631), in view of the continuing unusual and extraordinary threat to the national security, foreign policy and economy of the United States upon which I based my declarations of national emergency in Executive Order 12170, issued November 14, 1979, and in Executive Order 12211, issued April 17, 1980, in order to implement agreements with the Government of Iran, as reflected in Declarations of the Government of the Democratic and Popular Republic of Algeria dated January 19, 1981, relating to the release of U.S. diplomats and nationals being held as hostages and to the resolution of claims of United States nationals against Iran, and to begin the process of normalization of relations between the United States and Iran, it is hereby ordered that as of the effective date of this Order:"
2139,12280,12170,outside_corpus,Executive Order 12170,"By the authority vested in me as President by the Constitution and statutes of the United States, including Section 203 of the International Emergency Economic Powers Act (50 U.S.C. 1702), Section 301 of Title 3 of the United States Code, Section 1732 of Title 22 of the United States Code, and Section 301 of the National Emergencies Act (50 U.S.C. 1631), in view of the continuing unusual and extraordinary threat to the national security, foreign policy and economy of the United States upon which I based my declarations of national emergency in Executive Order 12170, issued November 14, 1979, and in Executive Order 12211, issued April 17, 1980, in order to implement agreements with the Government of Iran, as reflected in Declarations of the Government of the Democratic and Popular Republic of Algeria dated January 19, 1981, relating to the release of U.S. diplomats and nationals being held as hostages and to the resolution of claims of United States nationals against Iran, and to begin the process of normalization of relations between the United States and Iran and in which Iran and the United States instruct and require that the assets described in this Order shall be transferred as set forth below by the holders of such assets, it is hereby ordered that as of the effective date of this Order:"
2140,12279,12170,outside_corpus,Executive Order 12170,"By the authority vested in me as President by the Constitution and statutes of the United States, including Section 203 of the International Emergency Economic Powers Act (50 U.S.C. 1702), Section 301 of Title 3 of the United States Code, Section 1732 of Title 22 of the United States Code, and Section 301 of the National Emergencies Act (50 U.S.C. 1631), in view of the continuing unusual and extraordinary threat to the national security, foreign policy and economy of the United States upon which I based my declarations of national emergency in Executive Order 12170, issued November 14, 1979, and in Executive Order 12211, issued April 17, 1980, in order to implement agreements with the Government of Iran, as reflected in Declarations of the Government of the Democratic and Popular Republic of Algeria dated January 19, 1981, relating to the release of U.S. diplomats and nationals being held as hostages and to the resolution of claims of United States nationals against Iran, and to begin the process of normalization of relations between the United States and Iran and in which Iran and the United States instruct and require that the assets described in this Order shall be transferred as set forth below by the holders of such assets, it is hereby ordered that as of the effective date of this Order:"
2141,12277,12170,outside_corpus,Executive Order 12170,"By the authority vested in me as President by the Constitution and statutes of the United States, including Section 203 of the International Emergency Economic Powers Act (50 U.S.C. 1702), Section 301 of Title 3 of the United States Code, Section 1732 of Title 22 of the United States Code, and Section 301 of the National Emergencies Act (50 U.S.A. 1631), in view of the continuing unusual and extraordinary threat to the national security, foreign policy and economy of the United States upon which I based my declarations of national emergency in Executive Order 12170, issued November 14, 1979, and in Executive Order 12211, issued April 17, 1980, in order to implement agreements with the Government of Iran, as reflected in Declarations of the Government of the Democratic and Popular Republic of Algeria dated January 19, 1981, relating to the release of U.S. diplomats and nationals being held as hostages and to the resolution of claims of United States nationals against Iran, and to begin the process of normalization of relations between the United States and Iran and in which Iran and the United States instruct and require that the assets described in this order shall be transferred as set forth below by the holders of such assets, it is hereby ordered that as of the effective date of this Order:"
2142,12278,12170,outside_corpus,Executive Order 12170,"By the authority vested in me as President by the Constitution and statutes of the United States, including Section 203 of the International Emergency Economic Powers Act (50 U.S.C. 1702), Section 301 of Title 3 of the United States Code, Section 1732 of Title 22 of the United States Code, and Section 301 of the National Emergencies Act (50 U.S.C. 1631), in view of the continuing unusual and extraordinary threat to the national security, foreign policy and economy of the United States upon which I based my declarations of national emergency in Executive Order 12170, issued November 14, 1979 and in Executive Order 12211, issued April 17, 1980, in order to implement agreements with the Government of Iran, as reflected in Declarations of the Government of the Democratic and Popular Republic of Algeria dated January 19, 1981, relating to the release of U.S. diplomats and nationals being held as hostages and to the resolution of claims of United States nationals against Iran, and to begin the process of normalization of relations between the United States and Iran and in which Iran and the United States instruct and require that the assets described in this Order shall be transferred as set forth below by the holders of such assets, it is hereby ordered that as of the effective date of this Order:"
2143,12283,12170,outside_corpus,Executive Order 12170,"By the authority vested in me as President by the Constitution and statutes of the United States, including Section 203 of the International Emergency Economic Powers Act (50 U.S.C. 1702), Section 301 of Title 3 of the United States Code, Section 1732 of Title 22 of the United States Code, and Section 301 of the National Emergencies Act (50 U.S.C. 1631), in view of the continuing unusual and extraordinary threat to the national security, foreign policy and economy of the United States upon which I based by declarations of national emergency in Executive Order 12170, issued November 14, 1979, and in Executive Order 12211, issued April 17, 1980, in order to implement agreements with the Government of Iran, as reflected in Declarations of the Government of the Democratic and Popular Republic of Algeria dated January 19, 1981, relating to the release of U.S. diplomats and nationals being held as hostages and to the resolution of claims of United States nationals against Iran, and to begin the process of normalization of relations between the United States and Iran, it is hereby ordered that as of the effective date of this Order:"
2149,12267,11888,outside_corpus,Executive Order No. 11888,"By the authority vested in me as President by the Constitution and statutes of the United States of America, including Title V and Section 604 of the Trade Act of 1974, as amended (19 U.S.C. 2461 et seq.; 19 U.S.C. 2483), and in order (1) to provide for the continuation, to the greatest extent possible, of preferential treatment under the Generalized System of Preferences (GSP) for articles which are currently eligible for such treatment from countries designated as beneficiary developing countries, notwithstanding the changes to the Tariff Schedules of the United States (TSUS) (19 U.S.C. 1202) which have resulted from the recent enactment of legislation, (2) to remove certain items from preferential treatment, (3) to make technical corrections to Executive Order No. 11888, of November 24, 1975, as amended, and (4) to make conforming modifications to the TSUS, it is hereby ordered as follows:"
2149,12267,11888,outside_corpus,Executive Order No. 11888,"1-102. Annex II of Executive Order No. 11888 of November 24, 1975, as amended, listing articles that are eligible for benefits of the GSP when imported from any designated beneficiary country is further amended as provided in the Annex to this Order."
2149,12267,11888,outside_corpus,Executive Order No. 11888,"1-103. Annex III of Executive Order No. 11888, as amended, listing articles that are eligible for benefits of the GSP when imported from all designated beneficiary countries except those specified in General Headnote 3 (c) (iii) of the TSUS, is further amended by deleting items 176.17 and 520.35 therefrom."
2160,12258,12059,outside_corpus,Executive Order No. 12059,"(i) United States Circuit Judge Nominating Commission; Executive Order No. 12059, as amended (Department of Justice)."
2160,12258,12064,outside_corpus,Executive Order No. 12064,(j) United States Tax Court Nominating Commission; Executive Order No. 12064 (Department of the Treasury).
2160,12258,12190,outside_corpus,Executive Order No. 12190,(n) Advisory Committee on Small and Minority Business Ownership; Executive Order No. 12190 (Small Business Administration).
2160,12258,12216,outside_corpus,Executive Order No. 12216,(p) President's Committee on the International Labor Organization; Executive Order No. 12216 (Department of Labor).
2160,12258,12054,outside_corpus,Executive Order No. 12054,"(b) Executive Order No. 12054, as amended, establishing the President's Commission on Foreign Language and International Studies."
2160,12258,12103,outside_corpus,Executive Order No. 12103,"(g) Executive Order No. 12103, as amended, establishing the President's Commission on the Coal Industry."
2160,12258,12157,outside_corpus,Executive Order No. 12157,"(i) Executive Order No. 12157, establishing the President's Management Improvement Council."
2160,12258,12110,outside_corpus,Executive Order No. 12110,1-104. Executive Order No. 12110 is superseded.
2182,12237,12154,outside_corpus,Executive Order No. 12154,"By the authority vested in me as President of the United States of America by Section 5317 of Title 5 of the United States Code, in order to place two new Deputy Under Secretary positions in level V of the Executive Schedule, Section 1102 of Executive Order No. 12154, as amended, is further amended by adding thereto the following new subsections:"
2183,12236,12154,outside_corpus,Executive Order No. 12154,"By the authority vested in me as President of the United States of America by Section 5317 of Title 5 of the United States Code, in order to delete two positions from and add one position to level IV of the Executive Schedule, Section 1-101 of Executive Order No. 12154, as amended, is hereby further amended as follows:"
2208,12211,12170,outside_corpus,Executive Order No. 12170,"By the authority vested in me as President by the Constitution and statutes of the United States, including Section 203 of the International Emergency Economic Powers Act (50 U.S.C. 1702), Section 301 of Title 3 of the United States Code, Sections 1732 and 2656 of Title 22 of the United States Code, and Section 301 of the National Emergencies Act (50 U.S.C. 1631), in order to take steps additional to those set forth in Executive Order No. 12170 of November 14, 1979, and Executive Order No. 12205 of April 7, 1980, to deal with the threat to the national security, foreign policy and economy of the United States referred to in those Orders, and the added unusual and extraordinary threat to the national security, foreign policy and economy of the United States created by subsequent events in Iran and neighboring countries, including the Soviet invasion of Afghanistan, with respect to which I hereby declare a national emergency, and to carry out the policy of the United States to deny the use of its resources to aid, encourage or give sanctuary to those persons involved in directing, supporting or participating in acts of international terrorism, it is hereby ordered as follows:"
2208,12211,12170,outside_corpus,Executive Order No. 12170,"1-103. The Secretary of the Treasury is hereby directed, effective fourteen days from the date of this Order, to revoke existing licenses for transactions by persons subject to the jurisdiction of the United States with Iran Air, the National Iranian Oil Company, and the National Iranian Gas Company previously issued pursuant to regulations under Executive Order No. 12170 or Executive Order No. 12205."
2208,12211,12170,outside_corpus,Executive Order No. 12170,"1-105. The Secretary of the Treasury shall ensure that actions taken by him pursuant to the above provisions of this Order, Executive Order No. 12170 and Executive Order No. 12205 are accounted for as required by Section 401 of the National Emergencies Act (50 U.S.C. 1641)."
2209,12210,11958,outside_corpus,Executive Order No. 11958,"By the authority vested in me as President of the United States of America by the Arms Export Control Act, as amended (22 U.S.C. 2751, et seq.), and Section 301 of Title 3 of the United States Code, it is hereby ordered that Executive Order No. 11958, as amended, is further amended, in order to make additional delegations of authority, as follows:"
2210,12209,12038,outside_corpus,Executive Order No. 12038,"By the authority vested in me as President by the Constitution and statutes of the United States of America, including the Emergency Petroleum Allocation Act of 1973, as amended (15 U.S.C. 751 et seq.), and notwithstanding the delegations to the Secretary of Energy in Executive Order No. 11790, as amended by Executive Order No. 12038, and in order to permit the conversion to new oil status of all old oil production from marginal oil wells effective April 1, 1980, it is hereby ordered that Executive Order No. 12187 of December 29, 1979, is amended to read as follows:"
2210,12209,12038,outside_corpus,Executive Order No. 12038,"""1-103. The Secretary of Energy may, pursuant to Executive Order No. 11790, as amended by Executive Order No. 12038, adopt such regulations as he deems necessary or appropriate to conform the crude oil pricing regulations to this Order.""."
2214,12205,12170,outside_corpus,Executive Order No. 12170,"By the authority vested in me as President by the Constitution and statutes of the United States, including Section 203 of the International Emergency Economic Powers Act (50 U.S.C. 1702), Section 301 of Title 3 of the United States Code, and Section 301 of the National Emergencies Act (50 U.S.C. 1631), in order to take steps additional to those set forth in Executive Order No. 12170 of November 14, 1979, to deal with the threat to the national security, foreign policy and economy of the United States referred to in that Order, and in furtherance of the objectives of United Nations Security Council Resolution 461 (1979) adopted on December 31, 1979, it is hereby ordered as follows:"
2214,12205,12170,outside_corpus,Executive Order No. 12170,1-104. The Secretary of the Treasury shall ensure that actions taken pursuant to this Order and Executive Order No. 12170 are accounted for as required by Section 401 of the National Emergencies Act (50 U.S.C. 1641).
2221,12199,12154,outside_corpus,Executive Order No. 12154,"By the authority vested in me as President of the United States of America by Section 5317 of Title 5 of the United States Code, it is hereby ordered that Section 1-101(e) of Executive Order No. 12154 of September 4, 1979 (placing certain positions in level IV of the Executive Schedule) is amended by deleting ""Deputy Adviser for Labor-Management, Council on Wage and Price Stability"" and substituting therefor ""Executive Director, White House Conference on Aging, Department of Health, Education, and Welfare.""."
2230,12189,12153,outside_corpus,Executive Order No. 12153,"By the authority vested in me as President by the Constitution and statutes of the United States of America, including the Emergency Petroleum Allocation Act of 1973, as amended (15 U.S.C. 751 et seq.), and in order to provide that certain oil is exempt from price controls on and after August 17, 1979, and that other oil is exempt on and after December 21, 1979, it is hereby ordered that Executive Order No. 12153 of August 17, 1979, as amended by Executive Order No. 12186 of December 21, 1979, is amended to read as follows:"
2230,12189,12038,outside_corpus,Executive Order No. 12038,"""1-104. The Secretary of Energy may, pursuant to Executive Order No. 11790, as amended by Executive Order No. 12038, adopt such regulations as he deems necessary to implement this Order.""."
2231,12188,11846,outside_corpus,Executive Order 11846,"(e) Sections 2(b) and 3(a), the first sentence of section 3(c), and sections 3 (e), 3(f), and 6 of Executive Order 11846 of March 27, 1975, as amended, are revoked."
2232,12187,12038,outside_corpus,Executive Order No. 12038,"By the authority vested in me as President by the Constitution and statutes of the United States of America, including the Emergency Petroleum Allocation Act of 1973, as amended (15 U.S.C. 751 et seq.), and notwithstanding the delegations to the Secretary of Energy in Executive Order No. 11790, as amended by Executive Order No. 12038, and in order to delay the decontrol of marginal oil wells, it is hereby ordered as follows:"
2232,12187,12038,outside_corpus,Executive Order No. 12038,"1-103. The Secretary of Energy may, pursuant to Executive Order No. 11790, as amended by Executive Order No. 12038, adopt such regulations as he deems necessary or appropriate to conform the crude oil pricing regulations to this Order."
2233,12186,12153,outside_corpus,Executive Order No. 12153,"By the authority vested in me as President by the Constitution and statutes of the United States of America, including the Emergency Petroleum Allocation Act of 1973, as amended (15 U.S.C. 751 et seq.), Executive Order No. 12153 is hereby amended by deleting Section 1-102, renumbering Section 1-103 as 1-102, and deleting in Section 1-101 the figure ""16.0° API"" and inserting in lieu thereof ""20.0° API.""."
2236,12183,11978,outside_corpus,Executive Order 11978,"(3) Executive Order 11978 of March 18, 1977 (42 FR 15403)."
2238,12181,11888,outside_corpus,Executive Order No. 11888,"SEC. 2. Annex II of Executive Order No. 11888, as amended, listing articles that are eligible for benefits of the GSP when imported from any designated beneficiary country is further amended by deleting item 652.99 and by adding items 145.08, 653.00, and 653.01 thereto."
2238,12181,11888,outside_corpus,Executive Order No. 11888,"SEC. 3. Annex III of Executive Order No. 11888, as amended, listing articles that are eligible for benefits of the GSP when imported from all designated beneficiary countries except those specified in General Headnote 3(c)(iii) of the TSUS, is further amended by deleting item 145.08 therefrom."
2238,12181,12124,outside_corpus,Executive Order 12124,"SEC. 5. The amendments made by Executive Order 12124 of February 28, 1979, with respect to TSUS items 680.55 and 680.56 shall be effective as to articles that are both (1) imported on or after January 1, 1976, and (2) entered, or withdrawn from warehouse, for consumption on or after October 21, 1978, and as to which the liquidations of the entries or withdrawals have not become final and conclusive under Section 514 of the Tariff Act of 1930 (19 U.S.C. 1514)."
2239,12180,11888,outside_corpus,Executive Order No. 11888,"SEC. 2. Annex II of Executive Order No. 11888 of November 24, 1975, as amended, listing articles that are eligible for benefits of the GSP when imported from any designated beneficiary developing country, is further amended as provided in Annex II, attached hereto and made a part hereof."
2239,12180,11888,outside_corpus,Executive Order No. 11888,"SEC. 3. Annex III of Executive Order No. 11888, as amended, listing articles that are eligible for benefits of the GSP when imported from all designated beneficiary countries except those specified in General Headnote 3(c)(iii) of the TSUS, is further amended as provided in Annex III, attached hereto and made a part hereof."
2258,12162,12140,outside_corpus,Executive Order No. 12140,"By the authority vested in me as President by the Constitution and statutes of the United States of America, including the Emergency Petroleum Allocation Act of 1973, as amended (15 U.S.C. 751 et seq.), Executive Order No. 12140 is hereby amended by deleting the first sentence in Sec. 1-105."
2264,12156,12121,outside_corpus,Executive Order No. 12121,"""Section 1-102 of Executive Order No. 12083, as amended by Executive Order No. 12121, is further amended by adding in alphabetical order ""(z) The Director of the Federal Emergency Management Agency"".""."
2264,12156,12038,outside_corpus,Executive Order No. 12038,"1-102. Section 1 (c) of Executive Order No. 12038 of February 3, 1978, is corrected and amended to read:"
2264,12156,11912,outside_corpus,Executive Order No. 11912,"""(c) Executive Order No. 11912, as amended, relating to energy policy and conservation, and Proclamation No. 3279, as amended, relating to imports of petroleum and petroleum products, are further amended by deleting' ""Administrator of the Federal Energy Administration"", ""Federal Energy Administration"", and ""Administrator"" (when used in reference to the Federal Energy Administration) wherever those terms appear and by substituting ""Secretary of Energy"", ""Department of Energy"", and ""Secretary"", respectively, and by deleting ""the Administrator of Energy Research and Development"" in Section 10(a) (l) of Executive Order No. 11912, as amended."""
2264,12156,11912,outside_corpus,Executive Order No. 11912,"""(c) Executive Order No. 11912, as amended, relating to energy policy and conservation, and Proclamation No. 3279, as amended, relating to imports of petroleum and petroleum products, are further amended by deleting' ""Administrator of the Federal Energy Administration"", ""Federal Energy Administration"", and ""Administrator"" (when used in reference to the Federal Energy Administration) wherever those terms appear and by substituting ""Secretary of Energy"", ""Department of Energy"", and ""Secretary"", respectively, and by deleting ""the Administrator of Energy Research and Development"" in Section 10(a) (l) of Executive Order No. 11912, as amended."""
2271,12148,11051,outside_corpus,Executive Order No. 11051,"5-109. Executive Order No. 11051, as amended, relating to responsibilities of the Office of Emergency Preparedness, is revoked."
2271,12148,11749,outside_corpus,Executive Order No. 11749,"5-113. Executive Order No. 11749, as amended, entitled ""Consolidating Disaster Relief Functions Assigned to the Secretary of Housing and Urban Development"", is revoked."
2271,12148,10582,outside_corpus,Executive Order No. 10582,"5-203. Section 3(d) of Executive Order No. 10582, as amended, which relates to determinations under the Buy American Act is amended by deleting ""Director of the Office of Emergency Planning"" and substituting therefor ""Director of the Federal Emergency Management Agency""."
2271,12148,11912,outside_corpus,Executive Order No. 11912,"5-206. Section 7 of Executive Order No. 11912, as amended, concerning energy policy and conservation, is further amended by deleting ""Administrator of General Services"" and substituting therefor ""Director of the Federal Emergency Management Agency""."
2271,12148,12046,outside_corpus,Executive Order No. 12046,"5-208. Section 5-3 of Executive Order No. 12046 of March 29, 1978, is amended by deleting ""General Services Administration"" and substituting therefor ""Federal Emergency Management Agency"" and by deleting ""Administrator of General Services"" and substituting therefor ""Director of the Federal Emergency Management Agency""."
2271,12148,12065,outside_corpus,Executive Order No. 12065,"5-209. Section 1-201 of Executive Order No. 12065 is amended by adding ""The Director of the Federal Emergency Management Agency"" after ""The Administrator, National Aeronautics and Space Administration"" and by deleting ""Director, Federal Preparedness Agency and to the"" from the parentheses after ""The Administrator of General Services""."
2271,12148,11658,outside_corpus,Executive Order No. 11658,"(e) Executive Order No. 11658, as amended, establishing the Missouri River Basin Commission."
2276,12144,12106,outside_corpus,Executive Order No. 12106,"1-101. Sections 1 and 2 of Reorganization Plan No. 1 of 1978 (43 FR 19807) shall become effective on July 1, 1979, with the exception of the transfer of functions from the Civil Service Commission, already effective January 1, 1979 (Executive Order No. 12106)."
2286,12133,12045,outside_corpus,Executive Order No. 12045,1-101. The Domestic Policy Staff has been assigned to assist the President in the performance of the drug policy functions transferred by Section 5C of Reorganization Plan No. 1 of 1977 (42 FR 56101 ). ( Section 2 (c) of Executive Order No. 12045.)
2291,12128,11636,outside_corpus,Executive Order No. 11636,1-101. Section 5 (a) of Executive Order No. 11636 is amended to read as follows:
2291,12128,11636,outside_corpus,Executive Order No. 11636,"1-102. In Section 2-101(b) of Executive Order No. 12107, the reference to Executive Order No. 11636 is deleted."
2291,12128,11636,outside_corpus,Executive Order No. 11636,1-103. Section 2(a) of Executive Order No. 11636 is amended to read as follows:
2292,12127,12046,outside_corpus,Executive Order No. 12046,"(b) There was also transferred from the Department of Commerce any function concerning the Emergency Broadcast System which was transferred to the Secretary of Commerce by Section 5B of Reorganization Plan No. 1 of 1977 (42 FR 56101; implemented by Executive Order No. 12046 of March 27, 1978). (Section 203 of the Plan.)"
2292,12127,12046,outside_corpus,Executive Order No. 12046,"1-105. The functions transferred from the President are those concerning the Emergency Broadcast System which were transferred to the President by Section 5 of Reorganization Plan No. 1 of 1977 (42 FR 56101; implemented by Executive Order No. 12046 of March 27, 1978). (Section 203 of the Plan.)"
2306,12113,9384,outside_corpus,Executive Order No. 9384,"1-109. Executive Order No. 9384 of October 4, 1943, as amended, is revoked."
2311,12107,11491,outside_corpus,Executive Order No. 11491,"1-402. The Federal Service Impasses Panel. The continuation of the Federal Service Impasses Panel established under Executive Order No. 11491, as amended, as a distinct organizational entity within the Federal Labor Relations Authority as provided in Section 303 of Reorganization Plan No. 2 of 1978, shall be effective on January 1, 1979."
2311,12107,11491,outside_corpus,Executive Order No. 11491,"2-301. Labor Management Relations. Executive Order No. 11491 of October 29, 1969, as amended by Executive Orders numbered 11616, 11636, 11838, 11901, and 12027, relating to labor-management relations in the Federal service, is further amended as follows:"
2319,12100,12071,outside_corpus,Executive Order No. 12071,"1-101. In order to ratify and reflect the actual effective date of the functioning of the activities of the Commission, Section 1-403 of Executive Order No. 12071 is amended to read ""This Order shall be effective on September 21, 1978.""."
2319,12100,12071,outside_corpus,Executive Order No. 12071,"1-202. In order to ratify and reflect that the Chairman may appoint necessary staff, Section 1-304 of Executive Order No. 12071 is amended to read as follows:"
2322,12097,12059,outside_corpus,Executive Order 12059,"1-301. Section 3(b) of Executive Order 12059 of May 11, 1978 is amended to read as follows:"
2322,12097,12097,not_earlier,Executive Order 12097,"""(b) The Panel for the District of Columbia Circuit shall have the additional function of recommending nominees for the United States District Court for the District of Columbia. In exercising this function, the panel shall use the standards set forth in Executive Order 12097 and shall forward its recommendations to the Attorney General.""."
2322,12097,12097,not_earlier,Executive Order 12097,"""1-203. In evaluating potential nominees, the Commission shall use the standards prescribed in Executive Order 12097.""."
2329,12090,12054,outside_corpus,Executive Order No. 12054,"By the authority vested in me as President by the Constitution and statutes of the United States of America, in order to extend for five months the life of the President's Commission on Foreign Language and International Studies, Section 4 of Executive Order No. 12054 of April 21, 1978, is amended to read as follows:"
2340,12079,10536,outside_corpus,Executive Order No. 10536,"SEC. 2. Executive Order No. 10536 of June 9, 1954, as amended, is revoked."
2369,12050,11126,outside_corpus,Executive Order No. 11126,"SEC. 8. Revocations. Executive Order No. 11126, as amended, and Executive Order No. 11832, as amended, are revoked."
2378,12041,11888,outside_corpus,Executive Order No. 11888,"SEC. 2. Annex II of Executive Order No. 11888 of November 24, 1975, as amended, listing articles that are eligible for benefits of the GSP when imported from any designated beneficiary developing country, is further amended as provided in Annex II, attached hereto and made a part hereof."
2378,12041,11888,outside_corpus,Executive Order No. 11888,"SEC. 3. Annex III of Executive Order No. 11888, as amended, listing articles that are eligible for benefits of the GSP when imported from all designated beneficiary countries except those specified in General Headnote 3(c)(iii) of the TSUS, is amended by substituting therefor the new Annex III, attached hereto and made a part hereof."
2387,12032,11888,outside_corpus,Executive Order No. 11888,"SEC. 2. Annex II of Executive Order No. 11888 of November 24, 1975, as amended, listing articles that are eligible for benefits of the GSP when imported from any designated beneficiary developing country, is further amended as provided in Annex II, attached hereto and made a part hereof."
2387,12032,11888,outside_corpus,Executive Order No. 11888,"SEC. 3. Annex III of Executive Order No. 11888, as amended, listing articles that are eligible for benefits of the GSP when imported from all designated beneficiary countries except those specified in General Headnote 3(c)(iii) of the TSUS, is amended as provided in Annex III, attached hereto and made a part hereof."
2392,12027,11491,outside_corpus,Executive Order No. 11491,"SEC. 3. Executive Order No. 11491, as amended, is further amended by amending Section 25(a) to read as follows:"
2392,12027,11636,outside_corpus,Executive Order No. 11636,"SEC. 4. Section 5 (a) of Executive Order No. 11636 of December 17, 1971, establishing an Employee-Management Relations Commission as a committee of the Board of the Foreign Service, is amended by deleting: ""The representative of the Office of Management and Budget shall be the Chairman of the Commission"" and substituting therefor ""The representative of the Civil Service Commission shall be the Chairman of the Commission""."
2397,12024,11769,outside_corpus,Executive Order No. 11769,"SEC. 4. Executive Order No. 11769 of February 21, 1974 is hereby revoked."
2406,12013,10253,outside_corpus,Executive Order No. 10253,"SEC. 2. Executive Order No. 10253 of June 11, 1951, is amended as follows:"
2412,12007,11126,outside_corpus,Executive Order No. 11126,"(b) Executive Order No. 11126 of November 1, 1963, as amended by Executive Order No. 11221 of May 6, 1965, is further amended as follows:"
2415,12003,11912,outside_corpus,Executive Order No. 11912,"SECTION 1. Section 1 of Executive Order No. 11912 of April 13, 1976, is amended to read as follows:"
2415,12003,11912,outside_corpus,Executive Order No. 11912,"SEC. 2. Executive Order No. 11912 of April 13, 1976, is further amended by adding the following new Section:"
2417,12002,11846,outside_corpus,Executive Order No. 11846,"SEC. 3. The Export Administration Review Board, hereinafter referred to as the Board, which was established by Executive Order No. 11533 of June 4, 1970, as amended, is hereby continued. The Board shall continue to have as members the Secretary of Commerce, who shall be Chairman of the Board, the Secretary of State, the Secretary of Defense, and the Chairman of the East-West Foreign Trade Board (Section 7 of Executive Order No. 11846, as amended). No alternate Board members shall be designated, but the acting, head of any department may serve in lieu of the head of the concerned department. In the case of the East-West Foreign Trade Board, the Deputy Chairman or the Executive Secretary may serve in lieu of the Chairman. The Board may invite the heads of other United States Government departments or agencies, other than the agencies represented by Board members, to participate in the activities of the Board when matters of interest to such departments or agencies are under consideration."
2417,12002,11798,outside_corpus,Executive Order No. 11798,"SEC. 7. Executive Order No. 11533 of June 4, 1970, Executive Order No. 11683 of August 29, 1972, Executive Order No. 11798 of August 14, 1974, Executive Order No. 11818 of November 5, 1974, Executive Order No. 11907 of March 1, 1976, and Executive Order No. 11940 of September 30, 1976 are hereby revoked."
2417,12002,11818,outside_corpus,Executive Order No. 11818,"SEC. 7. Executive Order No. 11533 of June 4, 1970, Executive Order No. 11683 of August 29, 1972, Executive Order No. 11798 of August 14, 1974, Executive Order No. 11818 of November 5, 1974, Executive Order No. 11907 of March 1, 1976, and Executive Order No. 11940 of September 30, 1976 are hereby revoked."
2418,12001,11840,outside_corpus,Executive Order No. 11840,"SEC. 6. Executive Order No. 11840 of February 18, 1975, is hereby revoked."
2419,12000,11924,outside_corpus,Executive Order No. 11924,"Arthur S. Flemming, Commissioner on Aging, Department of Health, Education, and Welfare, and Chairman, Commission on Civil Rights, became subject to mandatory retirement for age on June 30, 1975, under the provisions of Section 8335 of Title 5 of the United States Code unless exempted by Executive order. Arthur S. Flemming was exempted from mandatory retirement until June 30, 1976, by Executive Order No. 11869 of June 24, 1975. He was again exempted from mandatory retirement until June 30, 1977, by Executive Order No. 11924 of June 29, 1976."
2445,11974,11888,outside_corpus,Executive Order No. 11888,"SEC. 2. Annex H of Executive Order No. 11888 of November 24, 1975, as amended, listing articles that are eligible for benefits of the GSP when imported from any designated beneficiary developing country, is further amended as provided in Annex II, attached hereto and made a part hereof."
2445,11974,11888,outside_corpus,Executive Order No. 11888,"SEC. 3. Annex III of Executive Order No. 11888, as amended, listing articles that are eligible for benefits of the GSP when imported from all designated beneficiary countries except those specified in General Headnote 3 (c) (iii) of the TSUS, is amended by substituting therefor the new Annex III, attached hereto and made a part hereof."
2445,11974,11960,outside_corpus,Executive Order No. 11960,"SEC. 5. The substance of Executive Order No. 11960, of January 19, 1977, has been, subject to the competitive-need limits of Section 504(c) of the Trade Act of 1974, generally incorporated into this Order. Executive Order No. 11960 is therefore revoked."
2445,11974,11960,outside_corpus,Executive Order No. 11960,"SEC. 5. The substance of Executive Order No. 11960, of January 19, 1977, has been, subject to the competitive-need limits of Section 504(c) of the Trade Act of 1974, generally incorporated into this Order. Executive Order No. 11960 is therefore revoked."
2451,11968,10407,outside_corpus,Executive Order Nos. 10407,"SEC. 5. Executive Order Nos. 10407 of November 6, 1952, 10672 of July 9, 1956, and 11863 of June 12, 1975, are hereby revoked. However, all actions heretofore taken by the President or his delegates in respect of the matters affected by this Order and in force at the time of the issuance of this Order, including any regulations prescribed or approved by the President or his delegates in respect of such matters and any existing agreements approved by his delegates, shall, except as they may be inconsistent with the provisions of this Order, remain in effect until amended, modified, or revoked pursuant to the authority conferred by this Order, unless sooner terminated by operation of Jaw."
2471,11948,11126,outside_corpus,Executive Order No. 11126,"(a) Citizens' Advisory Council on the Status of Women - Executive Order No. 11126, as amended (Department of Labor)."
2471,11948,11667,outside_corpus,Executive Order No. 11667,"(1) Executive Order No. 11667 of April 19, 1972, establishing the President's Advisory Committee on the Environmental Awards Merit Program."
2472,11947,11846,outside_corpus,Executive Order No. 11846,"By virtue of the authority vested in me by the Trade Act of 1974, hereinafter referred to as the Act (19 U.S.C. 2101 et seq.), Sections 332(g) and 337 of the Tariff Act of 1930, as amended (19 U.S.C. 1332(8), 19 U.S.C. 1337, respectively), and Section 301 of Title 3 of the United States Code, and as President of the United States of America, Executive Order No. 11846 of March 27, 1975, as amended, hereinafter referred to as the Order, is hereby amended as follows:"
2485,11934,11888,outside_corpus,Executive Order No. 11888,"SEC. 2. Annex II of Executive Order No. 11888 of November 24, 1975, as amended by Annex II of Executive Order No. 11906 of February 26, 1976, is amended as provided in Annex II, attached hereto and made a part hereof."
2485,11934,11888,outside_corpus,Executive Order No. 11888,"SEC. 3. Annex III of Executive Order No. 11888, as amended by Annex III of Executive Order No. 11906, is amended as provided in Annex III attached hereto and made a part hereof."
2489,11930,11912,outside_corpus,Executive Order No. 11912,"SEC. 6. There is hereby delegated to the Administrator all the authority that was delegated to the Administrator of the Federal Energy Administration pursuant to Executive Order No. 11790 of June 25, 1974 and Executive Order No. 11912 of April 13, 1976."
2493,11926,11544,outside_corpus,Executive Order No. 11544,"SEC. 7. Executive Order No. 11544 of July 8, 1970, is hereby superseded; however, individuals previously awarded a Vice Presidential Service Badge under that Order are authorized to continue to wear such badge as part of their uniform."
2497,11922,11077,outside_corpus,Executive Order No. 11077,"By virtue of the authority vested in me by the Migration and Refuges Assistance Act of 1962, as amended (Chapter 36 of Title 22 of the United States Code), and section 301 of title 3 of the United States Code, and as President of the United States of America, Section 1 of Executive Order No. 11077 of January 22. 1963, is hereby amended by adding thereto the following:"
2498,11921,11522,outside_corpus,Executive Order No. 11522,"SEC. 20. (a) Executive Order No. 11522 of April 6, 1970, and Executive Order No. 11746 of November 7, 1973, are hereby superseded."
2502,11917,11643,outside_corpus,Executive Order No. 11643,"By virtue of the authority vested in me as President of the United States, and in furtherance of the purposes and policies of the National Environmental Policy Act of 1969 (42 U.S.C. 4321 et. seq.), the provisions of Section 1 of the Act of March 2, 1931 (46 Stat. 1468, 7 U.S.C. 426) and the Endangered Species Act of 1973 (87 Stat. 884, 16 U.S.C. 1531 et. seq.), and in view of the findings (40 F.R. 44726-14739, September 29, 1975) of the Administrator of the Environmental Protection Agency that the use of sodium cyanide is permissible under conditions prescribed by the Agency, Executive Order No. 11643 of February 8, 1972, as amended by Executive Order No. 11870 of July 18, 1975, is further amended by adding the following sub-section to Section 3:"
2510,11909,11847,outside_corpus,Executive Order No. 11847,"Walter C. Sauer, First Vice President and Vice Chairman, Export-Import Bank of the United States, became subject to mandatory retirement for age as of March 31, 1975, under the provisions of Section 8335 of Title 5 of the United States Code unless exempted by Executive order. Mr. Sauer was exempted from mandatory retirement until March 31, 1976, by Executive Order No. 11847 of March 28, 1975."
2512,11907,10945,outside_corpus,Executive Order No. 10945,"SEC. 2. Section 2 is amended to read: ""The Export Control Review Board established by Section 2 of Executive Order No. 10945 of May 24, 1961, is hereby re-established as the Export Administration Review Board, hereinafter referred to as the Board. The Board shall be composed of the Secretary of Commerce, who shall be Chairman of the Board, the Secretary of State, the Secretary of Defense, and the Chairman of the East-West Foreign Trade Board (Section 7 of Executive Order No. 11846, as amended). No alternative Board members shall he designated, but the acting head of any department may serve in lieu of the head of the department concerned. In the case of the East-West Foreign Trade Board, the Deputy Chairman may serve in lieu of the Chairman. The Board may invite the heads of other Government organizations and agencies to participate in the activities of the Board when matters of interest to such organizations and agencies are under consideration.""."
2512,11907,11846,outside_corpus,Executive Order No. 11846,"SEC. 2. Section 2 is amended to read: ""The Export Control Review Board established by Section 2 of Executive Order No. 10945 of May 24, 1961, is hereby re-established as the Export Administration Review Board, hereinafter referred to as the Board. The Board shall be composed of the Secretary of Commerce, who shall be Chairman of the Board, the Secretary of State, the Secretary of Defense, and the Chairman of the East-West Foreign Trade Board (Section 7 of Executive Order No. 11846, as amended). No alternative Board members shall he designated, but the acting head of any department may serve in lieu of the head of the department concerned. In the case of the East-West Foreign Trade Board, the Deputy Chairman may serve in lieu of the Chairman. The Board may invite the heads of other Government organizations and agencies to participate in the activities of the Board when matters of interest to such organizations and agencies are under consideration.""."
2513,11906,11888,outside_corpus,Executive Order No. 11888,"SECTION 1. General Headnote 3(c)(iii) of the Tariff Schedules of the United States (as added by Section 9 of Executive Order No. 11888 of November 24, 1975) is amended by substituting therefor the General Headnote 3(c)(iii) set forth in Annex I, attached hereto and made a part hereof."
2513,11906,11888,outside_corpus,Executive Order No. 11888,"SEC. 2. Annex II of Executive Order No. 11888 of November 24, 1975, made a part thereof by Section 5 of that Order, is amended as provided in Annex II, attached hereto and made a part hereof."
2513,11906,11888,outside_corpus,Executive Order No. 11888,"SEC. 3. Annex III of Executive Order No. 11888 of November 24, 1975, made a part thereof by Section 5 of that order, is amended by substituting therefor the new Annex III, attached hereto and made a part hereof."
2513,11906,11888,outside_corpus,Executive Order No. 11888,"SEC. 4. Notwithstanding the provisions of Sections 10 and 12 of Executive Order No. 11888, the provisions of this order shall be effective with respect to articles that are entered for consumption, or withdrawn from warehouse for consumption, on or after February 29, 1976."
2518,11901,11491,outside_corpus,Executive Order No. 11491,"By virtue of the authority vested in me by the Constitution and statutes of the United States, including Sections 3301 and 7301 of Title 5 of the United States Code, and as President of the United States, Section 3(b) of Executive Order No. 11491 of October 29, 1969, as amended by Executive Orders 11616, 11636, and 11838, relating to labor-management relations in the Federal service, is further amended by adding thereto:"
2524,11895,11531,outside_corpus,Executive Order No. 11531,"SEC. 3. Executive Order No. 11531 of May 26, 1970, is hereby superseded."
2525,11894,11846,outside_corpus,Executive Order No. 11846,"By virtue of the authority vested in me by Section 411 of the Trade Act of 1974 (88 Stat. 2065, 19 U.S.C. 2441), and as President of the United States of America, the Secretary of Defense is added as a member of the East-West Foreign Trade Board and the list of ex officio members of the East West Foreign Trade Board set forth in Section 7 (a) of Executive Order No. 11846 of March 27, 1975, is accordingly amended to read as follows:"
2526,11893,11717,outside_corpus,Executive Order No. 11717,"SECTION 1. There are hereby transferred to the Director of the Office of Management and Budget all policy functions that were transferred to the Administrator of General Services by Section 1 (1) of Executive Order No. 11717, dated May 9, 1973, and Executive Order No. 11867, dated June 19, 1975."
2526,11893,11717,outside_corpus,Executive Order No. 11717,SEC. 2. The Director of the Office of Management and Budget shall continue to perform policy formulation and general oversight functions with regard to the other transfers made by Executive Order No. 11717 and Executive Order No. 11867. No function vested by statute in the Administrator shall be deemed to be affected by the provisions of this order.
2526,11893,11717,outside_corpus,Executive Order No. 11717,"SEC. 4. Executive Order No. 11717 of May 9, 1973, and Executive Order No. 11867 of June 19, 1975, are hereby superseded to the extent that they are inconsistent with this order. Any circulars, directives, or regulations issued pursuant to functions transferred by this order shall remain in effect until modified or rescinded by the Office of Management and Budget."
2529,11890,10422,outside_corpus,Executive Order No. 10422,"SECTION 1. Paragraphs 1, 2 and 3 of Part I of Executive Order No. 10422 of January 9, 1953, as amended, are hereby amended to read as follows:"
2529,11890,10422,outside_corpus,Executive Order No. 10422,"SEC. 2. Paragraph 2(f) of Part II of Executive Order No. 10422 of January 9, 1953, as amended, is hereby amended to read as follows:"
2533,11886,8684,outside_corpus,Executive Order No. 8684,"By virtue of the authority vested in me by section 2152 of Title 18 of the United States Code., and as President of the United States of America, and as Commander-in-Chief of the Armed Forces, in order to abolish the Culebra Island Naval Defensive Sea Area, since the United States Navy ceased using targets on the island of Culebra, Puerto Rico on July 1, 1975, and terminated all weapons training activities in the vicinity of Culebra on September 30, 1975, and since the Culebra Island Naval Airspace Reservation has, at the request of the United States Navy, been revoked by the Federal Aviation Administration (14 CFR Part 73.71; 40 FR 45804), Executive Order No. 8684 of February 14, 1941, as amended, is hereby revoked."
2537,11882,11658,outside_corpus,Executive Order No. 11658,"(c) Executive Order No. 11658 of March 22, 1972, establishing the Missouri River Basin Commission; and"
2543,11877,11864,outside_corpus,Executive Order No. 11864,"SEC. 2. Executive Order No. 11864 of June 13, 1975, is hereby superseded."
2548,11870,11643,outside_corpus,Executive Order No. 11643,"By virtue of the authority vested in me as President of the United States, and in furtherance of the purposes and policies of the National Environmental Policy Act of 1969 (42 U.S.C. 4321 et seq.), the provisions of Section 1 of the Act of March 2, 1931 (46 Stat. 1468, 7 U.S.C. 426) and the Endangered Species Act of 1973 (87 Stat. 884, 16 U.S.C. 1531 et seq.), Executive Order No. 11643 of February 8, 1972, is amended to read as follows:"
2581,11838,11491,outside_corpus,Executive Order No. 11491,"By virtue of the authority vested in me by the Constitution and statutes of the United States, including sections 3301 and 7301 of title 5 of the United States Code, and as President of the United States, Executive Order No. 11491 of October 29, 1969, as amended by Executive Orders 11616 and 11636, relating to labor-management relations in the Federal service, is further amended as follows:"
2592,11827,11126,outside_corpus,Executive Order No. 11126,"(7) Citizens' Advisory Council on the Status of Women-Executive Order No. 11126 of November 1, 1963, as amended (Department of Labor)."
2592,11827,11667,outside_corpus,Executive Order No. 11667,"(8) President's Advisory Committee on the Environmental Merit Awards Program-Executive Order No. 11667 of April 19, 1972 (Environmental Protection Agency)."
2594,11825,6260,outside_corpus,Executive Order No. 6260,"SECTION 1. Executive Order No. 6260 of August 28, 1933, as amended by Executive Order No. 6359 of October 25, 1933, Executive Order No. 6556 of January 12, 1934, Executive Order No. 6560 of January 15, 1934, Executive Order No. 10896 of November 29, 1960, Executive Order No. 10905 of January 14, 1961, and Executive Order No. 11037 of July 20, 1962; the fifth and sixth paragraphs of Executive Order No. 6073, March 10, 1933; sections 3 and 4 of Executive Order No. 6359 of October 25, 1933; and paragraph 2(d) of Executive Order No. 10289 of September 17, 1951, are hereby revoked."
2594,11825,6359,outside_corpus,Executive Order No. 6359,"SECTION 1. Executive Order No. 6260 of August 28, 1933, as amended by Executive Order No. 6359 of October 25, 1933, Executive Order No. 6556 of January 12, 1934, Executive Order No. 6560 of January 15, 1934, Executive Order No. 10896 of November 29, 1960, Executive Order No. 10905 of January 14, 1961, and Executive Order No. 11037 of July 20, 1962; the fifth and sixth paragraphs of Executive Order No. 6073, March 10, 1933; sections 3 and 4 of Executive Order No. 6359 of October 25, 1933; and paragraph 2(d) of Executive Order No. 10289 of September 17, 1951, are hereby revoked."
2594,11825,6556,outside_corpus,Executive Order No. 6556,"SECTION 1. Executive Order No. 6260 of August 28, 1933, as amended by Executive Order No. 6359 of October 25, 1933, Executive Order No. 6556 of January 12, 1934, Executive Order No. 6560 of January 15, 1934, Executive Order No. 10896 of November 29, 1960, Executive Order No. 10905 of January 14, 1961, and Executive Order No. 11037 of July 20, 1962; the fifth and sixth paragraphs of Executive Order No. 6073, March 10, 1933; sections 3 and 4 of Executive Order No. 6359 of October 25, 1933; and paragraph 2(d) of Executive Order No. 10289 of September 17, 1951, are hereby revoked."
2594,11825,6560,outside_corpus,Executive Order No. 6560,"SECTION 1. Executive Order No. 6260 of August 28, 1933, as amended by Executive Order No. 6359 of October 25, 1933, Executive Order No. 6556 of January 12, 1934, Executive Order No. 6560 of January 15, 1934, Executive Order No. 10896 of November 29, 1960, Executive Order No. 10905 of January 14, 1961, and Executive Order No. 11037 of July 20, 1962; the fifth and sixth paragraphs of Executive Order No. 6073, March 10, 1933; sections 3 and 4 of Executive Order No. 6359 of October 25, 1933; and paragraph 2(d) of Executive Order No. 10289 of September 17, 1951, are hereby revoked."
2594,11825,10905,outside_corpus,Executive Order No. 10905,"SECTION 1. Executive Order No. 6260 of August 28, 1933, as amended by Executive Order No. 6359 of October 25, 1933, Executive Order No. 6556 of January 12, 1934, Executive Order No. 6560 of January 15, 1934, Executive Order No. 10896 of November 29, 1960, Executive Order No. 10905 of January 14, 1961, and Executive Order No. 11037 of July 20, 1962; the fifth and sixth paragraphs of Executive Order No. 6073, March 10, 1933; sections 3 and 4 of Executive Order No. 6359 of October 25, 1933; and paragraph 2(d) of Executive Order No. 10289 of September 17, 1951, are hereby revoked."
2594,11825,6073,outside_corpus,Executive Order No. 6073,"SECTION 1. Executive Order No. 6260 of August 28, 1933, as amended by Executive Order No. 6359 of October 25, 1933, Executive Order No. 6556 of January 12, 1934, Executive Order No. 6560 of January 15, 1934, Executive Order No. 10896 of November 29, 1960, Executive Order No. 10905 of January 14, 1961, and Executive Order No. 11037 of July 20, 1962; the fifth and sixth paragraphs of Executive Order No. 6073, March 10, 1933; sections 3 and 4 of Executive Order No. 6359 of October 25, 1933; and paragraph 2(d) of Executive Order No. 10289 of September 17, 1951, are hereby revoked."
2594,11825,6359,outside_corpus,Executive Order No. 6359,"SECTION 1. Executive Order No. 6260 of August 28, 1933, as amended by Executive Order No. 6359 of October 25, 1933, Executive Order No. 6556 of January 12, 1934, Executive Order No. 6560 of January 15, 1934, Executive Order No. 10896 of November 29, 1960, Executive Order No. 10905 of January 14, 1961, and Executive Order No. 11037 of July 20, 1962; the fifth and sixth paragraphs of Executive Order No. 6073, March 10, 1933; sections 3 and 4 of Executive Order No. 6359 of October 25, 1933; and paragraph 2(d) of Executive Order No. 10289 of September 17, 1951, are hereby revoked."
2597,11822,11680,outside_corpus,Executive Order No. 11680,"SECTION 2. Executive Order No. 11680 of August 21, 1972, entitled ""Designation of Certain Officers to Act as Secretary of the Treasury"" is hereby revoked."
2607,11812,11525,outside_corpus,Executive Order No. 11525,"(3) Executive Order No. 11525 of April 15, 1970;"
2607,11812,11638,outside_corpus,Executive Order No. 11638,"(5) Executive Order No. 11638 of December 22, 1971;"
2608,11811,11524,outside_corpus,Executive Order No. 11524,"(3) Executive Order No. 11524 of April 15, 1970;"
2608,11811,11637,outside_corpus,Executive Order No. 11637,"(5) Executive Order No. 11637 of December 22, 1971;"
2610,11808,11789,outside_corpus,Executive Order No. 11789,(d) (1) Section 1 (1) of Executive Order No. 11789 (prescribing the composition of the President's Committee on East-West Trade Policy) is amended to read as follows:
2612,11807,11491,outside_corpus,Executive Order No. 11491,"SEC. 5. Nothing in this order shall be construed to impair or alter the powers and duties of the Secretary or the heads of other Federal agencies pursuant to section 19 of the Occupational Safety and Health Act of 1970, sections 7901, 7902, and 7903 of title 5 of the United States Code, or any other provision of law, nor shall it be construed to alter the provisions of Executive Order No. 11491, as amended, Executive Order No. 11636, or other provisions of law providing for collective bargaining agreements and procedures. Matters of official leave for employee representatives involved in activities pursuant to this order shall be determined between each agency and these representatives pursuant to the procedures under Executive Order No. 11491, as amended, Executive Order No. 11636, or applicable collective bargaining agreements."
2612,11807,11636,outside_corpus,Executive Order No. 11636,"SEC. 5. Nothing in this order shall be construed to impair or alter the powers and duties of the Secretary or the heads of other Federal agencies pursuant to section 19 of the Occupational Safety and Health Act of 1970, sections 7901, 7902, and 7903 of title 5 of the United States Code, or any other provision of law, nor shall it be construed to alter the provisions of Executive Order No. 11491, as amended, Executive Order No. 11636, or other provisions of law providing for collective bargaining agreements and procedures. Matters of official leave for employee representatives involved in activities pursuant to this order shall be determined between each agency and these representatives pursuant to the procedures under Executive Order No. 11491, as amended, Executive Order No. 11636, or applicable collective bargaining agreements."
2612,11807,11491,outside_corpus,Executive Order No. 11491,"SEC. 5. Nothing in this order shall be construed to impair or alter the powers and duties of the Secretary or the heads of other Federal agencies pursuant to section 19 of the Occupational Safety and Health Act of 1970, sections 7901, 7902, and 7903 of title 5 of the United States Code, or any other provision of law, nor shall it be construed to alter the provisions of Executive Order No. 11491, as amended, Executive Order No. 11636, or other provisions of law providing for collective bargaining agreements and procedures. Matters of official leave for employee representatives involved in activities pursuant to this order shall be determined between each agency and these representatives pursuant to the procedures under Executive Order No. 11491, as amended, Executive Order No. 11636, or applicable collective bargaining agreements."
2612,11807,11636,outside_corpus,Executive Order No. 11636,"SEC. 5. Nothing in this order shall be construed to impair or alter the powers and duties of the Secretary or the heads of other Federal agencies pursuant to section 19 of the Occupational Safety and Health Act of 1970, sections 7901, 7902, and 7903 of title 5 of the United States Code, or any other provision of law, nor shall it be construed to alter the provisions of Executive Order No. 11491, as amended, Executive Order No. 11636, or other provisions of law providing for collective bargaining agreements and procedures. Matters of official leave for employee representatives involved in activities pursuant to this order shall be determined between each agency and these representatives pursuant to the procedures under Executive Order No. 11491, as amended, Executive Order No. 11636, or applicable collective bargaining agreements."
2625,11794,10958,outside_corpus,Executive Order No. 10958,"Under and by virtue of the authority vested in me by Reorganization Plan No. 1 of 1958, and as President of the United States of America, Executive Order No. 10958 of August 14, 1961 is hereby revoked."
2627,11790,11748,outside_corpus,Executive Order No. 11748,"(b) The authority under the Economic Stabilization Act of 1970, as amended, that was delegated to the Administrator of the Federal Energy Office by the Chairman of the Cost of Living Council pursuant to section 4 (b) of Executive Order No. 11748 of December 4, 1973, is hereby transferred to the Administrator to the extent such authority remains available under the provisions of section 218 of that act."
2627,11790,11748,outside_corpus,Executive Order No. 11748,"SEC. 5 (a) The Federal Energy Office established by Executive Order No. 11748 is hereby abolished, and that Executive order is hereby revoked."
2631,11788,11748,outside_corpus,Executive Order No. 11748,"SEC. 9. This Order shall not be deemed to affect any authority (1) exercised by the Federal Energy Office with respect to pricing and allocation of crude oil, residual fuel oil, and refined petroleum products (as defined in the Emergency Petroleum Allocation Act of 1973), pursuant to the Economic Stabilization Act of 1970, as amended, the Emergency Petroleum Allocation Act of 1973, Executive Order No. 11748 of December 4, 1973, or Cost of ' Living Council Order No. 47, as amended, or (2) any comparable authority vested in, or delegated to, the Administrator of the Federal Energy Administration."
2632,11787,11491,outside_corpus,Executive Order No. 11491,"SECTION 1. Except when otherwise provided by statute, the appeals system established by the Civil Service Commission under chapter 77 of title 5 of the United States Code, and section 22 of Executive Order No. 11491 of October 29, 1969, shall constitute the sole system of appeal for an employee who is covered by that appeals system."
2634,11785,9835,outside_corpus,Executive Order No. 9835,"""Sec. 12. Executive Order No. 9835 of March 21, 1947, as amended, is hereby revoked."""
2638,11781,11748,outside_corpus,Executive Order 11748,"SEC. 13. This order does not affect any authority exercised by the Federal Energy Office with respect to pricing and allocation of crude oil, residual fuel oil, and refined petroleum products (as defined in the Emergency Petroleum Allocation Act of 1973), pursuant to the Economic Stabilization Act of 1970, as amended, the Emergency Petroleum Allocation Act of 1973, Executive Order 11748 of December 4, 1973, or Cost of Living Council Order No. 47, as amended."
2644,11775,11726,outside_corpus,Executive Order No. 11726,"Executive Order No. 11726 of June 29, 1973, established in the Executive Office of the President an Energy Policy Office. Executive Order No. 11748 of December 4, 1973, established in the Executive Office of the President a Federal Energy Office. In order to permit an orderly transition, the Energy Policy Office was continued in being on an interim basis. That transition has been successfully completed and the Energy Policy Office should now be abolished."
2644,11775,11748,outside_corpus,Executive Order No. 11748,"Executive Order No. 11726 of June 29, 1973, established in the Executive Office of the President an Energy Policy Office. Executive Order No. 11748 of December 4, 1973, established in the Executive Office of the President a Federal Energy Office. In order to permit an orderly transition, the Energy Policy Office was continued in being on an interim basis. That transition has been successfully completed and the Energy Policy Office should now be abolished."
2644,11775,11726,outside_corpus,Executive Order No. 11726,"SECTION 1. The Energy Policy Office is hereby abolished and Executive Order No. 11726 of June 29, 1973, is hereby superseded."
2651,11768,11708,outside_corpus,Executive Order No. 11708,"SEC. 4. Executive Order No. 11708 of March 23, 1973, as amended, is hereby superseded."
2666,11753,11148,outside_corpus,Executive Order No. 11148,"SEC. 8. Revocation. The Interagency Committee on Export Expansion is hereby abolished and Executive Order No. 11132 of December 12, 1963, as amended by Executive Order No. 11148 of March 23, 1964, is hereby revoked."
2667,11752,11507,outside_corpus,Executive Order No. 11507,"SEC. 7. Order Superseded. Executive Order No. 11507 of February 4, 1970, is hereby superseded."
2681,11738,11602,outside_corpus,Executive Order No. 11602,"SEC. 11. Uniformity. Rules, regulations, standards, and guidelines issued pursuant to this order and section 508 of the Water Act shall, to the maximum extent feasible, be uniform with regulations issued pursuant to this order, Executive Order No. 11602 of June 29, 1971, and section 306 of the Air Act."
2681,11738,11602,outside_corpus,Executive Order No. 11602,"SEC. 12. Order Superseded. Executive Order No. 11602 of June 29, 1971, is hereby superseded."
2682,11737,11635,outside_corpus,Executive Order No. 11635,"SEC. 3. Executive Order No. 11359 of June 20, 1967, and Executive Order No. 11635 of December 9, 1971, are hereby superseded."
2683,11736,11708,outside_corpus,Executive Order No. 11708,"By virtue of the authority vested in me by section 5317 of title 5 of the United States Code, as amended, Executive Order No. 11708, dated March 23, 1973, as amended, is further amended as follows:"
2686,11733,10122,outside_corpus,Executive Order No. 10122,"By virtue of the authority vested in me by section 1216 (c) of title 10 of the United States Code, and as President of the United States and Commander in Chief of the Armed Forces of the United States, Executive Order No. 10122 of April 14,1950, as amended by Executive Order No. 10400 of September 27, 1952, is further amended as follows:"
2694,11725,11678,outside_corpus,Executive Order No. 11678,"(5) All authority vested in the Director of the Office of Emergency Preparedness by Executive Order No. 11678 of August 16, 1972, relating to the administration of certain temporary disaster relief provisions, and"
2694,11725,10958,outside_corpus,Executive Order No. 10958,"(11) Executive Order No. 10958 of August 14, 1961, relating to civil defense functions;"
2694,11725,11051,outside_corpus,Executive Order No. 11051,"(12) Executive Order No. 11051 of September 27, 1962, (except sections 404(a) and 405), relating to nonmilitary emergency preparedness planning, particularly under the National Security Act of 1947, as amended, and related functions under the Defense Production Act of 1950, the Strategic and Critical Materials Stockpiling Act, the Supplemental Stockpile and the Buy American Act;"
2694,11725,11051,outside_corpus,Executive Order No. 11051,"SEC. 7. Sections 404 (a) and 405 of Executive Order No. 11051, as amended, are hereby revoked."
2695,11724,11508,outside_corpus,Executive Order No. 11508,"SEC. 6. Executive Order No. 11508 of February 10, 1970, and Executive Order No. 11560 of September 23, 1970, are hereby superseded, and the Property Review Board is hereby abolished."
2705,11715,11708,outside_corpus,Executive Order No. 11708,"By virtue of the authority vested in me by section 5317 of title 5 of the United States Code, as amended, Executive Order No. 11708, dated March 23, 1973, is amended as follows:"
2736,11683,11677,outside_corpus,Executive Order No. 11677,"SECTION 1. Executive Order No. 11677 of August 1, 1972, issued under the authority of the act of October 6, 1917, as amended (12 U.S.C. 95a), is hereby revoked, except that this revocation shall not affect any violation of any rules, regulations, orders, licenses, and other forms of administrative action under said order which occurred during the period said order was in effect."
2738,11681,5221,outside_corpus,Executive Order No. 5221,"By virtue of the authority vested in me as President of the United States, Executive Order No. 5221 of November 11, 1929, entitled ""Limitation on non-official Employment of Officers or Employees of the American Government"", is hereby revoked."
2747,11673,8684,outside_corpus,Executive Order No. 8684,"By virtue of the authority vested in me by section 2152 of title 18, United States Code, the Culebra Island Naval Defensive Sea Area, as defined in Executive Order No. 8684, of February 14, 1941, is hereby redefined as the territorial waters between the extreme high-water mark and the three-mile marine boundary adjacent to that portion of the island of Culebra which is described as follows:"
2747,11673,8684,outside_corpus,Executive Order No. 8684,"Nothing in this Executive Order shall be construed to modify in any way the Culebra Island Naval Airspace Reservation, as defined in Executive Order No. 8684, or to interfere with the authority of the Federal Aviation Administrator, under section 1202 of the Federal Aviation Act of 1958, 72 Stat. 800, as amended (49 U.S.C. 1522), to modify that airspace reservation."
2765,11654,7397,outside_corpus,Executive Order No. 7397,"SECTION 1. The Federal Fire Council, an advisory agency in matters relating to the protection of Federal employees and property from fire, which was established within the General Services Administration by Executive Order No. 7397 of June 20, 1936, as amended by Executive Order No. 10257 of June 23, 1951, is hereby transferred to and established in the Department of Commerce. The Federal Fire Council, hereinafter referred to as the Council, shall, in the exercise of its functions, be responsible to the Secretary of Commerce. The Secretary or his designee shall serve as Chairman of the Council."
2765,11654,10257,outside_corpus,Executive Order No. 10257,"SECTION 1. The Federal Fire Council, an advisory agency in matters relating to the protection of Federal employees and property from fire, which was established within the General Services Administration by Executive Order No. 7397 of June 20, 1936, as amended by Executive Order No. 10257 of June 23, 1951, is hereby transferred to and established in the Department of Commerce. The Federal Fire Council, hereinafter referred to as the Council, shall, in the exercise of its functions, be responsible to the Secretary of Commerce. The Secretary or his designee shall serve as Chairman of the Council."
2765,11654,7397,outside_corpus,Executive Orders No. 7397,"SEC. 8. Executive Orders No. 7397 of June 20, 1936, and No. 10257 of June 23, 1951, are hereby superseded."
2767,11652,10816,outside_corpus,Executive Orders No. 10816,"SEC. 14. Revocation of Executive Order No. 10501. Executive Order No. 10501 of November 5, 1953, as amended by Executive Orders No. 10816 of May 8, 1959, No. 10901 of January 11, 1961, No. 10964 of September 20, 1961, No. 10985 of January 15, 1962, No. 11097 of March 6, 1963 and by Section 1 (a) of No. 11382 of November 28, 1967, is superseded as of the effective date of this order."
2793,11625,11458,outside_corpus,Executive Order No. 11458,"SEC. 2. Advisory Council for Minority Enterprise. (a) The Advisory Council for Minority Enterprise (hereinafter referred to as ""the Council'), established by Executive Order No. 11458 of March 5, 1969, shall continue in existence under the terms of this order."
2793,11625,11458,outside_corpus,Executive Order No. 11458,"SEC. 8. Prior Executive Order. Executive Order No. 11458 of March 5, 1969, is hereby superseded."
2803,11616,11491,outside_corpus,Executive Order No. 11491,"By virtue of the authority vested in me by the Constitution and statutes of the United States, including sections 3301 and 7301 of title 5 of the United States Code, and as President of the United States, Executive Order No. 11491 of October 29, 1969, relating to labor-management relations in the Federal service, is amended as follows:"
2806,11613,11528,outside_corpus,Executive Order No. 11528,"(4) Executive Order No. 11371 of September 6, 1967, establishing the New England River Basins Commission, as amended by Executive Order No. 11528 of April 24, 1970."
2809,11610,11051,outside_corpus,Executive Order 11051,"By virtue of the authority vested in me by the Act of August 28, 1958, 72 Stat. 972, and as President of the United States, it is ordered that Executive Order No. 10789 of November 14, 1958, as amended by Executive Order 11051 of September 27, 1962, and Executive Order 11382 of November 28, 1967, be further amended as follows:"
2813,11606,10001,outside_corpus,Executive Orders No. 10001,"By virtue of the authority vested in me by the Military Selective Service Act of 1967 (62 Stat. 604, as amended), I hereby prescribe the following amendment of the Selective Service Regulations prescribed by Executive Orders No. 10001 of September 17, 1948; No. 10735 of October 17, 1957; No. 11360 of June 30, 1967; No. 11497 of November 26, 1969; and constituting portions of Chapter XVI of Title 32 of the Code of Federal Regulations:"
2814,11605,9835,outside_corpus,Executive Order No. 9835,"""(a) Executive Order No. 9835 of March 21, 1947, as amended is hereby revoked."
2822,11597,11513,outside_corpus,Executive Order No. 11513,"By virtue of the authority vested in me by the Constitution and statutes of the United States, Section 1 (b) of Executive Order No. 11513 of March 3, 1970, is amended by deleting ""sixteen"" and inserting ""eighteen""."
2844,11575,10737,outside_corpus,Executive Order No. 10737,"SEC. 5. Executive Order No. 10427 of January 16, 1953, Executive Order No. 10737 of October 29, 1957, and Executive Order No. 11495 of November 18, 1969, are hereby revoked. Unless inappropriate, any reference to those Executive orders in any rule, regulation, procedure, document, or other Executive order, shall be deemed to be a reference to this Executive order."
2848,11571,6868,outside_corpus,Executive Order No. 6868,"By virtue of the authority vested in me by the District of Columbia Alley Dwelling Act, as amended (D.C. Code, Sec. 5-103 to 5-116, inclusive), I hereby designate the Commissioner of the District of Columbia as the Authority to carry out the provisions of the said Act. Such Authority shall be deemed a continuation of the Authority heretofore designated under Executive Order No. 6868 of October 9, 1934, as amended. In carrying out his functions as such Authority, the Commissioner shall be known as the ""National Capital Housing Authority""."
2848,11571,6868,outside_corpus,Executive Order No. 6868,"Executive Order No. 6868 of October 9, 1934, as amended by Executive Orders Nos. 7784—A of January 5, 1938, 8033 of January 11, 1939, 9344 of May 21, 1943, 9916 of December 31, 1947, 10128 of June 2, 1950, and 11401 of March 13, 1968, is modified to the extent provided herein."
2848,11571,7784,outside_corpus,Executive Orders Nos. 7784,"Executive Order No. 6868 of October 9, 1934, as amended by Executive Orders Nos. 7784—A of January 5, 1938, 8033 of January 11, 1939, 9344 of May 21, 1943, 9916 of December 31, 1947, 10128 of June 2, 1950, and 11401 of March 13, 1968, is modified to the extent provided herein."
2856,11563,10001,outside_corpus,Executive Orders No. 10001,"By virtue of the authority vested in me by the Military Selective Service Act of 1967 (62 Stat. 604, as amended), I hereby prescribe the following amendment of the Selective Service Regulations prescribed by Executive Orders No. 10001 of September 17, 1948, No. 10202 of January 12, 1951, No. 10292 of September 25, 1951, No. 10659 of February 15, 1956, No. 10735 of October 17, 1957, No. 10984 of January 5, 1962, No. 11098 of March 14, 1963, No. 11119 of September 10, 1963, No. 11241 of August 26, 1965, No. 11360 of June 30, 1967, No. 11497 of November 26, 1969, No. 11537 of June 16, 1970, and constituting portions of Chapter XVI of Title 32 of the Code of Federal Regulations:"
2857,11562,10830,outside_corpus,Executive Order No. 10830,"(b) The seal prescribed by Executive Order No. 10830 of July 24, 1959, as amended, shall be the seal of the President's Council on Physical Fitness and Sports as reconstituted herein."
2857,11562,11492,outside_corpus,Executive Order No. 11492,"SEC. 7. Revocations. Executive Order No. 11398 of March 4, 1968, and Executive Order No. 11492 of October 30, 1969, are hereby revoked."
2859,11560,11508,outside_corpus,Executive Order No. 11508,"By virtue of the authority vested in me by section 205 (a) of the Federal Property and Administrative Services Act of 1949, as amended (40 U.S.C. 486 (a)), and as President of the United States, subsection (b) of section 3 of Executive Order No. 11508 of February 10, 1970, entitled ""Providing for the Identification of Unneeded Federal Real Property"", is amended by deleting the words ""Director of the Bureau of the Budget"" and inserting in lieu thereof the words ""Associate Director of the Office of Management and Budget""."
2863,11556,11051,outside_corpus,Executive Order No. 11051,"SEC. 6. Office of Emergency Preparedness. (a) Executive Order No. 11051 of September 27, 1962, headed ""Prescribing Responsibilities of the Office of Emergency Planning in the Executive Office of the President"", as amended, is further amended by:"
2866,11553,10001,outside_corpus,Executive Orders No. 10001,"By virtue of the authority vested in me by the Military Selective Service Act of 1967 (62 Stat. 604, as amended), I hereby prescribe the following amendments of the Selective Service Regulations prescribed by Executive Orders No. 10001 of September 17, 1948, No. 10008 of October 18, 1948, No. 10292 of September 25, 1951, No. 11098 of March 14, 1963, and constituting portions of Chapter XVI of Title 32 of the Code of Federal Regulations:"
2882,11537,10001,outside_corpus,Executive Orders No. 10001,"By virtue of the authority vested in me by the Military Selective Service Act of 1967 (62 Stat. 604, as amended) I hereby prescribe the following amendment of the Selective Service Regulations prescribed by Executive Orders No. 10001 of September 17, 1948, No. 10202 of January 12, 1951, No. 10659 of February 15, 1956, No. 10735 of October 17, 1957, No. 10984 of January 5, 1962, No. 11098 of March 14, 1963, No. 11119 of September 10, 1963, No. 11241 of August 26, 1965, No. 11360 of June 30, 1967, No. 11497 of November 26, 1969, and constituting a portion of Chapter XVI of Title 32 of the Code of Federal Regulations:"
2886,11533,10945,outside_corpus,Executive Order No. 10945,"SEC. 2. The Export Control Review Board established by section 2 of Executive Order No. 10945 of May 24, 1961, is hereby reestablished as the Export Administration Review Board (hereinafter referred to as the Board). The Board shall be composed of the Secretary of Commerce, who shall be the Chairman of the Board, the Secretary of State, and the Secretary of Defense. No alternate Board members shall be designated, but the acting head of any department may serve in lieu of the head of the department concerned. The Board may invite the heads of Government agencies, other than the departments represented by the Board members, to participate in the activities of the Board when matters of interest to such agencies are under consideration."
2888,11530,10624,outside_corpus,Executive Order No. 10624,"By virtue of the authority vested in me by Section 603 of the Act of August 28, 1954, 68 Stat. 909, and by Section 301 of Title 3 of the United States Code, and as President of the United States, that portion of Section 2 of Executive Order No. 10624 of July 28, 1955, as amended by Section 3 of Executive Order No. 10903 of January 9, 1961, which precedes the clause numbered (1), is hereby further amended to read as follows:"
2892,11527,10001,outside_corpus,Executive Orders No. 10001,"By virtue of the authority vested in me by the Military Selective Service Act of 1967 (62 Stat. 604, as amended), I hereby prescribe, to become effective on this date, the following amendments of the Selective Service Regulations prescribed by Executive Orders No. 10001 of September 17, 1948, No. 10202 of January 12, 1951, No. 10292 of September 25, 1951, No. 10659 of February 15, 1956, No. 10735 of October 17, 1957, No. 10984 of January 5, 1962, No. 11098 of March 14, 1963, No. 11119 of September 10, 1963, No. 11241 of August 26, 1965, No. 11360 of June 30, 1967, No. 11497 of November 26, 1969, and constituting portions of Chapter XVI of Title 32 of the Code of Federal Regulations:"
2904,11515,11117,outside_corpus,Executive Order No. 11117,"SEC. 2. Interagency Committee on International Athletics. The Interagency Committee on International Athletics is terminated and Executive Order No. 11117 of August 13, 1963, is revoked."
2904,11515,9586,outside_corpus,Executive Order No. 9586,"SEC. 5. Medal of Freedom. Executive Order No. 9586 of July 6, 1945, as amended, is hereby further amended:"
2910,11509,11353,outside_corpus,Executive Order No. 11353,"(c) Carry forward the functions which were vested in the President's Advisory Council on Cost Reduction by Executive Order No. 11353 of May 23, 1967, as amended, but without regard to the time limitation contained therein."
2910,11509,11353,outside_corpus,Executive Order No. 11353,"(1) Executive Order No. 11353 of May 23, 1967, and"
2922,11497,10001,outside_corpus,Executive Orders No. 10001,"By virtue of the authority vested in me by the Military Selective Service Act of 1967 (62 Stat. 604, as amended), I hereby prescribe the following amendments of the Selective Service Regulations prescribed by Executive Orders No. 10001 of September 17, 1948, No. 10202 of January 12, 1951, No. 10292 of September 25, 1951, No. 10659 of February 15, 1956, No. 10735 of October 17, 1957, No. 10984 of January 5, 1962, No. 11098 of March 14, 1963, No. 11119 of September 10, 1963, No. 11241 of August 26, 1965, No. 11360 of June 30, 1967, and constituting portions of Chapter XVI of Title 32 of the Code of Federal Regulations:"
2929,11490,11051,outside_corpus,Executive Order No. 11051,"The Director of the Office of Emergency Preparedness, in accordance with the provisions of Executive Order No. 11051 of September 27, 1962, shall advise and assist the President in determining national preparedness goals and policies for the performance of functions under this order and in coordinating the performance of such functions with the total national preparedness program."
2929,11490,10958,outside_corpus,Executive Order No. 10958,"(2) Stockpiles. In addition to the food stockpile functions identified in Executive Order No. 10958, take all possible measures in the administration of Commodity Credit Corporation inventories of food resources to assure the availability of such inventories when and where needed in an emergency. The Secretary shall also develop plans and procedures for the proper utilization of agricultural items stockpiled for survival purposes."
2939,11480,10994,outside_corpus,Executive Order No. 10994,"SEC. 6. Prior orders; transition. (a) To the extent that this order is inconsistent with any provision of any prior order, or with any provision of any regulation or other measure or disposition, heretofore issued, made, or taken by the President or by any other officer of the executive branch of the Government, this order shall control. Executive Order No. 10994 of February 14, 1962, and Executive Order No. 11018 of April 27, 1962, are hereby superseded."
2939,11480,11018,outside_corpus,Executive Order No. 11018,"SEC. 6. Prior orders; transition. (a) To the extent that this order is inconsistent with any provision of any prior order, or with any provision of any regulation or other measure or disposition, heretofore issued, made, or taken by the President or by any other officer of the executive branch of the Government, this order shall control. Executive Order No. 10994 of February 14, 1962, and Executive Order No. 11018 of April 27, 1962, are hereby superseded."
2939,11480,10994,outside_corpus,Executive Order No. 10994,"(b) Without further action by the President or the Chairman of the Committee, all members, employees, records, property, funds, and pending business of the President's Committee on Employment of the Handicapped provided for in Executive Order No. 10994 of February 14, 1962, as amended, shall on the date of this order become members, employees, records, property, funds, and pending business of the Committee established by this order."
2939,11480,10994,outside_corpus,Executive Order No. 10994,"(c) The tenure of persons as members of the Committee in pursuance of the provisions of section 6 (b) of this order, (i), in the case of persons appointed to the predecessor Committee by the President, shall be at the pleasure of the President, and (ii), in the case of other members, shall be for periods equal to their respective unexpired terms under Executive Order No. 10994, as amended, but shall also be subject to the provisions of the last sentence of section 1 (b) of this order."
2947,11472,11402,outside_corpus,Executive Order No. 11402,"(3) Executive Order No. 11402 of March 29, 1968."
2955,11464,11368,outside_corpus,Executive Order No. 11368,"WHEREAS, I have determined that the rates of tax prescribed under section 1 of Executive Order No. 11368, dated August 28, 1967, with respect to acquisitions of stocks of foreign issuers and debt obligations of foreign obligors made after August 29, 1967, are higher than the rates of tax necessary to limit the acquisitions by United States persons of stocks of foreign issuers and debt obligations of foreign obligors within a range consistent with the balance-of-payments objectives of the United States;"
2955,11464,11368,outside_corpus,Executive Order No. 11368,"SECTION 1. Section 1 of Executive Order No. 11368, dated August 28, 1967, is hereby amended to read as follows:"
2982,11437,11361,outside_corpus,Executive Order No. 11361,"Executive Order No. 11232 of July 8, 1965, Executive Order No. 11352 of May 22, 1967, and Executive Order No. 11361 of July 6, 1967, are hereby revoked."
2996,11423,10485,outside_corpus,Executive Order No. 10485,"WHEREAS Executive Order No. 10485 of September 3, 1953, empowers the Federal Power Commission to issue permits for the construction, operation, maintenance, or connection, at the borders of the United States, of facilities for the transmission of electric energy between the United States and a foreign country and for the importation or exportation of natural gas to or from a foreign country; and"
2996,11423,10485,outside_corpus,Executive Orders No. 10485,"SECTION 1. (a) Except with respect to facilities covered by Executive Orders No. 10485 and No. 10530, the Secretary of State is hereby designated and empowered to receive all applications for permits for the construction, connection, operation, or maintenance, at the borders of the United States, of: (i) pipelines, conveyor belts, and similar facilities for the exportation or importation of petroleum, petroleum products, coal, minerals, or other products to or from a foreign country; (ii) facilities for the exportation or importation of water or sewage to or from a foreign country; (iii) monorails, aerial cable cars, aerial tramways and similar facilities for the transportation of persons or things, or both, to or from a foreign country; and (iv) bridges, to the extent that congressional authorization is not required."
3001,11418,11353,outside_corpus,Executive Order NO. 11353,"By virtue of the authority vested in me as President of the United States, Executive Order NO. 11353 of May 23, 1967, entitled ""Establishing the President's Advisory Council on Cost Reduction,"" is hereby amended by striking from section 2(5) thereof the text ""12 months after the effective date of this order"" and inserting in lieu of the stricken text the following: ""May 24, 1969""."
3011,11408,9367,outside_corpus,Executive Order No. 9367,"SECTION 1. Executive Order No. 9 of January 17, 1873, and Executive Order No. 9367 of August 4,1943, are hereby revoked."
3021,11398,10830,outside_corpus,Executive Order 10830,"SEC. 8. Seal. Executive Order 10830 of July 24, 1959, prescribing a seal for the President's Council on Youth Fitness, as amended by Executive Order 11074 of January 8, 1963, is further amended by adding the words ""and Sports"" after the word ""Fitness"" wherever it appears in said order."
3037,11382,10536,outside_corpus,Executive Order No. 10536,"SEC. 2. Federal Airport Act. Executive Order No. 10536 of June 9, 1954, is amended by striking out the words ""Administrator of Civil Aeronautics"" and inserting in place thereof the words ""Secretary of Transportation""."
3037,11382,10765,outside_corpus,Executive Order No. 10765,"SEC. 3. Life saving medals. The regulations prescribed by section 1 of Executive Order No. 10765 of April 24, 1958 (being §§ 9.1 et seq. of Chapter I of Title 49 of the Code of Federal Regulations) are amended by—"
3037,11382,10771,outside_corpus,Executive Order No. 10771,"(2) Executive Order No. 10771 of June 20, 1958"
3045,11374,10946,outside_corpus,Executive Order No. 10946,"SEC. 6. Executive Order No. 10946 of May 26, 1961, is hereby revoked."
3067,11354,3577,outside_corpus,Executive Order No. 3577,"SEC. 4. The provisions of Executive Order No. 3577 of November 8, 1921, shall not apply to proclamations, except proclamations of treaties, conventions, protocols, or other international agreements."
3072,11348,10800,outside_corpus,Executive Order No. 10800,"SEC. 501. Executive Order No. 10800 of January 15, 1959, is hereby revoked."
3078,11342,6783,outside_corpus,Executive Order No. 6783,"SEC. 5. Transition. The Committee may carry forward any uncompleted business, and succeed to any records and property, of the Quetico-Superior Committee provided for in Executive Order No. 6783 of June 30, 1934, as amended and supplemented."
3078,11342,6783,outside_corpus,Executive Order No. 6783,"Executive Order No. 6783 of June 30, 1934"
3078,11342,7921,outside_corpus,Executive Order No. 7921,"Executive Order No. 7921 of June 30, 1938"
3078,11342,9213,outside_corpus,Executive Order No. 9213,"Executive Order No. 9213 of August 4, 1942"
3078,11342,9741,outside_corpus,Executive Order No. 9741,"Executive Order No. 9741 of June 25, 1946"
3078,11342,9890,outside_corpus,Executive Order No. 9890,"Executive Order No. 9890 of September 6, 1947"
3078,11342,10134,outside_corpus,Executive Order No. 10134,"Executive Order No. 10134 of June 28, 1950"
3078,11342,10767,outside_corpus,Executive Order No. 10767,"Executive Order No. 10767 of May 9, 1958"
3081,11339,5952,outside_corpus,Executive Order No. 5952,"(1) Executive Order No. 5952 of November 23, 1932."
3081,11339,7500,outside_corpus,Executive Order No. 7500,"(2) Executive Order No. 7500 of December 3, 1936."
3081,11339,8333,outside_corpus,Executive Order No. 8333,"(3) Executive Order No. 8333 of January 25, 1940."
3115,11305,7676,outside_corpus,Executive Order No. 7676,"(1) Sections 9, 10, 11, 12, and 12a of Executive Order No. 7676 of July 26, 1937."
3115,11305,8962,outside_corpus,Executive Order No. 8962,"(2) Executive Order No. 8962 of December 6, 1941."
3115,11305,9746,outside_corpus,Executive Order No. 9746,"(3) Executive Order No. 9746 of July 1, 1946."
3117,11303,9721,outside_corpus,Executive Order No. 9721,"By virtue of the authority vested in me by the Civil Service Act (22 Stat. 403) and Section 1753 of the Revised Statutes, and as President of the United States, it is ordered that Executive Order No. 9721 of May 10, 1946, as amended by Executive Order No. 10103 of February 1,1950, providing for the transfer of personnel to public international organizations in which the United States Government participates be, and it is hereby, modified as follows:"
3117,11303,9721,outside_corpus,Executive Order No. 9721,"The limitation in Section 1 relating to the period during which an employee shall be considered as on leave of absence from his employment with the Federal Government is waived with respect to Reginald C. Price, and he shall be considered to have been on leave of absence for the period March 9,1954, through September 12,1957, for the purpose of all rights and benefits provided by Executive Order No. 9721, as amended."
3125,11295,7856,outside_corpus,Executive Order No. 7856,"(1) Executive Order No. 7856 of March 31, 1938, entitled ""Rules Governing the Granting and Issuing of Passports in the United States."""
3125,11295,8820,outside_corpus,Executive Order No. 8820,"(2) Executive Order No. 8820 of July 11, 1941, entitled ""Amending the Foreign Service Regulations of the United States""."
3139,11281,8389,outside_corpus,Executive Order No. 8389,"WHEREAS before October 1, 1948, the Secretary of the Treasury administered the blocking controls and other restrictions over property and interests of certain foreign countries or their nationals that had been imposed, under the authority of section 5 (b) of the Trading with the Enemy Act, as amended (50 U.S.C. App. 5 (b)), by means of and under Executive Order No. 8389 of April 10, 1940, as amended; and"
3139,11281,9989,outside_corpus,Executive Order No. 9989,"WHEREAS by Executive Order No. 9989 of August 20, 1948, jurisdiction over the property and interests which remained blocked or restricted under Executive Order No. 8389 on September 30, 1948, was transferred, effective October 1, 1948, to the Attorney General to aid him in carrying out his functions as successor to the Alien Property Custodian, including, among others, the function of vesting property pursuant to the provisions of the Trading with the Enemy Act, as amended; and"
3139,11281,8389,outside_corpus,Executive Order No. 8389,"WHEREAS by Executive Order No. 9989 of August 20, 1948, jurisdiction over the property and interests which remained blocked or restricted under Executive Order No. 8389 on September 30, 1948, was transferred, effective October 1, 1948, to the Attorney General to aid him in carrying out his functions as successor to the Alien Property Custodian, including, among others, the function of vesting property pursuant to the provisions of the Trading with the Enemy Act, as amended; and"
3139,11281,8389,outside_corpus,Executive Order No. 8389,"WHEREAS by Executive Order No. 10644 of November 7, 1955, the Attorney General was designated to carry out the functions of the President under Title II of the International Claims Settlement Act of 1949 (as added by the Act of August 9, 1955, Public Law 285, 84th Congress, 69 Stat. 562), including certain vesting and blocking functions required by section 202 of that Act (22 U.S.C. 1631a), and the Attorney General, as designee of the President, exercises controls under Executive Order No. 8389 with respect to the net proceeds of certain property that are carried, pursuant to section 202, in blocked accounts with the Treasury; and"
3139,11281,8389,outside_corpus,Executive Order No. 8389,"WHEREAS the blocking controls now exercised by the Attorney General under Executive Order No. 8389 are limited in application to property of Hungary or its nationals acquired on or before January 1, 1945; property of Czechoslovakia, Estonia, Latvia, Lithuania or nationals of those countries acquired on or before December 7, 1945; property of East Germany or its nationals acquired on or before December 31, 1946, and certain securities scheduled in General Rulings No. 5 and No. 5B, as amended (8 CFR 511.205 and 511.205b) ; and"
3139,11281,8389,outside_corpus,Executive Order No. 8389,"WHEREAS the Office of Alien Property, through which the Attorney General carries out or has carried out the various responsibilities described above, will be abolished on or before June 30, 1966, and the Attorney General thereafter will not be in a position to administer blocking controls under Executive Order No. 8389 efficiently; and"
3139,11281,9989,outside_corpus,Executive Order No. 9989,SECTION 1. The authority granted to the Attorney General by Executive Order No. 9989 with respect to property and interests blocked or otherwise subject to restriction under Executive Order No. 8389 is hereby terminated and Executive Order No. 9989 is hereby superseded.
3139,11281,8389,outside_corpus,Executive Order No. 8389,SECTION 1. The authority granted to the Attorney General by Executive Order No. 9989 with respect to property and interests blocked or otherwise subject to restriction under Executive Order No. 8389 is hereby terminated and Executive Order No. 9989 is hereby superseded.
3139,11281,9989,outside_corpus,Executive Order No. 9989,SECTION 1. The authority granted to the Attorney General by Executive Order No. 9989 with respect to property and interests blocked or otherwise subject to restriction under Executive Order No. 8389 is hereby terminated and Executive Order No. 9989 is hereby superseded.
3139,11281,8389,outside_corpus,Executive Order No. 8389,"SEC. 2. The Secretary of the Treasury shall hereafter be responsible for the administration of the controls exercisable under Executive Order No. 8389, and he is authorized and directed to take such action as he may deem necessary with respect to any property or interest that remains blocked or restricted under Executive Order No. 8389 on the effective date of this order. In the performance of the functions and duties hereby reassigned to him, the Secretary of the Treasury may act personally or through any officer, person, agency or instrumentality designated by him."
3139,11281,8389,outside_corpus,Executive Order No. 8389,"SEC. 2. The Secretary of the Treasury shall hereafter be responsible for the administration of the controls exercisable under Executive Order No. 8389, and he is authorized and directed to take such action as he may deem necessary with respect to any property or interest that remains blocked or restricted under Executive Order No. 8389 on the effective date of this order. In the performance of the functions and duties hereby reassigned to him, the Secretary of the Treasury may act personally or through any officer, person, agency or instrumentality designated by him."
3139,11281,8389,outside_corpus,Executive Order No. 8389,"SEC. 4. No person affected by any order, regulation, ruling, instruction, license or other action issued or taken by either the Attorney General or the Secretary of the Treasury in the administration of Executive Order No. 8389 may challenge the validity thereof or otherwise excuse any action, or failure to act, on the ground that it was within the jurisdiction of the Secretary of the Treasury rather than the Attorney General or vice versa."
3139,11281,8389,outside_corpus,Executive Order No. 8389,"SEC. 6. Executive Order No. 8389, this order and all delegations, designations, regulations, rulings, instructions and licenses issued or to be issued under Executive Order No. 8389 or this order are hereby continued in force according to their terms for the duration of the period of the national emergency proclaimed by Proclamation No. 2914 of December 16, 1950. Executive Order No. 10348 of April 26, 1952 is hereby superseded."
3139,11281,8389,outside_corpus,Executive Order No. 8389,"SEC. 6. Executive Order No. 8389, this order and all delegations, designations, regulations, rulings, instructions and licenses issued or to be issued under Executive Order No. 8389 or this order are hereby continued in force according to their terms for the duration of the period of the national emergency proclaimed by Proclamation No. 2914 of December 16, 1950. Executive Order No. 10348 of April 26, 1952 is hereby superseded."
3139,11281,9989,outside_corpus,Executive Order No. 9989,"SEC. 7. Nothing in this order shall be deemed to revoke or limit any powers heretofore conferred on the Secretary of the Treasury by or under any statute or Executive order, or to revoke or limit any powers heretofore conferred upon the Attorney General by or under any statute or Executive order other than Executive Order No. 9989 or No. 10644."
3142,11278,11017,outside_corpus,Executive Order No. 11017,"(b) The chairmanship of the Council shall rotate among the Secretary of the Interior, the Secretary of Agriculture, the Secretary of Commerce, and the Secretary of Housing and Urban Development, in the order named, for terms of two years each. Prior service as chairman of the Recreation Advisory Council, established by Executive Order No. 11017 of April 27, 1962, as amended, shall be construed as service as chairman of the Council for the purposes of such rotation."
3142,11278,11017,outside_corpus,Executive Order No. 11017,"SEC. 106. Prior orders. Executive Order No. 11017 of April 27, 1962, Executive Order No. 11069 of November 28, 1962, and Executive Order No. 11218 of April 24, 1965, are hereby superseded."
3171,11248,11244,outside_corpus,Executive Order No. 11244,"SEC. 3. Executive Order No. 11244 and Executive Order No. 11245, both dated September 16, 1965, are hereby superseded."
3171,11248,11245,outside_corpus,Executive Order No. 11245,"SEC. 3. Executive Order No. 11244 and Executive Order No. 11245, both dated September 16, 1965, are hereby superseded."
3173,11246,11246,not_earlier,Executive Order No. 11246,"""(3) The contractor will send to each labor union or representative of workers with which he has a collective bargaining agreement or other contract or understanding, a notice, to be provided by the agency contracting officer, advising the labor union or workers' representative of the contractor's commitments under Section 202 of Executive Order No. 11246 of September 24, 1965, and shall post copies of the notice in conspicuous places available to employees and applicants for employment."
3173,11246,11246,not_earlier,Executive Order No. 11246,"""(4) The contractor will comply with all provisions of Executive Order No. 11246 of Sept. 24, 1965, and of the rules, regulations, and relevant orders of the Secretary of Labor."
3173,11246,11246,not_earlier,Executive Order No. 11246,"""(5) The contractor will furnish all information and reports required by Executive Order No. 11246 of September 24, 1965, and by the rules, regulations, and orders of the Secretary of Labor, or pursuant thereto, and will permit access to his books, records, and accounts by the contracting agency and the Secretary of Labor for purposes of investigation to ascertain compliance with such rules, regulations, and orders."
3173,11246,11246,not_earlier,Executive Order No. 11246,"""(6) In the event of the contractor's noncompliance with the nondiscrimination clauses of this contract or with any of such rules, regulations, or orders, this contract may be cancelled, terminated, or suspended in whole or in part and the contractor may be declared ineligible for further Government contracts in accordance with procedures authorized in Executive Order No. 11246 of Sept. 24, 1965, and such other sanctions may be imposed and remedies involved as provided in Executive Order No. 11246 of September 24, 1965, or by rule, regulation, or order of the Secretary of Labor, or as otherwise provided by law."
3173,11246,11246,not_earlier,Executive Order No. 11246,"""(6) In the event of the contractor's noncompliance with the nondiscrimination clauses of this contract or with any of such rules, regulations, or orders, this contract may be cancelled, terminated, or suspended in whole or in part and the contractor may be declared ineligible for further Government contracts in accordance with procedures authorized in Executive Order No. 11246 of Sept. 24, 1965, and such other sanctions may be imposed and remedies involved as provided in Executive Order No. 11246 of September 24, 1965, or by rule, regulation, or order of the Secretary of Labor, or as otherwise provided by law."
3173,11246,11246,not_earlier,Executive Order No. 11246,"""(7) The contractor will include the provisions of Paragraphs (1) through (7) in every subcontract or purchase order unless exempted by rules, regulations, or orders of the Secretary of Labor issued pursuant to Section 204 of Executive Order No. 11246 of Sept. 24, 1965, so that such provisions will be binding upon each subcontractor or vendor. The contractor will take such action with respect to any subcontract or purchase order as the contracting agency may direct as a means of enforcing such provisions including sanctions for noncompliance: Provided, however, That in the event the contractor becomes involved in, or is threatened with, litigation with a subcontractor or vendor as a result of such direction by the contracting agency, the contractor may request the United States to enter into such litigation to protect the interests of the United States."""
3181,11239,7548,outside_corpus,Executive Order No. 7548,"(b) Executive Order No. 7548 of February 5, 1937, entitled ""Enforcement of the Convention for Safety of Life at Sea, 1929"" is hereby revoked."
3183,11237,11017,outside_corpus,Executive Order No. 11017,"May 28, 1963. (16 U.S.C. 4601-4601-3) and Executive Order No. 11017, for promoting the coordination of Federal plans and activities generally relating to outdoor recreation; and"
3190,11230,10857,outside_corpus,Executive Order No. 10857,"(27) The authority vested in the President by Section 45(a) of the Alaska Omnibus Act of June 25, 1959, 73 Stat. 152, (A) to determine that any function performed by the Federal Government in Alaska has been terminated or curtailed by the Federal Government and that performance of such function or substantially the same function has been or will be assumed by the State of Alaska, and (B) in his discretion, to transfer and convey to the State of Alaska, without reimbursement, any property or interest in property, real or personal, situated in Alaska and as otherwise described in Section 45(a). The provisions of this paragraph shall not be construed to affect the authority delegated to the Secretary of the Interior by Executive Order No. 10857 of December 29, 1959, with respect to the transfer and conveyance of property described in Section 2 of that order."
3190,11230,11012,outside_corpus,Executive Order No. 11012,"(11) Section 1 of Executive Order No. 11012 of March 27, 1962."
3190,11230,11116,outside_corpus,Executive Order No. 11116,"(12) Section 2(a) of Executive Order No. 11116 of August 5, 1963."
3192,11228,10800,outside_corpus,Executive Order No. 10800,"(3) Section 5 of Executive Order No. 10800 of January 15, 1959."
3198,11222,11125,outside_corpus,Executive Order No. 11125,"(b) Executive Order No. 11125 of October 29,1963."
3199,11221,11126,outside_corpus,Executive Order No. 11126,"By virtue of the authority vested in me as President of the United States, it is ordered that Executive Order No. 11126 of November 2, 1963, which established a Committee and a Council relating to the status of women, be amended as follows:"
3203,11218,11017,outside_corpus,Executive Order No. 11017,"By virtue of the authority vested in me as President of the United States, it is ordered that Executive Order No. 11017 of April 27,1962, as amended, be, and it is hereby, further amended by substituting for subsection (a) of Section 1 thereof the following:"
3205,11215,8977,outside_corpus,Executive Order No. 8977,"Sec. 5. Revocation. Executive Order No. 8977 of December 12, 1941, entitled ""Establishing the National Patent Planning Commission,"" is hereby revoked."
3230,11190,10651,outside_corpus,Executive Order No. 10651,"Sec. 2. Executive Order No. 10651 of January 6, 1956, is revoked."
3241,11179,10660,outside_corpus,Executive Order No. 10660,"(b) Executive Reserve Units existing under Executive Order No. 10660 of February 15,1956, as amended, on the date of this order shall henceforth be deemed to be Executive Reserve Units under this order."
3241,11179,10660,outside_corpus,Executive Order No. 10660,"(1) Subject to the provisions of this order, particularly paragraph (4) of this section, an individual who on the date of this order was a member of an Executive Reserve Unit under Executive Order No. 10660 may continue to serve therein without further designation."
3241,11179,10660,outside_corpus,Executive Order No. 10660,"Sec. 8. Executive Order No. 10660 of February 15, 1956, entitled ""Providing for the Establishment of a National Defense Executive Reserve,"" as amended, is hereby superseded."
3246,11174,10879,outside_corpus,Executive Order 10879,"Prior order. The numbered Sections of Executive Order 10879 of June 1, 1960, are hereby amended to read as follows:"
3253,11167,1288,outside_corpus,Executive Order No. 1288,"Being also a portion of Mauna Loa Forest and Game Reserve (Governor's Executive Order No. 1288, dated December 2, 1948)."
3253,11167,1288,outside_corpus,Executive Order 1288,"1. 336°22' 21,800.00 feet along the remainder of Mauna Loa Forest and Game Reserve (Governor's Executive Order 1288);"
3253,11167,1288,outside_corpus,Executive Order 1288,"2. 82°05' 17,400.00 feet along the remainder of Mauna Loa Forest and Game Reserve (Governor's Executive Order 1288);"
3253,11167,1288,outside_corpus,Executive Order 1288,"3. 120°00' 3,900.00 feet along the remainder of Mauna Loa Forest and Game Reserve (Governor's Executive Order 1288);"
3253,11167,1288,outside_corpus,Executive Order 1288,"4. 44°10' 3,900.00 feet along the remainder of Mauna Loa Forest and Game Reserve (Governor's Executive Order 1288);"
3253,11167,1288,outside_corpus,Executive Order 1288,"5. 82°05' 8,100.00 feet along the remainder of Mauna Loa Forest and Game Reserve (Governor's Executive Order 1288);"
3253,11167,1288,outside_corpus,Executive Order 1288,"6. 360°00' 16,900.95 feet along the remainder of Mauna Loa Forest and Game Reserve (Governor's Executive Order 1288);"
3253,11167,1288,outside_corpus,Executive Order 1288,"7. 90°00' 33,877.72 feet along the remainder of Mauna Loa Forest and Game Reserve (Governor's Executive Order 1288) ; to the boundary between Kaohe and Keauhou;"
3253,11167,1288,outside_corpus,Executive Order 1288,"13. 179°29' 1,132.00 feet along the remainder of Mauna Loa Forest and Game Reserve (Governor's Executive Order 1288);"
3253,11167,1288,outside_corpus,Executive Order 1288,"14. 265°10' 3,000.00 feet along the remainder of Mauna Loa Forest and Game Reserve (Governor's Executive Order 1288);"
3253,11167,1288,outside_corpus,Executive Order 1288,"15. 259°40' 3,700.00 feet along the remainder of Mauna Loa Forest and Game Reserve (Governor's Executive Order 1288);"
3253,11167,1288,outside_corpus,Executive Order 1288,"16. 202°30' 1,300.00 feet along the remainder of Mauna Loa Forest and Game Reserve (Governor's Executive Order 1288);"
3253,11167,1288,outside_corpus,Executive Order 1288,"17. 238°00' 3,600.00 feet along the remainder of Mauna Loa Forest and Game Reserve (Governor's Executive Order 1288);"
3253,11167,1288,outside_corpus,Executive Order 1288,"18. 290°00' 4,700.00 feet along the remainder of Mauna Loa Forest and Game Reserve (Governor's Executive Order 1288);"
3253,11167,1288,outside_corpus,Executive Order 1288,"19. 270°48' 1,670.00 feet along the remainder of Mauna Loa Forest and Game Reserve (Governor's Executive Order 1288);"
3253,11167,1288,outside_corpus,Executive Order 1288,"20. 296°30' 2,900.00 feet along the remainder of Mauna Loa Forest and Game Reserve (Governor's Executive Order 1288);"
3253,11167,1288,outside_corpus,Executive Order 1288,"21. 254°20' 3,300.00 feet along the remainder of Mauna Loa Forest and Game Reserve (Governor's Executive Order 1288);"
3253,11167,1288,outside_corpus,Executive Order 1288,"22. 293°50' 9,600.00 feet along the remainder of Mauna Loa Forest and Game Reserve (Governor's Executive Order 1288);"
3253,11167,1288,outside_corpus,Executive Order 1288,"23. 28°30' 1,100.00 feet along the remainder of Mauna Loa Forest and Game Reserve (Governor's Executive Order 1288);"
3253,11167,1288,outside_corpus,Executive Order 1288,"24. 298°30' 1,400.00 feet along the remainder of Mauna Loa Forest and Game Reserve (Governor's Executive Order 1288);"
3253,11167,1288,outside_corpus,Executive Order 1288,25. 208°30' 800.00 feet along the remainder of Mauna Loa Forest and Game Reserve (Governor's Executive Order 1288);
3253,11167,1288,outside_corpus,Executive Order 1288,"26. 291°10' 6,000.00 feet along the remainder of Mauna Loa Forest and Game Reserve (Governor's Executive Order 1288);"
3253,11167,1288,outside_corpus,Executive Order 1288,"27. 334°39' 1,540.00 feet along the remainder of Mauna Loa Forest and Game Reserve (Governor's Executive Order 1288);"
3255,11165,5607,outside_corpus,Executive Order 5607,"Being Remnant ""A"" of Federal Aid Secondary Project No. S-0720(l), being also a portion of Presidential Executive Order 5607, dated April 22,1931 (Amending Presidential Executive Order 5132, dated June 6, 1929), situate at Kahauiki, Oahu, Hawaii, and a portion of Moanalua Road, situate at Moanalua, Oahu, Hawaii."
3255,11165,5132,outside_corpus,Executive Order 5132,"Being Remnant ""A"" of Federal Aid Secondary Project No. S-0720(l), being also a portion of Presidential Executive Order 5607, dated April 22,1931 (Amending Presidential Executive Order 5132, dated June 6, 1929), situate at Kahauiki, Oahu, Hawaii, and a portion of Moanalua Road, situate at Moanalua, Oahu, Hawaii."
3255,11165,5607,outside_corpus,Executive Order 5607,"Beginning at the east corner of this piece of land, being also the north corner of Remnant ""B"" on the northeast boundary of Presidential Executive Order 5607, the coordinates of the said point of beginning referred to Government Survey Triangulation Station ""Salt Lake"" being 7,783.56 feet South and 7,424.74 feet East, thence running by azimuths measured clockwise from true South:"
3255,11165,5607,outside_corpus,E.O. 5607,"1. 131 °32' 276.00 feet along the remainder of P.E.O. 5607, along the new northeast side of Moanalua Road, Project No. S-0720(l);"
3255,11165,4545,outside_corpus,E.O. 4545,"10. 253°51' 12.40 feet along the present northwest side of Moanalua Road, along Parcel 1 of P.E.O. 4545;"
3255,11165,5607,outside_corpus,E.O. 5607,"11. 191""03'59"" 4.43 feet along the Kahauiki-Moanalua boundary, along the west end of P.E.O. 5607;"
3255,11165,5607,outside_corpus,E.O. 5607,"12. Thence along the northeast side of P.E.O. 5607 along Fort Shatter Military Reservation, P.E.O. 2521, on a curve to the right with a radius of 517.61 feet, the chord azimuth and distance being 275°47'04"" 184.48 feet;"
3255,11165,2521,outside_corpus,E.O. 2521,"12. Thence along the northeast side of P.E.O. 5607 along Fort Shatter Military Reservation, P.E.O. 2521, on a curve to the right with a radius of 517.61 feet, the chord azimuth and distance being 275°47'04"" 184.48 feet;"
3255,11165,5607,outside_corpus,E.O. 5607,"13. 286°03' 193.77 feet along the northeast side of P.E.O. 5607, along Fort Shafter Military Reservation, P.E.O. 2521;"
3255,11165,2521,outside_corpus,E.O. 2521,"13. 286°03' 193.77 feet along the northeast side of P.E.O. 5607, along Fort Shafter Military Reservation, P.E.O. 2521;"
3255,11165,5607,outside_corpus,Executive Order 5607,"Being Remnant ""B"" of Federal Aid Secondary Project No. S-0720(l), being also a portion of Presidential Executive Order 5607, dated April 22, 1931 (Amending Presidential Executive Order 5132, dated June 6, 1929), situate at Kahauiki, Oahu, Hawaii."
3255,11165,5132,outside_corpus,Executive Order 5132,"Being Remnant ""B"" of Federal Aid Secondary Project No. S-0720(l), being also a portion of Presidential Executive Order 5607, dated April 22, 1931 (Amending Presidential Executive Order 5132, dated June 6, 1929), situate at Kahauiki, Oahu, Hawaii."
3255,11165,5607,outside_corpus,E.O. 5607,"Beginning at the north corner of this piece of land, being also the east corner of Remnant ""A,"" on the northeast side of P.E.O. 5607, the coordinates of the said point of beginning referred to Government Survey Triangulation Station ""Salt Lake"" being 7,783.56 feet South and 7,424.74 feet East, thence running by azimuths measured clockwise from true South:"
3255,11165,5607,outside_corpus,E.O. 5607,"1. Along the northeast boundary of P.E.O. 5607, along Fort Shatter Military Reservation, P.E.O. 2521, on a curve to the right with a radius of 1,440.54 feet, the chord azimuth and distance being 327°03'12"" 280.56 feet;"
3255,11165,2521,outside_corpus,E.O. 2521,"1. Along the northeast boundary of P.E.O. 5607, along Fort Shatter Military Reservation, P.E.O. 2521, on a curve to the right with a radius of 1,440.54 feet, the chord azimuth and distance being 327°03'12"" 280.56 feet;"
3255,11165,5607,outside_corpus,E.O. 5607,"2. 146°46'30"" 221.60 feet along the remainder of P.E.O. 5607, along the new northeast side of Moanalua Road, Project No. S-0720(l);"
3256,11164,10857,outside_corpus,Executive Order No. 10857,"""(p) The authority vested in the President by Section 45(a) of the Alaska Omnibus Act, approved June 25, 1959 (73 Stat. 152), as amended, (1) to determine that any function performed by the Federal Government in Alaska has been terminated or curtailed by the Federal Government and that performance of such function or substantially the same function has been or will be assumed by the State of Alaska, and (2) in his discretion, to transfer and convey to the State of Alaska, without reimbursement, any property or interest in property, real or personal, situated in Alaska and as otherwise described in Section 45(a). The provisions of this paragraph shall not be construed to affect the authority delegated to the Secretary of the Interior by Executive Order No. 10857 of December 29, 1959, with respect to the transfer and conveyance of property described in Section 2 of that order."""
3260,11160,9703,outside_corpus,Executive Order No. 9703,"Sec. 6. Prior orders. Executive Order No. 9703 of March 12, 1946, prescribing regulations relating to medical care of certain personnel of the Coast Guard, Coast and Geodetic Survey, Public Health Service, and former Lighthouse Service, is hereby amended to the extent necessary to conform it to the provisions of this order."
3262,11157,10119,outside_corpus,Executive Order No. 10119,"(a) Executive Order No. 10119 of March 27, 1950."
3262,11157,10204,outside_corpus,Executive Order No. 10204,"(d) Executive Order No. 10204 of January 15, 1951."
3262,11157,10821,outside_corpus,Executive Order No. 10821,"(i) Executive Order No. 10821 of May 20, 1959."
3274,11146,10204,outside_corpus,Executive Order No. 10204,"By virtue of the authority vested in me by Section 403(g) of Title 37 of the United States Code, and as President of the United States and Commander in Chief of the Armed Forces, Executive Order No. 10204 of January 15, 1951, as amended by Section 3 of Executive Order No. 11120 of October 2, 1963, is hereby amended as follows:"
3276,11144,10857,outside_corpus,Executive Order No. 10857,"Sec. 3. Transfer of property. To the extent necessitated by settlements made by the Commission in respect of the property listed on the hereto attached ""SCHEDULE OF PROPERTY"", the Secretary of the Interior, under the authority of subsection (e) of Section 6 of the Act of July 7, 1958, or under the authority of subsection (a) of Section 45 of the Alaska Omnibus Act as affected by Section 2 of Executive Order No. 10857 of December 29, 1959, as the case may be, shall transfer, convey, or otherwise dispose of the said property to the State of Alaska."
3278,11142,10881,outside_corpus,Executive Order No. 10881,"Sec. 5. Executive Order No. 10810 of April 22, 1959, and Executive Order No. 10881 of July 6,1960, are hereby superseded."
3281,11138,9721,outside_corpus,Executive Order No. 9721,"By virtue of the authority vested in me by the Civil Service Act (22 Stat. 403) and Section 1753 of the Revised Statutes, and as President of the United States, it is ordered that Executive Order No. 9721 of May 10,1946, as amended by Executive Order No. 10103 of February 1,1950, providing for the transfer of personnel to public international organizations in which the United States Government participates be, and it is hereby, modified as follows:"
3281,11138,9721,outside_corpus,Executive Order 9721,"The limitation in Section 1 relating to the period during which an employee shall be considered as on leave of absence from his employment with the Federal Government, and the limitation in Section 3(a) relating to the period of time from date of transfer to a public international organization during which an employee is privileged to exercise reemployment rights, are waived with respect to Frederick Strauss, and he shall be considered to have been on leave of absence for the period August 12, 1957, through September 16, 1962, for the purpose of all rights and benefits provided by Executive Order 9721, as amended."
3300,11120,10204,outside_corpus,Executive Order No. 10204,"SEC. 3. Executive Order No. 10204 of January 15, 1951, is amended by adding the following new section:"
3313,11107,3861,outside_corpus,Executive Order No. 3861,"This order supersedes Executive Order No. 3861 of June 8, 1923, and shall be codified for inclusion in the Code of Federal Regulations."
3315,11105,9816,outside_corpus,Executive Order No. 9816,"SEC. 7. Executive Order No. 9816 of December 31, 1946, is hereby amended to the extent that it may be consistent with this order."
3322,11098,10001,outside_corpus,Executive Orders No. 10001,"By virtue of the authority vested in me by the Universal Military Training and Service Act (62 Stat. 604), as amended, I hereby prescribe the following amendments of the Selective Service Regulations prescribed by Executive Orders No. 10001 of September 17, 1948, No. 10008 of October 18, 1948, No. 10202 of January 12, 1951, No. 10292 of September 25, 1951, No. 10420 of December 17, 1952, No. 10469 of July 11, 1953, No. 10594 of January 31, 1955, No. 10659 of February 15, 1956, No. 10714 of June 13, 1957, No. 10735 of October 17, 1957, No. 10809 of March 19, 1959, and No. 10984 of January 5, 1962, and constituting portions of Chapter XVI of Title 32 of the Code of Federal Regulations:"
3325,11093,11051,outside_corpus,Executive Order No. 11051,"(c) Communications. Plan for and provide, operate, and maintain appropriate telecommunications facilities designed to meet the essential administrative requirements of Federal civilian departments and agencies during an emergency. Plans and programs of the Administrator shall be in consonance with national telecommunication policies, plans, and programs developed pursuant to Executive Order No. 10705, Executive Order No. 10995, Executive Order No. 11051, or other appropriate authority."
3335,11085,9586,outside_corpus,Executive Order No. 9586,"SECTION 1. Prior orders. The numbered sections of Executive Order No. 9586 of July 6, 1945, as amended by Executive Order No. 10336 of April 3, 1952, are hereby amended to read as follows:"
3345,11075,11051,outside_corpus,Executive Order No. 11051,"SEC. 10. Threat of impairment of national security. Executive Order No. 11051 of September 27, 1962, is hereby amended by striking from Section 404(a) thereof the text ""Section 2 of the Act of July 1, 1954 (68 Star. 360; 19 U.S.C. 1352a)"" and inserting in lieu of the stricken text the following: ""Section 232 of the Trade Expansion Act of 1962""."
3346,11074,10830,outside_corpus,Executive Order 10830,"SEC. 5. Seal. Executive Order 10830 of July 24, 1959, prescribing a seal for the President's Council on Youth Fitness, is hereby amended by substituting the word ""Physical"" wherever the word ""Youth"" appears in said order."
3346,11074,10673,outside_corpus,Executive Order 10673,"SEC. 6. Revocations. Executive Order 10673 of July 16, 1956, Executive Order 10772 of June 30, 1958, and Executive Order 10931 of March 29, 1961, are hereby revoked."
3350,11070,9708,outside_corpus,Executive Order No. 9708,"WHEREAS Executive Order No. 9708 of March 26, 1946, as amended by Executive Order No. 10532 of May 28, 1954, specifies certain communicable diseases for the purpose of regulations providing for the apprehension, detention, or conditional release of individuals to prevent the introduction, transmission, or spread of communicable diseases; and"
3350,11070,9708,outside_corpus,Executive Order No. 9708,"NOW, THEREFORE, by virtue of the authority vested in me by section 361 (b) of the Public Health Service Act, approved July 1, 1944 (58 Stat. 703; 42 U.S.C. 264), and as President of the United States, the list of communicable diseases contained in Executive Order No. 9708, as amended by Executive Order No. 10532, is hereby further amended by including therein a specification of the communicable disease Chickenpox and a specification of the communicable diseases Hemolytic Streptococcal Infections in place of Scarlet Fever and Streptococcic Sore Throat, so that such list shall read as follows:"
3351,11069,11017,outside_corpus,Executive Order No. 11017,"By virtue of the authority vested in me as President of the United States, Section 1 (a) of Executive Order No. 11017 of April 27, 1962, which established the Recreation Advisory Council, is hereby amended by inserting ""the Secretary of Commerce,"" immediately after ""the Secretary of Defense,""."
3372,11048,6935,outside_corpus,Executive Order No. 6935,"SEC. 103. Executive Order No. 6935 of December 29, 1934, to the extent that it pertains to Wake Island, is hereby superseded."
3372,11048,9709,outside_corpus,Executive Order No. 9709,"SEC. 304. This order shall not be deemed to affect Executive Order No. 9709 of March 29, 1946, or Executive Order No. 9797 of November 6, 1946."
3372,11048,9797,outside_corpus,Executive Order No. 9797,"SEC. 304. This order shall not be deemed to affect Executive Order No. 9709 of March 29, 1946, or Executive Order No. 9797 of November 6, 1946."
3374,11046,9419,outside_corpus,Executive Order No. 9419,"1. The Bronze Star Medal, with accompanying ribbons and appurtenances, which was first established by Executive Order No. 9419 of February 4, 1944, may be awarded by the Secretary of a military department or the Secretary of the Treasury with regard to the Coast Guard when not operating as a service in the Navy, or by such military commanders, or other appropriate officers as the Secretary concerned may designated to any person who, while serving in any capacity in or with the Army, Navy, Marine Corps, Air Force, or Coast Guard of the United States, after December 6, 1941, distinguishes, or has distinguished, himself by heroic or meritorious achievement or service, not involving participation in aerial flight-"
3374,11046,9419,outside_corpus,Executive Order No. 9419,"5. This order shall supersede Executive Order No. 9419 of February 4, 1944, entitled ""Bronze Star Medal"". However, existing regulations prescribed under that order shall, so far as they are not inconsistent with this order, remain in effect until modified or revoked by regulations prescribed under this order by the Secretary of the department concerned."
3382,11038,10945,outside_corpus,Executive Order No. 10945,"Effective July 1, 1962, Executive Order No. 10945 of May 24, 1961, and all delegations, redelegations, rules, regulations, orders, licenses, and other forms of administrative action under said order which were in effect on June 30, 1962, are continued in full force and effect."
3383,11037,6260,outside_corpus,Executive Order No. 6260,"By virtue of the authority vested in me by Section 5 (b) of the Act of October 6, 1917, as amended, 12 U.S.C. 95a, and in view of the continued existence of the national emergency proclaimed by Proclamation No. 2914 of December 16, 1950, I, John F. Kennedy, President of the United States of America, do hereby further amend Executive Order No. 6260, as amended, as follows:"
3388,11031,6783,outside_corpus,Executive Order No. 6783,"SECTION 1. The existence of the Quetico-Superior Committee (which was created by Executive Order No. 6783 of June 30, 1934, and thereafter continued from time to time) is hereby extended for a period of four years ending June 30, 1966."
3388,11031,6783,outside_corpus,Executive Order No. 6783,"(b) The two additional members of the Committee, provided for by Executive Order No. 6783, shall continue to be designated by, and serve at the pleasure of, the Secretary of Agriculture and the Secretary of the Interior, respectively."
3388,11031,6783,outside_corpus,Executive Order No. 6783,"SEC. 3. The said Executive Order No. 6783, as amended, is hereby further amended accordingly."
3390,11032,5952,outside_corpus,Executive Order No. 5952,"By virtue of the authority vested in me by Sections 4561 and 9561 of Title 10, United States Code, and Section 301 of Title 3, United States Code, it is ordered that Executive Order No. 5952 of November 23, 1932, as amended, prescribing the Army Ration, be, and it is hereby, further amended as follows:"
3392,11028,10993,outside_corpus,Executive Order No. 10993,"3. Lot 1, section 25, township 40 north, range 3 west, Michigan Meridian (Round Island) is hereby added to and made a part of the Hiawatha National Forest (Michigan) as proclaimed by Proclamation of January 16, 1939 (53 Stat. 3043), as modified by Proclamation No. 2318 (553 Stat. 2518), Executive Order No. 10932 of April 7, 1961 (26 F.R. 3051), and Executive Order No. 10993 of February 9, 1962 (27 F.R. 1312)."
3400,11021,9875,outside_corpus,Executive Orders Nos. 9875,"WHEREAS the United States has heretofore assumed obligations for the civil administration of the trust territory and has carried out such civil administration under the provisions of Executive Orders Nos. 9875 of July 18, 1947, 10265 of June 29, 1951, 10408 of November 10, 1952, and 10470 of July 17, 1953; and"
3400,11021,10470,outside_corpus,Executive Order No. 10470,"(3) Executive Order No. 10470 of July 17, 1953."
3448,10973,10955,outside_corpus,Executive Order No. 10955,"(c) Executive Order No. 10955 of July 31,1961 (26 F.R. 6967)."
3466,10954,10906,outside_corpus,Executive Order No. 10906,"By virtue of the authority vested in me by sections 6103(a) and 6106 of the Internal Revenue Code of 1954 (68A Stat. 753, 756; 26 U.8.C. 6103(a), 6106), it is hereby ordered that the last paragraph of Executive Order No. 10906 of January 17, 1961, entitled ""Inspection by Certain Classes of Persons and State and Federal Government Establishments on Returns Made in Respect of Certain Taxes Imposed by the Internal Revenue Code of 1954,"" be, and it is hereby, amended to read as follows:"
3466,10954,10738,outside_corpus,Executive Order No. 10738,"""This order shall become effective upon its filing for publication in the FEDERAL REGISTER, and shall on that date supersede Executive Order No. 10738 of November 15, 1957, to the extent that such order is applicable to inspection by State tax officials after the effective date of this order of estate and gift-tax returns made under the Internal Revenue Code of 1954,"
3469,10951,10949,outside_corpus,Executive Order No. 10949,"By virtue of the authority vested in me by section 206 of the Labor-Management Relations Act, 1947, 61 Stat. 155 (29 U.S.C. 176), I hereby extend until 9 a.m., July 3, 1961, the time within which the board of inquiry created by Executive Order No. 10949 of June 26, 1961, to inquire into the issues involved in a labor dispute involving the Maritime Industry of the United States, shall report to the President."
3479,10941,10586,outside_corpus,Executive Order No. 10586,"SEC. 2. Executive Order No. 10586 of January 13, 1955, entitled ""Designating Certain Officers to Act as Secretary of the Treasury"", is hereby revoked."
3488,10932,6886,outside_corpus,Executive Order No. 6886,"The exterior boundaries of (1) the Chequamegon National Forest, Wisconsin, as described by Proclamation No. 2061 of November 13, 1933 (48 Stat. 1716), and modified by Executive Order No. 6886 of October 27, 1934, Proclamation No. 2218 of December 31, 1936 (50 Stat. 1806), Executive Order No. 10374 of July 15, 1952 (17 F.R. 6457), and Public Land Order No. 1359 of November 5, 1956 (21 F.R. 8748), (2) the Clark National Forest, Missouri, as described by Proclamation No. 2363 of September 11, 1939 (54 Stat. 2657); (3) the Hiawatha National Forest, Michigan, as described by Proclamation No. 1931 of January 16, 1931 (46 Stat. 3043), and modified by Proclamation No. 2318 of January 3, 1939 (53 Stat. 2518); (4) the Huron National Forest, Michigan, as described by Proclamation No. 1844 of July 30, 1928 (45 Stat. 2959), as modified by Proclamation No. 2384 of January 31, 1940 (54 Stat. 2684), and Public Land Order No. 201 of January 12, 1944 (9 F.R. 797); (5) the Marquette National Forest, Michigan, as described by Proclamation No. 1938 of February 12, 1931 (46 Stat. 3050), as modified by the act of May 28, 1935 (49 Stat. 307), Proclamation No. 2319 of November 25, 1938 (53 Stat. 2505), Proclamation No. 2319 of January 11, 1939 (53 Stat. 2520), Proclamation No. 2336 of May 11, 1939 (53 Stat. 2541), and Public Land Order No. 523 of October 4, 1948 (13 F.R. 5950); (6) the Mark Twain National Forest, Missouri, as described by Proclamation No. 2362 of September 11, 1939 (54 Stat. 2655); (7) the Nicolet National Forest, Wisconsin, as described by Proclamation No. 2035 of March 2, 1933 (47 Stat. 2561), as modified by Proclamation No. 2060 of November 13, 1933 (48 Stat. 1715), Executive Order No. 6886 of October 27, 1934, Executive Order No. 7359 of May 5,1936, Proclamation No. 2219 of December 31, 1936 (50 Stat.1807), Administrative Order of the Secretary of Agriculture of May 13, 1949 (14 F.R. 2647) and Executive Order No. 10374 of July 15, 1952 (17 F.R. 6457); (8) the Ottawa National Forest, Michigan, as described by Proclamation No. 1932 of January 27, 1931 (46 Stat. 3044), as modified by Proclamation No. 2220 of January 11, 1937 (50 Stat. 1808), and Public Land Order No. 357 of March 17, 1947 (12 F.R. 1943); and (9) the Shawnee National Forest, Illinois, as described by Proclamation No. 2357 of September 6, 1939 (54 Stat. 2649), are hereby modified to exclude therefrom the following described lands :"
3488,10932,6886,outside_corpus,Executive Order No. 6886,"The exterior boundaries of (1) the Chequamegon National Forest, Wisconsin, as described by Proclamation No. 2061 of November 13, 1933 (48 Stat. 1716), and modified by Executive Order No. 6886 of October 27, 1934, Proclamation No. 2218 of December 31, 1936 (50 Stat. 1806), Executive Order No. 10374 of July 15, 1952 (17 F.R. 6457), and Public Land Order No. 1359 of November 5, 1956 (21 F.R. 8748), (2) the Clark National Forest, Missouri, as described by Proclamation No. 2363 of September 11, 1939 (54 Stat. 2657); (3) the Hiawatha National Forest, Michigan, as described by Proclamation No. 1931 of January 16, 1931 (46 Stat. 3043), and modified by Proclamation No. 2318 of January 3, 1939 (53 Stat. 2518); (4) the Huron National Forest, Michigan, as described by Proclamation No. 1844 of July 30, 1928 (45 Stat. 2959), as modified by Proclamation No. 2384 of January 31, 1940 (54 Stat. 2684), and Public Land Order No. 201 of January 12, 1944 (9 F.R. 797); (5) the Marquette National Forest, Michigan, as described by Proclamation No. 1938 of February 12, 1931 (46 Stat. 3050), as modified by the act of May 28, 1935 (49 Stat. 307), Proclamation No. 2319 of November 25, 1938 (53 Stat. 2505), Proclamation No. 2319 of January 11, 1939 (53 Stat. 2520), Proclamation No. 2336 of May 11, 1939 (53 Stat. 2541), and Public Land Order No. 523 of October 4, 1948 (13 F.R. 5950); (6) the Mark Twain National Forest, Missouri, as described by Proclamation No. 2362 of September 11, 1939 (54 Stat. 2655); (7) the Nicolet National Forest, Wisconsin, as described by Proclamation No. 2035 of March 2, 1933 (47 Stat. 2561), as modified by Proclamation No. 2060 of November 13, 1933 (48 Stat. 1715), Executive Order No. 6886 of October 27, 1934, Executive Order No. 7359 of May 5,1936, Proclamation No. 2219 of December 31, 1936 (50 Stat.1807), Administrative Order of the Secretary of Agriculture of May 13, 1949 (14 F.R. 2647) and Executive Order No. 10374 of July 15, 1952 (17 F.R. 6457); (8) the Ottawa National Forest, Michigan, as described by Proclamation No. 1932 of January 27, 1931 (46 Stat. 3044), as modified by Proclamation No. 2220 of January 11, 1937 (50 Stat. 1808), and Public Land Order No. 357 of March 17, 1947 (12 F.R. 1943); and (9) the Shawnee National Forest, Illinois, as described by Proclamation No. 2357 of September 6, 1939 (54 Stat. 2649), are hereby modified to exclude therefrom the following described lands :"
3488,10932,7359,outside_corpus,Executive Order No. 7359,"The exterior boundaries of (1) the Chequamegon National Forest, Wisconsin, as described by Proclamation No. 2061 of November 13, 1933 (48 Stat. 1716), and modified by Executive Order No. 6886 of October 27, 1934, Proclamation No. 2218 of December 31, 1936 (50 Stat. 1806), Executive Order No. 10374 of July 15, 1952 (17 F.R. 6457), and Public Land Order No. 1359 of November 5, 1956 (21 F.R. 8748), (2) the Clark National Forest, Missouri, as described by Proclamation No. 2363 of September 11, 1939 (54 Stat. 2657); (3) the Hiawatha National Forest, Michigan, as described by Proclamation No. 1931 of January 16, 1931 (46 Stat. 3043), and modified by Proclamation No. 2318 of January 3, 1939 (53 Stat. 2518); (4) the Huron National Forest, Michigan, as described by Proclamation No. 1844 of July 30, 1928 (45 Stat. 2959), as modified by Proclamation No. 2384 of January 31, 1940 (54 Stat. 2684), and Public Land Order No. 201 of January 12, 1944 (9 F.R. 797); (5) the Marquette National Forest, Michigan, as described by Proclamation No. 1938 of February 12, 1931 (46 Stat. 3050), as modified by the act of May 28, 1935 (49 Stat. 307), Proclamation No. 2319 of November 25, 1938 (53 Stat. 2505), Proclamation No. 2319 of January 11, 1939 (53 Stat. 2520), Proclamation No. 2336 of May 11, 1939 (53 Stat. 2541), and Public Land Order No. 523 of October 4, 1948 (13 F.R. 5950); (6) the Mark Twain National Forest, Missouri, as described by Proclamation No. 2362 of September 11, 1939 (54 Stat. 2655); (7) the Nicolet National Forest, Wisconsin, as described by Proclamation No. 2035 of March 2, 1933 (47 Stat. 2561), as modified by Proclamation No. 2060 of November 13, 1933 (48 Stat. 1715), Executive Order No. 6886 of October 27, 1934, Executive Order No. 7359 of May 5,1936, Proclamation No. 2219 of December 31, 1936 (50 Stat.1807), Administrative Order of the Secretary of Agriculture of May 13, 1949 (14 F.R. 2647) and Executive Order No. 10374 of July 15, 1952 (17 F.R. 6457); (8) the Ottawa National Forest, Michigan, as described by Proclamation No. 1932 of January 27, 1931 (46 Stat. 3044), as modified by Proclamation No. 2220 of January 11, 1937 (50 Stat. 1808), and Public Land Order No. 357 of March 17, 1947 (12 F.R. 1943); and (9) the Shawnee National Forest, Illinois, as described by Proclamation No. 2357 of September 6, 1939 (54 Stat. 2649), are hereby modified to exclude therefrom the following described lands :"
3489,10931,10673,outside_corpus,Executive Order No. 10673,"SECTION 1. Section 1 of Executive Order No. 10673 of July 16, 1956, as amended, is hereby further amended to read as follows:"
3489,10931,10673,outside_corpus,Executive Order No. 10673,"SEC. 2. The following-described orders, amending section 1 of Executive Order No. 10673, are hereby revoked:"
3489,10931,10704,outside_corpus,Executive Order No. 10704,"Executive Order No. 10704 of March 25, 1957."
3491,10930,10096,outside_corpus,Executive Order No. 10096,"SECTION 1. The Government Patents Board, established by section 3 (a) of Executive Order No. 10096 of January 23, 1950, and all positions established thereunder or pursuant thereto are hereby abolished."
3491,10930,10096,outside_corpus,Executive Order No. 10096,"SEC. 2. All functions of the Government Patents Board and of the Chairman thereof under the said Executive Order No. 10096, except the functions of conference and consultation between the Board and the Chairman, are hereby transferred to the Secretary of Commerce, who may provide for the performance of such transferred functions by such officer, employee, or agency of the Department of Commerce as he may designate."
3491,10930,10096,outside_corpus,Executive Order No. 10096,"SEC. 5. Subsections (a) and (c) of section 3 of Executive Order No. 10096 are hereby revoked, and all other provisions of that order are hereby amended to the extent that they are inconsistent with the provisions of this order."
3495,10925,10925,not_earlier,Executive Order No. 10925,"""(4) The contractor will comply with all provisions of Executive Order No. 10925 of March 6, 1961, and of the rules, regulations, and relevant orders of the President's Committee on Equal Employment Opportunity created thereby."
3495,10925,10925,not_earlier,Executive Order No. 10925,"""(5) The contractor will furnish all information and reports required by Executive Order No. 10925 of March 6, 1961, and by the rules, regulations, and orders of the said Committee, or pursuant thereto, and will permit access to his books, records, and accounts by the contracting agency and the Committee for purposes of investigation to ascertain compliance with sueh rules, regulations, and orders."
3495,10925,10925,not_earlier,Executive Order No. 10925,"""(6) In the event of the contractor's non-compliance with the nondiscrimination clauses of this contract or with any of the said rules, regulations, or orders, this contract may be cancelled in whole or in part and the contractor may be declared ineligible for further government contracts in accordance with procedures authorized in Executive Order No. 10925 of March 6, 1961, and such other sanctions may be imposed and remedies invoked as provided in the said Executive order or by rule, regulation, or order of the President's Committee on Equal Employment Opportunity, or as otherwise provided by law."
3495,10925,10925,not_earlier,Executive Order No. 10925,""" (7) The contractor will include the provisions of the foregoing paragraphs (1) through (6) in every subcontract or purchase order unless exempted by rules, regulations, or orders of the President's Committee on Equal Employment Opportunity issued pursuant to section 303 of Executive Order No. 10925 of March 6, 1961, so that such provisions will be binding upon each subcontractor or vendor. The contractor will take such action with respect to any subcontract or purchase order as the contracting agency may direct as a means of enforcing such provisions, including sanctions for noncompliance: Provided, however, that in the event the contractor becomes involved in, or is threatened with, litigation with a subcontractor or vendor as a result of such direction by the contracting agency, the contractor may request the United States to enter into such litigation to protect the interests of the United States."""
3503,10917,10432,outside_corpus,Executive Order No. 10432,"SECTION 1. The President's Advisory Committee on Government Organization, established by Executive Order No. 10432 of January 24, 1953, and the Advisory Committee on Management Improvement, established by Section 3 of Executive Order No. 10072 of July 29, 1949, are hereby abolished."
3503,10917,10432,outside_corpus,Executive Order No. 10432,"SEC. 3. (a) Executive Order No. 10432 of January 24, 1953, is hereby revoked."
3507,10913,10584,outside_corpus,Executive Order No. 10584,"By virtue of the authority vested in me by the Watershed Protection and Flood Prevention Act, as amended (16 U.S.C. 1001 et seq.), and as President of the United States, it is ordered that Executive Order No. 10584 of December 18, 1954, be, and it is hereby, amended by deleting sections 1, 2, 3, and 4 thereof, by renumbering sections 5 and 6 thereof as sections 6 and 7, respectively, and by substituting the following new sections:"
3508,10912,10575,outside_corpus,Executive Order No. 10575,"6. By substituting for the text ""Executive Order No. 10575 of November 6, 1954 (19 F.R. 7249)"" in section 5 the following: ""Executive Order No. 10893 of November 8, 1960 (25 F.R. 10731)""."
3519,10903,10624,outside_corpus,Executive Order No. 10624,"SEC. 3. That portion of section 2 of Executive Order No. 10624 of July 28, 1955, which precedes the proviso thereof, is hereby amended to read as follows:"
3519,10903,10391,outside_corpus,Executive Order No. 10391,"8. Executive Order No. 10391 of September 3, 1952."
3519,10903,10636,outside_corpus,Executive Order No. 10636,"11. Section 1 and, to the extent that it pertains to Executive Order No. 10000, section 3 of Executive Order No. 10636 of September 16, 1955."
3524,10896,6260,outside_corpus,Executive Order No. 6260,"By virtue of the authority vested in me by section 5(b) of the act of October 6, 1917, as amended, 12 U.S.C. 95a, and in view of the continued existence of the national emergency proclaimed by Proclamation No. 2914 of December 16, 1950, I, DWIGHT D. EISENHOWER, President of the United States of America, do hereby confirm Executive Order No. 6260 of August 28, 1933, as amended, and do hereby further amend Executive Order No. 6280 as follows:"
3524,10896,6280,outside_corpus,Executive Order No. 6280,"By virtue of the authority vested in me by section 5(b) of the act of October 6, 1917, as amended, 12 U.S.C. 95a, and in view of the continued existence of the national emergency proclaimed by Proclamation No. 2914 of December 16, 1950, I, DWIGHT D. EISENHOWER, President of the United States of America, do hereby confirm Executive Order No. 6260 of August 28, 1933, as amended, and do hereby further amend Executive Order No. 6280 as follows:"
3524,10896,6260,outside_corpus,Executive Order No. 6260,"This amendment of Executive Order No. 6260, as amended, shall not affect any act done, or any right accruing or accrued or any suit or proceeding had or commenced in any civil or criminal cause prior to the effective date of this amendment, and all penalties, forfeitures, and liabilities under Executive Order No. 6260, as heretofore amended, shall continue and may be enforced as if this amendment had not been made. All licenses, orders, rules, or regulations heretofore issued under Executive Order No. 6260. as amended, and now in effect, including the Gold Regulations constituting Part 54 of Title 31 of the Code of Federal Regulations, are hereby approved, ratified, and confirmed and shall continue in full force and effect until amended, modified, or revoked by the Secretary of the Treasury."
3524,10896,6260,outside_corpus,Executive Order No. 6260,"This amendment of Executive Order No. 6260, as amended, shall not affect any act done, or any right accruing or accrued or any suit or proceeding had or commenced in any civil or criminal cause prior to the effective date of this amendment, and all penalties, forfeitures, and liabilities under Executive Order No. 6260, as heretofore amended, shall continue and may be enforced as if this amendment had not been made. All licenses, orders, rules, or regulations heretofore issued under Executive Order No. 6260. as amended, and now in effect, including the Gold Regulations constituting Part 54 of Title 31 of the Code of Federal Regulations, are hereby approved, ratified, and confirmed and shall continue in full force and effect until amended, modified, or revoked by the Secretary of the Treasury."
3524,10896,6260,outside_corpus,Executive Order No. 6260,"This amendment of Executive Order No. 6260, as amended, shall not affect any act done, or any right accruing or accrued or any suit or proceeding had or commenced in any civil or criminal cause prior to the effective date of this amendment, and all penalties, forfeitures, and liabilities under Executive Order No. 6260, as heretofore amended, shall continue and may be enforced as if this amendment had not been made. All licenses, orders, rules, or regulations heretofore issued under Executive Order No. 6260. as amended, and now in effect, including the Gold Regulations constituting Part 54 of Title 31 of the Code of Federal Regulations, are hereby approved, ratified, and confirmed and shall continue in full force and effect until amended, modified, or revoked by the Secretary of the Treasury."
3528,10893,10575,outside_corpus,Executive Order No. 10575,"(2) References in any prior Executive order not superseded under section 305 (a) of this order to any provisions of any Executive order so superseded (including the reference in section 3 (c) of Executive Order No. 10560 of September 9, 1954 (19 PR. 5927), as affected by the provisions of section 303(b) of Executive Order No. 10575 of November 6, 1954, to Part n of the latter order) shall hereafter be deemed to be references to the corresponding provisions, if any, of this order."
3528,10893,10575,outside_corpus,Executive Order No. 10575,"(1) Executive Order No. 10575 of November 6, 1954 (19 P.R. 7249)."
3528,10893,10625,outside_corpus,Executive Order No. 10625,"(3) Executive Order No. 10625 of August 2, 1955 (20 PR. 5571)."
3528,10893,10822,outside_corpus,Executive Order No. 10822,"(6) Sections 1 and 2 of Executive Order No. 10822 of May 20, 1959 (24 PR. 4159)."
3531,10889,10857,outside_corpus,Executive Order No. 10857,"""(p) The authority vested in the President by section 45(a) of the Alaska Omnibus Act, approved June 25, 1959 (73 Stat. 152), (1) to determine that any function performed by the Federal Government in Alaska has been terminated or curtailed by the Federal Government and that performance of such function or substantially the same function has been or will be assumed by the State of Alaska, and (2) until July 1, 1964, in his discretion, to transfer and convey to the State of Alaska, without reimbursement, any property or interest in property, real or personal, situated in Alaska and as otherwise described in section 45(a): Provided, that the provisions of this paragraph shall not be construed to affect the authority delegated to the Secretary of the Interior by Executive Order No. 10857 of December 29, 1959, with respect to the transfer and conveyance of property described in section 2 of that order."
3538,10882,10583,outside_corpus,Executive Order No. 10583,"By virtue of the authority vested in me by section 301 of title 3 of the United States Code, and as President of the United States, it is ordered that Executive Order No. 10289 of September 17, 1951, headed ""Providing for the Performance of Certain Functions of the President by the Secretary of the Treasury"" (3 CPR, ch. II), as amended by Executive Order No. 10583 of December 18, 1954 (3 CPR, ch. II), be, and it is hereby, further amended by amending the first proviso of subparagraph (f) of paragraph 1 thereof, and by deleting the second proviso of that subparagraph, so that the said subparagraph (f), in its entirety, will hereafter read as follows:"
3556,10864,9751,outside_corpus,Executive Order No. 9751,"The designation of the Pan American Health Organization made by this order shall be deemed to include the designation of the Pan American Sanitary Bureau. The designation of the Pan American Sanitary Bureau made by Executive Order No. 9751 of July 11, 1946, is hereby superseded, and that order Is amended accordingly."
3560,10860,10823,outside_corpus,Executive Order No. 10823,"SEC. 5. This order shall become effective on July 4, 1960, and Executive Order No. 10823 of May 26, 1959, shall be superseded as of that date."
3565,10850,5814,outside_corpus,Executive Order No. 5814,"(5) the Kisatchie National Forest, Louisiana, Ns described by Proclamation No. 2173 of June 3, 1936 (49 Stat. 3520); (6) the Ocala National Forest, Florida,, as described by Proclamation of November 24, 1908 (35 Stat. 2206), as modified by Proclamation of April 17, 1911 (37 Stat. 1678), Proclamation of October 17, 1927 (45 Stat. 2927), Executive Order No. 5814 of March 1, 1932, Proclamation No. 2293 of July 16, 1938 (53 Stat. 2462), and Public Land Order No. 750 of August 29, 1951 (16 F.R. 9044); (7) the Ouachita National Forest, Arkansas and Oklahoma, established as the Arkansas National Forest by Proclamation of December 18, 1907 (35 Stat. 2167), as modified by several proclamations, executive orders, public land orders and the act of June 24, 1938 (52 Stat. 1038), which, transferred land from the national forest to a national park, the name having been changed to Ouachita National Forest by Executive Order No. 4436 of April 29, 1926; (8) the Pisgah National Forest as described by Proclamation No. 1349 of October 17, 1916 (39 Stat. 1811), as modified by Executive Order No. 3820 of April 9, 1923, the acts of August 26, 1935 (49 Stat. 800), and July 26, 1950 (64 Stat. 377), and several proclamations, the latest being No. 2187 of July 10, 1936 (50 Stat. 1745); (9) the Sumter National Forest, South Carolina, as described by Proclamation No. 2188 of July 13, 1936 (50 Stat. 1750); and (10) the Talladega National Forest, Alabama, as described by Proclamation No. 2190 of July 17, 1936 (50 Stat. 1755), as modified by Executive Order No. 7443 of August 31, 1936, and Proclamation No. 2285 of May 11, 1938 (52 Stat. 1548), are hereby modified to exclude therefrom the following described lands:"
3565,10850,4436,outside_corpus,Executive Order No. 4436,"(5) the Kisatchie National Forest, Louisiana, Ns described by Proclamation No. 2173 of June 3, 1936 (49 Stat. 3520); (6) the Ocala National Forest, Florida,, as described by Proclamation of November 24, 1908 (35 Stat. 2206), as modified by Proclamation of April 17, 1911 (37 Stat. 1678), Proclamation of October 17, 1927 (45 Stat. 2927), Executive Order No. 5814 of March 1, 1932, Proclamation No. 2293 of July 16, 1938 (53 Stat. 2462), and Public Land Order No. 750 of August 29, 1951 (16 F.R. 9044); (7) the Ouachita National Forest, Arkansas and Oklahoma, established as the Arkansas National Forest by Proclamation of December 18, 1907 (35 Stat. 2167), as modified by several proclamations, executive orders, public land orders and the act of June 24, 1938 (52 Stat. 1038), which, transferred land from the national forest to a national park, the name having been changed to Ouachita National Forest by Executive Order No. 4436 of April 29, 1926; (8) the Pisgah National Forest as described by Proclamation No. 1349 of October 17, 1916 (39 Stat. 1811), as modified by Executive Order No. 3820 of April 9, 1923, the acts of August 26, 1935 (49 Stat. 800), and July 26, 1950 (64 Stat. 377), and several proclamations, the latest being No. 2187 of July 10, 1936 (50 Stat. 1745); (9) the Sumter National Forest, South Carolina, as described by Proclamation No. 2188 of July 13, 1936 (50 Stat. 1750); and (10) the Talladega National Forest, Alabama, as described by Proclamation No. 2190 of July 17, 1936 (50 Stat. 1755), as modified by Executive Order No. 7443 of August 31, 1936, and Proclamation No. 2285 of May 11, 1938 (52 Stat. 1548), are hereby modified to exclude therefrom the following described lands:"
3565,10850,3820,outside_corpus,Executive Order No. 3820,"(5) the Kisatchie National Forest, Louisiana, Ns described by Proclamation No. 2173 of June 3, 1936 (49 Stat. 3520); (6) the Ocala National Forest, Florida,, as described by Proclamation of November 24, 1908 (35 Stat. 2206), as modified by Proclamation of April 17, 1911 (37 Stat. 1678), Proclamation of October 17, 1927 (45 Stat. 2927), Executive Order No. 5814 of March 1, 1932, Proclamation No. 2293 of July 16, 1938 (53 Stat. 2462), and Public Land Order No. 750 of August 29, 1951 (16 F.R. 9044); (7) the Ouachita National Forest, Arkansas and Oklahoma, established as the Arkansas National Forest by Proclamation of December 18, 1907 (35 Stat. 2167), as modified by several proclamations, executive orders, public land orders and the act of June 24, 1938 (52 Stat. 1038), which, transferred land from the national forest to a national park, the name having been changed to Ouachita National Forest by Executive Order No. 4436 of April 29, 1926; (8) the Pisgah National Forest as described by Proclamation No. 1349 of October 17, 1916 (39 Stat. 1811), as modified by Executive Order No. 3820 of April 9, 1923, the acts of August 26, 1935 (49 Stat. 800), and July 26, 1950 (64 Stat. 377), and several proclamations, the latest being No. 2187 of July 10, 1936 (50 Stat. 1745); (9) the Sumter National Forest, South Carolina, as described by Proclamation No. 2188 of July 13, 1936 (50 Stat. 1750); and (10) the Talladega National Forest, Alabama, as described by Proclamation No. 2190 of July 17, 1936 (50 Stat. 1755), as modified by Executive Order No. 7443 of August 31, 1936, and Proclamation No. 2285 of May 11, 1938 (52 Stat. 1548), are hereby modified to exclude therefrom the following described lands:"
3565,10850,7443,outside_corpus,Executive Order No. 7443,"(5) the Kisatchie National Forest, Louisiana, Ns described by Proclamation No. 2173 of June 3, 1936 (49 Stat. 3520); (6) the Ocala National Forest, Florida,, as described by Proclamation of November 24, 1908 (35 Stat. 2206), as modified by Proclamation of April 17, 1911 (37 Stat. 1678), Proclamation of October 17, 1927 (45 Stat. 2927), Executive Order No. 5814 of March 1, 1932, Proclamation No. 2293 of July 16, 1938 (53 Stat. 2462), and Public Land Order No. 750 of August 29, 1951 (16 F.R. 9044); (7) the Ouachita National Forest, Arkansas and Oklahoma, established as the Arkansas National Forest by Proclamation of December 18, 1907 (35 Stat. 2167), as modified by several proclamations, executive orders, public land orders and the act of June 24, 1938 (52 Stat. 1038), which, transferred land from the national forest to a national park, the name having been changed to Ouachita National Forest by Executive Order No. 4436 of April 29, 1926; (8) the Pisgah National Forest as described by Proclamation No. 1349 of October 17, 1916 (39 Stat. 1811), as modified by Executive Order No. 3820 of April 9, 1923, the acts of August 26, 1935 (49 Stat. 800), and July 26, 1950 (64 Stat. 377), and several proclamations, the latest being No. 2187 of July 10, 1936 (50 Stat. 1745); (9) the Sumter National Forest, South Carolina, as described by Proclamation No. 2188 of July 13, 1936 (50 Stat. 1750); and (10) the Talladega National Forest, Alabama, as described by Proclamation No. 2190 of July 17, 1936 (50 Stat. 1755), as modified by Executive Order No. 7443 of August 31, 1936, and Proclamation No. 2285 of May 11, 1938 (52 Stat. 1548), are hereby modified to exclude therefrom the following described lands:"
3570,10851,79081,outside_corpus,Executive Order No. 79081,"WHEREAS, by reason of the transfer effected by Executive Order No. 79081 of June 9, 1938, as amended by Executive Order No. 8531 of August 31, 1940, such projects are now being administered pursuant to Title III of the Bankhead-Jones Farm Tenant Act; and"
3570,10851,8531,outside_corpus,Executive Order No. 8531,"WHEREAS, by reason of the transfer effected by Executive Order No. 79081 of June 9, 1938, as amended by Executive Order No. 8531 of August 31, 1940, such projects are now being administered pursuant to Title III of the Bankhead-Jones Farm Tenant Act; and"
3577,10844,7908,outside_corpus,Executive Order No. 7908,"WHEREAS, by reason of the transfer effected by Executive Order No. 7908 of June 9, 1938, as amended by Executive Order No. 8531 of August 31, 1940, such project is now being administered pursuant to Title III of the Bankhead-Jones Farm Tenant Act; and"
3577,10844,8531,outside_corpus,Executive Order No. 8531,"WHEREAS, by reason of the transfer effected by Executive Order No. 7908 of June 9, 1938, as amended by Executive Order No. 8531 of August 31, 1940, such project is now being administered pursuant to Title III of the Bankhead-Jones Farm Tenant Act; and"
3577,10844,17908,outside_corpus,Executive Order No. 17908,"WHEREAS by Executive Order No. 10046 of March 24, 1949, certain public lands within such project were subject to valid existing rights and withdrawals and to the provisions of Executive Order No. 17908 of June 9, 1938, as amended by Executive Order No. 8531 of August 31, 1940, withdrawn from all forms of appropriation under the public-land laws, except the mining and mineral-leasing laws, and reserved for use, administration, and disposition in accordance with the provisions of Title III of the Bankhead-Jones Farm Tenant Act and the related provisions of Title IV thereof, under the jurisdiction of the Department of Agriculture; and"
3577,10844,8531,outside_corpus,Executive Order No. 8531,"WHEREAS by Executive Order No. 10046 of March 24, 1949, certain public lands within such project were subject to valid existing rights and withdrawals and to the provisions of Executive Order No. 17908 of June 9, 1938, as amended by Executive Order No. 8531 of August 31, 1940, withdrawn from all forms of appropriation under the public-land laws, except the mining and mineral-leasing laws, and reserved for use, administration, and disposition in accordance with the provisions of Title III of the Bankhead-Jones Farm Tenant Act and the related provisions of Title IV thereof, under the jurisdiction of the Department of Agriculture; and"
3583,10837,10232,outside_corpus,Executive Orders No. 10232,"I hereby prescribe the following amendments of the Selective Service Regulations prescribed by Executive Orders No. 10232 of April 18, 1951, No. 10292 of September 25, 1951, No. 10328 of February 20, 1952, No. 10344 of April 17, 1952, No. 10594 of January 31, 1955, and No. 10714 of June 13, 1957, and constituting portions of Chapter XVI of Title 32 of the Code of Federal Regulations:"
3587,10833,6584,outside_corpus,Executive Order No. 6584,"1. Subject to the terms, conditions, and reservations hereinafter set forth, title to the following-described tract of land at Sand Island, City and County of Honolulu, Territory of Hawaii, being portions of the Sand Island Military Reservation and the Navy Harbor Entrance Control Post as at present constituted, and being also portions of the land described in section 203 of the Public Buildings Act of 1949 (63 Stat. 177), in paragraph (b) of Presidential Executive Order No. 6584 of February 6, 1934, and as Tract 1 in Presidential Executive Order No. 3358 of November 24, 1920, together with the improvements located thereon, is hereby transferred to the Territory of Hawaii."
3587,10833,3358,outside_corpus,Executive Order No. 3358,"1. Subject to the terms, conditions, and reservations hereinafter set forth, title to the following-described tract of land at Sand Island, City and County of Honolulu, Territory of Hawaii, being portions of the Sand Island Military Reservation and the Navy Harbor Entrance Control Post as at present constituted, and being also portions of the land described in section 203 of the Public Buildings Act of 1949 (63 Stat. 177), in paragraph (b) of Presidential Executive Order No. 6584 of February 6, 1934, and as Tract 1 in Presidential Executive Order No. 3358 of November 24, 1920, together with the improvements located thereon, is hereby transferred to the Territory of Hawaii."
3587,10833,1016,outside_corpus,Executive Order 1016,"Beginning at the west corner of this tract of land, on the southeasterly boundary of Honolulu International Airport (Governor's Executive Order 1016, dated April 12, 1943), and on the northwesterly boundary of the City and County of Honolulu's Sewage Treatment Plant (Governor's Executive Order 1188, dated February 5, 1947), the coordinates of said point of beginning referred to Government Survey Triangulation Station ""United States Engineer, North Base"" being 798.43 feet North and 4368.19 feet West, as shown on Government Survey Registered Map 4100, thence running by azimuths measured clockwise from true South:"
3587,10833,1188,outside_corpus,Executive Order 1188,"Beginning at the west corner of this tract of land, on the southeasterly boundary of Honolulu International Airport (Governor's Executive Order 1016, dated April 12, 1943), and on the northwesterly boundary of the City and County of Honolulu's Sewage Treatment Plant (Governor's Executive Order 1188, dated February 5, 1947), the coordinates of said point of beginning referred to Government Survey Triangulation Station ""United States Engineer, North Base"" being 798.43 feet North and 4368.19 feet West, as shown on Government Survey Registered Map 4100, thence running by azimuths measured clockwise from true South:"
3587,10833,1016,outside_corpus,Executive Order 1016,1. 195°55' 1767.17 feet along Honolulu International Airport (Governor's Executive Order 1016);
3587,10833,1016,outside_corpus,Executive Order 1016,2. 216°40' 174.27 feet along Honolulu International Airport (Governor's Executive Order 1016);
3587,10833,3358,outside_corpus,Executive Order 3358,"3. 302°28'30"" 4233.08 feet along the remainder of Sand Island Military Reservation (being the remainders of Tract 1 of Presidential Executive Order 3358, the land described in Public Law 105, Chapter 218, 81st Congress, 1st Session, Section 203, and Tract ""b"" of Presidential Executive Order 6584);"
3587,10833,6584,outside_corpus,Executive Order 6584,"3. 302°28'30"" 4233.08 feet along the remainder of Sand Island Military Reservation (being the remainders of Tract 1 of Presidential Executive Order 3358, the land described in Public Law 105, Chapter 218, 81st Congress, 1st Session, Section 203, and Tract ""b"" of Presidential Executive Order 6584);"
3587,10833,3358,outside_corpus,Executive Order 3358,"4. Thence along the remainder of Sand Island Military Reservation (Remainder of Tract 1 of Presidential Executive Order 3358), on a curve to the right, with a radius of 425.00 feet, the chord azimuth and distance being: 316°44'15"" 209.41 feet to a pipe in concrete, the true azimuth and distance from said pipe in concrete to Government Survey Triangulation Station ""United States Engineer, North Base"" being: 343°00'50"" 221.95 feet;"
3587,10833,3358,outside_corpus,Executive Order 3358,5. 331°00' 1180.52 feet along the remainder of Sand Island Military Reservation (Remainder of Tract 1 of Presidential Executive Order 3358);
3587,10833,3358,outside_corpus,Executive Order 3358,"6. 26°55'40"" 204.12 feet along the remainder of Sand Island Military Reservation (Remainder of Tract 1 of Presidential Executive Order 3358), along Department of Navy Parcel under Department of Army Permit Control Symbol 132-36, dated December 8, 1958, to a spike in concrete fence footing;"
3587,10833,3358,outside_corpus,Executive Order 3358,"7. 26°55'40"" 775.96 feet along the remainder of Sand Island Military Reservation (Remainder of Tract 1 of Presidential Executive Order 3358), to the seaward face of seawall;"
3587,10833,3358,outside_corpus,Executive Order 3358,"9. 122°02'05"" 3153.90 feet along the remainder of Sand Island Military Reservation (Remainder of Tract 1 of Presidential Executive Order 3358);"
3587,10833,1188,outside_corpus,Executive Order 1188,"10. 154°00'10"" 292.52 feet along the City and County of Honolulu's Sewage Treatment Plant (Governor's Executive Order 1188);"
3587,10833,1188,outside_corpus,Executive Order 1188,"11. 104°42'40"" 382.57 feet along the City and County of Honolulu's Sewage Treatment Plant (Governor's Executive Order 1188);"
3587,10833,1188,outside_corpus,Executive Order 1188,"12. 64°00'10"" 165.91 feet along the City and County of Honolulu's Sewage Treatment Plant (Governor's Executive Order 1188) to the point of beginning and containing an AREA OF 202.00 ACRES."
3588,10832,9887,outside_corpus,Executive Order No. 9887,"WHEREAS Executive Order No. 9887 of August 22, 1947, designated the Preparatory Commission for the International Refugee Organization and its successor, the International Refugee Organization, as public international organizations entitled to enjoy the privileges, exemptions, and immunities conferred by the International Organizations Immunities Act, approved December 29, 1945 (22 U.S.C. 288); and"
3588,10832,9887,outside_corpus,Executive Order No. 9887,"NOW, THEREFORE, by virtue of the authority vested in me by section 1 of the International Organizations Immunities Act, it is ordered that Executive Order No. 9887 of August 22, 1947, be, and it is hereby, revoked."
3610,10810,9975,outside_corpus,Executive Order No. 9975,"SEC. 5. Executive Order No. 9975 of July 7, 1948, and Executive Order No. 10070 of July 20, 1949, are hereby revoked."
3613,10807,9912,outside_corpus,Executive Order No. 9912,"SEC. 6. Other orders; construction of orders. (a) Executive Order No. 9912' of December 24, 1947, entitled ""Establishing the Interdepartmental Committee on Scientific Research and Development,"" is hereby revoked."
3615,10805,10800,outside_corpus,Executive Order No. 10800,"SEC. 2. Section 2 of Executive Order No. 10800 of January 15, 1959, is hereby amended by deleting the reference to ""section 5"" and the reference to ""section 5 (b)"" and by inserting in lieu thereof ""section 4"" and ""section 4 (b)"", respectively."
3616,10804,9721,outside_corpus,Executive Order No. 9721,"SEC. 2. Executive Order No. 9721 ' of May 10, 1946; Executive Order No. 10103 of February 1, 1950; and Executive Order No. 10774 of July 25, 1958, insofar as it affects any employee covered by section 6 (a) of the International Atomic Energy Agency Participation Act of 1957 prior to the repeal of that section by the Federal Employees International Organization Service Act, are revoked except that each shall be considered to remain in effect with respect to any employee subject thereto serving with an international organization on the date of enactment of the Federal Employees International Organization Service Act who does not elect to have coverage under the latter Act pursuant to the provisions of section 6 of that Act, and for the purposes of any rights and benefits vested under each such order prior to the date of the enactment of the Federal Employees International Organization Service Act."
3622,10798,2390,outside_corpus,Executive Order No. 2390,"SEC. 7. Revocation. Executive Order No. 2390 of May 29, 1916, is hereby revoked."
3624,10796,9781,outside_corpus,Executive Order No. 9781,"""1 (a) The Air Coordinating Committee (hereinafter referred to as the Committee), established by Executive Order No. 9781 of September 19, 1946, as amended by Executive Order No. 10360 of June 11, 1952, shall have as members one representative from each of the following-named agencies (hereinafter referred to as member agencies): the Departments of State, the Treasury, Post Office, and Commerce, the Federal Aviation Agency, the military departments of the Army, Navy, and Air Force, the Civil Aeronautics Board, and the Federal Communications Commission. The members of the Committee shall be designated by the respective heads of the member agencies. The member representing the Federal Aviation Agency shall be the Chairman of the Committee. The Director of the Bureau of the Budget and the Director of the Office of Civil and Defense Mobilization shall each designate one representative of his agency as a non-voting member of the Committee."""
3631,10789,9001,outside_corpus,Executive Order No. 9001,"14. Nothing herein contained shall prejudice anything heretofore done under Executive Order No. 9001 of December 27, 1941, or Executive Order No. 10210 of February 2, 1951, or any amendments or extensions thereof, or the continuance in force of an action heretofore taken under those orders or any amendments or extensions thereof."
3635,10785,10673,outside_corpus,Executive Order No. 10673,"2. Section 1 of Executive Order No. 10673 of July 16, 1956, which established the President's Council on Youth Fitness and designated the members thereof, and which was amended by Executive Orders No. 10704 of March 25, 1957, and No. 10740 of November 21, 1957, is further amended accordingly."
3635,10785,10704,outside_corpus,Executive Orders No. 10704,"2. Section 1 of Executive Order No. 10673 of July 16, 1956, which established the President's Council on Youth Fitness and designated the members thereof, and which was amended by Executive Orders No. 10704 of March 25, 1957, and No. 10740 of November 21, 1957, is further amended accordingly."
3647,10773,10346,outside_corpus,Executive Order No. 10346,"(3) Executive Order No. 10346 of April 17, 1952."
3647,10773,10737,outside_corpus,Executive Order No. 10737,"(7) Executive Order No. 10737 of October 29, 1957."
3647,10773,10346,outside_corpus,Executive Order No. 10346,"(4) Executive Order No. 10346 of April 17, 1952."
3647,10773,10660,outside_corpus,Executive Order No. 10660,"(17) Executive Order No. 10660 of February 15, 1956."
3647,10773,10737,outside_corpus,Executive Order No. 10737,"SEC. 5. Each reference in Executive Order No. 10737 of October 29, 1957, to a Regional Administrator of the Federal Civil Defense Administration is hereby amended to refer to a Regional Director of the Office of Defense and Civilian Mobilization."
3648,10772,10673,outside_corpus,Executive Order No. 10673,"By virtue of the authority vested in me as President of the United States, it is ordered that section 4 of Executive Order No. 10673 of July 16, 1956, entitled ""Fitness of American Youth,"" be, and it is hereby, amended to read as follows:"
3659,10761,10582,outside_corpus,Executive Order No. 10582,"SEC. 5. Executive Order No. 10582 of December 17, 1954, ""Prescribing Uniform Procedures for Certain Determinations under the Buy American Act,"" shall not be applicable to crude petroleum and petroleum products."
3668,10752,6979,outside_corpus,Executive Order No. 6979,"SEC. 3. This Executive order supersedes Executive Order No. 6979 of February 28, 1935, Executive Order No. 7756 of December 1, 1937 (2 F.R. 2664), Executive Order No. 9732 2 of June 3, 1946 (11 F. R. 5985), and paragraph (q) of section 1 of Executive Order No. 10250 of June 5, 1951 (16 F. R. 5385)."
3668,10752,7756,outside_corpus,Executive Order No. 7756,"SEC. 3. This Executive order supersedes Executive Order No. 6979 of February 28, 1935, Executive Order No. 7756 of December 1, 1937 (2 F.R. 2664), Executive Order No. 9732 2 of June 3, 1946 (11 F. R. 5985), and paragraph (q) of section 1 of Executive Order No. 10250 of June 5, 1951 (16 F. R. 5385)."
3668,10752,9732,outside_corpus,Executive Order No. 9732,"SEC. 3. This Executive order supersedes Executive Order No. 6979 of February 28, 1935, Executive Order No. 7756 of December 1, 1937 (2 F.R. 2664), Executive Order No. 9732 2 of June 3, 1946 (11 F. R. 5985), and paragraph (q) of section 1 of Executive Order No. 10250 of June 5, 1951 (16 F. R. 5385)."
3673,10747,10393,outside_corpus,Executive Order No. 10393,"3. Executive Order No. 10393 of September 4, 1952, establishing the Clemency and Parole Board for War Criminals, and Executive Order No. 10613 of May 16, 1955, amending that order, are hereby revoked; and the Clemency and Parole Board for War Criminals is hereby abolished. The records of the said Board shall be turned over to the Department of State on the date of this order."
3676,10743,9986,outside_corpus,Executive Order No. 9986,"2. This order supersedes Executive Order No. 9986 of August 16, 1948, entitled ""Sale of Vessels of the Navy""."
3678,10742,10575,outside_corpus,Executive Order No. 10575,"SECTION 1. Executive Order No. 10575 of November 6, 1954 (19 F. R. 7249), as amended or affected by Executive Order No. 10610 a(20 F. R. 3179), Executive Order No. 10625 (20 F. R. 5571), and Executive Order No. 10663 (21 F. R. 1845), is hereby further amended as follows:"
3678,10742,10625,outside_corpus,Executive Order No. 10625,"SECTION 1. Executive Order No. 10575 of November 6, 1954 (19 F. R. 7249), as amended or affected by Executive Order No. 10610 a(20 F. R. 3179), Executive Order No. 10625 (20 F. R. 5571), and Executive Order No. 10663 (21 F. R. 1845), is hereby further amended as follows:"
3678,10742,10625,outside_corpus,Executive Order No. 10625,"SEC. 2. Executive Order No. 10610 of May 9, 1955 (20 F. R. 3179), as amended or affected by Executive Order No. 10625 (20 F. R. 5571), and Executive Order No. 10663 (21 F. R. 1845), is hereby further amended as follows:"
3680,10740,10673,outside_corpus,Executive Order No. 10673,"2. Section 1 of Executive Order No. 10673 of July 16, 1956, which established the President's Council on Youth Fitness and designated the members thereof, and which was amended by Executive Order No. 10704 of March 25, 1957, is further amended accordingly."
3680,10740,10704,outside_corpus,Executive Order No. 10704,"2. Section 1 of Executive Order No. 10673 of July 16, 1956, which established the President's Council on Youth Fitness and designated the members thereof, and which was amended by Executive Order No. 10704 of March 25, 1957, is further amended accordingly."
3686,10735,10001,outside_corpus,Executive Orders No. 10001,"By virtue of the authority vested in me by the Universal Military Training and Service Act (62 Stat. 604), as amended, I hereby prescribe the following amendments of the Selective Service Regulations prescribed by Executive Orders No. 10001 of September 17, 1948, No. 10167 of October 11, 1950, No. 10292 of September 25, 1951, No. 10420 of December 17, 1952, No. 10505 of December 10, 1953, No. 10659 of February 15, 1956, and No. 10714 of June 13, 1957, and constituting portions of Chapter XVI of Title 32 of the Code of Federal Regulations:"
3694,10725,10546,outside_corpus,Executive Order No. 10546,"2. This order supersedes Executive Order No. 10546 of July 16, 1954, entitled ""Suspension of Certain Provisions of the Officer Personnel Act of 1947, as amended, Which Relate to Officers of the Marine Corps of the Grades of First Lieutenant and Captain."""
3704,10715,9775,outside_corpus,Executive Order No. 9775,"By virtue of the authority vested in me as President of the United States, Executive Order No. 9775 of September 3, 1946, entitled, ""Establishing the Federal Committee on Highway Safety,"" is hereby revoked."
3705,10716,10575,outside_corpus,Executive Order No. 10575,"SEC. 5. Procedures for coordination abroad. The provisions of Part II of Executive Order No. 10575 of November 6, 1954 (19 F. R. 7249), are hereby extended and made applicable to the functions provided for in the Act and to United States agencies and personnel concerned with the administration abroad of the said functions."
3709,10711,2900,outside_corpus,Executive Order No. 2900,"WHEREAS certain lands at Lualualei, District of Waianae, Island of Oahu, Territory of Hawaii, which are a part of the public lands ceded and transferred to the United States by the Republic of Hawaii under the joint resolution of annexation of July 7, 1898, 30 Stat. 750, were withdrawn and set aside for military purposes by Presidential Executive Order No. 2900 of July 2, 1918, as amended by Presidential Executive Order No. 3070 of April 8, 1919; and"
3709,10711,3070,outside_corpus,Executive Order No. 3070,"WHEREAS certain lands at Lualualei, District of Waianae, Island of Oahu, Territory of Hawaii, which are a part of the public lands ceded and transferred to the United States by the Republic of Hawaii under the joint resolution of annexation of July 7, 1898, 30 Stat. 750, were withdrawn and set aside for military purposes by Presidential Executive Order No. 2900 of July 2, 1918, as amended by Presidential Executive Order No. 3070 of April 8, 1919; and"
3709,10711,3070,outside_corpus,Executive Order No. 3070,"12. 279° 47' 00"" 380.00 feet along Deed: United States of America to W. F. Dillingham dated December 10, 1924 (Liber 764, Page 35) to the point of beginning and containing a gross area of 59.73 acres, excepting and deducting all of Presidential Executive Order No. 3070, dated 8 April 1919 and all of Lot 3 of Lualualei Beach Lots (Grant 8915 to R. W. Holt) as shown on Territorial Government Survey Registered Map No. 2592, and containing a net area of 56.44 acres, more or less."
3725,10695,10096,outside_corpus,Executive Order No. 10096,"1. Paragraph 2 (b) of Executive Order No. 10096 of January 23, 1950, relating to the indexing of inventions owned or controlled by the United States, be, and it is hereby, revoked."
3725,10695,10096,outside_corpus,Executive Order No. 10096,2. The Chairman of the Government Patents Board is hereby authorized to transfer to the Department of Commerce any or all of the records heretofore prepared by the Board pursuant to paragraph 2 (b) of Executive Order No. 10096.
3727,10694,9050,outside_corpus,Executive Orders No. 9050,"4. This order supersedes Executive Orders No. 9050 of February 6, 1942, and No. 9396 of November 22, 1943."
3729,10692,9080,outside_corpus,Executive Order No. 9080,"SECTION 1. The third paragraph of Executive Order No. 9080 of February 27, 1942, authorizing the creation of the Joint Mexican-United States Defense Commission, is hereby amended to read as follows:"
3734,10688,2900,outside_corpus,Executive Order No. 2900,"WHEREAS certain lands at Waianae Kai, District of Waianae, Island of Oahu, Territory of Hawaii, which form a part of the public lands ceded and transferred to the United States by the Republic of Hawaii under the joint resolution of annexation of July 7, 1898, 30 Stat. 750, were withdrawn and set aside for military purposes by Executive Order No. 2900 of July 2, 1918, as amended by Executive Orders No. 5414 of July 31, 1930, No. 7010 of April 10, 1935, and No. 8109 of May 3, 1939; and"
3734,10688,5414,outside_corpus,Executive Orders No. 5414,"WHEREAS certain lands at Waianae Kai, District of Waianae, Island of Oahu, Territory of Hawaii, which form a part of the public lands ceded and transferred to the United States by the Republic of Hawaii under the joint resolution of annexation of July 7, 1898, 30 Stat. 750, were withdrawn and set aside for military purposes by Executive Order No. 2900 of July 2, 1918, as amended by Executive Orders No. 5414 of July 31, 1930, No. 7010 of April 10, 1935, and No. 8109 of May 3, 1939; and"
3734,10688,8109,outside_corpus,Executive Order No. 8109,"Being the same property described as Tract No. 2 in Executive Order No. 8109 of May 3, 1939."
3734,10688,8109,outside_corpus,Executive Order No. 8109,"Being the same property described as Tract No. 3 in Executive Order No. 8109 of May 3, 1939."
3744,10677,10667,outside_corpus,Executive Order No. 10667,"By virtue of the authority vested in me by subsection (a) of section 262 of the Armed Forces Reserve Act of 1952, as added by section 2 (1) of the Reserve Forces Act of 1955 (69 Stat. 600), it is ordered that Executive Order No. 10629 of August 13, 1955, authorizing enlistments in the Ready Reserve of the Army Reserve and the Marine Corps Reserve, as amended by Executive Order No. 10667 of May 9, 1956, to include the Naval Reserve and the Coast Guard Reserve, be, and it is hereby amended to read as follows:"
3753,10668,2859,outside_corpus,Executive Order No. 2859,"Executive Order No. 2859 of May 11, 1918, relating to the National Research Council, is hereby amended to read as follows:"
3753,10668,2859,outside_corpus,Executive Order No. 2859,"""WHEREAS in recognition of the work accomplished by the National Academy of Sciences through the Council in organizing research, in furthering science, and in securing cooperation of government and non-government agencies in the solution of their problems, the Council has been perpetuated by the Academy as requested by the President in Executive Order No. 2859 of May 11, 1918; and"
3756,10665,1137,outside_corpus,Executive Orders No. 1137,"WHEREAS certain lands in Waianae-Uka, District of Waianae, and Waikaka-laua, District of Ewa, Island of Oahu, Territory of Hawaii, which form a part of the public lands ceded and transferred to the United States under the joint resolution of annexation of July 7, 1898, 30 Stat. 750, were reserved for military purposes by Executive Order of July 20, 1899, as modified by Executive Orders No. 1137, of November 15, 1909, No. 1242 of August 23, 1910, No. 2800 of February 4, 1918, No. 5771 of January 4, 1932, No. 9995, of September 2, 1948 and No. 10454 of May 18, 1953; and"
3756,10665,2800,outside_corpus,Executive Order No. 2800,"Being a portion of Schofield Barracks Military Reservation (Presidential Executive Order No. 2800 dated February 4, 1918)."
3756,10665,2800,outside_corpus,Executive Order No. 2800,"4. 276° 20' 480.00 feet along the remainder of Schofield Barracks Military Reservation (Presidential Executive Order No. 2800 dated February 4, 1918);"
3757,10664,2900,outside_corpus,Executive Order No. 2900,"WHEREAS certain lands at Waianae Kai, District of Waianae, Island of Oahu, Territory of Hawaii, which form a part of the public lands ceded and transferred to the United States by the Republic of Hawaii under the joint resolution of annexation of July 7, 1898, 30 Stat. 750, were withdrawn and set aside for military purposes by Executive Order No. 2900 of July 2, 1918, as amended by Executive Order No. 5414 of July 31, 1930, Executive Order No. 7010 of April 10, 1935, and Executive Order No. 8109' of May 3, 1939; and"
3757,10664,5414,outside_corpus,Executive Order No. 5414,"WHEREAS certain lands at Waianae Kai, District of Waianae, Island of Oahu, Territory of Hawaii, which form a part of the public lands ceded and transferred to the United States by the Republic of Hawaii under the joint resolution of annexation of July 7, 1898, 30 Stat. 750, were withdrawn and set aside for military purposes by Executive Order No. 2900 of July 2, 1918, as amended by Executive Order No. 5414 of July 31, 1930, Executive Order No. 7010 of April 10, 1935, and Executive Order No. 8109' of May 3, 1939; and"
3757,10664,7010,outside_corpus,Executive Order No. 7010,"WHEREAS certain lands at Waianae Kai, District of Waianae, Island of Oahu, Territory of Hawaii, which form a part of the public lands ceded and transferred to the United States by the Republic of Hawaii under the joint resolution of annexation of July 7, 1898, 30 Stat. 750, were withdrawn and set aside for military purposes by Executive Order No. 2900 of July 2, 1918, as amended by Executive Order No. 5414 of July 31, 1930, Executive Order No. 7010 of April 10, 1935, and Executive Order No. 8109' of May 3, 1939; and"
3757,10664,8109,outside_corpus,Executive Order No. 8109,"WHEREAS certain lands at Waianae Kai, District of Waianae, Island of Oahu, Territory of Hawaii, which form a part of the public lands ceded and transferred to the United States by the Republic of Hawaii under the joint resolution of annexation of July 7, 1898, 30 Stat. 750, were withdrawn and set aside for military purposes by Executive Order No. 2900 of July 2, 1918, as amended by Executive Order No. 5414 of July 31, 1930, Executive Order No. 7010 of April 10, 1935, and Executive Order No. 8109' of May 3, 1939; and"
3757,10664,8109,outside_corpus,Executive Order No. 8109,"Being a portion of the property described as Tract '7 in Presidential Executive Order No. 8109 of May 3, 1939."
3757,10664,8109,outside_corpus,Executive Order No. 8109,"Beginning at Concrete Monument No. 7 at the north corner of this piece of land, on the southwesterly side of the former Oahu Railway and Land Company's 40-foot right-of-way, being also the east corner of Lot F-2 of Land Court Application 1102, Map 4, the coordinates of said point of beginning referred to Government Survey Triangulation Station ""Paheehee New"" being 3,953.84 feet north and 10,941.19 feet west, thence running by azimuths measured clockwise from true south: 325° 07' 648.60 feet, along the southwesterly side of the former Oahu Railway and Land Company's 40-foot right-of-way to Concrete Monument No. 6; 325° 08' 385.74 feet, along the same, to Concrete Monument No. 5; 63° 13' 417.00 feet, along the remainder of Tract No. 7 of Presidential Executive Order No. 8109 dated May 3, 1939, to high water line;"
3757,10664,8109,outside_corpus,Executive Order No. 8109,"Being the same property described as Tract 8 in Presidential Executive Order No. 8109 of May 3, 1939."
3757,10664,8109,outside_corpus,Executive Order No. 8109,"Being the same property described as Tract 9 in Presidential Executive Order No. 8109 of May 3, 1939."
3757,10664,8109,outside_corpus,Executive Order No. 8109,"Being the same property described as Tract 10 in Presidential Executive Order No. 8109 of May 3, 1939."
3757,10664,8109,outside_corpus,Executive Order No. 8109,"Being the same property described as Tract 11 in Presidential Executive Order No. 8109 of May 3, 1939."
3758,10663,10575,outside_corpus,Executive Order No. 10575,"SEC. 2. There is hereby terminated the duty of the Director of the International Cooperation Administration (under section 103 (c) of Executive Order No. 10575 of November 6, 1954 (19 F. R. 7251), as affected by Executive Order No. 10610) to assist the Secretary of State in formulating and presenting the policy of the United States with respect to the assistance programs of the Intergovernmental Committee for European Migration, the United Nations Refugee Fund, and the United Nations Children's Fund."
3759,10662,10160,outside_corpus,Executive Order No. 10160,"SEC. 2. Executive Order No. 10160 of September 9, 1950 (15 F. R. 6103), is hereby revoked."
3764,10657,9816,outside_corpus,Executive Order No. 9816,"SEC. 6. Executive Order No. 9816 of December 31, 1946, is hereby amended to the extent that it may be inconsistent with this order."
3766,10655,9781,outside_corpus,Executive Order No. 9781,"1. (a) The Air Coordinating Committee (hereinafter referred to as the Committee), established by Executive Order No. 9781 of September 19, 1946, as amended by Executive Order No. 10360 of June 11, 1952, shall have as members one representative from each of the following-named agencies (hereinafter referred to as member agencies): the executive Departments of State, Treasury, Post Office, and Commerce, the military departments of the Army, Navy, and Air Force, the Civil Aeronautics Board, and the Federal Communications Commission. The members of the Committee shall be designated by the respective heads of the member agencies. The President shall name one of the members as Chairman of the Committee. The Director of the Bureau of the Budget and the Director of the Office of Defense Mobilization shall each designate one representative of his agency as a nonvoting member of the Committee."
3766,10655,9781,outside_corpus,Executive Order No. 9781,"6. This order supersedes Executive Order No. 9781 of September 19, 1946. and Executive Order No. 10360 of June 11, 1952."
3773,10648,6408,outside_corpus,Executive Order No. 6408,"WHEREAS certain lands at Kapahulu, Honolulu, Island of Oahu, Territory of Hawaii, which form a part of the public lands ceded and transferred to the United States by the Republic of Hawaii under the joint resolution of annexation of July 7, 1898, 30 Stat. 750, were reserved for military purposes of the United States and constitute a part of Tract No. 1 of the Fort Ruger Military Reservation, described by Executive Order No. 6408 of November 7, 1933, as modified by Executive Orders No. 6468 of November 29, 1933, No. 10268 of July 5, 1951, No. 10453 2 of May 18, 1953, and No. 10496 3 of October 14, 1953; and"
3773,10648,6468,outside_corpus,Executive Orders No. 6468,"WHEREAS certain lands at Kapahulu, Honolulu, Island of Oahu, Territory of Hawaii, which form a part of the public lands ceded and transferred to the United States by the Republic of Hawaii under the joint resolution of annexation of July 7, 1898, 30 Stat. 750, were reserved for military purposes of the United States and constitute a part of Tract No. 1 of the Fort Ruger Military Reservation, described by Executive Order No. 6408 of November 7, 1933, as modified by Executive Orders No. 6468 of November 29, 1933, No. 10268 of July 5, 1951, No. 10453 2 of May 18, 1953, and No. 10496 3 of October 14, 1953; and"
3773,10648,6468,outside_corpus,Executive Order No. 6468,"1. 320° 52' 00"" 51.38 feet along Diamond Head Reservoir Lot (restored to the Territory by Presidential Executive Order No. 6468, dated November 29, 1933);"
3773,10648,6468,outside_corpus,Executive Order No. 6468,"3. 320° 52' 00"" 14.92 feet along Diamond Head Reservoir Lot (restored to the Territory by Presidential Executive Order No. 6468, dated November 29, 1933);"
3773,10648,1377,outside_corpus,Executive Order No. 1377,"11. 40° 14' 00"" 312.27 feet along Reservoir Site (restored to the Territory by Executive Order No. 1377, dated June 26, 1911);"
3773,10648,1377,outside_corpus,Executive Order No. 1377,"17. 205° 21' 35"" 195.54 feet along Reservoir Site (restored to the Territory by Part II of Presidential Executive Order No. 1377, dated June 28, 1911) to concrete monument No. 22;"
3773,10648,6408,outside_corpus,Executive Order No. 6408,"The true intent and meaning of this order are that, after restoring to the Territory of Hawaii Parcels 1 to 6 inclusive, there shall remain of the land reserved for military purposes, described by Executive Order No. 6408 of November 7, 1933, as modified by Executive Orders No. 6468 of November 29, 1933, No. 10268 of July 5, 1951, No. 10453 of May 18, 1953, and No. 10496 of October 14, 1953, the following constituting the Fort Ruger Military Reservation:"
3773,10648,6468,outside_corpus,Executive Orders No. 6468,"The true intent and meaning of this order are that, after restoring to the Territory of Hawaii Parcels 1 to 6 inclusive, there shall remain of the land reserved for military purposes, described by Executive Order No. 6408 of November 7, 1933, as modified by Executive Orders No. 6468 of November 29, 1933, No. 10268 of July 5, 1951, No. 10453 of May 18, 1953, and No. 10496 of October 14, 1953, the following constituting the Fort Ruger Military Reservation:"
3773,10648,6408,outside_corpus,Executive Order No. 6408,"1. Portions of Tract No. 1 (so designated and described by Executive Order No. 6408 of November 7, 1933), located at Kapahulu, Honolulu, Island of Oahu, Territory of Hawaii, and described as follows:"
3774,10647,10205,outside_corpus,Executive Order No. 10205,"SEC. 103. (a) All persons appointed pursuant to the authority delegated by subsection 101 (a) of this order, or appointed pursuant to the authority delegated by subsection 101 (a) of Executive Order No. 10182 1 of November 21, 1950, as amended by Executive Order No. 10205 2 of January 16, 1951, and still employed on the date of this order, shall, when policy matters are involved, be limited to advising appropriate, full-time Government officials who are responsible for making policy decisions."
3774,10647,10205,outside_corpus,Executive Order No. 10205,"SEC. 304. All appointments under 710 (b) (1) and 710 (c) of the Act shall be made under the terms of this order. All persons heretofore appointed under subsection 101 (a) of Executive Order No. 10182, as amended by Executive Order No. 10205, who are still employed on the date of this order shall comply with this Part, and, upon compliance, shall be deemed for all purposes to have been appointed under this order and to be subject to its provisions, including the provisions of subsections 302 (a) and 302 (b) relating to statements required thereby, except that statements relating to appointments made under subsection 101 (a) of Executive Order No. 10182, as amended, shall be filed within thirty days from the date of this order."
3774,10647,10205,outside_corpus,Executive Order No. 10205,"(4) A determination whether a statement with respect to each person appointed pursuant to subsection 101 (a) of Executive Order No. 10182, as amended by Executive Order No. 10205, has been filed by the head of the department or agency concerned in accordance with the requirements of section 304 of this order;"
3774,10647,10205,outside_corpus,Executive Order No. 10205,"SEC. 306. Executive Order No. 10182 of November 21, 1950, and Executive Order No. 10205 of January 16, 1951, are hereby revoked."
3782,10639,7968,outside_corpus,Executive Order No. 7968,"The Tariff of United States Foreign Service Fees, prescribed by section V-15 of the Foreign Service Regulations of the United States (Executive Order No. 7968, as amended; 22 CFR 103.1), is amended by deleting therefrom Items No. 1, 2, 3, 4, and 5."
3789,10633,10218,outside_corpus,Executive Order No. 10218,"This order supersedes Executive Order No. 10218 of February 28, 1951, establishing an airspace reservation over the Las Vegas Project, Las Vegas, Nevada."
3794,10628,10565,outside_corpus,Executive Order No. 10565,"2. Punishments for offenses in violation of these Articles by persons under the command of, or within any area controlled by, the Commander-in-Chief, Far East, or any of his successors in command, committed on and after the effective date of this order shall be subject to the limitations prescribed by the Table of Maximum Punishments, paragraph 127c, Manual for Courts-Martial, United States, 1951, as amended by paragraphs 2 and 3 of Executive Order No. 10565 of September 28, 1954."
3795,10626,9953,outside_corpus,Executive Order No. 9953,"4. This order supersedes Executive Order No. 9953 of April 23, 1948, entitled ""Establishing the Interdepartmental Committee for the Peacetime Voluntary Payroll Savings Plan for the Purchase of United States Savings Bonds""."
3808,10613,10393,outside_corpus,Executive Order No. 10393,"By virtue of the authority vested in me by the Constitution and the Statutes, and as President of the United States and as Commander in Chief of the Armed Forces of the United States, paragraph numbered 2 of Executive Order No. 10393 of September 4, 1952 is amended to read as follows:"
3811,10610,10575,outside_corpus,Executive Order No. 10575,"(d) The Office of Small Business, provided for in section 504 (b) of the Mutual Security Act of 1954 (68 Stat. 851), and in section 101 (d) of Executive Order No. 10575 of November 6, 1954 (19 F. R. 7251)."
3811,10610,10575,outside_corpus,Executive Order No. 10575,"SEC. 104. (a) The Secretary of State, after consultation with the Secretary of Defense, shall make appropriate arrangements for carrying out the function of coordination referred to in section 102 (c) (1) of Executive Order No. 10575 of November 6, 1954."
3817,10605,10119,outside_corpus,Executive Order No. 10119,"By virtue of the authority vested in me by section 301 of the Career Compensation Act of 1949 (63 Stat. 812), and as President of the United States and Commander in Chief of the armed forces of the United States, section 1 of Executive Order No. 10119 of March 27, 1950, prescribing regulations governing the payment of basic allowances for subsistence to members of the uniformed services, is hereby amended to read as follows:"
3820,10601,10575,outside_corpus,Executive Order No. 10575,"SEC. 5. The provisions of Part II of Executive Order No. 10575 of November 6, 1954 (19 F. R. 7252) are hereby extended and made applicable to the carrying on abroad of functions under Title I."
3821,10600,9260,outside_corpus,Executive Order No. 9260,"By virtue of the authority vested in me by section 2 of the Act of July 20, 1942, 56 Stat. 662, and section 301 of title 3 of the United States Code, paragraphs 1, 2, and 3 of Executive Order No. 9260 of October 29, 1942, are hereby amended to read as follows:"
3824,10597,5487,outside_corpus,Executive Order No. 5487,"WHEREAS the Fort Armstrong Military Reservation at Kaakaukukui, Honolulu, Oahu, Territory of Hawaii, was erected on lands formerly public lands of the Republic of Hawaii ceded to the United States, and reserved for naval and military purposes of the United States by Presidential Proclamation dated November 10, 1899, and a series of Executive orders enumerated in Executive Order No. 5487 of November 14, 1930, describing the said reservation; and"
3824,10597,5487,outside_corpus,Executive Order 5487,"4. 38' 48' 30"" 407.52 feet along portion of United States Military Reservation Fort Armstrong (Presidential Executive Order 5487) and along portion of quarantine station site (act of June 16, 1949);"
3824,10597,1081,outside_corpus,Executive Order No. 1081,"Beginning at the north corner of this parcel of land, the west corner of the land described in Governor's Executive Order No. 1081 (Pier 2) and on the southeasterly side of the Honolulu Harbor line, the coordinates of said point of beginning referred to Government Survey Triangulation Station ""Punchbowl"" being 4652.16 feet south and 6222.25 feet west, and running by azimuths measured clockwise from true south:"
3824,10597,1081,outside_corpus,Executive Order No. 1081,1. 309° 00' 60.00 feet along Governor's Executive Order No. 1081;
3825,10596,9908,outside_corpus,Executive Order No. 9908,"WHEREAS Executive Order No. 9908 of December 5, 1947 (12 F. R. 8223), entitled ""Reservation of Source Material in Certain Lands Owned by the United States"", requires that a specific reservation to the United States of all source materials in whatever concentration, as defined in section 5 (b) (1) of the Atomic Energy Act of 1946 (60 Stat. 760; 42 U.S.C. sec. 1805), shall be contained in all disposals, leases, permits, or other authorizations to use lands other than public lands theretofore or thereafter acquired by the United States or any instrumentality thereof, so far as not in conflict with law; and"
3825,10596,9908,outside_corpus,Executive Order No. 9908,"NOW, THEREFORE, by virtue of the authority vested in me as President of the United States, and in order to apply the policies enunciated by the Congress in the Atomic Energy Act of 1954 to all lands of the United States, it is ordered that the said Executive Order No. 9908 of December 5, 1947, be, and it is hereby, revoked."
3825,10596,9908,outside_corpus,Executive Order No. 9908,The revocation of Executive Order No. 9908 shall not be construed to affect the revocation of Executive Order No. 9701' in the manner and to the extent provided in Executive Order No. 9908.
3825,10596,9701,outside_corpus,Executive Order No. 9701,The revocation of Executive Order No. 9908 shall not be construed to affect the revocation of Executive Order No. 9701' in the manner and to the extent provided in Executive Order No. 9908.
3825,10596,9908,outside_corpus,Executive Order No. 9908,The revocation of Executive Order No. 9908 shall not be construed to affect the revocation of Executive Order No. 9701' in the manner and to the extent provided in Executive Order No. 9908.
3826,10595,9746,outside_corpus,Executive Order No. 9746,"By virtue of the authority vested in me by the Constitution and the laws of the United States, including the Canal Zone Code, approved June 19, 1934, as amended, and as President of the United States, Executive Order No. 9746 of July 1, 1946 (11 F. R. 7329), relating to the Panama Canal and the Canal Zone, is hereby amended as follows:"
3826,10595,9746,outside_corpus,Executive Order No. 9746,"This order supersedes Executive Order No. 10101 of January 31, 1950, entitled ""Amendment of Executive Order No. 9746 of July 1, 1946, Relating to the Panama Canal""."
3832,10589,6783,outside_corpus,Executive Order No. 6783,"By virtue of the authority vested in me as President of the United States, the following-named persons are hereby appointed, or continued in their appointment, as members of the Quetico-Superior Committee, which was created by Executive Order No. 6783 of June 30, 1934, and the existence of which has been extended from time to time, the last extension being made by Executive Order No. 10541 of June 30, 1954, for a four-year period ending June 30, 1958:"
3832,10589,6783,outside_corpus,Executive Order No. 6783,"The said Executive Order No. 6783 of June 30, 1934, as amended by Executive Order No. 9890 of September 6, 1947, is further amended accordingly."
3832,10589,9890,outside_corpus,Executive Order No. 9890,"The said Executive Order No. 6783 of June 30, 1934, as amended by Executive Order No. 9890 of September 6, 1947, is further amended accordingly."
3832,10589,6783,outside_corpus,Executive Order No. 6783,"The two additional members of the Committee, provided for by Executive Order No. 6783, shall continue to be designated by, and serve at the pleasure of, the Secretary of Agriculture and the Secretary of the Interior, respectively."
3844,10577,9830,outside_corpus,Executive Order No. 9830,"Part II of Executive Order No. 9830 of February 24, 1947, amending the Civil Service Rules: Provided, That the positions listed in Schedules A, B, and C as provided for in Civil Service Rule VI of that order, as amended, shall be considered as being listed in Schedules A, B, and C, respectively, as provided for in Civil Service Rule VI of this order, unless and until they are removed therefrom by the Commission."
3861,10561,9784,outside_corpus,Executive Order No. 9784,"6. Executive Order No. 9784 of September 25, 1946, entitled ""Providing for the More Efficient Use and for the Transfer and Other Disposition of Government Records"", is hereby revoked; and all provisions of other prior Executive orders which are inconsistent with this order are hereby modified to the extent of such inconsistency."
3877,10545,5952,outside_corpus,Executive Order No. 5952,"Executive Order No. 5952 of November 23, 1932, prescribing the Army Ration, as amended, is hereby further amended by adding thereto the following new part:"
3881,10541,6783,outside_corpus,Executive Order No. 6783,"By virtue of the authority vested in me as President of the United States, the existence of the Quetico-Superior Committee. which was created by Executive Order No. 6783 of June 30, 1934, and the existence of which has been extended from time to time, the last extension being made to June 30, 1954, by Executive Order No. 10134 of June 28, 1950, is hereby further extended for a period of four years from June 30, 1954, to June 30, 1958."
3881,10541,10134,outside_corpus,Executive Order No. 10134,"By virtue of the authority vested in me as President of the United States, the existence of the Quetico-Superior Committee. which was created by Executive Order No. 6783 of June 30, 1934, and the existence of which has been extended from time to time, the last extension being made to June 30, 1954, by Executive Order No. 10134 of June 28, 1950, is hereby further extended for a period of four years from June 30, 1954, to June 30, 1958."
3889,10533,9698,outside_corpus,Executive Order No. 9698,"The designation of the Organization of American States made by this order shall be deemed to include the designation of the Pan American Union, and the designation of the Pan American Union made by Executive Order No. 9698 of February 19, 1946, is hereby superseded."
3890,10532,9708,outside_corpus,Executive Order No. 9708,"WHEREAS Executive Order No. 9708 of March 26, 1946, specifies certain communicable diseases for the purpose of regulations providing for the apprehension, detention, or conditional release of individuals to prevent the introduction, transmission, or spread of communicable diseases; and"
3890,10532,9708,outside_corpus,Executive Order No. 9708,"NOW, THEREFORE, by virtue of the authority vested in me by section 361 (b) of the Public Health Service Act, approved July 1, 1944 (58 Stat. 703; 42 U.S.C. 264), and as President of the United States, the list of communicable diseases contained in the said Executive Order No. 9708 is 'hereby amended by including therein a specification of the communicable disease Relapsing Fever (louse-borne), so that such list shall read as follows:"
3891,10531,10491,outside_corpus,Executive Order No. 10491,"Subsection (d) of section 8 of Executive Order No. 10450 of April 27, 1953, as amended by Executive Order No. 10491 of October 13, 1953, relating to security requirements for Government employment is hereby amended by striking out after the words ""subdivisions (2) "" the words ""through (7) "" and substituting the words ""through (8) "" so that the last clause of the first sentence of that section will read as follows: ""or information relating to any of the matters described in subdivisions (2) through (8) of subsection (a) of this section."""
3892,10530,7732,outside_corpus,Executive Order No. 7732,"(e) The authority vested in the President by section 5 of the act of June 29, 1936, ch. 860, 49 Stat. 2026, as affected by Executive Order No. 7732 of October 27, 1937, and by the said Reorganization Plan, to approve the dedication by the Public Housing Commissioner of streets, alleys, and parks for public use, and the granting by the said Commissioner of easements, in connection with any low-cost housing or slum-clearance project described in that act."
3892,10530,3513,outside_corpus,Executive Order No. 3513,"(b) Executive Order No. 3513 of July 9, 1921, as amended by Executive Order No. 6779 of June 30, 1934, is hereby revoked."
3892,10530,6779,outside_corpus,Executive Order No. 6779,"(b) Executive Order No. 3513 of July 9, 1921, as amended by Executive Order No. 6779 of June 30, 1934, is hereby revoked."
3893,10529,10346,outside_corpus,Executive Order No. 10346,"SECTION 1. In arranging for the use of personnel of Federal departments and agencies for civil-defense purposes in time of emergency and for their coordination with State and local civil-defense plans in consonance with the provisions of section 3 of Executive Order No. 10346 of April 17, 1952, the Federal Civil Defense Administrator, after consultation with the head of a department or agency, may recommend that the services of such personnel of the said department or agency as have volunteered their services and have been selected for civil-defense assignments be made available for participation in the program of a State or of any political sub-division thereof for training, prior to an emergency, in the performance of civil-defense duties."
3894,10528,3358,outside_corpus,Executive Order No. 3358,"WHEREAS by Executive Order No. 3358 of November 24, 1920, certain lands on Sand Island and Quarantine Island, Oahu, Territory of Hawaii, were set aside for military purposes, and such lands now constitute a portion of Sand Island Military Reservation; and"
3894,10528,3358,outside_corpus,Executive Order No. 3358,"5. 124° 32' 3,057.39 feet along Sand Island Military Reservation (Tract 1, Executive Order No. 3358 of November 24, 1920) to the point of beginning; and containing an area of 27.845 acres, more or less."
3897,10525,10426,outside_corpus,Executive Order No. 10426,"The Secretary of the Navy's interest in, and control over, the moneys deposited by him in accordance with the provisions of Executive Order No. 10426 of January 16, 1953, entitled ""Setting aside Submerged Lands of the Continental Shelf as a Naval Petroleum Reserve"", in a suspense account in the Treasury of the United States, shall hereafter be vested in and exercised by the Secretary of the Interior, in the same manner as in the case of the moneys deposited in a special account in the Treasury of the United States in accordance with the provisions of the notice of the Secretary of the Interior dated December 11, 1950 (15 F. R. 8335), as amended and supplemented, such moneys to be expended or deposited as provided by the Submerged Lands Act (67 Stat. 29) and the Outer Continental Shelf Lands Act (67 Stat. 462)."
3902,10520,7908,outside_corpus,Executive Order No. 7908,"Subject to valid existing rights, jurisdiction over the following-described lands acquired under Title III of the said Bankhead-Jones Farm Tenant Act, or transferred by Executive Order No. 7908 of June 9, 1938, as amended by Executive Orders Nos. 8531 of August 31, 1940, and 10175 of October 25, 1950, to the Secretary of Agriculture for use, administration, and disposition in accordance with the provisions of the said act, together with waters or water rights, improvements, and structures acquired or constructed in connection with the use and administration of said lands, is hereby transferred to the Department of the Army for use in connection with the construction, operation, and maintenance of the Garrison Dam and Reservoir Project, North Dakota:"
3902,10520,8531,outside_corpus,Executive Orders Nos. 8531,"Subject to valid existing rights, jurisdiction over the following-described lands acquired under Title III of the said Bankhead-Jones Farm Tenant Act, or transferred by Executive Order No. 7908 of June 9, 1938, as amended by Executive Orders Nos. 8531 of August 31, 1940, and 10175 of October 25, 1950, to the Secretary of Agriculture for use, administration, and disposition in accordance with the provisions of the said act, together with waters or water rights, improvements, and structures acquired or constructed in connection with the use and administration of said lands, is hereby transferred to the Department of the Army for use in connection with the construction, operation, and maintenance of the Garrison Dam and Reservoir Project, North Dakota:"
3916,10507,9805,outside_corpus,Executive Order No. 9805,"By virtue of authority vested in me by the act of August 2, 1946, 60 Stat. 806, as amended, it is ordered that Executive Order No. 9805 of November 25, 1946, entitled ""Regulations Governing Payment of Travel and Transportation Expenses of Civilian Officers and Employees of the United States when Transferred from One Official Station to Another for Permanent Duty,"" as amended by Executive Orders No. 9933 of February 27, 1948, No. 10196 of December 20, 1950, and No. 10274 of July 18, 1951, be, and it is hereby, further amended as follows:"
3916,10507,9805,outside_corpus,Executive Order No. 9805,"Section 1. Section 12 of the said Executive Order No. 9805, as amended, is hereby further amended to read as follows:"
3916,10507,9805,outside_corpus,Executive Order No. 9805,"SEC. 2. Schedule A attached to and forming a part of the said Executive Order No. 9805, as last amended by the said Executive Order No. 10274, is hereby further amended to read as follows:"
3916,10507,10274,outside_corpus,Executive Order No. 10274,"SEC. 2. Schedule A attached to and forming a part of the said Executive Order No. 9805, as last amended by the said Executive Order No. 10274, is hereby further amended to read as follows:"
3920,10503,10391,outside_corpus,Executive Order No. 10391,"By virtue of the authority vested in me by section 301 of title 3 of the United States Code (65 Stat. 713), it is ordered that section 1(d) of Executive Order No. 10011 as last amended by Executive Order No. 10391 of September 3, 1952, authorizing the Secretary of State to exercise certain powers of the President with respect to the granting of allowances and allotments to Government personnel on foreign duty, be, and it is hereby, amended to read as follows:"
3926,10496,5240,outside_corpus,Executive Order No. 5240,"That part of the Pupukea Military Reservation described as Tract No. 1 in Executive Order No. 5240 of December 14, 1929, containing an area of 2.022 acres."
3926,10496,4679,outside_corpus,Executive Order No. 4679,"All of the Kaaawa Military Reservation described In Executive Order No. 4679 of June 29, 1927, being two tracts, containing an area of 3.67 acres and .0918 of an acre, respectively, together with appurtenant rights of way."
3926,10496,4679,outside_corpus,Executive Order No. 4679,"That part of the Port Ruger Military Reservation described In paragraph I of subparagraph 2 of Executive Order No. 4679 of June 29, 1927, containing an area of .126 of an acre."
3926,10496,6408,outside_corpus,Executive Order No. 6408,"That part of the Fort Ruger Military Reservation described as Tract No. 6 In Executive Order No. 6408 of November 7, 1938, containing an area of 1.055 acres, more or less."
3942,10480,10161,outside_corpus,Executive Order No. 10161,"SEC. 605. The Economic Stabilization Agency, established by Executive Order No. 10161 of September 9, 1950, is continued to October 31, 1953, under the direction of the Director of the Office of Defense Mobilization who shall serve ex officio as the Economic Stabilization Administrator for the purpose of winding up and liquidating the affairs of said Agency."
3942,10480,10161,outside_corpus,Executive Order No. 10161,"(1) Executive Order No. 10161 of September 9, 1950 (15 P. R. 6105)."
3942,10480,10373,outside_corpus,Executive Order No. 10373,"(9) Executive Order No. 10373 of July 14, 1952 (17 F. R. 6425)."
3942,10480,10377,outside_corpus,Executive Order No. 10377,"(10) Executive Order No. 10377 of July 25, 1952 (17 F. R. 6891)."
3942,10480,10206,outside_corpus,Executive Order No. 10206,"Executive Order No. 10206 of January 16, 1951 (16 F. R. 419)."
3949,10473,7968,outside_corpus,Executive Order No. 7968,"1. Section V-14 of the Foreign Service Regulations of the United States, prescribed by Executive Order No. 7968 of September 3, 1938 (3 CFR 1938 Supp., page 107), is hereby revoked."
3949,10473,7968,outside_corpus,Executive Order No. 7968,"2. Paragraphs (a) and (b) of section V-15 of the Foreign Service Regulations of the United States (22 CFR 103.1), prescribed by the said Executive Order No. 7968, are amended to read as follows:"
3949,10473,7968,outside_corpus,Executive Order No. 7968,"3. Paragraph (d) of section V-15 of the Foreign Service Regulations of the United States (22 CFR 103.1), prescribed by the said Executive Order No. 7968, is amended by substituting the citation ""(R. S. 1731; 22 U. S. C. 1197.)"" for the citation ""(22 U. S. C. 101.)"" appearing at the end of the paragraph."
3949,10473,7968,outside_corpus,Executive Order No. 7968,"4. The Tariff of United States Foreign Service Fees, prescribed by section V-15 of the Foreign Service Regulations of the United States (Executive Order No. 7968, as amended; 22 CFR 103.1), is amended as follows:"
3954,10468,7057,outside_corpus,Executive Orders No. 7057,"By virtue of the authority vested in me under the Emergency Relief Appropriation Act of 1935 (49 Stat. 115, 118), and the act entitled ""An Act to provide that funds allocated to Puerto Rico under the Emergency Relief Appropriation Act of 1935 may be expended for permanent rehabilitation, and for other purposes"", approved February 11, 1936 (49 Stat. 1135), I hereby appoint William C. Strand, Director, Office of Territories, Department of the Interior, as Administrator of the Puerto Rico Reconstruction Administration, vice James P. Davis, resigned, to serve without additional compensation, and to exercise and discharge the functions, duties, and authority conferred upon the Puerto Rico Reconstruction Administration and the Administrator by Executive Orders No. 7057 of May 28, 1935, No. 7180 of September 6, 1935, as amended by No. 7554 of February 17, 1937, and No. 7689 of August 12, 1937."
3961,10461,10161,outside_corpus,Executive Order No. 10161,"Executive Order No. 10161 of September 9, 1950 (15 F.R. 6105), as amended."
3963,10459,10422,outside_corpus,Executive Order No. 10422,"Whereas Executive Order No. 10422 of January 9, 1953, prescribes procedures for making available to the Secretary General of the United Nations and the executive heads of other public international organizations certain information concerning United States citizens employed or being considered for employment by the United Nations or other public international organizations of which the United States is a member; and"
3963,10459,10422,outside_corpus,Executive Order No. 10422,"Whereas the said Executive Order No. 10422 incorporates by reference certain of the procedures provided or authorized by Executive Order No. 9835 of March 21, 1947, as amended; and"
3963,10459,9835,outside_corpus,Executive Order No. 9835,"Whereas the said Executive Order No. 10422 incorporates by reference certain of the procedures provided or authorized by Executive Order No. 9835 of March 21, 1947, as amended; and"
3963,10459,9835,outside_corpus,Executive Order No. 9835,"Whereas Executive Order No. 9835, as amended, has been revoked by section 12 of Executive Order No. 10450 of April 27, 1953, effective thirty days from that date:"
3963,10459,10422,outside_corpus,Executive Order No. 10422,"1. Paragraphs 3, 4, 5, and 6 of Part I of Executive Order No. 10422 are amended to read as follows:"
3963,10459,10422,outside_corpus,Executive Order No. 10422,2. Paragraph 1 of Part II of Executive Order No. 10422 is amended to read as follows:
3963,10459,10422,outside_corpus,Executive Order No. 10422,3. Executive Order No. 10422 is further amended by adding the following new part at the end thereof:
3968,10453,6408,outside_corpus,Executive Order No. 6408,"WHEREAS certain lands on the Island of Oahu, Territory of Hawaii, which form a part of the public lands ceded and transferred to the United States by the Republic of Hawaii under the joint resolution of annexation of July 7, 1898, 30 Stat. 750, were reserved for military purposes by Executive Order No. 395-A of January 18, 1906. as modified by Executive Order No. 6408 of November 7, 1933, and the Executive orders mentioned therein, and by Executive Order No. 10268 of July 5, 1951; and"
3968,10453,6408,outside_corpus,Executive Order No. 6408,"2. 352° 08' 40"" 58.7 feet along the remainder of Tract No. 1 of Presidential Executive Order No. 6408, dated November 7, 1933;"
3968,10453,6468,outside_corpus,Executive Order No. 6468,"5. 153° 08' 40"" 42.4 feet along the tract In Presidential Executive Order No. 6468, dated November 29, 1933;"
3969,10454,1137,outside_corpus,Executive Orders No. 1137,"WHEREAS certain lands In Waianae-Uka, District of Walanae; and Waik.ak.alaua, District of Ewa, Island of Oahu, Territory of Hawaii, which form a part of the public lands ceded and transferred to the United State3 under the joint resolution of annexation of July 7, 1898, 30 Stat. 750, were reserved for military purposes by Executive Order of July 20, 1899, as modified by Executive Orders No. 1137 of November 15, 1909, No. 1242 of August 23, 1910, No. 2800 of February 4, 1918, No. 5771 of January 4, 1932, and No. 9995 of September 2, 1948; and"
3969,10454,2800,outside_corpus,Executive Order No. 2800,"2. 72° 49' 26"" 147.61 feet along Wlllklna Drive (Part b-b, Presidential Executive Order No. 2800, dated February 4, 1918);"
3969,10454,2800,outside_corpus,Executive Order No. 2800,"3. 129° 24' 02"" 646.09 feet along Kaukonahua Road (Part b-a. Presidential Executive Order No. 2800, dated February 4, 1918);"
3969,10454,2800,outside_corpus,Executive Order No. 2800,"2. 29° 00' 43.66 feet along the remainder of Schofleld Barracks Military Reservation (Presidential Executive Order No. 2800, dated February 4, 1918);"
3970,10452,8248,outside_corpus,Executive Order No. 8248,"SEC. 3. There are hereby revoked (1) section 4 of Part II of Executive Order No. 8248 of September 8, 1939, defining the functions of the Liaison Office for Personnel Management, and (2) to the extent that they relate to the Liaison Office for Personnel Management, Parts I, III, IV, and VI of that order. The said Liaison Office for Personnel Management is hereby abolished, and the White House Office shall take such measures as may be necessary to wind up the affairs of the abolished office."
3972,10450,9835,outside_corpus,Executive Order No. 9835,"SEC. 4. The head of each department and agency shall review, or cause to be reviewed, the cases of all civilian officers and employees with respect to whom there has been conducted a full field investigation under Executive Order No. 9835 of March 21, 1947, and, after such further investigation as may be appropriate, shall re-adjudicate, or cause to be re-adjudicated, in accordance with the said act of August 26, 1950, such of those cases as have not been adjudicated under a security standard commensurate with that established under this order."
3972,10450,9835,outside_corpus,Executive Order No. 9835,"SEC. 7. Any person whose employment is suspended or terminated under the authority granted to heads of departments and agencies by or in accordance with the said act of August 26, 1950, or pursuant to the said Executive Order No. 9835 or any other security or loyalty program relating to officers or employees of the Government, shall not be reinstated or restored to duty or reemployed in the same department or agency and shall not be reemployed in any other department or agency, unless the head of the department or agency concerned finds that such reinstatement, restoration, or reemployment is clearly consistent with the interests of the national security, which finding shall be made a part of the records of such department or agency: Provided, that no person whose employment has been terminated under such authority thereafter may be employed by any other department or agency except after a determination by the Civil Service Commission that such person is eligible for such employment."
3972,10450,9835,outside_corpus,Executive Order No. 9835,"SEC. 9. (a) There shall be established and maintained in the Civil Service Commission a security-investigations index covering all persons as to whom security investigations have been conducted by any department or agency of the Government under this order. The central index established and maintained by the Commission under Executive Order No. 9835 of March 21, 1947, shall be made a part of the security-investigations index. The security-investigations index shall contain the name of each person investigated, adequate identifying information concerning each such person, and a reference to each department and agency which has conducted an investigation concerning the person involved or has suspended or terminated the employment of such person under the authority granted to heads of departments and agencies by or in accordance with the said act of August 26, 1950."
3972,10450,9835,outside_corpus,Executive Order No. 9835,"SEC 11. On and after the effective date of this order the Loyalty Review Board established by Executive Order No. 9835 of March 21, 1947, shall not accept agency findings for review, upon appeal or otherwise. Appeals pending before the Loyalty Review Board on such date shall be heard to final determination in accordance with the provisions of the said Executive Order No. 9835, as amended. Agency determinations favorable to the officer or employee concerned pending before the Loyalty Review Board on such date shall be acted upon by such Board, and whenever the Board is not in agreement with such favorable determination the case shall be remanded to the department or agency concerned for determination in accordance with the standards and procedures established pursuant to this order. Cases pending before the regional loyalty boards of the Civil Service Commission on which hearings have not been initiated on such date shall be referred to the department or agency concerned. Cases being heard by regional loyalty boards on such date shall be heard to conclusion, and the determination of the board shall be forwarded to the head of the department or agency concerned: Provided, that if no specific department or agency is involved, the case shall be dismissed without prejudice to the applicant. Investigations pending in the Federal Bureau of Investigation or the Civil Service Commission on such date shall be completed, and the reports thereon shall be made to the appropriate department or agency."
3972,10450,9835,outside_corpus,Executive Order No. 9835,"SEC 11. On and after the effective date of this order the Loyalty Review Board established by Executive Order No. 9835 of March 21, 1947, shall not accept agency findings for review, upon appeal or otherwise. Appeals pending before the Loyalty Review Board on such date shall be heard to final determination in accordance with the provisions of the said Executive Order No. 9835, as amended. Agency determinations favorable to the officer or employee concerned pending before the Loyalty Review Board on such date shall be acted upon by such Board, and whenever the Board is not in agreement with such favorable determination the case shall be remanded to the department or agency concerned for determination in accordance with the standards and procedures established pursuant to this order. Cases pending before the regional loyalty boards of the Civil Service Commission on which hearings have not been initiated on such date shall be referred to the department or agency concerned. Cases being heard by regional loyalty boards on such date shall be heard to conclusion, and the determination of the board shall be forwarded to the head of the department or agency concerned: Provided, that if no specific department or agency is involved, the case shall be dismissed without prejudice to the applicant. Investigations pending in the Federal Bureau of Investigation or the Civil Service Commission on such date shall be completed, and the reports thereon shall be made to the appropriate department or agency."
3972,10450,9835,outside_corpus,Executive Order No. 9835,"SEC. 12. Executive Order No. 9835 of March 21, 1947, as amended, is hereby revoked. For the purposes described In section 11 hereof the Loyalty Review Board and the regional loyalty boards of the Civil Service Commission shall continue to exist and function for a period of one hundred and twenty days from the effective date of this order, and the Department of Justice shall continue to furnish the information described in paragraph 3 of Part III of the said Executive Order No. 9835, but directly to the head of each department and agency."
3972,10450,9835,outside_corpus,Executive Order No. 9835,"SEC. 12. Executive Order No. 9835 of March 21, 1947, as amended, is hereby revoked. For the purposes described In section 11 hereof the Loyalty Review Board and the regional loyalty boards of the Civil Service Commission shall continue to exist and function for a period of one hundred and twenty days from the effective date of this order, and the Department of Justice shall continue to furnish the information described in paragraph 3 of Part III of the said Executive Order No. 9835, but directly to the head of each department and agency."
3978,10444,8809,outside_corpus,Executive Order No. 8809,"Executive Order No. 8809 of June 28, 1941, establishing the Good Conduct Medal, as amended by Executive Order No. 9323 of March 31, 1943, is hereby further amended to read as follows:"
3978,10444,9323,outside_corpus,Executive Order No. 9323,"Executive Order No. 8809 of June 28, 1941, establishing the Good Conduct Medal, as amended by Executive Order No. 9323 of March 31, 1943, is hereby further amended to read as follows:"
3982,10440,9830,outside_corpus,Executive Order No. 9830,"SECTION 1. Civil Service Rule VI, as established by Executive Order No. 9830 of February 24, 1947, and as amended by Executive Order No. 9973 of June 28, 1948, is hereby further amended to read as follows:"
3984,10438,9781,outside_corpus,Executive Order No. 9781,"(a) Executive Order No. 9781 of September 19, 1946, as amended by Executive Order No. 10360 of June 11, 1952 (17 P.R. 5337)."
3984,10438,10346,outside_corpus,Executive Order No. 10346,"(c) Executive Order No. 10346 of April 17, 1952 (17 P.R. 3477)."
3989,10433,10161,outside_corpus,Executive Order No. 10161,"SEC. 2. Section 401 (a) of Executive Order No. 10161 of September 9, 1950 (15 F.R. 6106), is hereby amended to read as follows:"
3995,10427,10221,outside_corpus,Executive Order No. 10221,SEC. 8. So much of the records of the Housing and Home Finance Agency relating to the activities delegated by Executive Order No. 10221 as the Housing Home Finance Administrator and the Federal Civil Defense Administrator shall jointly determine shall be transferred to the Federal Civil Defense Administration.
3995,10427,10221,outside_corpus,Executive Order No. 10221,"SEC. 9. Executive Order No. 10221 of March 2, 1951 (16 F.R. 2051), is hereby revoked, Provided, That the Housing and Home Finance Administrator is hereby authorized and directed to carry out and complete all activities, including reports thereon, provided for by that order in connection with any disaster determined, in accordance with the provisions of the act and prior to the effective date of this order, to be major disaster: And provided further, That the Housing and Home Finance Administrator shall prepare the annual and supplemental reports provided for by section 8 of the act for the calendar year 1952 for the consideration of the President and transmittal by him to the Congress."
4003,10419,5487,outside_corpus,Executive Order 5487,4. 129° 00Â´ 109.16 feet along the remainder of Tract No. 1 of Presidential Executive Order 5487 and along the east side of Governor's Executive Order 864 to the southeast side of Channel Street;
4010,10413,7299,outside_corpus,Executive Order No. 7299,"WHEREAS by Executive Order No. 7299 of February 10, 1936, Kure (Ocean) Island, together with the surrounding reef, was placed under the control and jurisdiction of the Secretary of the Navy for naval purposes; and"
4012,10411,8320,outside_corpus,Executive Order No. 8320,"WHEREAS certain lands of Aiea, Island of Oahu, Territory of Hawaii, which form a part of the public lands ceded and transferred to the United States by the Republic of Hawaii under the joint resolution of July 7, 1898, 30 Stat. 750, were reserved for military purposes of the United States by a series of Executive orders and now comprise the Aiea Military Reservation as described in Executive Order No. 8320 of January 15, 1940, and as modified by Executive Order No. 9545 of April 27, 1945, and"
4012,10411,9545,outside_corpus,Executive Order No. 9545,"WHEREAS certain lands of Aiea, Island of Oahu, Territory of Hawaii, which form a part of the public lands ceded and transferred to the United States by the Republic of Hawaii under the joint resolution of July 7, 1898, 30 Stat. 750, were reserved for military purposes of the United States by a series of Executive orders and now comprise the Aiea Military Reservation as described in Executive Order No. 8320 of January 15, 1940, and as modified by Executive Order No. 9545 of April 27, 1945, and"
4012,10411,8320,outside_corpus,Executive Order No. 8320,"All of the land described as Lot 1 in Executive Order No. 8320 of January 15, 1940."
4014,10409,9277,outside_corpus,Executive Order No. 9277,"8. This order shall supersede Executive Order No. 9277 of December 3, 1941, entitled ""Award of the Purple Heart to Persons Serving with the Navy, Marine Corps or Coast Guard of the United States"", but existing regulations issued pursuant to that order shall, so far as they are not inconsistent with this order, remain in effect until modified or revoked by regulations issued by the Secretary of the Navy pursuant to this order."
4019,10404,2521,outside_corpus,Executive Order No. 2521,"WHEREAS certain land on the Island of Oahu, Territory of Hawaii, which forms a part of the public lands ceded and transferred to the United States by the Republic of Hawaii under the joint resolution of annexation of July 7, 1898, 30 Stat. 750, was reserved for military purposes as the Fort Shafter Military Reservation, as described by Executive Order No. 2521 of January 26, 1917; and"
4019,10404,5521,outside_corpus,Executive Order No. 5521,"WHEREAS certain parcels of the said land were restored to the Territory of Hawaii by Executive Order No. 5521 of December 26, 1930, for use in the proposed extension of a certain public highway; and"
4019,10404,5521,outside_corpus,Executive Order No. 5521,"WHEREAS it is deemed desirable and in the public interest that the possession, use, and control of the said additional parcel be restored to the Territory of Hawaii, and that title thereto and to the three parcels of land described in the said Executive Order No. 5521 as Parcel 1, Parcel 2, and Parcel 4-B, respectively, be transferred to the said Territory:"
4019,10404,5521,outside_corpus,Executive Order No. 5521,"Beginning at the Northeast corner of this piece of land, and the South corner of Parcel 128, the same being also the South corner of Lot2-C, Map 2 of Land Court Application 748, and the initial point of Parcel 2 described in Executive Order No. 5521 of December 26, 1930, and on the present North-west side of Middle Street, thence running by azimuths measured clockwise from True South:"
4019,10404,5521,outside_corpus,Executive Order NO. 5521,"1. 48° 42Â´ 550.49 feet along the present Northwest side of Middle Street; along Parcel 2 of Executive Order NO. 5521; Thence along the seaward toe of the Weli Fish Pond wall (recently covered with dredged material) along land owned by the Territory of Hawaii, for the nest three (3) courses, the direct azimuths and distances between points on said seaward toe of Weli Fish Pond wall being:"
4019,10404,5521,outside_corpus,Executive Order No. 5521,"2. Title to the three parcels of land described in Executive Order No. 5521 of December 26, 1930, as Parcel 1, Parcel 2, and Parcel 4-B, respectively, is hereby transferred to the Territory of Hawaii."
4020,10403,4503,outside_corpus,Executive Order No. 4503,"By virtue of the authority vested in me by the provisions of section 9 of the act of Congress approved on June 7, 1924, entitled ""An Act to provide for the protection of forest lands, for the reforestation of denuded areas, for the extension of National Forests, and for other purposes, in order to promote the continuous production of timber on lands chiefly suitable therefore"" (43 Stat. 655), and as President of the United States, the following-described lands, which comprise a part of the Fort Missoula Military Reservation in the State of Montana, and which, in the opinion of the Secretary of the Army and the Secretary of Agriculture, are suitable for the production of timber, are hereby reserved as a an addition to the Fort Missoula District of the Lolo National Forest, formerly the Missoula National Forest, established by Executive Order No. 4503 of September 2, 1926:"
4021,10402,7548,outside_corpus,Executive Order No. 7548,"4. This order supersedes Executive Order No. 7548 of February 5, 1937, entitled ""Enforcement of the Convention for Safety of Life at Sea, 1929"", to the extent that the said International Convention for Safety of Life at Sea signed at London on June 10, 1948, replaces and abrogates the International Convention for Safety of Life at Sea signed at London on May 31, 1929."
4023,10400,10122,outside_corpus,Executive Order No. 10122,"By virtue of and pursuant to the authority vested in me by section 414(b) of the Career Compensation Act of 1949, approved October 12, 1949 (Public Law 351, 81st Congress), and as President of the United States and Commander in Chief of the Armed Forces of the United States, I hereby amend Executive Order No. 10122 of April 14, 1950, entitled ""Regulations Governing Payment of Disability Retirement Pay, Hospitalization and Re-examination of Members and Former Members of the Uniformed Services"", as follows, such amendments to be effective October 15, 1952:"
4023,10400,9703,outside_corpus,Executive Order No. 9703,"Section 5 of such order is amended to read as follows: ""All duties, powers, and functions incident to the hospitalization of members or former members of the uniformed services placed on the temporary disability retired list or permanently retired for physical disability or receiving disability retirement pay who require hospitalization for chronic diseases shall be vested in the Administrator of Veterans' Affairs: Provided, that all duties, powers, and functions incident to the hospitalization of such members or former members who are or have been admitted to hospitals under the jurisdiction of the uniformed services before October 15, 1952, may be exercised by the Secretary concerned until April 15, 1953: Provided further, that all the duties, powers, and functions incident to hospitalization for such members or former members who have completed twenty or more years of active duty, as defined in section 412 of the Career Compensation Act of 1949, who require hospitalization for chronic diseases other than blindness, neuropsychiatric or psychiatric disorders and tuberculosis, who are acceptable medically to the Commanding Officer of a service hospital, and who elect not to receive hospitalization in Veterans Administration facilities shall be vested in the Secretary concerned: And provided further, that for the purpose of this order, the term 'chronic diseases' shall be construed to include chronic arthritis, malignancy, psychiatric or neuropsychiatric disorder, neurological disabilities, poliomyelitis with disability residuals and degenerative diseases of the nervous system, severe injuries to the nervous system including quadriplegics, hemiplegics, and paraplegics, tuberculosis, blindness and deafness requiring definitive rehabilitation, major amputees, and such other diseases as may be so defined jointly by the Secretary of Defense, the Administrator of Veterans' Affairs, and the Federal Security administrator and so described in appropriate regulations of the respective departments and agencies concerned. Executive Order No. 9703 of March 12, 1946, prescribing regulations relating to the medical care of certain personnel of the Coast Guard, Coast and Geodetic Survey, Public Health Service, and the former Lighthouse Service, is hereby amended to the extent necessary to conform to the provisions of this section."""
4034,10390,10161,outside_corpus,Executive Order No. 10161,"By virtue of the authority vested in me by the Defense Production Act of 1950, as amended (50 U.S.C. App. 2061 et seq.), and as President of the United States, it is ordered that section 403 of Executive Order No. 10161 of September 9, 1950, (15 F.R. 6105), as amended, be, and it is hereby, further amended by redesignating paragraph (b) thereof as paragraph (c) and by inserting immediately after paragraph (a) thereof the following new paragraph:"
4035,10388,8616,outside_corpus,Executive Order No. 8616,"By virtue of the authority vested in me as President of the United States, Executive Order No. 8616 of December 19, 1940, placing Palmyra Island under the control and jurisdiction of the Secretary of the Navy and reserving it for naval purposes, is hereby revoked."
4036,10387,9943,outside_corpus,Executive Order No. 9943,"This order supersedes Executive Order No. 9943 of April 9, 1948, 13 F.R. 1975, entitled ""Providing for Carrying out the Foreign Assistance Act of 1948""."
4042,10381,9805,outside_corpus,Executive Order No. 9805,"By virtue of the authority vested in me by the act of August 2, 1946, ch. 744, 60 Stat. 806, it is ordered that section 21 of Executive Order No. 9805 of November 25, 1946, prescribing regulations governing payment of travel and transportation expenses of civilian officers and employees of the United States when transferred from one official station to another for permanent duty, be, and it is hereby, amended to read as follows:"
4049,10375,4667,outside_corpus,Executive Orders No. 4667,"WHEREAS certain lands known as Round Top Military Reservation and rights-of-way thereto, located at Honolulu, Island Oahu, Territory of Hawaii, which form a part of the public lands ceded and transferred to the United States by the Republic of Hawaii under the joint resolution of annexation of July 7, 1898, 30 Stat. 750, were reserved for military purposes of the United States by Executive Order No. 978 of November 24, 1908, as modified by Executive Orders No. 4667 of June 12, 1927, No. 5931 of October 8, 1932, and No. 6948 of January 17, 1935; and"
4062,10360,9781,outside_corpus,Executive Order No. 9781,"By virtue of the authority vested in me as President of the United States, it is ordered that paragraph 1(a) of Executive Order No. 9781 of September 19, 1946, be, and it is hereby, amended to read as follows:"
4062,10360,9990,outside_corpus,Executive Order No. 9990,"This order supersedes (1) Executive Order No. 9990 of August 21, 1948, which enlarged the membership of the Air Coordinating Committee by including a representative of the Treasury Department, and (2) the letter of the President to the Chairman of the National Security Resources Board dated September 27, 1950, which requested that a representative of such Board be designated as a non-voting member of the Air Coordinating Committee."
4064,10358,9636,outside_corpus,Executive Order No. 9636,"SEC. 8. This order shall become effective sixty days after the date hereof, and shall supersede Executive Order No. 9636 of October 3, 1945, entitled ""Observance by Government Agencies of Holidays Falling on Sundays""."
4065,10359,10161,outside_corpus,Executive Order No. 10161,"SECTION 1. Sections 303, 307, 310(b), and 311(b) of Executive Order No. 10161 of September 9, 1950 (15 F.R. 6105), as amended, are hereby amended to read, respectively, as follows:"
4069,10355,9337,outside_corpus,Executive Order No. 9337,"SEC. 4. This order supersedes Executive Order No. 9337 of April 24, 1943, (1) entitled ""Authorizing the Secretary of the Interior To Withdraw and Reserve Lands of the Public Domain and Other Lands Owned or Controlled by the United States""."
4072,10351,2164,outside_corpus,Executive Order No. 2164,"2. Executive Order No. 2164 of April 7, 19515, designating certain persons for the purpose of issuing provisional certificates of registry to vessels described in paragraph 1 hereof, is hereby revoked."
4074,10348,8389,outside_corpus,Executive Order No. 8389,"Executive Order No. 8389 of April 10, 1940, as amended, and Executive Order No. 9989 of August 20, 1948, and all delegations, designations, regulations, rulings, instructions, and licenses issued under such orders are hereby continued in force according to their terms for the duration of the period of the national emergency proclaimed by Proclamation No. 2914 of December 16, 1950."
4074,10348,9989,outside_corpus,Executive Order No. 9989,"Executive Order No. 8389 of April 10, 1940, as amended, and Executive Order No. 9989 of August 20, 1948, and all delegations, designations, regulations, rulings, instructions, and licenses issued under such orders are hereby continued in force according to their terms for the duration of the period of the national emergency proclaimed by Proclamation No. 2914 of December 16, 1950."
4075,10349,9575,outside_corpus,Executive Order No. 9575,"This order supersedes Executive Order No. 9575 of June 21, 1945, entitled ""Declaring the Commissioned Corps of the Public Health Service To Be a Military Service and Prescribing Regulations therefore""."
4082,10340,10233,outside_corpus,Executive Order No. 10233,"WHEREAS the controversy has not been settled through the processes of collective bargaining or through the efforts of the Government, including those of the Wage Stabilization Board, to which the controversy was referred on December 22, 1951, pursuant to Executive Order No. 10233, and a strike has been called for 12:01 A.M., April 9, 1952; and"
4083,10341,8683,outside_corpus,Executive Order No. 8683,"By virtue of the authority vested in me by section 2152 of title 18 of the United States Code and section 4 of the Air Commerce Act of 1926 (44 Stat. 570; 49 U. S. C. 174), the following-designated naval defensive sea areas and naval airspace reservations, established by Executive Order No. 8683 of February 14, 1941, as amended by Executive Order No. 8729 of April 2, 1941 are hereby discontinued:"
4083,10341,8729,outside_corpus,Executive Order No. 8729,"By virtue of the authority vested in me by section 2152 of title 18 of the United States Code and section 4 of the Air Commerce Act of 1926 (44 Stat. 570; 49 U. S. C. 174), the following-designated naval defensive sea areas and naval airspace reservations, established by Executive Order No. 8683 of February 14, 1941, as amended by Executive Order No. 8729 of April 2, 1941 are hereby discontinued:"
4085,10338,9857,outside_corpus,Executive Orders Nos. 9857,"(c) Executive Orders Nos. 9857, 9862, 9864, 9914, 9944, 9960, 10208, and 10259 of May 22, 1947, May 31, 1947, May 31, 1947, December 26, 1947, April 9, 1948, May 19, 1948, January 25, 1951, and June 27, 1951, respectively, are hereby revoked."
4086,10336,9586,outside_corpus,Executive Order No. 9586,"Executive Order No. 9586 of July 6, 1945, establishing the Medal of Freedom, is hereby amended to read as follows:"
4099,10324,10161,outside_corpus,Executive Order No. 10161,"SECTION 1. Paragraphs (e) and (k) of section 901 of Executive Order No. 10161 of September 9, 1950 (15 F.R. 6105; 3 CFR, 1950 Supp., p. 123), as amended, are hereby amended to read as follows:"
4100,10323,10161,outside_corpus,Executive Order No. 10161,"SEC. 5. The provisions of sections 902 and 903 of Executive Order No. 10161, as amended (including those with respect to subpoena), are hereby made applicable to the Small Defense Plants Administrator with respect to his functions under section 714 of the Defense Production Act, as amended, and under this order."
4103,10320,10002,outside_corpus,Executive Order No. 10002,"WHEREAS, in my judgment, the public interest requires that Lawrence M. Lawson, Commissioner of the United States on the International Boundary and Water Commission, United States and Mexico, who was exempted from compulsory retirement for age for a period of three years by Executive Order No. 10002 of September 17, 1948 be further exempted from such compulsory retirement as provided below:"
4115,10309,5487,outside_corpus,Executive Order No. 5487,"WHEREAS a tract of land at Kaakaukukui, Honolulu, Oahu, Territory of Hawaii, which forms a part of the public lands ceded and transferred to the United States by the Republic of Hawaii under the joint resolution of annexation of July 7, 1898 (30 Stat. 750), was reserved for military purposes by a series of Executive orders (enumerated in Executive Order No. 5487 of November 14, 1930) describing the Fort Armstrong Military Reservation; and"
4116,10307,8298,outside_corpus,Executive Order No. 8298,"Executive Order No. 8298 of December 4, 1939, entitled ""Regulations Governing the Manner of Executing and Returning Commissions by Officers of the Foreign Service in Criminal Cases, and Schedule of Fees and Compensation in Such Cases"", is hereby revoked."
4121,10301,10161,outside_corpus,Executive Order No. 10161,"By virtue of the authority vested in me by the Constitution and the statutes, including the Defense Production Act of 1950, as amended, and as President of the United States and Commander-in-Chief of the armed forces of the United States, it is ordered that section 403 of Executive Order No. 10161 of September 9, 1950, as amended by Executive Order No. 10233 of April 24, 1951, be, and it is hereby, further amended by re-lettering paragraph (b) thereof as paragraph (c) and by inserting after paragraph (a) of such section 403 the following new paragraph:"
4121,10301,10233,outside_corpus,Executive Order No. 10233,"By virtue of the authority vested in me by the Constitution and the statutes, including the Defense Production Act of 1950, as amended, and as President of the United States and Commander-in-Chief of the armed forces of the United States, it is ordered that section 403 of Executive Order No. 10161 of September 9, 1950, as amended by Executive Order No. 10233 of April 24, 1951, be, and it is hereby, further amended by re-lettering paragraph (b) thereof as paragraph (c) and by inserting after paragraph (a) of such section 403 the following new paragraph:"
4138,10287,8034,outside_corpus,Executive Order No. 8034,"By virtue of the authority vested in me as President of the United States, Executive Order No. 8034 of January 14, 1939, is hereby revoked and the Federal Real Estate Board established thereby is hereby abolished."
4141,10282,9360,outside_corpus,Executive Order No. 9360,"Executive Order No. 9360 of July 7, 1943, entitled ""Suspension of EightHour Law as to Laborers and Mechanics Employed by the Department of the Interior on Public Works within the United States"", and Executive Order No. 9368 of August 9, 1943, extending the provisions of the aforesaid order to certain public work within the Territory of Alaska, are hereby superseded; but nothing contained in this order shall prejudice any action heretofore taken under or pursuant to the said Executive Order No. 9360 or the said Executive Order No. 9368."
4141,10282,9368,outside_corpus,Executive Order No. 9368,"Executive Order No. 9360 of July 7, 1943, entitled ""Suspension of EightHour Law as to Laborers and Mechanics Employed by the Department of the Interior on Public Works within the United States"", and Executive Order No. 9368 of August 9, 1943, extending the provisions of the aforesaid order to certain public work within the Territory of Alaska, are hereby superseded; but nothing contained in this order shall prejudice any action heretofore taken under or pursuant to the said Executive Order No. 9360 or the said Executive Order No. 9368."
4141,10282,9360,outside_corpus,Executive Order No. 9360,"Executive Order No. 9360 of July 7, 1943, entitled ""Suspension of EightHour Law as to Laborers and Mechanics Employed by the Department of the Interior on Public Works within the United States"", and Executive Order No. 9368 of August 9, 1943, extending the provisions of the aforesaid order to certain public work within the Territory of Alaska, are hereby superseded; but nothing contained in this order shall prejudice any action heretofore taken under or pursuant to the said Executive Order No. 9360 or the said Executive Order No. 9368."
4141,10282,9368,outside_corpus,Executive Order No. 9368,"Executive Order No. 9360 of July 7, 1943, entitled ""Suspension of EightHour Law as to Laborers and Mechanics Employed by the Department of the Interior on Public Works within the United States"", and Executive Order No. 9368 of August 9, 1943, extending the provisions of the aforesaid order to certain public work within the Territory of Alaska, are hereby superseded; but nothing contained in this order shall prejudice any action heretofore taken under or pursuant to the said Executive Order No. 9360 or the said Executive Order No. 9368."
4142,10281,10161,outside_corpus,Executive Order No. 10161,"SEC. 201. Sections 303 and 3014 of Executive Order No. 10161 of September 9, 1950 (15 F.R. 6105-6106), as amended, are hereby revoked, and there are hereby inserted in lieu thereof the following new sections:"
4142,10281,10161,outside_corpus,Executive Order No. 10161,"SEC. 202. The Defense Materials Procurement Agency is hereby designated as an additional guaranteeing agency under section 301 of the Defense Production. Act of 1950, as amended; and, accordingly, section 301 of Executive Order No. 10161 of September 9, 1950, as amended, is hereby amended by inserting therein, after the words ""the Department of Agriculture"", the words ""the Defense Materials Procurement Agency,""."
4142,10281,10161,outside_corpus,Executive Order No. 10161,"SEC. 301. Part III of Executive Order No. 10161 of September 9, 1950, as amended, is hereby further amended by adding after section 309 thereof (as added by Part II of this Executive order) the following new sections:"
4142,10281,10161,outside_corpus,Executive Order No. 10161,"SEC. 401. Executive Order No. 10161 of September 9, 1950, as amended, is hereby further amended by inserting the following after section 801 thereof:"
4142,10281,10161,outside_corpus,Executive Order No. 10161,"SEC. 402. Section 901 of Executive Order No. 10161 of September 9, 1950, is hereby amended by adding after paragraph (k) thereof a new paragraph (1), to read as follows:"
4142,10281,10161,outside_corpus,Executive Order No. 10161,"SEC. 403. Section 201 (b) of Executive Order No. 10161 of September 9, 1950, is hereby amended to read as follows:"
4142,10281,10161,outside_corpus,Executive Order No. 10161,"SEC. 404. Section 301 of Executive Order No. 10161 of September 9, 1950, is hereby amended by inserting therein, after the words ""the Department of the Air Force,"" the words ""the Atomic Energy Commission,"". Executive Order No. 10223 of March 10, 1951, is hereby revoked."
4144,10280,9835,outside_corpus,Executive Order No. 9835,"§21.155 Separation on grounds of disloyalty. The loyalty to the Government of the United States of commissioned officers of the Service shall be subject to investigation, review, and determination in accordance with the provisions of Executive Order No. 9835 of March 21, 1947, entitled ""prescribing Procedures for the Administration of an Employees Loyalty Program in the Executive Branch of the Government,"" as amended by Executive Order No. 10241 of April 28, 1951. If the Administrator finds, in accordance with the standards and procedures prescribed by, or adopted pursuant to, the said Executive Order No. 9835 as amended (including those relating to the right of appeal to the Loyalty Review Board for an advisory recommendation), that, on all the evidence, there is a reasonable doubt as to the loyalty of the officer involved to the Government of the United States, such officer shall be separated from the Service."
4144,10280,9835,outside_corpus,Executive Order No. 9835,"§21.155 Separation on grounds of disloyalty. The loyalty to the Government of the United States of commissioned officers of the Service shall be subject to investigation, review, and determination in accordance with the provisions of Executive Order No. 9835 of March 21, 1947, entitled ""prescribing Procedures for the Administration of an Employees Loyalty Program in the Executive Branch of the Government,"" as amended by Executive Order No. 10241 of April 28, 1951. If the Administrator finds, in accordance with the standards and procedures prescribed by, or adopted pursuant to, the said Executive Order No. 9835 as amended (including those relating to the right of appeal to the Loyalty Review Board for an advisory recommendation), that, on all the evidence, there is a reasonable doubt as to the loyalty of the officer involved to the Government of the United States, such officer shall be separated from the Service."
4147,10276,10161,outside_corpus,Executive Order No. 10161,"1. (a) All powers, duties, and functions conferred upon the President by Title II of the Housing and Rent Act of 1947, as amended, exclusive of section 208 (a), as amended, of the said Act, shall be administered through the Economic Stabilization Agency (established by Part IV of Executive Order No. 10161 of September 9, 1950). The said powers, duties, and function may be exercised and performed by the Economic Stabilization Administrator or, subject to his direction and control, by such officers and agencies of the Economic Stabilization Agency as the said Administrator shall designate."
4151,10272,6885,outside_corpus,Executive Order No. 6885,"By virtue of the authority vested in me by section 1 of the act of August 8, 1950, c. 646, 64 Stat. 419, and as President of the United States, it is hereby ordered that the Secretary of the Army be, and he is hereby, designated and empowered to exercise the authority vested in the President by section 1 of the act of June 30, 1881, 22 Stat. 117, 121, as amended (24 U.S.C. 18), to provide rules, regulations, and restrictions with respect to the Army and Navy hospital at Hot Springs, Arkansas: Provided, that the rules, regulations, and restrictions prescribed under the authority of this order shall, so far as feasible, be uniform with those obtaining with respect to other hospitals under the jurisdiction of the Department of the Army, and that those prescribed by the Executive order of August 25, 1892, as amended by Executive Order No. 6885 of October 23, 1934, shall continue in force and effect until amended, modified, or revoked by the Secretary of the Army in action taken pursuant to this order."
4155,10268,1106,outside_corpus,Executive Orders No. 1106,"WHEREAS certain lands on the Island of Oahu, Territory of Hawaii, were reserved for military purposes by Executive Order No. 395-A of January 18, 1906, as modified by Executive Orders No. 1106 of July 1, 1909, No. 1377 of June 26, 1911, No. 1767 of April 28, 1913, and No. 6408 of November 7, 1933; and"
4155,10268,6408,outside_corpus,Executive Order No. 6408,"2. 310o 14' 00'' 81.46 feet along the remainder of Tract I of Presidential Executive Order No. 6408 dated November 7, 1933;"
4155,10268,6408,outside_corpus,Executive Order No. 6408,"This tract is a portion of Tract No. 1 described in Executive Order No. 6408 of November 7, 1933."
4155,10268,6408,outside_corpus,Executive Order No. 6408,"Tracts Nos. 2, 3, and 4 described in Executive Order No. 6408 of November 7, 1933."
4158,10263,1888,outside_corpus,Executive Order No. 1888,"SEC. 6. In view of the transfers made by this order, and in effectuation of the purposes of the said act of September 26, 1950, there are hereby revoked (a) section 17 of Executive Order No. 1888 of February 21, 1914, and (b) the order of the Secretary of War designated as Canal Zone Order No. 4 of January 24, 1947, the provisions of which section and order relate to the assignment of, and rental rates for, quarters furnished employees, and the rates to be charged for supplies and services related to quarters."
4160,10265,9875,outside_corpus,Executive Order No. 9875,"WHEREAS Executive Order No. 9875 of July 18, 1947, delegated authority and responsibility for the civil administration of the trust territory to the Secretary of the Navy on an interim basis; and"
4160,10265,9875,outside_corpus,Executive Order No. 9875,"5. The said Executive Order No. 9875 of July 18, 1947, is revoked, effective July 1, 1951."
4169,10254,9818,outside_corpus,Executive Order No. 9818,"1. The Philippine Alien Property Administration, established by Executive Order No. 9818 of January 7, 1947, is hereby terminated. All authority, rights, privileges, powers, duties, and functions vested in such Administration or in the Philippine Alien Property Administrator or transferred to delegated thereto are hereby vested in or transferred or delegated to the Attorney General, as the case may be, and shall be administered by him or under his direction and control by such officers and agencies of the Department of Justice as he may designate."
4172,10251,9898,outside_corpus,Executive Order No. 9898,"Executive Order No. 9898 of October 14, 1947, as amended by Executive Order No. 9926 of January 17, 1948, and as extended by Executive Orders no. 9974 of July 1, 1948, No. 10064 of June 30, 1949, and No. 10135 of June 30, 1950, is hereby superseded; but nothing contained in this order shall prejudice any action heretofore taken under or pursuant to the said Executive Order No. 9898 as amended and extended."
4172,10251,9926,outside_corpus,Executive Order No. 9926,"Executive Order No. 9898 of October 14, 1947, as amended by Executive Order No. 9926 of January 17, 1948, and as extended by Executive Orders no. 9974 of July 1, 1948, No. 10064 of June 30, 1949, and No. 10135 of June 30, 1950, is hereby superseded; but nothing contained in this order shall prejudice any action heretofore taken under or pursuant to the said Executive Order No. 9898 as amended and extended."
4172,10251,9898,outside_corpus,Executive Order No. 9898,"Executive Order No. 9898 of October 14, 1947, as amended by Executive Order No. 9926 of January 17, 1948, and as extended by Executive Orders no. 9974 of July 1, 1948, No. 10064 of June 30, 1949, and No. 10135 of June 30, 1950, is hereby superseded; but nothing contained in this order shall prejudice any action heretofore taken under or pursuant to the said Executive Order No. 9898 as amended and extended."
4182,10241,9835,outside_corpus,Executive Order No. 9835,"By virtue of the authority vested in me by the Constitution and statutes of the United States, including the Civil Service Act of 1883 (22 Stat. 403) as amended, and section 9A of the act approved August 2, 1939 (5 U.S.C. 118j), and as President of the United States, it is ordered that paragraph 1 of Part V of Executive Order No. 9835 of March 21, 1947, entitled ""Prescribing Procedures for the Administration of an Employees Loyalty Program in the Executive Branch of the Government"", be, and it is hereby, amended to read as follows:"
4183,10237,9746,outside_corpus,Executive Order No. 9746,"By virtue of the authority vested in me by section 3 of the act of August 26, 1950, entitled ""An Act To protect the national security of the United States by permitting the summary suspension of employment of civilian officers and employees of various departments and agencies of the Government, and for other purposes"" (Public Law 733, 81st Congress), and deeming such action necessary in the best interests of national security, it is hereby ordered that the provisions of the said act shall apply to The Panama Canal and to the Panama Railroad Company: Provided, however, That this order shall not be construed as modifying the authority conferred upon the Secretary of the Army by paragraph 1(h) of Executive Order No. 9746 of July 1, 1946, as amended by Executive Order No. 10101 of January 31, 1950."
4189,10234,7908,outside_corpus,Executive Order No. 7908,"SECTION 1. Subject to valid existing rights, jurisdiction over all lands in the following-described areas acquired or in the process of acquisition under Title III of the said Bankhead-Jones Farm Tenant Act, or transferred by Executive Order No. 7908 of June 9, 1938, as amended by Executive Orders Nos. 8531 of August 31, 1950 and 10175 of October 25, 1950, to the Secretary of Agriculture for use, administration, and disposition in accordance with the provisions of the said act, together with waters or water rights, improvements, and structures acquired or constructed in connection with the use and administration of the said lands, is hereby transferred to the Department of the Interior; and the lands shall be administered, and shall be subject to exchange, under the Taylor Grazing Act, 48 Stat. 1269 (43 U.S.C. 315), as amended: Provided, that the transfer of jurisdiction over those lands that are in process of acquisition shall take effect upon the completion of acquisition thereof by the Secretary of Agriculture:"
4189,10234,8531,outside_corpus,Executive Orders Nos. 8531,"SECTION 1. Subject to valid existing rights, jurisdiction over all lands in the following-described areas acquired or in the process of acquisition under Title III of the said Bankhead-Jones Farm Tenant Act, or transferred by Executive Order No. 7908 of June 9, 1938, as amended by Executive Orders Nos. 8531 of August 31, 1950 and 10175 of October 25, 1950, to the Secretary of Agriculture for use, administration, and disposition in accordance with the provisions of the said act, together with waters or water rights, improvements, and structures acquired or constructed in connection with the use and administration of the said lands, is hereby transferred to the Department of the Interior; and the lands shall be administered, and shall be subject to exchange, under the Taylor Grazing Act, 48 Stat. 1269 (43 U.S.C. 315), as amended: Provided, that the transfer of jurisdiction over those lands that are in process of acquisition shall take effect upon the completion of acquisition thereof by the Secretary of Agriculture:"
4189,10234,7908,outside_corpus,Executive Order No. 7908,"SEC. 2. Subject to valid existing rights and withdrawals, and to the provisions of said Executive Order No. 7908, as amended by Executive Orders Nos. 8531 of August 31, 1940, and 10175 of October 25, 1950, the public lands within the following-described areas, being found suitable for the purposes of Title III of the said Bankhead-Jones Farm Tenant Act, are hereby withdrawn from all forms of appropriation under the public-land laws, except the mining and mineral-leasing laws, and reserved for use, administration, and disposition in accordance with the provisions of Title III of the said Bankhead-Jones Farm Tenant Act and the related provisions of Title IV thereof, and the jurisdiction thereover is transferred to the Department of Agriculture:"
4189,10234,8531,outside_corpus,Executive Orders Nos. 8531,"SEC. 2. Subject to valid existing rights and withdrawals, and to the provisions of said Executive Order No. 7908, as amended by Executive Orders Nos. 8531 of August 31, 1940, and 10175 of October 25, 1950, the public lands within the following-described areas, being found suitable for the purposes of Title III of the said Bankhead-Jones Farm Tenant Act, are hereby withdrawn from all forms of appropriation under the public-land laws, except the mining and mineral-leasing laws, and reserved for use, administration, and disposition in accordance with the provisions of Title III of the said Bankhead-Jones Farm Tenant Act and the related provisions of Title IV thereof, and the jurisdiction thereover is transferred to the Department of Agriculture:"
4200,10223,10161,outside_corpus,Executive Order No. 10161,"By virtue of the authority vested in me by the Constitution and statutes, including the Defense Production Act of 1950, and as President of the United States and Commander in Chief of the armed forces, the Atomic Energy Commission is hereby designated as an additional guaranteeing agency under section 301 of the Defense Production Act of 1950, and the provisions of sections 301, 302, and 902 of Executive Order No. 10161 of September 9, 1950, as amended together with the provisions of Executive Order No. 10182 of November 21, 1950, as amended, are hereby made applicable to the Atomic Energy Commission to the same extent as they are applicable to other guaranteeing agencies under section 301 of the Defense Production Act of 1950."
4205,10219,10161,outside_corpus,Executive Order No. 10161,"SEC. 503. Nothing in this Executive order shall be deemed to supersede any provision of Executive Order No. 10193 of December 16, 1950, or of Executive Order No. 10200 of January 3, 1951, or to alter the delegations of authority made by or under authority of Executive Order No. 10161 of September 9, 1950, or of Executive Order No. 10200 of January 3, 1951. The enumerations of responsibilities in Parts I, II, III, and IV of this order shall not be deemed to be exclusive or to limit or restrict the functions of the officers designated therein except as specifically provided therein."
4211,10212,9391,outside_corpus,Executive Order No. 9391,"Beginning at a pint, the coordinates of which are N. 291,880 and E. 2,468,264, in the center of Big Hopper Creek and at the northeast corner of the Apalachia Powerhouse Site (Tract No. AR 144) which was transferred from the U.S. Department of Agriculture (Forest Service) to the Tennessee Valley Authority by Executive Order No. 9391 (1)"
4211,10212,9391,outside_corpus,Executive Order No. 9391,"A strip of land 500 ft. wide, lying 250 ft. on each side of the center line of the Apalachia Tunnel Location, the said center line extending from approximate survey station 345 + 03 on the center line at the western terminus of Tract No. AR 136-T of the Apalachia Tunnel Location N. 80° 26' W., 200 ft., more or less, to approximate survey station 347 + 03 at the eastern terminus of Tract No. AR 134-T of the Apalachia Tunnel Location. Tracts Nos. AR 136-T and AR 134-T were transferred from the U.S. Department of Agriculture (Forest Service) to the Tennessee Valley Authority by Executive Order No. 9391."
4211,10212,9391,outside_corpus,Executive Order No. 9391,"N. 66° 20' W., with the south line of sec. 16, 1,102 ft. to the intersection of the south line of sec. 16 and the southeast boundary of Tract No. AR 143-T of the Apalachia Tunnel Location (which was transferred from the U.S. Department of Agriculture (Forest Service) to the Tennessee Valley Authority by Executive Order No. 9391);"
4211,10212,9391,outside_corpus,Executive Order No. 9391,"Northerly, westerly, then northerly with the meanders of the center of the said section of road 2.1 mi., more or less, to the intersection of the center of the said section of road and the east boundary of the Apalachia Village Site from which the intersection of the east boundary of the village site and the south boundary of Tract No. AR-134-T of the Apalachia Tunnel bears N. 12° 30' E., 170 ft., more or less. EXCEPT, therefrom, those portions of the described strip lying within the boundaries of Tract No. AR-136-T of the Apalachia Tunnel which was transferred from the U.S. Department of Agriculture (Forest Service) to the Tennessee Valley Authority by Executive Order No. 9391."
4211,10212,9391,outside_corpus,Executive Order No. 9391,"Beginning at the point of intersection and the center of the telephone line and the east boundary of the Ocoee No. 3 Dam Site (Tract No. 3 OCR 15) which was transferred from the U.S. Department of Agriculture (Forest Service) to the Tennessee Valley Authority by Executive Order No. 9391, from which the northeast corner of sec. 15 bears N. 28° 30' E., 570 ft. (both bearing and distance being approximate)."
4213,10210,9001,outside_corpus,Executive Order No. 9001,"15. Nothing herein contained shall prejudice anything heretofore done under Executive Order No. 9001 of December 27, 1941, or any amendments or extensions thereof, or the continuance in force of an action heretofore taken under the said order or any amendments or extensions thereof."
4214,10209,8557,outside_corpus,Executive Order No. 8557,"By virtue of and pursuant to the authority vested In me by the act of July 8, 1940. 54 Stat. 743. it is ordered that section 3 of Executive Order No. 8557 of September 30, 1940, prescribing regulations governing the payment of expenses incurred in connection with the death of certain civilian officers and employees of the United States, be, and it is hereby, amended to read as follows:"
4221,10202,10001,outside_corpus,Executive Order No. 10001,"2. I hereby prescribe the following amendments of the Selective Service Regulations prescribed in part by Executive Order No. 9979 of July 20, 1948, in part by Executive Order No. 9988 of August 20, 1948, in part by Executive Order No. 9992 of August 28, 1948, in part by Executive Order No. 10001 of September 17, 1948, and in part by Executive Order No. 10116 of March 9, 1950, and constituting portions of Chapter XVI of Title 32 of the Code of Federal Regulations:"
4223,10200,10161,outside_corpus,Executive Order No. 10161,"SEC. 2. (a) There are hereby delegated to the Administrator the functions conferred upon the President by Titles I and II and section 708 of the Defense Production Act of 1950 (relating respectively to priorities and allocations, requisitioning, and voluntary agreements) which were by the provisions of Part I, section 201(a) of Part II, and Part VII of Executive Order No. 10161 of September 9, 1950, delegated to the Secretary of Commerce, the Secretary of the Interior, and the commissioner of the Interstate Commerce Commission, respectively, and those which were by the provisions of section 101 of the said Executive Order No. 10161 delegated to the Secretary of Agriculture to the extent that they relate to food which has been determined to be available for industrial needs pursuant to section 3 of this order; and the said delegations made by the said Executive Order No. 10161 are hereby terminated accordingly."
4223,10200,10161,outside_corpus,Executive Order No. 10161,"SEC. 2. (a) There are hereby delegated to the Administrator the functions conferred upon the President by Titles I and II and section 708 of the Defense Production Act of 1950 (relating respectively to priorities and allocations, requisitioning, and voluntary agreements) which were by the provisions of Part I, section 201(a) of Part II, and Part VII of Executive Order No. 10161 of September 9, 1950, delegated to the Secretary of Commerce, the Secretary of the Interior, and the commissioner of the Interstate Commerce Commission, respectively, and those which were by the provisions of section 101 of the said Executive Order No. 10161 delegated to the Secretary of Agriculture to the extent that they relate to food which has been determined to be available for industrial needs pursuant to section 3 of this order; and the said delegations made by the said Executive Order No. 10161 are hereby terminated accordingly."
4223,10200,10161,outside_corpus,Executive Order No. 10161,"SEC. 2. (a) There are hereby delegated to the Administrator the functions conferred upon the President by Titles I and II and section 708 of the Defense Production Act of 1950 (relating respectively to priorities and allocations, requisitioning, and voluntary agreements) which were by the provisions of Part I, section 201(a) of Part II, and Part VII of Executive Order No. 10161 of September 9, 1950, delegated to the Secretary of Commerce, the Secretary of the Interior, and the commissioner of the Interstate Commerce Commission, respectively, and those which were by the provisions of section 101 of the said Executive Order No. 10161 delegated to the Secretary of Agriculture to the extent that they relate to food which has been determined to be available for industrial needs pursuant to section 3 of this order; and the said delegations made by the said Executive Order No. 10161 are hereby terminated accordingly."
4223,10200,10161,outside_corpus,Executive Order No. 10161,"(b) The Administrator shall direct the administration of the functions provided for in sections 302 and 303 of the Defense Production Act of 1950 (relating to expansion of production, capacity, and supply) except as to food; and accordingly, (1) the functions delegated to the Administrator of General Services by the provisions of section 304 of the said Executive Order No. 10161 shall be performed by him only pursuant to certificates of or subject to the approval of the Defense Production Administrator, and (2) that part of section 303 of the said Executive Order No. 10161 which precedes paragraph (a) thereof is hereby amended to read as follows:"
4223,10200,10161,outside_corpus,Executive Order No. 10161,"(b) The Administrator shall direct the administration of the functions provided for in sections 302 and 303 of the Defense Production Act of 1950 (relating to expansion of production, capacity, and supply) except as to food; and accordingly, (1) the functions delegated to the Administrator of General Services by the provisions of section 304 of the said Executive Order No. 10161 shall be performed by him only pursuant to certificates of or subject to the approval of the Defense Production Administrator, and (2) that part of section 303 of the said Executive Order No. 10161 which precedes paragraph (a) thereof is hereby amended to read as follows:"
4223,10200,10161,outside_corpus,Executive Order No 10161,"(a) Pending the further order of the President or the Director of Defense Mobilization, and excluding the duties set forth in paragraphs (2) to (5), inclusive, immediately below, provide by redelegation or otherwise for the performance of the said functions by the respective officers and agencies to whom the said functions were delegated by the said Executive Order No 10161 and their delegates."
4223,10200,10161,outside_corpus,Executive Order No. 10161,(4) Assemble estimated labor supply requirements for the fulfillment of projected defense production programs and furnish them to the Secretary of Labor for use in connection with the functions assigned to him by Part VI of the said Executive Order No. 10161.
4223,10200,10161,outside_corpus,Executive Order No. 10161,"(5) Perform, without the power of redelegation, those functions of the Administrator under section 2(a) of this Executive order (relating to certain voluntary agreements), which were heretofore delegated to the Secretary of Commerce by the provisions of section 701(b)(1) of the said Executive Order No. 10161, and perform such other functions regarding voluntary agreements as he may determine."
4223,10200,10161,outside_corpus,Executive Order No. 10161,(d) The provisions of sections 902 and 903 of Executive Order No. 10161 (including those with respect to subpoena) are hereby made applicable to the Administrator with respect to his functions.
4223,10200,10161,outside_corpus,Executive Order No. 10161,"SEC. 4. Section 902(d)(1) of Executive Order No. 10161 of September 9, 1950 is hereby amended to read as follows:"
4223,10200,10161,outside_corpus,Executive Order No. 10161,"SEC. 5. Section 802 of Executive Order No. 10161 of September 9, 1950, is hereby revoked, and the authority of the Chairman of the National Security Resources Board under section 103(b) of the said Executive Order No. 10161 to approve the designation of officers and agencies as claimants is hereby terminated."
4223,10200,10161,outside_corpus,Executive Order No. 10161,"SEC. 5. Section 802 of Executive Order No. 10161 of September 9, 1950, is hereby revoked, and the authority of the Chairman of the National Security Resources Board under section 103(b) of the said Executive Order No. 10161 to approve the designation of officers and agencies as claimants is hereby terminated."
4223,10200,10161,outside_corpus,Executive Order No. 10161,"SEC. 6. (a) To the extent that provisions of Executive Order No. 10161 of September 9, 1950, are inconsistent with the provisions of this order the latter shall control, and the said Executive Order No. 10161 is amended accordingly."
4223,10200,10161,outside_corpus,Executive Order No. 10161,"SEC. 6. (a) To the extent that provisions of Executive Order No. 10161 of September 9, 1950, are inconsistent with the provisions of this order the latter shall control, and the said Executive Order No. 10161 is amended accordingly."
4223,10200,10161,outside_corpus,Executive Order No. 10161,"Except as modified or made inapplicable by the provisions of this Executive order, provisions of the said Executive Order No. 10161 relating to functions vested in the Administrator hereby shall continue to be applicable to such functions. Executive Order No. 10172 of October 12, 1950 is hereby revoked. Nothing in this Executive order shall affect the validity or force of anything heretofore done under the said Executive Orders Nos. 10161 or 10172."
4223,10200,10172,outside_corpus,Executive Order No. 10172,"Except as modified or made inapplicable by the provisions of this Executive order, provisions of the said Executive Order No. 10161 relating to functions vested in the Administrator hereby shall continue to be applicable to such functions. Executive Order No. 10172 of October 12, 1950 is hereby revoked. Nothing in this Executive order shall affect the validity or force of anything heretofore done under the said Executive Orders Nos. 10161 or 10172."
4223,10200,10161,outside_corpus,Executive Orders Nos. 10161,"Except as modified or made inapplicable by the provisions of this Executive order, provisions of the said Executive Order No. 10161 relating to functions vested in the Administrator hereby shall continue to be applicable to such functions. Executive Order No. 10172 of October 12, 1950 is hereby revoked. Nothing in this Executive order shall affect the validity or force of anything heretofore done under the said Executive Orders Nos. 10161 or 10172."
4223,10200,10161,outside_corpus,Executive Order No. 10161,"(b) Any officer or agency having by delegation or otherwise any function under this order shall have all the authority conferred by sections 902 and 903 of Executive Order No. 10161, including the authority with respect to subpoena."
4228,10196,9805,outside_corpus,Executive Order 9805,"By virtue of authority vested in me by the Act of August 2, 946 (60 Stat. 806), as amended by section 1 of the Act of September 23, 1950, Public Law 830, 81st Congress, it is ordered that Executive Order 9805 of November 25, 1946 and Schedule A attached to and made a part thereof, as amended by Executive Order 9933 of February 27, 1948, Executive Order 9997 of September 8, 1948 and Executive Order 10069 of July 14, 1949, prescribing regulations governing payment of travel and transportation expenses of civilian officers and employees of the United States when transferred from one official station to another for permanent duty, be, and it is hereby, amended with respect to sections 3, 4, 8, 11, 12(a), 14, 17, 25, and Schedule A to read as follows:"
4229,10194,8071,outside_corpus,Executive Order No. 8071,"5. Executive Order No. 8071 of March 21, 1939, establishing the Federal interdepartmental Safety Council, is hereby revoked. The records of the said Federal Interdepartmental Safety Council shall be transferred to the Federal Safety Council."
4230,10193,10161,outside_corpus,Executive Orders Nos. 10161,"3. All functions delegated or assigned by or pursuant to the provisions of Executive Orders Nos. 10161 of September 9, 1950 and 10172 of October 12, 1950 shall be performed by the respective officers concerned, subject to the direction and control of the Director."
4234,10189,4601,outside_corpus,Executive Order No. 4601,"1. Paragraph 8 of Executive Order No. 4601 of March 1, 1927, prescribing rules and regulations pertaining to the award of the Distinguished Flying Cross, is hereby amended to read as follows:"
4234,10189,9615,outside_corpus,Executive Order No. 9615,"2. Executive Order No. 9615 of September 14, 1945, making certain time limitations imposed by the said paragraph 8 of Executive Order No. 4601 inapplicable to certain cases, is hereby superseded."
4234,10189,4601,outside_corpus,Executive Order No. 4601,"2. Executive Order No. 9615 of September 14, 1945, making certain time limitations imposed by the said paragraph 8 of Executive Order No. 4601 inapplicable to certain cases, is hereby superseded."
4238,10186,9784,outside_corpus,Executive Order No. 9784,"6. Those activities with respect to civil defense heretofore performed by employees of the National Security Resources Board which are within the scope of this order shall hereafter be performed by the Administration; and the employees now primarily engaged in performing the said activities shall be transferred from the national Security Resources Board to the Administration. The records of the National Security Resources Board relating to the said activities shall be made available to the Administrator pursuant to the provisions of Executive Order No. 9784 of September 25, 1946."
4240,10182,10161,outside_corpus,Executive Order No. 10161,"SECTION 101. (a) The head of any department or agency delegated or assigned functions under the Act pursuant to Executive Order No. 10161, of September 9, 1950, is hereby delegated the authority provided by subsection 710(b) of that Act to employ persons of outstanding experience and ability without compensation. The authority delegated by this subsection 101(a) may not be redelegated."
4247,10177,9778,outside_corpus,Executive Order No. 9778,"By virtue of and pursuant to authority vested in me by section 7 of the act of August 2, 1946, 60 Stat. 808, as amended by section 2 of the act of September 23, 1950, Public Law 830, 81st Congress it is ordered that section 1 of Executive Order No. 9778 of September 10, 1946, prescribing regulations governing travel and transportation expenses of new appointees to positions in the Government service located outside the United States and such expenses of employees returning to the United States, be, and it is hereby, amended to read as follows:"
4248,10175,7908,outside_corpus,Executive Order No. 7908,"1. Executive Order No. 7908 of June 9, 1938, transferring certain lands to the Secretary of Agriculture for use, administration, and disposition under the provisions of Title III of the Bankhead-Jones Farm Tenant Act and the related provisions of Title IV thereof, as amended by Executive Order No. 8531 of August 31, 1940, is hereby further amended by substituting for the words ""General Land Office"", occurring in the first proviso thereof, the words ""Bureau of Land Management"", and by adding thereto immediately after the first proviso thereof the following proviso:"
4248,10175,8531,outside_corpus,Executive Order No. 8531,"1. Executive Order No. 7908 of June 9, 1938, transferring certain lands to the Secretary of Agriculture for use, administration, and disposition under the provisions of Title III of the Bankhead-Jones Farm Tenant Act and the related provisions of Title IV thereof, as amended by Executive Order No. 8531 of August 31, 1940, is hereby further amended by substituting for the words ""General Land Office"", occurring in the first proviso thereof, the words ""Bureau of Land Management"", and by adding thereto immediately after the first proviso thereof the following proviso:"
4248,10175,7908,outside_corpus,Executive Order No. 7908,"""Subject to valid existing rights, jurisdiction over all lands in the following-described areas acquired or in process of acquisition under Title III of the Bankhead-Jones Farm Tenant Act, or transferred by Executive Order No. 7908 of June 9, 1938, as amended by Executive Order No. 8531 of August 31, 1940, to the Secretary of Agriculture for use, administration and disposition in accordance with the provisions of the said Act, together with waters or water rights, improvements, and structures acquired or constructed in connection with the use and administration of said lands, is hereby transferred to the Department of the Interior, and the lands shall be administered, and shall be subject to exchange, under the Taylor Grazing Act, 48 Stat. 1269 (43 U.S.C. 315), as amended: Provided, That the transfer of jurisdiction over those lands that are in process of acquisition shall take effect upon the completion of acquisition thereof by the Secretary of Agriculture."""
4248,10175,8531,outside_corpus,Executive Order No. 8531,"""Subject to valid existing rights, jurisdiction over all lands in the following-described areas acquired or in process of acquisition under Title III of the Bankhead-Jones Farm Tenant Act, or transferred by Executive Order No. 7908 of June 9, 1938, as amended by Executive Order No. 8531 of August 31, 1940, to the Secretary of Agriculture for use, administration and disposition in accordance with the provisions of the said Act, together with waters or water rights, improvements, and structures acquired or constructed in connection with the use and administration of said lands, is hereby transferred to the Department of the Interior, and the lands shall be administered, and shall be subject to exchange, under the Taylor Grazing Act, 48 Stat. 1269 (43 U.S.C. 315), as amended: Provided, That the transfer of jurisdiction over those lands that are in process of acquisition shall take effect upon the completion of acquisition thereof by the Secretary of Agriculture."""
4267,10156,9866,outside_corpus,Executive Order No. 9866,"3. This order supersedes Executive Order No. 9866 of June 14, 1947, entitled ""Designation of Officers To Act as Secretary of the Interior."""
4275,10148,9885,outside_corpus,Executive Order No. 9885,"This order supersedes Executive Order No. 9885 of August 18, 1947, entitled ""Designation of the Assistant Secretaries of Commerce and the Solicitor of Commerce to Act as Secretary of Commerce""."
4288,10135,9898,outside_corpus,Executive Order No. 9898,"WHEREAS Executive Order No. 9898 of October 14, 1947, as amended by Executive Order No. 9926 of January 17, 1948, and as extended by Executive Order No. 9974 of July 1, 1948, and Executive Order No. 10064 of June 30, 1949, suspends until July 1, 1950, the provisions of section 1 of the act of August 1, 1892, 27 Stat. 340, as amended by the act of March 3, 1913, 37 Stat. 726 (the eight-hour law) as to all work performed by laborers and mechanics employed by the Department of the Army or the Department of the Air Force with respect to which the Secretary of the Army or the Secretary of the Air Force, respectively, shall find suspension essential to (2) the supply and maintenance of the military or naval forces, (23) the completion of essential construction, or (3) the fulfillment of international commitments: Provided, that the wages of all laborers and mechanics so employed shall be computed on a basic day rate of eight hours of work with overtime to be paid at time and one-half for all hours of work in excess of eight hours in any one day; and"
4288,10135,9926,outside_corpus,Executive Order No. 9926,"WHEREAS Executive Order No. 9898 of October 14, 1947, as amended by Executive Order No. 9926 of January 17, 1948, and as extended by Executive Order No. 9974 of July 1, 1948, and Executive Order No. 10064 of June 30, 1949, suspends until July 1, 1950, the provisions of section 1 of the act of August 1, 1892, 27 Stat. 340, as amended by the act of March 3, 1913, 37 Stat. 726 (the eight-hour law) as to all work performed by laborers and mechanics employed by the Department of the Army or the Department of the Air Force with respect to which the Secretary of the Army or the Secretary of the Air Force, respectively, shall find suspension essential to (2) the supply and maintenance of the military or naval forces, (23) the completion of essential construction, or (3) the fulfillment of international commitments: Provided, that the wages of all laborers and mechanics so employed shall be computed on a basic day rate of eight hours of work with overtime to be paid at time and one-half for all hours of work in excess of eight hours in any one day; and"
4288,10135,9898,outside_corpus,Executive Order No. 9898,WHEREAS I find that the extraordinary emergency described in the said Executive Order No. 9898 and constituting the basis of the suspension effected thereby still exists:
4288,10135,9898,outside_corpus,Executive Order No. 9898,"NOW, THEREFORE, by virtue of the authority vested in me by section 1 of the said act of August 1, 1892, as amended by the said act of March 3, 1913, and as president of the United States, I hereby further extend the provisions of the said Executive Order No. 9898 of October 14, 1947, as amended by Executive Order No. 9926 of January 17, 1948, to July 1, 1951."
4288,10135,9926,outside_corpus,Executive Order No. 9926,"NOW, THEREFORE, by virtue of the authority vested in me by section 1 of the said act of August 1, 1892, as amended by the said act of March 3, 1913, and as president of the United States, I hereby further extend the provisions of the said Executive Order No. 9898 of October 14, 1947, as amended by Executive Order No. 9926 of January 17, 1948, to July 1, 1951."
4295,10128,6868,outside_corpus,Executive Order No. 6868,"By virtue of and pursuant to the authority vested in me by the District of Columbia Alley Dwelling Act of June 12, 1934 (48 Stat. 930), as amended by the act of June 25, 1938, 52 Stat. 1186, it is hereby ordered that Executive Order No. 6868 of October 9, 1934, as amended, be, and it is hereby, further amended to provide that the National Capital Housing Authority shall be composed of the following-designated officials of the Government of the United States or of the District of Columbia: The President of the Board of Commissioners of the Government of the District of Columbia, the Director of Planning of the National Capital Park and Planning Commission, the Chairman of the District of Columbia Redevelopment Land Agency, and three additional officials to be designated by the President of the United States."
4296,10127,9925,outside_corpus,Executive Order No. 9925,"This order supersedes Executive Order No. 9925 of January 17, 1948, establishing airspace reservations over certain facilities of the United States Atomic Energy Commission."
4297,10126,8950,outside_corpus,Executive Order No. 8950,"This order supersedes Executive Order No. 8950 of November 26, 1941, establishing an airspace reservation over a portion of the District of Columbia, as amended by Executive Order No. 9153 of April 30, 1942."
4297,10126,9153,outside_corpus,Executive Order No. 9153,"This order supersedes Executive Order No. 8950 of November 26, 1941, establishing an airspace reservation over a portion of the District of Columbia, as amended by Executive Order No. 9153 of April 30, 1942."
4307,10116,10001,outside_corpus,Executive Order 10001,"2. I hereby prescribe the following amendments of the Selective Service Regulations prescribed in part by Executive Order No.9988 of August 20, 1948, in part by Executive Order 10001 of September 17, 1948 (3), and in part by Executive Order No. 10008 of October 18, 1948 (4), and constituting portions of Chapter XVI of Title 32 of the Code of Federal Regulations:"
4308,10115,8388,outside_corpus,Executive Order No. 8388,"WHEREAS a tract of land near Puolo Point, Hanapepe, Island of Kauai, Territory of Hawaii, which forms a part of the public lands ceded and transferred to the United States by the Republic of Hawaii under the joint resolution of annexation of July 7, 1898 (30 Stat. 750), was reserved for military purposes of the United States by Executive Order No. 8388 of April 5, 1940; and"
4311,10113,12608,not_earlier,EO 12608,"[Para. 1 amended by EO 12608 of Sept. 9, 1987, 52 FR 34617, 3 CFR, 1987 Comp., p. 245]"
4315,10108,9844,outside_corpus,Executive Order No. 9844,"5. This order supersedes Executive Order No. 9844 of April 28, 1947, entitled ""Designating the United States Mission to the United Nations and Providing for Its Direction and Administration."""
4316,10107,8232,outside_corpus,Executive Order No. 8232,"By virtue of the authority vested in me by section 8 of title 2 of the Canal Zone Code, approved June 19, 1934, and as President of the United States, it is ordered that Executive Order No. 8232 of September 5, 1939, entitled ""Control of the Panama Canal and the Canal Zone"", be, and it is hereby, revoked."
4319,10104,8381,outside_corpus,Executive Order No. 8381,"This order supersedes Executive Order No. 8381 of March 22, 1940, entitled ""Defining Certain Vital Military and Naval Installations and Equipment""."
4320,10103,9721,outside_corpus,Executive Order No. 9721,"By virtue of the authority vested in me by the Civil Service Act (22 Stat. 403) and by section 1753 of the Revised Statutes of the United States, and as President of the United States, it is ordered that Executive Order No. 9721 of May 10, 1946, authorizing the transfer, under certain conditions, of civilian employees in the Executive branch of the Federal Government to public international organization sin which the United States Government participates, be, and it is hereby, amended in the following respects:"
4321,10102,7021,outside_corpus,Executive Order No. 7021,"SEC. 10. Executive Order No. 7021 of April 19, 1935, authorizing the Governor of The Panama Canal to arrange for the operation by the Panama Railroad Company of Panama Canal piers, and Executive Order No. 9479 of September 6, 1944, amending that order, are hereby revoked."
4321,10102,9479,outside_corpus,Executive Order No. 9479,"SEC. 10. Executive Order No. 7021 of April 19, 1935, authorizing the Governor of The Panama Canal to arrange for the operation by the Panama Railroad Company of Panama Canal piers, and Executive Order No. 9479 of September 6, 1944, amending that order, are hereby revoked."
4322,10101,9746,outside_corpus,Executive Order No. 9746,"By virtue of the authority vested in me by the Constitution and laws of the United States, including the Canal Zone Code, approved July 19, 1934, as amended, and as President of the United States, Executive Order No. 9746 of July 1, 1946, entitled ""Authorizing the Secretary of War and the Governor of the Panama Canal To Perform Certain Functions Relating to the Panama Canal and the Canal Zone"", is hereby amended as follows:"
4329,10094,9780,outside_corpus,Executive Order No. 9780,"WHEREAS Clyde B. Aitchison, a member of the Interstate Commerce Commission, was by Executive Order No. 9780 of September 19, 1946, exempted from compulsory retirement for age for an indefinite period of time not extending beyond the duration of his appointment or term of office; and"
4330,10093,9512,outside_corpus,Executive Order No. 9512,"By virtue of the authority vested in me as President of the United States, Executive Order No. 9512 of January 16, 1945, providing for coordination of the allocations of field positions subject to the Classification Act of 1923, as amended is hereby revoked."
4340,10083,9698,outside_corpus,Executive Order No. 9698,"WHEREAS the United Nations Relief and Rehabilitation Administration, the Inter-American Coffee Board, and the Intergovernmental Committee on refugees were designated, respectively, by Executive Order No. 9698 of February 19, 1946 Executive Order No. 9751 of July 11, 1946, and Executive Order No. 9823 of January 24, 1947, as public international organizations entitled to enjoy the privileges, exemptions, and immunities conferred by the International Organizations Immuniti4es Act (59 Stat. 669); and"
4340,10083,9751,outside_corpus,Executive Order No. 9751,"WHEREAS the United Nations Relief and Rehabilitation Administration, the Inter-American Coffee Board, and the Intergovernmental Committee on refugees were designated, respectively, by Executive Order No. 9698 of February 19, 1946 Executive Order No. 9751 of July 11, 1946, and Executive Order No. 9823 of January 24, 1947, as public international organizations entitled to enjoy the privileges, exemptions, and immunities conferred by the International Organizations Immuniti4es Act (59 Stat. 669); and"
4340,10083,9823,outside_corpus,Executive Order No. 9823,"WHEREAS the United Nations Relief and Rehabilitation Administration, the Inter-American Coffee Board, and the Intergovernmental Committee on refugees were designated, respectively, by Executive Order No. 9698 of February 19, 1946 Executive Order No. 9751 of July 11, 1946, and Executive Order No. 9823 of January 24, 1947, as public international organizations entitled to enjoy the privileges, exemptions, and immunities conferred by the International Organizations Immuniti4es Act (59 Stat. 669); and"
4340,10083,9698,outside_corpus,Executive Orders Nos. 9698,"NOW, THEREFORE, by virtue of the authority vested in me by section 1 of the said International Organizations Immunities Act, I hereby revoke the said Executive Orders Nos. 9698, 9751, and 9823 so far as they pertain, respectively, to the United Nations Relief and Rehabilitation Administration, the Inter-American Coffee Board, and the Intergovernmental Committee on Refugees."
4341,10082,10004,outside_corpus,Executive Order No. 10004,"17. This order supersedes Executive Order No. 10004 of October 5, 1948, entitled ""Prescribing Procedures for the Administration of the Reciprocal Trade-Agreements Program."""
4345,10079,5602,outside_corpus,Executive Order No. 5602,"WHEREAS Executive Order No. 5602 of April 20, 1931, transferred certain lands, buildings, and improvements in the Virgin Islands permanently to the control and jurisdiction of the Secretary of the Interior for use in the administration of the government of the Virgin Islands, the property so transferred being enumerated under Class One of the order; and"
4345,10079,5602,outside_corpus,Executive Order No. 5602,"NOW, THEREFORE, by virtue of the authority vested in me by the Organic Act of the Virgin Islands of the United States, approved June 22, 1936 (49 Stat. 1807), and as President of the United States, it is ordered that all the lands, buildings, improvements, and furnishings enumerated under Class Two of the said Executive Order No. 5602 of April 20, 1931, be, and they are hereby, transferred permanently to the control and jurisdiction of the Secretary of the Interior for use in the administration of the government of the Virgin Islands."
4348,10075,6444,outside_corpus,Executive Order No. 6444,"WHEREAS by Executive Order No. 6444 of November 25, 1933, certain public lands, including the lands hereinafter described, were restored to Naval Petroleum Reserve No. 2, California, under exclusive control and jurisdiction of the Department of the Navy; and"
4348,10075,6444,outside_corpus,Executive Order No. 6444,"The said Executive Order No. 6444 of November 25, 1933, is modified accordingly."
4353,10070,9975,outside_corpus,Executive Order No. 9975,"By virtue of and pursuant to the authority vested in me by section 1 of the act of March 14, 1940, 54 Stat. 49, as amended by the act of June 16, 1948, 62 Stat. 471 (38 U.S.C. 76), section 2 of Executive Order No. 9975 of July 7, 1948, entitled ""Regulations Governing the Allowance of Travel Expenses of Claimants and Beneficiaries of the Veterans' Administration and Their Attendants,"" is hereby amended to read as follows:"
4355,10068,2458,outside_corpus,Executive Order No. 2458,"By virtue of the authority vested in me as President of the United States, Executive Order No. 2458 of September 20, 1916, entitled ""Inter-Departmental Board on International Service of Ice Observation, Ice Patrol and Ocean Derelict Destruction,"" is hereby revoked."
4358,10065,8989,outside_corpus,Executive Order No. 8989,"1. The Office of Defense Transportation, established by Executive Order No. 8989 (6 F.R. 6725; 3 CFR, 1943 Cm. Supp.) of December 18, 1941, together with the office of Director of the Office of Defense Transportation, is hereby terminated."
4358,10065,9462,outside_corpus,Executive Orders No. 9462,"2. The Interstate Commerce Commission is hereby designated as the agency which shall complete the liquidation of the affairs of the Office of Defense Transportation. For the purpose of such liquidation there are hereby transferred to the Interstate Commerce Commission the remaining records, property, and personnel of the Office of Defense Transportation and so much of the funds thereof as the Bureau of the Budget shall determine, together with so much of the functions of said Office and of its Director as is necessary in order to accomplish such liquidation, including the remaining functions of such Office and Director under Executive Orders No. 9462 (9 F.R. 10071; 3 CFR, 1944 Supp.), 9554 (10 F.R. 5981; 3 CFR, 1945 Supp.) and 9693 (11 F.R. 1421; 3 CFR, 1946 Supp.)."
4359,10064,9898,outside_corpus,Executive Order No. 9898,"WHEREAS Executive Order No. 9898 of October 14, 1947, as amended by Executive Order No. 9926 of January 17, 1948, as extended by Executive Order No. 9974 of July 1, 1948, suspends until July 1, 1949, the provisions of section 1 of the act of august 1, 1892, 27 Stat. 340, as amended by the act of March 3, 1913, 37 Stat. 726 (the eight-hour law) as to all work performed by laborers and mechanics employed by the Department of the Army of the Department of the Air Force with respect to which the Secretary of the Army or the Secretary of the Air Force, respectively, shall find suspension essential to (1) the supply and maintenance of the military or naval forces, (2) the completion of essential construction, or (3) the fulfillment of international commitments: Provided, that the wages of all laborers and mechanics so employed shall be computed on a basic day rate of eight hours of work with overtime rate of eight hours of work with overtime to be paid at time and one-half for all hours of work in excess of eight hours in any one day; and"
4359,10064,9926,outside_corpus,Executive Order No. 9926,"WHEREAS Executive Order No. 9898 of October 14, 1947, as amended by Executive Order No. 9926 of January 17, 1948, as extended by Executive Order No. 9974 of July 1, 1948, suspends until July 1, 1949, the provisions of section 1 of the act of august 1, 1892, 27 Stat. 340, as amended by the act of March 3, 1913, 37 Stat. 726 (the eight-hour law) as to all work performed by laborers and mechanics employed by the Department of the Army of the Department of the Air Force with respect to which the Secretary of the Army or the Secretary of the Air Force, respectively, shall find suspension essential to (1) the supply and maintenance of the military or naval forces, (2) the completion of essential construction, or (3) the fulfillment of international commitments: Provided, that the wages of all laborers and mechanics so employed shall be computed on a basic day rate of eight hours of work with overtime rate of eight hours of work with overtime to be paid at time and one-half for all hours of work in excess of eight hours in any one day; and"
4359,10064,9898,outside_corpus,Executive Order No. 9898,"NOW, THEREFORE by virtue of the authority vested in me by section 1 of the said act of August 1, 1892, as amended by the said act of March 3, 1913, and as President of the United States, I hereby further extend the provisions of the said Executive Order No. 9898 of October 14, 1947, as amended by Executive Order No. 9926 of January 17, 1948, to July 1, 1950."
4359,10064,9926,outside_corpus,Executive Order No. 9926,"NOW, THEREFORE by virtue of the authority vested in me by section 1 of the said act of August 1, 1892, as amended by the said act of March 3, 1913, and as President of the United States, I hereby further extend the provisions of the said Executive Order No. 9898 of October 14, 1947, as amended by Executive Order No. 9926 of January 17, 1948, to July 1, 1950."
4362,10060,2075,outside_corpus,Executive Order No. 2075,"1. All land Keahala, Kaneohe, Koolaupoko, Island of Oahu, Territory of Hawaii, which was withdrawn and set aside for military purposes by Executive Order No. 2075 of November 9, 1914, and subsequently known as the Keaahala Military Reservation, and which has not heretofore been restored to its previous status by Executive Orders No. 4036 of June 26, 1924, No. 4143 of January 28, 1925, and No. 5637 of June 4, 1931, is hereby restored to the jurisdiction of the Territory of Hawaii."
4362,10060,4036,outside_corpus,Executive Orders No. 4036,"1. All land Keahala, Kaneohe, Koolaupoko, Island of Oahu, Territory of Hawaii, which was withdrawn and set aside for military purposes by Executive Order No. 2075 of November 9, 1914, and subsequently known as the Keaahala Military Reservation, and which has not heretofore been restored to its previous status by Executive Orders No. 4036 of June 26, 1924, No. 4143 of January 28, 1925, and No. 5637 of June 4, 1931, is hereby restored to the jurisdiction of the Territory of Hawaii."
4362,10060,4036,outside_corpus,Executive Orders No. 4036,"2. The reversion, reservations, and restrictions contained in the said Executive Orders No. 4036 of June 26, 1924, No. 4143 of January 28, 1925, and No. 5637 of June 4, 1931, are hereby vacated and relinquished."
4369,10054,9721,outside_corpus,Executive Order No. 9721,"By virtue of the authority vested in me by the Civil Service Act (22 Stat. 403) and section 1753 of the Revised Statutes, and as President of the United States, it is ordered that paragraph 3 (a) of Executive Order No. 9721 of May 10, 1946, providing for the transfer of personnel to public international organizations in which the United States Government participates, be, and it is hereby, modified as follows:"
4376,10047,2323,outside_corpus,Executive Order No. 2323,"WHEREAS by Executive Order No. 2323 of February 21, 1916, part of the area so reserved, including United States Naval Wharf No. 1, was transferred from the control of the Navy Department and placed under the control of the War Department; and"
4376,10047,2381,outside_corpus,Executive Order No. 2381,"Beginning at the southeast corner of such tract, on the west side of Ala Moana, and on the northeast corner of the land set aside by Presidential Executive Order No. 2381 dated May 11, 1916, the coordinates of the said point of beginning referred to Government Survey Triangulation Station 'PUNCHBOWL"" being 3125.96 feet South and 4925.74 feet West, as shown on Government Survey Registered Map 2609, and running by azimuths measured clockwise from True South:"
4376,10047,2381,outside_corpus,Executive Order No. 2381,"1. 84° 09' 470.12 feet along the land set aside by Presidential Executive Order No. 2381 dated May 11, 1916, under the control of the Department of Commerce;"
4376,10047,1081,outside_corpus,Executive Order 1081,3. 239° 16' 606.63 feet along Pier 6 along the land set aside by Governor's Executive Order 1081;
4377,10046,7908,outside_corpus,Executive Order No. 7908,"SECTION 1. Subject to valid existing rights, jurisdiction over all lands in the following-described areas acquired or in process of acquisition under Title III of the Bankhead-Jones Farm Tenant Act, or transferred by Executive Order No. 7908 of June 9, 1938, as amended by Executive Order No. 8531 of August 31, 1940, to the Secretary of Agriculture for use, administration and disposition in accordance with the provision of the said Act, together with waters or water rights, improvements, and structures acquired or constructed in connection with the use and administration of said lands, is hereby transferred to the Department of the Interior, and the lands shall be administered under the Taylor Grazing Act, 48 Stat. 1269 (43 U.S.C. 315), as amended: Provided, That the transfer of jurisdiction over those lands that are in process of acquisition shall take effect upon the completion of acquisition thereof by the Secretary of Agriculture:"
4377,10046,8531,outside_corpus,Executive Order No. 8531,"SECTION 1. Subject to valid existing rights, jurisdiction over all lands in the following-described areas acquired or in process of acquisition under Title III of the Bankhead-Jones Farm Tenant Act, or transferred by Executive Order No. 7908 of June 9, 1938, as amended by Executive Order No. 8531 of August 31, 1940, to the Secretary of Agriculture for use, administration and disposition in accordance with the provision of the said Act, together with waters or water rights, improvements, and structures acquired or constructed in connection with the use and administration of said lands, is hereby transferred to the Department of the Interior, and the lands shall be administered under the Taylor Grazing Act, 48 Stat. 1269 (43 U.S.C. 315), as amended: Provided, That the transfer of jurisdiction over those lands that are in process of acquisition shall take effect upon the completion of acquisition thereof by the Secretary of Agriculture:"
4377,10046,7908,outside_corpus,Executive Order No. 7908,"SECTION 2. Subject to valid existing rights and withdrawals, and to the provisions of said Executive Order No. 7908, as amended by Executive Order No. 8531 of August 31, 1940, the public lands within the following-described areas, being found suitable for the purposes of Title III of the said Bankhead-Jones Farm Tenant Act, are hereby withdrawn from all forms of appropriation under the public land laws, except the mining and mineral-leasing laws, and reserved for use, administration, and disposition in accordance with the provisions of Title III of the said Bankhead-Jones Farm Tenant Act and the related provisions of Title IV thereof, and the jurisdiction thereover is transferred to the Department of Agriculture."
4377,10046,8531,outside_corpus,Executive Order No. 8531,"SECTION 2. Subject to valid existing rights and withdrawals, and to the provisions of said Executive Order No. 7908, as amended by Executive Order No. 8531 of August 31, 1940, the public lands within the following-described areas, being found suitable for the purposes of Title III of the said Bankhead-Jones Farm Tenant Act, are hereby withdrawn from all forms of appropriation under the public land laws, except the mining and mineral-leasing laws, and reserved for use, administration, and disposition in accordance with the provisions of Title III of the said Bankhead-Jones Farm Tenant Act and the related provisions of Title IV thereof, and the jurisdiction thereover is transferred to the Department of Agriculture."
4389,10034,9954,outside_corpus,Executive Order No. 9954,"WHEREAS, in my judgment, the public interest requires that John Monroe Johnson, a member of the Interstate Commerce Commission, who was exempted by Executive Order No. 9954 of April 26, 1948, from compulsory retirement for age for an indefinite period of time not extending beyond the expiration of his present term of office as defined in that order, be further exempted from such retirement for age as provided below:"
4393,10031,9835,outside_corpus,Executive Order No. 9835,"""§ 31.155 Separation on grounds of disloyalty. The loyalty to the Government of the United States of commissioned officers of the Service shall be subject to investigation, review, and determination in accordance with the provisions of Executive Order No. 9835 of March 21, 1947, entitled 'Prescribing Procedures for the Administration of an Employees Loyalty Program in the Executive Branch of the Government.' If the Administrator finds, in accordance with the standards and procedures prescribed by, or adopted pursuant to, the said Executive Order No. 9835 (including those relating to the right of appeal to the Loyalty Review Board for an advisory recommendation), that reasonable grounds exist for a belief that an officer of the Service is disloyal to the Government of the United States, such officer shall be separated from the Service. (Sec 215, 58 Stat. 690; 42 U.S.C. 216)"""
4393,10031,9835,outside_corpus,Executive Order No. 9835,"""§ 31.155 Separation on grounds of disloyalty. The loyalty to the Government of the United States of commissioned officers of the Service shall be subject to investigation, review, and determination in accordance with the provisions of Executive Order No. 9835 of March 21, 1947, entitled 'Prescribing Procedures for the Administration of an Employees Loyalty Program in the Executive Branch of the Government.' If the Administrator finds, in accordance with the standards and procedures prescribed by, or adopted pursuant to, the said Executive Order No. 9835 (including those relating to the right of appeal to the Loyalty Review Board for an advisory recommendation), that reasonable grounds exist for a belief that an officer of the Service is disloyal to the Government of the United States, such officer shall be separated from the Service. (Sec 215, 58 Stat. 690; 42 U.S.C. 216)"""
4400,10025,9698,outside_corpus,Executive Orders 9698,"This order supplements Executive Orders 9698 of February 19, 1946, 9751 of July 11, 1946, 9823 of January 24, 1947, 9863 of May 31, 1947, 9887 of August 22, 1947, 9911 of December 19, 1947, and 9972 of June 25, 1948."
4401,10023,9984,outside_corpus,Executive Order 9984,"By virtue of and pursuant to the authority vested in me by section 10 of the Pay Readjustment Act of June 16, 1942 (56 Stat. 359, 363), Executive Order 9984 of July 31, 1948, prescribing regulations governing the furnishing of clothing in kind or payment of cash allowances in lieu thereof to enlisted personnel of the Navy, Coast Guard, Naval Reserve, and Coast Guard Reserve, is hereby amended as follows:"
4407,10017,9769,outside_corpus,Executive Order No. 9769,"This order supersedes Executive Order No. 9769 of August 14, 1946, entitled ""Amendment of the Regulations Governing the Appointment of Postmasters of the Fourth Class."""
4408,10016,7285,outside_corpus,Executive Order No. 7285,"Executive Order No. 7285 of February 7, 1936, prescribing the official flag of the Vice President of the United States, is hereby revoked."
4412,10011,9870,outside_corpus,Executive Order No. 9870,"(b) Executive Order No. 9870 of July 8, 1947, and Executive Order No. 9982 of July 29, 1948, are hereby revoked: Provided, that existing rules and regulations prescribed pursuant to such orders shall remain in effect until superseded as provided in paragraph 3(a) hereof."
4414,10009,1712,outside_corpus,Executive Order No. 1712,"WHEREAS Executive Order No. 1712 of February 24, 1913, recited that passports issued by certain foreign governments to their citizens or subjects, skilled or unskilled laborers, to go to countries or places other than the continental territory of the United States were being used for the purpose of enabling the holders thereof to come to the continental territory of the United States; and"
4416,10008,10001,outside_corpus,Executive Order NO. 10001,"By virtue of the authority vested in me by title I of the Selective Service Act of 1948, approved June 24, 1948 (62 Stat. 604), I hereby prescribe the following amendments of the Selective Service Regulations prescribed in part by Executive Order No. 9979 of July 20, 1948, in part by Executive Order No. 9992 of August 28, 1948, and in part by Executive Order NO. 10001 of September 17, 1948, and constituting portions of Chapter VI of Title 32 of the Code of Federal Regulations:"
4418,10006,7298,outside_corpus,Executive Order No. 7298,"2. This order shall become effective upon publication in the FEDERAL REGISTER, and shall thereupon supersede Executive Order No. 7298 of February 28, 1936, entitled ""Regulations Governing the Preparation, Presentation, Filing, and Distribution of Executive Orders and Proclamations""."
4424,10000,5644,outside_corpus,Executive Order No. 5644,"SEC. 501. Additional unhealthful posts. Pursuant to section 853 of the Foreign Service Act of 1946, the following places at which diplomatic or consular offices were formerly or are now maintained are hereby added as of January 1, 1942, to the list of unhealthful posts established by Executive Order No. 5644 of June 8, 1931, as amended by the second paragraph of Executive Order No. 6942 of January 8, 1935, and by Executive Order No. 7062 of June 5, 1935:"
4424,10000,6942,outside_corpus,Executive Order No. 6942,"SEC. 501. Additional unhealthful posts. Pursuant to section 853 of the Foreign Service Act of 1946, the following places at which diplomatic or consular offices were formerly or are now maintained are hereby added as of January 1, 1942, to the list of unhealthful posts established by Executive Order No. 5644 of June 8, 1931, as amended by the second paragraph of Executive Order No. 6942 of January 8, 1935, and by Executive Order No. 7062 of June 5, 1935:"
4424,10000,7062,outside_corpus,Executive Order No. 7062,"SEC. 501. Additional unhealthful posts. Pursuant to section 853 of the Foreign Service Act of 1946, the following places at which diplomatic or consular offices were formerly or are now maintained are hereby added as of January 1, 1942, to the list of unhealthful posts established by Executive Order No. 5644 of June 8, 1931, as amended by the second paragraph of Executive Order No. 6942 of January 8, 1935, and by Executive Order No. 7062 of June 5, 1935:"
4425,9998,8356,outside_corpus,Executive Orders No. 8356,"15. This order supersedes Executive Orders No. 8356 of March 2, 1940, and No. 8377 of March 18, 1940 (3 CFR Cum. Supp. 624, 632)."
4428,9997,9805,outside_corpus,Executive Order No. 9805,"By virtue of the authority vested in me by the act of August 2, 1946, 60 Stat. 806, it is ordered that Schedule A attached to and made a part of Executive Order No. 9805 of November 25, 1946, entitled ""Regulations Governing Payment of ravel and Transportation Expenses of Civilian Officers and Employees of the United States when Transferred from One Official Station to Another for Permanent Duty"" be, and it is hereby, amended to read as follows:"
4429,9995,1137,outside_corpus,Executive Orders No. 1137,"WHEREAS certain lands in Waianae-Uka, District of Waianae and Waikakalaua, District of Ewa, Island of Oahu, Territory of Hawaii, were reserved for military purposes by Executive order of July 20, 1899, as modified by Executive Orders No. 1137 of November 15, 1909, No. 1242 of August 23, 1910, No. 2800 of February 4, 1918, and No. 5771 of January 4, 1932; and"
4429,9995,2800,outside_corpus,Executive Order No. 2800,"3. Thence on a curve to the left with a radius of 1058.76 feet along the remainder of Schofield Barracks Military Reservation (Presidential Executive Order No. 2800), the chord azimuth and distance being 30°28' 36"" 45.02 feet;"
4429,9995,2800,outside_corpus,Executive Order No. 2800,"4. 29°15' 30"" 359.66 feet along the remainder of Schofield Barracks Military Reservation (Presidential Executive Order No. 2800);"
4429,9995,2800,outside_corpus,Executive Order No. 2800,"6. 29°15' 30"" 100.00 feet along the remainder of Schofield Barracks Military Reservation (Presidential Executive Order No. 2800);"
4429,9995,2800,outside_corpus,Executive Order No. 2800,"8. Thence on a curve to the left with a radius of 2241.83 feet along the remainder of Schofield Barracks Military Reservation (Presidential Executive Order No. 2800), the chord azimuth and distance being 34°55'34"" 128.36 feet;"
4429,9995,6570,outside_corpus,Executive Order No. 6570,"9. Thence on a curve to the left with a radius of 1005.37 feet along the northwest side of the present Kunia Road, Project N.R.H. 16-A, (covered by Presidential Executive Order No. 6570 dated January 20, 1934) the chord azimuth and distance being 36°31'19"""
4429,9995,2800,outside_corpus,Executive Order No. 2800,"10. 200°15'30"" 35.24 feet along the remainder of Schofield Barracks Military Reservation (Presidential Executive Order No. 2800);"
4429,9995,2800,outside_corpus,Executive Order No. 2800,"12. 208°06'30"" 720.22 feet along the remainder of Schofield Barracks Military Reservation (Presidential Executive Order No. 2800);"
4429,9995,2800,outside_corpus,Executive Order No. 2800,"14. 209°15'30"" 100.00 feet along the remainder of Schofield Barracks Military Reservation (Presidential Executive Order No. 2800);"
4429,9995,2800,outside_corpus,Executive Order No. 2800,"16. 220°45'30"" 199.03 feet along the remainder of Schofield Barracks Military Reservation (Presidential Executive Order No. 2800);"
4429,9995,2800,outside_corpus,Executive Order No. 2800,"2. 187°03'06"" 143.29 feet along Schofield Barracks Military Reservation (Presidential Executive Order No. 2800) to United States Military Reservation Monument No. 10;"
4429,9995,2800,outside_corpus,Executive Order No. 2800,3. 203°41' 136.95 feet along Schofield Barracks Military Reservation (Presidential Executive Order No. 2800);
4429,9995,2800,outside_corpus,Executive Order No. 2800,"5. 265°38'10 241.80 feet along Schofield Barracks Military Reservation, (Presidential Executive Order No. 2800) to the pint of beginning and containing an area of 43,898 square feet of 1,008 acres."
4429,9995,2800,outside_corpus,Executive Order No. 2800,"2. Thence on a curve to the left with a radius of 1058.76 feet along the remainder of Schofield Barracks Military Reservation (Presidential Executive Order No. 2800) the chord azimuth and distance being 66°06'10"" 45.89 feet;"
4429,9995,2800,outside_corpus,Executive Order No. 2800,"4. Thence on a curve to the right with a radius of 1195.92 feet along the remainder of Schofield Barracks Military Reservation (Presidential Executive Order No. 2800) the chord azimuth and distance being 239°53'44"" 241.90 feet;"
4429,9995,2800,outside_corpus,Executive Order No. 2800,"5. 245°42' 94.79 feet along the remainder of Schofield Barracks Military Reservation (Presidential Executive Order No. 2800) to the point of beginning and containing an area of 21,220 square feet or 0.487 acre."
4429,9995,2800,outside_corpus,Executive Order No. 2800,"2. 273°45'40"" 274.08 feet along Schofield Barracks Military Reservation (Presidential Executive Order No. 2800) to United States Military Reservation Monument No. 14:"
4429,9995,2800,outside_corpus,Executive Order NO. 2800,3. 249°59' 350.75 feet along Schofield Barracks Military Reservation (Presidential Executive Order NO. 2800) to United States Military Reservation Monument No. 15;
4429,9995,2800,outside_corpus,Executive Order No. 2800,"6. 185°50' 123.99 feet along Schofield Barracks Military Reservation (Presidential Executive Order No. 2800) to the point of beginning and containing an area of 21,553 square feet or 0.495 acre."
4429,9995,2800,outside_corpus,Executive Order No. 2800,2. Thence on a curve to the left with a radius of 2260.86 feet along the remainder of Schofield Barracks Military Reservation (Presidential Executive Order No. 2800) the chord azimuth and distance being 45°59' 35.51 feet;
4429,9995,2800,outside_corpus,Executive Order No. 2800,3. 45°32' 223.29 feet along the remainder of Schofield Barracks Military Reservation (Presidential Executive Order No. 2800);
4429,9995,2800,outside_corpus,Executive Order No. 2800,"8. Thence on a curve to the right with a radius of 1412.79 feet along the remainder of Schofield Barracks Military Reservation (Presidential Executive Order No. 2800), the chord azimuth and distance being 68°43'45"" 50.34 feet;"
4429,9995,2800,outside_corpus,Executive Order No. 2800,9. 69°45' 114.71 feet along the remainder of Schofield Barracks Military Reservation (Presidential Executive Order No. 2800) to United States Military Reservation Monument No. 15;
4429,9995,2800,outside_corpus,Executive Order No. 2800,12. 245°42' 240.45 feet along the remainder of Schofield Barracks Military Reservation (Presidential Executive Order No. 2800);
4429,9995,2800,outside_corpus,Executive Order No. 2800,14. 249°45' 100.00 feet along the remainder of Schofield Barracks Military Reservation (Presidential Executive Order No. 2800);
4429,9995,2800,outside_corpus,Executive Order No. 2800,"16. Thence on a curve to the left with a radius of 1382.40 feet along the remainder of Schofield Barracks Military Reservation (Presidential Executive Order No. 2800), the chord azimuth and distance being 242°41'05"" 815.33 feet;"
4429,9995,2800,outside_corpus,Executive Order No. 2800,17. 225°32' 224.94 feet along the remainder of Schofield Barracks Military Reservation (Presidential Executive Order No. 2800);
4429,9995,2800,outside_corpus,Executive Order No. 2800,"1. 309°00'20"" 91.14 feet along Schofield Barracks Military Reservation (Presidential Executive Order No. 2800);"
4429,9995,2800,outside_corpus,Executive Order No. 2800,"3. 219°43'10"" 246.25 feet along Schofield Barracks Military Reservation (Presidential Executive Order No. 2800), to United States Military Reservation Monument No. 17;"
4429,9995,2800,outside_corpus,Executive Order No. 2800,"4. 264°21'45"" 23.72 feet along Schofield Barracks Military Reservation (Presidential Executive Order No. 2800) to the point of beginning and containing an area of 15,408 square feet or 0.354 acre."
4429,9995,2800,outside_corpus,Executive Order No. 2800,"6. 219°36' 488.43 feet along Schofield Barracks Military Reservation (Presidential Executive Order No. 2800) to the pint of beginning and containing an area of 29,376 square feet or 0.674 acre."
4429,9995,2800,outside_corpus,Executive Order No. 2800,"1. 130°59'43"" 115.51 feet along the remainder of Schofield Barracks Military Reservation (Presidential Executive Order No. 2800);"
4429,9995,2800,outside_corpus,Executive Order No. 2800,"3. 252°50'43"" 586.26 feet along the remainder of Schofield Barracks Military Reservation (Presidential Executive Order No. 2800);"
4429,9995,2800,outside_corpus,Executive Order No. 2800,"2. Thence on a curve to the left with a radius of 1150.00 feet along the remainder of Schofield Barracks Military Reservation (Presidential Executive Order No. 2800), the chord azimuth and distance being 69°28'29"" 134.37 feet;"
4429,9995,2800,outside_corpus,Executive Order No. 2800,"4 Thence on a curve to the left with a radius of 1780.73 feet along the remainder of Schofield Barracks Military Reservation (Presidential Executive Order No. 2800), the chord azimuth and distance being 207°57'20"" 10.84 feet to the point of beginning and containing an area of 4,868 square feet or 0.112 acre."
4429,9995,2800,outside_corpus,Executive Order No. 2800,"2. 1°53'20"" 271.10 feet along the remainder of Schofield Barracks Military Reservation (Presidential Executive Order No. 2800);"
4429,9995,2800,outside_corpus,Executive Order No. 2800,"8. 191°55'13"" 9.32 feet along Schofield Barracks Military Reservation (Presidential Executive Order No. 2800);"
4429,9995,2800,outside_corpus,Executive Order No. 2800,"1. 252°50'43"" 509.12 feet along Schofield Barracks Military Reservation (Presidential Executive Order No. 2800);"
4429,9995,2800,outside_corpus,Executive Order No. 2800,"3. Thence on a curve to the left with a radius of 1150.00 feet along the remainder of Schofield Barracks Military Reservation (Presidential Executive Order No. 2800), the chord azimuth and distance being 76°11'40"" 135.22 feet;"
4429,9995,2800,outside_corpus,Executive Order No. 2800,"1. 252°49'26"" 4271.65 feet along Schofield Barracks Military Reservation (Presidential Executive Order No. 2800);"
4429,9995,2800,outside_corpus,Executive Order No. 2800,"3. 162°50'43"" 3.03 feet along the remainder of Schofield Barracks Military Reservation (Presidential Executive Order No. 2800);"
4429,9995,2800,outside_corpus,Executive Order No. 2800,"3. 342°50'43"" 3.03 feet along the remainder of Schofield Barracks Military Reservation (Presidential Executive Order No. 2800);"
4429,9995,2800,outside_corpus,Executive Order No. 2800,"5. Thence on a curve to the left with a radius of 1780.73 feet along the remainder of Schofield Barracks Military Reservation (Presidential Executive Order No. 2800) the chord azimuth and distance being 205°53'42"" 5.91 feet to the point of beginning and containing an area of 12,670 square feet or 0.291 acre."
4429,9995,2800,outside_corpus,Executive Order No. 2800,"1. First on a curve to the right with a radius of 1405.78 feet along the remainder of Schofield Barracks Military Reservation (Presidential Executive Order No. 2800), the chord azimuth and distance being 106°35'04"" 84.09 feet."
4429,9995,2800,outside_corpus,Executive Order No. 2800,"3. 209°26'20"" 7.15 feet along the remainder of Schofield Barracks Military Reservation (Presidential Executive Order No. 2800);"
4429,9995,2800,outside_corpus,Executive Order No. 2800,"1. 219°32'20"" 15.87 feet along the remainder of Schofield Barracks Military Reservation (Presidential Executive Order No. 2800);"
4429,9995,2800,outside_corpus,Executive Order No. 2800,"2. Thence on a curve to the left with a radius of 1372.40 feet along the remainder of Schofield Barracks Military Reservation (Presidential Executive Order No. 2800), the chord azimuth and distance being 300°58'22"" 408.84 feet;"
4429,9995,2800,outside_corpus,Executive Order No. 2800,"4. 29°26'20"" 7.15 feet along the remainder of Schofield Barracks Military Reservation (Presidential Executive Order No. 2800);"
4429,9995,2800,outside_corpus,Executive Order No. 2800,"1. 309°24'02"" 568.17 feet along Schofield Barracks Military Reservation (Presidential Executive Order No. 2800);"
4429,9995,2800,outside_corpus,Executive Order No. 2800,"3. 129°24'02"" 448.93 feet along Schofield Barracks Military Reservation (Presidential Executive Order No. 2800);"
4429,9995,2800,outside_corpus,Executive Order No. 2800,"2. Thence on a curve to the right with a radius of 1405.78 feet along the remainder of Schofield Barracks Military Reservation (Presidential Executive Order No. 2800), the chord azimuth and distance being 121°29'04"" 393.94 feet;"
4429,9995,2800,outside_corpus,Executive Order No. 2800,"3. 129°32'20"" 58.88 feet along the remainder of Schofield Barracks Military Reservation (Presidential Executive Order No. 2800);"
4429,9995,2800,outside_corpus,Executive Order No. 2800,"4. 219°32'20"" 54.13 feet along the remainder of Schofield Barracks Military Reservation (Presidential Executive Order No. 2800) to the point of beginning and containing an area of 17,416 square feet or 0.40 acre."
4429,9995,2800,outside_corpus,Executive Order No. 2800,"1. 39°32'20"" 54.13 feet along the remainder of Schofield Barracks Military Reservation (Presidential Executive Order No. 2800);"
4429,9995,2800,outside_corpus,Executive Order No. 2800,"2. 129°32'20"" 1931.87 feet along the remainder of Schofield Barracks Military Reservation (Presidential Executive Order No. 2800);"
4429,9995,2800,outside_corpus,Executive Order No. 2800,"3. 123°49'40"" 100.50 feet along the remainder of Schofield Barracks Military Reservation (Presidential Executive Order No. 2800);"
4429,9995,2800,outside_corpus,Executive Order No. 2800,"4. 129°32'20"" 115.00 feet along the remainder of Schofield Barracks Military Reservation (Presidential Executive Order No. 2800);"
4429,9995,2800,outside_corpus,Executive Order No. 2800,"6. 132°22'20"" 64.80 feet along the remainder of Schofield Barracks Military Reservation (Presidential Executive Order No. 2800);"
4429,9995,2800,outside_corpus,Executive Order No. 2800,"8. 129°32'20"" 279.22 feet along the remainder of Schofield Barracks Military Reservation (Presidential Executive Order No. 2800);"
4429,9995,2800,outside_corpus,Executive Order No. 2800,10. 130°41' 65.28 feet along the remainder of Schofield Barracks Military Reservation (Presidential Executive Order No. 2800)
4430,9994,8973,outside_corpus,Executive Order No. 8973,"1. All existing reemployment rights to positions in the Federal service acquired under authority of Executive Order No. 8973 of December 12, 1941, Executive Order No. 9067 of February 20, 1942, or Directive No. X as amended by Directive No. XVI of the War Manpower Commission (7 F.R. 7298, 11050), or under regulations of the Civil Service Commission issued pursuant thereto, shall expire on October 22, 1948, unless application for reemployment under such rights shall have been made before that date: Provided, that nothing in this order shall prevent the exercise of such reemployment rights on or after October 22, 1948, (a) by any employee who on that date is serving in a Federal agency which on that date is being liquidated or is required by statute to be liquidated; or (b) by any person upon separation from the armed forces or release from the merchant marine if at the time of his entry into the armed forces or merchant marine he would have acquired restoration rights had he entered such service from the agency from which he originally transferred: And Provided further, that any person who subsequent to October 22, 1948, takes any action which results in the extension of his period of service in the armed forces or merchant marine may not exercise such reemployment rights upon separation or release therefrom."
4430,9994,9067,outside_corpus,Executive Order No. 9067,"1. All existing reemployment rights to positions in the Federal service acquired under authority of Executive Order No. 8973 of December 12, 1941, Executive Order No. 9067 of February 20, 1942, or Directive No. X as amended by Directive No. XVI of the War Manpower Commission (7 F.R. 7298, 11050), or under regulations of the Civil Service Commission issued pursuant thereto, shall expire on October 22, 1948, unless application for reemployment under such rights shall have been made before that date: Provided, that nothing in this order shall prevent the exercise of such reemployment rights on or after October 22, 1948, (a) by any employee who on that date is serving in a Federal agency which on that date is being liquidated or is required by statute to be liquidated; or (b) by any person upon separation from the armed forces or release from the merchant marine if at the time of his entry into the armed forces or merchant marine he would have acquired restoration rights had he entered such service from the agency from which he originally transferred: And Provided further, that any person who subsequent to October 22, 1948, takes any action which results in the extension of his period of service in the armed forces or merchant marine may not exercise such reemployment rights upon separation or release therefrom."
4442,9982,9870,outside_corpus,Executive Order No. 9870,"By virtue of the authority vested in me by the Foreign Service Act of 1946 (60 Stat. 999) and by section 202 of the Revised Statutes of the United States (5 U.S.C. 156), the provisions of Executive Order No. 9870 of July 8, 1947, prescribing regulations pertaining to the granting of and accounting for certain foreign service allowances and allotments, are hereby extended and continued in effect to and including June 30, 1949."
4451,9974,9898,outside_corpus,Executive Order No. 9898,"WHEREAS Executive Order No. 9898 of October 14, 1947, as amended by Executive Order No. 9926 of January 17, 1948, suspends until July 1, 1948, the provisions of section 1 of the act of August 1, 1892, 27 Stat. 340, as amended by the act of March 3, 1913, 37 Stat. 726 (the eight-hour law), as to all work performed by laborers and mechanics employed by the Department of the Army or the Department of the Air Force with respect to which the Secretary of the Army or the Secretary of the Air Force, respectively, shall find suspension essential to (1) the supply and maintenance of the military or naval forces, (2) the completion of essential construction, or (3) the fulfillment of international commitments: Provided, that the wages of all laborers and mechanics so employed shall be computed on a basic day rate of eight hours of work with overtime to be paid at time and one-half for all hours of work in excess of eight hours in any one day; and"
4451,9974,9926,outside_corpus,Executive Order No. 9926,"WHEREAS Executive Order No. 9898 of October 14, 1947, as amended by Executive Order No. 9926 of January 17, 1948, suspends until July 1, 1948, the provisions of section 1 of the act of August 1, 1892, 27 Stat. 340, as amended by the act of March 3, 1913, 37 Stat. 726 (the eight-hour law), as to all work performed by laborers and mechanics employed by the Department of the Army or the Department of the Air Force with respect to which the Secretary of the Army or the Secretary of the Air Force, respectively, shall find suspension essential to (1) the supply and maintenance of the military or naval forces, (2) the completion of essential construction, or (3) the fulfillment of international commitments: Provided, that the wages of all laborers and mechanics so employed shall be computed on a basic day rate of eight hours of work with overtime to be paid at time and one-half for all hours of work in excess of eight hours in any one day; and"
4451,9974,9898,outside_corpus,Executive Order No. 9898,"NOW, THEREFORE, by virtue of the authority vested in me by section 1 of the said act of August 1, 1892, as amended by the said act of March 3, 1913, and as President of the United States, I hereby extend the provisions of the said Executive Order No. 9898 of October 14, 1947, as amended by Executive Order No. 9926 of January 17, 1948, to July 1, 1949."
4451,9974,9926,outside_corpus,Executive Order No. 9926,"NOW, THEREFORE, by virtue of the authority vested in me by section 1 of the said act of August 1, 1892, as amended by the said act of March 3, 1913, and as President of the United States, I hereby extend the provisions of the said Executive Order No. 9898 of October 14, 1947, as amended by Executive Order No. 9926 of January 17, 1948, to July 1, 1949."
4452,9973,9830,outside_corpus,Executive Order No. 9830,"By virtue of the authority vested in me by section 1753 of the Revised Statutes (5 U.S.C. 631) and by the Civil Service Act of January 16, 1883 (212 Stat. 403), it is ordered, in the interest of the internal management of the Government, that subdivision (f) of section 6.1 of Executive Order No. 9830 of February 24, 1947, amending the civil Service Rules and providing for Federal personnel administration, be, and it is hereby, amended to read as follows:"
4453,9972,9698,outside_corpus,Executive Orders No. 9698,"This order supplements Executive Orders No. 9698 of February 19, 1946, No. 9751 of July 11, 1946, No. 9823 of January 24, 1947, No. 9863 of May 31, 1947, No. 9887 of August 22, 1947, and No. 9911 of December 19, 1947."
4458,9967,7465,outside_corpus,Executive Order No. 7465,"This order supersedes Executive Order No. 7465 of October 6, 1936."
4464,9961,9830,outside_corpus,Executive Order No. 9830,"By virtue of the authority vested in me by section 1753 of the Revised Statutes of the United States and the Civil Service Act of January 16, 1883 (22 Stat. 403), and as President of the United States, it is ordered that the last sentence of section 01.2(c) of Executive Order No. 9830 of February 24, 1947, entitled ""Amending the Civil Service Rules and Providing for Federal Personnel Administration,"" be, and it is hereby, amended to read as follows:"
4465,9960,9864,outside_corpus,Executive Order No. 9864,"1. (a) The Administrator for Economic Cooperation shall perform the functions heretofore performed by the Secretary of State (with respect to providing relief assistance to the people of countries devastated by war and discharging related duties under the joint resolution of May 31, 1947 (Public Law 84, 80th Congress)), pursuant to the provisions of Executive Order No. 9864 of May 31, 1947; and the Administrator may perform such functions directly or through the field administrator appointed pursuant to section 4 of the said joint resolution r through such officers or employees of the Economic Cooperation Administration as he may designate to act on his behalf. The provisions of the said Executive order, as amended by this paragraph, shall be applicable to the operations of the Economic Cooperation Administration under the said joint resolution."
4465,9960,9914,outside_corpus,Executive Order No. 9914,"2. Consonant with the provisions of section 14 of the Foreign Aid Act of 1947 (Public Law 389, 80th Congress), the Administrator for Economic Cooperation shall perform the functions heretofore performed by the Secretary of State pursuant to the provisions of Executive Order No. 9914 of December 26, 1947; and the provisions of that order, as amended by this paragraph, shall be applicable to the operations of the Economic cooperation Administration under the said Act. The Administrator for Economic Cooperation shall consult with the Secretary of State before entering into any agreement or amendment of any agreement under section 5 of the said Foreign Aid Act of 1947."
4473,9952,8973,outside_corpus,Executive Order No. 8973,"1. All existing reemployment rights to positions in the Federal service acquired under authority of Executive Order No. 8973 of December 12, 1941, Executive Order No. 9067 of February 20, 1942, or Directive No. X as amended by Directive No. XVI of the War Manpower Commission (7 F.R. 7298, 11050), or under regulations of the Civil Service Commission issued pursuant thereto, shall expire at the end of the six months' period following the date of this order unless application for reemployment under such rights shall have been made before the end of such six months' period."
4473,9952,9067,outside_corpus,Executive Order No. 9067,"1. All existing reemployment rights to positions in the Federal service acquired under authority of Executive Order No. 8973 of December 12, 1941, Executive Order No. 9067 of February 20, 1942, or Directive No. X as amended by Directive No. XVI of the War Manpower Commission (7 F.R. 7298, 11050), or under regulations of the Civil Service Commission issued pursuant thereto, shall expire at the end of the six months' period following the date of this order unless application for reemployment under such rights shall have been made before the end of such six months' period."
4473,9952,9711,outside_corpus,Executive Order No. 9711,"2. This order shall not affect reemployment rights heretofore or hereafter acquired under Executive Order No. 9711 of April 11, 1946, No. 9721 of May 10, 1946, No. 9862 of May 31, 1947, or No. 9932 of February 27, 1948."
4474,9950,9877,outside_corpus,Executive Order No. 9877,"By virtue of the authority vested in me by the Constitution and laws of the United States, and as President of the United States and Commander in Chief of the Armed Forces of the United States, it is ordered that Executive Order No. 9877 of July 26, 1947, prescribing the assignment of primary functions and responsibilities to the three armed services, be, and it is hereby, revoked."
4482,9945,9154,outside_corpus,Executive Order No. 9154,"By virtue of and pursuant to the authority vested in me by section 3(b) of the Civil Service Retirement Act of May 29, 1930, 46 Stat. 470, as amended, and in the interest of the internal management of the Government, section 1 of Executive Order No. 9154 of May 1, 1942, as amended by Executive Order No. 9824 of January 28, 1947, is hereby further amended by the addition thereto of a new paragraph (1) reading as follows:"
4482,9945,9824,outside_corpus,Executive Order No. 9824,"By virtue of and pursuant to the authority vested in me by section 3(b) of the Civil Service Retirement Act of May 29, 1930, 46 Stat. 470, as amended, and in the interest of the internal management of the Government, section 1 of Executive Order No. 9154 of May 1, 1942, as amended by Executive Order No. 9824 of January 28, 1947, is hereby further amended by the addition thereto of a new paragraph (1) reading as follows:"
4487,9938,9544,outside_corpus,Executive Order No. 9544,"Executive Order No. 9544 of April 25 1945, authorizing and directing the Secretary of War to assume full control of the pbul8ic airport on the following described lands, in the State of Oregon, is hereby revoked:"
4494,9933,9805,outside_corpus,Executive Order No. 9805,"By virtue of and pursuant to the authority vested in me by the act of August 2, 1946, 60 Stat. 806. and in the interest of the internal management of the Government, it is ordered that section 12 of Executive Order No. 9805 of November 25, 1946, prescribing regulations governing payment of travel and transportation expenses of civilian officers and employees of the United States when transferred from one official station to another for permanent duty be, and it is hereby, amended to read as follows:"
4495,9931,9905,outside_corpus,Executive Order No. 9905,"By virtue of the authority vested in me by the Constitution and statutes, and as President of the United States, it is hereby ordered that paragraph 1 of Executive Order No. 9905 of November 13, 1947, entitled ""Designating the Membership of the National Security resources Board and Defining the Functions, Duties, and Authority of the Chairman of the Board,"" be, and it is hereby, amended to read as follows:"
4507,9919,8989,outside_corpus,Executive Order No. 8989,"(b). The powers, authority, and discretion conferred on the President by section 4(a) of the joint resolution with respect to the use of transportation equipment and facilities by rail carriers are hereby included within the powers, authority, and discretion delegated to the Director of the Office of Defense Transportation under Executive Order No. 8989 of December 18, 1941 (6 F.R. 6725), as amended by Executive Order No. 9389 of October 18, 1943 (8 F.R. 14183), Executive Order No. 9156 of May 2, 1942 (7 F.R. 3349), Executive Order No. 9214 of August 5, 1942 (7 F.R. 6097), and Executive Order No. 9729 of May 23, 1946 (11 F.R. 5641). The said Executive orders are amended accordingly."
4507,9919,9389,outside_corpus,Executive Order No. 9389,"(b). The powers, authority, and discretion conferred on the President by section 4(a) of the joint resolution with respect to the use of transportation equipment and facilities by rail carriers are hereby included within the powers, authority, and discretion delegated to the Director of the Office of Defense Transportation under Executive Order No. 8989 of December 18, 1941 (6 F.R. 6725), as amended by Executive Order No. 9389 of October 18, 1943 (8 F.R. 14183), Executive Order No. 9156 of May 2, 1942 (7 F.R. 3349), Executive Order No. 9214 of August 5, 1942 (7 F.R. 6097), and Executive Order No. 9729 of May 23, 1946 (11 F.R. 5641). The said Executive orders are amended accordingly."
4507,9919,9156,outside_corpus,Executive Order No. 9156,"(b). The powers, authority, and discretion conferred on the President by section 4(a) of the joint resolution with respect to the use of transportation equipment and facilities by rail carriers are hereby included within the powers, authority, and discretion delegated to the Director of the Office of Defense Transportation under Executive Order No. 8989 of December 18, 1941 (6 F.R. 6725), as amended by Executive Order No. 9389 of October 18, 1943 (8 F.R. 14183), Executive Order No. 9156 of May 2, 1942 (7 F.R. 3349), Executive Order No. 9214 of August 5, 1942 (7 F.R. 6097), and Executive Order No. 9729 of May 23, 1946 (11 F.R. 5641). The said Executive orders are amended accordingly."
4507,9919,9214,outside_corpus,Executive Order No. 9214,"(b). The powers, authority, and discretion conferred on the President by section 4(a) of the joint resolution with respect to the use of transportation equipment and facilities by rail carriers are hereby included within the powers, authority, and discretion delegated to the Director of the Office of Defense Transportation under Executive Order No. 8989 of December 18, 1941 (6 F.R. 6725), as amended by Executive Order No. 9389 of October 18, 1943 (8 F.R. 14183), Executive Order No. 9156 of May 2, 1942 (7 F.R. 3349), Executive Order No. 9214 of August 5, 1942 (7 F.R. 6097), and Executive Order No. 9729 of May 23, 1946 (11 F.R. 5641). The said Executive orders are amended accordingly."
4507,9919,9729,outside_corpus,Executive Order No. 9729,"(b). The powers, authority, and discretion conferred on the President by section 4(a) of the joint resolution with respect to the use of transportation equipment and facilities by rail carriers are hereby included within the powers, authority, and discretion delegated to the Director of the Office of Defense Transportation under Executive Order No. 8989 of December 18, 1941 (6 F.R. 6725), as amended by Executive Order No. 9389 of October 18, 1943 (8 F.R. 14183), Executive Order No. 9156 of May 2, 1942 (7 F.R. 3349), Executive Order No. 9214 of August 5, 1942 (7 F.R. 6097), and Executive Order No. 9729 of May 23, 1946 (11 F.R. 5641). The said Executive orders are amended accordingly."
4507,9919,9630,outside_corpus,Executive Order No 9630,"7. The Secretary of Commerce is hereby authorized to continue exercising the powers, authority, and discretion conferred upon the President by section 6 of the act of July 2, 1940, 54 Stat. 714, as amended. Such powers, authority, and discretion, and the powers, authority, and discretion vested in the President by section 3 of the joint resolution are hereby included within the delegation made to the Secretary of Commerce by Executive Order No 9630 of September 27, 1945 (10 F.R. 12245), and the said Executive order is modified accordingly."
4507,9919,9915,outside_corpus,Executive Order No. 9915,"9. Nothing in this order shall be deemed to affect the powers, authority, or discretion delegated to the Secretary of Agriculture by Executive Order No. 9915 of December 30, 1947."
