document_id,eo_number,date,url
37,14385,"February 06, 2026",https://www.presidency.ucsb.edu/documents/executive-order-14385-protecting-the-national-security-and-welfare-the-united-states-and
38,14381,"January 30, 2026",https://www.presidency.ucsb.edu/documents/executive-order-14381-celebrating-american-greatness-with-american-motor-racing
39,14379,"January 29, 2026",https://www.presidency.ucsb.edu/documents/executive-order-14379-addressing-addiction-through-the-great-american-recovery-initiative
40,14380,"January 29, 2026",https://www.presidency.ucsb.edu/documents/executive-order-14380-addressing-threats-the-united-states-the-government-cuba
46,14373,"January 09, 2026",https://www.presidency.ucsb.edu/documents/executive-order-14373-safeguarding-venezuelan-oil-revenue-for-the-good-the-american-and
47,14372,"January 07, 2026",https://www.presidency.ucsb.edu/documents/executive-order-14372-prioritizing-the-warfighter-defense-contracting
50,14370,"December 18, 2025",https://www.presidency.ucsb.edu/documents/executive-order-14370-increasing-medical-marijuana-and-cannabidiol-research
52,14367,"December 15, 2025",https://www.presidency.ucsb.edu/documents/executive-order-14367-designating-fentanyl-weapon-mass-destruction
53,14366,"December 11, 2025",https://www.presidency.ucsb.edu/documents/executive-order-14366-protecting-american-investors-from-foreign-owned-and-politically
55,14364,"December 06, 2025",https://www.presidency.ucsb.edu/documents/executive-order-14364-addressing-security-risks-from-price-fixing-and-anti-competitive
57,14363,"November 24, 2025",https://www.presidency.ucsb.edu/documents/executive-order-14363-launching-the-genesis-mission
58,14361,"November 20, 2025",https://www.presidency.ucsb.edu/documents/executive-order-14361-modifying-the-scope-tariffs-the-government-brazil
66,14353,"September 29, 2025",https://www.presidency.ucsb.edu/documents/executive-order-14353-assuring-the-security-the-state-qatar
68,14351,"September 19, 2025",https://www.presidency.ucsb.edu/documents/executive-order-14351-the-gold-card
69,14349,"September 16, 2025",https://www.presidency.ucsb.edu/documents/executive-order-14349-establishing-emergency-board-investigate-disputes-between-the-long
73,14347,"September 05, 2025",https://www.presidency.ucsb.edu/documents/executive-order-14347-restoring-the-united-states-department-war
77,14341,"August 25, 2025",https://www.presidency.ucsb.edu/documents/executive-order-14341-prosecuting-burning-the-american-flag
80,14342,"August 25, 2025",https://www.presidency.ucsb.edu/documents/executive-order-14342-taking-steps-end-cashless-bail-protect-americans
81,14338,"August 21, 2025",https://www.presidency.ucsb.edu/documents/executive-order-14338-improving-our-nation-through-better-design
82,14335,"August 13, 2025",https://www.presidency.ucsb.edu/documents/executive-order-14335-enabling-competition-the-commercial-space-industry
85,14333,"August 11, 2025",https://www.presidency.ucsb.edu/documents/executive-order-14333-declaring-crime-emergency-the-district-columbia
87,14332,"August 07, 2025",https://www.presidency.ucsb.edu/documents/executive-order-14332-improving-oversight-federal-grantmaking
88,14330,"August 07, 2025",https://www.presidency.ucsb.edu/documents/executive-order-14330-democratizing-access-alternative-assets-for-401k-investors
89,14331,"August 07, 2025",https://www.presidency.ucsb.edu/documents/executive-order-14331-guaranteeing-fair-banking-for-all-americans
91,14328,"August 05, 2025",https://www.presidency.ucsb.edu/documents/executive-order-14328-establishing-the-white-house-task-force-the-2028-summer-olympics
97,14322,"July 24, 2025",https://www.presidency.ucsb.edu/documents/executive-order-14322-saving-college-sports
98,14321,"July 24, 2025",https://www.presidency.ucsb.edu/documents/executive-order-14321-ending-crime-and-disorder-americas-streets
99,14320,"July 23, 2025",https://www.presidency.ucsb.edu/documents/executive-order-14320-promoting-the-export-the-american-ai-technology-stack
102,14317,"July 17, 2025",https://www.presidency.ucsb.edu/documents/executive-order-14317-creating-schedule-g-the-excepted-service
103,14315,"July 07, 2025",https://www.presidency.ucsb.edu/documents/executive-order-14315-ending-market-distorting-subsidies-for-unreliable-foreign-controlled
105,14313,"July 03, 2025",https://www.presidency.ucsb.edu/documents/executive-order-14313-establishing-the-presidents-make-america-beautiful-again-commission
108,14311,"June 30, 2025",https://www.presidency.ucsb.edu/documents/executive-order-14311-establishing-white-house-office-for-special-peace-missions
112,14305,"June 06, 2025",https://www.presidency.ucsb.edu/documents/executive-order-14305-restoring-american-airspace-sovereignty
115,14304,"June 06, 2025",https://www.presidency.ucsb.edu/documents/executive-order-14304-leading-the-world-supersonic-flight
120,14299,"May 23, 2025",https://www.presidency.ucsb.edu/documents/executive-order-14299-deploying-advanced-nuclear-reactor-technologies-for-national
123,14295,"May 09, 2025",https://www.presidency.ucsb.edu/documents/executive-order-14295-increasing-efficiency-the-office-the-federal-register
124,14296,"May 09, 2025",https://www.presidency.ucsb.edu/documents/executive-order-14296-keeping-promises-veterans-and-establishing-national-center-for
125,14294,"May 09, 2025",https://www.presidency.ucsb.edu/documents/executive-order-14294-fighting-overcriminalization-federal-regulations
126,14292,"May 05, 2025",https://www.presidency.ucsb.edu/documents/executive-order-14292-improving-the-safety-and-security-biological-research
129,14290,"May 01, 2025",https://www.presidency.ucsb.edu/documents/executive-order-14290-ending-taxpayer-subsidization-biased-media
132,14287,"April 28, 2025",https://www.presidency.ucsb.edu/documents/executive-order-14287-protecting-american-communities-from-criminal-aliens
135,14285,"April 24, 2025",https://www.presidency.ucsb.edu/documents/executive-order-14285-unleashing-americas-offshore-critical-minerals-and-resources
136,14278,"April 23, 2025",https://www.presidency.ucsb.edu/documents/executive-order-14278-preparing-americans-for-high-paying-skilled-trade-jobs-the-future
138,14279,"April 23, 2025",https://www.presidency.ucsb.edu/documents/executive-order-14279-reforming-accreditation-strengthen-higher-education
139,14282,"April 23, 2025",https://www.presidency.ucsb.edu/documents/executive-order-14282-transparency-regarding-foreign-influence-american-universities
140,14281,"April 23, 2025",https://www.presidency.ucsb.edu/documents/executive-order-14281-restoring-equality-opportunity-and-meritocracy
141,14277,"April 23, 2025",https://www.presidency.ucsb.edu/documents/executive-order-14277-advancing-artificial-intelligence-education-for-american-youth
142,14280,"April 23, 2025",https://www.presidency.ucsb.edu/documents/executive-order-14280-reinstating-common-sense-school-discipline-policies
143,14276,"April 17, 2025",https://www.presidency.ucsb.edu/documents/executive-order-14276-restoring-american-seafood-competitiveness
144,14271,"April 15, 2025",https://www.presidency.ucsb.edu/documents/executive-order-14271-ensuring-commercial-cost-effective-solutions-federal-contracts
147,14273,"April 15, 2025",https://www.presidency.ucsb.edu/documents/executive-order-14273-lowering-drug-prices-once-again-putting-americans-first
148,14272,"April 15, 2025",https://www.presidency.ucsb.edu/documents/executive-order-14272-ensuring-national-security-and-economic-resilience-through-section
151,14268,"April 09, 2025",https://www.presidency.ucsb.edu/documents/executive-order-14268-reforming-foreign-defense-sales-improve-speed-and-accountability
153,14264,"April 09, 2025",https://www.presidency.ucsb.edu/documents/executive-order-14264-maintaining-acceptable-water-pressure-showerheads
158,14260,"April 08, 2025",https://www.presidency.ucsb.edu/documents/executive-order-14260-protecting-american-energy-from-state-overreach
161,14258,"April 04, 2025",https://www.presidency.ucsb.edu/documents/executive-order-14258-extending-the-tiktok-enforcement-delay
164,14255,"March 31, 2025",https://www.presidency.ucsb.edu/documents/executive-order-14255-establishing-the-united-states-investment-accelerator
165,14254,"March 31, 2025",https://www.presidency.ucsb.edu/documents/executive-order-14254-combating-unfair-practices-the-live-entertainment-market
167,14253,"March 27, 2025",https://www.presidency.ucsb.edu/documents/executive-order-14253-restoring-truth-and-sanity-american-history
170,14247,"March 25, 2025",https://www.presidency.ucsb.edu/documents/executive-order-14247-modernizing-payments-and-from-americas-bank-account
176,14240,"March 20, 2025",https://www.presidency.ucsb.edu/documents/executive-order-14240-eliminating-waste-and-saving-taxpayer-dollars-consolidating
177,14242,"March 20, 2025",https://www.presidency.ucsb.edu/documents/executive-order-14242-improving-education-outcomes-empowering-parents-states-and
183,14238,"March 14, 2025",https://www.presidency.ucsb.edu/documents/executive-order-14238-continuing-the-reduction-the-federal-bureaucracy
184,14235,"March 07, 2025",https://www.presidency.ucsb.edu/documents/executive-order-14235-restoring-public-service-loan-forgiveness
185,14234,"March 07, 2025",https://www.presidency.ucsb.edu/documents/executive-order-14234-establishing-the-white-house-task-force-the-fifa-world-cup-2026
187,14231,"March 06, 2025",https://www.presidency.ucsb.edu/documents/executive-order-14231-amendment-duties-address-the-flow-illicit-drugs-across-our-northern
193,14226,"March 02, 2025",https://www.presidency.ucsb.edu/documents/executive-order-14226-amendment-duties-address-the-flow-illicit-drugs-across-our-northern
194,14223,"March 01, 2025",https://www.presidency.ucsb.edu/documents/executive-order-14223-addressing-the-threat-national-security-from-imports-timber-lumber
195,14225,"March 01, 2025",https://www.presidency.ucsb.edu/documents/executive-order-14225-immediate-expansion-american-timber-production
198,14220,"February 25, 2025",https://www.presidency.ucsb.edu/documents/executive-order-14220-addressing-the-threat-national-security-from-imports-copper
200,14218,"February 19, 2025",https://www.presidency.ucsb.edu/documents/executive-order-14218-ending-taxpayer-subsidization-open-borders
203,14215,"February 18, 2025",https://www.presidency.ucsb.edu/documents/executive-order-14215-ensuring-accountability-for-all-agencies
204,14216,"February 18, 2025",https://www.presidency.ucsb.edu/documents/executive-order-14216-expanding-access-vitro-fertilization
205,14213,"February 14, 2025",https://www.presidency.ucsb.edu/documents/executive-order-14213-establishing-the-national-energy-dominance-council
206,14214,"February 14, 2025",https://www.presidency.ucsb.edu/documents/executive-order-14214-keeping-education-accessible-and-ending-covid-19-vaccine-mandates
207,14212,"February 13, 2025",https://www.presidency.ucsb.edu/documents/executive-order-14212-establishing-the-presidents-make-america-healthy-again-commission
208,14211,"February 12, 2025",https://www.presidency.ucsb.edu/documents/executive-order-14211-one-voice-for-americas-foreign-relations
209,14210,"February 11, 2025",https://www.presidency.ucsb.edu/documents/executive-order-14210-implementing-the-presidents-department-government-efficiency
212,14209,"February 10, 2025",https://www.presidency.ucsb.edu/documents/executive-order-14209-pausing-foreign-corrupt-practices-act-enforcement-further-american
213,14206,"February 07, 2025",https://www.presidency.ucsb.edu/documents/executive-order-14206-protecting-second-amendment-rights
215,14204,"February 07, 2025",https://www.presidency.ucsb.edu/documents/executive-order-14204-addressing-egregious-actions-the-republic-south-africa
216,14203,"February 06, 2025",https://www.presidency.ucsb.edu/documents/executive-order-14203-imposing-sanctions-the-international-criminal-court
217,14202,"February 06, 2025",https://www.presidency.ucsb.edu/documents/executive-order-14202-eradicating-anti-christian-bias
218,14200,"February 05, 2025",https://www.presidency.ucsb.edu/documents/executive-order-14200-amendment-duties-addressing-the-synthetic-opioid-supply-chain-the
220,14199,"February 04, 2025",https://www.presidency.ucsb.edu/documents/executive-order-14199-withdrawing-the-united-states-from-and-ending-funding-certain-united
221,14196,"February 03, 2025",https://www.presidency.ucsb.edu/documents/executive-order-14196-plan-for-establishing-united-states-sovereign-wealth-fund
222,14198,"February 03, 2025",https://www.presidency.ucsb.edu/documents/executive-order-14198-progress-the-situation-our-southern-border
225,14195,"February 01, 2025",https://www.presidency.ucsb.edu/documents/executive-order-14195-imposing-duties-address-the-synthetic-opioid-supply-chain-the
226,14194,"February 01, 2025",https://www.presidency.ucsb.edu/documents/executive-order-14194-imposing-duties-address-the-situation-our-southern-border
227,14192,"January 31, 2025",https://www.presidency.ucsb.edu/documents/executive-order-14192-unleashing-prosperity-through-deregulation
228,14191,"January 29, 2025",https://www.presidency.ucsb.edu/documents/executive-order-14191-expanding-educational-freedom-and-opportunity-for-families
232,14187,"January 28, 2025",https://www.presidency.ucsb.edu/documents/executive-order-14187-protecting-children-from-chemical-and-surgical-mutilation
238,14180,"January 24, 2025",https://www.presidency.ucsb.edu/documents/executive-order-14180-council-assess-the-federal-emergency-management-agency
239,14181,"January 24, 2025",https://www.presidency.ucsb.edu/documents/executive-order-14181-emergency-measures-provide-water-resources-california-and-improve
244,14175,"January 22, 2025",https://www.presidency.ucsb.edu/documents/executive-order-14175-designation-ansar-allah-foreign-terrorist-organization
247,14172,"January 20, 2025",https://www.presidency.ucsb.edu/documents/executive-order-14172-restoring-names-that-honor-american-greatness
248,14156,"January 20, 2025",https://www.presidency.ucsb.edu/documents/executive-order-14156-declaring-national-energy-emergency
249,14160,"January 20, 2025",https://www.presidency.ucsb.edu/documents/executive-order-14160-protecting-the-meaning-and-value-american-citizenship
258,14150,"January 20, 2025",https://www.presidency.ucsb.edu/documents/executive-order-14150-america-first-policy-directive-the-secretary-state
259,14149,"January 20, 2025",https://www.presidency.ucsb.edu/documents/executive-order-14149-restoring-freedom-speech-and-ending-federal-censorship
260,14161,"January 20, 2025",https://www.presidency.ucsb.edu/documents/executive-order-14161-protecting-the-united-states-from-foreign-terrorists-and-other
261,14147,"January 20, 2025",https://www.presidency.ucsb.edu/documents/executive-order-14147-ending-the-weaponization-the-federal-government
262,14153,"January 20, 2025",https://www.presidency.ucsb.edu/documents/executive-order-14153-unleashing-alaskas-extraordinary-resource-potential
263,14162,"January 20, 2025",https://www.presidency.ucsb.edu/documents/executive-order-14162-putting-america-first-international-environmental-agreements
269,14167,"January 20, 2025",https://www.presidency.ucsb.edu/documents/executive-order-14167-clarifying-the-militarys-role-protecting-the-territorial-integrity
270,14165,"January 20, 2025",https://www.presidency.ucsb.edu/documents/executive-order-14165-securing-our-borders
272,14164,"January 20, 2025",https://www.presidency.ucsb.edu/documents/executive-order-14164-restoring-the-death-penalty-and-protecting-public-safety
273,14145,"January 19, 2025",https://www.presidency.ucsb.edu/documents/executive-order-14145-helping-left-behind-communities-make-comeback
275,14143,"January 16, 2025",https://www.presidency.ucsb.edu/documents/executive-order-14143-providing-for-the-appointment-alumni-americorps-the-competitive
276,14144,"January 16, 2025",https://www.presidency.ucsb.edu/documents/executive-order-14144-strengthening-and-promoting-innovation-the-nations-cybersecurity
282,14139,"January 03, 2025",https://www.presidency.ucsb.edu/documents/executive-order-14139-providing-order-succession-within-the-office-the-national-cyber
292,14127,"September 26, 2024",https://www.presidency.ucsb.edu/documents/executive-order-14127-combating-emerging-firearms-threats-and-improving-school-based
294,14125,"July 24, 2024",https://www.presidency.ucsb.edu/documents/executive-order-14125-establishing-emergency-board-investigate-dispute-between-new-jersey
304,14115,"February 01, 2024",https://www.presidency.ucsb.edu/documents/executive-order-14115-imposing-certain-sanctions-persons-undermining-peace-security-and
311,14108,"September 20, 2023",https://www.presidency.ucsb.edu/documents/executive-order-14108-ensuring-the-people-east-palestine-are-protected-now-and-the-future
312,14107,"September 06, 2023",https://www.presidency.ucsb.edu/documents/executive-order-14107-exemption-paul-h-maurer-from-mandatory-separation
313,14106,"August 14, 2023",https://www.presidency.ucsb.edu/documents/executive-order-14106-united-states-coast-guard-officer-personnel-management
314,14105,"August 09, 2023",https://www.presidency.ucsb.edu/documents/executive-order-14105-addressing-united-states-investments-certain-national-security
317,14102,"July 13, 2023",https://www.presidency.ucsb.edu/documents/executive-order-14102-ordering-the-selected-reserve-and-certain-members-the-individual
322,14097,"April 27, 2023",https://www.presidency.ucsb.edu/documents/executive-order-14097-authority-order-the-ready-reserve-the-armed-forces-active-duty
324,14095,"April 18, 2023",https://www.presidency.ucsb.edu/documents/executive-order-14095-increasing-access-high-quality-care-and-supporting-caregivers
327,14092,"March 14, 2023",https://www.presidency.ucsb.edu/documents/executive-order-14092-reducing-gun-violence-and-making-our-communities-safer
339,14080,"August 25, 2022",https://www.presidency.ucsb.edu/documents/executive-order-14080-implementation-the-chips-act-2022
340,14079,"August 03, 2022",https://www.presidency.ucsb.edu/documents/executive-order-14079-securing-access-reproductive-and-other-healthcare-services
342,14077,"July 15, 2022",https://www.presidency.ucsb.edu/documents/executive-order-14077-establishing-emergency-board-investigate-disputes-between-certain
352,14067,"March 09, 2022",https://www.presidency.ucsb.edu/documents/executive-order-14067-ensuring-responsible-development-digital-assets
377,14042,"September 09, 2021",https://www.presidency.ucsb.edu/documents/executive-order-14042-ensuring-adequate-covid-safety-protocols-for-federal-contractors
382,14037,"August 05, 2021",https://www.presidency.ucsb.edu/documents/executive-order-14037-strengthening-american-leadership-clean-cars-and-trucks
395,14024,"April 15, 2021",https://www.presidency.ucsb.edu/documents/executive-order-14024-blocking-property-with-respect-specified-harmful-foreign-activities
396,14023,"April 09, 2021",https://www.presidency.ucsb.edu/documents/executive-order-14023-establishment-the-presidential-commission-the-supreme-court-the
399,14021,"March 08, 2021",https://www.presidency.ucsb.edu/documents/executive-order-14021-guaranteeing-educational-environment-free-from-discrimination-the
400,14019,"March 07, 2021",https://www.presidency.ucsb.edu/documents/executive-order-14019-promoting-access-voting
412,14008,"January 27, 2021",https://www.presidency.ucsb.edu/documents/executive-order-14008-tackling-the-climate-crisis-home-and-abroad
413,14006,"January 26, 2021",https://www.presidency.ucsb.edu/documents/executive-order-14006-reforming-our-incarceration-system-eliminate-the-use-privately
414,14004,"January 25, 2021",https://www.presidency.ucsb.edu/documents/executive-order-14004-enabling-all-qualified-americans-serve-their-country-uniform
417,14002,"January 22, 2021",https://www.presidency.ucsb.edu/documents/executive-order-14002-economic-relief-related-the-covid-19-pandemic
418,13995,"January 21, 2021",https://www.presidency.ucsb.edu/documents/executive-order-13995-ensuring-equitable-pandemic-response-and-recovery
419,14000,"January 21, 2021",https://www.presidency.ucsb.edu/documents/executive-order-14000-supporting-the-reopening-and-continuing-operation-schools-and-early
420,13999,"January 21, 2021",https://www.presidency.ucsb.edu/documents/executive-order-13999-protecting-worker-health-and-safety
421,13996,"January 21, 2021",https://www.presidency.ucsb.edu/documents/executive-order-13996-establishing-the-covid-19-pandemic-testing-board-and-ensuring
422,13998,"January 21, 2021",https://www.presidency.ucsb.edu/documents/executive-order-13998-promoting-covid-19-safety-domestic-and-international-travel
423,13994,"January 21, 2021",https://www.presidency.ucsb.edu/documents/executive-order-13994-ensuring-data-driven-response-covid-19-and-future-high-consequence
424,13997,"January 21, 2021",https://www.presidency.ucsb.edu/documents/executive-order-13997-improving-and-expanding-access-care-and-treatments-for-covid-19
425,14001,"January 21, 2021",https://www.presidency.ucsb.edu/documents/executive-order-14001-sustainable-public-health-supply-chain
426,13991,"January 20, 2021",https://www.presidency.ucsb.edu/documents/executive-order-13991-protecting-the-federal-workforce-and-requiring-mask-wearing
430,13993,"January 20, 2021",https://www.presidency.ucsb.edu/documents/executive-order-13993-revision-civil-immigration-enforcement-policies-and-priorities
433,13988,"January 20, 2021",https://www.presidency.ucsb.edu/documents/executive-order-13988-preventing-and-combating-discrimination-the-basis-gender-identity-or
434,13989,"January 20, 2021",https://www.presidency.ucsb.edu/documents/executive-order-13989-ethics-commitments-executive-branch-personnel
435,13982,"January 19, 2021",https://www.presidency.ucsb.edu/documents/executive-order-13982-care-veterans-with-service-uzbekistan
436,13984,"January 19, 2021",https://www.presidency.ucsb.edu/documents/executive-order-13984-taking-additional-steps-address-the-national-emergency-with-respect
439,13981,"January 18, 2021",https://www.presidency.ucsb.edu/documents/executive-order-13981-protecting-the-united-states-from-certain-unmanned-aircraft-systems
448,13972,"January 05, 2021",https://www.presidency.ucsb.edu/documents/executive-order-13972-promoting-small-modular-reactors-for-national-defense-and-space
450,13969,"December 28, 2020",https://www.presidency.ucsb.edu/documents/executive-order-13969-expanding-educational-opportunity-through-school-choice
451,13967,"December 18, 2020",https://www.presidency.ucsb.edu/documents/executive-order-13967-promoting-beautiful-federal-civic-architecture
452,13968,"December 18, 2020",https://www.presidency.ucsb.edu/documents/executive-order-13968-promoting-redemption-savings-bonds
455,13964,"December 10, 2020",https://www.presidency.ucsb.edu/documents/executive-order-13964-rebranding-united-states-foreign-assistance-advance-american
460,13959,"November 12, 2020",https://www.presidency.ucsb.edu/documents/executive-order-13959-addressing-the-threat-from-securities-investments-that-finance
461,13958,"November 02, 2020",https://www.presidency.ucsb.edu/documents/executive-order-13958-establishing-the-presidents-advisory-1776-commission
462,13957,"October 21, 2020",https://www.presidency.ucsb.edu/documents/executive-order-13957-creating-schedule-f-the-excepted-service
463,13956,"October 13, 2020",https://www.presidency.ucsb.edu/documents/executive-order-13956-modernizing-americas-water-resource-management-and-water
465,13954,"October 03, 2020",https://www.presidency.ucsb.edu/documents/executive-order-13954-saving-lives-through-increased-support-for-mental-and-behavioral
467,13952,"September 25, 2020",https://www.presidency.ucsb.edu/documents/executive-order-13952-protecting-vulnerable-newborn-and-infant-children
471,13948,"September 13, 2020",https://www.presidency.ucsb.edu/documents/executive-order-13948-lowering-drug-prices-putting-america-first
473,13945,"August 08, 2020",https://www.presidency.ucsb.edu/documents/executive-order-13945-fighting-the-spread-covid-19-providing-assistance-renters-and
478,13941,"August 03, 2020",https://www.presidency.ucsb.edu/documents/executive-order-13941-improving-rural-health-and-telehealth-access
479,13937,"July 24, 2020",https://www.presidency.ucsb.edu/documents/executive-order-13937-access-affordable-life-saving-medications
480,13939,"July 24, 2020",https://www.presidency.ucsb.edu/documents/executive-order-13939-lowering-prices-for-patients-eliminating-kickbacks-middlemen
481,13938,"July 24, 2020",https://www.presidency.ucsb.edu/documents/executive-order-13938-increasing-drug-importation-lower-prices-for-american-patients
482,13947,"July 24, 2020",https://www.presidency.ucsb.edu/documents/executive-order-13947-lowering-drug-prices-putting-america-first
483,13936,"July 14, 2020",https://www.presidency.ucsb.edu/documents/executive-order-13936-the-presidents-executive-order-hong-kong-normalization
484,13935,"July 09, 2020",https://www.presidency.ucsb.edu/documents/executive-order-13935-white-house-hispanic-prosperity-initiative
486,13933,"June 26, 2020",https://www.presidency.ucsb.edu/documents/executive-order-13933-protecting-american-monuments-memorials-and-statues-and-combating
487,13932,"June 26, 2020",https://www.presidency.ucsb.edu/documents/executive-order-13932-modernizing-and-reforming-the-assessment-and-hiring-federal-job
489,13930,"June 24, 2020",https://www.presidency.ucsb.edu/documents/executive-order-13930-strengthening-the-child-welfare-system-for-americas-children
490,13929,"June 16, 2020",https://www.presidency.ucsb.edu/documents/executive-order-13929-safe-policing-for-safe-communities
491,13928,"June 11, 2020",https://www.presidency.ucsb.edu/documents/executive-order-13928-blocking-property-certain-persons-associated-with-the-international
492,13927,"June 04, 2020",https://www.presidency.ucsb.edu/documents/executive-order-13927-accelerating-the-nations-economic-recovery-from-the-covid-19
494,13925,"May 28, 2020",https://www.presidency.ucsb.edu/documents/executive-order-13925-preventing-online-censorship
500,13919,"April 30, 2020",https://www.presidency.ucsb.edu/documents/executive-order-13919-ordering-the-selected-reserve-the-armed-forces-active-duty
501,13918,"April 28, 2020",https://www.presidency.ucsb.edu/documents/executive-order-13918-establishment-the-interagency-labor-committee-for-monitoring-and
503,13916,"April 18, 2020",https://www.presidency.ucsb.edu/documents/executive-order-13916-national-emergency-authority-temporarily-extend-deadlines-for
505,13914,"April 06, 2020",https://www.presidency.ucsb.edu/documents/executive-order-13914-encouraging-international-support-for-the-recovery-and-use-space
508,13912,"March 27, 2020",https://www.presidency.ucsb.edu/documents/executive-order-13912-national-emergency-authority-order-the-selected-reserve-and-certain
511,13907,"February 28, 2020",https://www.presidency.ucsb.edu/documents/executive-order-13907-establishment-the-interagency-environment-committee-for-monitoring
512,13908,"February 28, 2020",https://www.presidency.ucsb.edu/documents/executive-order-13908-establishment-the-interagency-committee-trade-automotive-goods-under
514,13905,"February 12, 2020",https://www.presidency.ucsb.edu/documents/executive-order-13905-strengthening-national-resilience-through-responsible-use-3
515,13904,"January 31, 2020",https://www.presidency.ucsb.edu/documents/executive-order-13904-ensuring-safe-and-lawful-e-commerce-for-united-states-consumers-3
520,13899,"December 11, 2019",https://www.presidency.ucsb.edu/documents/executive-order-13899-combating-anti-semitism
521,13898,"November 26, 2019",https://www.presidency.ucsb.edu/documents/executive-order-13898-establishing-the-task-force-missing-and-murdered-american-indians
523,13896,"October 28, 2019",https://www.presidency.ucsb.edu/documents/executive-order-13896-commission-law-enforcement-and-the-administration-justice
525,13894,"October 14, 2019",https://www.presidency.ucsb.edu/documents/executive-order-13894-blocking-property-and-suspending-entry-certain-persons-contributing
526,13893,"October 10, 2019",https://www.presidency.ucsb.edu/documents/executive-order-13893-increasing-government-accountability-for-administrative-actions
527,13892,"October 09, 2019",https://www.presidency.ucsb.edu/documents/executive-order-13892-promoting-the-rule-law-through-transparency-and-fairness-civil
528,13891,"October 09, 2019",https://www.presidency.ucsb.edu/documents/executive-order-13891-promoting-the-rule-law-through-improved-agency-guidance-documents
532,13887,"September 19, 2019",https://www.presidency.ucsb.edu/documents/executive-order-13887-modernizing-influenza-vaccines-the-united-states-promote-national
537,13882,"July 26, 2019",https://www.presidency.ucsb.edu/documents/executive-order-13882-blocking-property-and-suspending-entry-certain-persons-contributing
539,13880,"July 11, 2019",https://www.presidency.ucsb.edu/documents/executive-order-13880-collecting-information-about-citizenship-status-connection-with-the
544,13875,"June 14, 2019",https://www.presidency.ucsb.edu/documents/executive-order-13875-evaluating-and-improving-the-utility-federal-advisory-committees
545,13874,"June 11, 2019",https://www.presidency.ucsb.edu/documents/executive-order-13874-modernizing-the-regulatory-framework-for-agricultural-biotechnology
552,13868,"April 10, 2019",https://www.presidency.ucsb.edu/documents/executive-order-13868-promoting-energy-infrastructure-and-economic-growth
558,13861,"March 05, 2019",https://www.presidency.ucsb.edu/documents/executive-order-13861-national-roadmap-empower-veterans-and-end-suicide
559,13860,"March 04, 2019",https://www.presidency.ucsb.edu/documents/executive-order-13860-supporting-the-transition-active-duty-servicemembers-and-military
560,13859,"February 11, 2019",https://www.presidency.ucsb.edu/documents/executive-order-13859-maintaining-american-leadership-artificial-intelligence
561,13858,"January 31, 2019",https://www.presidency.ucsb.edu/documents/executive-order-13858-strengthening-buy-american-preferences-for-infrastructure-projects
564,13855,"December 21, 2018",https://www.presidency.ucsb.edu/documents/executive-order-13855-promoting-active-management-americas-forests-rangelands-and-other
568,13851,"November 27, 2018",https://www.presidency.ucsb.edu/documents/executive-order-13851-blocking-property-certain-persons-contributing-the-situation
572,13847,"August 31, 2018",https://www.presidency.ucsb.edu/documents/executive-order-13847-strengthening-retirement-security-america
576,13843,"July 10, 2018",https://www.presidency.ucsb.edu/documents/executive-order-13843-excepting-administrative-law-judges-from-the-competitive-service
577,13842,"July 10, 2018",https://www.presidency.ucsb.edu/documents/executive-order-13842-establishing-exception-competitive-examining-rules-for-appointment
578,13841,"June 20, 2018",https://www.presidency.ucsb.edu/documents/executive-order-13841-affording-congress-opportunity-address-family-separation
579,13840,"June 19, 2018",https://www.presidency.ucsb.edu/documents/executive-order-13840-ocean-policy-advance-the-economic-security-and-environmental
581,13837,"May 25, 2018",https://www.presidency.ucsb.edu/documents/executive-order-13837-ensuring-transparency-accountability-and-efficiency-taxpayer-funded
583,13839,"May 25, 2018",https://www.presidency.ucsb.edu/documents/executive-order-13839-promoting-accountability-and-streamlining-removal-procedures
589,13830,"April 20, 2018",https://www.presidency.ucsb.edu/documents/executive-order-13830-delegation-authority-approve-certain-military-decorations
597,13822,"January 09, 2018",https://www.presidency.ucsb.edu/documents/executive-order-13822-supporting-our-veterans-during-their-transition-from-uniformed
602,13818,"December 20, 2017",https://www.presidency.ucsb.edu/documents/executive-order-13818-blocking-the-property-persons-involved-serious-human-rights-abuse-or
606,13813,"October 12, 2017",https://www.presidency.ucsb.edu/documents/executive-order-13813-promoting-healthcare-choice-and-competition-across-the-united-states
610,13809,"August 28, 2017",https://www.presidency.ucsb.edu/documents/executive-order-13809-restoring-state-tribal-and-local-law-enforcements-access-lifesaving
613,13806,"July 21, 2017",https://www.presidency.ucsb.edu/documents/executive-order-13806-assessing-and-strengthening-the-manufacturing-and-defense-industrial
614,13805,"July 19, 2017",https://www.presidency.ucsb.edu/documents/executive-order-13805-establishing-presidential-advisory-council-infrastructure
618,13801,"June 15, 2017",https://www.presidency.ucsb.edu/documents/executive-order-13801-expanding-apprenticeships-america
620,13799,"May 11, 2017",https://www.presidency.ucsb.edu/documents/executive-order-13799-establishment-presidential-advisory-commission-election-integrity
621,13798,"May 04, 2017",https://www.presidency.ucsb.edu/documents/executive-order-13798-promoting-free-speech-and-religious-liberty
622,13797,"April 29, 2017",https://www.presidency.ucsb.edu/documents/executive-order-13797-establishment-office-trade-and-manufacturing-policy
623,13796,"April 29, 2017",https://www.presidency.ucsb.edu/documents/executive-order-13796-addressing-trade-agreement-violations-and-abuses
628,13792,"April 26, 2017",https://www.presidency.ucsb.edu/documents/executive-order-13792-review-designations-under-the-antiquities-act
632,13786,"March 31, 2017",https://www.presidency.ucsb.edu/documents/executive-order-13786-omnibus-report-significant-trade-deficits
634,13785,"March 31, 2017",https://www.presidency.ucsb.edu/documents/executive-order-13785-establishing-enhanced-collection-and-enforcement-antidumping-and
635,13784,"March 29, 2017",https://www.presidency.ucsb.edu/documents/executive-order-13784-establishing-the-presidents-commission-combating-drug-addiction-and
638,13781,"March 13, 2017",https://www.presidency.ucsb.edu/documents/executive-order-13781-comprehensive-plan-for-reorganizing-the-executive-branch
641,13778,"February 28, 2017",https://www.presidency.ucsb.edu/documents/executive-order-13778-restoring-the-rule-law-federalism-and-economic-growth-reviewing-the
643,13773,"February 09, 2017",https://www.presidency.ucsb.edu/documents/executive-order-13773-enforcing-federal-law-with-respect-transnational-criminal
644,13774,"February 09, 2017",https://www.presidency.ucsb.edu/documents/executive-order-13774-preventing-violence-against-federal-state-tribal-and-local-law
648,13771,"January 30, 2017",https://www.presidency.ucsb.edu/documents/executive-order-13771-reducing-regulation-and-controlling-regulatory-costs
650,13769,"January 27, 2017",https://www.presidency.ucsb.edu/documents/executive-order-13769-protecting-the-nation-from-foreign-terrorist-entry-into-the-united
651,13767,"January 25, 2017",https://www.presidency.ucsb.edu/documents/executive-order-13767-border-security-and-immigration-enforcement-improvements
654,13765,"January 20, 2017",https://www.presidency.ucsb.edu/documents/executive-order-13765-minimizing-the-economic-burden-the-patient-protection-and-affordable
660,13759,"January 12, 2017",https://www.presidency.ucsb.edu/documents/executive-order-13759-designating-the-world-organisation-for-animal-health-public
662,13757,"December 28, 2016",https://www.presidency.ucsb.edu/documents/executive-order-13757-taking-additional-steps-address-the-national-emergency-with-respect
667,13752,"December 08, 2016",https://www.presidency.ucsb.edu/documents/executive-order-13752-relating-the-implementation-the-convention-the-international
669,13750,"November 29, 2016",https://www.presidency.ucsb.edu/documents/executive-order-13750-providing-for-the-appointment-alumni-the-fulbright-us-student
672,13747,"November 04, 2016",https://www.presidency.ucsb.edu/documents/executive-order-13747-advancing-the-global-health-security-agenda-achieve-world-safe-and
673,13746,"November 03, 2016",https://www.presidency.ucsb.edu/documents/executive-order-13746-advancing-the-goals-the-power-africa-initiative-expand-access
674,13745,"October 31, 2016",https://www.presidency.ucsb.edu/documents/executive-order-13745-delegation-function-the-director-the-office-personnel-management
688,13731,"June 24, 2016",https://www.presidency.ucsb.edu/documents/executive-order-13731-global-entrepreneurship
692,13727,"May 06, 2016",https://www.presidency.ucsb.edu/documents/executive-order-13727-facilitation-presidential-transition
693,13726,"April 19, 2016",https://www.presidency.ucsb.edu/documents/executive-order-13726-blocking-property-and-suspending-entry-into-the-united-states
694,13725,"April 15, 2016",https://www.presidency.ucsb.edu/documents/executive-order-13725-steps-increase-competition-and-better-inform-consumers-and-workers
696,13723,"March 30, 2016",https://www.presidency.ucsb.edu/documents/executive-order-13723-establishing-the-inherent-resolve-campaign-medal
699,13720,"February 26, 2016",https://www.presidency.ucsb.edu/documents/executive-order-13720-delegation-certain-authorities-and-assignment-certain-functions
707,13712,"November 22, 2015",https://www.presidency.ucsb.edu/documents/executive-order-13712-blocking-property-certain-persons-contributing-the-situation-burundi
710,13709,"October 02, 2015",https://www.presidency.ucsb.edu/documents/executive-order-13709-national-security-medal
714,13705,"September 03, 2015",https://www.presidency.ucsb.edu/documents/executive-order-13705-designating-the-international-renewable-energy-agency-public
715,13704,"August 17, 2015",https://www.presidency.ucsb.edu/documents/executive-order-13704-presidential-innovation-fellows-program
719,13700,"July 15, 2015",https://www.presidency.ucsb.edu/documents/executive-order-13700-establishing-emergency-board-investigate-disputes-between-new-jersey
720,13699,"June 26, 2015",https://www.presidency.ucsb.edu/documents/executive-order-13699-establishing-the-advisory-board-toxic-substances-and-worker-health
721,13698,"June 24, 2015",https://www.presidency.ucsb.edu/documents/executive-order-13698-hostage-recovery-activities
727,13692,"March 08, 2015",https://www.presidency.ucsb.edu/documents/executive-order-13692-blocking-property-and-suspending-entry-certain-persons-contributing
730,13689,"January 21, 2015",https://www.presidency.ucsb.edu/documents/executive-order-13689-enhancing-coordination-national-efforts-the-arctic
735,13684,"December 18, 2014",https://www.presidency.ucsb.edu/documents/executive-order-13684-establishment-the-presidents-task-force-21st-century-policing
738,13681,"October 17, 2014",https://www.presidency.ucsb.edu/documents/executive-order-13681-improving-the-security-consumer-financial-transactions
741,13678,"October 03, 2014",https://www.presidency.ucsb.edu/documents/executive-order-13678-conversion-authority-for-criminal-investigators-special-agents-the
743,13676,"September 18, 2014",https://www.presidency.ucsb.edu/documents/executive-order-13676-combating-antibiotic-resistant-bacteria
744,13675,"August 05, 2014",https://www.presidency.ucsb.edu/documents/executive-order-13675-establishing-the-presidents-advisory-council-doing-business-africa
749,13670,"June 14, 2014",https://www.presidency.ucsb.edu/documents/executive-order-13670-establishing-emergency-board-investigate-disputes-between-the
752,13667,"May 12, 2014",https://www.presidency.ucsb.edu/documents/executive-order-13667-blocking-property-certain-persons-contributing-the-conflict-the
755,13664,"April 03, 2014",https://www.presidency.ucsb.edu/documents/executive-order-13664-blocking-property-certain-persons-with-respect-south-sudan
759,13660,"March 06, 2014",https://www.presidency.ucsb.edu/documents/executive-order-13660-blocking-property-certain-persons-contributing-the-situation-ukraine
761,13658,"February 12, 2014",https://www.presidency.ucsb.edu/documents/executive-order-13658-establishing-minimum-wage-for-contractors
762,13657,"February 10, 2014",https://www.presidency.ucsb.edu/documents/executive-order-13657-changing-the-name-the-national-security-staff-the-national-security
763,13656,"January 17, 2014",https://www.presidency.ucsb.edu/documents/executive-order-13656-establishment-the-afghanistan-and-pakistan-strategic-partnership
765,13654,"November 21, 2013",https://www.presidency.ucsb.edu/documents/executive-order-13654-establishing-emergency-board-investigate-disputes-between-the-long
769,13650,"August 01, 2013",https://www.presidency.ucsb.edu/documents/executive-order-13650-improving-chemical-facility-safety-and-security
770,13649,"July 15, 2013",https://www.presidency.ucsb.edu/documents/executive-order-13649-accelerating-improvements-hiv-prevention-and-care-the-united-states
771,13648,"July 01, 2013",https://www.presidency.ucsb.edu/documents/executive-order-13648-combating-wildlife-trafficking
773,13646,"June 25, 2013",https://www.presidency.ucsb.edu/documents/executive-order-13646-establishing-the-presidents-advisory-council-financial-capability
777,13642,"May 09, 2013",https://www.presidency.ucsb.edu/documents/executive-order-13642-making-open-and-machine-readable-the-new-default-for-government
779,13640,"April 05, 2013",https://www.presidency.ucsb.edu/documents/executive-order-13640-continuance-advisory-council
780,13639,"March 28, 2013",https://www.presidency.ucsb.edu/documents/executive-order-13639-establishment-the-presidential-commission-election-administration
785,13634,"December 21, 2012",https://www.presidency.ucsb.edu/documents/executive-order-13634-reestablishment-advisory-commission
788,13632,"December 07, 2012",https://www.presidency.ucsb.edu/documents/executive-order-13632-establishing-the-hurricane-sandy-rebuilding-task-force
790,13629,"October 26, 2012",https://www.presidency.ucsb.edu/documents/executive-order-13629-establishing-the-white-house-homeland-security-partnership-council
794,13625,"August 31, 2012",https://www.presidency.ucsb.edu/documents/executive-order-13625-improving-access-mental-health-services-for-veterans-service-members
808,13611,"May 16, 2012",https://www.presidency.ucsb.edu/documents/executive-order-13611-blocking-property-persons-threatening-the-peace-security-or
812,13607,"April 27, 2012",https://www.presidency.ucsb.edu/documents/executive-order-13607-establishing-principles-excellence-for-educational-institutions
814,13605,"April 13, 2012",https://www.presidency.ucsb.edu/documents/executive-order-13605-supporting-safe-and-responsible-development-unconventional-domestic
817,13602,"March 15, 2012",https://www.presidency.ucsb.edu/documents/executive-order-13602-establishing-white-house-council-strong-cities-strong-communities
818,13601,"February 28, 2012",https://www.presidency.ucsb.edu/documents/executive-order-13601-establishment-the-interagency-trade-enforcement-center
819,13600,"February 09, 2012",https://www.presidency.ucsb.edu/documents/executive-order-13600-establishing-the-presidents-global-development-council
821,13598,"January 27, 2012",https://www.presidency.ucsb.edu/documents/executive-order-13598-assignment-functions-relating-certain-promotion-and-appointment
822,13597,"January 19, 2012",https://www.presidency.ucsb.edu/documents/executive-order-13597-establishing-visa-and-foreign-visitor-processing-goals-and-the-task
825,13595,"December 19, 2011",https://www.presidency.ucsb.edu/documents/executive-order-13595-instituting-national-action-plan-women-peace-and-security
831,13588,"October 31, 2011",https://www.presidency.ucsb.edu/documents/executive-order-13588-reducing-prescription-drug-shortages
833,13586,"October 06, 2011",https://www.presidency.ucsb.edu/documents/executive-order-13586-establishing-emergency-board-investigate-disputes-between-certain
835,13584,"September 09, 2011",https://www.presidency.ucsb.edu/documents/executive-order-13584-developing-integrated-strategic-counterterrorism-communications
838,13581,"July 24, 2011",https://www.presidency.ucsb.edu/documents/executive-order-13581-blocking-property-transnational-criminal-organizations
839,13580,"July 12, 2011",https://www.presidency.ucsb.edu/documents/executive-order-13580-interagency-working-group-coordination-domestic-energy-development
842,13577,"June 15, 2011",https://www.presidency.ucsb.edu/documents/executive-order-13577-establishment-the-selectusa-initiative
843,13576,"June 13, 2011",https://www.presidency.ucsb.edu/documents/executive-order-13576-delivering-efficient-effective-and-accountable-government
844,13575,"June 09, 2011",https://www.presidency.ucsb.edu/documents/executive-order-13575-establishment-the-white-house-rural-council
851,13568,"March 08, 2011",https://www.presidency.ucsb.edu/documents/executive-order-13568-extending-provisions-the-international-organizations-immunities-act
856,13563,"January 18, 2011",https://www.presidency.ucsb.edu/documents/executive-order-13563-improving-regulation-and-regulatory-review
858,13561,"December 22, 2010",https://www.presidency.ucsb.edu/documents/executive-order-13561-adjustments-certain-rates-pay
859,13560,"December 14, 2010",https://www.presidency.ucsb.edu/documents/executive-order-13560-white-house-council-for-community-solutions
861,13558,"November 09, 2010",https://www.presidency.ucsb.edu/documents/executive-order-13558-export-enforcement-coordination-center
875,13544,"June 10, 2010",https://www.presidency.ucsb.edu/documents/executive-order-13544-establishing-the-national-prevention-health-promotion-and-public
876,13543,"May 21, 2010",https://www.presidency.ucsb.edu/documents/executive-order-13543-national-commission-the-bp-deepwater-horizon-oil-spill-and-offshore
881,13538,"April 19, 2010",https://www.presidency.ucsb.edu/documents/executive-order-13538-establishing-the-presidents-management-advisory-board
883,13536,"April 12, 2010",https://www.presidency.ucsb.edu/documents/executive-order-13536-blocking-property-certain-persons-contributing-the-conflict-somalia
884,13535,"March 24, 2010",https://www.presidency.ucsb.edu/documents/executive-order-13535-ensuring-enforcement-and-implementation-abortion-restrictions-the
885,13534,"March 11, 2010",https://www.presidency.ucsb.edu/documents/executive-order-13534-national-export-initiative
886,13533,"March 01, 2010",https://www.presidency.ucsb.edu/documents/executive-order-13533-providing-order-succession-within-the-department-defense
887,13532,"February 26, 2010",https://www.presidency.ucsb.edu/documents/executive-order-13532-promoting-excellence-innovation-and-sustainability-historically
888,13531,"February 18, 2010",https://www.presidency.ucsb.edu/documents/executive-order-13531-national-commission-fiscal-responsibility-and-reform
889,13530,"January 29, 2010",https://www.presidency.ucsb.edu/documents/executive-order-13530-presidents-advisory-council-financial-capability
890,13529,"January 16, 2010",https://www.presidency.ucsb.edu/documents/executive-order-13529-ordering-the-selected-reserve-and-certain-individual-ready-reserve
891,13528,"January 11, 2010",https://www.presidency.ucsb.edu/documents/executive-order-13528-establishment-the-council-governors
892,13527,"December 30, 2009",https://www.presidency.ucsb.edu/documents/executive-order-13527-establishing-federal-capability-for-the-timely-provision-medical
893,13526,"December 29, 2009",https://www.presidency.ucsb.edu/documents/executive-order-13526-classified-national-security-information
897,13522,"December 09, 2009",https://www.presidency.ucsb.edu/documents/executive-order-13522-creating-labor-management-forums-improve-delivery-government
899,13520,"November 20, 2009",https://www.presidency.ucsb.edu/documents/executive-order-13520-reducing-improper-payments
901,13518,"November 09, 2009",https://www.presidency.ucsb.edu/documents/executive-order-13518-employment-veterans-the-federal-government
909,13510,"July 01, 2009",https://www.presidency.ucsb.edu/documents/executive-order-13510-waiver-under-the-trade-act-1974-with-respect-the-republic-belarus
910,13509,"June 23, 2009",https://www.presidency.ucsb.edu/documents/executive-order-13509-establishing-white-house-council-automotive-communities-and-workers
911,13508,"May 12, 2009",https://www.presidency.ucsb.edu/documents/executive-order-13508-chesapeake-bay-protection-and-restoration
912,13507,"April 08, 2009",https://www.presidency.ucsb.edu/documents/executive-order-13507-establishment-the-white-house-office-health-reform
913,13506,"March 11, 2009",https://www.presidency.ucsb.edu/documents/executive-order-13506-establishing-white-house-council-women-and-girls
917,13501,"February 06, 2009",https://www.presidency.ucsb.edu/documents/executive-order-13501-establishing-the-presidents-economic-recovery-advisory-board
922,13494,"January 30, 2009",https://www.presidency.ucsb.edu/documents/executive-order-13494-economy-government-contracting
926,13493,"January 22, 2009",https://www.presidency.ucsb.edu/documents/executive-order-13493-review-detention-policy-options
927,13492,"January 22, 2009",https://www.presidency.ucsb.edu/documents/executive-order-13492-review-and-disposition-individuals-detained-the-guantanamo-bay-naval
930,13490,"January 21, 2009",https://www.presidency.ucsb.edu/documents/executive-order-13490-ethics-commitments-executive-branch-personnel
932,13487,"January 16, 2009",https://www.presidency.ucsb.edu/documents/executive-order-13487-establishment-temporary-organization-facilitate-united-states
933,13486,"January 09, 2009",https://www.presidency.ucsb.edu/documents/executive-order-13486-strengthening-laboratory-biosecurity-the-united-states
934,13485,"January 09, 2009",https://www.presidency.ucsb.edu/documents/executive-order-13485-providing-order-succession-within-the-department-transportation
938,13481,"December 09, 2008",https://www.presidency.ucsb.edu/documents/executive-order-13481-providing-order-succession-within-the-department-justice
941,13478,"November 18, 2008",https://www.presidency.ucsb.edu/documents/executive-order-13478-amendments-executive-order-9397-relating-federal-agency-use-social
942,13477,"October 31, 2008",https://www.presidency.ucsb.edu/documents/executive-order-13477-settlement-claims-against-libya
944,13475,"October 07, 2008",https://www.presidency.ucsb.edu/documents/executive-order-13475-further-amendments-executive-orders-12139-and-12949-light-the
953,13466,"June 26, 2008",https://www.presidency.ucsb.edu/documents/executive-order-13466-continuing-certain-restrictions-with-respect-north-korea-and-north
960,13459,"February 07, 2008",https://www.presidency.ucsb.edu/documents/executive-order-13459-improving-the-coordination-and-effectiveness-youth-programs
961,13458,"February 04, 2008",https://www.presidency.ucsb.edu/documents/executive-order-13458-implementation-the-protocol-additional-the-agreement-between-the
962,13457,"January 29, 2008",https://www.presidency.ucsb.edu/documents/executive-order-13457-protecting-american-taxpayers-from-government-spending-wasteful
964,13455,"January 22, 2008",https://www.presidency.ucsb.edu/documents/executive-order-13455-establishing-the-presidents-advisory-council-financial-literacy
970,13449,"October 20, 2007",https://www.presidency.ucsb.edu/documents/executive-order-13449-protection-striped-bass-and-red-drum-fish-populations
979,13440,"July 20, 2007",https://www.presidency.ucsb.edu/documents/executive-order-13440-interpretation-the-geneva-conventions-common-article-3-applied
980,13439,"July 18, 2007",https://www.presidency.ucsb.edu/documents/executive-order-13439-establishing-interagency-working-group-import-safety
983,13437,"June 28, 2007",https://www.presidency.ucsb.edu/documents/executive-order-13437-waiver-under-the-trade-act-1974-with-respect-turkmenistan
984,13435,"June 20, 2007",https://www.presidency.ucsb.edu/documents/executive-order-13435-expanding-approved-stem-cell-lines-ethically-responsible-ways
985,13434,"May 17, 2007",https://www.presidency.ucsb.edu/documents/executive-order-13434-national-security-professional-development
986,13433,"May 16, 2007",https://www.presidency.ucsb.edu/documents/executive-order-13433-protecting-american-taxpayers-from-payment-contingency-fees
988,13431,"May 08, 2007",https://www.presidency.ucsb.edu/documents/executive-order-13431-establishment-temporary-organization-facilitate-united-states
992,13427,"March 07, 2007",https://www.presidency.ucsb.edu/documents/executive-order-13427-extending-privileges-and-immunities-the-permanent-observer-mission
993,13426,"March 06, 2007",https://www.presidency.ucsb.edu/documents/executive-order-13426-establishing-commission-care-for-americas-returning-wounded-warriors
994,13425,"February 14, 2007",https://www.presidency.ucsb.edu/documents/executive-order-13425-trial-alien-unlawful-enemy-combatants-military-commission
997,13422,"January 18, 2007",https://www.presidency.ucsb.edu/documents/executive-order-13422-further-amendment-executive-order-12866-regulatory-planning-and
1001,13418,"December 14, 2006",https://www.presidency.ucsb.edu/documents/executive-order-13418-amendment-executive-order-13317-volunteers-for-prosperity
1002,13417,"December 06, 2006",https://www.presidency.ucsb.edu/documents/executive-order-13417-establishing-emergency-board-investigate-disputes-between-metro
1003,13416,"December 05, 2006",https://www.presidency.ucsb.edu/documents/executive-order-13416-strengthening-surface-transportation-security
1006,13413,"October 27, 2006",https://www.presidency.ucsb.edu/documents/executive-order-13413-blocking-property-certain-persons-contributing-the-conflict-the
1008,13411,"August 29, 2006",https://www.presidency.ucsb.edu/documents/executive-order-13411-improving-assistance-for-disaster-victims
1014,13405,"June 16, 2006",https://www.presidency.ucsb.edu/documents/executive-order-13405-blocking-property-certain-persons-undermining-democratic-processes
1015,13404,"June 07, 2006",https://www.presidency.ucsb.edu/documents/executive-order-13404-task-force-new-americans
1017,13402,"May 10, 2006",https://www.presidency.ucsb.edu/documents/executive-order-13402-strengthening-federal-efforts-protect-against-identity-theft
1023,13396,"February 07, 2006",https://www.presidency.ucsb.edu/documents/executive-order-13396-blocking-property-certain-persons-contributing-the-conflict-cote
1026,13393,"December 22, 2005",https://www.presidency.ucsb.edu/documents/executive-order-13393-adjustments-certain-rates-pay
1027,13392,"December 14, 2005",https://www.presidency.ucsb.edu/documents/executive-order-13392-improving-agency-disclosure-information
1028,13391,"November 22, 2005",https://www.presidency.ucsb.edu/documents/executive-order-13391-blocking-property-additional-persons-undermining-democratic
1029,13389,"November 01, 2005",https://www.presidency.ucsb.edu/documents/executive-order-13389-creation-the-gulf-coast-recovery-and-rebuilding-council
1030,13390,"November 01, 2005",https://www.presidency.ucsb.edu/documents/executive-order-13390-establishment-coordinator-federal-support-for-the-recovery-and
1035,13384,"July 27, 2005",https://www.presidency.ucsb.edu/documents/executive-order-13384-assignment-functions-relating-original-appointments-commissioned
1036,13383,"July 15, 2005",https://www.presidency.ucsb.edu/documents/executive-order-13383-amending-executive-orders-12139-and-12949-light-establishment-the
1040,13379,"June 16, 2005",https://www.presidency.ucsb.edu/documents/executive-order-13379-amendment-executive-order-13369-relating-the-presidents-advisory
1049,13370,"January 13, 2005",https://www.presidency.ucsb.edu/documents/executive-order-13370-providing-order-succession-the-office-management-and-budget
1052,13367,"December 21, 2004",https://www.presidency.ucsb.edu/documents/executive-order-13367-united-states-mexico-border-health-commission
1056,13363,"November 29, 2004",https://www.presidency.ucsb.edu/documents/executive-order-13363-establishing-the-afghanistan-and-iraq-campaign-medals
1058,13361,"November 16, 2004",https://www.presidency.ucsb.edu/documents/executive-order-13361-assignment-functions-under-the-united-states-leadership-against
1059,13360,"October 20, 2004",https://www.presidency.ucsb.edu/documents/executive-order-13360-providing-opportunities-for-service-disabled-veteran-businesses
1061,13358,"September 28, 2004",https://www.presidency.ucsb.edu/documents/executive-order-13358-assignment-functions-relating-certain-appointments-promotions-and
1063,13353,"August 27, 2004",https://www.presidency.ucsb.edu/documents/executive-order-13353-establishing-the-presidents-board-safeguarding-americans-civil
1071,13348,"July 22, 2004",https://www.presidency.ucsb.edu/documents/executive-order-13348-blocking-property-certain-persons-and-prohibiting-the-importation
1077,13342,"June 01, 2004",https://www.presidency.ucsb.edu/documents/executive-order-13342-responsibilities-the-departments-commerce-and-veterans-affairs-and
1079,13340,"May 18, 2004",https://www.presidency.ucsb.edu/documents/executive-order-13340-establishment-great-lakes-interagency-task-force-and-promotion
1080,13339,"May 13, 2004",https://www.presidency.ucsb.edu/documents/executive-order-13339-increasing-economic-opportunity-and-business-participation-asian
1083,13336,"April 30, 2004",https://www.presidency.ucsb.edu/documents/executive-order-13336-american-indian-and-alaska-native-education
1084,13335,"April 27, 2004",https://www.presidency.ucsb.edu/documents/executive-order-13335-incentives-for-the-use-health-information-technology-and
1085,13334,"April 10, 2004",https://www.presidency.ucsb.edu/documents/executive-order-13334-establishing-emergency-board-investigate-dispute-between-the
1088,13331,"February 27, 2004",https://www.presidency.ucsb.edu/documents/executive-order-13331-national-and-community-service-programs
1089,13330,"February 24, 2004",https://www.presidency.ucsb.edu/documents/executive-order-13330-human-service-transportation-coordination
1096,13323,"December 30, 2003",https://www.presidency.ucsb.edu/documents/executive-order-13323-assignment-functions-relating-arrivals-and-departures-from-the
1098,13321,"December 17, 2003",https://www.presidency.ucsb.edu/documents/executive-order-13321-appointments-during-national-emergency
1100,13319,"December 03, 2003",https://www.presidency.ucsb.edu/documents/executive-order-13319-amendment-executive-order-13183-establishment-the-presidents-task
1104,13315,"August 28, 2003",https://www.presidency.ucsb.edu/documents/executive-order-13315-blocking-property-the-former-iraqi-regime-its-senior-officials-and
1105,13314,"August 08, 2003",https://www.presidency.ucsb.edu/documents/executive-order-13314-waiver-under-the-trade-act-1974-with-respect-turkmenistan
1109,13310,"July 28, 2003",https://www.presidency.ucsb.edu/documents/executive-order-13310-blocking-property-the-government-burma-and-prohibiting-certain
1112,13307,"May 29, 2003",https://www.presidency.ucsb.edu/documents/executive-order-13307-european-central-bank
1113,13306,"May 28, 2003",https://www.presidency.ucsb.edu/documents/executive-order-13306-establishing-the-bob-hope-american-patriot-award
1119,13300,"May 09, 2003",https://www.presidency.ucsb.edu/documents/executive-order-13300-facilitating-the-administration-justice-the-federal-courts
1120,13299,"May 08, 2003",https://www.presidency.ucsb.edu/documents/executive-order-13299-interagency-group-insular-areas
1132,13287,"March 03, 2003",https://www.presidency.ucsb.edu/documents/executive-order-13287-preserve-america
1134,13285,"January 29, 2003",https://www.presidency.ucsb.edu/documents/executive-order-13285-presidents-council-service-and-civic-participation
1140,13280,"December 12, 2002",https://www.presidency.ucsb.edu/documents/executive-order-13280-responsibilities-the-department-agriculture-and-the-agency-for
1143,13276,"November 15, 2002",https://www.presidency.ucsb.edu/documents/executive-order-13276-delegation-responsibilities-concerning-undocumented-aliens
1144,13275,"October 07, 2002",https://www.presidency.ucsb.edu/documents/executive-order-13275-creating-board-inquiry-report-certain-labor-disputes-affecting-the
1145,13274,"September 18, 2002",https://www.presidency.ucsb.edu/documents/executive-order-13274-environmental-stewardship-and-transportation-infrastructure-project
1147,13272,"August 13, 2002",https://www.presidency.ucsb.edu/documents/executive-order-13272-proper-consideration-small-entities-agency-rulemaking
1148,13271,"July 09, 2002",https://www.presidency.ucsb.edu/documents/executive-order-13271-establishment-the-corporate-fraud-task-force
1150,13269,"July 03, 2002",https://www.presidency.ucsb.edu/documents/executive-order-13269-expedited-naturalization-aliens-and-noncitizen-nationals-serving
1152,13266,"June 20, 2002",https://www.presidency.ucsb.edu/documents/executive-order-13266-activities-promote-personal-fitness
1153,13267,"June 20, 2002",https://www.presidency.ucsb.edu/documents/executive-order-13267-establishing-transition-planning-office-for-the-department-homeland
1154,13265,"June 06, 2002",https://www.presidency.ucsb.edu/documents/executive-order-13265-presidents-council-physical-fitness-and-sports
1156,13263,"April 29, 2002",https://www.presidency.ucsb.edu/documents/executive-order-13263-presidents-new-freedom-commission-mental-health
1159,13260,"March 19, 2002",https://www.presidency.ucsb.edu/documents/executive-order-13260-establishing-the-presidents-homeland-security-advisory-council-and
1160,13259,"March 19, 2002",https://www.presidency.ucsb.edu/documents/executive-order-13259-designation-public-international-organizations-for-purposes-the
1161,13258,"February 26, 2002",https://www.presidency.ucsb.edu/documents/executive-order-13258-amending-executive-order-12866-regulatory-planning-and-review
1165,13254,"January 29, 2002",https://www.presidency.ucsb.edu/documents/executive-order-13254-establishing-the-usa-freedom-corps
1170,13250,"December 28, 2001",https://www.presidency.ucsb.edu/documents/executive-order-13250-providing-order-succession-within-the-department-health-and-human
1171,13248,"December 20, 2001",https://www.presidency.ucsb.edu/documents/executive-order-13248-establishing-emergency-board-investigate-dispute-between-united
1175,13247,"December 18, 2001",https://www.presidency.ucsb.edu/documents/executive-order-13247-providing-order-succession-within-the-department-veterans-affairs
1176,13243,"December 18, 2001",https://www.presidency.ucsb.edu/documents/executive-order-13243-providing-order-succession-within-the-department-housing-and-urban
1177,13240,"December 18, 2001",https://www.presidency.ucsb.edu/documents/executive-order-13240-council-europe-respect-the-group-states-against-corruption
1180,13239,"December 12, 2001",https://www.presidency.ucsb.edu/documents/executive-order-13239-designation-afghanistan-and-the-airspace-above-combat-zone
1182,13237,"November 28, 2001",https://www.presidency.ucsb.edu/documents/executive-order-13237-creation-the-presidents-council-bioethics
1183,13236,"November 27, 2001",https://www.presidency.ucsb.edu/documents/executive-order-13236-waiver-dual-compensation-provisions-the-central-intelligence-agency
1184,13235,"November 16, 2001",https://www.presidency.ucsb.edu/documents/executive-order-13235-national-emergency-construction-authority
1185,13234,"November 09, 2001",https://www.presidency.ucsb.edu/documents/executive-order-13234-presidential-task-force-citizen-preparedness-the-war-terrorism
1186,13233,"November 01, 2001",https://www.presidency.ucsb.edu/documents/executive-order-13233-further-implementation-the-presidential-records-act
1189,13230,"October 12, 2001",https://www.presidency.ucsb.edu/documents/executive-order-13230-presidents-advisory-commission-educational-excellence-for-hispanic
1192,13227,"October 02, 2001",https://www.presidency.ucsb.edu/documents/executive-order-13227-presidents-commission-excellence-special-education
1195,13224,"September 23, 2001",https://www.presidency.ucsb.edu/documents/executive-order-13224-blocking-property-and-prohibiting-transactions-with-persons-who
1196,13223,"September 14, 2001",https://www.presidency.ucsb.edu/documents/executive-order-13223-ordering-the-ready-reserve-the-armed-forces-active-duty-and
1198,13221,"July 31, 2001",https://www.presidency.ucsb.edu/documents/executive-order-13221-energy-efficient-standby-power-devices
1199,13220,"July 02, 2001",https://www.presidency.ucsb.edu/documents/executive-order-13220-waiver-under-the-trade-act-1974-with-respect-the-republic-belarus
1200,13219,"June 26, 2001",https://www.presidency.ucsb.edu/documents/executive-order-13219-blocking-property-persons-who-threaten-international-stabilization
1202,13217,"June 18, 2001",https://www.presidency.ucsb.edu/documents/executive-order-13217-community-based-alternatives-for-individuals-with-disabilities
1205,13214,"May 28, 2001",https://www.presidency.ucsb.edu/documents/executive-order-13214-presidents-task-force-improve-health-care-delivery-for-our-nations
1207,13211,"May 18, 2001",https://www.presidency.ucsb.edu/documents/executive-order-13211-actions-concerning-regulations-that-significantly-affect-energy
1208,13212,"May 18, 2001",https://www.presidency.ucsb.edu/documents/executive-order-13212-actions-expedite-energy-related-projects
1209,13210,"May 02, 2001",https://www.presidency.ucsb.edu/documents/executive-order-13210-presidents-commission-strengthen-social-security
1210,13209,"April 30, 2001",https://www.presidency.ucsb.edu/documents/executive-order-13209-amendment-executive-order-13183-establishment-the-presidents-task
1214,13205,"March 09, 2001",https://www.presidency.ucsb.edu/documents/executive-order-13205-establishing-emergency-board-investigate-dispute-between-northwest
1220,13199,"January 29, 2001",https://www.presidency.ucsb.edu/documents/executive-order-13199-establishment-white-house-office-faith-based-and-community
1221,13198,"January 29, 2001",https://www.presidency.ucsb.edu/documents/executive-order-13198-agency-responsibilities-with-respect-faith-based-and-community
1222,13197,"January 18, 2001",https://www.presidency.ucsb.edu/documents/executive-order-13197-governmentwide-accountability-for-merit-system-principles-workforce
1223,13195,"January 18, 2001",https://www.presidency.ucsb.edu/documents/executive-order-13195-trails-for-america-the-21st-century
1224,13194,"January 18, 2001",https://www.presidency.ucsb.edu/documents/executive-order-13194-prohibiting-the-importation-rough-diamonds-from-sierra-leone
1226,13193,"January 18, 2001",https://www.presidency.ucsb.edu/documents/executive-order-13193-federal-leadership-global-tobacco-control-and-prevention
1227,13191,"January 17, 2001",https://www.presidency.ucsb.edu/documents/executive-order-13191-implementation-the-african-growth-and-opportunity-act-and-the-united
1229,13190,"January 15, 2001",https://www.presidency.ucsb.edu/documents/executive-order-13190-presidents-commission-educational-resource-equity
1230,13189,"January 15, 2001",https://www.presidency.ucsb.edu/documents/executive-order-13189-federal-interagency-task-force-the-district-columbia
1233,13186,"January 10, 2001",https://www.presidency.ucsb.edu/documents/executive-order-13186-responsibilities-federal-agencies-protect-migratory-birds
1234,13185,"December 28, 2000",https://www.presidency.ucsb.edu/documents/executive-order-13185-strengthen-the-federal-government-university-research-partnership
1235,13184,"December 28, 2000",https://www.presidency.ucsb.edu/documents/executive-order-13184-revocation-executive-order-12834
1240,13180,"December 07, 2000",https://www.presidency.ucsb.edu/documents/executive-order-13180-air-traffic-performance-based-organization
1242,13177,"December 04, 2000",https://www.presidency.ucsb.edu/documents/executive-order-13177-national-commission-the-use-offsets-defense-trade-and-presidents
1245,13174,"October 27, 2000",https://www.presidency.ucsb.edu/documents/executive-order-13174-commission-workers-communities-and-economic-change-the-new-economy
1247,13173,"October 25, 2000",https://www.presidency.ucsb.edu/documents/executive-order-13173-interagency-task-force-the-economic-development-the-central-san
1248,13171,"October 12, 2000",https://www.presidency.ucsb.edu/documents/executive-order-13171-hispanic-employment-the-federal-government
1250,13169,"October 06, 2000",https://www.presidency.ucsb.edu/documents/executive-order-13169-assistance-small-business-exporters-and-dislocated-workers
1253,13166,"August 11, 2000",https://www.presidency.ucsb.edu/documents/executive-order-13166-improving-access-services-for-persons-with-limited-english
1254,13165,"August 09, 2000",https://www.presidency.ucsb.edu/documents/executive-order-13165-creation-the-white-house-task-force-drug-use-sports-and
1255,13164,"July 26, 2000",https://www.presidency.ucsb.edu/documents/executive-order-13164-requiring-federal-agencies-establish-procedures-tofacilitate-the
1256,13163,"July 26, 2000",https://www.presidency.ucsb.edu/documents/executive-order-13163-increasing-the-opportunity-for-individuals-with-disabilities-be
1257,13162,"July 06, 2000",https://www.presidency.ucsb.edu/documents/executive-order-13162-federal-career-intern-program
1258,13161,"June 29, 2000",https://www.presidency.ucsb.edu/documents/executive-order-13161-establishment-the-presidential-medal-valor-for-public-safety
1259,13160,"June 23, 2000",https://www.presidency.ucsb.edu/documents/executive-order-13160-nondiscrimination-the-basis-race-sex-color-national-origin
1260,13159,"June 21, 2000",https://www.presidency.ucsb.edu/documents/executive-order-13159-blocking-property-the-government-the-russian-federation-relating-the
1261,13158,"May 26, 2000",https://www.presidency.ucsb.edu/documents/executive-order-13158-marine-protected-areas
1262,13157,"May 23, 2000",https://www.presidency.ucsb.edu/documents/executive-order-13157-increasing-opportunities-for-women-owned-small-businesses
1264,13155,"May 10, 2000",https://www.presidency.ucsb.edu/documents/executive-order-13155-access-hivaids-pharmaceuticals-and-medicaltechnologies
1268,13151,"April 27, 2000",https://www.presidency.ucsb.edu/documents/executive-order-13151-global-disaster-information-network
1269,13150,"April 21, 2000",https://www.presidency.ucsb.edu/documents/executive-order-13150-federal-workforce-transportation
1272,13147,"March 07, 2000",https://www.presidency.ucsb.edu/documents/executive-order-13147-white-house-commission-complementary-and-alternative-medicine-policy
1273,13146,"February 29, 2000",https://www.presidency.ucsb.edu/documents/executive-order-13146-presidents-council-the-future-princeville-north-carolina
1274,13145,"February 08, 2000",https://www.presidency.ucsb.edu/documents/executive-order-13145-prohibit-discrimination-federal-employment-based-genetic-information
1280,13139,"September 30, 1999",https://www.presidency.ucsb.edu/documents/executive-order-13139-improving-health-protection-military-personnel-participating
1286,13133,"August 05, 1999",https://www.presidency.ucsb.edu/documents/executive-order-13133-working-group-unlawful-conduct-the-internet
1288,13131,"July 22, 1999",https://www.presidency.ucsb.edu/documents/executive-order-13131-further-amendments-executive-order-12757-implementation-the
1290,13129,"July 04, 1999",https://www.presidency.ucsb.edu/documents/executive-order-13129-blocking-property-and-prohibiting-transactions-with-the-taliban
1293,13126,"June 12, 1999",https://www.presidency.ucsb.edu/documents/executive-order-13126-prohibition-acquisition-products-produced-forced-or-indentured-child
1294,13125,"June 07, 1999",https://www.presidency.ucsb.edu/documents/executive-order-13125-increasing-participation-asian-americans-and-pacific-islanders
1295,13124,"June 04, 1999",https://www.presidency.ucsb.edu/documents/executive-order-13124-amending-the-civil-service-rules-relating-federal-employees-with
1300,13119,"April 13, 1999",https://www.presidency.ucsb.edu/documents/executive-order-13119-designation-federal-republic-yugoslavia-serbiamontenegro-albania-the
1301,13116,"March 31, 1999",https://www.presidency.ucsb.edu/documents/executive-order-13116-identification-trade-expansion-priorities-and-discriminatory
1309,13110,"January 11, 1999",https://www.presidency.ucsb.edu/documents/executive-order-13110-nazi-war-criminal-records-interagency-working-group
1311,13108,"December 11, 1998",https://www.presidency.ucsb.edu/documents/executive-order-13108-further-amendment-executive-order-13037-commission-study-capital
1312,13107,"December 10, 1998",https://www.presidency.ucsb.edu/documents/executive-order-13107-implementation-human-rights-treaties
1314,13105,"November 02, 1998",https://www.presidency.ucsb.edu/documents/executive-order-13105-open-enrollment-season-for-participants-the-foreign-service
1318,13101,"September 14, 1998",https://www.presidency.ucsb.edu/documents/executive-order-13101-greening-the-government-through-waste-prevention-recycling-and
1328,13090,"June 29, 1998",https://www.presidency.ucsb.edu/documents/executive-order-13090-presidents-commission-the-celebration-women-american-history
1329,13091,"June 29, 1998",https://www.presidency.ucsb.edu/documents/executive-order-13091-administration-arms-export-controls-and-foreign-assistance
1330,13089,"June 11, 1998",https://www.presidency.ucsb.edu/documents/executive-order-13089-coral-reef-protection
1331,13088,"June 09, 1998",https://www.presidency.ucsb.edu/documents/executive-order-13088-blocking-property-the-governments-the-federal-republic-yugoslavia
1339,13079,"April 07, 1998",https://www.presidency.ucsb.edu/documents/executive-order-13079-waiver-under-the-trade-act-1974-with-respect-vietnam
1340,13080,"April 07, 1998",https://www.presidency.ucsb.edu/documents/executive-order-13080-american-heritage-rivers-initiative-advisory-committee
1341,13078,"March 13, 1998",https://www.presidency.ucsb.edu/documents/executive-order-13078-increasing-employment-adults-with-disabilities
1343,13076,"February 24, 1998",https://www.presidency.ucsb.edu/documents/executive-order-13076-ordering-the-selected-reserve-the-armed-forces-active-duty
1344,13075,"February 19, 1998",https://www.presidency.ucsb.edu/documents/executive-order-13075-special-oversight-board-for-department-defense-investigations-gulf
1346,13073,"February 04, 1998",https://www.presidency.ucsb.edu/documents/executive-order-13073-year-2000-conversion
1347,13072,"February 02, 1998",https://www.presidency.ucsb.edu/documents/executive-order-13072-white-house-millennium-council
1352,13067,"November 03, 1997",https://www.presidency.ucsb.edu/documents/executive-order-13067-blocking-sudanese-government-property-and-prohibiting-transactions
1356,13063,"September 30, 1997",https://www.presidency.ucsb.edu/documents/executive-order-13063-level-v-the-executive-schedule-removal-the-executive-director
1359,13060,"August 21, 1997",https://www.presidency.ucsb.edu/documents/executive-order-13060-establishing-emergency-board-investigate-disputes-between-amtrak-and
1364,13055,"July 15, 1997",https://www.presidency.ucsb.edu/documents/executive-order-13055-coordination-united-states-government-international-exchanges-and
1365,13054,"July 07, 1997",https://www.presidency.ucsb.edu/documents/executive-order-13054-eligibility-certain-overseas-employees-for-noncompetitive
1366,13052,"June 30, 1997",https://www.presidency.ucsb.edu/documents/executive-order-13052-hong-kong-economic-and-trade-offices
1368,13051,"June 24, 1997",https://www.presidency.ucsb.edu/documents/executive-order-13051-internal-revenue-service-management-board
1369,13050,"June 13, 1997",https://www.presidency.ucsb.edu/documents/executive-order-13050-presidents-advisory-board-race
1370,13049,"June 11, 1997",https://www.presidency.ucsb.edu/documents/executive-order-13049-organization-for-the-prohibition-chemical-weapons
1376,13043,"April 16, 1997",https://www.presidency.ucsb.edu/documents/executive-order-13043-increasing-seat-belt-use-the-united-states
1377,13042,"April 09, 1997",https://www.presidency.ucsb.edu/documents/executive-order-13042-implementing-for-the-united-states-article-viii-the-agreement
1381,13038,"March 11, 1997",https://www.presidency.ucsb.edu/documents/executive-order-13038-advisory-committee-the-public-interest-obligations-digital
1384,13035,"February 11, 1997",https://www.presidency.ucsb.edu/documents/executive-order-13035-advisory-committee-high-performance-computing-and-communications
1390,13028,"December 03, 1996",https://www.presidency.ucsb.edu/documents/executive-order-13028-further-amendments-executive-order-no-12757-implementation-the
1391,13029,"December 03, 1996",https://www.presidency.ucsb.edu/documents/executive-order-13029-december-3-1996
1393,13027,"November 15, 1996",https://www.presidency.ucsb.edu/documents/executive-order-13027-establishing-emergency-board-investigate-dispute-between-the
1400,13019,"September 28, 1996",https://www.presidency.ucsb.edu/documents/executive-order-13019-supporting-families-collecting-delinquent-child-support-obligations
1402,13017,"September 05, 1996",https://www.presidency.ucsb.edu/documents/executive-order-13017-advisory-commission-consumer-protection-and-quality-the-health-care
1407,13012,"July 18, 1996",https://www.presidency.ucsb.edu/documents/executive-order-13012-establishing-emergency-board-investigate-dispute-between-the
1408,13011,"July 16, 1996",https://www.presidency.ucsb.edu/documents/executive-order-13011-federal-information-technology
1409,13010,"July 15, 1996",https://www.presidency.ucsb.edu/documents/executive-order-13010-critical-infrastructure-protection
1410,13009,"June 14, 1996",https://www.presidency.ucsb.edu/documents/executive-order-13009-amendment-executive-order-no-12963-entitled-presidential-advisory
1412,13007,"May 24, 1996",https://www.presidency.ucsb.edu/documents/executive-order-13007-indian-sacred-sites
1414,13005,"May 21, 1996",https://www.presidency.ucsb.edu/documents/executive-order-13005-empowerment-contracting
1415,13004,"May 17, 1996",https://www.presidency.ucsb.edu/documents/executive-order-13004-establishing-emergency-board-investigate-disputes-between-certain
1416,13003,"May 15, 1996",https://www.presidency.ucsb.edu/documents/executive-order-13003-establishing-emergency-board-investigate-disputes-between-certain
1418,13001,"May 08, 1996",https://www.presidency.ucsb.edu/documents/executive-order-13001-establishing-emergency-board-investigate-dispute-between-certain
1422,12997,"April 01, 1996",https://www.presidency.ucsb.edu/documents/executive-order-12997-korean-peninsula-energy-development-organization
1423,12995,"March 25, 1996",https://www.presidency.ucsb.edu/documents/executive-order-12995-amendment-executive-order-no-12873
1424,12996,"March 25, 1996",https://www.presidency.ucsb.edu/documents/executive-order-12996-management-and-general-public-use-the-national-wildlife-refuge
1427,12992,"March 15, 1996",https://www.presidency.ucsb.edu/documents/executive-order-12992-presidents-council-counter-narcotics
1430,12989,"February 13, 1996",https://www.presidency.ucsb.edu/documents/executive-order-12989-economy-and-efficiency-government-procurement-through-compliance
1432,12987,"January 31, 1996",https://www.presidency.ucsb.edu/documents/executive-order-12987-amendment-executive-order-12964
1433,12986,"January 18, 1996",https://www.presidency.ucsb.edu/documents/executive-order-12986-international-union-for-conservation-nature-and-natural-resources
1434,12985,"January 11, 1996",https://www.presidency.ucsb.edu/documents/executive-order-12985-establishing-the-armed-forces-service-medal
1437,12982,"December 08, 1995",https://www.presidency.ucsb.edu/documents/executive-order-12982-ordering-the-selected-reserve-the-armed-forces-active-duty
1440,12979,"October 25, 1995",https://www.presidency.ucsb.edu/documents/executive-order-12979-agency-procurement-protests
1441,12978,"October 21, 1995",https://www.presidency.ucsb.edu/documents/executive-order-12978-blocking-assets-and-prohibiting-transactions-with-significant
1442,12977,"October 19, 1995",https://www.presidency.ucsb.edu/documents/executive-order-12977-interagency-security-committee
1443,12976,"October 05, 1995",https://www.presidency.ucsb.edu/documents/executive-order-12976-compensation-practices-government-corporations
1444,12975,"October 03, 1995",https://www.presidency.ucsb.edu/documents/executive-order-12975-protection-human-research-subjects-and-creation-national-bioethics
1446,12973,"September 27, 1995",https://www.presidency.ucsb.edu/documents/executive-order-12973-amendment-executive-order-no-12901
1450,12969,"August 08, 1995",https://www.presidency.ucsb.edu/documents/executive-order-12969-federal-acquisition-and-community-right-know
1452,12967,"July 31, 1995",https://www.presidency.ucsb.edu/documents/executive-order-12967-establishing-emergency-board-investigate-disputes-between-metro
1453,12966,"July 14, 1995",https://www.presidency.ucsb.edu/documents/executive-order-12966-foreign-disaster-assistance
1457,12962,"June 07, 1995",https://www.presidency.ucsb.edu/documents/executive-order-12962-recreational-fisheries
1458,12961,"May 26, 1995",https://www.presidency.ucsb.edu/documents/executive-order-12961-presidential-advisory-committee-gulf-war-veterans-illnesses
1461,12958,"April 17, 1995",https://www.presidency.ucsb.edu/documents/executive-order-12958-classified-national-security-information
1462,12957,"March 15, 1995",https://www.presidency.ucsb.edu/documents/executive-order-12957-prohibiting-certain-transactions-with-respect-the-development
1463,12956,"March 13, 1995",https://www.presidency.ucsb.edu/documents/executive-order-12956-israel-united-states-binational-industrial-research-and-development
1465,12954,"March 08, 1995",https://www.presidency.ucsb.edu/documents/executive-order-12954-ensuring-the-economical-and-efficient-administration-and-completion
1466,12953,"February 27, 1995",https://www.presidency.ucsb.edu/documents/executive-order-12953-actions-required-all-executive-agencies-facilitate-payment-child
1468,12951,"February 22, 1995",https://www.presidency.ucsb.edu/documents/executive-order-12951-release-imagery-acquired-space-based-national-intelligence
1469,12950,"February 22, 1995",https://www.presidency.ucsb.edu/documents/executive-order-12950-establishing-emergency-board-investigate-dispute-between-metro-north
1474,12946,"January 20, 1995",https://www.presidency.ucsb.edu/documents/executive-order-12946-presidents-advisory-board-arms-proliferation-policy
1477,12942,"December 12, 1994",https://www.presidency.ucsb.edu/documents/executive-order-12942-addition-level-v-the-executive-schedule-commissioner-administration
1478,12941,"December 01, 1994",https://www.presidency.ucsb.edu/documents/executive-order-12941-seismic-safety-existing-federally-owned-or-leased-buildings
1483,12937,"November 10, 1994",https://www.presidency.ucsb.edu/documents/executive-order-12937-declassification-selected-records-within-the-national-archives-the
1486,12933,"October 20, 1994",https://www.presidency.ucsb.edu/documents/executive-order-12933-nondisplacement-qualified-workers-under-certain-contracts
1487,12932,"October 14, 1994",https://www.presidency.ucsb.edu/documents/executive-order-12932-termination-emergency-with-respect-haiti
1490,12929,"September 29, 1994",https://www.presidency.ucsb.edu/documents/executive-order-12929-delegation-authority-regarding-the-naval-petroleum-and-oil-shale
1491,12928,"September 16, 1994",https://www.presidency.ucsb.edu/documents/executive-order-12928-promoting-procurement-with-small-businesses-owned-and-controlled
1494,12925,"August 29, 1994",https://www.presidency.ucsb.edu/documents/executive-order-12925-establishing-emergency-board-investigate-dispute-between-the-soo
1501,12918,"May 26, 1994",https://www.presidency.ucsb.edu/documents/executive-order-12918-prohibiting-certain-transactions-with-respect-rwanda-and-delegating
1503,12916,"May 13, 1994",https://www.presidency.ucsb.edu/documents/executive-order-12916-implementation-the-border-environment-cooperation-commission-and-the
1504,12915,"May 13, 1994",https://www.presidency.ucsb.edu/documents/executive-order-12915-federal-implementation-the-north-american-agreement-environmental
1506,12913,"May 02, 1994",https://www.presidency.ucsb.edu/documents/executive-order-12913-revocation-executive-order-no-12582
1508,12911,"April 25, 1994",https://www.presidency.ucsb.edu/documents/executive-order-12911-seal-for-the-office-national-drug-control-policy
1509,12910,"April 23, 1994",https://www.presidency.ucsb.edu/documents/executive-order-12910-providing-for-the-closing-government-departments-and-agencies-april
1510,12909,"April 22, 1994",https://www.presidency.ucsb.edu/documents/executive-order-12909-order-succession-officers-act-secretary-the-air-force
1511,12908,"April 22, 1994",https://www.presidency.ucsb.edu/documents/executive-order-12908-order-succession-officers-act-secretary-the-army
1513,12906,"April 11, 1994",https://www.presidency.ucsb.edu/documents/executive-order-12906-coordinating-geographic-data-acquisition-and-access-the-national
1514,12905,"March 25, 1994",https://www.presidency.ucsb.edu/documents/executive-order-12905-trade-and-environment-policy-advisory-committee
1515,12904,"March 16, 1994",https://www.presidency.ucsb.edu/documents/executive-order-12904-commission-for-environmental-cooperation-commission-for-labor
1522,12897,"February 03, 1994",https://www.presidency.ucsb.edu/documents/executive-order-12897-garnishment-federal-employees-pay
1523,12896,"February 03, 1994",https://www.presidency.ucsb.edu/documents/executive-order-12896-amending-the-civil-service-rules-concerning-political-activity
1524,12894,"January 26, 1994",https://www.presidency.ucsb.edu/documents/executive-order-12894-north-pacific-marine-science-organization
1525,12895,"January 26, 1994",https://www.presidency.ucsb.edu/documents/executive-order-12895-north-pacific-anadromous-fish-commission
1526,12893,"January 26, 1994",https://www.presidency.ucsb.edu/documents/executive-order-12893-principles-for-federal-infrastructure-investments
1527,12892,"January 17, 1994",https://www.presidency.ucsb.edu/documents/executive-order-12892-leadership-and-coordination-fair-housing-federal-programs
1528,12891,"January 15, 1994",https://www.presidency.ucsb.edu/documents/executive-order-12891-advisory-committee-human-radiation-experiments
1535,12884,"December 01, 1993",https://www.presidency.ucsb.edu/documents/executive-order-12884-delegation-functions-under-the-freedom-support-act-and-related
1538,12881,"November 23, 1993",https://www.presidency.ucsb.edu/documents/executive-order-12881-establishment-the-national-science-and-technology-council
1539,12880,"November 16, 1993",https://www.presidency.ucsb.edu/documents/executive-order-12880-national-drug-control-program
1540,12879,"November 08, 1993",https://www.presidency.ucsb.edu/documents/executive-order-12879-order-succession-officers-act-secretary-the-navy
1541,12878,"November 05, 1993",https://www.presidency.ucsb.edu/documents/executive-order-12878-bipartisan-commission-entitlement-reform
1544,12875,"October 26, 1993",https://www.presidency.ucsb.edu/documents/executive-order-12875-enhancing-the-intergovernmental-partnership
1545,12874,"October 20, 1993",https://www.presidency.ucsb.edu/documents/executive-order-12874-establishing-emergency-board-investigate-dispute-between-the-long
1548,12871,"October 01, 1993",https://www.presidency.ucsb.edu/documents/executive-order-12871-labor-management-partnerships
1554,12865,"September 26, 1993",https://www.presidency.ucsb.edu/documents/executive-order-12865-prohibiting-certain-transactions-involving-unita
1555,12864,"September 15, 1993",https://www.presidency.ucsb.edu/documents/executive-order-12864-united-states-advisory-council-the-national-information
1557,12862,"September 11, 1993",https://www.presidency.ucsb.edu/documents/executive-order-12862-setting-customer-service-standards
1558,12861,"September 11, 1993",https://www.presidency.ucsb.edu/documents/executive-order-12861-elimination-one-half-executive-branch-internal-regulations
1560,12859,"August 16, 1993",https://www.presidency.ucsb.edu/documents/executive-order-12859-establishment-the-domestic-policy-council
1561,12857,"August 04, 1993",https://www.presidency.ucsb.edu/documents/executive-order-12857-budget-control
1562,12858,"August 04, 1993",https://www.presidency.ucsb.edu/documents/executive-order-12858-deficit-reduction-fund
1563,12856,"August 03, 1993",https://www.presidency.ucsb.edu/documents/executive-order-12856-federal-compliance-with-right-know-laws-and-pollution-prevention
1565,12854,"July 04, 1993",https://www.presidency.ucsb.edu/documents/executive-order-12854-implementation-the-cuban-democracy-act
1568,12851,"June 11, 1993",https://www.presidency.ucsb.edu/documents/executive-order-12851-administration-proliferation-sanctions-middle-east-arms-control-and
1569,12850,"May 28, 1993",https://www.presidency.ucsb.edu/documents/executive-order-12850-conditions-for-renewal-most-favored-nation-status-for-the-peoples
1570,12849,"May 25, 1993",https://www.presidency.ucsb.edu/documents/executive-order-12849-implementation-agreement-with-the-european-community-government
1571,12848,"May 19, 1993",https://www.presidency.ucsb.edu/documents/executive-order-12848-federal-plan-break-the-cycle-homelessness
1574,12843,"April 21, 1993",https://www.presidency.ucsb.edu/documents/executive-order-12843-procurement-requirements-and-policies-for-federal-agencies-for-ozone
1575,12845,"April 21, 1993",https://www.presidency.ucsb.edu/documents/executive-order-12845-requiring-agencies-purchase-energy-efficient-computer-equipment
1576,12844,"April 21, 1993",https://www.presidency.ucsb.edu/documents/executive-order-12844-federal-use-alternative-fueled-vehicles
1577,12842,"March 29, 1993",https://www.presidency.ucsb.edu/documents/executive-order-12842-international-development-law-institute
1578,12841,"March 09, 1993",https://www.presidency.ucsb.edu/documents/executive-order-12841-adjustments-levels-iv-and-v-the-executive-schedule
1580,12838,"February 10, 1993",https://www.presidency.ucsb.edu/documents/executive-order-12838-termination-and-limitation-federal-advisory-committees
1581,12837,"February 10, 1993",https://www.presidency.ucsb.edu/documents/executive-order-12837-deficit-control-and-productivity-improvement-the-administration-the
1582,12839,"February 10, 1993",https://www.presidency.ucsb.edu/documents/executive-order-12839-reduction-100000-federal-positions
1584,12835,"January 25, 1993",https://www.presidency.ucsb.edu/documents/executive-order-12835-establishment-the-national-economic-council
1589,12830,"January 09, 1993",https://www.presidency.ucsb.edu/documents/executive-order-12830-establishing-the-military-outstanding-volunteer-service-medal
1591,12828,"January 05, 1993",https://www.presidency.ucsb.edu/documents/executive-order-12828-delegation-certain-personnel-management-authorities
1592,12827,"December 30, 1992",https://www.presidency.ucsb.edu/documents/executive-order-12827-amendment-executive-order-no-12792
1598,12821,"November 16, 1992",https://www.presidency.ucsb.edu/documents/executive-order-12821-improving-mathematics-and-science-education-support-the-national
1605,12814,"September 10, 1992",https://www.presidency.ucsb.edu/documents/executive-order-12814-additions-level-iv-the-executive-schedule-for-members-the-chemical
1606,12813,"August 04, 1992",https://www.presidency.ucsb.edu/documents/executive-order-12813-presidents-commission-management-the-agency-for-international
1610,12809,"June 03, 1992",https://www.presidency.ucsb.edu/documents/executive-order-12809-waiver-under-the-trade-act-1974-with-respect-albania-azerbaijan
1611,12808,"May 30, 1992",https://www.presidency.ucsb.edu/documents/executive-order-12808-blocking-yugoslav-government-property-and-property-the-governments
1615,12804,"May 01, 1992",https://www.presidency.ucsb.edu/documents/executive-order-12804-providing-for-the-restoration-law-and-order-the-city-and-county-los
1617,12802,"April 16, 1992",https://www.presidency.ucsb.edu/documents/executive-order-12802-waiver-under-the-trade-act-1974-with-respect-the-republic-byelarus
1618,12801,"April 15, 1992",https://www.presidency.ucsb.edu/documents/executive-order-12801-barring-overflight-takeoff-and-landing-aircraft-flying-or-from-libya
1619,12800,"April 13, 1992",https://www.presidency.ucsb.edu/documents/executive-order-12800-notification-employee-rights-concerning-payment-union-dues-or-fees
1624,12795,"March 31, 1992",https://www.presidency.ucsb.edu/documents/executive-order-12795-establishing-emergency-board-investigate-dispute-between-the
1625,12794,"March 31, 1992",https://www.presidency.ucsb.edu/documents/executive-order-12794-establishing-emergency-board-investigate-disputes-between-certain
1626,12793,"March 20, 1992",https://www.presidency.ucsb.edu/documents/executive-order-12793-continuing-the-presidential-service-certificate-and-the-presidential
1627,12792,"March 12, 1992",https://www.presidency.ucsb.edu/documents/executive-order-12792-national-commission-americas-urban-families
1629,12790,"March 03, 1992",https://www.presidency.ucsb.edu/documents/executive-order-12790-amending-the-order-establishing-the-southwest-asia-service-medal
1630,12789,"February 10, 1992",https://www.presidency.ucsb.edu/documents/executive-order-12789-delegation-reporting-functions-under-the-immigration-reform-and
1635,12784,"December 19, 1991",https://www.presidency.ucsb.edu/documents/executive-order-12784-delegation-authority-regarding-the-naval-petroleum-and-oil-shale
1639,12780,"October 31, 1991",https://www.presidency.ucsb.edu/documents/executive-order-12780-federal-agency-recycling-and-the-council-federal-recycling-and
1640,12779,"October 28, 1991",https://www.presidency.ucsb.edu/documents/executive-order-12779-prohibiting-certain-transactions-with-respect-haiti
1641,12778,"October 23, 1991",https://www.presidency.ucsb.edu/documents/executive-order-12778-civil-justice-reform
1647,12772,"August 17, 1991",https://www.presidency.ucsb.edu/documents/executive-order-12772-waiver-under-the-trade-act-1974-with-respect-romania
1649,12770,"July 25, 1991",https://www.presidency.ucsb.edu/documents/executive-order-12770-metric-usage-federal-governmental-programs
1656,12763,"June 04, 1991",https://www.presidency.ucsb.edu/documents/executive-order-12763-facilitating-the-operation-the-advisory-commission-conferences-ocean
1658,12761,"May 21, 1991",https://www.presidency.ucsb.edu/documents/executive-order-12761-establishment-the-presidents-environment-and-conservation-challenge
1660,12759,"April 17, 1991",https://www.presidency.ucsb.edu/documents/executive-order-12759-federal-energy-management
1668,12750,"February 14, 1991",https://www.presidency.ucsb.edu/documents/executive-order-12750-designation-arabian-peninsula-areas-airspace-and-adjacent-waters-the
1670,12749,"February 04, 1991",https://www.presidency.ucsb.edu/documents/executive-order-12749-additions-level-iv-the-executive-schedule
1672,12747,"January 25, 1991",https://www.presidency.ucsb.edu/documents/executive-order-12747-national-nutrition-monitoring-advisory-council
1673,12746,"January 23, 1991",https://www.presidency.ucsb.edu/documents/executive-order-12746-waiver-under-the-trade-act-1974-with-respect-mongolia
1674,12745,"January 22, 1991",https://www.presidency.ucsb.edu/documents/executive-order-12745-waiver-under-the-trade-act-1974-with-respect-bulgaria
1675,12744,"January 21, 1991",https://www.presidency.ucsb.edu/documents/executive-order-12744-designation-arabian-peninsula-areas-airspace-and-adjacent-waters
1677,12742,"January 08, 1991",https://www.presidency.ucsb.edu/documents/executive-order-12742-national-security-industrial-responsiveness
1679,12740,"December 29, 1990",https://www.presidency.ucsb.edu/documents/executive-order-12740-waiver-under-the-trade-act-1974-with-respect-the-soviet-union
1681,12738,"December 14, 1990",https://www.presidency.ucsb.edu/documents/executive-order-12738-administration-foreign-assistance-and-related-functions-and-arms
1682,12737,"December 12, 1990",https://www.presidency.ucsb.edu/documents/executive-order-12737-presidents-commission-environmental-quality
1687,12732,"October 31, 1990",https://www.presidency.ucsb.edu/documents/executive-order-12732-international-fund-for-agricultural-development
1690,12729,"September 24, 1990",https://www.presidency.ucsb.edu/documents/executive-order-12729-educational-excellence-for-hispanic-americans
1691,12728,"August 22, 1990",https://www.presidency.ucsb.edu/documents/executive-order-12728-delegating-the-presidents-authority-suspend-any-provision-law
1692,12727,"August 22, 1990",https://www.presidency.ucsb.edu/documents/executive-order-12727-ordering-the-selected-reserve-the-armed-forces-active-duty
1693,12726,"August 15, 1990",https://www.presidency.ucsb.edu/documents/executive-order-12726-waiver-under-the-trade-act-1974-with-respect-the-german-democratic
1696,12722,"August 02, 1990",https://www.presidency.ucsb.edu/documents/executive-order-12722-blocking-iraqi-government-property-and-prohibiting-transactions-with
1699,12720,"July 16, 1990",https://www.presidency.ucsb.edu/documents/executive-order-12720-presidents-council-rural-america
1700,12719,"July 11, 1990",https://www.presidency.ucsb.edu/documents/executive-order-12719-presidents-commission-the-federal-appointment-process
1701,12718,"June 29, 1990",https://www.presidency.ucsb.edu/documents/executive-order-12718-presidents-advisory-commission-the-public-service
1705,12715,"May 03, 1990",https://www.presidency.ucsb.edu/documents/executive-order-12715-support-overseas-scouting-activities-for-military-dependents
1706,12713,"May 01, 1990",https://www.presidency.ucsb.edu/documents/executive-order-12713-report-required-section-502-the-automotive-products-trade-act-1965
1708,12711,"April 11, 1990",https://www.presidency.ucsb.edu/documents/executive-order-12711-policy-implementation-with-respect-nationals-the-peoples-republic
1710,12709,"April 04, 1990",https://www.presidency.ucsb.edu/documents/executive-order-12709-increasing-the-membership-the-presidents-council-physical-fitness
1716,12703,"February 20, 1990",https://www.presidency.ucsb.edu/documents/executive-order-12703-support-for-east-european-democracy-seed-program
1717,12702,"February 20, 1990",https://www.presidency.ucsb.edu/documents/executive-order-12702-waiver-under-the-trade-act-1974-with-respect-czechoslovakia
1719,12700,"January 19, 1990",https://www.presidency.ucsb.edu/documents/executive-order-12700-presidents-council-advisors-science-and-technology
1720,12699,"January 05, 1990",https://www.presidency.ucsb.edu/documents/executive-order-12699-seismic-safety-federal-and-federally-assisted-or-regulated-new
1721,12698,"December 23, 1989",https://www.presidency.ucsb.edu/documents/executive-order-12698-adjustments-certain-rates-pay-and-allowances
1723,12696,"November 13, 1989",https://www.presidency.ucsb.edu/documents/executive-order-12696-presidents-drug-advisory-council
1728,12691,"September 23, 1989",https://www.presidency.ucsb.edu/documents/executive-order-12691-presidents-advisory-committee-the-points-light-initiative-foundation
1729,12690,"September 20, 1989",https://www.presidency.ucsb.edu/documents/executive-order-12690-providing-for-the-restoration-law-and-order-the-virgin-islands
1730,12687,"August 15, 1989",https://www.presidency.ucsb.edu/documents/executive-order-12687-presidents-education-policy-advisory-committee
1731,12689,"August 15, 1989",https://www.presidency.ucsb.edu/documents/executive-order-12689-debarment-and-suspension
1733,12686,"August 04, 1989",https://www.presidency.ucsb.edu/documents/executive-order-12686-presidents-commission-aviation-security-and-terrorism
1734,12685,"July 28, 1989",https://www.presidency.ucsb.edu/documents/executive-order-12685-noncompetitive-conversion-personal-assistants-employees-with
1735,12684,"July 27, 1989",https://www.presidency.ucsb.edu/documents/executive-order-12684-conforming-the-central-intellegence-agency-and-civil-service
1737,12682,"July 07, 1989",https://www.presidency.ucsb.edu/documents/executive-order-12682-commission-alternative-utilization-military-facilities
1739,12680,"July 05, 1989",https://www.presidency.ucsb.edu/documents/executive-order-12680-administration-foreign-assistance-and-related-functions-and-arms
1740,12679,"June 23, 1989",https://www.presidency.ucsb.edu/documents/executive-order-12679-level-iv-the-executive-schedule
1741,12678,"April 28, 1989",https://www.presidency.ucsb.edu/documents/executive-order-12678-level-iv-the-executive-schedule
1757,12662,"December 31, 1988",https://www.presidency.ucsb.edu/documents/executive-order-12662-implementing-the-united-states-canada-free-trade-implementation-act
1759,12660,"December 16, 1988",https://www.presidency.ucsb.edu/documents/executive-order-12660-national-microgravity-research-board
1760,12659,"December 15, 1988",https://www.presidency.ucsb.edu/documents/executive-order-12659-delegation-authority-regarding-the-naval-petroleum-and-oil-shale
1762,12658,"November 18, 1988",https://www.presidency.ucsb.edu/documents/executive-order-12658-presidents-commission-catastrophic-nuclear-accidents
1765,12654,"October 07, 1988",https://www.presidency.ucsb.edu/documents/executive-order-12654-delegating-authority-provide-assistance-for-the-nicaraguan
1769,12650,"September 09, 1988",https://www.presidency.ucsb.edu/documents/executive-order-12650-establishing-emergency-board-investigate-railway-labor-dispute
1771,12648,"August 11, 1988",https://www.presidency.ucsb.edu/documents/executive-order-12648-relating-the-implementation-the-convention-the-civil-aspects
1773,12646,"July 13, 1988",https://www.presidency.ucsb.edu/documents/executive-order-12646-establishment-emergency-board-no-215-investigate-railroad-labor
1774,12645,"July 12, 1988",https://www.presidency.ucsb.edu/documents/executive-order-12645-amending-executive-order-12364-relating-the-presidential-management
1775,12644,"July 09, 1988",https://www.presidency.ucsb.edu/documents/executive-order-12644-establishment-emergency-board-no-214-investigate-railroad-labor
1778,12641,"May 20, 1988",https://www.presidency.ucsb.edu/documents/executive-order-12641-john-c-stennis-space-center
1784,12635,"April 08, 1988",https://www.presidency.ucsb.edu/documents/executive-order-12635-prohibiting-certain-transactions-with-respect-panama
1785,12634,"April 01, 1988",https://www.presidency.ucsb.edu/documents/executive-order-12634-delegating-authority-provide-assistance-and-support-for-peace
1788,12631,"March 18, 1988",https://www.presidency.ucsb.edu/documents/executive-order-12631-working-group-financial-markets
1789,12630,"March 16, 1988",https://www.presidency.ucsb.edu/documents/executive-order-12630-governmental-actions-and-interference-with-constitutionally
1791,12628,"March 08, 1988",https://www.presidency.ucsb.edu/documents/executive-order-12628-united-nations-industrial-development-organization
1792,12627,"February 29, 1988",https://www.presidency.ucsb.edu/documents/executive-order-12627-amending-the-presidents-commission-privatization
1793,12626,"February 25, 1988",https://www.presidency.ucsb.edu/documents/executive-order-12626-national-defense-stockpile-manager
1795,12623,"January 06, 1988",https://www.presidency.ucsb.edu/documents/executive-order-12623-delegating-authority-implement-assistance-the-nicaraguan-democratic
1799,12620,"December 24, 1987",https://www.presidency.ucsb.edu/documents/executive-order-12620-delegation-authority-with-respect-the-administration-justice-program
1801,12618,"December 22, 1987",https://www.presidency.ucsb.edu/documents/executive-order-12618-uniform-treatment-federally-funded-inventions
1804,12615,"November 19, 1987",https://www.presidency.ucsb.edu/documents/executive-order-12615-performance-commercial-activities
1805,12614,"November 05, 1987",https://www.presidency.ucsb.edu/documents/executive-order-12614-presidential-task-force-market-mechanisms
1806,12613,"October 29, 1987",https://www.presidency.ucsb.edu/documents/executive-order-12613-prohibiting-imports-from-iran
1807,12612,"October 26, 1987",https://www.presidency.ucsb.edu/documents/executive-order-12612-federalism
1810,12609,"September 23, 1987",https://www.presidency.ucsb.edu/documents/executive-order-12609-presidents-commission-compensation-career-federal-executives
1812,12606,"September 02, 1987",https://www.presidency.ucsb.edu/documents/executive-order-12606-the-family
1818,12601,"June 24, 1987",https://www.presidency.ucsb.edu/documents/executive-order-12601-presidential-commission-the-human-immunodeficiency-virus-epidemic
1819,12600,"June 23, 1987",https://www.presidency.ucsb.edu/documents/executive-order-12600-predisclosure-notification-procedures-for-confidential-commercial
1820,12599,"June 23, 1987",https://www.presidency.ucsb.edu/documents/executive-order-12599-coordination-economic-policies-for-sub-saharan-africa
1824,12595,"May 05, 1987",https://www.presidency.ucsb.edu/documents/executive-order-12595-white-house-conference-for-drug-free-america
1825,12594,"April 28, 1987",https://www.presidency.ucsb.edu/documents/executive-order-12594-presidents-volunteer-action-award
1830,12589,"March 18, 1987",https://www.presidency.ucsb.edu/documents/executive-order-12589-transfer-annual-and-sick-leave-federal-employees
1831,12588,"March 18, 1987",https://www.presidency.ucsb.edu/documents/executive-order-12588-haitian-assets-title-dispute
1840,12579,"December 31, 1986",https://www.presidency.ucsb.edu/documents/executive-order-12579-presidents-advisory-committee-mediation-and-conciliation
1843,12576,"December 02, 1986",https://www.presidency.ucsb.edu/documents/executive-order-12576-victims-terrorism-compensation
1844,12575,"December 01, 1986",https://www.presidency.ucsb.edu/documents/executive-order-12575-presidents-special-review-board
1847,12572,"November 03, 1986",https://www.presidency.ucsb.edu/documents/executive-order-12572-relations-with-the-northern-mariana-islands
1848,12571,"October 27, 1986",https://www.presidency.ucsb.edu/documents/executive-order-12571-implementation-the-comprehensive-anti-apartheid-act
1849,12570,"October 24, 1986",https://www.presidency.ucsb.edu/documents/executive-order-12570-delegating-authority-implement-assistance-for-central-american
1859,12560,"May 24, 1986",https://www.presidency.ucsb.edu/documents/executive-order-12560-administration-foreign-relations-and-related-functions
1861,12557,"May 16, 1986",https://www.presidency.ucsb.edu/documents/executive-order-12557-establishment-emergency-board-no-209-investigate-railroad-labor
1862,12558,"May 16, 1986",https://www.presidency.ucsb.edu/documents/executive-order-12558-establishing-emergency-board-investigate-dispute-between-the-long
1863,12556,"April 16, 1986",https://www.presidency.ucsb.edu/documents/executive-order-12556-mailing-privileges-members-armed-forces-the-united-states-and
1864,12555,"March 10, 1986",https://www.presidency.ucsb.edu/documents/executive-order-12555-protection-cultural-property
1873,12546,"February 03, 1986",https://www.presidency.ucsb.edu/documents/executive-order-12546-presidential-commission-the-space-shuttle-challenger-accident
1876,12543,"January 07, 1986",https://www.presidency.ucsb.edu/documents/executive-order-12543-prohibiting-trade-and-certain-transactions-involving-libya
1877,12542,"December 30, 1985",https://www.presidency.ucsb.edu/documents/executive-order-12542-presidents-blue-ribbon-commission-defense-management
1880,12539,"December 03, 1985",https://www.presidency.ucsb.edu/documents/executive-order-12539-presidents-council-physical-fitness-and-sports
1881,12538,"November 15, 1985",https://www.presidency.ucsb.edu/documents/executive-order-12538-imports-refined-petroleum-products-from-libya
1882,12537,"October 28, 1985",https://www.presidency.ucsb.edu/documents/executive-order-12537-presidents-foreign-intelligence-advisory-board
1885,12533,"September 30, 1985",https://www.presidency.ucsb.edu/documents/executive-order-12533-presidents-advisory-committee-mediation-and-conciliation
1887,12532,"September 09, 1985",https://www.presidency.ucsb.edu/documents/executive-order-12532-prohibiting-trade-and-certain-other-transactions-involving-south
1888,12531,"August 30, 1985",https://www.presidency.ucsb.edu/documents/executive-order-12531-establishing-emergency-board-investigate-dispute-between-the-united
1890,12529,"August 14, 1985",https://www.presidency.ucsb.edu/documents/executive-order-12529-presidents-commission-americans-outdoors
1891,12528,"August 08, 1985",https://www.presidency.ucsb.edu/documents/executive-order-12528-presidential-board-advisors-private-sector-initiatives
1892,12527,"August 07, 1985",https://www.presidency.ucsb.edu/documents/executive-order-12527-repealing-provisions-establishing-administrative-position-the-food
1896,12523,"June 27, 1985",https://www.presidency.ucsb.edu/documents/executive-order-12523-national-white-house-conference-small-business
1899,12520,"June 19, 1985",https://www.presidency.ucsb.edu/documents/executive-order-12520-quarters-allowance-department-defense-employees-panama
1900,12519,"June 13, 1985",https://www.presidency.ucsb.edu/documents/executive-order-12519-amending-the-generalized-system-preferences
1902,12517,"May 29, 1985",https://www.presidency.ucsb.edu/documents/executive-order-12517-delegation-concerning-the-united-states-india-fund-for-cultural
1904,12514,"May 14, 1985",https://www.presidency.ucsb.edu/documents/executive-order-12514-prescribing-the-order-succession-officers-act-secretary-defense
1905,12515,"May 14, 1985",https://www.presidency.ucsb.edu/documents/executive-order-12515-generalized-system-preferences
1906,12513,"May 01, 1985",https://www.presidency.ucsb.edu/documents/executive-order-12513-prohibiting-trade-and-certain-other-transactions-involving-nicaragua
1907,12512,"April 29, 1985",https://www.presidency.ucsb.edu/documents/executive-order-12512-federal-real-property-management
1908,12511,"April 29, 1985",https://www.presidency.ucsb.edu/documents/executive-order-12511-presidents-child-safety-partnership
1910,12509,"April 14, 1985",https://www.presidency.ucsb.edu/documents/executive-order-12509-technical-review-group-inertial-confinement-fusion
1911,12507,"March 22, 1985",https://www.presidency.ucsb.edu/documents/executive-order-12507-continuance-the-presidents-commission-organized-crime
1912,12508,"March 22, 1985",https://www.presidency.ucsb.edu/documents/executive-order-12508-world-tourism-organization
1914,12505,"February 12, 1985",https://www.presidency.ucsb.edu/documents/executive-order-12505-conversion-appointments-the-office-management-and-budget
1916,12502,"January 28, 1985",https://www.presidency.ucsb.edu/documents/executive-order-12502-chemical-warfare-review-commission
1917,12501,"January 28, 1985",https://www.presidency.ucsb.edu/documents/executive-order-12501-arctic-research
1920,12499,"January 18, 1985",https://www.presidency.ucsb.edu/documents/executive-order-12499-presidents-blue-ribbon-task-group-nuclear-weapons-program-management
1921,12498,"January 04, 1985",https://www.presidency.ucsb.edu/documents/executive-order-12498-regulatory-planning-process
1922,12497,"December 29, 1984",https://www.presidency.ucsb.edu/documents/executive-order-12497-presidents-advisory-committee-mediation-and-conciliation
1927,12492,"October 25, 1984",https://www.presidency.ucsb.edu/documents/executive-order-12492-establishment-emergency-board-no-206-investigate-railroad-labor
1928,12491,"October 25, 1984",https://www.presidency.ucsb.edu/documents/executive-order-12491-establishment-emergency-board-no-205-investigate-railroad-labor
1929,12490,"October 12, 1984",https://www.presidency.ucsb.edu/documents/executive-order-12490-national-commission-space
1933,12486,"August 24, 1984",https://www.presidency.ucsb.edu/documents/executive-order-12486-establishment-emergency-board-no-204-investigate-railroad-labor
1934,12485,"July 13, 1984",https://www.presidency.ucsb.edu/documents/executive-order-12485-central-intelligence-agency-retirement-and-disability-system
1936,12483,"June 25, 1984",https://www.presidency.ucsb.edu/documents/executive-order-12483-amending-the-generalized-system-preferences
1938,12481,"June 20, 1984",https://www.presidency.ucsb.edu/documents/executive-order-12481-establishment-emergency-board-no-203-investigate-railroad-labor
1939,12480,"June 20, 1984",https://www.presidency.ucsb.edu/documents/executive-order-12480-establishment-emergency-board-no-202-investigate-railroad-labor
1940,12479,"May 24, 1984",https://www.presidency.ucsb.edu/documents/executive-order-12479-management-reform-the-federal-government
1941,12478,"May 23, 1984",https://www.presidency.ucsb.edu/documents/executive-order-12478-protection-foreign-missions-international-organizations
1943,12476,"May 11, 1984",https://www.presidency.ucsb.edu/documents/executive-order-12476-presidential-commission-the-conduct-united-states-japan-relations
1952,12467,"March 02, 1984",https://www.presidency.ucsb.edu/documents/executive-order-12467-international-boundary-and-water-commission-united-states-and-mexico
1958,12461,"February 17, 1984",https://www.presidency.ucsb.edu/documents/executive-order-12461-district-columbia-police-and-firefighters-retirement-and-disability
1960,12459,"January 16, 1984",https://www.presidency.ucsb.edu/documents/executive-order-12459-amending-the-generalized-system-preferences
1961,12458,"January 14, 1984",https://www.presidency.ucsb.edu/documents/executive-order-12458-delegation-the-secretary-state-concerning-foreign-assistance
1963,12456,"December 30, 1983",https://www.presidency.ucsb.edu/documents/executive-order-12456-adjustments-certain-rates-pay-and-allowances
1966,12453,"December 23, 1983",https://www.presidency.ucsb.edu/documents/executive-order-12453-reports-with-respect-loans-and-credits-extended-poland
1971,12448,"November 04, 1983",https://www.presidency.ucsb.edu/documents/executive-order-12448-regulations-related-voiding-or-rescission-contracts
1973,12446,"October 17, 1983",https://www.presidency.ucsb.edu/documents/executive-order-12446-foreign-service-retirement-and-disability-system
1978,12441,"September 20, 1983",https://www.presidency.ucsb.edu/documents/executive-order-12441-amending-the-generalized-system-preferences
1980,12439,"September 08, 1983",https://www.presidency.ucsb.edu/documents/executive-order-12439-presidents-task-force-food-assistance
1981,12438,"August 23, 1983",https://www.presidency.ucsb.edu/documents/executive-order-12438-review-increases-rates-basic-pay-for-employees-the-veterans
1982,12437,"August 11, 1983",https://www.presidency.ucsb.edu/documents/executive-order-12437-fuel-use-prohibitions
1983,12436,"July 29, 1983",https://www.presidency.ucsb.edu/documents/executive-order-12436-payment-certain-benefits-survivors-persons-who-died-or-result
1987,12432,"July 14, 1983",https://www.presidency.ucsb.edu/documents/executive-order-12432-minority-business-enterprise-development
1988,12431,"July 08, 1983",https://www.presidency.ucsb.edu/documents/executive-order-12431-level-iv-the-executive-schedule
1991,12428,"June 28, 1983",https://www.presidency.ucsb.edu/documents/executive-order-12428-presidents-commission-industrial-competitiveness
1992,12427,"June 27, 1983",https://www.presidency.ucsb.edu/documents/executive-order-12427-presidents-advisory-council-private-sector-initiatives
1993,12426,"June 22, 1983",https://www.presidency.ucsb.edu/documents/executive-order-12426-presidents-advisory-committee-womens-business-ownership
1994,12425,"June 16, 1983",https://www.presidency.ucsb.edu/documents/executive-order-12425-international-criminal-police-organizations
1995,12424,"June 10, 1983",https://www.presidency.ucsb.edu/documents/executive-order-12424-presidents-commission-strategic-forces
1996,12423,"May 26, 1983",https://www.presidency.ucsb.edu/documents/executive-order-12423-foreign-assistance-and-arms-control
1997,12422,"May 20, 1983",https://www.presidency.ucsb.edu/documents/executive-order-12422-level-iv-the-executive-schedule
2001,12419,"May 05, 1983",https://www.presidency.ucsb.edu/documents/executive-order-12419-implementation-the-international-convention-tonnage-measurement
2003,12416,"April 08, 1983",https://www.presidency.ucsb.edu/documents/executive-order-12416-intergovernmental-review-federal-programs
2005,12414,"April 04, 1983",https://www.presidency.ucsb.edu/documents/executive-order-12414-establishment-emergency-board-no-201-investigate-railroad-labor
2006,12413,"March 30, 1983",https://www.presidency.ucsb.edu/documents/executive-order-12413-amending-the-generalized-system-preferences
2013,12406,"February 18, 1983",https://www.presidency.ucsb.edu/documents/executive-order-12406-presidents-commission-strategic-forces
2014,12405,"February 14, 1983",https://www.presidency.ucsb.edu/documents/executive-order-12405-establishment-emergency-board-no-200-investigate-railroad-labor
2018,12401,"January 14, 1983",https://www.presidency.ucsb.edu/documents/executive-order-12401-presidential-commission-indian-reservation-economies
2026,12393,"November 16, 1982",https://www.presidency.ucsb.edu/documents/executive-order-12393-establishment-emergency-board-no-199-investigate-railroad-labor
2030,12390,"October 25, 1982",https://www.presidency.ucsb.edu/documents/executive-order-12390-delegation-the-secretary-state
2033,12386,"October 01, 1982",https://www.presidency.ucsb.edu/documents/executive-order-12386-establishment-emergency-board-no-198-investigate-railroad-labor
2034,12385,"October 01, 1982",https://www.presidency.ucsb.edu/documents/executive-order-12385-establishment-emergency-board-no-197-investigate-railroad-labor
2037,12382,"September 13, 1982",https://www.presidency.ucsb.edu/documents/executive-order-12382-presidents-national-security-telecommunications-advisory-committee
2044,12375,"August 04, 1982",https://www.presidency.ucsb.edu/documents/executive-order-12375-motor-vehicles
2045,12374,"July 28, 1982",https://www.presidency.ucsb.edu/documents/executive-order-12374-reports-international-organizations
2049,12370,"July 08, 1982",https://www.presidency.ucsb.edu/documents/executive-order-12370-establishment-emergency-board-no-194-investigate-railroad-labor
2050,12369,"June 30, 1982",https://www.presidency.ucsb.edu/documents/executive-order-12369-presidents-private-sector-survey-cost-control-the-federal-government
2052,12367,"June 15, 1982",https://www.presidency.ucsb.edu/documents/executive-order-12367-presidents-committee-the-arts-and-the-humanities
2053,12366,"May 25, 1982",https://www.presidency.ucsb.edu/documents/executive-order-12366-presidential-commission-broadcasting-cuba
2054,12365,"May 24, 1982",https://www.presidency.ucsb.edu/documents/executive-order-12365-foreign-assistance-and-arms-control
2057,12362,"May 12, 1982",https://www.presidency.ucsb.edu/documents/executive-order-12362-overseas-employment
2058,12361,"April 27, 1982",https://www.presidency.ucsb.edu/documents/executive-order-12361-multinational-force-and-observers-reports
2059,12360,"April 23, 1982",https://www.presidency.ucsb.edu/documents/executive-order-12360-presidents-task-force-victims-crime
2060,12359,"April 22, 1982",https://www.presidency.ucsb.edu/documents/executive-order-12359-public-international-organizations-entitled-enjoy-privileges
2061,12358,"April 14, 1982",https://www.presidency.ucsb.edu/documents/executive-order-12358-presidential-commission-drunk-driving
2065,12354,"March 30, 1982",https://www.presidency.ucsb.edu/documents/executive-order-12354-amending-the-generalized-system-preferences
2067,12352,"March 17, 1982",https://www.presidency.ucsb.edu/documents/executive-order-12352-federal-procurement-reforms
2070,12349,"February 26, 1982",https://www.presidency.ucsb.edu/documents/executive-order-12349-amending-the-generalized-system-preferences
2076,12343,"January 27, 1982",https://www.presidency.ucsb.edu/documents/executive-order-12343-designation-certain-officers-act-secretary-state
2077,12342,"January 27, 1982",https://www.presidency.ucsb.edu/documents/executive-order-12342-environmental-safeguards-for-animal-damage-control-federal-lands
2084,12335,"December 16, 1981",https://www.presidency.ucsb.edu/documents/executive-order-12335-national-commission-social-security-reform
2085,12334,"December 04, 1981",https://www.presidency.ucsb.edu/documents/executive-order-12334-presidents-intelligence-oversight-board
2086,12333,"December 04, 1981",https://www.presidency.ucsb.edu/documents/executive-order-12333-united-states-intelligence-activities
2091,12328,"October 08, 1981",https://www.presidency.ucsb.edu/documents/executive-order-12328-federal-employees-contracting-or-trading-with-indians
2092,12327,"October 01, 1981",https://www.presidency.ucsb.edu/documents/executive-order-12327-exemption-for-fort-allen
2094,12326,"September 30, 1981",https://www.presidency.ucsb.edu/documents/executive-order-12326-central-intelligence-agency-retirement-and-disability-system
2095,12324,"September 29, 1981",https://www.presidency.ucsb.edu/documents/executive-order-12324-interdiction-illegal-aliens
2099,12321,"September 14, 1981",https://www.presidency.ucsb.edu/documents/executive-order-12321-foreign-assistance-and-arms-export-control
2106,12313,"July 13, 1981",https://www.presidency.ucsb.edu/documents/executive-order-12313-specification-hostage-return-date-under-hostage-relief-act-1980
2107,12312,"July 02, 1981",https://www.presidency.ucsb.edu/documents/executive-order-12312-the-meritorious-service-medal
2108,12311,"June 29, 1981",https://www.presidency.ucsb.edu/documents/executive-order-12311-amending-the-generalized-system-preferences
2109,12310,"June 16, 1981",https://www.presidency.ucsb.edu/documents/executive-order-12310-presidents-commission-housing
2111,12308,"June 05, 1981",https://www.presidency.ucsb.edu/documents/executive-order-12308-presidential-task-force-the-arts-and-humanities
2115,12304,"April 29, 1981",https://www.presidency.ucsb.edu/documents/executive-order-12304-seal-for-the-panama-canal-commission
2118,12301,"March 26, 1981",https://www.presidency.ucsb.edu/documents/executive-order-12301-integrity-and-efficiency-federal-programs
2119,12300,"March 23, 1981",https://www.presidency.ucsb.edu/documents/executive-order-12300-exceptions-from-the-competitive-service
2122,12297,"March 12, 1981",https://www.presidency.ucsb.edu/documents/executive-order-12297-international-coffee-agreement-1976
2123,12296,"March 02, 1981",https://www.presidency.ucsb.edu/documents/executive-order-12296-presidents-economic-policy-advisory-board
2126,12293,"February 23, 1981",https://www.presidency.ucsb.edu/documents/executive-order-12293-foreign-service-the-united-states
2128,12290,"February 17, 1981",https://www.presidency.ucsb.edu/documents/executive-order-12290-federal-exports-and-excessive-regulation
2133,12286,"January 19, 1981",https://www.presidency.ucsb.edu/documents/executive-order-12286-responses-environmental-damage
2136,12285,"January 19, 1981",https://www.presidency.ucsb.edu/documents/executive-order-12285-united-states-iran-agreement-release-the-american-hostages
2144,12275,"January 16, 1981",https://www.presidency.ucsb.edu/documents/executive-order-12275-design-liaison-council
2148,12266,"January 15, 1981",https://www.presidency.ucsb.edu/documents/executive-order-12266-food-security-wheat-reserve
2149,12267,"January 15, 1981",https://www.presidency.ucsb.edu/documents/executive-order-12267-generalized-system-preferences
2151,12268,"January 15, 1981",https://www.presidency.ucsb.edu/documents/executive-order-12268-hostage-relief-act-1980
2155,12269,"January 15, 1981",https://www.presidency.ucsb.edu/documents/executive-order-12269-presidents-committee-small-business-policy
2156,12263,"January 08, 1981",https://www.presidency.ucsb.edu/documents/executive-order-12263-contribution-tin-buffer-stock
2157,12262,"January 07, 1981",https://www.presidency.ucsb.edu/documents/executive-order-12262-interagency-employee-benefit-council
2158,12261,"January 05, 1981",https://www.presidency.ucsb.edu/documents/executive-order-12261-gasohol-federal-motor-vehicles
2159,12260,"December 31, 1980",https://www.presidency.ucsb.edu/documents/executive-order-12260-agreement-government-procurement
2163,12256,"December 15, 1980",https://www.presidency.ucsb.edu/documents/executive-order-12256-census-statistics-legal-immigrants
2164,12255,"December 05, 1980",https://www.presidency.ucsb.edu/documents/executive-order-12255-holiday-for-federal-employees
2165,12254,"December 03, 1980",https://www.presidency.ucsb.edu/documents/executive-order-12254-national-advisory-community-investment-board
2172,12247,"October 15, 1980",https://www.presidency.ucsb.edu/documents/executive-order-12247-federal-actions-the-lake-tahoe-region
2173,12246,"October 10, 1980",https://www.presidency.ucsb.edu/documents/executive-order-12246-cuban-and-haitian-entrants
2177,12242,"September 30, 1980",https://www.presidency.ucsb.edu/documents/executive-order-12242-synthetic-fuels
2178,12241,"September 29, 1980",https://www.presidency.ucsb.edu/documents/executive-order-12241-accidents-nuclear-power-facilities
2181,12238,"September 12, 1980",https://www.presidency.ucsb.edu/documents/executive-order-12238-international-maritime-satellite-organization
2182,12237,"September 04, 1980",https://www.presidency.ucsb.edu/documents/executive-order-12237-executive-schedule
2183,12236,"September 04, 1980",https://www.presidency.ucsb.edu/documents/executive-order-12236-executive-schedule
2184,12235,"September 03, 1980",https://www.presidency.ucsb.edu/documents/executive-order-12235-management-natural-gas-supply-emergencies
2187,12232,"August 08, 1980",https://www.presidency.ucsb.edu/documents/executive-order-12232-historically-black-colleges-and-universities
2189,12230,"July 30, 1980",https://www.presidency.ucsb.edu/documents/executive-order-12230-drug-enforcement-administration
2190,12229,"July 29, 1980",https://www.presidency.ucsb.edu/documents/executive-order-12229-white-house-coal-advisory-council
2195,12224,"July 01, 1980",https://www.presidency.ucsb.edu/documents/executive-order-12224-implementation-the-international-sugar-agreement
2200,12218,"June 19, 1980",https://www.presidency.ucsb.edu/documents/executive-order-12218-export-special-nuclear-material-and-components-india
2207,12212,"May 02, 1980",https://www.presidency.ucsb.edu/documents/executive-order-12212-the-department-education
2209,12210,"April 16, 1980",https://www.presidency.ucsb.edu/documents/executive-order-12210-administration-arms-export-controls
2211,12208,"April 15, 1980",https://www.presidency.ucsb.edu/documents/executive-order-12208-consultations-the-admission-refugees
2212,12207,"April 12, 1980",https://www.presidency.ucsb.edu/documents/executive-order-12207-emergency-board-investigate-railway-labor-dispute
2214,12205,"April 07, 1980",https://www.presidency.ucsb.edu/documents/executive-order-12205-economic-sanctions-against-iran
2217,12202,"March 18, 1980",https://www.presidency.ucsb.edu/documents/executive-order-12202-nuclear-safety-oversight-committee
2218,12201,"March 14, 1980",https://www.presidency.ucsb.edu/documents/executive-order-12201-credit-control
2221,12199,"March 12, 1980",https://www.presidency.ucsb.edu/documents/executive-order-12199-executive-schedule
2222,12197,"March 05, 1980",https://www.presidency.ucsb.edu/documents/executive-order-12197-central-intelligence-agency-retirement-and-disability-system
2224,12195,"February 22, 1980",https://www.presidency.ucsb.edu/documents/executive-order-12195-presidents-commission-united-states-liberian-relations
2225,12194,"February 21, 1980",https://www.presidency.ucsb.edu/documents/executive-order-12194-radiation-policy-council
2226,12192,"February 12, 1980",https://www.presidency.ucsb.edu/documents/executive-order-12192-state-planning-council-radioactive-waste-management
2227,12193,"February 12, 1980",https://www.presidency.ucsb.edu/documents/executive-order-12193-nuclear-cooperation-with-euratom
2233,12186,"December 21, 1979",https://www.presidency.ucsb.edu/documents/executive-order-12186-price-controls-heavy-crude-oil
2234,12185,"December 17, 1979",https://www.presidency.ucsb.edu/documents/executive-order-12185-conservation-petroleum-and-natural-gas
2235,12184,"December 17, 1979",https://www.presidency.ucsb.edu/documents/executive-order-12184-presidents-special-commission-for-the-study-ethical-problems
2237,12182,"December 14, 1979",https://www.presidency.ucsb.edu/documents/executive-order-12182-emergency-board-investigate-railway-labor-dispute
2238,12181,"December 11, 1979",https://www.presidency.ucsb.edu/documents/executive-order-12181-generalized-system-preferences-for-developing-countries
2239,12180,"December 11, 1979",https://www.presidency.ucsb.edu/documents/executive-order-12180-generalized-system-preferences-for-developing-countries
2240,12179,"December 11, 1979",https://www.presidency.ucsb.edu/documents/executive-order-12179-holiday-for-federal-employees
2241,12177,"December 10, 1979",https://www.presidency.ucsb.edu/documents/executive-order-12177-federal-government-pension-plans
2244,12175,"December 07, 1979",https://www.presidency.ucsb.edu/documents/executive-order-12175-international-trade-functions
2246,12173,"November 29, 1979",https://www.presidency.ucsb.edu/documents/executive-order-12173-panama-canal
2247,12172,"November 26, 1979",https://www.presidency.ucsb.edu/documents/executive-order-12172-iranian-aliens
2248,12171,"November 19, 1979",https://www.presidency.ucsb.edu/documents/executive-order-12171-exclusions-from-the-federal-labor-management-relations-program
2252,12167,"October 23, 1979",https://www.presidency.ucsb.edu/documents/executive-order-12167-united-states-peoples-republic-china-trade-relations
2253,12166,"October 19, 1979",https://www.presidency.ucsb.edu/documents/executive-order-12166-export-import-bank
2258,12162,"September 28, 1979",https://www.presidency.ucsb.edu/documents/executive-order-12162-amendment-executive-order-12140-gasoline-end-user-allocation
2260,12159,"September 20, 1979",https://www.presidency.ucsb.edu/documents/executive-order-12159-emergency-board-investigate-railway-labor-dispute
2267,12152,"August 14, 1979",https://www.presidency.ucsb.edu/documents/executive-order-12152-federal-government-organization-and-employees
2272,12147,"July 19, 1979",https://www.presidency.ucsb.edu/documents/executive-order-12147-united-states-international-development-cooperation-agency
2274,12146,"July 18, 1979",https://www.presidency.ucsb.edu/documents/executive-order-12146-management-federal-legal-resources
2276,12144,"June 22, 1979",https://www.presidency.ucsb.edu/documents/executive-order-12144-equal-employment-opportunity-commission
2281,12138,"May 18, 1979",https://www.presidency.ucsb.edu/documents/executive-order-12138-womens-business-enterprise
2286,12133,"May 09, 1979",https://www.presidency.ucsb.edu/documents/executive-order-12133-drug-policy-functions
2287,12132,"May 08, 1979",https://www.presidency.ucsb.edu/documents/executive-order-12132-emergency-board-investigate-railway-labor-dispute
2289,12130,"April 11, 1979",https://www.presidency.ucsb.edu/documents/executive-order-12130-presidents-commission-the-accident-three-mile-island
2292,12127,"March 31, 1979",https://www.presidency.ucsb.edu/documents/executive-order-12127-federal-emergency-management-agency
2298,12123,"February 26, 1979",https://www.presidency.ucsb.edu/documents/executive-order-12123-offshore-oil-spill-pollution
2300,12120,"February 14, 1979",https://www.presidency.ucsb.edu/documents/executive-order-12120-the-honorable-adolph-dubs
2303,12116,"January 19, 1979",https://www.presidency.ucsb.edu/documents/executive-order-12116-issuance-food-stamps-the-postal-service
2304,12115,"January 19, 1979",https://www.presidency.ucsb.edu/documents/executive-order-12115-permanent-american-cemetery-the-republic-panama
2305,12114,"January 04, 1979",https://www.presidency.ucsb.edu/documents/executive-order-12114-environmental-effects-abroad-major-federal-actions
2306,12113,"January 04, 1979",https://www.presidency.ucsb.edu/documents/executive-order-12113-independent-water-project-review
2307,12112,"January 02, 1979",https://www.presidency.ucsb.edu/documents/executive-order-12112-seal-for-the-office-administration
2318,12101,"November 17, 1978",https://www.presidency.ucsb.edu/documents/executive-order-12101-delegation-functions-the-secretary-state
2319,12100,"November 17, 1978",https://www.presidency.ucsb.edu/documents/executive-order-12100-presidents-commission-pension-policy
2324,12095,"November 02, 1978",https://www.presidency.ucsb.edu/documents/executive-order-12095-emergency-board-investigate-airline-labor-dispute
2326,12093,"November 01, 1978",https://www.presidency.ucsb.edu/documents/executive-order-12093-presidents-commission-the-holocaust
2327,12092,"November 01, 1978",https://www.presidency.ucsb.edu/documents/executive-order-12092-federal-anti-inflationary-procurement-practices
2329,12090,"October 31, 1978",https://www.presidency.ucsb.edu/documents/executive-order-12090-presidents-commission-foreign-language-and-international-studies
2330,12089,"October 23, 1978",https://www.presidency.ucsb.edu/documents/executive-order-12089-national-productivity-council
2334,12085,"September 28, 1978",https://www.presidency.ucsb.edu/documents/executive-order-12085-emergency-board-investigate-railway-labor-dispute
2335,12084,"September 27, 1978",https://www.presidency.ucsb.edu/documents/executive-order-12084-judicial-nominating-commission-for-the-district-puerto-rico
2340,12079,"September 18, 1978",https://www.presidency.ucsb.edu/documents/executive-order-12079-airport-and-airway-development-act-functions
2342,12077,"August 18, 1978",https://www.presidency.ucsb.edu/documents/executive-order-12077-mississippi-river-commission
2344,12075,"August 16, 1978",https://www.presidency.ucsb.edu/documents/executive-order-12075-interagency-coordinating-council
2345,12074,"August 16, 1978",https://www.presidency.ucsb.edu/documents/executive-order-12074-urban-and-community-impact-analyses
2346,12073,"August 16, 1978",https://www.presidency.ucsb.edu/documents/executive-order-12073-federal-procurement-labor-surplus-areas
2350,12067,"June 30, 1978",https://www.presidency.ucsb.edu/documents/executive-order-12067-equal-employment-opportunity-programs
2351,12069,"June 30, 1978",https://www.presidency.ucsb.edu/documents/executive-order-12069-executive-schedule
2353,12066,"June 29, 1978",https://www.presidency.ucsb.edu/documents/executive-order-12066-inspection-foreign-assistance-programs
2356,12063,"June 05, 1978",https://www.presidency.ucsb.edu/documents/executive-order-12063-united-states-court-military-appeals-nominating-commission
2357,12062,"May 26, 1978",https://www.presidency.ucsb.edu/documents/executive-order-12062-presidents-commission-the-coal-industry
2358,12061,"May 18, 1978",https://www.presidency.ucsb.edu/documents/executive-order-12061-small-business-conference-commission
2368,12051,"April 07, 1978",https://www.presidency.ucsb.edu/documents/executive-order-12051-waiver-under-the-trade-act-1974-with-respect-the-hungarian-peoples
2374,12049,"March 27, 1978",https://www.presidency.ucsb.edu/documents/executive-order-12049-defense-economic-adjustment-programs
2376,12043,"March 07, 1978",https://www.presidency.ucsb.edu/documents/executive-order-12043-civil-service-rules
2377,12042,"March 06, 1978",https://www.presidency.ucsb.edu/documents/executive-order-12042-labor-disputes-the-coal-industry
2378,12041,"February 25, 1978",https://www.presidency.ucsb.edu/documents/executive-order-12041-generalized-system-preferences-for-developing-countries
2379,12040,"February 24, 1978",https://www.presidency.ucsb.edu/documents/executive-order-12040-environmental-evaluation-functions
2383,12036,"January 24, 1978",https://www.presidency.ucsb.edu/documents/executive-order-12036-united-states-foreign-intelligence-activities
2387,12032,"December 27, 1977",https://www.presidency.ucsb.edu/documents/executive-order-12032-generalized-system-preferences-for-developing-countries
2388,12031,"December 21, 1977",https://www.presidency.ucsb.edu/documents/executive-order-12031-exemption-from-mandatory-retirement
2391,12028,"December 12, 1977",https://www.presidency.ucsb.edu/documents/executive-order-12028-executive-office-the-president
2393,12026,"December 05, 1977",https://www.presidency.ucsb.edu/documents/executive-order-12026-energy-department-employees
2394,12023,"December 01, 1977",https://www.presidency.ucsb.edu/documents/executive-order-12023-central-intelligence-agency-retirement-and-disability-system
2395,12022,"December 01, 1977",https://www.presidency.ucsb.edu/documents/executive-order-12022-national-commission-for-the-review-antitrust-laws-and-procedures
2397,12024,"December 01, 1977",https://www.presidency.ucsb.edu/documents/executive-order-12024-advisory-committee-functions
2398,12021,"November 30, 1977",https://www.presidency.ucsb.edu/documents/executive-order-12021-civil-service-rules
2399,12020,"November 08, 1977",https://www.presidency.ucsb.edu/documents/executive-order-12020-educational-benefits-for-veterans-and-dependents
2400,12019,"November 03, 1977",https://www.presidency.ucsb.edu/documents/executive-order-12019-defense-meritorious-service-medal
2407,12012,"October 03, 1977",https://www.presidency.ucsb.edu/documents/executive-order-12012-white-house-fellowships
2410,12009,"September 13, 1977",https://www.presidency.ucsb.edu/documents/executive-order-12009-department-energy
2411,12008,"August 25, 1977",https://www.presidency.ucsb.edu/documents/executive-order-12008-presidential-management-intern-program
2413,12006,"July 29, 1977",https://www.presidency.ucsb.edu/documents/executive-order-12006-exemption-from-mandatory-retirement
2414,12005,"July 23, 1977",https://www.presidency.ucsb.edu/documents/executive-order-12005-generalized-system-preferences-for-developing-countries
2415,12003,"July 20, 1977",https://www.presidency.ucsb.edu/documents/executive-order-12003-energy-policy-and-conservation
2418,12001,"June 29, 1977",https://www.presidency.ucsb.edu/documents/executive-order-12001-bicentennial-functions
2420,11998,"June 27, 1977",https://www.presidency.ucsb.edu/documents/executive-order-11998-presidents-commission-military-compensation
2426,11987,"May 24, 1977",https://www.presidency.ucsb.edu/documents/executive-order-11987-exotic-organisms
2432,11992,"May 24, 1977",https://www.presidency.ucsb.edu/documents/executive-order-11992-committee-selection-federal-judicial-officers
2445,11974,"February 25, 1977",https://www.presidency.ucsb.edu/documents/executive-order-11974-generalized-system-preferences-for-developing-countries
2446,11973,"February 17, 1977",https://www.presidency.ucsb.edu/documents/executive-order-11973-presidents-commission-mental-health
2447,11972,"February 14, 1977",https://www.presidency.ucsb.edu/documents/executive-order-11972-united-states-circuit-judge-nominating-commission
2448,11971,"February 11, 1977",https://www.presidency.ucsb.edu/documents/executive-order-11971-director-the-federal-bureau-investigation
2449,11970,"February 05, 1977",https://www.presidency.ucsb.edu/documents/executive-order-11970-presidential-advisory-board-ambassadorial-appointments
2450,11969,"February 02, 1977",https://www.presidency.ucsb.edu/documents/executive-order-11969-administration-the-emergency-natural-gas-act-1977
2451,11968,"January 31, 1977",https://www.presidency.ucsb.edu/documents/executive-order-11968-withholding-income-or-employment-taxes-federal-agencies
2455,11962,"January 19, 1977",https://www.presidency.ucsb.edu/documents/executive-order-11962-establishing-the-presidents-advisory-board-international-investment
2458,11964,"January 19, 1977",https://www.presidency.ucsb.edu/documents/executive-order-11964-implementation-the-convention-the-international-regulations-for
2459,11961,"January 19, 1977",https://www.presidency.ucsb.edu/documents/executive-order-11961-administration-the-international-investment-survey-act-1976
2464,11955,"January 10, 1977",https://www.presidency.ucsb.edu/documents/executive-order-11955-permitting-certain-qualified-employees-the-national-aeronautics-and
2465,11952,"January 07, 1977",https://www.presidency.ucsb.edu/documents/executive-order-11952-conforming-the-foreign-service-and-civil-service-retirement-and
2468,11950,"January 06, 1977",https://www.presidency.ucsb.edu/documents/executive-order-11950-conforming-the-central-intelligence-agency-and-civil-service
2472,11947,"November 08, 1976",https://www.presidency.ucsb.edu/documents/executive-order-11947-reports-and-investigations-relating-the-administration-the-trade
2484,11935,"September 02, 1976",https://www.presidency.ucsb.edu/documents/executive-order-11935-citizenship-requirements-for-federal-employment
2493,11926,"July 19, 1976",https://www.presidency.ucsb.edu/documents/executive-order-11926-the-vice-presidential-service-badge
2497,11922,"June 16, 1976",https://www.presidency.ucsb.edu/documents/executive-order-11922-amending-executive-order-no-11077-january-22-1963-entitled
2505,11914,"April 28, 1976",https://www.presidency.ucsb.edu/documents/executive-order-11914-nondiscrimination-with-respect-the-handicapped-federally-assisted
2510,11909,"March 31, 1976",https://www.presidency.ucsb.edu/documents/executive-order-11909-exemption-walter-c-sauer-from-mandatory-retirement
2513,11906,"February 26, 1976",https://www.presidency.ucsb.edu/documents/executive-order-11906-amending-the-generalized-system-preferences
2515,11904,"February 06, 1976",https://www.presidency.ucsb.edu/documents/executive-order-11904-establishing-the-defense-superior-service-medal
2516,11902,"February 02, 1976",https://www.presidency.ucsb.edu/documents/executive-order-11902-procedures-for-export-licensing-policy-nuclear-materials-and
2524,11895,"January 06, 1976",https://www.presidency.ucsb.edu/documents/executive-order-11895-delegating-authority-the-president-designate-individuals-appointed
2525,11894,"January 03, 1976",https://www.presidency.ucsb.edu/documents/executive-order-11894-adding-the-membership-the-east-west-foreign-trade-board
2529,11890,"December 10, 1975",https://www.presidency.ucsb.edu/documents/executive-order-11890-amending-executive-order-no-10422-amended-prescribing-procedures-for
2532,11887,"November 04, 1975",https://www.presidency.ucsb.edu/documents/executive-order-11887-amending-the-civil-service-rules-except-certain-positions-from-the
2533,11886,"October 17, 1975",https://www.presidency.ucsb.edu/documents/executive-order-11886-abolishing-the-culebra-island-naval-defensice-sea-area-established
2544,11875,"August 09, 1975",https://www.presidency.ucsb.edu/documents/executive-order-11875-delegating-certain-functions-the-secretary-transportation
2545,11874,"July 25, 1975",https://www.presidency.ucsb.edu/documents/executive-order-11874-delegation-functions-the-director-the-office-management-and-budget
2548,11870,"July 18, 1975",https://www.presidency.ucsb.edu/documents/executive-order-11870-environmental-safeguards-activities-for-animal-damage-control
2549,11871,"July 18, 1975",https://www.presidency.ucsb.edu/documents/executive-order-11871-transferring-the-score-and-ace-programs-from-the-action-agency-the
2550,11869,"June 24, 1975",https://www.presidency.ucsb.edu/documents/executive-order-11869-exemption-arthur-s-fleming-from-mandatory-retirement
2552,11868,"June 19, 1975",https://www.presidency.ucsb.edu/documents/executive-order-11868-presidents-commission-olympic-sports
2553,11866,"June 18, 1975",https://www.presidency.ucsb.edu/documents/executive-order-11866-designating-the-world-intellectual-property-organization-wipo-public
2559,11860,"May 19, 1975",https://www.presidency.ucsb.edu/documents/executive-order-11860-establishing-the-presidents-advisory-committee-refugees
2560,11858,"May 07, 1975",https://www.presidency.ucsb.edu/documents/executive-order-11858-foreign-investment-the-united-states
2562,11856,"May 07, 1975",https://www.presidency.ucsb.edu/documents/executive-order-11856-amending-the-civil-service-rules-except-certain-positions-from-the
2565,11854,"April 24, 1975",https://www.presidency.ucsb.edu/documents/executive-order-11854-waiver-under-the-trade-act-1974-with-respect-the-socialist-republic
2567,11852,"April 16, 1975",https://www.presidency.ucsb.edu/documents/executive-order-11852-creating-emergency-board-investigate-dispute-between-the-carriers
2568,11851,"April 10, 1975",https://www.presidency.ucsb.edu/documents/executive-order-11851-delegation-authority-issue-regulations-limiting-imports-certain
2569,11850,"April 08, 1975",https://www.presidency.ucsb.edu/documents/executive-order-11850-renunciation-certain-uses-war-chemical-herbicides-and-riot-control
2574,11844,"March 24, 1975",https://www.presidency.ucsb.edu/documents/executive-order-11844-designation-beneficiary-developing-countries-for-the-generalized
2575,11845,"March 24, 1975",https://www.presidency.ucsb.edu/documents/executive-order-11845-delegating-certain-reporting-functions-the-director-the-office
2580,11839,"February 15, 1975",https://www.presidency.ucsb.edu/documents/executive-order-11839-amending-the-civil-service-rules-except-certain-positions-regional
2583,11836,"January 27, 1975",https://www.presidency.ucsb.edu/documents/executive-order-11836-increasing-the-effectiveness-the-transportation-cargo-security
2587,11832,"January 09, 1975",https://www.presidency.ucsb.edu/documents/executive-order-11832-establishing-national-commission-the-observance-international-womens
2589,11830,"January 09, 1975",https://www.presidency.ucsb.edu/documents/executive-order-11830-enlarging-the-membership-the-interagency-committee-handicapped
2590,11829,"January 06, 1975",https://www.presidency.ucsb.edu/documents/executive-order-11829-the-hopi-navajo-land-settlement-interagency-committee
2591,11828,"January 04, 1975",https://www.presidency.ucsb.edu/documents/executive-order-11828-establishing-commission-cia-activities-within-the-united-states
2593,11826,"December 31, 1974",https://www.presidency.ucsb.edu/documents/executive-order-11826-exemption-willard-deason-from-mandatory-retirement
2597,11822,"December 10, 1974",https://www.presidency.ucsb.edu/documents/executive-order-11822-designation-certain-officers-act-secretary-the-treasury
2598,11821,"November 27, 1974",https://www.presidency.ucsb.edu/documents/executive-order-11821-inflation-impact-statements
2605,11814,"October 11, 1974",https://www.presidency.ucsb.edu/documents/executive-order-11814-activation-the-energy-resources-council
2611,11809,"September 30, 1974",https://www.presidency.ucsb.edu/documents/executive-order-11809-establishing-the-presidents-labor-management-committee
2616,11803,"September 16, 1974",https://www.presidency.ucsb.edu/documents/executive-order-11803-establishing-clemency-board-review-certain-convictions-persons-under
2617,11802,"September 04, 1974",https://www.presidency.ucsb.edu/documents/executive-order-11802-general-creighton-w-abrams-chief-staff-united-states-army
2618,11801,"August 21, 1974",https://www.presidency.ucsb.edu/documents/executive-order-11801-the-honorable-rodger-p-davies
2619,11800,"August 17, 1974",https://www.presidency.ucsb.edu/documents/executive-order-11800-delegating-certain-authority-vested-the-president-the-aviation
2624,11795,"July 11, 1974",https://www.presidency.ucsb.edu/documents/executive-order-11795-delegating-disaster-relief-functions-pursuant-the-disaster-relief
2633,11786,"June 07, 1974",https://www.presidency.ucsb.edu/documents/executive-order-11786-inspection-tax-returns-the-committee-the-judiciary-house
2636,11783,"May 21, 1974",https://www.presidency.ucsb.edu/documents/executive-order-11783-creating-emergency-board-investigate-dispute-between-the-carriers
2637,11782,"May 06, 1974",https://www.presidency.ucsb.edu/documents/executive-order-11782-establishing-the-federal-financing-bank-advisory-council
2647,11772,"March 21, 1974",https://www.presidency.ucsb.edu/documents/executive-order-11772-delegating-certain-authority-the-president-the-secretary-state
2648,11771,"March 18, 1974",https://www.presidency.ucsb.edu/documents/executive-order-11771-extending-diplomatic-privileges-and-immunities-the-liaison-office
2651,11768,"February 20, 1974",https://www.presidency.ucsb.edu/documents/executive-order-11768-placing-certain-positions-levels-iv-and-v-the-executive-schedule
2652,11767,"February 19, 1974",https://www.presidency.ucsb.edu/documents/executive-order-11767-designating-the-organization-african-unity-public-international
2657,11763,"January 17, 1974",https://www.presidency.ucsb.edu/documents/executive-order-11763-establishing-national-commission-for-the-observance-world-population
2659,11762,"January 17, 1974",https://www.presidency.ucsb.edu/documents/executive-order-11762-delegating-the-administrator-veterans-affairs-certain-authority
2661,11758,"January 15, 1974",https://www.presidency.ucsb.edu/documents/executive-order-11758-delegating-authority-the-president-under-the-rehabilitation-act-1973
2662,11756,"December 30, 1973",https://www.presidency.ucsb.edu/documents/executive-order-11756-exemption-whitney-gillilland-from-mandatory-retirement
2663,11757,"December 30, 1973",https://www.presidency.ucsb.edu/documents/executive-order-11757-exemption-lawrence-quincy-mumford-from-mandatory-retirement
2664,11755,"December 29, 1973",https://www.presidency.ucsb.edu/documents/executive-order-11755-relating-prison-labor
2667,11752,"December 17, 1973",https://www.presidency.ucsb.edu/documents/executive-order-11752-prevention-control-and-abatement-environmental-pollution-federal
2668,11751,"December 15, 1973",https://www.presidency.ucsb.edu/documents/executive-order-11751-authorizing-the-secretary-transportation-grant-exemptions-from
2673,11747,"November 07, 1973",https://www.presidency.ucsb.edu/documents/executive-order-11747-delegating-certain-authority-the-president-under-the-water-resources
2674,11745,"November 01, 1973",https://www.presidency.ucsb.edu/documents/executive-order-11745-creating-emergency-board-investigate-dispute-between-the-long-island
2676,11742,"October 23, 1973",https://www.presidency.ucsb.edu/documents/executive-order-11742-delegating-the-secretary-state-certain-functions-with-respect-the
2678,11741,"October 15, 1973",https://www.presidency.ucsb.edu/documents/executive-order-11741-federal-agency-use-the-official-american-revolution-bicentennial
2679,11740,"October 03, 1973",https://www.presidency.ucsb.edu/documents/executive-order-11740-adjusting-the-rates-monthly-basic-pay-for-members-the-uniformed
2680,11739,"October 03, 1973",https://www.presidency.ucsb.edu/documents/executive-order-11739-adjusting-rates-pay-for-certain-statutory-pay-systems
2681,11738,"September 10, 1973",https://www.presidency.ucsb.edu/documents/executive-order-11738-providing-for-administration-the-clean-air-act-and-the-federal-water
2683,11736,"August 06, 1973",https://www.presidency.ucsb.edu/documents/executive-order-11736-amending-executive-order-no-11708-placing-certain-positions-levels
2687,11732,"July 30, 1973",https://www.presidency.ucsb.edu/documents/executive-order-11732-delegating-certain-authority-the-president-the-secretary-housing-and
2697,11722,"June 09, 1973",https://www.presidency.ucsb.edu/documents/executive-order-11722-inspection-income-estate-and-gift-tax-returns-the-committee-internal
2699,11720,"May 17, 1973",https://www.presidency.ucsb.edu/documents/executive-order-11720-inspection-income-excess-profits-estate-gift-and-excise-tax-returns
2700,11719,"May 17, 1973",https://www.presidency.ucsb.edu/documents/executive-order-11719-inspection-income-estate-and-gift-tax-returns-the-committee-public
2705,11715,"April 24, 1973",https://www.presidency.ucsb.edu/documents/executive-order-11715-amending-executive-order-no-11708-placing-certain-positions-levels
2710,11709,"March 27, 1973",https://www.presidency.ucsb.edu/documents/executive-order-11709-inspection-department-agriculture-income-tax-returns-made-under-the
2713,11706,"March 08, 1973",https://www.presidency.ucsb.edu/documents/executive-order-11706-inspection-returns-us-attorneys-and-attorneys-department-justice-and
2714,11705,"March 06, 1973",https://www.presidency.ucsb.edu/documents/executive-order-11705-the-honorable-cleo-noel-junior-george-curtis-moore
2716,11703,"February 07, 1973",https://www.presidency.ucsb.edu/documents/executive-order-11703-assigning-policy-development-and-direction-functions-with-respect
2721,11698,"January 19, 1973",https://www.presidency.ucsb.edu/documents/executive-order-11698-relating-the-implementation-the-convention-the-taking-evidence
2722,11697,"January 17, 1973",https://www.presidency.ucsb.edu/documents/executive-order-11697-inspection-department-agriculture-income-tax-returns-made-under-the
2725,11694,"January 02, 1973",https://www.presidency.ucsb.edu/documents/executive-order-11694-creating-emergency-board-investigate-dispute-between-the-port
2726,11693,"December 26, 1972",https://www.presidency.ucsb.edu/documents/executive-order-11693-providing-for-the-closing-government-departments-and-agencies
2727,11692,"December 15, 1972",https://www.presidency.ucsb.edu/documents/executive-order-11692-adjusting-the-rates-monthly-basic-pay-for-members-the-uniformed
2728,11691,"December 15, 1972",https://www.presidency.ucsb.edu/documents/executive-order-11691-adjusting-rates-pay-for-certain-statutory-pay-systems
2730,11689,"December 05, 1972",https://www.presidency.ucsb.edu/documents/executive-order-11689-extending-diplomatic-privileges-and-immunities-the-mission-the
2732,11687,"October 11, 1972",https://www.presidency.ucsb.edu/documents/executive-order-11687-delegating-functions-conferred-upon-the-president-section-1455-title
2737,11682,"August 29, 1972",https://www.presidency.ucsb.edu/documents/executive-order-11682-inspection-the-department-the-treasury-tax-returns-made-under-the
2738,11681,"August 21, 1972",https://www.presidency.ucsb.edu/documents/executive-order-11681-revoking-executive-order-no-5221-november-11-1929-establishing
2744,11675,"July 26, 1972",https://www.presidency.ucsb.edu/documents/executive-order-11675-exemption-john-s-patterson-from-mandatory-retirement-for-age
2746,11672,"June 06, 1972",https://www.presidency.ucsb.edu/documents/executive-order-11672-providing-for-the-transfer-or-furnishing-property-under-the-postal
2747,11673,"June 06, 1972",https://www.presidency.ucsb.edu/documents/executive-order-11673-amending-executive-order-no-8684-redefine-the-culebra-island-naval
2749,11670,"May 20, 1972",https://www.presidency.ucsb.edu/documents/executive-order-11670-providing-for-the-return-certain-lands-the-yakima-indian-reservation
2750,11669,"May 02, 1972",https://www.presidency.ucsb.edu/documents/executive-order-11669-j-edgar-hoover
2753,11666,"April 11, 1972",https://www.presidency.ucsb.edu/documents/executive-order-11666-qualification-for-the-investment-credit-certain-articles-and-classes
2754,11665,"April 10, 1972",https://www.presidency.ucsb.edu/documents/executive-order-11665-james-f-byrnes
2755,11664,"March 31, 1972",https://www.presidency.ucsb.edu/documents/executive-order-11664-creating-emergency-board-investigate-dispute-between-the-penn
2756,11663,"March 31, 1972",https://www.presidency.ucsb.edu/documents/executive-order-11663-creating-emergency-board-investigate-disputes-between-the-carriers
2760,11657,"March 22, 1972",https://www.presidency.ucsb.edu/documents/executive-order-11657-exemption-c-everette-spangler-from-compulsory-retirement-for-age
2761,11659,"March 22, 1972",https://www.presidency.ucsb.edu/documents/executive-order-11659-establishment-the-upper-mississippi-river-basin-commission
2764,11656,"March 14, 1972",https://www.presidency.ucsb.edu/documents/executive-order-11656-inspection-income-estate-and-gift-tax-returns-the-select-committee
2766,11653,"March 09, 1972",https://www.presidency.ucsb.edu/documents/executive-order-11653-exemption-jack-t-stuart-from-compulsory-retirement-for-age
2769,11649,"February 16, 1972",https://www.presidency.ucsb.edu/documents/executive-order-11649-regulations-governing-the-seals-the-president-and-the-vice-president
2770,11650,"February 16, 1972",https://www.presidency.ucsb.edu/documents/executive-order-11650-inspection-certain-classes-persons-and-state-and-federal-government
2772,11647,"February 10, 1972",https://www.presidency.ucsb.edu/documents/executive-order-11647-federal-regional-councils
2773,11645,"February 08, 1972",https://www.presidency.ucsb.edu/documents/executive-order-11645-authority-the-secretary-transportation-prescribe-certain-regulations
2774,11644,"February 08, 1972",https://www.presidency.ucsb.edu/documents/executive-order-11644-use-off-road-vehicles-the-public-lands
2788,11631,"November 09, 1971",https://www.presidency.ucsb.edu/documents/executive-order-11631-inspection-income-estate-and-gift-tax-returns-the-committee-public
2790,11629,"October 26, 1971",https://www.presidency.ucsb.edu/documents/executive-order-11629-delegation-authority-the-secretary-state-perform-the-function-vested
2791,11628,"October 18, 1971",https://www.presidency.ucsb.edu/documents/executive-order-11628-establishing-seal-for-the-environmental-protection-agency
2796,11623,"October 12, 1971",https://www.presidency.ucsb.edu/documents/executive-order-11623-delegating-the-director-selective-service-authority-issue-rules-and
2798,11621,"October 04, 1971",https://www.presidency.ucsb.edu/documents/executive-order-11621-creating-board-inquiry-report-certain-labor-disputes-affecting-the
2799,11620,"September 25, 1971",https://www.presidency.ucsb.edu/documents/executive-order-11620-the-honorable-hugo-l-black
2803,11616,"August 26, 1971",https://www.presidency.ucsb.edu/documents/executive-order-11616-amending-executive-order-no-11491-relating-labor-management
2804,11615,"August 15, 1971",https://www.presidency.ucsb.edu/documents/executive-order-11615-providing-for-stabilization-prices-rents-wages-and-salaries
2807,11611,"July 26, 1971",https://www.presidency.ucsb.edu/documents/executive-order-11611-inspection-income-excess-profits-estate-and-gift-tax-returns-the
2811,11607,"July 19, 1971",https://www.presidency.ucsb.edu/documents/executive-order-11607-establishing-the-advisory-council-intergovernmental-personnel-policy
2813,11606,"July 10, 1971",https://www.presidency.ucsb.edu/documents/executive-order-11606-amending-the-selective-service-regulations
2820,11599,"June 17, 1971",https://www.presidency.ucsb.edu/documents/executive-order-11599-establishing-special-action-office-for-drug-abuse-prevention
2821,11598,"June 16, 1971",https://www.presidency.ucsb.edu/documents/executive-order-11598-provide-for-the-listing-certain-job-vacancies-federal-agencies-and
2822,11597,"June 11, 1971",https://www.presidency.ucsb.edu/documents/executive-order-11597-amendment-executive-order-no-11513-increasing-the-membership-the
2823,11596,"June 05, 1971",https://www.presidency.ucsb.edu/documents/executive-order-11596-designating-the-customs-cooperation-council-public-international
2827,11592,"May 06, 1971",https://www.presidency.ucsb.edu/documents/executive-order-11592-delegating-certain-authority-the-president-the-director-the-office
2831,11588,"March 29, 1971",https://www.presidency.ucsb.edu/documents/executive-order-11588-providing-for-the-stabilization-wages-and-prices-the-construction
2833,11586,"March 10, 1971",https://www.presidency.ucsb.edu/documents/executive-order-11586-amending-the-selective-service-regulations
2834,11585,"March 04, 1971",https://www.presidency.ucsb.edu/documents/executive-order-11585-creating-emergency-board-investigate-disputes-between-certain
2835,11584,"March 03, 1971",https://www.presidency.ucsb.edu/documents/executive-order-11584-inspection-income-excess-profits-estate-and-gift-tax-returns-the
2841,11578,"January 13, 1971",https://www.presidency.ucsb.edu/documents/executive-order-11578-establishment-the-ohio-river-basin-commission
2842,11576,"January 08, 1971",https://www.presidency.ucsb.edu/documents/executive-order-11576-adjusting-rates-pay-for-certain-statutory-pay-systems
2843,11577,"January 08, 1971",https://www.presidency.ucsb.edu/documents/executive-order-11577-adjusting-the-rates-monthly-basic-pay-for-members-the-uniformed
2845,11574,"December 23, 1970",https://www.presidency.ucsb.edu/documents/executive-order-11574-administration-refuse-act-permit-program
2848,11571,"December 08, 1970",https://www.presidency.ucsb.edu/documents/executive-order-11571-modifying-executive-order-no-6868-october-9-1934-amended-designating
2850,11569,"November 24, 1970",https://www.presidency.ucsb.edu/documents/executive-order-11569-amending-the-selective-service-regulations
2851,11567,"November 16, 1970",https://www.presidency.ucsb.edu/documents/executive-order-11567-prescribing-the-compensation-certain-officials-the-bureau-domestic
2852,11568,"November 16, 1970",https://www.presidency.ucsb.edu/documents/executive-order-11568-exempting-everette-macintyre-from-compulsory-retirement-for-age
2855,11564,"October 06, 1970",https://www.presidency.ucsb.edu/documents/executive-order-11564-transfer-certain-programs-and-activities-the-secretary-commerce
2856,11563,"September 26, 1970",https://www.presidency.ucsb.edu/documents/executive-order-11563-amending-the-selective-service-regulations
2858,11561,"September 25, 1970",https://www.presidency.ucsb.edu/documents/executive-order-11561-delegation-certain-authority-under-title-viii-the-economic
2859,11560,"September 23, 1970",https://www.presidency.ucsb.edu/documents/executive-order-11560-amending-executive-order-no-11508-with-respect-the-membership-the
2860,11558,"September 18, 1970",https://www.presidency.ucsb.edu/documents/executive-order-11558-creating-emergency-board-investigate-disputes-between-the-carriers
2865,11554,"August 29, 1970",https://www.presidency.ucsb.edu/documents/executive-order-11554-suspending-the-provisions-section-5707c-title-10-united-states-code
2866,11553,"August 26, 1970",https://www.presidency.ucsb.edu/documents/executive-order-11553-amending-the-selective-service-regulations
2871,11548,"July 20, 1970",https://www.presidency.ucsb.edu/documents/executive-order-11548-delegating-functions-the-president-under-the-federal-water-pollution
2873,11546,"July 09, 1970",https://www.presidency.ucsb.edu/documents/executive-order-11546-establishing-the-presidents-commission-for-the-observance-the-twenty
2876,11543,"July 07, 1970",https://www.presidency.ucsb.edu/documents/executive-order-11543-creating-emergency-board-investigate-disputes-between-the-carriers
2880,11539,"June 30, 1970",https://www.presidency.ucsb.edu/documents/executive-order-11539-delegations-authority-negotiate-agreements-and-issue-regulations
2881,11538,"June 29, 1970",https://www.presidency.ucsb.edu/documents/executive-order-11538-delegating-the-secretary-transportation-the-authority-the-president
2882,11537,"June 16, 1970",https://www.presidency.ucsb.edu/documents/executive-order-11537-amending-the-selective-service-regulations-concerning-the-ordering
2883,11536,"June 13, 1970",https://www.presidency.ucsb.edu/documents/executive-order-11536-establishing-the-presidents-commission-campus-unrest
2884,11535,"June 12, 1970",https://www.presidency.ucsb.edu/documents/executive-order-11535-providing-for-inspection-certain-tax-returns-the-house-committee-the
2885,11534,"June 04, 1970",https://www.presidency.ucsb.edu/documents/executive-order-11534-establishing-the-national-council-organized-crime
2886,11533,"June 04, 1970",https://www.presidency.ucsb.edu/documents/executive-order-11533-administration-the-export-administration-act-1969
2892,11527,"April 23, 1970",https://www.presidency.ucsb.edu/documents/executive-order-11527-amending-the-selective-service-regulations
2893,11526,"April 22, 1970",https://www.presidency.ucsb.edu/documents/executive-order-11526-establishing-the-national-council-federal-disaster-assistance
2900,11519,"March 23, 1970",https://www.presidency.ucsb.edu/documents/executive-order-11519-calling-into-service-members-and-units-the-national-guard
2901,11518,"March 20, 1970",https://www.presidency.ucsb.edu/documents/executive-order-11518-providing-for-the-increased-representation-the-interests-small
2914,11505,"January 21, 1970",https://www.presidency.ucsb.edu/documents/executive-order-11505-providing-for-inspection-certain-tax-returns-the-senate-committee
2918,11501,"December 22, 1969",https://www.presidency.ucsb.edu/documents/executive-order-11501-administration-foreign-military-sales
2921,11498,"December 01, 1969",https://www.presidency.ucsb.edu/documents/executive-order-11498-delegating-the-secretary-defense-the-authority-approve-regulations
2922,11497,"November 26, 1969",https://www.presidency.ucsb.edu/documents/executive-order-11497-amending-the-selective-service-regulations-prescribe-random
2923,11496,"November 21, 1969",https://www.presidency.ucsb.edu/documents/executive-order-11496-regulation-governing-the-entry-or-withdrawal-from-warehouse-certain
2924,11495,"November 18, 1969",https://www.presidency.ucsb.edu/documents/executive-order-11495-providing-for-the-administration-the-disaster-relief-act-1969
2925,11494,"November 13, 1969",https://www.presidency.ucsb.edu/documents/executive-order-11494-establishing-the-presidential-citizens-medal
2926,11493,"November 13, 1969",https://www.presidency.ucsb.edu/documents/executive-order-11493-establishing-the-council-for-rural-affairs
2933,11486,"October 03, 1969",https://www.presidency.ucsb.edu/documents/executive-order-11486-creating-emergency-board-investigate-disputes-between-the-carriers
2935,11484,"September 29, 1969",https://www.presidency.ucsb.edu/documents/executive-order-11484-designating-the-united-international-bureaux-for-the-protection
2938,11481,"September 10, 1969",https://www.presidency.ucsb.edu/documents/executive-order-11481-the-honorable-everett-mckinley-dirksen
2939,11480,"September 09, 1969",https://www.presidency.ucsb.edu/documents/executive-order-11480-the-presidents-committee-employment-the-handicapped
2940,11479,"September 08, 1969",https://www.presidency.ucsb.edu/documents/executive-order-11479-the-honorable-everett-mckinley-dirksen
2942,11477,"August 07, 1969",https://www.presidency.ucsb.edu/documents/executive-order-11477-authorizing-the-atomic-energy-commission-make-certain-awards-without
2943,11476,"June 19, 1969",https://www.presidency.ucsb.edu/documents/executive-order-11476-prescribing-the-manual-for-courts-martial-united-states-1969-revised
2944,11475,"June 16, 1969",https://www.presidency.ucsb.edu/documents/executive-order-11475-adjusting-the-rates-monthly-basic-pay-for-members-the-uniformed
2945,11474,"June 16, 1969",https://www.presidency.ucsb.edu/documents/executive-order-11474-adjusting-rates-pay-for-certain-statutory-schedules
2948,11471,"May 28, 1969",https://www.presidency.ucsb.edu/documents/executive-order-11471-relating-the-implementation-the-convention-the-service-abroad
2949,11470,"May 26, 1969",https://www.presidency.ucsb.edu/documents/executive-order-11470-prescribing-arrangements-for-the-structure-and-conduct-national
2952,11467,"May 01, 1969",https://www.presidency.ucsb.edu/documents/executive-order-11467-delegating-the-secretary-state-authority-approve-or-reject
2953,11466,"April 18, 1969",https://www.presidency.ucsb.edu/documents/executive-order-11466-administration-certain-jointly-funded-projects
2954,11465,"April 10, 1969",https://www.presidency.ucsb.edu/documents/executive-order-11465-inspection-income-excess-profits-estate-and-gift-tax-returns-the
2955,11464,"April 03, 1969",https://www.presidency.ucsb.edu/documents/executive-order-11464-modifying-rates-interest-equalization-tax
2957,11462,"March 28, 1969",https://www.presidency.ucsb.edu/documents/executive-order-11462-providing-for-the-closing-government-departments-and-agencies-march
2958,11461,"March 27, 1969",https://www.presidency.ucsb.edu/documents/executive-order-11461-inspection-income-estate-and-gift-tax-returns-the-committee-public
2960,11459,"March 07, 1969",https://www.presidency.ucsb.edu/documents/executive-order-11459-designation-the-secretary-transportation-approve-and-certificate
2964,11456,"February 14, 1969",https://www.presidency.ucsb.edu/documents/executive-order-11456-providing-for-special-assistant-the-president-for-liaison-with
2965,11454,"February 07, 1969",https://www.presidency.ucsb.edu/documents/executive-order-11454-inspection-income-excess-profits-estate-and-gift-tax-returns-the
2966,11453,"January 24, 1969",https://www.presidency.ucsb.edu/documents/executive-order-11453-establishing-the-cabinet-committee-economic-policy
2967,11452,"January 23, 1969",https://www.presidency.ucsb.edu/documents/executive-order-11452-establishing-the-council-for-urban-affairs
2968,11451,"January 19, 1969",https://www.presidency.ucsb.edu/documents/executive-order-11451-establishing-the-presidents-commission-personnel-interchange
2969,11450,"January 18, 1969",https://www.presidency.ucsb.edu/documents/executive-order-11450-designation-the-secretary-the-treasury-authorize-associations-issue
2971,11448,"January 16, 1969",https://www.presidency.ucsb.edu/documents/executive-order-11448-establishing-the-meritorious-service-medal
2972,11446,"January 16, 1969",https://www.presidency.ucsb.edu/documents/executive-order-11446-authorizing-the-acceptance-service-medals-and-ribbons-from
2973,11447,"January 16, 1969",https://www.presidency.ucsb.edu/documents/executive-order-11447-interagency-advisory-committee-compensation-for-motor-vehicle
2974,11444,"January 13, 1969",https://www.presidency.ucsb.edu/documents/executive-order-11444-creating-emergency-board-investigate-disputes-between-the-carriers
2975,11445,"January 13, 1969",https://www.presidency.ucsb.edu/documents/executive-order-11445-creating-emergency-board-investigate-disputes-between-the-carriers
2976,11443,"January 13, 1969",https://www.presidency.ucsb.edu/documents/executive-order-11443-creating-emergency-board-investigate-disputes-between-the-carriers
2977,11442,"December 27, 1968",https://www.presidency.ucsb.edu/documents/executive-order-11442-creating-emergency-board-investigate-dispute-between-the-long-island
2979,11440,"December 11, 1968",https://www.presidency.ucsb.edu/documents/executive-order-11440-providing-for-the-supplemental-use-exhibits-and-displays-created
2981,11438,"December 03, 1968",https://www.presidency.ucsb.edu/documents/executive-order-11438-prescribing-procedures-governing-interdepartmental-cash-awards-the
2983,11436,"December 02, 1968",https://www.presidency.ucsb.edu/documents/executive-order-11436-suspending-the-provisions-section-6372-title-10-the-united-states
2984,11435,"November 21, 1968",https://www.presidency.ucsb.edu/documents/executive-order-11435-designating-the-secretary-the-interior-accept-behalf-the-united
2988,11431,"September 30, 1968",https://www.presidency.ucsb.edu/documents/executive-order-11431-creating-board-inquiry-report-certain-labor-disputes-affecting-the
2989,11430,"September 11, 1968",https://www.presidency.ucsb.edu/documents/executive-order-11430-prescribing-the-manual-for-courts-martial-united-states-1969
2993,11426,"August 31, 1968",https://www.presidency.ucsb.edu/documents/executive-order-11426-federal-state-liaison-and-cooperation
2999,11420,"July 31, 1968",https://www.presidency.ucsb.edu/documents/executive-order-11420-establishing-the-export-expansion-advisory-committee
3001,11418,"July 27, 1968",https://www.presidency.ucsb.edu/documents/executive-order-11418-extending-the-life-the-presidents-advisory-council-cost-reduction
3005,11413,"June 11, 1968",https://www.presidency.ucsb.edu/documents/executive-order-11413-adjusting-rates-pay-for-certain-statutory-schedules
3006,11414,"June 11, 1968",https://www.presidency.ucsb.edu/documents/executive-order-11414-adjusting-the-rates-monthly-basic-pay-for-members-the-uniformed
3007,11412,"June 10, 1968",https://www.presidency.ucsb.edu/documents/executive-order-11412-establishing-national-commission-the-causes-and-prevention-violence
3011,11408,"April 25, 1968",https://www.presidency.ucsb.edu/documents/executive-order-11408-revoking-executive-order-no-9-january-17-1873-and-amendatory-orders
3015,11405,"April 07, 1968",https://www.presidency.ucsb.edu/documents/executive-order-11405-providing-for-the-restoration-law-and-order-the-state-maryland
3016,11403,"April 05, 1968",https://www.presidency.ucsb.edu/documents/executive-order-11403-providing-for-the-restoration-law-and-order-the-washington
3020,11399,"March 06, 1968",https://www.presidency.ucsb.edu/documents/executive-order-11399-establishing-the-national-council-indian-opportunity
3022,11397,"February 09, 1968",https://www.presidency.ucsb.edu/documents/executive-order-11397-authorizing-transitional-appointments-veterans-who-have-served
3023,11396,"February 07, 1968",https://www.presidency.ucsb.edu/documents/executive-order-11396-providing-for-the-coordination-the-attorney-general-federal-law
3025,11394,"January 30, 1968",https://www.presidency.ucsb.edu/documents/executive-order-11394-establishing-the-presidents-commission-for-the-observance-human
3027,11392,"January 25, 1968",https://www.presidency.ucsb.edu/documents/executive-order-11392-ordering-certain-units-the-ready-reserve-the-naval-reserve-air-force
3030,11390,"January 22, 1968",https://www.presidency.ucsb.edu/documents/executive-order-11390-delegation-certain-functions-the-president-the-secretary-defense
3032,11387,"January 01, 1968",https://www.presidency.ucsb.edu/documents/executive-order-11387-governing-certain-capital-transfers-abroad
3036,11383,"November 30, 1967",https://www.presidency.ucsb.edu/documents/executive-order-11383-inspection-income-excess-profits-estate-and-gift-tax-returns-the
3040,11379,"November 08, 1967",https://www.presidency.ucsb.edu/documents/executive-order-11379-designating-officials-act-commissioner-the-district-columbia
3042,11377,"October 23, 1967",https://www.presidency.ucsb.edu/documents/executive-order-11377-providing-for-tariff-commission-reports-regarding-the-estimated
3045,11374,"October 11, 1967",https://www.presidency.ucsb.edu/documents/executive-order-11374-abolishing-the-missile-sites-labor-commission-and-providing-for-the
3046,11373,"September 20, 1967",https://www.presidency.ucsb.edu/documents/executive-order-11373-providing-for-certain-transfers-from-the-national-capital
3047,11372,"September 18, 1967",https://www.presidency.ucsb.edu/documents/executive-order-11372-designating-the-lake-ontario-claims-tribunal-public-international
3048,11371,"September 06, 1967",https://www.presidency.ucsb.edu/documents/executive-order-11371-establishment-the-new-england-river-basins-commission
3049,11370,"August 30, 1967",https://www.presidency.ucsb.edu/documents/executive-order-11370-inspection-income-estate-and-gift-tax-returns-the-committee-public
3056,11363,"July 20, 1967",https://www.presidency.ucsb.edu/documents/executive-order-11363-designating-the-international-secretariat-for-volunteer-service
3060,11359-A,"June 29, 1967",https://www.presidency.ucsb.edu/documents/executive-order-11359-adding-the-secretary-transportation-the-membership-the-presidents
3061,11359,"June 20, 1967",https://www.presidency.ucsb.edu/documents/executive-order-11359-establishment-the-souris-red-rainy-river-basins-commission
3062,11358,"June 06, 1967",https://www.presidency.ucsb.edu/documents/executive-order-11358-inspection-income-excess-profits-estate-and-gift-tax-returns-the
3063,11357,"June 06, 1967",https://www.presidency.ucsb.edu/documents/executive-order-11357-administration-the-national-traffic-and-motor-vehicle-safety-act
3064,11356,"May 30, 1967",https://www.presidency.ucsb.edu/documents/executive-order-11356-creating-emergency-board-investigate-disputes-between-the-carriers
3069,11352,"May 22, 1967",https://www.presidency.ucsb.edu/documents/executive-order-11352-suspending-provision-section-5751b-title-10-united-states-code-which
3072,11348,"April 20, 1967",https://www.presidency.ucsb.edu/documents/executive-order-11348-providing-for-the-further-training-government-employees
3074,11345,"April 20, 1967",https://www.presidency.ucsb.edu/documents/executive-order-11345-establishment-the-great-lakes-basin-commission
3076,11344,"April 15, 1967",https://www.presidency.ucsb.edu/documents/executive-order-11344-creating-board-inquiry-report-labor-dispute-affecting-the-military
3077,11343,"April 12, 1967",https://www.presidency.ucsb.edu/documents/executive-order-11343-creating-emergency-board-investigate-the-disputes-between-the-long
3079,11341,"April 08, 1967",https://www.presidency.ucsb.edu/documents/executive-order-11341-establishing-the-presidents-commission-postal-organization
3080,11340,"March 30, 1967",https://www.presidency.ucsb.edu/documents/executive-order-11340-effective-date-department-transportation-act
3083,11337,"March 25, 1967",https://www.presidency.ucsb.edu/documents/executive-order-11337-inspection-income-excess-profits-estate-and-gift-tax-returns-the
3084,11336,"March 22, 1967",https://www.presidency.ucsb.edu/documents/executive-order-11336-delegating-the-secretary-agriculture-certain-authority-relating
3087,11333,"March 07, 1967",https://www.presidency.ucsb.edu/documents/executive-order-11333-partially-suspending-section-6374-title-10-the-united-states-code
3088,11332,"March 07, 1967",https://www.presidency.ucsb.edu/documents/executive-order-11332-inspection-income-excess-profits-estate-and-gift-tax-returns-the
3089,11331,"March 06, 1967",https://www.presidency.ucsb.edu/documents/executive-order-11331-establishment-the-pacific-northwest-river-basins-commission
3090,11330,"March 05, 1967",https://www.presidency.ucsb.edu/documents/executive-order-11330-providing-for-the-coordination-youth-opportunity-programs
3091,11329,"March 02, 1967",https://www.presidency.ucsb.edu/documents/executive-order-11329-creating-board-inquiry-report-labor-dispute-affecting-the
3093,11327,"February 15, 1967",https://www.presidency.ucsb.edu/documents/executive-order-11327-assigning-authority-order-certain-persons-the-ready-reserve-active
3095,11325,"January 30, 1967",https://www.presidency.ucsb.edu/documents/executive-order-11325-prescribing-new-part-the-selective-service-regulations
3096,11324,"January 28, 1967",https://www.presidency.ucsb.edu/documents/executive-order-11324-creating-emergency-board-investigate-disputes-between-the-carriers
3099,11321,"December 19, 1966",https://www.presidency.ucsb.edu/documents/executive-order-11321-creating-board-inquiry-report-labor-dispute-affecting-the-military
3100,11320,"December 12, 1966",https://www.presidency.ucsb.edu/documents/executive-order-11320-delegating-authority-prescribe-rules-and-regulations-relating
3102,11318,"December 05, 1966",https://www.presidency.ucsb.edu/documents/executive-order-11318-designating-the-european-space-research-organization-public
3107,11314,"October 17, 1966",https://www.presidency.ucsb.edu/documents/executive-order-11314-creating-board-inquiry-report-certain-labor-disputes-affecting-the
3108,11311,"October 14, 1966",https://www.presidency.ucsb.edu/documents/executive-order-11311-carrying-out-provisions-the-beirut-agreement-1948-relating-audio
3109,11312,"October 14, 1966",https://www.presidency.ucsb.edu/documents/executive-order-11312-designating-the-secretary-state-perform-functions-relating-certain
3110,11310,"October 11, 1966",https://www.presidency.ucsb.edu/documents/executive-order-11310-assigning-emergency-preparedness-functions-the-attorney-general
3112,11308,"September 30, 1966",https://www.presidency.ucsb.edu/documents/executive-order-11308-creating-emergency-board-investigate-dispute-between-the-pan
3114,11306,"September 27, 1966",https://www.presidency.ucsb.edu/documents/executive-order-11306-establishing-the-presidents-committee-rural-poverty-and-the-national
3119,11301,"September 02, 1966",https://www.presidency.ucsb.edu/documents/executive-order-11301-establishing-the-presidents-committee-libraries-and-the-national
3120,11300,"August 17, 1966",https://www.presidency.ucsb.edu/documents/executive-order-11300-relating-the-implementation-the-convention-between-the-united-states
3122,11298,"August 14, 1966",https://www.presidency.ucsb.edu/documents/executive-order-11298-prescribing-the-interest-rate-for-deposit-savings-members-the
3123,11297,"August 11, 1966",https://www.presidency.ucsb.edu/documents/executive-order-11297-coordination-federal-urban-programs
3124,11296,"August 10, 1966",https://www.presidency.ucsb.edu/documents/executive-order-11296-evaluation-flood-hazard-locating-federally-owned-or-financed
3125,11295,"August 05, 1966",https://www.presidency.ucsb.edu/documents/executive-order-11295-rules-governing-the-granting-issuing-and-verifying-united-states
3129,11291,"July 27, 1966",https://www.presidency.ucsb.edu/documents/executive-order-11291-creating-emergency-board-investigate-dispute-between-the-american
3131,11289,"July 02, 1966",https://www.presidency.ucsb.edu/documents/executive-order-11289-national-advisory-commission-selective-service
3137,11283,"May 27, 1966",https://www.presidency.ucsb.edu/documents/executive-order-11283-designating-the-international-cotton-institute-public-international
3140,11280,"May 11, 1966",https://www.presidency.ucsb.edu/documents/executive-order-11280-establishing-the-presidents-committee-mental-retardation
3141,11279,"May 07, 1966",https://www.presidency.ucsb.edu/documents/executive-order-11279-establishing-the-presidents-committee-health-manpower-and-the
3143,11277,"April 30, 1966",https://www.presidency.ucsb.edu/documents/executive-order-11277-designating-the-international-telecommunications-satellite
3144,11276,"April 21, 1966",https://www.presidency.ucsb.edu/documents/executive-order-11276-creating-emergency-board-investigate-disputes-between-the-carriers
3149,11271,"February 21, 1966",https://www.presidency.ucsb.edu/documents/executive-order-11271-fleet-admiral-chester-e-nimitz
3150,11270,"February 19, 1966",https://www.presidency.ucsb.edu/documents/executive-order-11270-suspension-section-5232b-title-10-united-states-code-which-relates
3153,11267,"January 19, 1966",https://www.presidency.ucsb.edu/documents/executive-order-11267-relating-the-implementation-the-treaty-friendship-and-general
3165,11255,"November 01, 1965",https://www.presidency.ucsb.edu/documents/executive-order-11255-designation-vietnam-and-waters-adjacent-thereto-overseas-combat-area
3166,11254,"October 21, 1965",https://www.presidency.ucsb.edu/documents/executive-order-11254-establishing-the-automotive-agreement-adjustment-assistance-board
3171,11248,"October 10, 1965",https://www.presidency.ucsb.edu/documents/executive-order-11248-placing-certain-positions-levels-iv-and-v-the-federal-executive
3177,11243,"September 11, 1965",https://www.presidency.ucsb.edu/documents/executive-order-11243-creating-emergency-board-investigate-dispute-between-the-atchison
3180,11240,"August 04, 1965",https://www.presidency.ucsb.edu/documents/executive-order-11240-the-board-the-foreign-service-and-the-board-examiners-for-the
3182,11238,"July 28, 1965",https://www.presidency.ucsb.edu/documents/executive-order-11238-establishing-national-advisory-council-international-monetary-and
3183,11237,"July 27, 1965",https://www.presidency.ucsb.edu/documents/executive-order-11237-prescribing-regulations-for-coordinating-planning-and-the
3184,11236,"July 23, 1965",https://www.presidency.ucsb.edu/documents/executive-order-11236-establishing-the-presidents-commission-law-enforcement-and
3187,11233,"July 14, 1965",https://www.presidency.ucsb.edu/documents/executive-order-11233-adlai-e-stevenson
3188,11232,"July 08, 1965",https://www.presidency.ucsb.edu/documents/executive-order-11232-suspension-the-provision-section-5751b-title-10-united-states-code
3191,11229,"June 14, 1965",https://www.presidency.ucsb.edu/documents/executive-order-11229-participation-the-international-coffee-organization
3193,11227,"June 02, 1965",https://www.presidency.ucsb.edu/documents/executive-order-11227-designating-the-interim-communications-satellite-committee-public
3195,11225,"May 22, 1965",https://www.presidency.ucsb.edu/documents/executive-order-11225-designating-the-international-coffee-organization-public
3199,11221,"May 06, 1965",https://www.presidency.ucsb.edu/documents/executive-order-11221-amendment-executive-order-no-11126-relating-the-status-women
3200,11219,"May 06, 1965",https://www.presidency.ucsb.edu/documents/executive-order-11219-providing-for-the-appointment-the-competitive-service-certain
3201,11220,"May 06, 1965",https://www.presidency.ucsb.edu/documents/executive-order-11220-transferring-lands-the-state-washington-from-the-okanogan-national
3202,11216,"April 24, 1965",https://www.presidency.ucsb.edu/documents/executive-order-11216-designation-vietnam-and-waters-adjacent-thereto-combat-zone-for-the
3203,11218,"April 24, 1965",https://www.presidency.ucsb.edu/documents/executive-order-11218-amending-executive-order-no-11017-so-make-the-chairman-the-tennessee
3204,11217,"April 24, 1965",https://www.presidency.ucsb.edu/documents/executive-order-11217-inspection-income-excess-profits-estate-and-gift-tax-returns-he
3205,11215,"April 08, 1965",https://www.presidency.ucsb.edu/documents/executive-order-11215-establishing-the-presidents-commission-the-patent-system
3207,11211,"April 02, 1965",https://www.presidency.ucsb.edu/documents/executive-order-11211-exclusion-for-original-or-new-japanese-issues-required-for
3208,11212,"April 02, 1965",https://www.presidency.ucsb.edu/documents/executive-order-11212-including-certain-lands-within-the-boundaries-the-allegheny-national
3211,11210,"March 25, 1965",https://www.presidency.ucsb.edu/documents/executive-order-11210-establishing-temporary-commission-pennsylvania-avenue
3213,11207,"March 20, 1965",https://www.presidency.ucsb.edu/documents/executive-order-11207-providing-federal-assistance-the-state-alabama
3214,11206,"March 18, 1965",https://www.presidency.ucsb.edu/documents/executive-order-11206-inspection-interest-equalization-tax-returns
3217,11204,"March 12, 1965",https://www.presidency.ucsb.edu/documents/executive-order-11204-inspection-income-estate-and-gift-tax-returns-the-committee-public
3218,11202,"March 05, 1965",https://www.presidency.ucsb.edu/documents/executive-order-11202-permitting-student-trainees-be-given-career-or-career-conditional
3219,11201,"March 04, 1965",https://www.presidency.ucsb.edu/documents/executive-order-11201-inspection-income-excess-profits-estate-and-gift-tax-returns-the
3223,11197,"February 05, 1965",https://www.presidency.ucsb.edu/documents/executive-order-11197-establishing-the-presidents-council-equal-opportunity
3226,11194,"January 26, 1965",https://www.presidency.ucsb.edu/documents/executive-order-11194-inspection-income-excess-profits-estate-and-gift-tax-returns-the
3227,11193,"January 24, 1965",https://www.presidency.ucsb.edu/documents/executive-order-11193-winston-spencer-churchill
3228,11192,"January 13, 1965",https://www.presidency.ucsb.edu/documents/executive-order-11192-inspection-income-estate-and-gift-tax-returns-the-senate-committee
3230,11190,"December 29, 1964",https://www.presidency.ucsb.edu/documents/executive-order-11190-providing-for-the-screening-the-ready-reserve-the-armed-forces
3231,11189,"November 23, 1964",https://www.presidency.ucsb.edu/documents/executive-order-11189-placing-certain-positions-levels-iv-and-v-the-federal-executive
3233,11187,"October 24, 1964",https://www.presidency.ucsb.edu/documents/executive-order-11187-permitting-certain-employees-the-postal-field-service-be-given
3234,11186,"October 23, 1964",https://www.presidency.ucsb.edu/documents/executive-order-11186-establishing-the-federal-development-planning-committee-for
3235,11185,"October 16, 1964",https://www.presidency.ucsb.edu/documents/executive-order-11185-facilitate-coordination-federal-education-programs
3237,11183,"October 03, 1964",https://www.presidency.ucsb.edu/documents/executive-order-11183-establishing-the-presidents-commission-white-house-fellowships
3239,11181,"September 30, 1964",https://www.presidency.ucsb.edu/documents/executive-order-11181-creating-board-inquiry-report-certain-labor-disputes-affecting-the
3240,11180,"September 24, 1964",https://www.presidency.ucsb.edu/documents/executive-order-11180-creating-emergency-board-investigate-disputes-between-the-carriers
3241,11179,"September 22, 1964",https://www.presidency.ucsb.edu/documents/executive-order-11179-providing-for-the-national-defense-executive-reserve
3243,11177,"September 16, 1964",https://www.presidency.ucsb.edu/documents/executive-order-11177-providing-for-certain-arrangements-under-the-columbia-river-treaty
3244,11176,"September 03, 1964",https://www.presidency.ucsb.edu/documents/executive-order-11176-inspection-certain-interest-equalization-tax-information-returns-the
3245,11175,"September 02, 1964",https://www.presidency.ucsb.edu/documents/executive-order-11175-exclusion-for-original-or-new-canadian-issues-required-for
3246,11174,"September 01, 1964",https://www.presidency.ucsb.edu/documents/executive-order-11174-establishing-the-presidential-service-certificate-and-the
3248,11172,"August 19, 1964",https://www.presidency.ucsb.edu/documents/executive-order-11172-setting-aside-for-the-use-the-united-states-certain-public-lands-and
3249,11168,"August 18, 1964",https://www.presidency.ucsb.edu/documents/executive-order-11168-creating-emergency-board-investigate-disputes-between-the-carriers
3251,11169,"August 18, 1964",https://www.presidency.ucsb.edu/documents/executive-order-11169-creating-emergency-board-investigate-disputes-between-the-carriers
3252,11170,"August 18, 1964",https://www.presidency.ucsb.edu/documents/executive-order-11170-creating-emergency-board-investigate-disputes-between-the-carriers
3253,11167,"August 15, 1964",https://www.presidency.ucsb.edu/documents/executive-order-11167-setting-aside-for-the-use-the-united-states-certain-public-lands-and
3254,11166,"August 15, 1964",https://www.presidency.ucsb.edu/documents/executive-order-11166-setting-aside-for-the-use-the-united-states-certain-public-lands-and
3255,11165,"August 15, 1964",https://www.presidency.ucsb.edu/documents/executive-order-11165-setting-aside-for-the-use-the-united-states-certain-public-lands-and
3259,11161,"July 07, 1964",https://www.presidency.ucsb.edu/documents/executive-order-11161-relating-certain-relationships-between-the-department-defense-and
3260,11160,"July 06, 1964",https://www.presidency.ucsb.edu/documents/executive-order-11160-prescribing-regulations-relating-medical-care-for-retired-ships
3263,11158,"June 22, 1964",https://www.presidency.ucsb.edu/documents/executive-order-11158-designating-the-attorney-general-the-officer-authorized-administer
3264,11156,"June 17, 1964",https://www.presidency.ucsb.edu/documents/executive-order-11156-establishing-maritime-advisory-committee
3265,11155,"May 23, 1964",https://www.presidency.ucsb.edu/documents/executive-order-11155-providing-for-the-recognition-certain-students-presidential-scholars
3267,11153,"April 17, 1964",https://www.presidency.ucsb.edu/documents/executive-order-11153-inspection-income-estate-and-gift-tax-returns-the-senate-committee
3268,11152,"April 15, 1964",https://www.presidency.ucsb.edu/documents/executive-order-11152-establishing-the-presidents-committee-manpower
3269,11151,"April 08, 1964",https://www.presidency.ucsb.edu/documents/executive-order-11151-suspension-the-provisions-section-5770-title-10-united-states-code
3270,11150,"April 02, 1964",https://www.presidency.ucsb.edu/documents/executive-order-11150-establishing-the-federal-reconstruction-and-development-planning
3271,11149,"April 01, 1964",https://www.presidency.ucsb.edu/documents/executive-order-11149-establishing-the-presidents-advisory-committee-supersonic-transport
3275,11145,"March 07, 1964",https://www.presidency.ucsb.edu/documents/executive-order-11145-providing-for-curator-the-white-house-and-establishing-committee-for
3276,11144,"March 05, 1964",https://www.presidency.ucsb.edu/documents/executive-order-11144-establishing-the-temporary-alaska-claims-commission
3282,11139,"January 07, 1964",https://www.presidency.ucsb.edu/documents/executive-order-11139-authorizing-acceptance-the-united-nations-medal-and-service-ribbon
3284,11135,"January 03, 1964",https://www.presidency.ucsb.edu/documents/executive-order-11135-creating-emergency-board-investigate-disputes-between-the-carriers
3287,11133,"December 17, 1963",https://www.presidency.ucsb.edu/documents/executive-order-11133-inspection-income-estate-and-gift-tax-returns-the-senate-committee
3288,11132,"December 12, 1963",https://www.presidency.ucsb.edu/documents/executive-order-11132-establishing-the-interagency-committee-export-expansion
3289,11131,"December 11, 1963",https://www.presidency.ucsb.edu/documents/executive-order-11131-creating-emergency-board-investigate-disputes-between-the-braniff
3290,11129,"November 29, 1963",https://www.presidency.ucsb.edu/documents/executive-order-11129-designating-facilities-florida-the-john-f-kennedy-space-center
3291,11130,"November 29, 1963",https://www.presidency.ucsb.edu/documents/executive-order-11130-appointing-commission-report-upon-the-assassination-president-john-f
3292,11128,"November 23, 1963",https://www.presidency.ucsb.edu/documents/executive-order-11128-closing-government-departments-and-agencies-november-25-1963
3293,11127,"November 09, 1963",https://www.presidency.ucsb.edu/documents/executive-order-11127-creating-emergency-board-investigate-dispute-between-the-florida
3299,11121,"October 09, 1963",https://www.presidency.ucsb.edu/documents/executive-order-11121-creating-emergency-board-investigate-dispute-between-the-united-air
3302,11118,"September 10, 1963",https://www.presidency.ucsb.edu/documents/executive-order-11118-providing-assistance-for-removal-unlawful-obstructions-justice-the
3308,11112,"June 12, 1963",https://www.presidency.ucsb.edu/documents/executive-order-11112-establishing-the-presidents-advisory-council-the-arts
3309,11111,"June 11, 1963",https://www.presidency.ucsb.edu/documents/executive-order-11111-providing-assistance-for-the-removal-obstructions-justice-and
3311,11109,"May 27, 1963",https://www.presidency.ucsb.edu/documents/executive-order-11109-inspection-income-excess-profits-estate-and-gift-tax-returns-the
3312,11108,"May 22, 1963",https://www.presidency.ucsb.edu/documents/executive-order-11108-delegating-authority-under-the-international-wheat-agreement-act
3313,11107,"April 25, 1963",https://www.presidency.ucsb.edu/documents/executive-order-11107-administration-alaska-railroads
3316,11104,"April 12, 1963",https://www.presidency.ucsb.edu/documents/executive-order-11104-uss-thresher
3317,11103,"April 10, 1963",https://www.presidency.ucsb.edu/documents/executive-order-11103-providing-for-the-appointment-former-peace-corps-volunteers-the
3318,11102,"April 04, 1963",https://www.presidency.ucsb.edu/documents/executive-order-11102-inspection-returns-possessions-the-united-states
3319,11101,"April 03, 1963",https://www.presidency.ucsb.edu/documents/executive-order-11101-creating-emergency-board-investigate-disputes-between-the-carriers
3320,11100,"March 30, 1963",https://www.presidency.ucsb.edu/documents/executive-order-11100-establishing-the-presidents-commission-registration-and-voting
3321,11099,"March 14, 1963",https://www.presidency.ucsb.edu/documents/executive-order-11099-inspection-income-estate-and-gift-tax-returns-the-house-committee
3322,11098,"March 14, 1963",https://www.presidency.ucsb.edu/documents/executive-order-11098-amending-the-selective-service-regulations
3323,11096,"February 28, 1963",https://www.presidency.ucsb.edu/documents/executive-order-11096-establishing-seal-for-the-united-states-civil-service-commission
3329,11087,"February 26, 1963",https://www.presidency.ucsb.edu/documents/executive-order-11087-assigning-emergency-preparedness-functions-the-secretary-state
3330,11090,"February 26, 1963",https://www.presidency.ucsb.edu/documents/executive-order-11090-assigning-emergency-preparedness-functions-the-civil-aeronautics
3332,11089,"February 26, 1963",https://www.presidency.ucsb.edu/documents/executive-order-11089-assigning-emergency-preparedness-functions-the-atomic-energy
3340,11080,"January 29, 1963",https://www.presidency.ucsb.edu/documents/executive-order-11080-inspection-income-excess-profits-estate-and-gift-tax-returns-the
3341,11079,"January 25, 1963",https://www.presidency.ucsb.edu/documents/executive-order-11079-providing-for-the-prescribing-regulations-under-which-members-the
3344,11076,"January 15, 1963",https://www.presidency.ucsb.edu/documents/executive-order-11076-establishing-the-presidents-advisory-commission-narcotic-and-drug
3348,11072,"December 28, 1962",https://www.presidency.ucsb.edu/documents/executive-order-11072-extending-the-exterior-boundaries-the-superior-national-forest
3349,11071,"December 27, 1962",https://www.presidency.ucsb.edu/documents/executive-order-11071-designation-certain-foreign-countries-economically-less-developed
3351,11069,"November 28, 1962",https://www.presidency.ucsb.edu/documents/executive-order-11069-amending-executive-order-no-11017-so-designate-the-secretary
3352,11068,"November 28, 1962",https://www.presidency.ucsb.edu/documents/executive-order-11068-creating-board-inquiry-report-labor-dispute-affecting-the-ballistics
3355,11065,"November 21, 1962",https://www.presidency.ucsb.edu/documents/executive-order-11065-inspection-income-excess-profits-estate-and-gift-tax-returns-the
3361,11059,"October 23, 1962",https://www.presidency.ucsb.edu/documents/executive-order-11059-designating-public-international-organizations-entitled-enjoy
3362,11058,"October 23, 1962",https://www.presidency.ucsb.edu/documents/executive-order-11058-assigning-authority-with-respect-ordering-persons-and-units-the
3364,11056,"October 11, 1962",https://www.presidency.ucsb.edu/documents/executive-order-11056-assigning-the-civil-service-commission-certain-authority-with
3365,11055,"October 09, 1962",https://www.presidency.ucsb.edu/documents/executive-order-11055-inspection-income-tax-returns-the-house-select-committee-small
3366,11054,"October 01, 1962",https://www.presidency.ucsb.edu/documents/executive-order-11054-creating-board-inquiry-report-certain-labor-disputes-affecting-the
3367,11053,"September 30, 1962",https://www.presidency.ucsb.edu/documents/executive-order-11053-providing-assistance-for-the-removal-unlawful-obstructions-justice
3368,11052,"September 28, 1962",https://www.presidency.ucsb.edu/documents/executive-order-11052-cotton-textiles-and-cotton-textile-products
3371,11049,"September 14, 1962",https://www.presidency.ucsb.edu/documents/executive-order-11049-providing-for-the-carrying-out-the-public-works-acceleration-act
3372,11048,"September 04, 1962",https://www.presidency.ucsb.edu/documents/executive-order-11048-administration-wake-island-and-midway-island
3374,11046,"August 24, 1962",https://www.presidency.ucsb.edu/documents/executive-order-11046-authorizing-award-the-bronze-star-medal
3377,11043,"August 14, 1962",https://www.presidency.ucsb.edu/documents/executive-order-11043-creating-emergency-board-investigate-dispute-between-the-pan
3378,11042,"August 10, 1962",https://www.presidency.ucsb.edu/documents/executive-order-11042-creating-emergency-board-investigate-dispute-between-the-southern
3380,11040,"August 06, 1962",https://www.presidency.ucsb.edu/documents/executive-order-11040-creating-emergency-board-investigate-dispute-between-the-belt
3382,11038,"July 23, 1962",https://www.presidency.ucsb.edu/documents/executive-order-11038-continuing-effect-executive-order-no-10945-may-24-1961-relating-the
3383,11037,"July 20, 1962",https://www.presidency.ucsb.edu/documents/executive-order-11037-amendment-section-12-executive-order-no-6260-august-28-1933-amended
3385,11035,"July 09, 1962",https://www.presidency.ucsb.edu/documents/executive-order-11035-management-federal-office-space
3387,11033,"June 20, 1962",https://www.presidency.ucsb.edu/documents/executive-order-11033-creating-emergency-board-investigate-disputes-between-the-american
3388,11031,"June 19, 1962",https://www.presidency.ucsb.edu/documents/executive-order-11031-quetico-superior-committee
3390,11032,"June 19, 1962",https://www.presidency.ucsb.edu/documents/executive-order-11032-amendment-executive-order-no-5952-november-23-1932-amended
3393,11027,"June 08, 1962",https://www.presidency.ucsb.edu/documents/executive-order-11027-creating-emergency-board-investigate-dispute-between-the-new-york
3395,11025,"June 07, 1962",https://www.presidency.ucsb.edu/documents/executive-order-11025-creating-board-inquiry-report-labor-dispute-affecting-the-aircraft
3396,11024,"June 04, 1962",https://www.presidency.ucsb.edu/documents/executive-order-11024-exemption-alan-t-waterman-from-compulsory-retirement-for-age
3397,11023,"May 28, 1962",https://www.presidency.ucsb.edu/documents/executive-order-11023-providing-for-the-performance-the-secretary-commerce-certain
3398,11022,"May 14, 1962",https://www.presidency.ucsb.edu/documents/executive-order-11022-establishing-this-presidents-council-aging
3399,11020,"May 07, 1962",https://www.presidency.ucsb.edu/documents/executive-order-11020-inspection-income-excess-profits-estate-and-gift-tax-returns-the
3405,11015,"April 23, 1962",https://www.presidency.ucsb.edu/documents/executive-order-11015-creating-emergency-board-investigate-disputes-between-the-chicago
3406,11014,"April 17, 1962",https://www.presidency.ucsb.edu/documents/executive-order-11014-delegating-the-secretary-commerce-functions-with-respect
3409,11011,"March 20, 1962",https://www.presidency.ucsb.edu/documents/executive-order-11011-creating-emergency-board-investigate-dispute-between-the-trans-world
3412,11008,"March 03, 1962",https://www.presidency.ucsb.edu/documents/executive-order-11008-creating-emergency-board-investigate-dispute-between-the-akron
3413,11007,"February 26, 1962",https://www.presidency.ucsb.edu/documents/executive-order-11007-prescribing-regulations-for-the-formation-and-use-advisory
3414,11006,"February 22, 1962",https://www.presidency.ucsb.edu/documents/executive-order-11006-creating-emergency-board-investigate-dispute-between-eastern-air
3427,10992,"February 09, 1962",https://www.presidency.ucsb.edu/documents/executive-order-10992-redefining-the-boundaries-the-caribbean-national-forest-puerto-rico
3432,10988,"January 17, 1962",https://www.presidency.ucsb.edu/documents/executive-order-10988-employee-management-cooperation-the-federal-service
3433,10987,"January 17, 1962",https://www.presidency.ucsb.edu/documents/executive-order-10987-agency-systems-for-appeals-from-adverse-actions
3438,10981,"December 28, 1961",https://www.presidency.ucsb.edu/documents/executive-order-10981-inspection-income-excess-profits-estate-and-gift-tax-returns-the
3439,10982,"December 25, 1961",https://www.presidency.ucsb.edu/documents/executive-order-10982-administration-the-act-september-26-1961-relating-evacuation
3440,10980,"December 14, 1961",https://www.presidency.ucsb.edu/documents/executive-order-10980-establishing-the-presidents-commission-the-status-women
3442,10978,"December 05, 1961",https://www.presidency.ucsb.edu/documents/executive-order-10978-establishing-presidential-awards-for-significant-contributions-the
3443,10977,"December 04, 1961",https://www.presidency.ucsb.edu/documents/executive-order-10977-establishing-the-armed-forces-expeditionary-medal
3444,10976,"November 15, 1961",https://www.presidency.ucsb.edu/documents/executive-order-10976-suspension-the-eight-hour-law-laborers-and-mechanics-employed-the
3445,10975,"November 10, 1961",https://www.presidency.ucsb.edu/documents/executive-order-10975-creating-emergency-board-investigate-dispute-between-pan-american
3446,10974,"November 08, 1961",https://www.presidency.ucsb.edu/documents/executive-order-10974-establishing-the-presidents-commission-campaign-costs
3449,10971,"November 01, 1961",https://www.presidency.ucsb.edu/documents/executive-order-10971-creating-emergency-board-investigate-dispute-between-trans-world
3451,10969,"October 11, 1961",https://www.presidency.ucsb.edu/documents/executive-order-10969-creating-emergency-board-investigate-dispute-between-the-reading
3453,10967,"October 10, 1961",https://www.presidency.ucsb.edu/documents/executive-order-10967-administration-palmyra-island
3454,10966,"October 10, 1961",https://www.presidency.ucsb.edu/documents/executive-order-10966-inspection-income-excess-profits-estate-and-gift-tax-returns-the
3455,10965,"October 05, 1961",https://www.presidency.ucsb.edu/documents/executive-order-10965-creating-emergency-board-investigate-dispute-between-the-trans-world
3457,10963,"September 01, 1961",https://www.presidency.ucsb.edu/documents/executive-order-10963-creating-emergency-board-investigate-disputes-between-the-pullman
3458,10962,"August 23, 1961",https://www.presidency.ucsb.edu/documents/executive-order-10962-inspection-tax-returns-the-advisory-commission-intergovernmental
3461,10959,"August 17, 1961",https://www.presidency.ucsb.edu/documents/executive-order-10959-authorizing-the-appointment-mr-maurice-l-kowal-competitive-position
3466,10954,"July 26, 1961",https://www.presidency.ucsb.edu/documents/executive-order-10954-amendment-executive-order-10906-authorizing-inspection-certain-tax
3468,10953,"July 01, 1961",https://www.presidency.ucsb.edu/documents/executive-order-10953-creating-emergency-board-investigate-dispute-between-the-southern
3469,10951,"June 29, 1961",https://www.presidency.ucsb.edu/documents/executive-order-10951-amending-executive-order-no-10949-june-26-1961-extend-the-time
3470,10950,"June 27, 1961",https://www.presidency.ucsb.edu/documents/executive-order-10950-designating-the-secretary-the-interior-the-representative-the
3477,10944,"May 19, 1961",https://www.presidency.ucsb.edu/documents/executive-order-10944-creating-emergency-board-investigate-dispute-between-the-baltimore
3478,10943,"May 19, 1961",https://www.presidency.ucsb.edu/documents/executive-order-10943-designating-the-coffee-study-group-public-international-organization
3479,10941,"May 15, 1961",https://www.presidency.ucsb.edu/documents/executive-order-10941-designation-certain-officers-act-secretary-the-treasury
3480,10940,"May 11, 1961",https://www.presidency.ucsb.edu/documents/executive-order-10940-establishing-the-presidents-committee-juvenile-delinquency-and-youth
3481,10939,"May 05, 1961",https://www.presidency.ucsb.edu/documents/executive-order-10939-provide-guide-ethical-standards-government-officials
3485,10935,"April 22, 1961",https://www.presidency.ucsb.edu/documents/executive-order-10935-inspection-income-excess-profits-estate-and-gift-tax-returns-the
3486,10934,"April 13, 1961",https://www.presidency.ucsb.edu/documents/executive-order-10934-establishing-the-administrative-conference-the-united-states
3491,10930,"March 24, 1961",https://www.presidency.ucsb.edu/documents/executive-order-10930-abolishing-the-government-patents-board-and-providing-for-the
3497,10923,"February 24, 1961",https://www.presidency.ucsb.edu/documents/executive-order-10923-creating-emergency-board-investigate-disputes-between-the-northwest
3498,10922,"February 23, 1961",https://www.presidency.ucsb.edu/documents/executive-order-10922-amending-executive-order-10922-february-21-1961-establishing
3501,10919,"February 17, 1961",https://www.presidency.ucsb.edu/documents/executive-order-10919-creating-emergency-board-investigate-dispute-between-the-pan
3502,10918,"February 16, 1961",https://www.presidency.ucsb.edu/documents/executive-order-10918-establishing-the-presidents-advisory-committee-labor-management
3504,10916,"January 24, 1961",https://www.presidency.ucsb.edu/documents/executive-order-10916-inspection-income-estate-and-gift-tax-returns-the-senate-committee
3506,10914,"January 21, 1961",https://www.presidency.ucsb.edu/documents/executive-order-10914-providing-for-expanded-program-food-distribution-needy-families
3507,10913,"January 18, 1961",https://www.presidency.ucsb.edu/documents/executive-order-10913-amending-executive-order-10584-december-18-1954-prescribing-rules
3510,10910,"January 17, 1961",https://www.presidency.ucsb.edu/documents/executive-order-10910-providing-for-the-design-and-award-the-national-medal-science
3511,10911,"January 17, 1961",https://www.presidency.ucsb.edu/documents/executive-order-10911-inspection-department-commerce-income-tax-returns-made-under-the
3514,10907,"January 17, 1961",https://www.presidency.ucsb.edu/documents/executive-order-10907-inspection-renegotiation-board-income-tax-returns-made-under-the
3524,10896,"November 29, 1960",https://www.presidency.ucsb.edu/documents/executive-order-10896-amendment-executive-order-no-6260-august-28-1933
3529,10891,"November 01, 1960",https://www.presidency.ucsb.edu/documents/executive-order-10891-establishing-commission-inquire-into-controversy-between-certain
3530,10890,"October 27, 1960",https://www.presidency.ucsb.edu/documents/executive-order-10890-including-certain-lands-the-dixie-national-forest-and-transferring
3532,10888,"September 28, 1960",https://www.presidency.ucsb.edu/documents/executive-order-10888-creating-emergency-board-investigate-dispute-between-certain
3543,10877,"May 20, 1960",https://www.presidency.ucsb.edu/documents/executive-order-10877-creating-emergency-board-investigate-dispute-between-the
3545,10875,"April 22, 1960",https://www.presidency.ucsb.edu/documents/executive-order-10875-creating-emergency-board-investigate-disputes-between-the-akron
3546,10874,"April 18, 1960",https://www.presidency.ucsb.edu/documents/executive-order-10874-creating-emergency-board-investigate-dispute-between-the-long-island
3547,10873,"April 08, 1960",https://www.presidency.ucsb.edu/documents/executive-order-10873-designating-the-inter-american-development-bank-public-international
3548,10872,"March 18, 1960",https://www.presidency.ucsb.edu/documents/executive-order-10872-creating-emergency-board-investigate-dispute-between-pan-american
3549,10870,"March 15, 1960",https://www.presidency.ucsb.edu/documents/executive-order-10870-designating-the-facilities-the-national-aeronautics-and-space
3553,10866,"February 20, 1960",https://www.presidency.ucsb.edu/documents/executive-order-10866-designating-the-southeast-asia-treaty-organization-public
3554,10865,"February 20, 1960",https://www.presidency.ucsb.edu/documents/executive-order-10865-safeguarding-classified-information-within-industry
3555,10867,"February 20, 1960",https://www.presidency.ucsb.edu/documents/executive-order-10867-readiness-the-united-states-district-court-for-the-district-alaska
3556,10864,"February 18, 1960",https://www.presidency.ucsb.edu/documents/executive-order-10864-designating-the-pan-american-health-organization-public
3557,10863,"February 18, 1960",https://www.presidency.ucsb.edu/documents/executive-order-10863-authorizing-the-attorney-general-seize-arms-and-munitions-war-and
3558,10862,"February 12, 1960",https://www.presidency.ucsb.edu/documents/executive-order-10862-creating-emergency-board-investigate-dispute-between-atchison-topeka
3559,10861,"February 11, 1960",https://www.presidency.ucsb.edu/documents/executive-order-10861-suspension-certain-provisions-section-5762-title-10-the-united
3560,10860,"February 05, 1960",https://www.presidency.ucsb.edu/documents/executive-order-10860-coat-arms-seal-and-flag-the-president-the-united-states
3562,10858,"January 13, 1960",https://www.presidency.ucsb.edu/documents/executive-order-10858-the-presidents-committee-for-traffic-safety
3565,10850,"November 27, 1959",https://www.presidency.ucsb.edu/documents/executive-order-10850-modifying-the-exterior-boundaries-certain-national-forests-alabama
3568,10849,"November 27, 1959",https://www.presidency.ucsb.edu/documents/executive-order-10849-establishing-seal-for-the-national-aeronautics-and-space
3569,10854,"November 27, 1959",https://www.presidency.ucsb.edu/documents/executive-order-10854-extension-the-application-the-federal-aviation-act-1958
3570,10851,"November 27, 1959",https://www.presidency.ucsb.edu/documents/executive-order-10851-enlarging-the-chattahoochee-kisatchie-holly-springs-and-ouachita
3571,10855,"November 27, 1959",https://www.presidency.ucsb.edu/documents/executive-order-10855-inspection-income-tax-returns-the-senate-committee-the-judiciary
3573,10847,"October 12, 1959",https://www.presidency.ucsb.edu/documents/executive-order-10847-establishing-the-committee-for-rural-development-program
3575,10846,"October 12, 1959",https://www.presidency.ucsb.edu/documents/executive-order-10846-inspection-income-excess-profits-estate-and-gift-tax-returns-the
3576,10843,"October 09, 1959",https://www.presidency.ucsb.edu/documents/executive-order-10843-creating-board-inquiry-report-labor-dispute-affecting-the-steel
3578,10842,"October 06, 1959",https://www.presidency.ucsb.edu/documents/executive-order-10842-creating-board-inquiry-report-certain-labor-disputes-affecting-the
3579,10841,"September 30, 1959",https://www.presidency.ucsb.edu/documents/executive-order-10841-providing-for-the-carrying-out-certain-provisions-the-atomic-energy
3580,10840,"September 30, 1959",https://www.presidency.ucsb.edu/documents/executive-order-10840-designating-the-federal-aviation-agency-agency-have-certain
3583,10837,"September 14, 1959",https://www.presidency.ucsb.edu/documents/executive-order-10837-amending-the-selective-service-regulations
3585,10835,"August 21, 1959",https://www.presidency.ucsb.edu/documents/executive-order-10835-delegating-the-chairman-the-civil-service-commission-the-authority
3587,10833,"August 20, 1959",https://www.presidency.ucsb.edu/documents/executive-order-10833-transferring-title-certain-lands-sand-island-territory-hawaii-the
3588,10832,"August 18, 1959",https://www.presidency.ucsb.edu/documents/executive-order-10832-revocation-executive-order-no-9887-designating-certain-public
3591,10829,"July 20, 1959",https://www.presidency.ucsb.edu/documents/executive-order-10829-fleet-admiral-william-d-leahy
3592,10828,"July 15, 1959",https://www.presidency.ucsb.edu/documents/executive-order-10828-designating-the-airport-being-constructed-the-counties-fairfax-and
3596,10824,"May 29, 1959",https://www.presidency.ucsb.edu/documents/executive-order-10824-designating-the-national-aeronautics-and-space-administration-agency
3606,10814,"April 29, 1959",https://www.presidency.ucsb.edu/documents/executive-order-10814-inspection-statistical-transcript-cards-and-corporation-and
3608,10812,"April 24, 1959",https://www.presidency.ucsb.edu/documents/executive-order-10812-establishing-flag-for-the-united-states-navy
3609,10811,"April 22, 1959",https://www.presidency.ucsb.edu/documents/executive-order-10811-creating-emergency-board-investigate-dispute-between-pan-american
3612,10808,"March 19, 1959",https://www.presidency.ucsb.edu/documents/executive-order-10808-inspection-income-excess-profits-declared-value-excess-profits
3614,10806,"March 10, 1959",https://www.presidency.ucsb.edu/documents/executive-order-10806-inspection-income-excess-profits-estate-and-gift-tax-returns-the
3615,10805,"February 18, 1959",https://www.presidency.ucsb.edu/documents/executive-order-10805-designating-the-central-intelligence-agency-excepted-from-certain
3618,10802,"January 23, 1959",https://www.presidency.ucsb.edu/documents/executive-order-10802-establishing-the-committee-government-activities-affecting-prices
3622,10798,"January 03, 1959",https://www.presidency.ucsb.edu/documents/executive-order-10798-flag-the-united-states
3625,10795,"December 13, 1958",https://www.presidency.ucsb.edu/documents/executive-order-10795-designating-the-intergovernmental-maritime-consultative-organization
3627,10793,"December 03, 1958",https://www.presidency.ucsb.edu/documents/executive-order-10793-transferring-certain-functions-from-the-department-defense-the
3629,10791,"November 28, 1958",https://www.presidency.ucsb.edu/documents/executive-order-10791-designating-certain-officers-act-secretary-state
3632,10788,"November 14, 1958",https://www.presidency.ucsb.edu/documents/executive-order-10788-suspension-compliance-with-certain-statutory-provisions-relating
3635,10785,"October 17, 1958",https://www.presidency.ucsb.edu/documents/executive-order-10785-change-the-membership-the-presidents-council-youth-fitness
3639,10781,"September 02, 1958",https://www.presidency.ucsb.edu/documents/executive-order-10781-suspension-certain-provisions-section-5764a-title-10-united-states
3640,10780,"September 02, 1958",https://www.presidency.ucsb.edu/documents/executive-order-10780-suspension-certain-provisions-section-5762a-title-10-united-states
3641,10778,"August 20, 1958",https://www.presidency.ucsb.edu/documents/executive-order-10778-authorizing-the-appointment-william-k-harris-competitive-position
3642,10779,"August 20, 1958",https://www.presidency.ucsb.edu/documents/executive-order-10779-directing-federal-agencies-cooperate-with-state-and-local
3644,10776,"July 28, 1958",https://www.presidency.ucsb.edu/documents/executive-order-10776-delegating-the-secretary-defense-certain-authority-the-president
3646,10774,"July 25, 1958",https://www.presidency.ucsb.edu/documents/executive-order-10774-providing-for-the-protection-the-civil-service-rights-federal
3648,10772,"June 30, 1958",https://www.presidency.ucsb.edu/documents/executive-order-10772-amendment-executive-order-no-10673-relating-the-fitness-american
3651,10769,"May 29, 1958",https://www.presidency.ucsb.edu/documents/executive-order-10769-designating-the-international-hydrographic-bureau-public
3654,10766,"May 01, 1958",https://www.presidency.ucsb.edu/documents/executive-order-10766-delegating-the-director-the-bureau-the-budget-the-authority-the
3657,10764,"April 23, 1958",https://www.presidency.ucsb.edu/documents/executive-order-10764-suspension-the-eight-hour-law-laborers-and-mechanics-employed-the
3659,10761,"March 27, 1958",https://www.presidency.ucsb.edu/documents/executive-order-10761-government-purchases-crude-petroleum-and-petroleum-products
3660,10760,"March 27, 1958",https://www.presidency.ucsb.edu/documents/executive-order-10760-creating-emergency-board-investigate-dispute-between-the-trans-world
3663,10757,"February 27, 1958",https://www.presidency.ucsb.edu/documents/executive-order-10757-creating-emergency-board-investigate-dispute-between-eastern-air
3664,10756,"February 26, 1958",https://www.presidency.ucsb.edu/documents/executive-order-10756-the-honorable-frederick-m-dearborn-jr
3665,10755,"February 22, 1958",https://www.presidency.ucsb.edu/documents/executive-order-10755-transferring-from-the-department-the-navy-the-housing-and-home
3670,10750,"January 28, 1958",https://www.presidency.ucsb.edu/documents/executive-order-10750-creating-emergency-board-investigate-dispute-between-the-eastern-air
3671,10749,"January 21, 1958",https://www.presidency.ucsb.edu/documents/executive-order-10749-creating-emergency-board-investigate-dispute-between-the-eastern-air
3672,10748,"January 01, 1958",https://www.presidency.ucsb.edu/documents/executive-order-10748-appointing-the-honorable-edward-i-p-tatelman-act-special-judge-the
3676,10743,"December 10, 1957",https://www.presidency.ucsb.edu/documents/executive-order-10743-sale-vessels-the-navy
3680,10740,"November 21, 1957",https://www.presidency.ucsb.edu/documents/executive-order-10740-change-the-membership-the-presidents-council-youth-fitness
3684,10736,"October 23, 1957",https://www.presidency.ucsb.edu/documents/executive-order-10736-adopting-official-seal-for-the-department-the-navy
3686,10735,"October 17, 1957",https://www.presidency.ucsb.edu/documents/executive-order-10735-amending-the-selective-service-regulations
3687,10731,"October 10, 1957",https://www.presidency.ucsb.edu/documents/executive-order-10731-delegating-the-director-the-bureau-the-budget-the-authority-the
3690,10730,"September 24, 1957",https://www.presidency.ucsb.edu/documents/executive-order-10730-providing-assistance-for-the-removal-obstruction-justice-within-the
3692,10728,"September 06, 1957",https://www.presidency.ucsb.edu/documents/executive-order-10728-establishing-the-presidents-committee-fund-raising-within-the
3693,10727,"August 31, 1957",https://www.presidency.ucsb.edu/documents/executive-order-10727-designating-the-preparatory-commission-the-international-atomic
3694,10725,"August 16, 1957",https://www.presidency.ucsb.edu/documents/executive-order-10725-suspension-the-provision-section-5751b-title-10-united-states-code
3695,10726,"August 16, 1957",https://www.presidency.ucsb.edu/documents/executive-order-10726-suspension-compliance-with-certain-statutory-provisions-relating
3696,10724,"August 12, 1957",https://www.presidency.ucsb.edu/documents/executive-order-10724-establishing-career-executive-committee
3697,10723,"August 06, 1957",https://www.presidency.ucsb.edu/documents/executive-order-10723-creating-emergency-board-investigate-dispute-between-the-general
3698,10721,"August 05, 1957",https://www.presidency.ucsb.edu/documents/executive-order-10721-the-honorable-walter-f-george
3703,10717,"June 27, 1957",https://www.presidency.ucsb.edu/documents/executive-order-10717-the-presidents-award-for-distinguished-federal-civilian-service
3704,10715,"June 17, 1957",https://www.presidency.ucsb.edu/documents/executive-order-10715-revoking-executive-order-no-9775-september-3-1946
3705,10716,"June 17, 1957",https://www.presidency.ucsb.edu/documents/executive-order-10716-administration-the-international-cultural-exchange-and-trade-fair
3707,10713,"June 05, 1957",https://www.presidency.ucsb.edu/documents/executive-order-10713-providing-for-the-administration-the-ryukyu-islands
3708,10712,"May 17, 1957",https://www.presidency.ucsb.edu/documents/executive-order-10712-inspection-income-excess-profits-declared-value-excess-profits
3709,10711,"May 14, 1957",https://www.presidency.ucsb.edu/documents/executive-order-10711-restoring-certain-lands-comprising-portions-the-lualualei-military
3710,10710,"May 14, 1957",https://www.presidency.ucsb.edu/documents/executive-order-10710-creating-board-inquiry-report-labor-dispute-affecting-the-operations
3711,10709,"May 09, 1957",https://www.presidency.ucsb.edu/documents/executive-order-10709-creating-emergency-board-investigate-dispute-between-the-toledo
3713,10707,"May 06, 1957",https://www.presidency.ucsb.edu/documents/executive-order-10707-establishing-seal-for-the-united-states-coast-guard
3714,10706,"April 25, 1957",https://www.presidency.ucsb.edu/documents/executive-order-10706-inspection-income-excess-profits-declared-value-excess-profits
3715,10705,"April 17, 1957",https://www.presidency.ucsb.edu/documents/executive-order-10705-delegations-certain-authority-the-president-relating-radio-stations
3718,10701,"March 12, 1957",https://www.presidency.ucsb.edu/documents/executive-order-10701-inspection-income-excess-profits-declared-value-excess-profits
3719,10702,"March 12, 1957",https://www.presidency.ucsb.edu/documents/executive-order-10702-rear-admiral-richard-e-byrd
3721,10699,"February 19, 1957",https://www.presidency.ucsb.edu/documents/executive-order-10699-inspection-income-excess-profits-declared-value-excess-profits
3724,10696,"January 25, 1957",https://www.presidency.ucsb.edu/documents/executive-order-10696-creating-emergency-board-investigate-dispute-between-the-railway
3725,10695,"January 16, 1957",https://www.presidency.ucsb.edu/documents/executive-order-10695-revoking-paragraph-2b-executive-order-no-10096-january-23-1950
3726,10695-A,"January 16, 1957",https://www.presidency.ucsb.edu/documents/executive-order-10695-radio-frequencies
3727,10694,"January 10, 1957",https://www.presidency.ucsb.edu/documents/executive-order-10694-authorizing-the-secretaries-the-army-navy-and-air-force-issue
3728,10693,"December 22, 1956",https://www.presidency.ucsb.edu/documents/executive-order-10693-creating-emergency-board-investigate-disputes-between-the-akron
3729,10692,"December 22, 1956",https://www.presidency.ucsb.edu/documents/executive-order-10692-amendment-executive-order-no-9080-provide-for-the-designation
3730,10691,"December 05, 1956",https://www.presidency.ucsb.edu/documents/executive-order-10691-creating-emergency-board-investigate-dispute-between-the-spokane
3731,10690,"November 23, 1956",https://www.presidency.ucsb.edu/documents/executive-order-10690-suspension-compliance-with-certain-statutory-provisions-relating
3732,10689,"November 22, 1956",https://www.presidency.ucsb.edu/documents/executive-order-10689-creating-board-inquiry-report-certain-labor-disputes-affecting-the
3733,10687,"November 16, 1956",https://www.presidency.ucsb.edu/documents/executive-order-10687-suspension-portion-section-5762a-title-10-the-united-states-code
3734,10688,"November 16, 1956",https://www.presidency.ucsb.edu/documents/executive-order-10688-restoring-certain-lands-comprising-portions-the-waianae-kai-military
3741,10680,"October 02, 1956",https://www.presidency.ucsb.edu/documents/executive-order-10680-designating-the-international-finance-corporation-public
3742,10679,"September 20, 1956",https://www.presidency.ucsb.edu/documents/executive-order-10679-withholding-compensation-certain-civilian-employees-the-army
3743,10678,"September 20, 1956",https://www.presidency.ucsb.edu/documents/executive-order-10678-administration-the-functions-the-rubber-producing-facilities
3745,10676,"September 01, 1956",https://www.presidency.ucsb.edu/documents/executive-order-10676-designating-the-world-meteorological-organization-public
3749,10672,"July 09, 1956",https://www.presidency.ucsb.edu/documents/executive-order-10672-withholding-district-columbia-income-taxes-federal-agencies
3750,10671,"June 26, 1956",https://www.presidency.ucsb.edu/documents/executive-order-10671-fleet-admiral-ernest-j-king
3751,10670,"June 12, 1956",https://www.presidency.ucsb.edu/documents/executive-order-10670-establishing-flag-for-the-united-states-army
3753,10668,"May 10, 1956",https://www.presidency.ucsb.edu/documents/executive-order-10668-amendment-executive-order-no-2859-may-11-1918-relating-the-national
3756,10665,"April 23, 1956",https://www.presidency.ucsb.edu/documents/executive-order-10665-restoring-certain-lands-the-schofield-barracks-military-reservation
3757,10664,"April 02, 1956",https://www.presidency.ucsb.edu/documents/executive-order-10664-restoring-certain-lands-comprising-portions-the-waianae-kai-military
3764,10657,"February 14, 1956",https://www.presidency.ucsb.edu/documents/executive-order-10657-transferring-the-housing-and-home-finance-administrator-certain
3765,10656,"February 06, 1956",https://www.presidency.ucsb.edu/documents/executive-order-10656-establishing-the-presidents-board-consultants-foreign-intelligence
3767,10654,"January 20, 1956",https://www.presidency.ucsb.edu/documents/executive-order-10654-delegating-certain-functions-the-president-the-director-the-bureau
3771,10653,"January 06, 1956",https://www.presidency.ucsb.edu/documents/executive-order-10653-designating-the-honorable-cecil-snyder-act-under-certain
3777,10643,"November 07, 1955",https://www.presidency.ucsb.edu/documents/executive-order-10643-creating-emergency-board-investigate-disputes-between-the-albany
3778,10644,"November 07, 1955",https://www.presidency.ucsb.edu/documents/executive-order-10644-administration-title-ii-the-international-claims-settlement-act-1949
3779,10642,"October 26, 1955",https://www.presidency.ucsb.edu/documents/executive-order-10642-suspending-certain-statutory-provisions-relating-employment-the
3780,10641,"October 26, 1955",https://www.presidency.ucsb.edu/documents/executive-order-10641-amending-the-civil-service-rules-adding-rule-viii-appointments
3781,10640,"October 10, 1955",https://www.presidency.ucsb.edu/documents/executive-order-10640-the-presidents-committee-employment-the-physically-handicapped
3782,10639,"October 10, 1955",https://www.presidency.ucsb.edu/documents/executive-order-10639-amendment-the-tariff-united-states-foreign-service-fees
3783,10638,"October 10, 1955",https://www.presidency.ucsb.edu/documents/executive-order-10638-authorizing-the-director-the-office-defense-mobilization-order-the
3786,10635,"September 01, 1955",https://www.presidency.ucsb.edu/documents/executive-order-10635-creating-emergency-board-investigate-dispute-between-the
3787,10634,"August 25, 1955",https://www.presidency.ucsb.edu/documents/executive-order-10634-providing-for-loans-aid-the-reconstruction-rehabilitation-and
3788,10632,"August 19, 1955",https://www.presidency.ucsb.edu/documents/executive-order-10632-suspension-certain-provisions-the-officer-personnel-act-1947-amended
3789,10633,"August 19, 1955",https://www.presidency.ucsb.edu/documents/executive-order-10633-establishing-airspace-reservation-over-the-las-vegas-project-las
3790,10631,"August 17, 1955",https://www.presidency.ucsb.edu/documents/executive-order-10631-code-conduct-for-members-the-armed-forces-the-united-states
3791,10629,"August 13, 1955",https://www.presidency.ucsb.edu/documents/executive-order-10629-authorizing-enlistments-the-ready-reserve-the-army-reserve-and
3792,10630,"August 13, 1955",https://www.presidency.ucsb.edu/documents/executive-order-10630-creating-emergency-board-investigate-dispute-between-the-new-york
3793,10627,"August 05, 1955",https://www.presidency.ucsb.edu/documents/executive-order-10627-inspection-income-excess-profits-declared-value-excess-profits
3795,10626,"August 04, 1955",https://www.presidency.ucsb.edu/documents/executive-order-10626-establishment-the-interdepartmental-committee-for-voluntary-payroll
3799,10621,"July 01, 1955",https://www.presidency.ucsb.edu/documents/executive-order-10621-delegation-certain-functions-the-president-the-secretary-defense
3802,10619,"June 29, 1955",https://www.presidency.ucsb.edu/documents/executive-order-10619-inspection-individual-income-tax-returns-the-department-health
3803,10617,"June 28, 1955",https://www.presidency.ucsb.edu/documents/executive-order-10617-suspension-the-operation-certain-provisions-the-officer-personnel
3805,10616,"June 21, 1955",https://www.presidency.ucsb.edu/documents/executive-order-10616-suspension-certain-provisions-the-officer-personnel-act-1947-amended
3806,10615,"June 17, 1955",https://www.presidency.ucsb.edu/documents/executive-order-10615-creating-emergency-board-investigate-dispute-between-certain
3807,10614,"May 25, 1955",https://www.presidency.ucsb.edu/documents/executive-order-10614-regulations-governing-the-payment-general-average-contributions
3808,10613,"May 16, 1955",https://www.presidency.ucsb.edu/documents/executive-order-10613-amendment-executive-order-no-10393-september-4-1952-establishing-the
3809,10611,"May 11, 1955",https://www.presidency.ucsb.edu/documents/executive-order-10611-establishing-the-civil-defense-coordinating-board-and-defining-its
3810,10612,"May 11, 1955",https://www.presidency.ucsb.edu/documents/executive-order-10612-restoring-certain-lands-reserved-for-military-purposes-the
3811,10610,"May 09, 1955",https://www.presidency.ucsb.edu/documents/executive-order-10610-administration-mutual-security-and-related-functions
3814,10607,"May 03, 1955",https://www.presidency.ucsb.edu/documents/executive-order-10607-inspection-income-excess-profits-declared-value-excess-profits
3815,10606,"May 03, 1955",https://www.presidency.ucsb.edu/documents/executive-order-10606-inspection-income-excess-profits-declared-value-excess-profits
3816,10604,"April 22, 1955",https://www.presidency.ucsb.edu/documents/executive-order-10604-delegating-the-director-the-bureau-the-budget-the-authority-the
3817,10605,"April 22, 1955",https://www.presidency.ucsb.edu/documents/executive-order-10605-amendment-executive-order-no-10119-march-27-1950-prescribing
3819,10602,"March 23, 1955",https://www.presidency.ucsb.edu/documents/executive-order-10602-designating-the-secretary-the-interior-the-representative-the
3821,10600,"March 15, 1955",https://www.presidency.ucsb.edu/documents/executive-order-10600-amending-executive-order-no-9260-october-29-1942-entitled-legion
3822,10599,"March 14, 1955",https://www.presidency.ucsb.edu/documents/executive-order-10599-designating-the-honorable-cecil-snyder-act-under-certain
3825,10596,"February 15, 1955",https://www.presidency.ucsb.edu/documents/executive-order-10596-revocation-executive-order-no-9908-december-5-1947
3830,10591,"January 20, 1955",https://www.presidency.ucsb.edu/documents/executive-order-10591-waiving-the-age-requirements-permit-otto-k-olesen-compete-the
3833,10588,"January 14, 1955",https://www.presidency.ucsb.edu/documents/executive-order-10588-establishing-the-presidents-commission-veterans-pensions
3834,10587,"January 13, 1955",https://www.presidency.ucsb.edu/documents/executive-order-10587-administration-section-32h-the-trading-with-the-enemy-act
3842,10579,"November 30, 1954",https://www.presidency.ucsb.edu/documents/executive-order-10579-regulations-relating-the-establishment-and-operation-interagency
3843,10578,"November 23, 1954",https://www.presidency.ucsb.edu/documents/executive-order-10578-creating-emergency-board-investigate-dispute-between-certain
3845,10576,"November 16, 1954",https://www.presidency.ucsb.edu/documents/executive-order-10576-creating-emergency-board-investigate-dispute-between-the-capital
3849,10571-A,"October 26, 1954",https://www.presidency.ucsb.edu/documents/executive-order-10571-assignment-frequencies-government-radio-stations
3850,10572,"October 26, 1954",https://www.presidency.ucsb.edu/documents/executive-order-10572-inspection-income-excess-profits-declared-value-excess-profits
3851,10571,"October 18, 1954",https://www.presidency.ucsb.edu/documents/executive-order-10571-including-certain-lands-the-nantahala-national-forest
3852,10570,"October 16, 1954",https://www.presidency.ucsb.edu/documents/executive-order-10570-creating-emergency-board-investigate-dispute-between-the-pullman
3854,10568,"October 01, 1954",https://www.presidency.ucsb.edu/documents/executive-order-10568-suspending-certain-statutory-provisions-relating-employment-the
3856,10567,"September 29, 1954",https://www.presidency.ucsb.edu/documents/executive-order-10567-further-designation-pursuant-section-103a-the-renegotiation-act-1951
3857,10564,"September 28, 1954",https://www.presidency.ucsb.edu/documents/executive-order-10564-inspection-income-excess-profits-declared-value-excess-profits
3861,10561,"September 13, 1954",https://www.presidency.ucsb.edu/documents/executive-order-10561-designating-official-personnel-folders-government-agencies-records
3864,10559,"September 08, 1954",https://www.presidency.ucsb.edu/documents/executive-order-10559-providing-for-the-administration-the-presidents-management
3867,10555,"August 23, 1954",https://www.presidency.ucsb.edu/documents/executive-order-10555-establishing-seal-for-the-presidents-committee-employment-the
3869,10554,"August 18, 1954",https://www.presidency.ucsb.edu/documents/executive-order-10554-delegating-the-authority-the-president-prescribe-regulations
3870,10552,"August 10, 1954",https://www.presidency.ucsb.edu/documents/executive-order-10552-delegating-the-civil-service-commission-the-authority-the-president
3871,10551,"August 06, 1954",https://www.presidency.ucsb.edu/documents/executive-order-10551-inspection-income-excess-profits-declared-value-excess-profits
3874,10549,"August 02, 1954",https://www.presidency.ucsb.edu/documents/executive-order-10549-providing-for-the-placing-positions-the-department-defense-grades-16
3877,10545,"July 15, 1954",https://www.presidency.ucsb.edu/documents/executive-order-10545-amendment-executive-order-no-5952-november-23-1932-prescribing-the
3878,10544,"July 12, 1954",https://www.presidency.ucsb.edu/documents/executive-order-10544-inspection-income-tax-returns-federal-trade-commission
3879,10543,"July 06, 1954",https://www.presidency.ucsb.edu/documents/executive-order-10543-creating-board-inquiry-report-labor-dispute-affecting-the-operations
3880,10542,"July 06, 1954",https://www.presidency.ucsb.edu/documents/executive-order-10542-creating-board-inquiry-report-labor-dispute-affecting-the-operations
3881,10541,"June 30, 1954",https://www.presidency.ucsb.edu/documents/executive-order-10541-further-extension-the-existence-quetico-superior-committee
3888,10534,"June 09, 1954",https://www.presidency.ucsb.edu/documents/executive-order-10534-providing-for-the-supervision-and-direction-the-saint-lawrence
3889,10533,"June 03, 1954",https://www.presidency.ucsb.edu/documents/executive-order-10533-designating-the-organization-american-states-public-international
3890,10532,"May 28, 1954",https://www.presidency.ucsb.edu/documents/executive-order-10532-amendment-the-list-communicable-diseases-contained-executive-order
3892,10530,"May 10, 1954",https://www.presidency.ucsb.edu/documents/executive-order-10530-providing-for-the-performance-certain-functions-vested-or-subject
3893,10529,"April 22, 1954",https://www.presidency.ucsb.edu/documents/executive-order-10529-participation-federal-employees-state-and-local-civil-defense-pre
3894,10528,"April 22, 1954",https://www.presidency.ucsb.edu/documents/executive-order-10528-addition-the-marginal-wharf-area-sand-island-military-reservation
3895,10527,"April 19, 1954",https://www.presidency.ucsb.edu/documents/executive-order-10527-inspection-income-excess-profits-declared-value-excess-profits
3896,10526,"April 17, 1954",https://www.presidency.ucsb.edu/documents/executive-order-10526-transferring-certain-lands-mississippi-from-the-department
3897,10525,"April 01, 1954",https://www.presidency.ucsb.edu/documents/executive-order-10525-transferring-from-the-secretary-the-navy-the-secretary-the-interior
3898,10524,"March 31, 1954",https://www.presidency.ucsb.edu/documents/executive-order-10524-delegating-certain-functions-the-president-respecting-school
3900,10522,"March 26, 1954",https://www.presidency.ucsb.edu/documents/executive-order-10522-authorizing-the-director-the-united-states-information-agency-carry
3901,10521,"March 17, 1954",https://www.presidency.ucsb.edu/documents/executive-order-10521-administration-scientific-research-agencies-the-federal-government
3902,10520,"March 10, 1954",https://www.presidency.ucsb.edu/documents/executive-order-10520-transferring-certain-lands-from-the-department-agriculture-the
3904,10518,"February 11, 1954",https://www.presidency.ucsb.edu/documents/executive-order-10518-inspection-returns-the-special-committee-the-house-representatives
3905,10517,"February 10, 1954",https://www.presidency.ucsb.edu/documents/executive-order-10517-designating-the-honorable-cecil-snyder-act-under-certain
3911,10511,"December 28, 1953",https://www.presidency.ucsb.edu/documents/executive-order-10511-creating-emergency-board-investigate-disputes-between-the-akron
3912,10510,"December 17, 1953",https://www.presidency.ucsb.edu/documents/executive-order-10510-establishing-seal-for-the-department-health-education-and-welfare
3913,10509,"December 16, 1953",https://www.presidency.ucsb.edu/documents/executive-order-10509-creating-emergency-board-investigate-dispute-between-the-railway
3924,10498,"November 04, 1953",https://www.presidency.ucsb.edu/documents/executive-order-10498-delegating-the-secretaries-the-military-departments-and-the
3926,10496,"October 14, 1953",https://www.presidency.ucsb.edu/documents/executive-order-10496-restoring-certain-lands-reserved-for-military-purposes-the
3927,10494,"October 14, 1953",https://www.presidency.ucsb.edu/documents/executive-order-10494-disposition-functions-remaining-under-title-iv-the-defense
3928,10492,"October 14, 1953",https://www.presidency.ucsb.edu/documents/executive-order-10492-establishing-seal-for-the-national-advisory-committee-for
3932,10490,"October 01, 1953",https://www.presidency.ucsb.edu/documents/executive-order-10490-creating-board-inquiry-report-certain-labor-disputes-affecting-the
3934,10488,"September 23, 1953",https://www.presidency.ucsb.edu/documents/executive-order-10488-providing-for-the-issuance-regulations-governing-the-purchase
3939,10483,"September 02, 1953",https://www.presidency.ucsb.edu/documents/executive-order-10483-establishing-the-operations-coordinating-board
3944,10478,"August 05, 1953",https://www.presidency.ucsb.edu/documents/executive-order-10478-delegating-the-secretary-defense-the-authority-the-president-order
3948,10474,"July 31, 1953",https://www.presidency.ucsb.edu/documents/executive-order-10474-the-honorable-robert-taft
3949,10473,"July 22, 1953",https://www.presidency.ucsb.edu/documents/executive-order-10473-amendment-the-foreign-service-regulations-relating-united-states
3950,10472,"July 20, 1953",https://www.presidency.ucsb.edu/documents/executive-order-10472-establishing-the-national-agricultural-advisory-commission
3954,10468,"July 07, 1953",https://www.presidency.ucsb.edu/documents/executive-order-10468-appointment-william-c-strand-director-office-territories-department
3956,10466,"June 30, 1953",https://www.presidency.ucsb.edu/documents/executive-order-10466-continuing-effect-certain-appointments-commissioned-officers-and
3957,10467,"June 30, 1953",https://www.presidency.ucsb.edu/documents/executive-order-10467-further-providing-for-the-administration-the-defense-production-act
3959,10464,"June 25, 1953",https://www.presidency.ucsb.edu/documents/executive-order-10464-delegation-functions-the-president-respecting-the-transfer-wheat
3960,10462,"June 19, 1953",https://www.presidency.ucsb.edu/documents/executive-order-10462-delegation-certain-functions-the-president-the-housing-and-home
3965,10456,"May 27, 1953",https://www.presidency.ucsb.edu/documents/executive-order-10456-delegating-secretary-defense-and-the-director-defense-mobilization
3966,10457,"May 27, 1953",https://www.presidency.ucsb.edu/documents/executive-order-10457-designating-the-department-justice-defense-agency-for-certain
3967,10455,"May 22, 1953",https://www.presidency.ucsb.edu/documents/executive-order-10455-inspection-income-excess-profits-declared-value-excess-profits
3970,10452,"May 01, 1953",https://www.presidency.ucsb.edu/documents/executive-order-10452-providing-for-the-performance-the-chairman-the-civil-service
3971,10451,"April 28, 1953",https://www.presidency.ucsb.edu/documents/executive-order-10451-inspection-certain-returns-the-committee-the-judiciary-house
3973,10449,"April 24, 1953",https://www.presidency.ucsb.edu/documents/executive-order-10449-creating-emergency-board-investigate-dispute-between-the-new-york
3974,10448,"April 22, 1953",https://www.presidency.ucsb.edu/documents/executive-order-10448-establishing-the-national-defense-service-medal
3975,10447,"April 22, 1953",https://www.presidency.ucsb.edu/documents/executive-order-10447-inspection-returns-senate-committee-the-judiciary
3977,10445,"April 10, 1953",https://www.presidency.ucsb.edu/documents/executive-order-10445-reserving-certain-lands-acquired-under-title-iii-the-bankhead-jones
3978,10444,"April 10, 1953",https://www.presidency.ucsb.edu/documents/executive-order-10444-amendment-executive-order-no-8809-june-28-1941-establishing-the-good
3979,10443,"April 07, 1953",https://www.presidency.ucsb.edu/documents/executive-order-10443-suspension-the-eight-hour-law-laborers-and-mechanics-employed-the
3980,10442,"March 31, 1953",https://www.presidency.ucsb.edu/documents/executive-order-10442-inspection-income-excess-profits-declared-value-excess-profits
3981,10441,"March 31, 1953",https://www.presidency.ucsb.edu/documents/executive-order-10441-continuing-effect-certain-appointments-officers-and-warrant-officers
3985,10436,"February 20, 1953",https://www.presidency.ucsb.edu/documents/executive-order-10436-reserving-kahoolawe-island-territory-hawaii-for-the-use-the-united
3986,10437,"February 20, 1953",https://www.presidency.ucsb.edu/documents/executive-order-10437-designating-the-honorable-benjamin-ortiz-act-under-certain
3987,10435,"February 06, 1953",https://www.presidency.ucsb.edu/documents/executive-order-10435-inspection-income-excess-profits-declared-value-excess-profits
3988,10434,"February 06, 1953",https://www.presidency.ucsb.edu/documents/executive-order-10434-suspension-wage-and-salary-controls-under-the-defense-production-act
3992,10430,"January 17, 1953",https://www.presidency.ucsb.edu/documents/executive-order-10430-authorizing-the-appointment-mrs-beth-campbell-short-the-competitive
3994,10428,"January 17, 1953",https://www.presidency.ucsb.edu/documents/executive-order-10428-delegating-the-secretary-defense-the-authority-the-president-empower
3995,10427,"January 16, 1953",https://www.presidency.ucsb.edu/documents/executive-order-10427-administration-disaster-relief
3998,10424,"January 15, 1953",https://www.presidency.ucsb.edu/documents/executive-order-10424-authorizing-competitive-status-for-norman-e-prince-wthout-compliance
4001,10421,"December 31, 1952",https://www.presidency.ucsb.edu/documents/executive-order-10421-providing-for-the-physical-security-facilities-important-the
4003,10419,"December 11, 1952",https://www.presidency.ucsb.edu/documents/executive-order-10419-restoring-the-posssession-use-and-control-certain-land-the-territory
4004,10417-A,"December 06, 1952",https://www.presidency.ucsb.edu/documents/executive-order-10417-excusing-federal-employees-from-duty-friday-december-26-1952
4006,10417,"December 03, 1952",https://www.presidency.ucsb.edu/documents/executive-order-10417-creating-board-inquiry-report-labor-dispute-affecting-the
4010,10413,"November 17, 1952",https://www.presidency.ucsb.edu/documents/executive-order-10413-restoring-kure-ocean-island-the-jurisdiction-the-territory-hawaii
4011,10412,"November 15, 1952",https://www.presidency.ucsb.edu/documents/executive-order-10412-inspection-returns-senate-committee-the-judiciary
4012,10411,"November 14, 1952",https://www.presidency.ucsb.edu/documents/executive-order-10411-restoring-certain-lands-comprising-parts-the-aiea-military
4013,10410,"November 14, 1952",https://www.presidency.ucsb.edu/documents/executive-order-10410-specification-laws-from-which-the-escapee-program-administered-the
4014,10409,"November 12, 1952",https://www.presidency.ucsb.edu/documents/executive-order-10409-award-the-purle-heart-persons-serving-with-the-navy-marine-corps-or
4018,10406,"November 06, 1952",https://www.presidency.ucsb.edu/documents/executive-order-10406-creating-emergency-board-investigate-dispute-between-the-united-air
4019,10404,"November 05, 1952",https://www.presidency.ucsb.edu/documents/executive-order-10404-resorting-certain-land-reserved-for-military-purposes-the-territory
4020,10403,"November 05, 1952",https://www.presidency.ucsb.edu/documents/executive-order-10403-reserving-certain-lands-comprising-part-the-fort-missoula-military
4021,10402,"October 30, 1952",https://www.presidency.ucsb.edu/documents/executive-order-10402-enforcement-the-convention-for-safety-life-sea-1948
4022,10401,"October 14, 1952",https://www.presidency.ucsb.edu/documents/executive-order-10401-prescribing-the-procedures-for-periocic-review-escape-clause
4023,10400,"September 27, 1952",https://www.presidency.ucsb.edu/documents/executive-order-10400-amending-executive-order-no-10122-april-14-1950-entitled-regulations
4026,10397,"September 25, 1952",https://www.presidency.ucsb.edu/documents/executive-order-10397-continuing-effect-certain-appointments-officers-and-warrant-officers
4027,10395,"September 18, 1952",https://www.presidency.ucsb.edu/documents/executive-order-10395-extension-time-relating-the-disposition-certain-temporary-housing
4028,10396,"September 18, 1952",https://www.presidency.ucsb.edu/documents/executive-order-10396-establishing-seal-for-the-small-defense-plants-administration
4031,10392,"September 04, 1952",https://www.presidency.ucsb.edu/documents/executive-order-10392-establishing-the-presidents-commission-immigration-and
4034,10390,"August 30, 1952",https://www.presidency.ucsb.edu/documents/executive-order-10390-amending-executive-order-no-10161-september-9-1950-amended-provide
4035,10388,"August 27, 1952",https://www.presidency.ucsb.edu/documents/executive-order-10388-revocation-executive-order-no-8616-december-19-1940-placing-palmyra
4036,10387,"August 25, 1952",https://www.presidency.ucsb.edu/documents/executive-order-10387-specification-laws-from-which-certain-functions-authorized-the
4037,10386,"August 20, 1952",https://www.presidency.ucsb.edu/documents/executive-order-10386-inspection-files-covering-compromise-settlements-tax-liability
4038,10385,"August 16, 1952",https://www.presidency.ucsb.edu/documents/executive-order-10385-extension-time-relating-the-removal-certain-temporary-housing
4039,10383,"August 11, 1952",https://www.presidency.ucsb.edu/documents/executive-order-10383-resorting-certain-lands-palaau-molokai-the-jurisdiction-territory
4040,10384,"August 11, 1952",https://www.presidency.ucsb.edu/documents/executive-order-10384-restoring-certain-land-reserved-connection-with-the-hilo-airport
4041,10382,"August 09, 1952",https://www.presidency.ucsb.edu/documents/executive-order-10382-providing-for-the-liquidation-the-affairs-the-displaced-persons
4042,10381,"August 06, 1952",https://www.presidency.ucsb.edu/documents/executive-order-10381-amendment-executive-order-no-9805-prescribing-regulations-governing
4043,10379,"August 02, 1952",https://www.presidency.ucsb.edu/documents/executive-order-10379-suspension-the-operation-certain-provisions-the-officer-personnel
4048,10374,"July 15, 1952",https://www.presidency.ucsb.edu/documents/executive-order-10374-enlarging-the-nicolet-and-chequamegon-national-forests-wisconsin
4049,10375,"July 15, 1952",https://www.presidency.ucsb.edu/documents/executive-order-10375-restoring-lands-comprising-the-round-top-military-reservation-and
4053,10370,"July 07, 1952",https://www.presidency.ucsb.edu/documents/executive-order-10370-delegating-certain-authority-the-president-the-small-defense-plants
4054,10369,"June 30, 1952",https://www.presidency.ucsb.edu/documents/executive-order-10369-further-designation-pursuant-section-103-the-renegotiation-act-1951
4057,10366,"June 26, 1952",https://www.presidency.ucsb.edu/documents/executive-order-10366-amending-the-selctive-service-regulations
4060,10364,"June 17, 1952",https://www.presidency.ucsb.edu/documents/executive-order-10364-exemption-john-j-deviny-from-compulsory-retirement-for-age
4062,10360,"June 11, 1952",https://www.presidency.ucsb.edu/documents/executive-order-10360-amendment-executive-order-no-9781-establishing-the-air-coordinating
4063,10361,"June 11, 1952",https://www.presidency.ucsb.edu/documents/executive-order-10361-establishing-the-whittier-defensive-sea-area-alaska
4064,10358,"June 09, 1952",https://www.presidency.ucsb.edu/documents/executive-order-10358-observance-holidays-government-agencies
4065,10359,"June 09, 1952",https://www.presidency.ucsb.edu/documents/executive-order-10359-amending-executive-order-no-10161-amended-with-respect-certain-plant
4066,10357,"June 04, 1952",https://www.presidency.ucsb.edu/documents/executive-order-10357-including-certain-lands-the-nantahala-national-forest
4069,10355,"May 26, 1952",https://www.presidency.ucsb.edu/documents/executive-order-10355-delegating-the-secretary-the-interior-the-authority-the-president
4070,10353,"May 21, 1952",https://www.presidency.ucsb.edu/documents/executive-order-10353-authorizing-the-appointment-mrs-cressie-e-coffelt-competitive
4072,10351,"May 15, 1952",https://www.presidency.ucsb.edu/documents/executive-order-10351-designation-certain-persons-for-the-purpose-issuing-provisional
4073,10350,"May 14, 1952",https://www.presidency.ucsb.edu/documents/executive-order-10350-establishing-seal-for-the-federal-civil-defense-administration
4074,10348,"April 26, 1952",https://www.presidency.ucsb.edu/documents/executive-order-10348-continuing-force-orders-and-regulations-relating-blocked-property
4075,10349,"April 26, 1952",https://www.presidency.ucsb.edu/documents/executive-order-10349-declaring-the-commissioned-corps-the-public-health-service-be
4076,10347,"April 18, 1952",https://www.presidency.ucsb.edu/documents/executive-order-10347-providing-for-the-affixing-the-seal-the-united-states-certain
4081,10343,"April 12, 1952",https://www.presidency.ucsb.edu/documents/executive-order-10343-inspection-tax-returns-committee-the-judiciary-house-representatives
4082,10340,"April 08, 1952",https://www.presidency.ucsb.edu/documents/executive-order-10340-directing-the-secretary-commerce-take-possession-and-operate-the
4083,10341,"April 08, 1952",https://www.presidency.ucsb.edu/documents/executive-order-10341-discontinuing-the-rose-island-and-the-tutuila-island-naval-defensive
4086,10336,"April 03, 1952",https://www.presidency.ucsb.edu/documents/executive-order-10336-amendment-executive-order-no-9586-july-6-1945-establishing-the-medal
4088,10335,"March 28, 1952",https://www.presidency.ucsb.edu/documents/executive-order-10335-designating-the-provisional-intergovernmental-committee-for-the
4089,10334,"March 26, 1952",https://www.presidency.ucsb.edu/documents/executive-order-10334-exemption-frederick-c-mayer-from-compulsroy-retirement-age
4091,10332,"March 07, 1952",https://www.presidency.ucsb.edu/documents/executive-order-10332-prescribing-the-order-succession-officers-act-secreetary-defense
4092,10331,"March 04, 1952",https://www.presidency.ucsb.edu/documents/executive-order-10331-inspection-income-tax-returns-the-senate-committee-interior-and
4093,10330,"February 29, 1952",https://www.presidency.ucsb.edu/documents/executive-order-10330-exemption-frances-perkins-from-compulsory-retirement-for-age
4095,10327,"February 20, 1952",https://www.presidency.ucsb.edu/documents/executive-order-10327-investigations-relating-the-conduct-government-business
4096,10328,"February 20, 1952",https://www.presidency.ucsb.edu/documents/executive-order-10328-prescribing-portion-the-selective-service-regulations
4097,10326,"February 11, 1952",https://www.presidency.ucsb.edu/documents/executive-order-10326-inspection-income-excess-profits-declared-value-excess-profits
4098,10325,"February 07, 1952",https://www.presidency.ucsb.edu/documents/executive-order-10325-regulations-governing-the-award-the-medal-for-humane-action
4099,10324,"February 06, 1952",https://www.presidency.ucsb.edu/documents/executive-order-10324-amending-executive-order-no-10161-september-9-1950-with-respect-the
4100,10323,"February 05, 1952",https://www.presidency.ucsb.edu/documents/executive-order-10323-transferring-certain-functions-and-delegating-certain-powers-the
4102,10321,"January 24, 1952",https://www.presidency.ucsb.edu/documents/executive-order-10321-inspection-income-excess-profits-declared-value-excess-profits
4103,10320,"January 21, 1952",https://www.presidency.ucsb.edu/documents/executive-order-10320-further-exemption-lawrence-m-lawson-from-compulsory-retirement-for
4104,10319,"January 04, 1952",https://www.presidency.ucsb.edu/documents/executive-order-10319-creating-emergency-board-investigate-dispute-between-the-northwest
4105,10318,"January 03, 1952",https://www.presidency.ucsb.edu/documents/executive-order-10318-establishing-the-missouri-basin-survey-commission
4106,10316,"December 29, 1951",https://www.presidency.ucsb.edu/documents/executive-order-10316-inspection-income-excess-profits-declared-value-excess-profits
4107,10317,"December 29, 1951",https://www.presidency.ucsb.edu/documents/executive-order-10317-establishing-the-presidents-commission-the-health-needs-the-nation
4108,10315,"December 19, 1951",https://www.presidency.ucsb.edu/documents/executive-order-10315-exemption-william-e-lee-from-compulsory-retirement-for-age
4109,10314,"December 17, 1951",https://www.presidency.ucsb.edu/documents/executive-order-10314-creating-emergency-board-investigate-dispute-between-the-pan
4111,10310,"December 10, 1951",https://www.presidency.ucsb.edu/documents/executive-order-10310-designating-the-honorable-cecil-snyder-act-under-certain
4112,10311,"December 10, 1951",https://www.presidency.ucsb.edu/documents/executive-order-10311-suspending-certain-statutory-provisions-relating-employment-the
4113,10312,"December 10, 1951",https://www.presidency.ucsb.edu/documents/executive-order-10312-providing-for-emergency-control-over-certain-government-and-non
4114,10308,"December 03, 1951",https://www.presidency.ucsb.edu/documents/executive-order-10308-improving-the-means-for-obtaining-compliance-with-the
4115,10309,"December 03, 1951",https://www.presidency.ucsb.edu/documents/executive-order-10309-restoring-possession-use-and-control-certain-lands-reserved-for
4116,10307,"November 23, 1951",https://www.presidency.ucsb.edu/documents/executive-order-10307-delegating-the-secretary-state-the-authority-the-president-prescribe
4119,10304,"November 12, 1951",https://www.presidency.ucsb.edu/documents/executive-order-10304-inspection-income-excess-profits-declared-value-excess-profits
4121,10301,"November 02, 1951",https://www.presidency.ucsb.edu/documents/executive-order-10301-amending-executive-order-no-10161-amended-provide-for-alternate
4122,10302,"November 02, 1951",https://www.presidency.ucsb.edu/documents/executive-order-10302-interdepartmental-committee-narcotics
4125,10299,"October 31, 1951",https://www.presidency.ucsb.edu/documents/executive-order-10299-designating-additional-agency-pursuant-section-103a-the
4126,10297,"October 09, 1951",https://www.presidency.ucsb.edu/documents/executive-order-10297-providing-for-telecommunications-advisor-the-president
4127,10296,"October 02, 1951",https://www.presidency.ucsb.edu/documents/executive-order-10296-providing-for-the-performance-certain-defense-housing-and-community
4128,10295,"September 28, 1951",https://www.presidency.ucsb.edu/documents/executive-order-10295-establishing-seal-for-the-united-states-court-military-appeals
4129,10294,"September 28, 1951",https://www.presidency.ucsb.edu/documents/executive-order-10294-designating-additional-agencies-pursuant-section-103a-the
4131,10291,"September 25, 1951",https://www.presidency.ucsb.edu/documents/executive-order-10291-establishing-airspace-reservation-over-the-savannah-river-plant-the
4133,10290,"September 24, 1951",https://www.presidency.ucsb.edu/documents/executive-order-10290-prescribing-regulations-establishing-minimum-standards-for-the
4134,10289,"September 17, 1951",https://www.presidency.ucsb.edu/documents/executive-order-10289-providing-for-the-performance-certain-functions-the-president-the
4137,10286,"September 06, 1951",https://www.presidency.ucsb.edu/documents/executive-order-10286-creating-emergency-board-investigate-dispute-between-the-pullman
4138,10287,"September 06, 1951",https://www.presidency.ucsb.edu/documents/executive-order-10287-revoking-executive-order-no-8304-january-14-1939-and-abolishing-the
4139,10284,"September 01, 1951",https://www.presidency.ucsb.edu/documents/executive-order-10284-extension-time-relating-the-disposition-certain-housing
4140,10283,"August 30, 1951",https://www.presidency.ucsb.edu/documents/executive-order-10283-creating-board-inquiry-report-certain-labor-disputes-affecting-the
4141,10282,"August 29, 1951",https://www.presidency.ucsb.edu/documents/executive-order-10282-suspension-the-eight-hour-law-laborers-and-mechanics-employed-the
4145,10278,"August 09, 1951",https://www.presidency.ucsb.edu/documents/executive-order-10278-withdrawing-from-appropriation-the-phosphate-reserved-the-united
4147,10276,"July 31, 1951",https://www.presidency.ucsb.edu/documents/executive-order-10276-administration-the-housing-and-rent-act-1947-amended-and-termination
4148,10275,"July 25, 1951",https://www.presidency.ucsb.edu/documents/executive-order-10275-inspection-income-excess-profits-declared-value-excess-profits
4151,10272,"July 10, 1951",https://www.presidency.ucsb.edu/documents/executive-order-10272-delegating-the-secretary-the-army-the-authority-the-president
4152,10271,"July 07, 1951",https://www.presidency.ucsb.edu/documents/executive-order-10271-delegating-the-authority-the-president-order-members-and-units
4154,10269,"July 06, 1951",https://www.presidency.ucsb.edu/documents/executive-order-10269-delegating-the-director-defense-mobilization-the-authority-the
4155,10268,"July 05, 1951",https://www.presidency.ucsb.edu/documents/executive-order-10268-restoring-certain-lands-comprisings-portions-the-fort-ruger-miltary
4156,10267,"July 03, 1951",https://www.presidency.ucsb.edu/documents/executive-order-10267-declaring-certain-lands-the-nantahala-national-forest
4157,10266,"June 30, 1951",https://www.presidency.ucsb.edu/documents/executive-order-10266-suspension-certain-provisions-the-officer-personnel-act-1947-amended
4158,10263,"June 29, 1951",https://www.presidency.ucsb.edu/documents/executive-order-10263-transfer-the-panama-canal-the-waterway-together-with-facilities-and
4159,10264,"June 29, 1951",https://www.presidency.ucsb.edu/documents/executive-order-10264-transfer-the-administration-american-samoa-from-the-secretary-the
4160,10265,"June 29, 1951",https://www.presidency.ucsb.edu/documents/executive-order-10265-transfer-the-administration-the-trust-territory-the-pacific-islands
4161,10262,"June 28, 1951",https://www.presidency.ucsb.edu/documents/executive-order-10262-suspension-professional-examinations-for-promotion-medical-dental
4162,10260,"June 27, 1951",https://www.presidency.ucsb.edu/documents/executive-order-10260-designating-certain-agencies-pursuant-section-103-the-renenogiation
4163,10259,"June 27, 1951",https://www.presidency.ucsb.edu/documents/executive-order-10259-delegating-the-secretary-state-the-authority-vested-the-president
4168,10255,"June 22, 1951",https://www.presidency.ucsb.edu/documents/executive-order-10255-further-exemption-claude-l-draper-from-compulsory-retirement-for-age
4169,10254,"June 15, 1951",https://www.presidency.ucsb.edu/documents/executive-order-10254-terminating-the-philippine-alien-property-administration-and
4173,10250,"June 05, 1951",https://www.presidency.ucsb.edu/documents/executive-order-10250-providing-for-the-performance-certain-functions-the-president-the
4177,10246,"May 18, 1951",https://www.presidency.ucsb.edu/documents/executive-order-10246-transferring-the-use-possession-and-control-certain-land-from-the
4178,10244,"May 17, 1951",https://www.presidency.ucsb.edu/documents/executive-order-10244-designating-the-secretary-state-and-the-attorney-general-the
4179,10245,"May 17, 1951",https://www.presidency.ucsb.edu/documents/executive-order-10245-establishing-commission-for-the-commemoration-the-one-hundred-and
4181,10242,"May 08, 1951",https://www.presidency.ucsb.edu/documents/executive-order-10242-prescribing-regulations-governing-the-exercise-the-federal-civil
4182,10241,"April 28, 1951",https://www.presidency.ucsb.edu/documents/executive-order-10241-amending-executive-order-no-9835-entitled-prescribing-procedures-for
4186,10240,"April 27, 1951",https://www.presidency.ucsb.edu/documents/executive-order-10240-regulations-governing-the-separation-from-the-service-certain-women
4188,10235,"April 25, 1951",https://www.presidency.ucsb.edu/documents/executive-order-10235-establishing-seal-for-the-economic-stabilization-agency
4189,10234,"April 23, 1951",https://www.presidency.ucsb.edu/documents/executive-order-10234-transferring-certain-lands-from-the-department-agriculture-the
4194,10229,"March 30, 1951",https://www.presidency.ucsb.edu/documents/executive-order-10229-exemption-hugh-h-bennett-from-compulsory-retirement-for-age
4195,10228,"March 26, 1951",https://www.presidency.ucsb.edu/documents/executive-order-10228-designating-the-inter-american-defense-board-public-international
4197,10226,"March 23, 1951",https://www.presidency.ucsb.edu/documents/executive-order-10226-regulations-relating-the-safeguarding-vessels-harbors-ports-and
4198,10225,"March 17, 1951",https://www.presidency.ucsb.edu/documents/executive-order-10225-exemption-bernice-pyke-from-compulsory-retirement-for-age
4199,10224,"March 15, 1951",https://www.presidency.ucsb.edu/documents/executive-order-10224-establishing-the-national-advisory-board-mobilization-policy
4201,10222,"March 08, 1951",https://www.presidency.ucsb.edu/documents/executive-order-10222-providing-for-certain-transfers-the-federal-civil-defense
4202,10220,"March 02, 1951",https://www.presidency.ucsb.edu/documents/executive-order-10220-authorizing-the-appointment-stanley-c-wollaston-competitive-position
4208,10215,"February 16, 1951",https://www.presidency.ucsb.edu/documents/executive-order-10215-exemption-arthur-quinn-from-compulsory-retirement-for-age
4209,10214,"February 08, 1951",https://www.presidency.ucsb.edu/documents/executive-order-10214-prescribing-the-manual-for-courts-martial-united-states-1951
4210,10211,"February 06, 1951",https://www.presidency.ucsb.edu/documents/executive-order-10211-placing-operation-the-provisions-section-31-the-organic-act-guam
4211,10212,"February 06, 1951",https://www.presidency.ucsb.edu/documents/executive-order-10212-transferring-the-use-possession-and-control-certain-lands-and-rights
4212,10213,"February 06, 1951",https://www.presidency.ucsb.edu/documents/executive-order-10213-including-certain-lands-the-nantahala-and-cherokee-national-forests
4213,10210,"February 02, 1951",https://www.presidency.ucsb.edu/documents/executive-order-10210-authorizing-the-department-defense-and-the-department-commerce
4214,10209,"February 01, 1951",https://www.presidency.ucsb.edu/documents/executive-order-10209-amending-executive-order-no-8557-september-30-1940-entitled
4215,10208,"January 25, 1951",https://www.presidency.ucsb.edu/documents/executive-order-10208-providing-for-the-administration-the-yugoslav-emergency-relief
4216,10207,"January 23, 1951",https://www.presidency.ucsb.edu/documents/executive-order-10207-establishing-the-presidents-commission-internal-security-and
4222,10201,"January 11, 1951",https://www.presidency.ucsb.edu/documents/executive-order-10201-attaching-the-virgin-islands-the-internal-revenue-collection
4224,10198,"December 21, 1950",https://www.presidency.ucsb.edu/documents/executive-order-10198-exemption-paul-walker-from-compulsory-retirement-for-age
4225,10199,"December 21, 1950",https://www.presidency.ucsb.edu/documents/executive-order-10199-authorizing-the-secretary-agriculture-make-without-the-approval-the
4226,10195,"December 20, 1950",https://www.presidency.ucsb.edu/documents/executive-order-10195-designation-korea-and-waters-adjacent-thereto-combat-zone-for-the
4227,10197,"December 20, 1950",https://www.presidency.ucsb.edu/documents/executive-order-10197-directing-the-secretary-commerce-exercise-security-control-over
4229,10194,"December 19, 1950",https://www.presidency.ucsb.edu/documents/executive-order-10194-establishing-the-federal-safety-council
4230,10193,"December 16, 1950",https://www.presidency.ucsb.edu/documents/executive-order-10193-providing-for-the-conduct-the-mobilization-effort-the-government
4232,10191,"December 13, 1950",https://www.presidency.ucsb.edu/documents/executive-order-10191-extension-trust-periods-indian-lands-expiring-during-the-calendar
4233,10188,"December 06, 1950",https://www.presidency.ucsb.edu/documents/executive-order-10188-designating-the-honorable-luis-negron-fernandez-acting-judge-the
4234,10189,"December 06, 1950",https://www.presidency.ucsb.edu/documents/executive-order-10189-amendment-executive-order-no-4601-march-1-1927-prescribing
4235,10190,"December 06, 1950",https://www.presidency.ucsb.edu/documents/executive-order-10190-prescribing-regulations-relating-new-trials-courts-martial-and-other
4238,10186,"December 01, 1950",https://www.presidency.ucsb.edu/documents/executive-order-10186-establishing-the-federal-civil-defense-administration-the-office-for
4239,10184,"November 24, 1950",https://www.presidency.ucsb.edu/documents/executive-order-10184-transferring-certain-land-comprising-portion-the-arecibo-coast-guard
4240,10182,"November 21, 1950",https://www.presidency.ucsb.edu/documents/executive-order-10182-providing-for-the-appointment-certain-persons-under-the-defense
4241,10183,"November 21, 1950",https://www.presidency.ucsb.edu/documents/executive-order-10183-making-certain-changes-internal-revenue-collection-districts-the
4242,10181,"November 20, 1950",https://www.presidency.ucsb.edu/documents/executive-order-10181-delegating-the-director-the-bureau-the-budget-the-function
4243,10180,"November 13, 1950",https://www.presidency.ucsb.edu/documents/executive-order-10180-establishing-special-personnel-procedures-the-interest-the-national
4244,10179,"November 08, 1950",https://www.presidency.ucsb.edu/documents/executive-order-10179-establishing-the-korean-service-medal
4245,10178,"October 30, 1950",https://www.presidency.ucsb.edu/documents/executive-order-10178-reserving-certain-real-and-personal-property-guam-for-the-use-the
4246,10176,"October 27, 1950",https://www.presidency.ucsb.edu/documents/executive-order-10176-suspending-certain-statutory-provisions-relating-employment-the
4247,10177,"October 27, 1950",https://www.presidency.ucsb.edu/documents/executive-order-10177-amendment-section-1-executive-order-no-9778-september-10-1946
4250,10173,"October 18, 1950",https://www.presidency.ucsb.edu/documents/executive-order-10173-regulations-relating-the-safeguarding-vessels-harbors-ports-and
4255,10168,"October 11, 1950",https://www.presidency.ucsb.edu/documents/executive-order-10168-regulations-relating-the-right-enlisted-members-the-uniformed
4256,10169,"October 11, 1950",https://www.presidency.ucsb.edu/documents/executive-order-10169-establishing-the-national-advisory-committee-mobilization-policy
4257,10166,"October 04, 1950",https://www.presidency.ucsb.edu/documents/executive-order-10166-establishing-the-national-advisory-committee-the-selection-doctors
4258,10165,"October 03, 1950",https://www.presidency.ucsb.edu/documents/executive-order-10165-creating-emergency-board-investigate-dispute-between-the-railway
4259,10164,"September 27, 1950",https://www.presidency.ucsb.edu/documents/executive-order-10164-extension-enlistments-the-united-states-coast-guard
4260,10163,"September 25, 1950",https://www.presidency.ucsb.edu/documents/executive-order-10163-the-armed-forces-reserve-medal
4261,10162,"September 19, 1950",https://www.presidency.ucsb.edu/documents/executive-order-10162-authorizing-the-appointment-frederick-c-kilguss-the-position-deputy
4264,10159,"September 08, 1950",https://www.presidency.ucsb.edu/documents/executive-order-10159-providing-for-the-administration-the-act-for-international
4266,10157,"August 28, 1950",https://www.presidency.ucsb.edu/documents/executive-order-10157-enabling-certain-employees-the-federal-government-acquire
4267,10156,"August 26, 1950",https://www.presidency.ucsb.edu/documents/executive-order-10156-designation-certain-officers-the-department-the-interior-act
4268,10155,"August 25, 1950",https://www.presidency.ucsb.edu/documents/executive-order-10155-possession-control-and-operation-certain-railroads
4269,10154,"August 22, 1950",https://www.presidency.ucsb.edu/documents/executive-order-10154-designation-certain-officers-the-post-office-department-act
4270,10153,"August 17, 1950",https://www.presidency.ucsb.edu/documents/executive-order-10153-regulations-relating-certain-travel-time-members-the-uniformed
4271,10152,"August 17, 1950",https://www.presidency.ucsb.edu/documents/executive-order-10152-regulations-relating-the-right-members-the-uniformed-services
4272,10151,"August 11, 1950",https://www.presidency.ucsb.edu/documents/executive-order-10151-exemption-william-d-hassett-from-compulsory-retirement-for-age
4275,10148,"August 05, 1950",https://www.presidency.ucsb.edu/documents/executive-order-10148-designation-certain-officers-the-department-commerce-act-secretary
4276,10147,"August 04, 1950",https://www.presidency.ucsb.edu/documents/executive-order-10147-creating-emergency-board-investigate-dispute-between-the-new-york
4277,10146,"August 02, 1950",https://www.presidency.ucsb.edu/documents/executive-order-10146-exemption-william-j-pattersn-from-compulsory-retirement-for-age
4278,10145,"July 27, 1950",https://www.presidency.ucsb.edu/documents/executive-order-10145-extension-enlistements-the-armed-forces-the-united-states
4280,10142,"July 12, 1950",https://www.presidency.ucsb.edu/documents/executive-order-10142-creating-emergency-board-investigate-dispute-between-the-braniff
4281,10143,"July 12, 1950",https://www.presidency.ucsb.edu/documents/executive-order-10143-authorizing-the-appointment-mrs-ruth-edna-mcc-somers-position-the
4282,10141,"July 08, 1950",https://www.presidency.ucsb.edu/documents/executive-order-10141-possession-control-and-operation-the-transportation-system-the
4283,10140,"July 06, 1950",https://www.presidency.ucsb.edu/documents/executive-order-10140-creating-emergency-board-investigate-dispute-between-the-pullman
4284,10138,"July 03, 1950",https://www.presidency.ucsb.edu/documents/executive-order-10138-creating-emergency-board-investigate-dispute-between-the-toledo
4285,10139,"July 03, 1950",https://www.presidency.ucsb.edu/documents/executive-order-10139-creating-emergency-board-investigate-dispute-between-the-toledo
4291,10132,"June 17, 1950",https://www.presidency.ucsb.edu/documents/executive-order-10132-inspection-income-excess-profits-declared-value-excess-profits
4293,10130,"June 06, 1950",https://www.presidency.ucsb.edu/documents/executive-order-10130-creating-emergency-board-investigate-dispute-between-the-boston
4294,10129,"June 03, 1950",https://www.presidency.ucsb.edu/documents/executive-order-10129-establishing-the-presidents-commission-migratory-labor
4295,10128,"June 02, 1950",https://www.presidency.ucsb.edu/documents/executive-order-10128-amendment-executive-order-no-6868-october-9-1934-amended-designating
4296,10127,"May 23, 1950",https://www.presidency.ucsb.edu/documents/executive-order-10127-establishing-airspace-reservations-over-certain-facilities-the
4297,10126,"May 09, 1950",https://www.presidency.ucsb.edu/documents/executive-order-10126-establishing-airspace-reservation-over-portions-the-district
4298,10125,"April 26, 1950",https://www.presidency.ucsb.edu/documents/executive-order-10125-creating-emergency-board-investigate-dispute-between-the-chicago
4299,10124,"April 25, 1950",https://www.presidency.ucsb.edu/documents/executive-order-10124-regulations-governing-the-election-certain-members-and-former
4302,10121,"April 12, 1950",https://www.presidency.ucsb.edu/documents/executive-order-10121-transferring-the-territory-hawaii-title-certain-public-land-needed
4303,10120,"April 11, 1950",https://www.presidency.ucsb.edu/documents/executive-order-10120-creating-emergency-board-investigate-dispute-between-the-carriers
4306,10117,"March 20, 1950",https://www.presidency.ucsb.edu/documents/executive-order-10117-creating-emergency-board-investigate-dispute-between-the-carriers
4308,10115,"March 08, 1950",https://www.presidency.ucsb.edu/documents/executive-order-10115-restoring-certain-land-reserved-for-military-purposes-the
4309,10114,"March 03, 1950",https://www.presidency.ucsb.edu/documents/executive-order-10114-creating-emergency-board-investigate-dispute-between-the-terminal
4310,10112,"February 24, 1950",https://www.presidency.ucsb.edu/documents/executive-order-10112-creating-emergency-board-investigate-dispute-betweent-the-carriers
4314,10109,"February 10, 1950",https://www.presidency.ucsb.edu/documents/executive-order-10109-creating-emergency-board-investigate-disputes-between-the-texas
4315,10108,"February 09, 1950",https://www.presidency.ucsb.edu/documents/executive-order-10108-designating-the-united-states-mission-the-united-nations-and
4316,10107,"February 08, 1950",https://www.presidency.ucsb.edu/documents/executive-order-10107-revocation-executive-order-no-8232-september-5-1939-relating-the
4317,10106,"February 06, 1950",https://www.presidency.ucsb.edu/documents/executive-order-10106-creating-board-inquiry-report-labor-dispute-affecting-the-bituminous
4318,10105,"February 04, 1950",https://www.presidency.ucsb.edu/documents/executive-order-10105-creating-emergency-board-investigate-dispute-between-the-denver-and
4321,10102,"January 31, 1950",https://www.presidency.ucsb.edu/documents/executive-order-10102-transfer-certain-business-operations-facilities-and-appurtenances
4322,10101,"January 31, 1950",https://www.presidency.ucsb.edu/documents/executive-order-10101-amendment-executive-order-no-9746-july-1-1946-relating-the-panama
4324,10099,"January 27, 1950",https://www.presidency.ucsb.edu/documents/executive-order-10099-providing-for-the-administration-the-mutual-defense-assistance-act
4326,10097,"January 24, 1950",https://www.presidency.ucsb.edu/documents/executive-order-10097-designating-the-honorable-cecil-snyder-acting-judge-the-united
4329,10094,"December 22, 1949",https://www.presidency.ucsb.edu/documents/executive-order-10094-further-exemption-clyde-b-aitchison-from-compulsory-retirement-for
4330,10093,"December 20, 1949",https://www.presidency.ucsb.edu/documents/executive-order-10093-revocation-executive-order-no-9512-january-16-1945-providing-for
4331,10092,"December 17, 1949",https://www.presidency.ucsb.edu/documents/executive-order-10092-establishing-airspace-reservation-over-certain-areas-the-superior
4332,10091,"December 11, 1949",https://www.presidency.ucsb.edu/documents/executive-order-10091-extension-trust-periods-indian-lands-expiring-during-the-calendar
4333,10089,"December 06, 1949",https://www.presidency.ucsb.edu/documents/executive-order-10089-suspending-certain-statutory-provisions-relating-employment-the
4334,10090,"December 06, 1949",https://www.presidency.ucsb.edu/documents/executive-order-10090-inspection-income-tax-returns-federal-trade-commission
4336,10088,"December 03, 1949",https://www.presidency.ucsb.edu/documents/executive-order-10088-making-certain-changes-the-customs-field-organization
4337,10086,"November 25, 1949",https://www.presidency.ucsb.edu/documents/executive-order-10086-designating-the-south-pacific-commission-public-international
4339,10084,"October 12, 1949",https://www.presidency.ucsb.edu/documents/executive-order-10084-prescribing-regulations-for-the-administration-certain-provisions
4340,10083,"October 10, 1949",https://www.presidency.ucsb.edu/documents/executive-order-10083-revocation-executive-orders-nos-9698-9751-and-9823-so-far-they
4341,10082,"October 05, 1949",https://www.presidency.ucsb.edu/documents/executive-order-10082-prescribing-procedures-for-the-administration-the-reciprocal-trade
4342,10081,"October 01, 1949",https://www.presidency.ucsb.edu/documents/executive-order-10081-designation-certain-officers-act-postmaster-general
4343,10080,"September 30, 1949",https://www.presidency.ucsb.edu/documents/executive-order-10080-enabling-certain-employees-the-federal-government-acquire
4344,10078,"September 09, 1949",https://www.presidency.ucsb.edu/documents/executive-order-10078-creating-emergency-board-investigate-dispute-between-the-monongahela
4345,10079,"September 09, 1949",https://www.presidency.ucsb.edu/documents/executive-order-10079-transferring-certain-property-the-virgin-islands-the-permanent
4346,10077,"September 07, 1949",https://www.presidency.ucsb.edu/documents/executive-order-10077-transfer-the-administration-the-island-guam-from-the-secretary-the
4347,10076,"September 01, 1949",https://www.presidency.ucsb.edu/documents/executive-order-10076-inspection-income-excess-profits-and-declared-value-excess-profits
4348,10075,"August 18, 1949",https://www.presidency.ucsb.edu/documents/executive-order-10075-eliminating-certain-public-lands-from-naval-petroleum-reserve-no-2
4349,10074,"August 09, 1949",https://www.presidency.ucsb.edu/documents/executive-order-10074-transfer-the-district-land-office-carson-city-nevada-reno-nevada
4350,10073,"July 29, 1949",https://www.presidency.ucsb.edu/documents/executive-order-10073-exemption-eugene-black-from-compulsory-retirement-for-age
4351,10072,"July 29, 1949",https://www.presidency.ucsb.edu/documents/executive-order-10072-provide-for-continuing-action-improve-the-management-the-executive
4352,10071,"July 20, 1949",https://www.presidency.ucsb.edu/documents/executive-order-10071-creating-emergency-board-investigate-dispute-between-the-southern
4353,10070,"July 20, 1949",https://www.presidency.ucsb.edu/documents/executive-order-10070-amending-executive-order-no-9975-july-7-1948-prescribing-regulations
4354,10069,"July 14, 1949",https://www.presidency.ucsb.edu/documents/executive-order-10069-amendment-executive-order-no-9805-prescribing-regulaitons-governing
4355,10068,"July 13, 1949",https://www.presidency.ucsb.edu/documents/executive-order-10068-revoking-order-no-2458-or-september-20-1916-establishing-inter
4356,10067,"July 08, 1949",https://www.presidency.ucsb.edu/documents/executive-order-10067-creating-emergency-board-investigate-dispute-between-the-missouri
4357,10066,"July 06, 1949",https://www.presidency.ucsb.edu/documents/executive-order-10066-including-certain-lands-the-cherokee-national-forest
4358,10065,"July 06, 1949",https://www.presidency.ucsb.edu/documents/executive-order-10065-termination-the-office-defense-transportation
4360,10063,"June 13, 1949",https://www.presidency.ucsb.edu/documents/executive-order-10063-defining-certain-functions-the-united-states-high-commissioner-for
4361,10062,"June 06, 1949",https://www.presidency.ucsb.edu/documents/executive-order-10062-establishing-the-position-united-states-high-commissioner-for
4362,10060,"June 02, 1949",https://www.presidency.ucsb.edu/documents/executive-order-10060-restoring-certain-land-comprising-the-keaahala-military-reservation
4365,10058,"May 24, 1949",https://www.presidency.ucsb.edu/documents/executive-order-10058-restoring-certain-lands-keaukaha-waiakea-south-hilo-hawaii-the
4366,10057,"May 14, 1949",https://www.presidency.ucsb.edu/documents/executive-order-10057-transferring-the-american-battle-monuments-commission-functions
4367,10056,"May 12, 1949",https://www.presidency.ucsb.edu/documents/executive-order-10056-creating-emergency-board-investigate-dispute-between-the-union
4368,10055,"May 06, 1949",https://www.presidency.ucsb.edu/documents/executive-order-10055-amendment-executive-order-no-9-january-17-1873-relating-the-holding
4369,10054,"April 29, 1949",https://www.presidency.ucsb.edu/documents/executive-order-10054-modifying-executive-order-no-9721-providing-for-the-transfer
4370,10052,"April 20, 1949",https://www.presidency.ucsb.edu/documents/executive-order-10052-enlarging-naval-petroleum-reserve-no-1-revoking-part-public-land
4371,10053,"April 20, 1949",https://www.presidency.ucsb.edu/documents/executive-order-10053-regulations-governing-the-transportation-household-goods-members-the
4372,10051,"April 15, 1949",https://www.presidency.ucsb.edu/documents/executive-order-10051-creating-emergency-board-investigate-dispute-between-the-aliquippa
4373,10050,"April 09, 1949",https://www.presidency.ucsb.edu/documents/executive-order-10050-creating-emergency-board-investigate-dispute-between-the-railway
4374,10049,"April 02, 1949",https://www.presidency.ucsb.edu/documents/executive-order-10049-delegating-the-authority-the-president-prescribe-clothing-allowances
4375,10048,"March 30, 1949",https://www.presidency.ucsb.edu/documents/executive-order-10048-creating-emergency-board-investigate-dispute-between-the-southern
4376,10047,"March 26, 1949",https://www.presidency.ucsb.edu/documents/executive-order-10047-restoring-portion-honolulu-harbor-the-jurisdicton-the-territory
4377,10046,"March 24, 1949",https://www.presidency.ucsb.edu/documents/executive-order-10046-transferring-certain-lands-from-the-department-agriculture-the
4378,10044,"March 15, 1949",https://www.presidency.ucsb.edu/documents/executive-order-10044-amendment-executive-order-no-9-january-17-1873-relating-the-holding
4383,10039,"February 21, 1949",https://www.presidency.ucsb.edu/documents/executive-order-10039-authorizing-the-civil-service-commission-confer-competitive-status
4385,10038,"February 15, 1949",https://www.presidency.ucsb.edu/documents/executive-order-10038-creating-emergency-board-investigate-dispute-between-the-carriers
4386,10037,"February 14, 1949",https://www.presidency.ucsb.edu/documents/executive-order-10037-creating-emergency-board-investigate-dispute-between-the-denver-rio
4387,10035,"February 10, 1949",https://www.presidency.ucsb.edu/documents/executive-order-10035-designating-the-honorable-luis-negron-fernandez-acting-judge-the
4388,10036,"February 10, 1949",https://www.presidency.ucsb.edu/documents/executive-order-10036-restoration-lands-location-and-entry-under-the-mining-laws-the
4389,10034,"February 09, 1949",https://www.presidency.ucsb.edu/documents/executive-order-10034-further-exemption-john-monroe-johnson-from-compulsory-retirement-for
4390,10033,"February 08, 1949",https://www.presidency.ucsb.edu/documents/executive-order-10033-regulations-governing-the-providing-statistical-information
4391,10032,"January 28, 1949",https://www.presidency.ucsb.edu/documents/executive-order-10032-creating-emergency-board-investigate-dispute-between-the-akron
4392,10030,"January 26, 1949",https://www.presidency.ucsb.edu/documents/executive-order-10030-administration-and-supervision-the-district-columbia-national-guard
4396,10027,"January 06, 1949",https://www.presidency.ucsb.edu/documents/executive-order-10027-extension-trust-periods-indian-lands-expiring-during-the-calendar
4397,10026-A,"January 05, 1949",https://www.presidency.ucsb.edu/documents/executive-order-10026-korea
4398,10026,"January 04, 1949",https://www.presidency.ucsb.edu/documents/executive-order-10026-adopting-the-manual-for-courts-martial-us-army-1949-for-use-the
4399,10024,"December 30, 1948",https://www.presidency.ucsb.edu/documents/executive-order-10024-restoration-lands-location-and-entry-under-the-mining-laws-the
4400,10025,"December 30, 1948",https://www.presidency.ucsb.edu/documents/executive-order-10025-designating-public-international-organizations-entitled-enjoy
4401,10023,"December 20, 1948",https://www.presidency.ucsb.edu/documents/executive-order-10023-amendment-executive-order-9984-july-31-1948-prescribing-regulations
4403,10022,"December 14, 1948",https://www.presidency.ucsb.edu/documents/executive-order-10022-transferring-the-use-possession-and-control-certain-lands-from-the
4404,10020,"December 07, 1948",https://www.presidency.ucsb.edu/documents/executive-order-10020-prescribing-the-manual-for-courts-martial-us-army-1949
4407,10017,"November 10, 1948",https://www.presidency.ucsb.edu/documents/executive-order-10017-amendment-the-regulations-governing-the-appointment-postmasters-the
4408,10016,"November 10, 1948",https://www.presidency.ucsb.edu/documents/executive-order-10016-coat-arms-seal-and-flag-the-vice-president-the-united-states
4410,10014,"November 03, 1948",https://www.presidency.ucsb.edu/documents/executive-order-10014-directing-federal-agencies-cooperate-with-sate-and-local-authorities
4411,10013,"October 27, 1948",https://www.presidency.ucsb.edu/documents/executive-order-10013-establishing-the-presidents-committee-religious-and-moral-welfare
4413,10012,"October 22, 1948",https://www.presidency.ucsb.edu/documents/executive-order-10012-excluding-from-the-provisions-the-classification-act-1923-amended
4414,10009,"October 18, 1948",https://www.presidency.ucsb.edu/documents/executive-order-10009-revoking-part-executive-orders-no-589-march-14-1907-and-no-1712
4415,10010,"October 18, 1948",https://www.presidency.ucsb.edu/documents/executive-order-10010-creating-emergency-board-investigate-disputes-between-the-akron
4417,10007,"October 15, 1948",https://www.presidency.ucsb.edu/documents/executive-order-10007-organization-the-reserve-units-the-armed-forces
4418,10006,"October 09, 1948",https://www.presidency.ucsb.edu/documents/executive-order-10006-preparation-presentation-filing-and-publicaton-executive-orders-and
4421,10003,"October 04, 1948",https://www.presidency.ucsb.edu/documents/executive-order-10003-providing-for-the-investigation-and-report-displaced-persons-seeking
4425,9998,"September 14, 1948",https://www.presidency.ucsb.edu/documents/executive-order-9998-rules-precedence-relating-officers-the-foreign-service-and-other
4426,9999,"September 14, 1948",https://www.presidency.ucsb.edu/documents/executive-order-9999-suspending-certain-statutory-provisions-relating-employment-the-canal
4427,9996,"September 08, 1948",https://www.presidency.ucsb.edu/documents/executive-order-9996-creating-emergency-board-investigate-dispute-between-the-public-belt
4428,9997,"September 08, 1948",https://www.presidency.ucsb.edu/documents/executive-order-9997-amendment-executive-order-no-9805-prescribing-regulations-governing
4429,9995,"September 02, 1948",https://www.presidency.ucsb.edu/documents/executive-order-9995-restoring-cetain-lands-the-schofield-barracks-military-reservation
4431,9993,"August 31, 1948",https://www.presidency.ucsb.edu/documents/executive-order-9993-regulations-relating-commissioned-officers-and-employees-the-public
4433,9991,"August 26, 1948",https://www.presidency.ucsb.edu/documents/executive-order-9991-creating-emergency-board-investigate-dispute-between-the-pittsburgh
4436,9988,"August 20, 1948",https://www.presidency.ucsb.edu/documents/executive-order-9988-prescribing-portions-the-selective-service-regulations
4442,9982,"July 29, 1948",https://www.presidency.ucsb.edu/documents/executive-order-9982-extending-the-provisions-executive-order-no-9870-july-8-1947
4443,9981,"July 26, 1948",https://www.presidency.ucsb.edu/documents/executive-order-9981-establishing-the-presidents-committee-equality-treatment-and
4444,9980,"July 26, 1948",https://www.presidency.ucsb.edu/documents/executive-order-9980-regulations-governing-fair-employment-practices-within-the-federal
4445,9979,"July 20, 1948",https://www.presidency.ucsb.edu/documents/executive-order-9979-prescribing-portions-the-selective-service-regulations-and
4446,9978,"July 17, 1948",https://www.presidency.ucsb.edu/documents/executive-order-9978-transfer-the-district-land-offices-blackfoot-and-coeur-dalene-idaho
4447,9977,"July 14, 1948",https://www.presidency.ucsb.edu/documents/executive-order-9977-discontinuing-certain-district-land-offices
4450,9973-A,"July 02, 1948",https://www.presidency.ucsb.edu/documents/executive-order-9973-exemption-frank-h-wang-from-compulsory-retirement-for-age
4451,9974,"July 01, 1948",https://www.presidency.ucsb.edu/documents/executive-order-9974-extension-executive-order-no-9898-october-14-1947-amended-suspending
4452,9973,"June 28, 1948",https://www.presidency.ucsb.edu/documents/executive-order-9973-amendment-executive-order-no-9830-february-24-1947-amending-the-civil
4453,9972,"June 25, 1948",https://www.presidency.ucsb.edu/documents/executive-order-9972-designating-the-international-joint-commission-united-states-and
4457,9968,"June 17, 1948",https://www.presidency.ucsb.edu/documents/executive-order-9968-designation-certain-officers-act-secretary-labor
4458,9967,"June 12, 1948",https://www.presidency.ucsb.edu/documents/executive-order-9967-designation-certain-officers-act-secrtary-agriculture
4459,9966,"June 04, 1948",https://www.presidency.ucsb.edu/documents/executive-order-9966-exemption-carroll-miller-from-compulsory-retirement-for-age
4460,9964,"June 03, 1948",https://www.presidency.ucsb.edu/documents/executive-order-9964-creating-board-inquiry-report-certain-labor-disputes-affecting-the
4462,9963,"May 28, 1948",https://www.presidency.ucsb.edu/documents/executive-order-9963-exemption-samuel-b-hill-from-compulsory-retirement-for-age
4463,9962,"May 24, 1948",https://www.presidency.ucsb.edu/documents/executive-order-9962-regulations-governing-the-payment-salaries-and-compensation-federal
4464,9961,"May 19, 1948",https://www.presidency.ucsb.edu/documents/executive-order-9961-directing-the-civil-service-commission-make-determinations-with
4465,9960,"May 19, 1948",https://www.presidency.ucsb.edu/documents/executive-order-9960-providing-for-the-administration-aid-and-relief-for-the-people
4466,9959,"May 18, 1948",https://www.presidency.ucsb.edu/documents/executive-order-9959-creating-board-inquiry-report-labor-dispute-affecting-the
4467,9958,"May 15, 1948",https://www.presidency.ucsb.edu/documents/executive-order-9958-creating-emergency-board-investigate-dispute-between-the-national
4468,9957,"May 10, 1948",https://www.presidency.ucsb.edu/documents/executive-order-9957-possession-control-and-operation-certain-railroads
4469,9956,"May 06, 1948",https://www.presidency.ucsb.edu/documents/executive-order-9956-exemption-harry-b-mitchell-from-compulsory-retirement-for-age
4470,9955,"May 06, 1948",https://www.presidency.ucsb.edu/documents/executive-order-9955-regulations-pertaining-promotions-certain-grades-the-regular-corps
4473,9952,"April 22, 1948",https://www.presidency.ucsb.edu/documents/executive-order-9952-termination-reemployment-rights-federal-civilian-employees-who
4474,9950,"April 21, 1948",https://www.presidency.ucsb.edu/documents/executive-order-9950-revoking-executive-order-no-9877-july-26-1947-prescribing-the
4477,9946,"April 10, 1948",https://www.presidency.ucsb.edu/documents/executive-order-9946-regulations-governing-allowances-for-actual-transportation-expenses
4478,9947,"April 10, 1948",https://www.presidency.ucsb.edu/documents/executive-order-9947-creating-emergency-board-investigate-dispute-between-the-pennsylvania
4479,9948,"April 10, 1948",https://www.presidency.ucsb.edu/documents/executive-order-9948-creating-emergency-board-investigate-dispute-between-the-aliquippa
4482,9945,"April 09, 1948",https://www.presidency.ucsb.edu/documents/executive-order-9945-further-amending-executive-order-no-9154-may-1-1942-authorizing
4483,9942,"April 01, 1948",https://www.presidency.ucsb.edu/documents/executive-order-9942-providing-for-the-performance-certain-functions-under-the-rubber-act
4484,9941,"March 26, 1948",https://www.presidency.ucsb.edu/documents/executive-order-9941-authorizing-the-secretary-state-prescribe-rules-and-regulations
4485,9940,"March 25, 1948",https://www.presidency.ucsb.edu/documents/executive-order-9940-creating-emergency-board-investigate-dispute-between-the-railway
4486,9939,"March 23, 1948",https://www.presidency.ucsb.edu/documents/executive-order-9939-creating-board-inquiry-report-labor-dispute-affecting-the-bituminous
4487,9938,"March 22, 1948",https://www.presidency.ucsb.edu/documents/executive-order-9938-revoking-executive-order-no-9544-april-25-1945-authorizing-the
4488,9937,"March 20, 1948",https://www.presidency.ucsb.edu/documents/executive-order-9937-authorizing-the-agencies-participating-the-philippine-rehabilitation
4489,9936,"March 18, 1948",https://www.presidency.ucsb.edu/documents/executive-order-9936-creating-emergency-board-investigate-dispute-between-the-terminal
4490,9935,"March 16, 1948",https://www.presidency.ucsb.edu/documents/executive-order-9935-directing-the-transfer-certain-vessels-the-government-italy
4491,9934-A,"March 15, 1948",https://www.presidency.ucsb.edu/documents/executive-order-9934-creating-board-inquiry-report-labor-dispute-affecting-the-meat
4492,9934,"March 05, 1948",https://www.presidency.ucsb.edu/documents/executive-order-9934-creating-board-inquiry-report-labor-dispute-affecting-the-operation
4493,9932,"February 27, 1948",https://www.presidency.ucsb.edu/documents/executive-order-9932-acquisition-competitive-status-and-reemployment-certain-persons
4494,9933,"February 27, 1948",https://www.presidency.ucsb.edu/documents/executive-order-9933-amending-executive-order-no-9805-prescribing-regulations-governing
4495,9931,"February 19, 1948",https://www.presidency.ucsb.edu/documents/executive-order-9931-amendment-executive-order-no-9905-designating-the-membership-the
4496,9930,"February 04, 1948",https://www.presidency.ucsb.edu/documents/executive-order-9930-authorizing-and-directing-the-publication-the-1949-edition-the-code
4497,9929,"January 27, 1948",https://www.presidency.ucsb.edu/documents/executive-order-9929-creating-emergency-board-invetigate-dispute-between-the-akron-canton
4498,9928,"January 21, 1948",https://www.presidency.ucsb.edu/documents/executive-order-9928-suspending-professional-examinations-for-permanent-promotion-officers
4501,9927,"January 17, 1948",https://www.presidency.ucsb.edu/documents/executive-order-9927-restoring-certain-lands-the-jurisdiction-the-territory-hawaii
4502,9924,"January 13, 1948",https://www.presidency.ucsb.edu/documents/executive-order-9924-designating-the-honorable-martin-travieso-acting-judge-the-district
4505,9921,"January 10, 1948",https://www.presidency.ucsb.edu/documents/executive-order-9921-authorizing-the-philippine-alien-property-adminitrator-transfer
4506,9920,"January 08, 1948",https://www.presidency.ucsb.edu/documents/executive-order-9920-extension-trust-periods-indian-lands-expiring-during-the-calendar
4507,9919,"January 03, 1948",https://www.presidency.ucsb.edu/documents/executive-order-9919-delegating-authority-and-establishing-procedures-under-the-joint
